# https://github.com/mikedh/trimesh

o part.stl
v 0.00115990 0.01848093 0.13450000
v 0.00110823 0.01858049 0.13850000
v 0.00110823 0.01858049 0.13450000
v 0.00115990 0.01848093 0.13850000
v 0.00120243 0.01837715 0.13450000
v 0.00120243 0.01837715 0.13850000
v 0.00123549 0.01826997 0.13450000
v 0.00123549 0.01826997 0.13850000
v 0.00125881 0.01816026 0.13450000
v 0.00125881 0.01816026 0.13850000
v 0.00127220 0.01804890 0.13450000
v 0.00127220 0.01804890 0.13850000
v 0.00127556 0.01793679 0.13450000
v 0.00127556 0.01793679 0.13850000
v 0.00126885 0.01782483 0.13450000
v 0.00126885 0.01782483 0.13850000
v 0.00125214 0.01771392 0.13450000
v 0.00125214 0.01771392 0.13850000
v 0.00122554 0.01760495 0.13450000
v 0.00122554 0.01760495 0.13850000
v 0.00118929 0.01749881 0.13450000
v 0.00118929 0.01749881 0.13850000
v 0.00114367 0.01739635 0.13450000
v 0.00114367 0.01739635 0.13850000
v 0.00108905 0.01729838 0.13450000
v 0.00108905 0.01729838 0.13850000
v 0.00102587 0.01720571 0.13450000
v 0.00102587 0.01720571 0.13850000
v 0.00095463 0.01711907 0.13450000
v 0.00095463 0.01711907 0.13850000
v 0.00087592 0.01703917 0.13450000
v 0.00087592 0.01703917 0.13850000
v 0.00079036 0.01696665 0.13450000
v 0.00079036 0.01696665 0.13850000
v 0.00069864 0.01690209 0.13450000
v 0.00069864 0.01690209 0.13850000
v 0.00060150 0.01684600 0.13450000
v 0.00060150 0.01684600 0.13850000
v 0.00049973 0.01679886 0.13450000
v 0.00049973 0.01679886 0.13850000
v 0.00039414 0.01676102 0.13450000
v 0.00039414 0.01676102 0.13850000
v 0.00028559 0.01673280 0.13450000
v 0.00028559 0.01673280 0.13850000
v 0.00017494 0.01671443 0.13450000
v 0.00017494 0.01671443 0.13850000
v 0.00006309 0.01670605 0.13450000
v 0.00006309 0.01670605 0.13850000
v -0.00004906 0.01670772 0.13450000
v -0.00004906 0.01670772 0.13850000
v -0.00016060 0.01671945 0.13450000
v -0.00016060 0.01671945 0.13850000
v -0.00027065 0.01674113 0.13450000
v -0.00027065 0.01674113 0.13850000
v -0.00037831 0.01677258 0.13450000
v -0.00037831 0.01677258 0.13850000
v -0.00048272 0.01681355 0.13450000
v -0.00048272 0.01681355 0.13850000
v -0.00058304 0.01686373 0.13450000
v -0.00058304 0.01686373 0.13850000
v -0.00067845 0.01692269 0.13450000
v -0.00067845 0.01692269 0.13850000
v -0.00076820 0.01698997 0.13450000
v -0.00076820 0.01698997 0.13850000
v -0.00085155 0.01706502 0.13450000
v -0.00085155 0.01706502 0.13850000
v -0.00092784 0.01714724 0.13450000
v -0.00092784 0.01714724 0.13850000
v -0.00099645 0.01723597 0.13450000
v -0.00099645 0.01723597 0.13850000
v -0.00105683 0.01733049 0.13850000
v -0.00105683 0.01733049 0.13450000
v 0.00033345 0.01800975 0.13906331
v 0.00002570 0.01795549 0.13925108
v 0.00031935 0.01806237 0.13906331
v 0.00033820 0.01795549 0.13906331
v 0.00033345 0.01790122 0.13906331
v 0.00061301 0.01816925 0.13887553
v 0.00031935 0.01784861 0.13906331
v 0.00064120 0.01806402 0.13887553
v 0.00029633 0.01779924 0.13906331
v 0.00065070 0.01795549 0.13887553
v 0.00026509 0.01775462 0.13906331
v 0.00064120 0.01784696 0.13887553
v 0.00090666 0.01827613 0.13868777
v 0.00022657 0.01771610 0.13906331
v 0.00061301 0.01774172 0.13887553
v 0.00094896 0.01811828 0.13868777
v 0.00018195 0.01768485 0.13906331
v 0.00056697 0.01764299 0.13887553
v 0.00096320 0.01795549 0.13868777
v 0.00013258 0.01766183 0.13906331
v 0.00050448 0.01755375 0.13887553
v 0.00094896 0.01779269 0.13868777
v 0.00007996 0.01764773 0.13906331
v 0.00042744 0.01747671 0.13887553
v 0.00090666 0.01763484 0.13868777
v 0.00002570 0.01764299 0.13906331
v 0.00033820 0.01741422 0.13887553
v 0.00083760 0.01748674 0.13868777
v -0.00002857 0.01764773 0.13906331
v 0.00023946 0.01736818 0.13887553
v 0.00074387 0.01735287 0.13868777
v -0.00008118 0.01766183 0.13906331
v 0.00013423 0.01733998 0.13887553
v 0.00062831 0.01723732 0.13868777
v -0.00013055 0.01768485 0.13906331
v 0.00002570 0.01733049 0.13887553
v 0.00049445 0.01714359 0.13868777
v -0.00017517 0.01771610 0.13906331
v -0.00008283 0.01733998 0.13887553
v 0.00034634 0.01707453 0.13868777
v -0.00021369 0.01775462 0.13906331
v -0.00018806 0.01736818 0.13887553
v 0.00018849 0.01703223 0.13868777
v -0.00028680 0.01741422 0.13887553
v 0.00002570 0.01701799 0.13868777
v -0.00037604 0.01747671 0.13887553
v -0.00013710 0.01703223 0.13868777
v -0.00045308 0.01755375 0.13887553
v -0.00029494 0.01707453 0.13868777
v -0.00044305 0.01714359 0.13868777
v -0.00057691 0.01723732 0.13868777
v -0.00069247 0.01735287 0.13868777
v 0.00023140 0.01261933 0.14050000
v 0.00011064 0.01280837 0.13760001
v 0.00011064 0.01280837 0.14050000
v 0.00023140 0.01261933 0.13760001
v 0.00036863 0.01244187 0.14050000
v 0.00036863 0.01244187 0.13760001
v 0.00052120 0.01227743 0.14050000
v 0.00052120 0.01227743 0.13760001
v 0.00068791 0.01212733 0.14050000
v 0.00068791 0.01212733 0.13760001
v 0.00086740 0.01199278 0.14050000
v 0.00086740 0.01199278 0.13760001
v 0.00105823 0.01187485 0.14050000
v 0.00105823 0.01187485 0.13760001
v 0.00125886 0.01177451 0.14050000
v 0.00125886 0.01177451 0.13760001
v 0.00146768 0.01169255 0.14050000
v 0.00146768 0.01169255 0.13760001
v 0.00168300 0.01162965 0.14050000
v 0.00168300 0.01162965 0.13760001
v 0.00190309 0.01158630 0.14050000
v 0.00190309 0.01158630 0.13760001
v 0.00212619 0.01156285 0.14050000
v 0.00212619 0.01156285 0.13760001
v 0.00235049 0.01155949 0.14050000
v 0.00235049 0.01155949 0.13760001
v 0.00257419 0.01157625 0.13760001
v 0.00257419 0.01157625 0.14050000
v 0.00279548 0.01161300 0.14050000
v 0.00279548 0.01161300 0.13760001
v 0.00301259 0.01166944 0.13760001
v 0.00301259 0.01166944 0.14050000
v 0.00322376 0.01174511 0.14050000
v 0.00322376 0.01174511 0.13760001
v 0.00342731 0.01183941 0.14050000
v 0.00342731 0.01183941 0.13760001
v 0.00362158 0.01195157 0.14050000
v 0.00362158 0.01195157 0.13760001
v 0.00380501 0.01208070 0.14050000
v 0.00380501 0.01208070 0.13760001
v 0.00397613 0.01222574 0.14050000
v 0.00397613 0.01222574 0.13760001
v 0.00413356 0.01238555 0.14050000
v 0.00413356 0.01238555 0.13760001
v 0.00427603 0.01255882 0.14050000
v 0.00427603 0.01255882 0.13760001
v 0.00440240 0.01274416 0.14050000
v 0.00440240 0.01274416 0.13760001
v 0.00451164 0.01294009 0.14050000
v 0.00451164 0.01294009 0.13760001
v 0.00460288 0.01314502 0.14050000
v 0.00460288 0.01314502 0.13760001
v 0.00467539 0.01335730 0.14050000
v 0.00467539 0.01335730 0.13760001
v 0.00472857 0.01357523 0.14050000
v 0.00472857 0.01357523 0.13760001
v 0.00476200 0.01379705 0.14050000
v 0.00476200 0.01379705 0.13760001
v 0.00477542 0.01402097 0.14050000
v 0.00477542 0.01402097 0.13760001
v 0.00476871 0.01424520 0.14050000
v 0.00476871 0.01424520 0.13760001
v 0.00474193 0.01446792 0.14050000
v 0.00474193 0.01446792 0.13760001
v 0.00469529 0.01468734 0.13760001
v 0.00469529 0.01468734 0.14050000
v 0.00462917 0.01490170 0.14050000
v 0.00462917 0.01490170 0.13760001
v 0.00454410 0.01510927 0.14050000
v 0.00454410 0.01510927 0.13760001
v 0.00444076 0.01530837 0.14050000
v 0.00444076 0.01530837 0.13760001
v 0.00109001 0.01322373 0.13760001
v 0.00101996 0.01333337 0.13450000
v 0.00101996 0.01333337 0.13760001
v 0.00109001 0.01322373 0.13450000
v 0.00116960 0.01312080 0.13760001
v 0.00116960 0.01312080 0.13450000
v 0.00125809 0.01302543 0.13760001
v 0.00125809 0.01302543 0.13450000
v 0.00135478 0.01293837 0.13760001
v 0.00135478 0.01293837 0.13450000
v 0.00145889 0.01286033 0.13760001
v 0.00145889 0.01286033 0.13450000
v 0.00156957 0.01279193 0.13760001
v 0.00156957 0.01279193 0.13450000
v 0.00168593 0.01273373 0.13760001
v 0.00168593 0.01273373 0.13450000
v 0.00180705 0.01268620 0.13760001
v 0.00180705 0.01268620 0.13450000
v 0.00193193 0.01264971 0.13760001
v 0.00193193 0.01264971 0.13450000
v 0.00205959 0.01262457 0.13760001
v 0.00205959 0.01262457 0.13450000
v 0.00218898 0.01261097 0.13760001
v 0.00218898 0.01261097 0.13450000
v 0.00231908 0.01260902 0.13450000
v 0.00231908 0.01260902 0.13760001
v 0.00244882 0.01261874 0.13450000
v 0.00244882 0.01261874 0.13760001
v 0.00257717 0.01264006 0.13450000
v 0.00257717 0.01264006 0.13760001
v 0.00270309 0.01267279 0.13760001
v 0.00270309 0.01267279 0.13450000
v 0.00282558 0.01271668 0.13760001
v 0.00282558 0.01271668 0.13450000
v 0.00294363 0.01277137 0.13450000
v 0.00294363 0.01277137 0.13760001
v 0.00305631 0.01283643 0.13760001
v 0.00305631 0.01283643 0.13450000
v 0.00316270 0.01291132 0.13450000
v 0.00316270 0.01291132 0.13760001
v 0.00326195 0.01299545 0.13450000
v 0.00326195 0.01299545 0.13760001
v 0.00335326 0.01308813 0.13450000
v 0.00335326 0.01308813 0.13760001
v 0.00343589 0.01318863 0.13760001
v 0.00343589 0.01318863 0.13450000
v 0.00350919 0.01329613 0.13760001
v 0.00350919 0.01329613 0.13450000
v 0.00357255 0.01340977 0.13760001
v 0.00357255 0.01340977 0.13450000
v 0.00362547 0.01352863 0.13760001
v 0.00362547 0.01352863 0.13450000
v 0.00366752 0.01365175 0.13450000
v 0.00366752 0.01365175 0.13760001
v 0.00369836 0.01377815 0.13450000
v 0.00369836 0.01377815 0.13760001
v 0.00371776 0.01390681 0.13760001
v 0.00371776 0.01390681 0.13450000
v 0.00372554 0.01403668 0.13760001
v 0.00372554 0.01403668 0.13450000
v 0.00372165 0.01416673 0.13760001
v 0.00372165 0.01416673 0.13450000
v 0.00370611 0.01429591 0.13760001
v 0.00370611 0.01429591 0.13450000
v 0.00367906 0.01442317 0.13760001
v 0.00367906 0.01442317 0.13450000
v 0.00364071 0.01454750 0.13760001
v 0.00364071 0.01454750 0.13450000
v 0.00359137 0.01466789 0.13760001
v 0.00359137 0.01466789 0.13450000
v 0.00353144 0.01478337 0.13760001
v 0.00353144 0.01478337 0.13450000
v -0.00888936 0.02839683 0.14050000
v -0.00876860 0.02820779 0.13760001
v -0.00888936 0.02839683 0.13760001
v -0.00876860 0.02820779 0.14050000
v -0.00863137 0.02803033 0.13760001
v -0.00863137 0.02803033 0.14050000
v -0.00847880 0.02786589 0.13760001
v -0.00847880 0.02786589 0.14050000
v -0.00831209 0.02771579 0.13760001
v -0.00831209 0.02771579 0.14050000
v -0.00813260 0.02758123 0.13760001
v -0.00813260 0.02758123 0.14050000
v -0.00794177 0.02746331 0.13760001
v -0.00794177 0.02746331 0.14050000
v -0.00774114 0.02736297 0.13760001
v -0.00774114 0.02736297 0.14050000
v -0.00753232 0.02728101 0.13760001
v -0.00753232 0.02728101 0.14050000
v -0.00731700 0.02721811 0.13760001
v -0.00731700 0.02721811 0.14050000
v -0.00709691 0.02717475 0.13760001
v -0.00709691 0.02717475 0.14050000
v -0.00687381 0.02715130 0.13760001
v -0.00687381 0.02715130 0.14050000
v -0.00664951 0.02714795 0.13760001
v -0.00664951 0.02714795 0.14050000
v -0.00642581 0.02716471 0.13760001
v -0.00642581 0.02716471 0.14050000
v -0.00620452 0.02720146 0.13760001
v -0.00620452 0.02720146 0.14050000
v -0.00598741 0.02725790 0.13760001
v -0.00598741 0.02725790 0.14050000
v -0.00577624 0.02733357 0.13760001
v -0.00577624 0.02733357 0.14050000
v -0.00557269 0.02742787 0.13760001
v -0.00557269 0.02742787 0.14050000
v -0.00537842 0.02754003 0.14050000
v -0.00537842 0.02754003 0.13760001
v -0.00519499 0.02766915 0.14050000
v -0.00519499 0.02766915 0.13760001
v -0.00502387 0.02781420 0.14050000
v -0.00502387 0.02781420 0.13760001
v -0.00486644 0.02797400 0.14050000
v -0.00486644 0.02797400 0.13760001
v -0.00472397 0.02814728 0.13760001
v -0.00472397 0.02814728 0.14050000
v -0.00459760 0.02833262 0.14050000
v -0.00459760 0.02833262 0.13760001
v -0.00448836 0.02852855 0.13760001
v -0.00448836 0.02852855 0.14050000
v -0.00439712 0.02873348 0.14050000
v -0.00439712 0.02873348 0.13760001
v -0.00432461 0.02894576 0.14050000
v -0.00432461 0.02894576 0.13760001
v -0.00427143 0.02916369 0.14050000
v -0.00427143 0.02916369 0.13760001
v -0.00423800 0.02938551 0.14050000
v -0.00423800 0.02938551 0.13760001
v -0.00422458 0.02960943 0.14050000
v -0.00422458 0.02960943 0.13760001
v -0.00423129 0.02983365 0.13760001
v -0.00423129 0.02983365 0.14050000
v -0.00425807 0.03005638 0.13760001
v -0.00425807 0.03005638 0.14050000
v -0.00430471 0.03027580 0.13760001
v -0.00430471 0.03027580 0.14050000
v -0.00437083 0.03049015 0.14050000
v -0.00437083 0.03049015 0.13760001
v -0.00445590 0.03069772 0.13760001
v -0.00445590 0.03069772 0.14050000
v -0.00455924 0.03089683 0.14050000
v -0.00455924 0.03089683 0.13760001
v -0.00798004 0.02892183 0.13760001
v -0.00790999 0.02881219 0.13450000
v -0.00798004 0.02892183 0.13450000
v -0.00790999 0.02881219 0.13760001
v -0.00783040 0.02870926 0.13450000
v -0.00783040 0.02870926 0.13760001
v -0.00774191 0.02861388 0.13450000
v -0.00774191 0.02861388 0.13760001
v -0.00764522 0.02852682 0.13450000
v -0.00764522 0.02852682 0.13760001
v -0.00754111 0.02844878 0.13450000
v -0.00754111 0.02844878 0.13760001
v -0.00743043 0.02838039 0.13450000
v -0.00743043 0.02838039 0.13760001
v -0.00731407 0.02832219 0.13450000
v -0.00731407 0.02832219 0.13760001
v -0.00719295 0.02827465 0.13450000
v -0.00719295 0.02827465 0.13760001
v -0.00706807 0.02823817 0.13450000
v -0.00706807 0.02823817 0.13760001
v -0.00694041 0.02821303 0.13450000
v -0.00694041 0.02821303 0.13760001
v -0.00681102 0.02819942 0.13450000
v -0.00681102 0.02819942 0.13760001
v -0.00668092 0.02819748 0.13450000
v -0.00668092 0.02819748 0.13760001
v -0.00655118 0.02820720 0.13450000
v -0.00655118 0.02820720 0.13760001
v -0.00642283 0.02822852 0.13450000
v -0.00642283 0.02822852 0.13760001
v -0.00629691 0.02826125 0.13450000
v -0.00629691 0.02826125 0.13760001
v -0.00617442 0.02830514 0.13450000
v -0.00617442 0.02830514 0.13760001
v -0.00605637 0.02835983 0.13450000
v -0.00605637 0.02835983 0.13760001
v -0.00594369 0.02842488 0.13450000
v -0.00594369 0.02842488 0.13760001
v -0.00583730 0.02849978 0.13450000
v -0.00583730 0.02849978 0.13760001
v -0.00573805 0.02858390 0.13760001
v -0.00573805 0.02858390 0.13450000
v -0.00564674 0.02867659 0.13450000
v -0.00564674 0.02867659 0.13760001
v -0.00556411 0.02877709 0.13450000
v -0.00556411 0.02877709 0.13760001
v -0.00549081 0.02888459 0.13450000
v -0.00549081 0.02888459 0.13760001
v -0.00542745 0.02899823 0.13450000
v -0.00542745 0.02899823 0.13760001
v -0.00537453 0.02911708 0.13450000
v -0.00537453 0.02911708 0.13760001
v -0.00533248 0.02924021 0.13450000
v -0.00533248 0.02924021 0.13760001
v -0.00530164 0.02936661 0.13450000
v -0.00530164 0.02936661 0.13760001
v -0.00528224 0.02949526 0.13760001
v -0.00528224 0.02949526 0.13450000
v -0.00527446 0.02962514 0.13450000
v -0.00527446 0.02962514 0.13760001
v -0.00527835 0.02975519 0.13450000
v -0.00527835 0.02975519 0.13760001
v -0.00529389 0.02988437 0.13760001
v -0.00529389 0.02988437 0.13450000
v -0.00532094 0.03001163 0.13450000
v -0.00532094 0.03001163 0.13760001
v -0.00535929 0.03013596 0.13450000
v -0.00535929 0.03013596 0.13760001
v -0.00540863 0.03025635 0.13450000
v -0.00540863 0.03025635 0.13760001
v -0.00546856 0.03037183 0.13450000
v -0.00546856 0.03037183 0.13760001
v -0.00426860 0.02041356 0.14050000
v -0.00438936 0.02060260 0.13760001
v -0.00438936 0.02060260 0.14050000
v -0.00426860 0.02041356 0.13760001
v -0.00413137 0.02023610 0.14050000
v -0.00413137 0.02023610 0.13760001
v -0.00397880 0.02007166 0.14050000
v -0.00397880 0.02007166 0.13760001
v -0.00381209 0.01992156 0.13760001
v -0.00381209 0.01992156 0.14050000
v -0.00363260 0.01978700 0.13760001
v -0.00363260 0.01978700 0.14050000
v -0.00344177 0.01966908 0.14050000
v -0.00344177 0.01966908 0.13760001
v -0.00324114 0.01956874 0.13760001
v -0.00324114 0.01956874 0.14050000
v -0.00303232 0.01948678 0.14050000
v -0.00303232 0.01948678 0.13760001
v -0.00281700 0.01942388 0.13760001
v -0.00281700 0.01942388 0.14050000
v -0.00259691 0.01938052 0.14050000
v -0.00259691 0.01938052 0.13760001
v -0.00237381 0.01935708 0.13760001
v -0.00237381 0.01935708 0.14050000
v -0.00214951 0.01935372 0.13760001
v -0.00214951 0.01935372 0.14050000
v -0.00192581 0.01937048 0.14050000
v -0.00192581 0.01937048 0.13760001
v -0.00170452 0.01940723 0.13760001
v -0.00170452 0.01940723 0.14050000
v -0.00148741 0.01946367 0.14050000
v -0.00148741 0.01946367 0.13760001
v -0.00127624 0.01953934 0.14050000
v -0.00127624 0.01953934 0.13760001
v -0.00107269 0.01963364 0.13760001
v -0.00107269 0.01963364 0.14050000
v -0.00087842 0.01974580 0.14050000
v -0.00087842 0.01974580 0.13760001
v -0.00069499 0.01987492 0.13760001
v -0.00069499 0.01987492 0.14050000
v -0.00052387 0.02001997 0.14050000
v -0.00052387 0.02001997 0.13760001
v -0.00036644 0.02017978 0.13760001
v -0.00036644 0.02017978 0.14050000
v -0.00022397 0.02035305 0.13760001
v -0.00022397 0.02035305 0.14050000
v -0.00009760 0.02053839 0.14050000
v -0.00009760 0.02053839 0.13760001
v 0.00001164 0.02073432 0.14050000
v 0.00001164 0.02073432 0.13760001
v 0.00010288 0.02093925 0.14050000
v 0.00010288 0.02093925 0.13760001
v 0.00017539 0.02115153 0.14050000
v 0.00017539 0.02115153 0.13760001
v 0.00022857 0.02136946 0.14050000
v 0.00022857 0.02136946 0.13760001
v 0.00026200 0.02159128 0.14050000
v 0.00026200 0.02159128 0.13760001
v 0.00027542 0.02181520 0.14050000
v 0.00027542 0.02181520 0.13760001
v 0.00026871 0.02203943 0.14050000
v 0.00026871 0.02203943 0.13760001
v 0.00024193 0.02226215 0.14050000
v 0.00024193 0.02226215 0.13760001
v 0.00019529 0.02248157 0.14050000
v 0.00019529 0.02248157 0.13760001
v 0.00012917 0.02269593 0.13760001
v 0.00012917 0.02269593 0.14050000
v 0.00004410 0.02290349 0.13760001
v 0.00004410 0.02290349 0.14050000
v -0.00005924 0.02310260 0.14050000
v -0.00005924 0.02310260 0.13760001
v -0.00340999 0.02101796 0.13760001
v -0.00348004 0.02112760 0.13450000
v -0.00348004 0.02112760 0.13760001
v -0.00340999 0.02101796 0.13450000
v -0.00333040 0.02091503 0.13760001
v -0.00333040 0.02091503 0.13450000
v -0.00324191 0.02081966 0.13760001
v -0.00324191 0.02081966 0.13450000
v -0.00314522 0.02073260 0.13760001
v -0.00314522 0.02073260 0.13450000
v -0.00304111 0.02065455 0.13760001
v -0.00304111 0.02065455 0.13450000
v -0.00293043 0.02058616 0.13760001
v -0.00293043 0.02058616 0.13450000
v -0.00281407 0.02052796 0.13760001
v -0.00281407 0.02052796 0.13450000
v -0.00269295 0.02048043 0.13760001
v -0.00269295 0.02048043 0.13450000
v -0.00256807 0.02044394 0.13760001
v -0.00256807 0.02044394 0.13450000
v -0.00244041 0.02041880 0.13760001
v -0.00244041 0.02041880 0.13450000
v -0.00231102 0.02040520 0.13760001
v -0.00231102 0.02040520 0.13450000
v -0.00218092 0.02040325 0.13760001
v -0.00218092 0.02040325 0.13450000
v -0.00205118 0.02041297 0.13760001
v -0.00205118 0.02041297 0.13450000
v -0.00192283 0.02043429 0.13760001
v -0.00192283 0.02043429 0.13450000
v -0.00179691 0.02046702 0.13760001
v -0.00179691 0.02046702 0.13450000
v -0.00167442 0.02051091 0.13760001
v -0.00167442 0.02051091 0.13450000
v -0.00155637 0.02056560 0.13760001
v -0.00155637 0.02056560 0.13450000
v -0.00144369 0.02063066 0.13760001
v -0.00144369 0.02063066 0.13450000
v -0.00133730 0.02070555 0.13760001
v -0.00133730 0.02070555 0.13450000
v -0.00123805 0.02078968 0.13760001
v -0.00123805 0.02078968 0.13450000
v -0.00114674 0.02088236 0.13760001
v -0.00114674 0.02088236 0.13450000
v -0.00106411 0.02098286 0.13760001
v -0.00106411 0.02098286 0.13450000
v -0.00099081 0.02109036 0.13760001
v -0.00099081 0.02109036 0.13450000
v -0.00092745 0.02120400 0.13760001
v -0.00092745 0.02120400 0.13450000
v -0.00087453 0.02132286 0.13760001
v -0.00087453 0.02132286 0.13450000
v -0.00083248 0.02144598 0.13760001
v -0.00083248 0.02144598 0.13450000
v -0.00080164 0.02157238 0.13760001
v -0.00080164 0.02157238 0.13450000
v -0.00078224 0.02170103 0.13760001
v -0.00078224 0.02170103 0.13450000
v -0.00077446 0.02183091 0.13760001
v -0.00077446 0.02183091 0.13450000
v -0.00077835 0.02196096 0.13760001
v -0.00077835 0.02196096 0.13450000
v -0.00079389 0.02209014 0.13760001
v -0.00079389 0.02209014 0.13450000
v -0.00082094 0.02221740 0.13760001
v -0.00082094 0.02221740 0.13450000
v -0.00085929 0.02234173 0.13760001
v -0.00085929 0.02234173 0.13450000
v -0.00090863 0.02246212 0.13760001
v -0.00090863 0.02246212 0.13450000
v -0.00096856 0.02257760 0.13760001
v -0.00096856 0.02257760 0.13450000
v -0.01334866 0.01312055 0.14050000
v -0.01313059 0.01274285 0.13801718
v -0.01320450 0.01287086 0.13961078
v -0.01324866 0.01294735 0.14009436
v -0.01327396 0.01299118 0.14027806
v -0.01328708 0.01301390 0.14035031
v -0.01329692 0.01303093 0.14039479
v -0.01330574 0.01304621 0.14042786
v -0.01331306 0.01305889 0.14045049
v -0.01332209 0.01307454 0.14047249
v -0.01333105 0.01309005 0.14048793
v -0.02059866 0.02567792 0.13450000
v -0.01309866 0.01268754 0.13564087
v -0.01309866 0.01268754 0.13450000
v -0.02033347 0.02521860 0.14050000
v -0.02059866 0.02567792 0.13993367
v -0.02053904 0.02557467 0.14010039
v -0.02036303 0.02526980 0.14048041
v -0.02035006 0.02524734 0.14049297
v -0.02048509 0.02548121 0.14023994
v -0.02037624 0.02529269 0.14046332
v -0.02039433 0.02532402 0.14043478
v -0.02042499 0.02537712 0.14037669
v -0.01075372 0.01462845 0.16950000
v -0.01074320 0.01460818 0.16950000
v -0.01071904 0.01457256 0.16950000
v -0.01076359 0.01464938 0.16950000
v -0.01069100 0.01453814 0.16950000
v -0.01077779 0.01468392 0.16950000
v -0.01066244 0.01450867 0.16950000
v -0.01063413 0.01448374 0.16950000
v -0.01060349 0.01446064 0.16950000
v -0.01057067 0.01443969 0.16950000
v -0.01078997 0.01471985 0.16950000
v -0.01053591 0.01442117 0.16950000
v -0.01049949 0.01440531 0.16950000
v -0.01046172 0.01439233 0.16950000
v -0.01042295 0.01438238 0.16950000
v -0.01038355 0.01437556 0.16950000
v -0.01034389 0.01437190 0.16950000
v -0.01030435 0.01437139 0.16950000
v -0.01079990 0.01475699 0.16950000
v -0.01026530 0.01437394 0.16950000
v -0.01022707 0.01437941 0.16950000
v -0.01018998 0.01438764 0.16950000
v -0.01015429 0.01439840 0.16950000
v -0.01012022 0.01441145 0.16950000
v -0.01009201 0.01442448 0.16950000
v -0.01006526 0.01443887 0.16950000
v -0.01080736 0.01479509 0.16950000
v -0.01061668 0.01527338 0.16950000
v -0.01064755 0.01524989 0.16950000
v -0.01067693 0.01522318 0.16950000
v -0.01070175 0.01519642 0.16950000
v -0.01058473 0.01529365 0.16950000
v -0.01072647 0.01516475 0.16950000
v -0.01074810 0.01513137 0.16950000
v -0.01076575 0.01509838 0.16950000
v -0.01078088 0.01506360 0.16950000
v -0.01079333 0.01502731 0.16950000
v -0.01080295 0.01498979 0.16950000
v -0.01080966 0.01495136 0.16950000
v -0.01081343 0.01491234 0.16950000
v -0.01081425 0.01487307 0.16950000
v -0.01081220 0.01483388 0.16950000
v -0.00708630 0.01731347 0.16950000
v -0.00660578 0.01643620 0.16950000
v -0.00644226 0.01715081 0.16950000
v -0.00636625 0.01698239 0.16950000
v -0.00637584 0.01701823 0.16950000
v -0.00638778 0.01705251 0.16950000
v -0.00639990 0.01708095 0.16950000
v -0.00641343 0.01710797 0.16950000
v -0.00647558 0.01719204 0.16950000
v -0.00639431 0.01667425 0.16950000
v -0.00638004 0.01671159 0.16950000
v -0.00636877 0.01675000 0.16950000
v -0.00636061 0.01678912 0.16950000
v -0.00635562 0.01682857 0.16950000
v -0.00635379 0.01686798 0.16950000
v -0.00635503 0.01690697 0.16950000
v -0.00635924 0.01694521 0.16950000
v -0.00650930 0.01722709 0.16950000
v -0.00656927 0.01645942 0.16950000
v -0.00653384 0.01648655 0.16950000
v -0.00650334 0.01651430 0.16950000
v -0.00647741 0.01654192 0.16950000
v -0.00645324 0.01657192 0.16950000
v -0.00643115 0.01660412 0.16950000
v -0.00641142 0.01663832 0.16950000
v -0.00697144 0.01736010 0.16950000
v -0.00700659 0.01734969 0.16950000
v -0.00704267 0.01733561 0.16950000
v -0.00654254 0.01725644 0.16950000
v -0.00693375 0.01736791 0.16950000
v -0.00706496 0.01732504 0.16950000
v -0.00657828 0.01728328 0.16950000
v -0.00689772 0.01737231 0.16950000
v -0.00661625 0.01730719 0.16950000
v -0.00686084 0.01737383 0.16950000
v -0.00665610 0.01732782 0.16950000
v -0.00682040 0.01737210 0.16950000
v -0.00669745 0.01734486 0.16950000
v -0.00677851 0.01736658 0.16950000
v -0.00673984 0.01735807 0.16950000
v -0.02018281 0.02591801 0.14050000
v -0.01148823 0.03093783 0.14050000
v -0.00400539 0.01793754 0.13450000
v -0.00400539 0.01793754 0.14047421
v 0.00648980 0.01475933 0.14050000
v -0.00401020 0.03294587 0.13450000
v -0.00401020 0.03294587 0.14050000
v 0.00648980 0.01475933 0.13450000
v -0.02055065 0.02570564 0.14007660
v -0.02050570 0.02573159 0.14018291
v -0.02046470 0.02575526 0.14026254
v -0.02042558 0.02577784 0.14032581
v -0.02039272 0.02579681 0.14037047
v -0.02036165 0.02581475 0.14040619
v -0.02033336 0.02583109 0.14043352
v -0.02030851 0.02584544 0.14045357
v -0.02028248 0.02586046 0.14047070
v -0.02026548 0.02587028 0.14047977
v -0.02023741 0.02588649 0.14049112
v -0.02020980 0.02590243 0.14049780
v -0.00674225 0.03367792 0.13450000
v -0.00674225 0.03367792 0.14050000
v 0.00575775 0.01202728 0.14050000
v 0.00315967 0.01052728 0.13450000
v 0.00575775 0.01202728 0.13450000
v 0.00315967 0.01052728 0.14050000
v 0.00042762 0.01125933 0.13450000
v 0.00096003 0.01344885 0.13450000
v 0.00091069 0.01356924 0.13450000
v 0.00087234 0.01369357 0.13450000
v 0.00084529 0.01382084 0.13450000
v 0.00338180 0.01499594 0.13450000
v 0.00329331 0.01509132 0.13450000
v 0.00319662 0.01517838 0.13450000
v 0.00309251 0.01525642 0.13450000
v 0.00346139 0.01489302 0.13450000
v 0.00092593 0.01458812 0.13450000
v 0.00088388 0.01446499 0.13450000
v 0.00085303 0.01433859 0.13450000
v 0.00097885 0.01470698 0.13450000
v 0.00083364 0.01420994 0.13450000
v 0.00104221 0.01482061 0.13450000
v 0.00082586 0.01408006 0.13450000
v 0.00111551 0.01492811 0.13450000
v 0.00082975 0.01395001 0.13450000
v 0.00119814 0.01502861 0.13450000
v 0.00128945 0.01512130 0.13450000
v 0.00138870 0.01520543 0.13450000
v 0.00149509 0.01528032 0.13450000
v 0.00160777 0.01534537 0.13450000
v -0.00351394 0.01800382 0.13450000
v -0.00355620 0.01799731 0.13450000
v -0.00359878 0.01799441 0.13450000
v -0.00364154 0.01799512 0.13450000
v -0.00347214 0.01801392 0.13450000
v -0.00368432 0.01799945 0.13450000
v -0.00372573 0.01800364 0.13450000
v -0.00110850 0.01743004 0.13450000
v 0.00172582 0.01540006 0.13450000
v -0.00115103 0.01753382 0.13450000
v 0.00184830 0.01544395 0.13450000
v -0.00118409 0.01764100 0.13450000
v 0.00197423 0.01547669 0.13450000
v -0.00120741 0.01775072 0.13450000
v 0.00210258 0.01549800 0.13450000
v -0.00122081 0.01786207 0.13450000
v 0.00223232 0.01550772 0.13450000
v -0.00122416 0.01797419 0.13450000
v 0.00236242 0.01550578 0.13450000
v -0.00121745 0.01808615 0.13450000
v 0.00249181 0.01549218 0.13450000
v -0.00120074 0.01819706 0.13450000
v 0.00261947 0.01546703 0.13450000
v -0.00117414 0.01830602 0.13450000
v 0.00274435 0.01543055 0.13450000
v -0.00113789 0.01841216 0.13450000
v 0.00286547 0.01538301 0.13450000
v 0.00298183 0.01532481 0.13450000
v 0.00104785 0.01867501 0.13450000
v -0.00109227 0.01851463 0.13450000
v -0.00376735 0.01800438 0.13450000
v -0.00103765 0.01861259 0.13450000
v -0.00380889 0.01800165 0.13450000
v -0.00097447 0.01870527 0.13450000
v -0.00385006 0.01799548 0.13450000
v -0.00389057 0.01798590 0.13450000
v -0.00090323 0.01879190 0.13450000
v -0.00393014 0.01797299 0.13450000
v -0.00082452 0.01887180 0.13450000
v -0.00396850 0.01795683 0.13450000
v -0.00073896 0.01894433 0.13450000
v -0.00064724 0.01900889 0.13450000
v -0.00055010 0.01906497 0.13450000
v -0.00044833 0.01911212 0.13450000
v -0.00353997 0.02124308 0.13450000
v -0.00034274 0.01914995 0.13450000
v -0.00358931 0.02136347 0.13450000
v -0.00023419 0.01917817 0.13450000
v -0.00362766 0.02148780 0.13450000
v -0.00012354 0.01919654 0.13450000
v -0.00365471 0.02161506 0.13450000
v -0.00001169 0.01920493 0.13450000
v 0.00010045 0.01920325 0.13450000
v 0.00021200 0.01919152 0.13450000
v 0.00032205 0.01916985 0.13450000
v 0.00042971 0.01913840 0.13450000
v 0.00053412 0.01909742 0.13450000
v 0.00063444 0.01904725 0.13450000
v 0.00072985 0.01898829 0.13450000
v 0.00081959 0.01892101 0.13450000
v 0.00090295 0.01884596 0.13450000
v 0.00097924 0.01876374 0.13450000
v -0.00452065 0.02410234 0.13450000
v -0.00357407 0.02238235 0.13450000
v -0.00361612 0.02225922 0.13450000
v -0.00462831 0.02413379 0.13450000
v -0.00364697 0.02213282 0.13450000
v -0.00441060 0.02408066 0.13450000
v -0.00352115 0.02250121 0.13450000
v -0.00473272 0.02417477 0.13450000
v -0.00366636 0.02200417 0.13450000
v -0.00429906 0.02406894 0.13450000
v -0.00345779 0.02261484 0.13450000
v -0.00483304 0.02422494 0.13450000
v -0.00367414 0.02187429 0.13450000
v -0.00418691 0.02406726 0.13450000
v -0.00338449 0.02272234 0.13450000
v -0.00492845 0.02428391 0.13450000
v -0.00407506 0.02407564 0.13450000
v -0.00330186 0.02282284 0.13450000
v -0.00501820 0.02435118 0.13450000
v -0.00367025 0.02174424 0.13450000
v -0.00396441 0.02409402 0.13450000
v -0.00321055 0.02291553 0.13450000
v -0.00510155 0.02442623 0.13450000
v -0.00385586 0.02412224 0.13450000
v -0.00311130 0.02299965 0.13450000
v -0.00517784 0.02450845 0.13450000
v -0.00375027 0.02416007 0.13450000
v -0.00300491 0.02307455 0.13450000
v -0.00524645 0.02459718 0.13450000
v -0.00364850 0.02420722 0.13450000
v -0.00530683 0.02469170 0.13450000
v -0.00355136 0.02426330 0.13450000
v -0.00289223 0.02313960 0.13450000
v -0.00345965 0.02432786 0.13450000
v -0.00277418 0.02319429 0.13450000
v -0.00337408 0.02440039 0.13450000
v -0.00265170 0.02323818 0.13450000
v -0.00329537 0.02448029 0.13450000
v -0.00252577 0.02327092 0.13450000
v -0.00322413 0.02456693 0.13450000
v -0.00239742 0.02329223 0.13450000
v -0.00316095 0.02465960 0.13450000
v -0.00226768 0.02330195 0.13450000
v -0.00310633 0.02475756 0.13450000
v -0.00213758 0.02330000 0.13450000
v -0.00580683 0.02555773 0.13450000
v -0.00306071 0.02486003 0.13450000
v -0.00200819 0.02328641 0.13450000
v -0.00585850 0.02565728 0.13450000
v -0.00302446 0.02496617 0.13450000
v -0.00188053 0.02326126 0.13450000
v -0.00590103 0.02576107 0.13450000
v -0.00299786 0.02507513 0.13450000
v -0.00175565 0.02322478 0.13450000
v -0.00298115 0.02518604 0.13450000
v -0.00163453 0.02317724 0.13450000
v -0.00297444 0.02529800 0.13450000
v -0.00151817 0.02311904 0.13450000
v -0.00297780 0.02541012 0.13450000
v -0.00299119 0.02552147 0.13450000
v -0.00140749 0.02305065 0.13450000
v -0.00301451 0.02563119 0.13450000
v -0.00130338 0.02297261 0.13450000
v -0.00304757 0.02573837 0.13450000
v -0.00120669 0.02288555 0.13450000
v -0.00309010 0.02584215 0.13450000
v -0.00111820 0.02279017 0.13450000
v -0.00592414 0.02653326 0.13450000
v -0.00595074 0.02642430 0.13450000
v -0.00596745 0.02631339 0.13450000
v -0.00588789 0.02663940 0.13450000
v -0.00597416 0.02620143 0.13450000
v -0.00584227 0.02674187 0.13450000
v -0.00597081 0.02608932 0.13450000
v -0.00595741 0.02597796 0.13450000
v -0.00578765 0.02683983 0.13450000
v -0.00593409 0.02586824 0.13450000
v -0.00572447 0.02693250 0.13450000
v -0.00565323 0.02701914 0.13450000
v -0.00557452 0.02709904 0.13450000
v -0.00548896 0.02717157 0.13450000
v -0.00539724 0.02723613 0.13450000
v -0.00530010 0.02729221 0.13450000
v -0.00519833 0.02733936 0.13450000
v -0.00803997 0.02903731 0.13450000
v -0.00509274 0.02737719 0.13450000
v -0.00808931 0.02915770 0.13450000
v -0.00498419 0.02740541 0.13450000
v -0.00812766 0.02928203 0.13450000
v -0.00487354 0.02742379 0.13450000
v -0.00815471 0.02940929 0.13450000
v -0.00476169 0.02743217 0.13450000
v -0.00817025 0.02953847 0.13450000
v -0.00464955 0.02743049 0.13450000
v -0.00817414 0.02966852 0.13450000
v -0.00453800 0.02741877 0.13450000
v -0.00816636 0.02979840 0.13450000
v -0.00442795 0.02739709 0.13450000
v -0.00814697 0.02992705 0.13450000
v -0.00432029 0.02736564 0.13450000
v -0.00811612 0.03005345 0.13450000
v -0.00421588 0.02732466 0.13450000
v -0.00807407 0.03017657 0.13450000
v -0.00411556 0.02727449 0.13450000
v -0.00802115 0.03029543 0.13450000
v -0.00402015 0.02721553 0.13450000
v -0.00393041 0.02714825 0.13450000
v -0.00795779 0.03040907 0.13450000
v -0.00613453 0.03097147 0.13450000
v -0.00625565 0.03101900 0.13450000
v -0.00638053 0.03105549 0.13450000
v -0.00650819 0.03108064 0.13450000
v -0.00663758 0.03109423 0.13450000
v -0.00676768 0.03109618 0.13450000
v -0.00689742 0.03108646 0.13450000
v -0.00702577 0.03106514 0.13450000
v -0.00715170 0.03103241 0.13450000
v -0.00727418 0.03098852 0.13450000
v -0.00739223 0.03093383 0.13450000
v -0.00750491 0.03086877 0.13450000
v -0.00761130 0.03079388 0.13450000
v -0.00771055 0.03070975 0.13450000
v -0.00780186 0.03061707 0.13450000
v -0.00788449 0.03051657 0.13450000
v -0.00103861 0.02268725 0.13450000
v -0.00384705 0.02707320 0.13450000
v -0.00377076 0.02699098 0.13450000
v -0.00370215 0.02690225 0.13450000
v -0.00364177 0.02680773 0.13450000
v -0.00314177 0.02594170 0.13450000
v -0.00553861 0.03048147 0.13450000
v -0.00561820 0.03058440 0.13450000
v -0.00570669 0.03067978 0.13450000
v -0.00580338 0.03076683 0.13450000
v -0.00590749 0.03084488 0.13450000
v -0.00601817 0.03091327 0.13450000
v 0.00042762 0.01125933 0.14050000
v 0.00000730 0.01300748 0.14050000
v -0.00007777 0.01321505 0.14050000
v 0.00432000 0.01549742 0.14050000
v 0.00418277 0.01567487 0.14050000
v 0.00403019 0.01583931 0.14050000
v 0.00386349 0.01598942 0.14050000
v 0.00368400 0.01612397 0.14050000
v -0.00382237 0.01862054 0.14050000
v 0.00003976 0.01517666 0.14050000
v 0.00014900 0.01537258 0.14050000
v -0.00005148 0.01497173 0.14050000
v -0.00012399 0.01475944 0.14050000
v -0.00017717 0.01454151 0.14050000
v -0.00021061 0.01431969 0.14050000
v -0.00022402 0.01409577 0.14050000
v -0.00021731 0.01387155 0.14050000
v -0.00019053 0.01364883 0.14050000
v -0.00014389 0.01342941 0.14050000
v 0.00027537 0.01555793 0.14050000
v 0.00041784 0.01573120 0.14050000
v 0.00057527 0.01589100 0.14050000
v 0.00074639 0.01603605 0.14050000
v 0.00092982 0.01616517 0.14050000
v 0.00112409 0.01627734 0.14050000
v -0.00449270 0.02080171 0.14050000
v 0.00132764 0.01637163 0.14050000
v 0.00153881 0.01644730 0.14050000
v -0.00457777 0.02100928 0.14050000
v 0.00175592 0.01650374 0.14050000
v 0.00197721 0.01654049 0.14050000
v 0.00220091 0.01655725 0.14050000
v 0.00242521 0.01655390 0.14050000
v 0.00264831 0.01653045 0.14050000
v 0.00286840 0.01648710 0.14050000
v 0.00308372 0.01642419 0.14050000
v 0.00329254 0.01634224 0.14050000
v 0.00349317 0.01624189 0.14050000
v -0.00462399 0.02255367 0.14050000
v -0.00467717 0.02233574 0.14050000
v -0.00455148 0.02276595 0.14050000
v -0.00471061 0.02211392 0.14050000
v -0.00446024 0.02297088 0.14050000
v -0.00472402 0.02189000 0.14050000
v -0.00435100 0.02316681 0.14050000
v -0.00471731 0.02166578 0.14050000
v -0.00422463 0.02335216 0.14050000
v -0.00469053 0.02144306 0.14050000
v -0.00408216 0.02352543 0.14050000
v -0.00464389 0.02122363 0.14050000
v -0.00392473 0.02368523 0.14050000
v -0.00375361 0.02383028 0.14050000
v -0.00357018 0.02395940 0.14050000
v -0.00337591 0.02407157 0.14050000
v -0.00317236 0.02416586 0.14050000
v -0.00296119 0.02424153 0.14050000
v -0.00274408 0.02429797 0.14050000
v -0.00252279 0.02433472 0.14050000
v -0.00229909 0.02435148 0.14050000
v -0.00207479 0.02434813 0.14050000
v -0.00185169 0.02432468 0.14050000
v -0.00163160 0.02428133 0.14050000
v -0.01080719 0.03071860 0.14050000
v -0.00921060 0.02990815 0.14050000
v -0.00917717 0.03012997 0.14050000
v -0.00922402 0.02968423 0.14050000
v -0.00921731 0.02946000 0.14050000
v -0.00919053 0.02923729 0.14050000
v -0.00914389 0.02901786 0.14050000
v -0.00907777 0.02880350 0.14050000
v -0.00912399 0.03034790 0.14050000
v -0.00141628 0.02421842 0.14050000
v -0.00905149 0.03056018 0.14050000
v -0.00120746 0.02413647 0.14050000
v -0.00896024 0.03076511 0.14050000
v -0.01083519 0.03076263 0.14050000
v -0.01082061 0.03074075 0.14050000
v -0.00100683 0.02403612 0.14050000
v -0.00081600 0.02391820 0.14050000
v -0.00885100 0.03096104 0.14050000
v -0.01091061 0.03085085 0.14050000
v -0.01088317 0.03082271 0.14050000
v -0.01085801 0.03079320 0.14050000
v -0.00872463 0.03114639 0.14050000
v -0.01097186 0.03090177 0.14050000
v -0.01094022 0.03087731 0.14050000
v -0.00858216 0.03131966 0.14050000
v -0.01104037 0.03094357 0.14050000
v -0.01100532 0.03092395 0.14050000
v -0.00842473 0.03147946 0.14050000
v -0.01111412 0.03097428 0.14050000
v -0.01107674 0.03096041 0.14050000
v -0.00825361 0.03162451 0.14050000
v -0.01119061 0.03099262 0.14050000
v -0.01115219 0.03098505 0.14050000
v -0.00613160 0.03207555 0.14050000
v -0.00591628 0.03201265 0.14050000
v -0.00635169 0.03211891 0.14050000
v -0.00657479 0.03214236 0.14050000
v -0.00679909 0.03214571 0.14050000
v -0.01141773 0.03097079 0.14050000
v -0.01138313 0.03098188 0.14050000
v -0.00702279 0.03212895 0.14050000
v -0.01134405 0.03099082 0.14050000
v -0.00724408 0.03209220 0.14050000
v -0.01130462 0.03099623 0.14050000
v -0.00746119 0.03203576 0.14050000
v -0.01126715 0.03099816 0.14050000
v -0.00767236 0.03196009 0.14050000
v -0.01122904 0.03099698 0.14050000
v -0.00787591 0.03186580 0.14050000
v -0.00807018 0.03175363 0.14050000
v -0.00481723 0.03126333 0.14050000
v -0.00468000 0.03108587 0.14050000
v -0.00496981 0.03142777 0.14050000
v -0.00513651 0.03157787 0.14050000
v -0.00531600 0.03171243 0.14050000
v -0.00550683 0.03183035 0.14050000
v -0.00570746 0.03193069 0.14050000
v -0.00031723 0.02346910 0.14050000
v -0.00018000 0.02329164 0.14050000
v -0.00046981 0.02363354 0.14050000
v -0.00063651 0.02378364 0.14050000
v -0.00899270 0.02859594 0.14050000
v -0.01145414 0.03095562 0.14050000
v -0.00103861 0.02268725 0.13760001
v -0.00111820 0.02279017 0.13760001
v -0.00120669 0.02288555 0.13760001
v -0.00130338 0.02297261 0.13760001
v -0.00140749 0.02305065 0.13760001
v -0.00151817 0.02311904 0.13760001
v -0.00163453 0.02317724 0.13760001
v -0.00175565 0.02322478 0.13760001
v -0.00188053 0.02326126 0.13760001
v -0.00200819 0.02328641 0.13760001
v -0.00213758 0.02330000 0.13760001
v -0.00226768 0.02330195 0.13760001
v -0.00239742 0.02329223 0.13760001
v -0.00252577 0.02327092 0.13760001
v -0.00265170 0.02323818 0.13760001
v -0.00277418 0.02319429 0.13760001
v -0.00289223 0.02313960 0.13760001
v -0.00300491 0.02307455 0.13760001
v -0.00311130 0.02299965 0.13760001
v -0.00321055 0.02291553 0.13760001
v -0.00330186 0.02282284 0.13760001
v -0.00338449 0.02272234 0.13760001
v -0.00345779 0.02261484 0.13760001
v -0.00352115 0.02250121 0.13760001
v -0.00357407 0.02238235 0.13760001
v -0.00361612 0.02225922 0.13760001
v -0.00364697 0.02213282 0.13760001
v -0.00366636 0.02200417 0.13760001
v -0.00367414 0.02187429 0.13760001
v -0.00367025 0.02174424 0.13760001
v -0.00365471 0.02161506 0.13760001
v -0.00362766 0.02148780 0.13760001
v -0.00358931 0.02136347 0.13760001
v -0.00353997 0.02124308 0.13760001
v -0.00018000 0.02329164 0.13760001
v -0.00031723 0.02346910 0.13760001
v -0.00046981 0.02363354 0.13760001
v -0.00063651 0.02378364 0.13760001
v -0.00081600 0.02391820 0.13760001
v -0.00100683 0.02403612 0.13760001
v -0.00120746 0.02413647 0.13760001
v -0.00141628 0.02421842 0.13760001
v -0.00163160 0.02428133 0.13760001
v -0.00185169 0.02432468 0.13760001
v -0.00207479 0.02434813 0.13760001
v -0.00229909 0.02435148 0.13760001
v -0.00252279 0.02433472 0.13760001
v -0.00274408 0.02429797 0.13760001
v -0.00296119 0.02424153 0.13760001
v -0.00317236 0.02416586 0.13760001
v -0.00337591 0.02407157 0.13760001
v -0.00357018 0.02395940 0.13760001
v -0.00449270 0.02080171 0.13760001
v -0.00375361 0.02383028 0.13760001
v -0.00457777 0.02100928 0.13760001
v -0.00392473 0.02368523 0.13760001
v -0.00464389 0.02122363 0.13760001
v -0.00408216 0.02352543 0.13760001
v -0.00469053 0.02144306 0.13760001
v -0.00422463 0.02335216 0.13760001
v -0.00471731 0.02166578 0.13760001
v -0.00435100 0.02316681 0.13760001
v -0.00472402 0.02189000 0.13760001
v -0.00446024 0.02297088 0.13760001
v -0.00471061 0.02211392 0.13760001
v -0.00455148 0.02276595 0.13760001
v -0.00467717 0.02233574 0.13760001
v -0.00462399 0.02255367 0.13760001
v -0.00553861 0.03048147 0.13760001
v -0.00561820 0.03058440 0.13760001
v -0.00570669 0.03067978 0.13760001
v -0.00580338 0.03076683 0.13760001
v -0.00590749 0.03084488 0.13760001
v -0.00601817 0.03091327 0.13760001
v -0.00613453 0.03097147 0.13760001
v -0.00625565 0.03101900 0.13760001
v -0.00638053 0.03105549 0.13760001
v -0.00650819 0.03108064 0.13760001
v -0.00663758 0.03109423 0.13760001
v -0.00676768 0.03109618 0.13760001
v -0.00689742 0.03108646 0.13760001
v -0.00702577 0.03106514 0.13760001
v -0.00715170 0.03103241 0.13760001
v -0.00727418 0.03098852 0.13760001
v -0.00739223 0.03093383 0.13760001
v -0.00750491 0.03086877 0.13760001
v -0.00761130 0.03079388 0.13760001
v -0.00771055 0.03070975 0.13760001
v -0.00780186 0.03061707 0.13760001
v -0.00788449 0.03051657 0.13760001
v -0.00795779 0.03040907 0.13760001
v -0.00802115 0.03029543 0.13760001
v -0.00807407 0.03017657 0.13760001
v -0.00811612 0.03005345 0.13760001
v -0.00814697 0.02992705 0.13760001
v -0.00816636 0.02979840 0.13760001
v -0.00817414 0.02966852 0.13760001
v -0.00817025 0.02953847 0.13760001
v -0.00815471 0.02940929 0.13760001
v -0.00812766 0.02928203 0.13760001
v -0.00808931 0.02915770 0.13760001
v -0.00803997 0.02903731 0.13760001
v -0.00468000 0.03108587 0.13760001
v -0.00481723 0.03126333 0.13760001
v -0.00496981 0.03142777 0.13760001
v -0.00513651 0.03157787 0.13760001
v -0.00531600 0.03171243 0.13760001
v -0.00550683 0.03183035 0.13760001
v -0.00570746 0.03193069 0.13760001
v -0.00591628 0.03201265 0.13760001
v -0.00613160 0.03207555 0.13760001
v -0.00635169 0.03211891 0.13760001
v -0.00657479 0.03214236 0.13760001
v -0.00679909 0.03214571 0.13760001
v -0.00702279 0.03212895 0.13760001
v -0.00724408 0.03209220 0.13760001
v -0.00746119 0.03203576 0.13760001
v -0.00767236 0.03196009 0.13760001
v -0.00787591 0.03186580 0.13760001
v -0.00807018 0.03175363 0.13760001
v -0.00899270 0.02859594 0.13760001
v -0.00825361 0.03162451 0.13760001
v -0.00907777 0.02880350 0.13760001
v -0.00842473 0.03147946 0.13760001
v -0.00914389 0.02901786 0.13760001
v -0.00858216 0.03131966 0.13760001
v -0.00919053 0.02923729 0.13760001
v -0.00872463 0.03114639 0.13760001
v -0.00921731 0.02946000 0.13760001
v -0.00885100 0.03096104 0.13760001
v -0.00922402 0.02968423 0.13760001
v -0.00896024 0.03076511 0.13760001
v -0.00921060 0.02990815 0.13760001
v -0.00905149 0.03056018 0.13760001
v -0.00917717 0.03012997 0.13760001
v -0.00912399 0.03034790 0.13760001
v 0.00346139 0.01489302 0.13760001
v 0.00338180 0.01499594 0.13760001
v 0.00329331 0.01509132 0.13760001
v 0.00319662 0.01517838 0.13760001
v 0.00309251 0.01525642 0.13760001
v 0.00298183 0.01532481 0.13760001
v 0.00286547 0.01538301 0.13760001
v 0.00274435 0.01543055 0.13760001
v 0.00261947 0.01546703 0.13760001
v 0.00249181 0.01549218 0.13760001
v 0.00236242 0.01550578 0.13760001
v 0.00223232 0.01550772 0.13760001
v 0.00210258 0.01549800 0.13760001
v 0.00197423 0.01547669 0.13760001
v 0.00184830 0.01544395 0.13760001
v 0.00172582 0.01540006 0.13760001
v 0.00160777 0.01534537 0.13760001
v 0.00149509 0.01528032 0.13760001
v 0.00138870 0.01520543 0.13760001
v 0.00128945 0.01512130 0.13760001
v 0.00119814 0.01502861 0.13760001
v 0.00111551 0.01492811 0.13760001
v 0.00104221 0.01482061 0.13760001
v 0.00097885 0.01470698 0.13760001
v 0.00092593 0.01458812 0.13760001
v 0.00088388 0.01446499 0.13760001
v 0.00085303 0.01433859 0.13760001
v 0.00083364 0.01420994 0.13760001
v 0.00082586 0.01408006 0.13760001
v 0.00082975 0.01395001 0.13760001
v 0.00084529 0.01382084 0.13760001
v 0.00087234 0.01369357 0.13760001
v 0.00091069 0.01356924 0.13760001
v 0.00096003 0.01344885 0.13760001
v 0.00432000 0.01549742 0.13760001
v 0.00418277 0.01567487 0.13760001
v 0.00403019 0.01583931 0.13760001
v 0.00386349 0.01598942 0.13760001
v 0.00368400 0.01612397 0.13760001
v 0.00349317 0.01624189 0.13760001
v 0.00329254 0.01634224 0.13760001
v 0.00308372 0.01642419 0.13760001
v 0.00286840 0.01648710 0.13760001
v 0.00264831 0.01653045 0.13760001
v 0.00242521 0.01655390 0.13760001
v 0.00220091 0.01655725 0.13760001
v 0.00197721 0.01654049 0.13760001
v 0.00175592 0.01650374 0.13760001
v 0.00153881 0.01644730 0.13760001
v 0.00132764 0.01637163 0.13760001
v 0.00112409 0.01627734 0.13760001
v 0.00092982 0.01616517 0.13760001
v 0.00000730 0.01300748 0.13760001
v 0.00074639 0.01603605 0.13760001
v -0.00007777 0.01321505 0.13760001
v 0.00057527 0.01589100 0.13760001
v -0.00014389 0.01342941 0.13760001
v 0.00041784 0.01573120 0.13760001
v -0.00019053 0.01364883 0.13760001
v 0.00027537 0.01555793 0.13760001
v -0.00021731 0.01387155 0.13760001
v 0.00014900 0.01537258 0.13760001
v -0.00022402 0.01409577 0.13760001
v 0.00003976 0.01517666 0.13760001
v -0.00021061 0.01431969 0.13760001
v -0.00005148 0.01497173 0.13760001
v -0.00017717 0.01454151 0.13760001
v -0.00012399 0.01475944 0.13760001
v -0.00028205 0.01790122 0.13906331
v -0.00026795 0.01784861 0.13906331
v -0.00028680 0.01795549 0.13906331
v -0.00028205 0.01800975 0.13906331
v -0.00056161 0.01774172 0.13887553
v -0.00026795 0.01806237 0.13906331
v -0.00058981 0.01784696 0.13887553
v -0.00024493 0.01811174 0.13906331
v -0.00059930 0.01795549 0.13887553
v -0.00021369 0.01815636 0.13906331
v -0.00058981 0.01806402 0.13887553
v -0.00085526 0.01763484 0.13868777
v -0.00110850 0.01743004 0.13850000
v -0.00115103 0.01753382 0.13850000
v -0.00118409 0.01764100 0.13850000
v -0.00017517 0.01819488 0.13906331
v -0.00056161 0.01816925 0.13887553
v -0.00089756 0.01779269 0.13868777
v -0.00120741 0.01775072 0.13850000
v -0.00122081 0.01786207 0.13850000
v -0.00013055 0.01822612 0.13906331
v -0.00051557 0.01826799 0.13887553
v -0.00091180 0.01795549 0.13868777
v -0.00122416 0.01797419 0.13850000
v -0.00121745 0.01808615 0.13850000
v -0.00008118 0.01824914 0.13906331
v -0.00045308 0.01835723 0.13887553
v -0.00089756 0.01811828 0.13868777
v -0.00120074 0.01819706 0.13850000
v -0.00117414 0.01830602 0.13850000
v -0.00002857 0.01826324 0.13906331
v -0.00037604 0.01843427 0.13887553
v -0.00085526 0.01827613 0.13868777
v -0.00113789 0.01841216 0.13850000
v -0.00109227 0.01851463 0.13850000
v 0.00002570 0.01826799 0.13906331
v -0.00028680 0.01849675 0.13887553
v -0.00078620 0.01842424 0.13868777
v -0.00103765 0.01861259 0.13850000
v -0.00097447 0.01870527 0.13850000
v 0.00007996 0.01826324 0.13906331
v -0.00018806 0.01854280 0.13887553
v -0.00069247 0.01855810 0.13868777
v -0.00090323 0.01879190 0.13850000
v -0.00082452 0.01887180 0.13850000
v 0.00013258 0.01824914 0.13906331
v -0.00008283 0.01857099 0.13887553
v -0.00057691 0.01867365 0.13868777
v -0.00073896 0.01894433 0.13850000
v -0.00064724 0.01900889 0.13850000
v 0.00018195 0.01822612 0.13906331
v 0.00002570 0.01858049 0.13887553
v -0.00044305 0.01876739 0.13868777
v -0.00055010 0.01906497 0.13850000
v 0.00022657 0.01819488 0.13906331
v 0.00013423 0.01857099 0.13887553
v -0.00029494 0.01883645 0.13868777
v -0.00044833 0.01911212 0.13850000
v -0.00034274 0.01914995 0.13850000
v 0.00026509 0.01815636 0.13906331
v 0.00023946 0.01854280 0.13887553
v -0.00013710 0.01887874 0.13868777
v -0.00023419 0.01917817 0.13850000
v -0.00012354 0.01919654 0.13850000
v 0.00033820 0.01849675 0.13887553
v 0.00002570 0.01889299 0.13868777
v -0.00001169 0.01920493 0.13850000
v 0.00010045 0.01920325 0.13850000
v 0.00042744 0.01843427 0.13887553
v 0.00018849 0.01887874 0.13868777
v 0.00021200 0.01919152 0.13850000
v 0.00032205 0.01916985 0.13850000
v 0.00050448 0.01835723 0.13887553
v 0.00034634 0.01883645 0.13868777
v 0.00042971 0.01913840 0.13850000
v 0.00053412 0.01909742 0.13850000
v 0.00049445 0.01876739 0.13868777
v 0.00063444 0.01904725 0.13850000
v 0.00072985 0.01898829 0.13850000
v 0.00062831 0.01867365 0.13868777
v 0.00081959 0.01892101 0.13850000
v 0.00090295 0.01884596 0.13850000
v 0.00074387 0.01855810 0.13868777
v 0.00097924 0.01876374 0.13850000
v 0.00104785 0.01867501 0.13850000
v -0.00503205 0.02612846 0.13906331
v -0.00472430 0.02618273 0.13925108
v -0.00501795 0.02607585 0.13906331
v -0.00503680 0.02618273 0.13906331
v -0.00503205 0.02623699 0.13906331
v -0.00531161 0.02596897 0.13887553
v -0.00580683 0.02555773 0.13850000
v -0.00501795 0.02628961 0.13906331
v -0.00533981 0.02607420 0.13887553
v -0.00499493 0.02633898 0.13906331
v -0.00534930 0.02618273 0.13887553
v -0.00496369 0.02638360 0.13906331
v -0.00533981 0.02629126 0.13887553
v -0.00560526 0.02586208 0.13868777
v -0.00585850 0.02565728 0.13850000
v -0.00590103 0.02576107 0.13850000
v -0.00593409 0.02586824 0.13850000
v -0.00492517 0.02642212 0.13906331
v -0.00531161 0.02639649 0.13887553
v -0.00564756 0.02601993 0.13868777
v -0.00595741 0.02597796 0.13850000
v -0.00597081 0.02608932 0.13850000
v -0.00488055 0.02645336 0.13906331
v -0.00526557 0.02649523 0.13887553
v -0.00566180 0.02618273 0.13868777
v -0.00597416 0.02620143 0.13850000
v -0.00596745 0.02631339 0.13850000
v -0.00483118 0.02647638 0.13906331
v -0.00520308 0.02658447 0.13887553
v -0.00564756 0.02634552 0.13868777
v -0.00595074 0.02642430 0.13850000
v -0.00592414 0.02653326 0.13850000
v -0.00477857 0.02649048 0.13906331
v -0.00512604 0.02666151 0.13887553
v -0.00560526 0.02650337 0.13868777
v -0.00588789 0.02663940 0.13850000
v -0.00584227 0.02674187 0.13850000
v -0.00472430 0.02649523 0.13906331
v -0.00503680 0.02672399 0.13887553
v -0.00553620 0.02665148 0.13868777
v -0.00578765 0.02683983 0.13850000
v -0.00572447 0.02693250 0.13850000
v -0.00467004 0.02649048 0.13906331
v -0.00493806 0.02677004 0.13887553
v -0.00544247 0.02678534 0.13868777
v -0.00565323 0.02701914 0.13850000
v -0.00557452 0.02709904 0.13850000
v -0.00461742 0.02647638 0.13906331
v -0.00483283 0.02679823 0.13887553
v -0.00532691 0.02690089 0.13868777
v -0.00548896 0.02717157 0.13850000
v -0.00539724 0.02723613 0.13850000
v -0.00456805 0.02645336 0.13906331
v -0.00472430 0.02680773 0.13887553
v -0.00519305 0.02699463 0.13868777
v -0.00530010 0.02729221 0.13850000
v -0.00452343 0.02642212 0.13906331
v -0.00461577 0.02679823 0.13887553
v -0.00504494 0.02706369 0.13868777
v -0.00519833 0.02733936 0.13850000
v -0.00509274 0.02737719 0.13850000
v -0.00448491 0.02638360 0.13906331
v -0.00451054 0.02677004 0.13887553
v -0.00488710 0.02710599 0.13868777
v -0.00498419 0.02740541 0.13850000
v -0.00487354 0.02742379 0.13850000
v -0.00441180 0.02672399 0.13887553
v -0.00472430 0.02712023 0.13868777
v -0.00476169 0.02743217 0.13850000
v -0.00464955 0.02743049 0.13850000
v -0.00432256 0.02666151 0.13887553
v -0.00456151 0.02710599 0.13868777
v -0.00453800 0.02741877 0.13850000
v -0.00442795 0.02739709 0.13850000
v -0.00424552 0.02658447 0.13887553
v -0.00364177 0.02680773 0.13850000
v -0.00440366 0.02706369 0.13868777
v -0.00432029 0.02736564 0.13850000
v -0.00421588 0.02732466 0.13850000
v -0.00425555 0.02699463 0.13868777
v -0.00411556 0.02727449 0.13850000
v -0.00402015 0.02721553 0.13850000
v -0.00412169 0.02690089 0.13868777
v -0.00393041 0.02714825 0.13850000
v -0.00384705 0.02707320 0.13850000
v -0.00400613 0.02678534 0.13868777
v -0.00377076 0.02699098 0.13850000
v -0.00370215 0.02690225 0.13850000
v -0.00391655 0.02537097 0.13906331
v -0.00422430 0.02531670 0.13925108
v -0.00393065 0.02542358 0.13906331
v -0.00391180 0.02531670 0.13906331
v -0.00391655 0.02526244 0.13906331
v -0.00363699 0.02553047 0.13887553
v -0.00314177 0.02594170 0.13850000
v -0.00393065 0.02520982 0.13906331
v -0.00360880 0.02542523 0.13887553
v -0.00395367 0.02516045 0.13906331
v -0.00359930 0.02531670 0.13887553
v -0.00398491 0.02511583 0.13906331
v -0.00360880 0.02520817 0.13887553
v -0.00334334 0.02563735 0.13868777
v -0.00309010 0.02584215 0.13850000
v -0.00304757 0.02573837 0.13850000
v -0.00301451 0.02563119 0.13850000
v -0.00402343 0.02507731 0.13906331
v -0.00363699 0.02510294 0.13887553
v -0.00330104 0.02547950 0.13868777
v -0.00299119 0.02552147 0.13850000
v -0.00297780 0.02541012 0.13850000
v -0.00406805 0.02504607 0.13906331
v -0.00368303 0.02500420 0.13887553
v -0.00328680 0.02531670 0.13868777
v -0.00297444 0.02529800 0.13850000
v -0.00298115 0.02518604 0.13850000
v -0.00411742 0.02502305 0.13906331
v -0.00374552 0.02491496 0.13887553
v -0.00330104 0.02515391 0.13868777
v -0.00299786 0.02507513 0.13850000
v -0.00302446 0.02496617 0.13850000
v -0.00417004 0.02500895 0.13906331
v -0.00382256 0.02483792 0.13887553
v -0.00334334 0.02499606 0.13868777
v -0.00306071 0.02486003 0.13850000
v -0.00310633 0.02475756 0.13850000
v -0.00422430 0.02500420 0.13906331
v -0.00391180 0.02477544 0.13887553
v -0.00341240 0.02484795 0.13868777
v -0.00316095 0.02465960 0.13850000
v -0.00322413 0.02456693 0.13850000
v -0.00427857 0.02500895 0.13906331
v -0.00401054 0.02472939 0.13887553
v -0.00350613 0.02471409 0.13868777
v -0.00329537 0.02448029 0.13850000
v -0.00337408 0.02440039 0.13850000
v -0.00433118 0.02502305 0.13906331
v -0.00411577 0.02470120 0.13887553
v -0.00362169 0.02459854 0.13868777
v -0.00345965 0.02432786 0.13850000
v -0.00355136 0.02426330 0.13850000
v -0.00438055 0.02504607 0.13906331
v -0.00422430 0.02469170 0.13887553
v -0.00375555 0.02450480 0.13868777
v -0.00364850 0.02420722 0.13850000
v -0.00442517 0.02507731 0.13906331
v -0.00433283 0.02470120 0.13887553
v -0.00390366 0.02443574 0.13868777
v -0.00375027 0.02416007 0.13850000
v -0.00385586 0.02412224 0.13850000
v -0.00446369 0.02511583 0.13906331
v -0.00443806 0.02472939 0.13887553
v -0.00406151 0.02439345 0.13868777
v -0.00396441 0.02409402 0.13850000
v -0.00407506 0.02407564 0.13850000
v -0.00453680 0.02477544 0.13887553
v -0.00422430 0.02437920 0.13868777
v -0.00418691 0.02406726 0.13850000
v -0.00429906 0.02406894 0.13850000
v -0.00462604 0.02483792 0.13887553
v -0.00438710 0.02439345 0.13868777
v -0.00441060 0.02408066 0.13850000
v -0.00452065 0.02410234 0.13850000
v -0.00470308 0.02491496 0.13887553
v -0.00530683 0.02469170 0.13850000
v -0.00454494 0.02443574 0.13868777
v -0.00462831 0.02413379 0.13850000
v -0.00473272 0.02417477 0.13850000
v -0.00469305 0.02450480 0.13868777
v -0.00483304 0.02422494 0.13850000
v -0.00492845 0.02428391 0.13850000
v -0.00482691 0.02459854 0.13868777
v -0.00501820 0.02435118 0.13850000
v -0.00510155 0.02442623 0.13850000
v -0.00494247 0.02471409 0.13868777
v -0.00517784 0.02450845 0.13850000
v -0.00524645 0.02459718 0.13850000
v -0.00355235 0.01815286 0.13711172
v -0.00368432 0.01838143 0.13971431
v -0.00370687 0.01842049 0.13995955
v -0.00372912 0.01845903 0.14015224
v -0.00374138 0.01848026 0.14023965
v -0.00375320 0.01850073 0.14031119
v -0.00376917 0.01852840 0.14038907
v -0.00377868 0.01854486 0.14042542
v -0.00378770 0.01856048 0.14045309
v -0.00380880 0.01859703 0.14049280
v -0.00379528 0.01857361 0.14047144
v -0.00641482 0.01712381 0.16943707
v -0.00382468 0.01861922 0.14052565
v -0.01075622 0.01461730 0.16943707
v -0.00380453 0.01858054 0.14052547
v -0.00378781 0.01854025 0.14052487
v -0.00377465 0.01849868 0.14052391
v -0.00376515 0.01845613 0.14052255
v -0.00351434 0.01807071 0.13572011
v -0.00374467 0.01838213 0.14037732
v -0.00375738 0.01836940 0.14051877
v -0.00375917 0.01832589 0.14051636
v -0.00375938 0.01841293 0.14052084
v -0.00374155 0.01834896 0.14033228
v -0.00374159 0.01828516 0.14023250
v -0.00374328 0.01832714 0.14033104
v -0.00375238 0.01824128 0.14022935
v -0.00376701 0.01817871 0.14010181
v -0.00374645 0.01826323 0.14023097
v -0.00374599 0.01830526 0.14032970
v -0.00377405 0.01824020 0.14051059
v -0.00378702 0.01819869 0.14050728
v -0.00376475 0.01828271 0.14051363
v -0.00375941 0.01821930 0.14022765
v -0.00376760 0.01819729 0.14022581
v -0.00377765 0.01815710 0.14009978
v -0.00380355 0.01815848 0.14050372
v -0.00378961 0.01813556 0.14009764
v -0.00353071 0.01802699 0.13508707
v -0.00355200 0.01802061 0.13508745
v -0.00357416 0.01801501 0.13508775
v -0.00359735 0.01801027 0.13508795
v -0.00360737 0.01800858 0.13508818
v -0.00353341 0.01806043 0.13572096
v -0.00361771 0.01800704 0.13508839
v -0.00362846 0.01800567 0.13508858
v -0.00355339 0.01805075 0.13572176
v -0.00363972 0.01800448 0.13508871
v -0.00357442 0.01804169 0.13572247
v -0.00359668 0.01803327 0.13572308
v -0.00354543 0.01809809 0.13639760
v -0.00371722 0.01827688 0.13990855
v -0.00372784 0.01824032 0.13990588
v -0.00380297 0.01811411 0.14009538
v -0.00372279 0.01829681 0.14003189
v -0.00372035 0.01826496 0.13990771
v -0.00372388 0.01825278 0.13990683
v -0.00388249 0.01802869 0.14028674
v -0.00387315 0.01804870 0.14049181
v -0.00390243 0.01801665 0.14048752
v -0.00384678 0.01808320 0.14049596
v -0.00389948 0.01801229 0.14028438
v -0.00396880 0.01796086 0.14047868
v -0.00393439 0.01798730 0.14048314
v -0.00358647 0.01800285 0.13478781
v -0.00363070 0.01799928 0.13478806
v -0.00381785 0.01810602 0.14025659
v -0.00382353 0.01811989 0.14049994
v -0.00375310 0.01800522 0.13592767
v -0.00363609 0.01802426 0.13582286
v -0.00364564 0.01802161 0.13582330
v -0.00365554 0.01801907 0.13582373
v -0.00364709 0.01803189 0.13616069
v -0.00365216 0.01803012 0.13616093
v -0.00365751 0.01802832 0.13616116
v -0.00382147 0.01805321 0.13949811
v -0.00385865 0.01800682 0.13890672
v -0.00378052 0.01800391 0.13614964
v -0.00375017 0.01803892 0.13778001
v -0.00388216 0.01798831 0.13808556
v -0.00382907 0.01800172 0.13758156
v -0.00377878 0.01803081 0.13803261
v -0.00377636 0.01803558 0.13814665
v -0.00374348 0.01805493 0.13810257
v -0.00367880 0.01809930 0.13798016
v -0.00365645 0.01817661 0.13857108
v -0.00372388 0.01808430 0.13838960
v -0.00359716 0.01821204 0.13811917
v -0.00380443 0.01802655 0.13840346
v -0.00379711 0.01804483 0.13881557
v -0.00373919 0.01811172 0.13904051
v -0.00371335 0.01814026 0.13899457
v -0.00375261 0.01809820 0.13906348
v -0.00376631 0.01808517 0.13908646
v -0.00378027 0.01807266 0.13910944
v -0.00369882 0.01819454 0.13926567
v -0.00372043 0.01816276 0.13931223
v -0.00368014 0.01828690 0.13949040
v -0.00366146 0.01826237 0.13917226
v -0.00367910 0.01822781 0.13921902
v -0.00380884 0.01804918 0.13915543
v -0.00376848 0.01810427 0.13940518
v -0.00376229 0.01813862 0.13970241
v -0.00367245 0.01802682 0.13627361
v -0.00355481 0.01809142 0.13639818
v -0.00356481 0.01808466 0.13639873
v -0.00373109 0.01801958 0.13673456
v -0.00368844 0.01805807 0.13734457
v -0.00363196 0.01812551 0.13772882
v -0.00366328 0.01812387 0.13811134
v -0.00389507 0.01798458 0.13821347
v -0.00373846 0.01807874 0.13851880
v -0.00373773 0.01809150 0.13872476
v -0.00368255 0.01814681 0.13863408
v -0.00362625 0.01830132 0.13890848
v -0.00369352 0.01818265 0.13910684
v -0.00368903 0.01817069 0.13894859
v -0.00371993 0.01818193 0.13946017
v -0.00370310 0.01823475 0.13956133
v -0.00372100 0.01820134 0.13960844
v -0.00368725 0.01826928 0.13951408
v -0.00369371 0.01828974 0.13966212
v -0.00376466 0.01812117 0.13955363
v -0.00378731 0.01800348 0.13620586
v -0.00363521 0.01807035 0.13692249
v -0.00372632 0.01804817 0.13765515
v -0.00357617 0.01822936 0.13799211
v -0.00364671 0.01822061 0.13877162
v -0.00366864 0.01818754 0.13881754
v -0.00361764 0.01831123 0.13884282
v -0.00389828 0.01798363 0.13824556
v -0.00372726 0.01810863 0.13881688
v -0.00378900 0.01800336 0.13621997
v -0.00357095 0.01823375 0.13796045
v -0.00361550 0.01831372 0.13882642
v -0.00389908 0.01798339 0.13825359
f 1 2 3
f 1 4 2
f 5 6 4
f 5 4 1
f 7 8 6
f 7 6 5
f 9 10 8
f 9 8 7
f 11 12 10
f 11 10 9
f 13 12 11
f 13 14 12
f 15 14 13
f 15 16 14
f 17 16 15
f 17 18 16
f 19 18 17
f 19 20 18
f 21 20 19
f 21 22 20
f 23 22 21
f 23 24 22
f 25 24 23
f 25 26 24
f 27 26 25
f 27 28 26
f 29 28 27
f 29 30 28
f 31 30 29
f 31 32 30
f 33 32 31
f 33 34 32
f 35 34 33
f 35 36 34
f 37 36 35
f 37 38 36
f 39 38 37
f 39 40 38
f 41 40 39
f 41 42 40
f 43 44 42
f 43 42 41
f 45 46 44
f 45 44 43
f 47 48 46
f 47 46 45
f 49 50 48
f 49 48 47
f 51 52 50
f 51 50 49
f 53 54 52
f 53 52 51
f 55 56 54
f 55 54 53
f 57 58 56
f 57 56 55
f 59 60 58
f 59 58 57
f 61 62 60
f 61 60 59
f 63 64 62
f 63 62 61
f 65 64 63
f 65 66 64
f 67 66 65
f 67 68 66
f 69 68 67
f 69 70 68
f 69 71 70
f 72 71 69
f 73 74 75
f 76 74 73
f 77 74 76
f 78 74 2
f 78 75 74
f 79 74 77
f 80 73 75
f 80 75 78
f 81 74 79
f 82 73 80
f 82 76 73
f 83 74 81
f 84 77 76
f 84 76 82
f 85 2 4
f 85 4 6
f 85 6 8
f 85 78 2
f 86 74 83
f 87 77 84
f 87 79 77
f 88 8 10
f 88 10 12
f 88 78 85
f 88 85 8
f 88 80 78
f 89 74 74
f 89 74 86
f 90 81 79
f 90 79 87
f 91 12 14
f 91 14 16
f 91 88 12
f 91 80 88
f 91 82 80
f 92 74 89
f 93 83 81
f 93 81 90
f 94 16 18
f 94 18 20
f 94 84 82
f 94 82 91
f 94 91 16
f 95 74 92
f 96 86 83
f 96 83 93
f 97 20 22
f 97 22 24
f 97 84 94
f 97 94 20
f 97 87 84
f 98 74 95
f 99 89 86
f 99 86 96
f 100 24 26
f 100 26 28
f 100 93 90
f 100 87 97
f 100 97 24
f 100 90 87
f 101 74 98
f 102 89 99
f 102 92 89
f 103 93 100
f 103 28 30
f 103 30 32
f 103 100 28
f 104 74 101
f 105 95 92
f 105 92 102
f 106 32 34
f 106 34 36
f 106 96 93
f 106 93 103
f 106 103 32
f 107 74 104
f 108 98 95
f 108 95 105
f 109 96 106
f 109 106 36
f 109 36 38
f 109 99 96
f 110 74 107
f 111 101 98
f 111 98 108
f 112 38 40
f 112 40 42
f 112 102 99
f 112 99 109
f 112 109 38
f 113 74 110
f 114 101 111
f 114 104 101
f 114 107 104
f 115 42 44
f 115 44 46
f 115 105 102
f 115 102 112
f 115 112 42
f 116 107 114
f 117 46 48
f 117 48 50
f 117 108 105
f 117 105 115
f 117 115 46
f 118 110 107
f 118 107 116
f 119 108 117
f 119 50 52
f 119 52 54
f 119 111 108
f 119 114 111
f 119 117 50
f 120 110 118
f 120 71 74
f 120 74 113
f 120 113 110
f 121 54 56
f 121 56 58
f 121 119 54
f 121 114 119
f 122 114 121
f 122 121 58
f 122 118 116
f 122 116 114
f 122 58 60
f 122 60 62
f 123 122 62
f 123 62 64
f 123 64 66
f 123 118 122
f 124 71 120
f 124 118 123
f 124 66 68
f 124 68 70
f 124 70 71
f 124 120 118
f 124 123 66
f 125 126 127
f 125 128 126
f 129 130 128
f 129 128 125
f 131 132 130
f 131 130 129
f 133 134 132
f 133 132 131
f 135 136 134
f 135 134 133
f 137 136 135
f 137 138 136
f 139 138 137
f 139 140 138
f 141 140 139
f 141 142 140
f 143 142 141
f 143 144 142
f 145 144 143
f 145 146 144
f 147 146 145
f 147 148 146
f 149 148 147
f 149 150 148
f 149 151 150
f 152 151 149
f 153 151 152
f 153 154 151
f 153 155 154
f 156 155 153
f 157 155 156
f 157 158 155
f 159 158 157
f 159 160 158
f 161 160 159
f 161 162 160
f 163 162 161
f 163 164 162
f 165 164 163
f 165 166 164
f 167 168 166
f 167 166 165
f 169 170 168
f 169 168 167
f 171 172 170
f 171 170 169
f 173 174 172
f 173 172 171
f 175 176 174
f 175 174 173
f 177 178 176
f 177 176 175
f 179 180 178
f 179 178 177
f 181 182 180
f 181 180 179
f 183 184 182
f 183 182 181
f 185 186 184
f 185 184 183
f 187 188 186
f 187 189 188
f 187 186 185
f 190 189 187
f 191 192 189
f 191 189 190
f 193 192 191
f 193 194 192
f 195 194 193
f 195 196 194
f 197 198 199
f 197 200 198
f 201 202 200
f 201 200 197
f 203 204 202
f 203 202 201
f 205 206 204
f 205 204 203
f 207 208 206
f 207 206 205
f 209 208 207
f 209 210 208
f 211 210 209
f 211 212 210
f 213 212 211
f 213 214 212
f 215 214 213
f 215 216 214
f 217 216 215
f 217 218 216
f 219 218 217
f 219 220 218
f 219 221 220
f 222 221 219
f 222 223 221
f 224 223 222
f 224 225 223
f 226 225 224
f 227 225 226
f 227 228 225
f 229 228 227
f 229 230 228
f 229 231 230
f 232 231 229
f 233 231 232
f 233 234 231
f 233 235 234
f 236 235 233
f 236 237 235
f 238 239 237
f 238 237 236
f 240 239 238
f 241 242 239
f 241 239 240
f 243 244 242
f 243 242 241
f 245 246 244
f 245 244 243
f 247 248 246
f 247 249 248
f 247 246 245
f 250 251 249
f 250 249 247
f 252 251 250
f 253 254 251
f 253 251 252
f 255 256 254
f 255 254 253
f 257 258 256
f 257 256 255
f 259 260 258
f 259 258 257
f 261 260 259
f 261 262 260
f 263 262 261
f 263 264 262
f 265 264 263
f 265 266 264
f 267 266 265
f 267 268 266
f 269 270 271
f 272 273 270
f 272 270 269
f 274 275 273
f 274 273 272
f 276 277 275
f 276 275 274
f 278 279 277
f 278 277 276
f 280 281 279
f 280 279 278
f 282 281 280
f 282 283 281
f 284 283 282
f 284 285 283
f 286 285 284
f 286 287 285
f 288 287 286
f 288 289 287
f 290 289 288
f 290 291 289
f 292 291 290
f 292 293 291
f 294 293 292
f 294 295 293
f 296 295 294
f 296 297 295
f 298 297 296
f 298 299 297
f 300 299 298
f 300 301 299
f 302 301 300
f 302 303 301
f 304 303 302
f 305 303 304
f 305 306 303
f 307 306 305
f 307 308 306
f 309 310 308
f 309 308 307
f 311 312 310
f 311 313 312
f 311 310 309
f 314 313 311
f 315 316 313
f 315 317 316
f 315 313 314
f 318 317 315
f 319 320 317
f 319 317 318
f 321 320 319
f 321 322 320
f 323 324 322
f 323 322 321
f 325 326 324
f 325 324 323
f 327 328 326
f 327 329 328
f 327 326 325
f 330 331 329
f 330 329 327
f 332 333 331
f 332 331 330
f 334 333 332
f 335 336 333
f 335 337 336
f 335 333 334
f 338 337 335
f 339 337 338
f 339 340 337
f 341 342 343
f 344 345 342
f 344 342 341
f 346 347 345
f 346 345 344
f 348 349 347
f 348 347 346
f 350 351 349
f 350 349 348
f 352 353 351
f 352 351 350
f 354 353 352
f 354 355 353
f 356 355 354
f 356 357 355
f 358 357 356
f 358 359 357
f 360 359 358
f 360 361 359
f 362 361 360
f 362 363 361
f 364 363 362
f 364 365 363
f 366 365 364
f 366 367 365
f 368 367 366
f 368 369 367
f 370 369 368
f 370 371 369
f 372 371 370
f 372 373 371
f 374 373 372
f 374 375 373
f 376 375 374
f 376 377 375
f 378 377 376
f 378 379 377
f 380 379 378
f 381 382 379
f 381 379 380
f 381 383 382
f 384 385 383
f 384 383 381
f 386 387 385
f 386 385 384
f 388 389 387
f 388 387 386
f 390 391 389
f 390 389 388
f 392 393 391
f 392 391 390
f 394 395 393
f 394 393 392
f 396 395 394
f 397 398 395
f 397 399 398
f 397 395 396
f 400 401 399
f 400 399 397
f 402 401 400
f 403 401 402
f 403 404 401
f 403 405 404
f 406 405 403
f 406 407 405
f 408 407 406
f 408 409 407
f 410 409 408
f 410 411 409
f 412 411 410
f 413 414 415
f 413 416 414
f 417 418 416
f 417 416 413
f 419 420 418
f 419 421 420
f 419 418 417
f 422 423 421
f 422 421 419
f 424 423 422
f 425 423 424
f 425 426 423
f 425 427 426
f 428 427 425
f 429 427 428
f 429 430 427
f 429 431 430
f 432 431 429
f 433 431 432
f 433 434 431
f 433 435 434
f 436 435 433
f 436 437 435
f 438 437 436
f 439 437 438
f 439 440 437
f 439 441 440
f 442 441 439
f 443 441 442
f 443 444 441
f 445 444 443
f 445 446 444
f 445 447 446
f 448 447 445
f 449 447 448
f 449 450 447
f 449 451 450
f 452 451 449
f 453 454 451
f 453 451 452
f 453 455 454
f 456 457 455
f 456 455 453
f 458 457 456
f 459 460 457
f 459 457 458
f 461 462 460
f 461 460 459
f 463 464 462
f 463 462 461
f 465 464 463
f 465 466 464
f 467 468 466
f 467 466 465
f 469 470 468
f 469 468 467
f 471 472 470
f 471 470 469
f 473 474 472
f 473 472 471
f 475 476 474
f 475 474 473
f 477 476 475
f 477 478 476
f 477 479 478
f 480 479 477
f 480 481 479
f 482 481 480
f 483 481 482
f 483 484 481
f 485 486 487
f 485 488 486
f 489 490 488
f 489 488 485
f 491 492 490
f 491 490 489
f 493 494 492
f 493 492 491
f 495 496 494
f 495 494 493
f 497 496 495
f 497 498 496
f 499 498 497
f 499 500 498
f 501 500 499
f 501 502 500
f 503 502 501
f 503 504 502
f 505 504 503
f 505 506 504
f 507 506 505
f 507 508 506
f 509 508 507
f 509 510 508
f 511 510 509
f 511 512 510
f 513 512 511
f 513 514 512
f 515 514 513
f 515 516 514
f 517 516 515
f 517 518 516
f 519 518 517
f 519 520 518
f 521 520 519
f 521 522 520
f 523 522 521
f 523 524 522
f 525 524 523
f 525 526 524
f 527 528 526
f 527 526 525
f 529 530 528
f 529 528 527
f 531 532 530
f 531 530 529
f 533 534 532
f 533 532 531
f 535 536 534
f 535 534 533
f 537 538 536
f 537 536 535
f 539 540 538
f 539 538 537
f 541 542 540
f 541 540 539
f 543 544 542
f 543 542 541
f 545 546 544
f 545 544 543
f 547 548 546
f 547 546 545
f 549 548 547
f 549 550 548
f 551 550 549
f 551 552 550
f 553 552 551
f 553 554 552
f 555 554 553
f 555 556 554
f 557 558 559
f 557 559 560
f 557 560 561
f 557 561 562
f 557 562 563
f 557 563 564
f 557 564 565
f 557 565 566
f 557 566 567
f 568 569 558
f 568 570 569
f 571 572 568
f 571 558 557
f 571 568 558
f 573 572 571
f 574 571 575
f 576 573 571
f 577 571 574
f 578 571 577
f 579 576 571
f 579 571 578
f 580 581 582
f 583 580 582
f 583 582 584
f 585 583 584
f 585 584 586
f 585 586 587
f 585 587 588
f 585 588 589
f 590 589 591
f 590 591 592
f 590 592 593
f 590 593 594
f 590 594 595
f 590 595 596
f 590 596 597
f 590 585 589
f 598 590 597
f 598 597 599
f 598 599 600
f 598 600 601
f 598 601 602
f 598 602 603
f 598 603 604
f 598 604 605
f 606 598 605
f 607 608 609
f 607 609 610
f 611 610 612
f 611 612 613
f 611 613 614
f 611 614 615
f 611 615 616
f 611 616 617
f 611 617 618
f 611 618 619
f 611 619 620
f 611 620 621
f 611 621 606
f 611 606 605
f 611 607 610
f 622 605 623
f 622 611 605
f 624 625 626
f 624 626 627
f 624 627 628
f 624 628 629
f 630 625 624
f 630 631 632
f 630 632 633
f 630 633 634
f 630 634 635
f 630 635 636
f 630 636 637
f 630 637 638
f 630 638 625
f 639 623 640
f 639 640 641
f 639 641 642
f 639 642 643
f 639 643 644
f 639 644 645
f 639 645 646
f 639 646 631
f 639 631 630
f 647 648 649
f 650 623 639
f 650 622 623
f 651 647 649
f 651 649 652
f 651 652 622
f 653 622 650
f 654 651 622
f 655 622 653
f 656 654 622
f 657 622 655
f 658 656 622
f 659 622 657
f 660 658 622
f 661 660 622
f 661 622 659
f 662 611 622
f 663 662 622
f 569 664 665
f 569 570 664
f 605 665 623
f 605 569 665
f 666 667 668
f 666 669 667
f 662 572 670
f 662 670 671
f 662 671 672
f 662 672 673
f 662 673 674
f 662 674 675
f 662 675 676
f 662 676 677
f 662 677 678
f 662 678 679
f 662 679 680
f 662 680 681
f 662 568 572
f 663 682 568
f 663 568 662
f 683 682 663
f 684 685 686
f 687 685 684
f 214 216 688
f 218 685 688
f 218 688 216
f 212 214 688
f 220 685 218
f 210 212 688
f 221 685 220
f 208 210 688
f 223 685 221
f 206 208 688
f 225 685 223
f 204 206 688
f 228 685 225
f 202 204 688
f 230 685 228
f 200 202 688
f 231 685 230
f 198 200 688
f 234 685 231
f 689 198 688
f 235 686 685
f 235 685 234
f 690 689 688
f 237 686 235
f 691 690 688
f 239 686 237
f 692 691 688
f 242 686 239
f 244 686 242
f 246 686 244
f 248 686 246
f 249 686 248
f 251 686 249
f 254 686 251
f 669 693 694
f 669 694 695
f 669 695 696
f 669 686 254
f 669 254 256
f 669 256 258
f 669 258 260
f 669 260 262
f 669 262 264
f 669 264 266
f 669 266 268
f 669 268 697
f 669 697 693
f 53 698 699
f 55 699 700
f 55 53 699
f 51 701 698
f 51 698 53
f 57 700 702
f 57 55 700
f 49 703 701
f 49 701 51
f 59 702 704
f 59 57 702
f 47 705 703
f 47 703 49
f 61 704 706
f 61 59 704
f 45 705 47
f 45 707 705
f 63 61 706
f 43 707 45
f 43 708 707
f 41 709 708
f 41 708 43
f 39 710 709
f 39 709 41
f 37 711 710
f 37 710 39
f 712 713 714
f 712 714 715
f 716 717 718
f 716 715 717
f 716 69 67
f 716 72 69
f 716 712 715
f 35 711 37
f 719 72 716
f 33 711 35
f 33 720 711
f 721 719 716
f 31 722 720
f 31 720 33
f 723 721 716
f 29 724 722
f 29 722 31
f 725 723 716
f 27 726 724
f 27 724 29
f 727 725 716
f 25 728 726
f 25 726 27
f 729 727 716
f 23 728 25
f 23 730 728
f 731 729 716
f 21 732 730
f 21 730 23
f 733 731 716
f 19 734 732
f 19 732 21
f 735 733 716
f 17 736 734
f 17 734 19
f 737 735 716
f 15 738 736
f 15 736 17
f 13 739 738
f 13 738 15
f 11 696 739
f 11 739 13
f 9 669 696
f 9 696 11
f 7 669 9
f 5 669 7
f 1 669 5
f 3 669 1
f 740 669 3
f 502 504 716
f 506 716 504
f 500 502 716
f 508 737 716
f 508 741 737
f 508 716 506
f 498 718 742
f 498 716 718
f 498 500 716
f 510 743 741
f 510 741 508
f 496 742 744
f 496 498 742
f 512 745 743
f 512 743 510
f 494 744 746
f 494 746 747
f 494 496 744
f 514 748 745
f 514 745 512
f 492 747 749
f 492 494 747
f 516 750 748
f 516 748 514
f 490 492 749
f 490 749 751
f 490 751 664
f 518 752 750
f 518 750 516
f 488 490 664
f 520 753 752
f 520 754 753
f 520 752 518
f 486 488 664
f 522 754 520
f 522 755 754
f 756 486 664
f 524 757 755
f 524 755 522
f 758 756 664
f 526 757 524
f 526 759 757
f 760 758 664
f 528 761 759
f 528 759 526
f 762 760 664
f 530 761 528
f 530 763 761
f 532 764 763
f 532 763 530
f 534 764 532
f 534 765 764
f 536 766 765
f 536 765 534
f 538 767 766
f 538 766 536
f 540 767 538
f 540 768 767
f 542 769 768
f 542 768 540
f 544 770 769
f 544 769 542
f 546 770 544
f 546 771 770
f 548 772 771
f 548 771 546
f 550 772 548
f 550 773 772
f 552 773 550
f 552 669 740
f 552 740 773
f 554 669 552
f 556 669 554
f 774 775 776
f 777 774 776
f 777 776 778
f 779 775 774
f 779 780 775
f 781 777 778
f 781 778 782
f 783 780 779
f 783 784 780
f 785 781 782
f 785 782 786
f 787 784 783
f 787 788 784
f 789 785 786
f 790 788 787
f 790 791 788
f 792 789 786
f 792 786 793
f 794 791 790
f 794 795 791
f 796 792 793
f 796 793 762
f 797 795 794
f 797 798 795
f 799 762 664
f 799 796 762
f 800 801 798
f 800 798 797
f 802 664 570
f 802 799 664
f 803 801 800
f 804 802 570
f 805 801 803
f 805 806 801
f 807 808 806
f 807 806 805
f 809 808 807
f 809 810 808
f 811 812 810
f 811 810 809
f 813 814 812
f 813 812 811
f 815 814 813
f 815 816 814
f 817 818 816
f 817 816 815
f 819 570 568
f 819 804 570
f 820 818 817
f 820 821 818
f 822 819 568
f 823 824 821
f 823 821 820
f 825 822 568
f 826 827 824
f 826 824 823
f 828 829 827
f 828 827 826
f 830 831 829
f 830 829 828
f 832 831 830
f 833 834 831
f 833 831 832
f 835 836 834
f 835 834 833
f 837 836 835
f 837 838 836
f 839 838 837
f 839 840 838
f 359 841 842
f 357 842 843
f 357 359 842
f 361 844 841
f 361 841 359
f 355 843 845
f 355 357 843
f 363 846 844
f 363 844 361
f 353 847 848
f 353 845 847
f 353 355 845
f 365 846 363
f 365 849 846
f 351 848 850
f 351 353 848
f 367 851 849
f 367 849 365
f 349 850 825
f 349 351 850
f 369 852 851
f 369 851 367
f 347 349 825
f 347 825 568
f 371 852 369
f 371 853 852
f 345 347 568
f 373 854 853
f 373 853 371
f 342 345 568
f 375 855 854
f 375 856 855
f 375 854 373
f 343 342 568
f 377 857 856
f 377 856 375
f 858 343 568
f 379 859 857
f 379 857 377
f 860 858 568
f 382 859 379
f 382 861 859
f 862 860 568
f 383 861 382
f 383 863 861
f 864 862 568
f 385 865 863
f 385 863 383
f 866 864 568
f 387 865 385
f 387 867 865
f 868 866 568
f 389 867 387
f 389 869 867
f 870 868 568
f 391 869 389
f 391 871 869
f 872 870 568
f 393 871 391
f 393 873 871
f 874 872 568
f 395 873 393
f 395 875 873
f 876 874 568
f 398 875 395
f 398 877 875
f 878 876 568
f 399 877 398
f 399 879 877
f 399 880 879
f 881 878 568
f 401 880 399
f 682 881 568
f 682 882 883
f 682 883 884
f 682 884 885
f 682 885 886
f 682 886 887
f 682 887 888
f 682 888 889
f 682 889 890
f 682 890 891
f 682 891 892
f 682 892 893
f 682 893 894
f 682 894 895
f 682 895 896
f 682 896 897
f 682 897 881
f 667 556 898
f 667 898 840
f 667 899 880
f 667 900 899
f 667 880 401
f 667 901 900
f 667 902 901
f 667 903 902
f 667 839 903
f 667 401 404
f 667 404 405
f 667 405 407
f 667 407 409
f 667 409 411
f 667 411 904
f 667 904 905
f 667 905 906
f 667 906 907
f 667 907 908
f 667 908 909
f 667 840 839
f 667 909 882
f 667 882 682
f 667 669 556
f 716 692 688
f 716 706 692
f 716 65 706
f 65 63 706
f 716 67 65
f 141 910 143
f 145 910 687
f 145 143 910
f 139 910 141
f 147 145 687
f 137 910 139
f 149 147 687
f 135 910 137
f 152 149 687
f 133 910 135
f 153 152 687
f 131 910 133
f 156 153 687
f 129 910 131
f 157 156 687
f 125 910 129
f 159 157 687
f 127 910 125
f 161 159 687
f 911 910 127
f 163 161 687
f 912 910 911
f 684 163 687
f 684 165 163
f 684 167 165
f 169 167 684
f 171 169 684
f 173 171 684
f 175 173 684
f 177 175 684
f 179 177 684
f 666 179 684
f 666 181 179
f 666 183 181
f 666 185 183
f 666 187 185
f 666 190 187
f 666 191 190
f 666 193 191
f 666 195 193
f 913 195 666
f 914 913 666
f 915 914 666
f 916 915 666
f 917 916 666
f 918 919 920
f 918 921 919
f 918 922 921
f 918 923 922
f 918 924 923
f 918 925 924
f 918 926 925
f 918 927 926
f 918 928 927
f 918 912 928
f 918 910 912
f 429 918 432
f 433 432 918
f 428 918 429
f 436 433 918
f 425 918 428
f 438 436 918
f 438 920 929
f 438 918 920
f 424 918 425
f 439 438 929
f 439 929 930
f 422 918 424
f 442 439 930
f 419 918 422
f 443 442 930
f 443 930 931
f 417 918 419
f 445 443 931
f 445 931 932
f 413 918 417
f 448 445 932
f 448 933 934
f 448 932 933
f 415 918 413
f 449 448 934
f 935 918 415
f 452 936 937
f 452 934 936
f 452 449 934
f 938 918 935
f 453 452 937
f 456 453 937
f 456 937 939
f 458 456 939
f 458 940 941
f 458 939 940
f 459 458 941
f 461 941 942
f 461 459 941
f 463 461 942
f 463 942 943
f 465 944 945
f 465 943 944
f 465 463 943
f 467 465 945
f 469 467 945
f 469 945 946
f 471 947 917
f 471 946 947
f 471 469 946
f 473 471 917
f 473 917 666
f 475 473 666
f 477 475 666
f 480 477 666
f 482 480 666
f 286 948 288
f 286 949 948
f 290 288 948
f 290 948 950
f 284 949 286
f 284 951 949
f 292 290 950
f 292 950 952
f 282 951 284
f 282 953 951
f 294 292 952
f 294 952 954
f 280 953 282
f 280 955 953
f 296 294 954
f 296 954 956
f 278 955 280
f 278 957 955
f 298 296 956
f 298 956 958
f 276 957 278
f 276 959 957
f 300 298 958
f 300 958 960
f 274 938 959
f 274 959 276
f 302 300 960
f 302 960 961
f 304 302 961
f 304 961 962
f 305 304 962
f 305 962 963
f 307 305 963
f 307 964 965
f 307 963 964
f 309 307 965
f 311 309 965
f 311 966 967
f 311 965 966
f 314 311 967
f 315 314 967
f 315 967 968
f 318 968 969
f 318 315 968
f 319 969 970
f 319 318 969
f 321 970 971
f 321 319 970
f 972 973 974
f 972 975 973
f 972 976 975
f 972 977 976
f 972 978 977
f 972 979 978
f 980 972 974
f 323 321 971
f 323 971 981
f 982 972 980
f 325 323 981
f 325 981 983
f 984 985 986
f 984 986 972
f 984 972 982
f 327 325 983
f 327 987 988
f 327 983 987
f 989 985 984
f 989 990 991
f 989 991 992
f 989 992 985
f 330 327 988
f 993 990 989
f 993 994 995
f 993 995 990
f 996 994 993
f 996 997 998
f 996 998 994
f 999 1000 1001
f 999 1001 997
f 999 997 996
f 1002 1003 1004
f 1002 1004 1000
f 1002 1000 999
f 683 1005 1006
f 683 1007 1005
f 683 1008 1007
f 683 1009 1008
f 683 1010 1011
f 683 1012 1009
f 683 1011 1013
f 683 1014 1012
f 683 1013 1015
f 683 1016 1014
f 683 1015 1017
f 683 1018 1016
f 683 1017 1019
f 683 1020 1018
f 683 1019 1003
f 683 1021 1020
f 683 1002 1021
f 683 1003 1002
f 668 1022 1023
f 668 683 1006
f 668 1024 1022
f 668 1025 1024
f 668 1026 1025
f 668 1027 1026
f 668 1028 1027
f 668 1006 1028
f 668 330 988
f 668 332 330
f 668 334 332
f 668 335 334
f 668 338 335
f 668 339 338
f 668 1029 1030
f 668 1031 1029
f 668 1032 1031
f 668 988 1032
f 668 1023 339
f 972 918 269
f 269 918 272
f 272 918 274
f 274 918 938
f 972 269 1033
f 972 1033 979
f 666 668 483
f 483 668 1030
f 666 483 482
f 683 663 1034
f 683 1034 1010
f 682 683 668
f 667 682 668
f 686 669 666
f 686 666 684
f 555 898 556
f 1035 840 898
f 1035 898 555
f 1036 840 1035
f 1037 838 840
f 1037 836 838
f 1037 840 1036
f 1038 834 836
f 1038 836 1037
f 1039 834 1038
f 1040 834 1039
f 1040 831 834
f 1041 831 1040
f 1041 829 831
f 1041 827 829
f 1042 827 1041
f 1043 827 1042
f 1043 824 827
f 1044 824 1043
f 1044 821 824
f 1045 821 1044
f 1045 818 821
f 1045 816 818
f 1046 816 1045
f 1047 816 1046
f 1047 814 816
f 1048 814 1047
f 1048 812 814
f 1048 810 812
f 1049 810 1048
f 1050 810 1049
f 1050 808 810
f 1051 808 1050
f 1051 806 808
f 1051 801 806
f 1052 801 1051
f 1052 798 801
f 1053 798 1052
f 1054 795 798
f 1054 798 1053
f 1055 795 1054
f 1055 791 795
f 1056 788 791
f 1056 791 1055
f 1057 784 788
f 1057 788 1056
f 1058 780 784
f 1058 784 1057
f 1059 775 780
f 1059 780 1058
f 1060 776 775
f 1060 775 1059
f 1061 778 776
f 1061 776 1060
f 1062 782 778
f 1062 786 782
f 1062 778 1061
f 1063 786 1062
f 1064 793 786
f 1064 762 793
f 1064 786 1063
f 1065 760 762
f 1065 762 1064
f 1066 760 1065
f 1067 758 760
f 1067 760 1066
f 1068 758 1067
f 1068 756 758
f 487 756 1068
f 487 486 756
f 539 466 468
f 539 537 466
f 535 464 466
f 535 466 537
f 541 468 470
f 541 539 468
f 533 462 464
f 533 464 535
f 543 470 472
f 543 541 470
f 531 460 462
f 531 462 533
f 545 472 474
f 545 543 472
f 529 457 460
f 529 460 531
f 547 474 476
f 547 545 474
f 527 454 455
f 527 455 457
f 527 457 529
f 549 547 476
f 549 476 478
f 525 454 527
f 551 478 479
f 551 549 478
f 523 451 454
f 523 454 525
f 553 479 481
f 553 551 479
f 521 451 523
f 521 447 450
f 521 450 451
f 555 553 481
f 555 481 484
f 519 447 521
f 1035 555 484
f 1035 484 1069
f 517 446 447
f 517 447 519
f 1036 1035 1069
f 1036 1069 1070
f 515 444 446
f 515 446 517
f 1037 1036 1070
f 1037 1070 1071
f 513 441 444
f 513 444 515
f 1038 1037 1071
f 1038 1071 1072
f 511 440 441
f 511 441 513
f 1039 1072 1073
f 1039 1038 1072
f 509 437 440
f 509 440 511
f 1040 1073 1074
f 1040 1074 1075
f 1040 1039 1073
f 507 435 437
f 507 437 509
f 1041 1040 1075
f 505 434 435
f 505 435 507
f 1042 1075 1076
f 1042 1041 1075
f 503 431 434
f 503 434 505
f 1077 1043 1042
f 1077 1042 1076
f 430 431 503
f 430 503 501
f 1078 1044 1043
f 1078 1043 1077
f 1045 1044 1078
f 427 501 499
f 427 430 501
f 1079 1045 1078
f 426 427 499
f 426 499 497
f 1080 1045 1079
f 1080 1046 1045
f 1080 1047 1046
f 423 426 497
f 423 495 493
f 423 497 495
f 1081 1047 1080
f 421 423 493
f 421 493 491
f 1082 1047 1081
f 1082 1048 1047
f 420 421 491
f 1083 1049 1048
f 1083 1050 1049
f 1083 1048 1082
f 418 420 491
f 418 491 489
f 1084 1051 1050
f 1084 1050 1083
f 416 418 489
f 416 489 485
f 1085 1052 1051
f 1085 1051 1084
f 414 485 487
f 414 416 485
f 1086 1053 1052
f 1086 1052 1085
f 1087 414 487
f 1087 487 1068
f 1088 1053 1086
f 1089 1087 1068
f 1089 1068 1067
f 1090 1054 1053
f 1090 1055 1054
f 1090 1053 1088
f 1091 1066 1065
f 1091 1067 1066
f 1091 1089 1067
f 1092 1055 1090
f 1093 1091 1065
f 1094 1056 1055
f 1094 1057 1056
f 1094 1055 1092
f 1095 1093 1065
f 1095 1064 1063
f 1095 1065 1064
f 1096 1057 1094
f 1097 1095 1063
f 1098 1057 1096
f 1098 1058 1057
f 1098 1059 1058
f 1099 1063 1062
f 1099 1097 1063
f 1100 1059 1098
f 1100 1060 1059
f 1101 1099 1062
f 1101 1062 1061
f 1102 1060 1100
f 1102 1101 1061
f 1102 1061 1060
f 1030 484 483
f 1030 1069 484
f 1029 1070 1069
f 1029 1069 1030
f 1031 1071 1070
f 1031 1070 1029
f 1032 1072 1071
f 1032 1073 1072
f 1032 1071 1031
f 988 1073 1032
f 987 1073 988
f 987 1074 1073
f 987 1075 1074
f 983 1075 987
f 981 1075 983
f 981 1076 1075
f 981 1077 1076
f 971 1077 981
f 970 1077 971
f 970 1078 1077
f 969 1078 970
f 969 1079 1078
f 969 1080 1079
f 968 1080 969
f 968 1081 1080
f 967 1081 968
f 966 1081 967
f 966 1082 1081
f 965 1082 966
f 965 1083 1082
f 965 1084 1083
f 964 1084 965
f 963 1084 964
f 963 1085 1084
f 963 1086 1085
f 962 1086 963
f 962 1088 1086
f 961 1088 962
f 960 1090 1088
f 960 1092 1090
f 960 1088 961
f 958 1092 960
f 956 1094 1092
f 956 1092 958
f 954 1096 1094
f 954 1094 956
f 952 1098 1096
f 952 1096 954
f 950 1100 1098
f 950 1098 952
f 948 1100 950
f 948 1102 1100
f 949 1101 1102
f 949 1102 948
f 951 1099 1101
f 951 1101 949
f 953 1097 1099
f 953 1099 951
f 955 1095 1097
f 955 1097 953
f 957 1093 1095
f 957 1095 955
f 959 1093 957
f 959 1091 1093
f 959 1089 1091
f 938 1089 959
f 935 1089 938
f 935 1087 1089
f 415 1087 935
f 415 414 1087
f 1103 411 412
f 1103 904 411
f 1104 905 904
f 1104 904 1103
f 1105 906 905
f 1105 905 1104
f 1106 907 906
f 1106 906 1105
f 1107 908 907
f 1107 909 908
f 1107 907 1106
f 1108 909 1107
f 1109 909 1108
f 1109 882 909
f 1109 883 882
f 1110 883 1109
f 1110 884 883
f 1111 884 1110
f 1112 884 1111
f 1112 885 884
f 1112 886 885
f 1113 886 1112
f 1113 887 886
f 1114 887 1113
f 1114 888 887
f 1115 888 1114
f 1116 888 1115
f 1116 889 888
f 1116 890 889
f 1117 890 1116
f 1118 890 1117
f 1118 891 890
f 1118 892 891
f 1119 892 1118
f 1119 893 892
f 1120 893 1119
f 1120 894 893
f 1121 894 1120
f 1122 894 1121
f 1122 895 894
f 1122 896 895
f 1123 896 1122
f 1124 897 896
f 1124 896 1123
f 1125 881 897
f 1125 878 881
f 1125 897 1124
f 1126 876 878
f 1126 878 1125
f 1127 876 1126
f 1128 874 876
f 1128 876 1127
f 1129 872 874
f 1129 874 1128
f 1130 870 872
f 1130 868 870
f 1130 872 1129
f 1131 866 868
f 1131 868 1130
f 1132 866 1131
f 1133 866 1132
f 1133 864 866
f 1133 862 864
f 1134 862 1133
f 1134 860 862
f 1135 860 1134
f 1135 858 860
f 1136 858 1135
f 1136 343 858
f 341 343 1136
f 396 322 324
f 396 324 326
f 396 394 322
f 392 320 322
f 392 322 394
f 397 326 328
f 397 396 326
f 390 317 320
f 390 320 392
f 400 328 329
f 400 397 328
f 388 316 317
f 388 317 390
f 402 329 331
f 402 400 329
f 386 313 316
f 386 316 388
f 403 331 333
f 403 402 331
f 384 312 313
f 384 313 386
f 406 403 333
f 381 310 312
f 381 312 384
f 408 333 336
f 408 336 337
f 408 406 333
f 380 308 310
f 380 310 381
f 410 408 337
f 378 306 308
f 378 308 380
f 412 337 340
f 412 340 1137
f 412 410 337
f 376 303 306
f 376 306 378
f 1103 412 1137
f 374 301 303
f 374 303 376
f 1104 1103 1137
f 1104 1137 1138
f 1104 1138 1139
f 372 299 301
f 372 301 374
f 1105 1104 1139
f 370 299 372
f 370 297 299
f 1106 1139 1140
f 1106 1105 1139
f 368 295 297
f 368 297 370
f 1107 1140 1141
f 1107 1106 1140
f 366 293 295
f 366 295 368
f 1108 1107 1141
f 1108 1141 1142
f 364 291 293
f 364 293 366
f 1109 1108 1142
f 1109 1142 1143
f 1144 1109 1143
f 362 289 291
f 362 291 364
f 1110 1109 1144
f 360 287 289
f 360 289 362
f 1145 1111 1110
f 1145 1110 1144
f 285 287 360
f 285 360 358
f 1146 1112 1111
f 1146 1111 1145
f 1113 1112 1146
f 283 356 354
f 283 358 356
f 283 285 358
f 1147 1113 1146
f 281 283 354
f 1148 1113 1147
f 1148 1114 1113
f 279 281 354
f 279 354 352
f 1149 1114 1148
f 1149 1115 1114
f 277 279 352
f 277 352 350
f 1150 1116 1115
f 1150 1117 1116
f 1150 1115 1149
f 275 277 350
f 275 350 348
f 1151 1117 1150
f 273 275 348
f 273 348 346
f 1152 1118 1117
f 1152 1117 1151
f 270 344 341
f 270 273 346
f 270 346 344
f 1153 1119 1118
f 1153 1118 1152
f 271 270 341
f 1154 1120 1119
f 1154 1121 1120
f 1154 1119 1153
f 1155 341 1136
f 1155 271 341
f 1156 1121 1154
f 1157 1136 1135
f 1157 1155 1136
f 1158 1122 1121
f 1158 1121 1156
f 1159 1157 1135
f 1159 1135 1134
f 1160 1123 1122
f 1160 1122 1158
f 1161 1134 1133
f 1161 1159 1134
f 1162 1124 1123
f 1162 1123 1160
f 1163 1133 1132
f 1163 1161 1133
f 1164 1124 1162
f 1164 1125 1124
f 1164 1126 1125
f 1165 1131 1130
f 1165 1132 1131
f 1165 1163 1132
f 1166 1126 1164
f 1167 1165 1130
f 1168 1126 1166
f 1168 1127 1126
f 1169 1167 1130
f 1169 1130 1129
f 1170 1127 1168
f 1170 1169 1129
f 1170 1128 1127
f 1170 1129 1128
f 1023 340 339
f 1023 1137 340
f 1022 1138 1137
f 1022 1137 1023
f 1024 1139 1138
f 1024 1138 1022
f 1025 1140 1139
f 1025 1139 1024
f 1026 1141 1140
f 1026 1140 1025
f 1027 1141 1026
f 1027 1142 1141
f 1028 1142 1027
f 1028 1143 1142
f 1028 1144 1143
f 1006 1144 1028
f 1005 1144 1006
f 1005 1145 1144
f 1007 1145 1005
f 1007 1146 1145
f 1008 1146 1007
f 1008 1147 1146
f 1009 1147 1008
f 1009 1148 1147
f 1012 1148 1009
f 1012 1149 1148
f 1014 1149 1012
f 1014 1150 1149
f 1016 1150 1014
f 1016 1151 1150
f 1016 1152 1151
f 1018 1152 1016
f 1020 1152 1018
f 1020 1153 1152
f 1021 1153 1020
f 1021 1154 1153
f 1002 1154 1021
f 1002 1156 1154
f 1002 1158 1156
f 999 1158 1002
f 996 1160 1158
f 996 1158 999
f 993 1162 1160
f 993 1160 996
f 989 1164 1162
f 989 1162 993
f 984 1166 1164
f 984 1164 989
f 982 1168 1166
f 982 1166 984
f 980 1168 982
f 980 1170 1168
f 980 1169 1170
f 974 1169 980
f 973 1167 1169
f 973 1169 974
f 975 1165 1167
f 975 1163 1165
f 975 1167 973
f 976 1163 975
f 977 1163 976
f 977 1161 1163
f 977 1159 1161
f 978 1159 977
f 979 1157 1159
f 979 1155 1157
f 979 1159 978
f 1033 1155 979
f 269 1155 1033
f 269 271 1155
f 267 697 268
f 1171 693 697
f 1171 697 267
f 1172 693 1171
f 1173 694 693
f 1173 695 694
f 1173 693 1172
f 1174 696 695
f 1174 695 1173
f 1175 696 1174
f 1176 696 1175
f 1176 739 696
f 1177 739 1176
f 1177 738 739
f 1177 736 738
f 1178 736 1177
f 1179 736 1178
f 1179 734 736
f 1180 734 1179
f 1180 732 734
f 1181 732 1180
f 1181 730 732
f 1181 728 730
f 1182 728 1181
f 1183 728 1182
f 1183 726 728
f 1184 726 1183
f 1184 724 726
f 1184 722 724
f 1185 722 1184
f 1186 722 1185
f 1186 720 722
f 1187 720 1186
f 1187 711 720
f 1187 710 711
f 1188 710 1187
f 1188 709 710
f 1189 709 1188
f 1190 709 1189
f 1190 708 709
f 1191 707 708
f 1191 708 1190
f 1192 705 707
f 1192 707 1191
f 1193 703 705
f 1193 705 1192
f 1194 701 703
f 1194 703 1193
f 1195 698 701
f 1195 701 1194
f 1196 698 1195
f 1196 699 698
f 1197 700 699
f 1197 699 1196
f 1198 702 700
f 1198 704 702
f 1198 700 1197
f 1199 704 1198
f 1200 706 704
f 1200 692 706
f 1200 704 1199
f 1201 691 692
f 1201 692 1200
f 1202 691 1201
f 1203 690 691
f 1203 691 1202
f 1204 690 1203
f 1204 689 690
f 199 689 1204
f 199 198 689
f 252 178 180
f 252 250 178
f 247 176 178
f 247 178 250
f 253 180 182
f 253 182 184
f 253 252 180
f 245 174 176
f 245 176 247
f 255 253 184
f 243 172 174
f 243 174 245
f 257 184 186
f 257 255 184
f 241 170 172
f 241 172 243
f 259 186 188
f 259 257 186
f 240 168 170
f 240 170 241
f 261 188 189
f 261 259 188
f 238 168 240
f 238 166 168
f 263 261 189
f 263 189 192
f 236 166 238
f 236 164 166
f 265 192 194
f 265 263 192
f 233 160 162
f 233 162 164
f 233 164 236
f 267 194 196
f 267 265 194
f 232 160 233
f 1171 267 196
f 1171 196 1205
f 229 158 160
f 229 160 232
f 1172 1171 1205
f 1172 1205 1206
f 1172 1206 1207
f 227 158 229
f 227 155 158
f 1173 1172 1207
f 226 154 155
f 226 155 227
f 1174 1173 1207
f 1174 1207 1208
f 224 154 226
f 224 151 154
f 1175 1174 1208
f 1175 1208 1209
f 222 150 151
f 222 151 224
f 1176 1209 1210
f 1176 1175 1209
f 219 148 150
f 219 150 222
f 1177 1210 1211
f 1177 1176 1210
f 217 146 148
f 217 148 219
f 1178 1211 1212
f 1178 1177 1211
f 215 144 146
f 215 146 217
f 1213 1179 1178
f 1213 1178 1212
f 213 144 215
f 142 144 213
f 1214 1180 1179
f 1214 1179 1213
f 140 211 209
f 140 213 211
f 140 142 213
f 1215 1181 1180
f 1215 1180 1214
f 138 140 209
f 1216 1182 1181
f 1216 1183 1182
f 1216 1181 1215
f 136 138 209
f 136 207 205
f 136 209 207
f 1217 1183 1216
f 134 136 205
f 1218 1183 1217
f 1218 1184 1183
f 132 134 205
f 132 205 203
f 1219 1185 1184
f 1219 1184 1218
f 130 132 203
f 130 203 201
f 1220 1186 1185
f 1220 1185 1219
f 128 130 201
f 128 201 197
f 1221 1187 1186
f 1221 1188 1187
f 1221 1186 1220
f 126 197 199
f 126 128 197
f 1222 1188 1221
f 1223 126 199
f 1223 199 1204
f 1224 1189 1188
f 1224 1188 1222
f 1225 1223 1204
f 1225 1203 1202
f 1225 1204 1203
f 1226 1189 1224
f 1226 1190 1189
f 1227 1225 1202
f 1228 1191 1190
f 1228 1190 1226
f 1229 1201 1200
f 1229 1202 1201
f 1229 1227 1202
f 1230 1192 1191
f 1230 1191 1228
f 1231 1229 1200
f 1232 1193 1192
f 1232 1192 1230
f 1233 1231 1200
f 1233 1200 1199
f 1234 1194 1193
f 1234 1195 1194
f 1234 1193 1232
f 1235 1198 1197
f 1235 1199 1198
f 1235 1233 1199
f 1236 1195 1234
f 1237 1235 1197
f 1238 1237 1197
f 1238 1196 1195
f 1238 1197 1196
f 1238 1195 1236
f 913 196 195
f 913 1205 196
f 914 1206 1205
f 914 1205 913
f 915 1207 1206
f 915 1206 914
f 916 1208 1207
f 916 1207 915
f 917 1209 1208
f 917 1208 916
f 947 1209 917
f 947 1210 1209
f 946 1210 947
f 946 1211 1210
f 946 1212 1211
f 945 1212 946
f 944 1212 945
f 944 1213 1212
f 943 1213 944
f 943 1214 1213
f 942 1214 943
f 942 1215 1214
f 941 1215 942
f 941 1216 1215
f 940 1216 941
f 940 1217 1216
f 939 1217 940
f 939 1218 1217
f 937 1218 939
f 937 1219 1218
f 937 1220 1219
f 936 1220 937
f 934 1220 936
f 934 1221 1220
f 933 1221 934
f 933 1222 1221
f 932 1222 933
f 932 1224 1222
f 932 1226 1224
f 931 1226 932
f 930 1228 1226
f 930 1226 931
f 929 1230 1228
f 929 1228 930
f 920 1232 1230
f 920 1230 929
f 919 1234 1232
f 919 1232 920
f 921 1236 1234
f 921 1234 919
f 922 1236 921
f 922 1238 1236
f 922 1237 1238
f 923 1237 922
f 924 1235 1237
f 924 1237 923
f 925 1233 1235
f 925 1231 1233
f 925 1235 924
f 926 1231 925
f 927 1231 926
f 927 1229 1231
f 927 1227 1229
f 928 1227 927
f 912 1225 1227
f 912 1223 1225
f 912 1227 928
f 911 1223 912
f 127 1223 911
f 127 126 1223
f 1239 74 1240
f 1241 74 1239
f 1242 74 1241
f 1243 74 71
f 1243 1240 74
f 1244 74 1242
f 1245 1239 1240
f 1245 1240 1243
f 1246 74 1244
f 1247 1239 1245
f 1247 1241 1239
f 1248 74 1246
f 1249 1242 1241
f 1249 1241 1247
f 1250 71 1251
f 1250 1251 1252
f 1250 1252 1253
f 1250 1243 71
f 1254 74 1248
f 1255 1242 1249
f 1255 1244 1242
f 1256 1253 1257
f 1256 1257 1258
f 1256 1243 1250
f 1256 1250 1253
f 1256 1245 1243
f 1259 74 74
f 1259 74 1254
f 1260 1246 1244
f 1260 1244 1255
f 1261 1258 1262
f 1261 1262 1263
f 1261 1256 1258
f 1261 1245 1256
f 1261 1247 1245
f 1264 74 1259
f 1265 1248 1246
f 1265 1246 1260
f 1266 1263 1267
f 1266 1267 1268
f 1266 1249 1247
f 1266 1247 1261
f 1266 1261 1263
f 1269 74 1264
f 1270 1254 1248
f 1270 1248 1265
f 1271 1268 1272
f 1271 1272 1273
f 1271 1249 1266
f 1271 1266 1268
f 1271 1255 1249
f 1274 74 1269
f 1275 1259 1254
f 1275 1254 1270
f 1276 1273 1277
f 1276 1277 1278
f 1276 1255 1271
f 1276 1271 1273
f 1276 1260 1255
f 1279 74 1274
f 1280 1269 1264
f 1280 1259 1275
f 1280 1264 1259
f 1281 1278 1282
f 1281 1282 1283
f 1281 1265 1260
f 1281 1260 1276
f 1281 1276 1278
f 1284 74 1279
f 1285 1269 1280
f 1286 1265 1281
f 1286 1283 1287
f 1286 1287 1288
f 1286 1270 1265
f 1286 1281 1283
f 1286 1275 1270
f 1289 74 1284
f 1290 1274 1269
f 1290 1269 1285
f 1291 1288 1292
f 1291 1286 1288
f 1291 1275 1286
f 1293 74 1289
f 1294 1279 1274
f 1294 1274 1290
f 1295 1291 1292
f 1295 1292 1296
f 1295 1296 1297
f 1295 1280 1275
f 1295 1275 1291
f 1298 74 1293
f 1299 1284 1279
f 1299 1279 1294
f 1300 1297 1301
f 1300 1301 1302
f 1300 1285 1280
f 1300 1280 1295
f 1300 1295 1297
f 1303 1289 1284
f 1303 1284 1299
f 1304 1302 1305
f 1304 1305 1306
f 1304 1290 1285
f 1304 1294 1290
f 1304 1285 1300
f 1304 1300 1302
f 1307 1293 1289
f 1307 1289 1303
f 1307 1298 1293
f 1308 1306 1309
f 1308 1309 1310
f 1308 1294 1304
f 1308 1304 1306
f 1311 2 74
f 1311 1298 1307
f 1311 74 1298
f 1312 1294 1308
f 1312 1310 1313
f 1312 1313 1314
f 1312 1308 1310
f 1312 1299 1294
f 1315 1299 1312
f 1315 1314 1316
f 1315 1316 1317
f 1315 1312 1314
f 1315 1303 1299
f 1318 1315 1317
f 1318 1307 1303
f 1318 1303 1315
f 1318 1317 1319
f 1318 1319 1320
f 1318 1311 1307
f 1321 2 1311
f 1321 1311 1318
f 1321 1318 1320
f 1321 1320 1322
f 1321 1322 1323
f 1321 1323 2
f 719 71 72
f 719 1251 71
f 721 1252 1251
f 721 1251 719
f 723 1253 1252
f 723 1252 721
f 725 1257 1253
f 725 1253 723
f 727 1258 1257
f 727 1257 725
f 729 1258 727
f 729 1262 1258
f 731 1262 729
f 731 1263 1262
f 733 1263 731
f 733 1267 1263
f 735 1267 733
f 735 1268 1267
f 737 1268 735
f 737 1272 1268
f 741 1272 737
f 741 1273 1272
f 743 1273 741
f 743 1277 1273
f 745 1277 743
f 745 1278 1277
f 748 1278 745
f 748 1282 1278
f 750 1282 748
f 750 1283 1282
f 750 1287 1283
f 752 1287 750
f 753 1287 752
f 753 1288 1287
f 753 1292 1288
f 754 1292 753
f 755 1292 754
f 755 1296 1292
f 757 1296 755
f 757 1297 1296
f 757 1301 1297
f 759 1301 757
f 761 1302 1301
f 761 1301 759
f 763 1305 1302
f 763 1306 1305
f 763 1302 761
f 764 1306 763
f 765 1309 1306
f 765 1306 764
f 766 1309 765
f 766 1310 1309
f 766 1313 1310
f 767 1314 1313
f 767 1313 766
f 768 1316 1314
f 768 1314 767
f 769 1317 1316
f 769 1316 768
f 770 1317 769
f 771 1317 770
f 771 1319 1317
f 772 1319 771
f 772 1320 1319
f 773 1320 772
f 773 1322 1320
f 740 1322 773
f 740 1323 1322
f 3 1323 740
f 3 2 1323
f 1324 1325 1326
f 1327 1325 1324
f 1328 1325 1327
f 1329 1325 1330
f 1329 1326 1325
f 1331 1325 1328
f 1332 1324 1326
f 1332 1326 1329
f 1333 1325 1331
f 1334 1324 1332
f 1334 1327 1324
f 1335 1325 1333
f 1336 1328 1327
f 1336 1327 1334
f 1337 1330 1338
f 1337 1338 1339
f 1337 1339 1340
f 1337 1329 1330
f 1341 1325 1335
f 1342 1328 1336
f 1342 1331 1328
f 1343 1329 1337
f 1343 1340 1344
f 1343 1344 1345
f 1343 1332 1329
f 1343 1337 1340
f 1346 1325 1325
f 1346 1325 1341
f 1347 1333 1331
f 1347 1331 1342
f 1348 1345 1349
f 1348 1349 1350
f 1348 1334 1332
f 1348 1343 1345
f 1348 1332 1343
f 1351 1325 1346
f 1352 1333 1347
f 1352 1335 1333
f 1353 1334 1348
f 1353 1350 1354
f 1353 1354 1355
f 1353 1336 1334
f 1353 1348 1350
f 1356 1325 1351
f 1357 1335 1352
f 1357 1341 1335
f 1358 1355 1359
f 1358 1359 1360
f 1358 1336 1353
f 1358 1353 1355
f 1358 1342 1336
f 1361 1325 1356
f 1362 1346 1341
f 1362 1341 1357
f 1363 1360 1364
f 1363 1364 1365
f 1363 1358 1360
f 1363 1342 1358
f 1363 1347 1342
f 1366 1325 1361
f 1367 1351 1346
f 1367 1346 1362
f 1368 1363 1365
f 1368 1347 1363
f 1368 1365 1369
f 1368 1369 1370
f 1368 1352 1347
f 1371 1325 1366
f 1372 1356 1351
f 1372 1351 1367
f 1373 1370 1374
f 1373 1374 1375
f 1373 1368 1370
f 1373 1357 1352
f 1373 1352 1368
f 1376 1325 1371
f 1377 1361 1356
f 1377 1366 1361
f 1377 1356 1372
f 1378 1375 1379
f 1378 1373 1375
f 1378 1362 1357
f 1378 1357 1373
f 1380 1325 1376
f 1381 1366 1377
f 1382 1379 1383
f 1382 1383 1384
f 1382 1378 1379
f 1382 1367 1362
f 1382 1362 1378
f 1382 1372 1367
f 1385 1325 1380
f 1386 1371 1366
f 1386 1366 1381
f 1387 1384 1388
f 1387 1388 1389
f 1387 1382 1384
f 1387 1372 1382
f 1390 1371 1386
f 1390 1376 1371
f 1391 1389 1392
f 1391 1392 1393
f 1391 1377 1372
f 1391 1372 1387
f 1391 1381 1377
f 1391 1387 1389
f 1394 1380 1376
f 1394 1376 1390
f 1395 1381 1391
f 1395 1393 1396
f 1395 1396 1397
f 1395 1391 1393
f 1398 1399 1325
f 1398 1380 1394
f 1398 1325 1385
f 1398 1385 1380
f 1400 1395 1397
f 1400 1397 1401
f 1400 1401 1402
f 1400 1386 1381
f 1400 1381 1395
f 1403 1386 1400
f 1403 1402 1404
f 1403 1404 1405
f 1403 1390 1386
f 1403 1400 1402
f 1406 1394 1390
f 1406 1390 1403
f 1406 1405 1407
f 1406 1407 1408
f 1406 1398 1394
f 1406 1403 1405
f 1409 1406 1408
f 1409 1398 1406
f 1409 1408 1410
f 1409 1410 1411
f 1409 1411 1399
f 1409 1399 1398
f 822 1330 819
f 822 1338 1330
f 825 1339 1338
f 825 1338 822
f 850 1340 1339
f 850 1339 825
f 848 1344 1340
f 848 1340 850
f 847 1345 1344
f 847 1344 848
f 845 1345 847
f 845 1349 1345
f 843 1349 845
f 843 1350 1349
f 842 1350 843
f 842 1354 1350
f 841 1354 842
f 841 1355 1354
f 844 1355 841
f 844 1359 1355
f 846 1359 844
f 846 1360 1359
f 849 1360 846
f 849 1364 1360
f 851 1364 849
f 851 1365 1364
f 852 1365 851
f 852 1369 1365
f 853 1369 852
f 853 1370 1369
f 853 1374 1370
f 854 1374 853
f 855 1374 854
f 855 1375 1374
f 856 1375 855
f 856 1379 1375
f 857 1379 856
f 857 1383 1379
f 859 1383 857
f 859 1384 1383
f 861 1388 1384
f 861 1384 859
f 863 1389 1388
f 863 1388 861
f 865 1392 1389
f 865 1389 863
f 867 1393 1392
f 867 1392 865
f 869 1396 1393
f 869 1393 867
f 871 1397 1396
f 871 1396 869
f 873 1401 1397
f 873 1397 871
f 875 1402 1401
f 875 1401 873
f 877 1404 1402
f 877 1402 875
f 879 1405 1404
f 879 1404 877
f 880 1407 1405
f 880 1405 879
f 899 1407 880
f 899 1408 1407
f 900 1408 899
f 900 1410 1408
f 901 1410 900
f 901 1411 1410
f 901 1399 1411
f 902 1399 901
f 1412 1413 1414
f 1415 1413 1412
f 1416 1413 1415
f 1417 1413 1418
f 1417 1414 1413
f 1419 1413 1416
f 1420 1414 1417
f 1420 1412 1414
f 1421 1413 1419
f 1422 1412 1420
f 1422 1415 1412
f 1423 1413 1421
f 1424 1416 1415
f 1424 1415 1422
f 1425 1418 1426
f 1425 1426 1427
f 1425 1427 1428
f 1425 1417 1418
f 1429 1413 1423
f 1430 1416 1424
f 1430 1419 1416
f 1431 1417 1425
f 1431 1428 1432
f 1431 1432 1433
f 1431 1420 1417
f 1431 1425 1428
f 1434 1413 1413
f 1434 1413 1429
f 1435 1421 1419
f 1435 1419 1430
f 1436 1433 1437
f 1436 1437 1438
f 1436 1422 1420
f 1436 1431 1433
f 1436 1420 1431
f 1439 1413 1434
f 1440 1421 1435
f 1440 1423 1421
f 1440 1429 1423
f 1441 1422 1436
f 1441 1438 1442
f 1441 1442 1443
f 1441 1424 1422
f 1441 1436 1438
f 1444 1413 1439
f 1445 1429 1440
f 1446 1443 1447
f 1446 1447 1448
f 1446 1424 1441
f 1446 1441 1443
f 1446 1430 1424
f 1449 1413 1444
f 1450 1429 1445
f 1450 1434 1429
f 1451 1448 1452
f 1451 1452 1453
f 1451 1446 1448
f 1451 1430 1446
f 1451 1435 1430
f 1454 1413 1449
f 1455 1439 1434
f 1455 1434 1450
f 1456 1435 1451
f 1456 1453 1457
f 1456 1440 1435
f 1456 1457 1458
f 1456 1445 1440
f 1456 1451 1453
f 1459 1413 1454
f 1460 1444 1439
f 1460 1439 1455
f 1461 1456 1458
f 1461 1458 1462
f 1461 1462 1463
f 1461 1445 1456
f 1464 1413 1459
f 1465 1449 1444
f 1465 1444 1460
f 1466 1450 1445
f 1466 1463 1467
f 1466 1461 1463
f 1466 1445 1461
f 1468 1413 1464
f 1469 1454 1449
f 1469 1449 1465
f 1470 1466 1467
f 1470 1467 1471
f 1470 1471 1472
f 1470 1455 1450
f 1470 1450 1466
f 1473 1413 1468
f 1474 1459 1454
f 1474 1454 1469
f 1474 1464 1459
f 1475 1472 1476
f 1475 1476 1477
f 1475 1460 1455
f 1475 1455 1470
f 1475 1470 1472
f 1478 1464 1474
f 1479 1477 1480
f 1479 1480 1481
f 1479 1460 1475
f 1479 1465 1460
f 1479 1475 1477
f 1482 1468 1464
f 1482 1464 1478
f 1483 1465 1479
f 1483 1481 1484
f 1483 1484 1485
f 1483 1469 1465
f 1483 1479 1481
f 1486 1487 1413
f 1486 1468 1482
f 1486 1413 1473
f 1486 1473 1468
f 1488 1469 1483
f 1488 1485 1489
f 1488 1489 1490
f 1488 1483 1485
f 1488 1474 1469
f 1488 1478 1474
f 1491 1478 1488
f 1491 1490 1492
f 1491 1492 1493
f 1491 1488 1490
f 1494 1491 1493
f 1494 1478 1491
f 1494 1493 1495
f 1494 1495 1496
f 1494 1482 1478
f 1497 1482 1494
f 1497 1494 1496
f 1497 1486 1482
f 1497 1496 1498
f 1497 1498 1499
f 1497 1499 1487
f 1497 1487 1486
f 839 1418 903
f 839 1426 1418
f 837 1427 1426
f 837 1426 839
f 835 1428 1427
f 835 1427 837
f 833 1432 1428
f 833 1428 835
f 832 1433 1432
f 832 1432 833
f 830 1433 832
f 830 1437 1433
f 828 1437 830
f 828 1438 1437
f 826 1442 1438
f 826 1438 828
f 823 1443 1442
f 823 1442 826
f 820 1447 1443
f 820 1443 823
f 817 1448 1447
f 817 1447 820
f 815 1452 1448
f 815 1448 817
f 813 1453 1452
f 813 1452 815
f 811 1457 1453
f 811 1453 813
f 809 1458 1457
f 809 1457 811
f 807 1462 1458
f 807 1458 809
f 805 1463 1462
f 805 1462 807
f 803 1467 1463
f 803 1463 805
f 800 1471 1467
f 800 1467 803
f 797 1472 1471
f 797 1471 800
f 794 1476 1472
f 794 1472 797
f 790 1477 1476
f 790 1476 794
f 787 1480 1477
f 787 1477 790
f 783 1481 1480
f 783 1480 787
f 779 1484 1481
f 779 1481 783
f 774 1484 779
f 774 1485 1484
f 777 1489 1485
f 777 1485 774
f 781 1490 1489
f 781 1489 777
f 785 1492 1490
f 785 1490 781
f 789 1493 1492
f 789 1492 785
f 792 1495 1493
f 792 1493 789
f 796 1495 792
f 796 1496 1495
f 799 1496 796
f 799 1498 1496
f 802 1498 799
f 802 1499 1498
f 802 1487 1499
f 804 1487 802
f 1418 902 903
f 1399 902 1418
f 1399 1413 1325
f 1399 1418 1413
f 1413 1487 1330
f 1325 1413 1330
f 1487 804 819
f 1487 819 1330
f 1500 688 910
f 1500 716 688
f 1501 1500 910
f 1502 1501 910
f 1503 1502 910
f 1504 1503 910
f 1505 1504 910
f 1506 1505 910
f 1507 1506 910
f 1508 1507 910
f 918 1509 910
f 1509 1510 910
f 1510 1508 910
f 687 910 688
f 687 688 685
f 751 665 664
f 749 665 751
f 747 665 749
f 746 665 747
f 744 665 746
f 742 665 744
f 718 665 742
f 717 665 718
f 972 1511 1512
f 972 1512 918
f 1513 571 557
f 581 1513 557
f 581 557 567
f 582 565 564
f 582 566 565
f 582 567 566
f 582 581 567
f 584 563 562
f 584 564 563
f 584 582 564
f 586 562 561
f 586 584 562
f 587 561 560
f 587 586 561
f 588 587 560
f 589 560 559
f 589 588 560
f 591 589 559
f 592 591 559
f 593 592 559
f 594 593 559
f 558 594 559
f 595 594 558
f 596 595 558
f 597 596 558
f 599 597 558
f 600 599 558
f 601 600 558
f 569 602 601
f 569 601 558
f 603 602 569
f 604 603 569
f 605 604 569
f 611 662 681
f 607 681 680
f 607 611 681
f 608 680 679
f 608 607 680
f 609 678 677
f 609 679 678
f 609 608 679
f 610 677 676
f 610 609 677
f 612 676 675
f 612 610 676
f 613 675 674
f 613 612 675
f 614 674 673
f 614 613 674
f 615 673 672
f 615 614 673
f 616 672 671
f 616 615 672
f 617 616 671
f 618 671 670
f 618 617 671
f 619 618 670
f 620 619 670
f 620 670 572
f 621 620 572
f 621 572 573
f 606 621 573
f 606 573 576
f 598 606 576
f 590 598 576
f 590 576 579
f 585 590 579
f 585 579 578
f 583 585 578
f 583 577 574
f 583 578 577
f 580 583 574
f 580 574 575
f 581 580 575
f 581 575 571
f 1513 581 571
f 1512 1509 918
f 1514 1510 1509
f 1514 1509 1512
f 1515 1508 1510
f 1515 1507 1508
f 1515 1510 1514
f 1516 1506 1507
f 1516 1507 1515
f 1517 1506 1516
f 1518 716 1500
f 1519 1505 1506
f 1519 1504 1505
f 1519 1520 1521
f 1519 1522 1520
f 1519 1517 1522
f 1519 1506 1517
f 1523 1503 1504
f 1523 1524 1503
f 1523 1504 1519
f 1525 1524 1523
f 1525 1523 1519
f 1525 1519 1521
f 1526 1527 1528
f 1529 1530 1531
f 1529 1532 1530
f 1529 1521 1532
f 1529 1524 1525
f 1529 1528 1524
f 1529 1525 1521
f 1529 1526 1528
f 1533 1526 1529
f 1533 1527 1526
f 1534 1535 1527
f 1534 1533 1529
f 1534 1531 1536
f 1534 1527 1533
f 1534 1529 1531
f 1534 1537 1535
f 1538 716 1518
f 1539 1538 1518
f 1540 1539 1518
f 1541 1540 1518
f 1542 1518 1543
f 1542 1541 1518
f 1544 1542 1543
f 1545 1543 1546
f 1545 1544 1543
f 1547 1545 1546
f 1547 1548 1549
f 1547 1546 1548
f 1550 1518 1500
f 1551 1501 1502
f 1552 1527 1535
f 1552 1537 1553
f 1552 1535 1537
f 1554 1502 1503
f 1554 1524 1528
f 1554 1503 1524
f 1554 1551 1502
f 1554 1555 1551
f 1554 1528 1527
f 1554 1527 1552
f 1554 1556 1555
f 1554 1552 1556
f 1557 1558 1559
f 1557 1560 1558
f 1561 1562 665
f 1561 1563 1562
f 1561 1559 1563
f 1561 1557 1559
f 1561 1553 1557
f 1564 716 1538
f 1564 1539 1540
f 1564 1538 1539
f 1564 712 716
f 1564 713 712
f 1564 714 713
f 1564 715 714
f 1565 1564 1540
f 1565 1541 1542
f 1565 1540 1541
f 1565 1542 1544
f 1565 717 715
f 1565 1544 1545
f 1565 1545 1547
f 1565 1547 717
f 1565 715 1564
f 1566 1534 1536
f 1566 1567 1560
f 1566 1536 1567
f 1566 1537 1534
f 1566 1553 1537
f 1566 1557 1553
f 1566 1560 1557
f 1568 717 1547
f 1568 1547 1549
f 1569 1546 1543
f 1569 1543 1518
f 1569 1549 1548
f 1569 1548 1546
f 1570 1569 1568
f 1570 1549 1569
f 1571 1570 1568
f 1571 1549 1570
f 1571 1568 1549
f 1572 1518 1550
f 1572 1568 1569
f 1572 1569 1518
f 1573 1568 1572
f 1574 1568 1573
f 1575 665 1576
f 1575 1553 1561
f 1575 1561 665
f 1577 1568 1574
f 1577 717 1568
f 1578 1579 1580
f 1581 1582 1579
f 1581 1583 1582
f 1581 1584 1583
f 1581 1578 1584
f 1581 1579 1578
f 1585 1586 1587
f 1588 1589 1576
f 1588 1582 1586
f 1590 1576 1589
f 1590 1589 1591
f 1592 1576 1590
f 1593 1576 1592
f 1594 1595 1596
f 1594 1576 1593
f 1597 1598 1501
f 1597 1599 1598
f 1597 1595 1599
f 1600 1575 1576
f 1600 1601 1575
f 1600 1596 1601
f 1600 1576 1594
f 1600 1594 1596
f 1602 1553 1575
f 1602 1552 1553
f 1603 1574 1573
f 1603 1550 1604
f 1603 1604 1605
f 1603 1572 1550
f 1603 1573 1572
f 1606 1603 1605
f 1606 1604 1550
f 1606 1605 1604
f 1606 1607 1580
f 1608 1584 1578
f 1608 1607 1500
f 1609 1586 1582
f 1609 1582 1583
f 1609 1583 1584
f 1609 1587 1586
f 1610 1579 1582
f 1611 1612 1589
f 1611 1589 1588
f 1611 1613 1612
f 1611 1585 1613
f 1611 1586 1585
f 1611 1588 1586
f 1614 1501 1598
f 1615 1598 1599
f 1615 1599 1595
f 1615 1616 1614
f 1615 1614 1598
f 1615 1594 1593
f 1615 1590 1591
f 1615 1592 1590
f 1615 1591 1616
f 1615 1595 1594
f 1615 1593 1592
f 1617 1618 1619
f 1617 1595 1597
f 1617 1596 1595
f 1617 1601 1596
f 1617 1597 1620
f 1617 1620 1618
f 1621 1619 1618
f 1621 1602 1619
f 1621 1552 1602
f 1621 1597 1501
f 1621 1501 1551
f 1621 1551 1555
f 1621 1555 1556
f 1621 1556 1552
f 1621 1620 1597
f 1621 1618 1620
f 1622 1617 1619
f 1622 1619 1602
f 1622 1601 1617
f 1622 1575 1601
f 1622 1602 1575
f 1623 717 1577
f 1623 1574 1603
f 1623 1577 1574
f 1624 1607 1606
f 1624 1606 1550
f 1624 1550 1500
f 1624 1500 1607
f 1625 1608 1578
f 1625 1607 1608
f 1625 1578 1580
f 1625 1580 1607
f 1626 1587 1609
f 1626 1609 1584
f 1627 1612 1613
f 1627 1613 1585
f 1628 1614 1616
f 1628 1612 1627
f 1629 1501 1614
f 1629 1628 1627
f 1629 1614 1628
f 1630 1610 1582
f 1631 1612 1628
f 1631 1589 1612
f 1631 1628 1616
f 1631 1591 1589
f 1631 1616 1591
f 1632 1623 1603
f 1632 1603 1606
f 1632 1606 1580
f 1632 717 1623
f 1632 1579 1610
f 1632 1610 1630
f 1632 1580 1579
f 1633 1626 1584
f 1633 1584 1608
f 1633 1608 1500
f 1634 1500 1501
f 1634 1501 1629
f 1634 1633 1500
f 1634 1587 1626
f 1634 1627 1585
f 1634 1629 1627
f 1634 1585 1587
f 1634 1626 1633
f 1635 1576 665
f 1635 665 717
f 1635 1588 1576
f 1635 717 1632
f 1635 1630 1582
f 1635 1582 1588
f 1635 1632 1630
f 1512 1511 629
f 1514 628 627
f 1514 629 628
f 1514 1512 629
f 1515 627 626
f 1515 1514 627
f 1516 626 625
f 1516 1515 626
f 1517 625 638
f 1517 1516 625
f 1522 638 637
f 1522 1517 638
f 1520 637 636
f 1520 1522 637
f 1521 635 634
f 1521 636 635
f 1521 1520 636
f 1532 634 633
f 1532 1521 634
f 1530 633 632
f 1530 1532 633
f 1531 632 631
f 1531 1530 632
f 1536 631 646
f 1536 1531 631
f 1567 646 645
f 1567 1536 646
f 1560 1567 645
f 1560 645 644
f 1558 1560 644
f 1558 644 643
f 1559 1558 643
f 1559 643 642
f 1563 1559 642
f 1563 642 641
f 1562 641 640
f 1562 1563 641
f 665 640 623
f 665 1562 640
f 663 622 652
f 1034 652 649
f 1034 663 652
f 1010 649 648
f 1010 1034 649
f 1011 648 647
f 1011 1010 648
f 1013 647 651
f 1013 1011 647
f 1015 651 654
f 1015 1013 651
f 1017 654 656
f 1017 1015 654
f 1019 656 658
f 1019 1017 656
f 1003 658 660
f 1003 1019 658
f 1004 660 661
f 1004 1003 660
f 1000 661 659
f 1000 1004 661
f 1001 659 657
f 1001 1000 659
f 997 657 655
f 997 1001 657
f 998 997 655
f 998 655 653
f 994 998 653
f 994 653 650
f 995 994 650
f 995 650 639
f 990 995 639
f 991 990 639
f 991 639 630
f 992 991 630
f 992 630 624
f 985 992 624
f 985 624 629
f 986 985 629
f 972 986 629
f 972 629 1511

