macro_frame,sim_time_mjc,sim_time_xpbd,t1_utc,t1w_utc,t2_utc,t3_utc,t_force_utc,t4_utc,t_step_utc,t1_next_utc,dt_t1_t1w,dt_t1w_t2,dt_t2_t3,dt_t3_tforce,dt_tforce_t4,dt_t4_tstep,dt_tstep_t1next,dt_t1_t1next,cycle_order_ok,paired,note
0,0.000000,0.000000,1781246594.974548340,1781246595.230724096,1781246595.231018305,1781246595.307562590,1781246595.307571173,1781246595.310029984,1781246595.310045481,1781246595.312009335,0.256176,0.000294,0.076544,0.000009,0.002459,0.000015,0.001964,0.337461,1,1,
1,0.020000,0.020000,1781246595.312009335,1781246595.313593388,1781246595.314000607,1781246595.419163465,1781246595.419170856,1781246595.421435118,1781246595.421455622,1781246595.424148083,0.001584,0.000407,0.105163,0.000007,0.002264,0.000021,0.002692,0.112139,1,1,
2,0.040000,0.040000,1781246595.424148083,1781246595.430634022,1781246595.431001425,1781246595.545767784,1781246595.545778990,1781246595.547015429,1781246595.547033787,1781246595.549425602,0.006486,0.000367,0.114766,0.000011,0.001236,0.000018,0.002392,0.125278,1,1,
3,0.060000,0.060000,1781246595.549425602,1781246595.562438726,1781246595.562816620,1781246595.676808119,1781246595.676814795,1781246595.677763939,1781246595.677785873,1781246595.681217909,0.013013,0.000378,0.113991,0.000007,0.000949,0.000022,0.003432,0.131792,1,1,
4,0.080000,0.080000,1781246595.681217909,1781246595.696272373,1781246595.696850538,1781246595.812499285,1781246595.812506676,1781246595.814817429,1781246595.814831018,1781246595.816792488,0.015054,0.000578,0.115649,0.000007,0.002311,0.000014,0.001961,0.135575,1,1,
5,0.100000,0.100000,1781246595.816792488,1781246595.830676079,1781246595.831130028,1781246595.948883295,1781246595.948890686,1781246595.950291157,1781246595.950311184,1781246595.953562260,0.013884,0.000454,0.117753,0.000007,0.001400,0.000020,0.003251,0.136770,1,1,
6,0.120000,0.120000,1781246595.953562260,1781246595.964173079,1781246595.964660168,1781246596.080274582,1781246596.080282688,1781246596.082075596,1781246596.082096577,1781246596.084132671,0.010611,0.000487,0.115614,0.000008,0.001793,0.000021,0.002036,0.130570,1,1,
7,0.140000,0.140000,1781246596.084132671,1781246596.097513199,1781246596.098073483,1781246596.218620300,1781246596.218626976,1781246596.219429493,1781246596.219447374,1781246596.222026825,0.013381,0.000560,0.120547,0.000007,0.000803,0.000018,0.002579,0.137894,1,1,
8,0.160000,0.160000,1781246596.222026825,1781246596.229606628,1781246596.230119705,1781246596.344005346,1781246596.344012737,1781246596.346496344,1781246596.346514702,1781246596.350168467,0.007580,0.000513,0.113886,0.000007,0.002484,0.000018,0.003654,0.128142,1,1,
9,0.180000,0.180000,1781246596.350168467,1781246596.364614487,1781246596.365411043,1781246596.481277943,1781246596.481285334,1781246596.482374191,1781246596.482394218,1781246596.484742641,0.014446,0.000797,0.115867,0.000007,0.001089,0.000020,0.002348,0.134574,1,1,
10,0.200000,0.200000,1781246596.484742641,1781246596.498103857,1781246596.498930931,1781246596.614202261,1781246596.614209890,1781246596.615613699,1781246596.615632057,1781246596.617789030,0.013361,0.000827,0.115271,0.000008,0.001404,0.000018,0.002157,0.133046,1,1,
11,0.220000,0.220000,1781246596.617789030,1781246596.631682634,1781246596.632266760,1781246596.745778084,1781246596.745786428,1781246596.746643782,1781246596.746661425,1781246596.750160217,0.013894,0.000584,0.113511,0.000008,0.000857,0.000018,0.003499,0.132371,1,1,
12,0.240000,0.240000,1781246596.750160217,1781246596.764747381,1781246596.765362024,1781246596.879015923,1781246596.879023790,1781246596.880525112,1781246596.880543470,1781246596.884068251,0.014587,0.000615,0.113654,0.000008,0.001501,0.000018,0.003525,0.133908,1,1,
13,0.260000,0.260000,1781246596.884068251,1781246596.896878958,1781246596.897651196,1781246597.012502670,1781246597.012510061,1781246597.014043331,1781246597.014054298,1781246597.015981674,0.012811,0.000772,0.114851,0.000007,0.001533,0.000011,0.001927,0.131913,1,1,
14,0.280000,0.280000,1781246597.015981674,1781246597.031759262,1781246597.032418966,1781246597.145439148,1781246597.145447254,1781246597.146207571,1781246597.146226168,1781246597.148564339,0.015778,0.000660,0.113020,0.000008,0.000760,0.000019,0.002338,0.132583,1,1,
15,0.300000,0.300000,1781246597.148564339,1781246597.163765669,1781246597.164459944,1781246597.278670311,1781246597.278678179,1781246597.279467106,1781246597.279485941,1781246597.283048391,0.015201,0.000694,0.114210,0.000008,0.000789,0.000019,0.003562,0.134484,1,1,
16,0.320000,0.320000,1781246597.283048391,1781246597.297207832,1781246597.298032999,1781246597.411642313,1781246597.411649466,1781246597.413659334,1781246597.413677931,1781246597.416246414,0.014159,0.000825,0.113609,0.000007,0.002010,0.000019,0.002568,0.133198,1,1,
17,0.340000,0.340000,1781246597.416246414,1781246597.432118177,1781246597.433197737,1781246597.546868563,1781246597.546876669,1781246597.548038244,1781246597.548056841,1781246597.551598310,0.015872,0.001080,0.113671,0.000008,0.001162,0.000019,0.003541,0.135352,1,1,
18,0.360000,0.360000,1781246597.551598310,1781246597.565548182,1781246597.566335201,1781246597.681244612,1781246597.681252718,1781246597.683880806,1781246597.683894157,1781246597.685804129,0.013950,0.000787,0.114909,0.000008,0.002628,0.000013,0.001910,0.134206,1,1,
19,0.380000,0.380000,1781246597.685804129,1781246597.699091673,1781246597.700268030,1781246597.814452648,1781246597.814461231,1781246597.815603971,1781246597.815624952,1781246597.818159342,0.013288,0.001176,0.114185,0.000009,0.001143,0.000021,0.002534,0.132355,1,1,
20,0.400000,0.400000,1781246597.818159342,1781246597.832406759,1781246597.833628654,1781246597.950369596,1781246597.950377464,1781246597.952520609,1781246597.952538967,1781246597.956072092,0.014247,0.001222,0.116741,0.000008,0.002143,0.000018,0.003533,0.137913,1,1,
21,0.420000,0.420000,1781246597.956072092,1781246597.965953350,1781246597.966795206,1781246598.083761215,1781246598.083768606,1781246598.084386826,1781246598.084406853,1781246598.086612940,0.009881,0.000842,0.116966,0.000007,0.000618,0.000020,0.002206,0.130541,1,1,
22,0.440000,0.440000,1781246598.086612940,1781246598.097911119,1781246598.098789692,1781246598.215471268,1781246598.215478897,1781246598.217020988,1781246598.217038870,1781246598.220521212,0.011298,0.000879,0.116682,0.000008,0.001542,0.000018,0.003482,0.133908,1,1,
23,0.460000,0.460000,1781246598.220521212,1781246598.231274843,1781246598.232193708,1781246598.349004269,1781246598.349011660,1781246598.351515293,1781246598.351533651,1781246598.355037451,0.010754,0.000919,0.116811,0.000007,0.002504,0.000018,0.003504,0.134516,1,1,
24,0.480000,0.480000,1781246598.355037451,1781246598.364867687,1781246598.365786076,1781246598.479990482,1781246598.479997158,1781246598.482326746,1781246598.482344866,1781246598.485911131,0.009830,0.000918,0.114204,0.000007,0.002330,0.000018,0.003566,0.130874,1,1,
25,0.500000,0.500000,1781246598.485911131,1781246598.499884605,1781246598.500826836,1781246598.615197182,1781246598.615204334,1781246598.616286516,1781246598.616305113,1781246598.619948387,0.013973,0.000942,0.114370,0.000007,0.001082,0.000019,0.003643,0.134037,1,1,
26,0.520000,0.520000,1781246598.619948387,1781246598.633057594,1781246598.634035826,1781246598.748124123,1781246598.748131752,1781246598.748468637,1781246598.748488188,1781246598.752016783,0.013109,0.000978,0.114088,0.000008,0.000337,0.000020,0.003529,0.132068,1,1,
27,0.540000,0.540000,1781246598.752016783,1781246598.766532183,1781246598.767528296,1781246598.881110430,1781246598.881118298,1781246598.882059097,1781246598.882078648,1781246598.885109663,0.014515,0.000996,0.113582,0.000008,0.000941,0.000020,0.003031,0.133093,1,1,
28,0.560000,0.560000,1781246598.885109663,1781246598.898511410,1781246598.899546385,1781246599.013455868,1781246599.013463974,1781246599.013989687,1781246599.014008045,1781246599.017703533,0.013402,0.001035,0.113909,0.000008,0.000526,0.000018,0.003695,0.132594,1,1,
29,0.580000,0.580000,1781246599.017703533,1781246599.033201694,1781246599.034279108,1781246599.148020029,1781246599.148027420,1781246599.150099993,1781246599.150118828,1781246599.152904749,0.015498,0.001077,0.113741,0.000007,0.002073,0.000019,0.002786,0.135201,1,1,
30,0.600000,0.600000,1781246599.152904749,1781246599.167082548,1781246599.168362141,1781246599.285309553,1781246599.285316944,1781246599.287773132,1781246599.287791252,1781246599.291293144,0.014178,0.001280,0.116947,0.000007,0.002456,0.000018,0.003502,0.138388,1,1,
31,0.620000,0.620000,1781246599.291293144,1781246599.300459623,1781246599.301631212,1781246599.417801142,1781246599.417809248,1781246599.418893576,1781246599.418913364,1781246599.422563553,0.009166,0.001172,0.116170,0.000008,0.001084,0.000020,0.003650,0.131270,1,1,
32,0.640000,0.640000,1781246599.422563553,1781246599.434026957,1781246599.435253143,1781246599.572451830,1781246599.572458982,1781246599.573340416,1781246599.573358059,1781246599.576847792,0.011463,0.001226,0.137199,0.000007,0.000881,0.000018,0.003490,0.154284,1,1,
33,0.660000,0.660000,1781246599.576847792,1781246599.583960056,1781246599.585282564,1781246599.699936867,1781246599.699945450,1781246599.700663090,1781246599.700685024,1781246599.703344107,0.007112,0.001323,0.114654,0.000009,0.000718,0.000022,0.002659,0.126496,1,1,
34,0.680000,0.680000,1781246599.703344107,1781246599.717450142,1781246599.718709230,1781246599.837870121,1781246599.837877512,1781246599.840370417,1781246599.840388298,1781246599.842543840,0.014106,0.001259,0.119161,0.000007,0.002493,0.000018,0.002156,0.139200,1,1,
35,0.700000,0.700000,1781246599.842543840,1781246599.850768566,1781246599.852070093,1781246599.969553709,1781246599.969560385,1781246599.970366955,1781246599.970386028,1781246599.973915577,0.008225,0.001302,0.117484,0.000007,0.000807,0.000019,0.003530,0.131372,1,1,
36,0.720000,0.720000,1781246599.973915577,1781246599.984387636,1781246599.985690832,1781246600.101216793,1781246600.101223946,1781246600.103247404,1781246600.103259325,1781246600.105191708,0.010472,0.001303,0.115526,0.000007,0.002023,0.000012,0.001932,0.131276,1,1,
37,0.740000,0.740000,1781246600.105191708,1781246600.116370201,1781246600.117681265,1781246600.235504866,1781246600.235514402,1781246600.235952854,1781246600.235973120,1781246600.239563227,0.011178,0.001311,0.117824,0.000010,0.000438,0.000020,0.003590,0.134372,1,1,
38,0.760000,0.760000,1781246600.239563227,1781246600.251106024,1781246600.253024101,1781246600.370337009,1781246600.370344400,1781246600.372454405,1781246600.372466087,1781246600.374488354,0.011543,0.001918,0.117313,0.000007,0.002110,0.000012,0.002022,0.134925,1,1,
39,0.780000,0.780000,1781246600.374488354,1781246600.383157730,1781246600.384505033,1781246600.498924732,1781246600.498932838,1781246600.501243830,1781246600.501265764,1781246600.503676414,0.008669,0.001347,0.114420,0.000008,0.002311,0.000022,0.002411,0.129188,1,1,
40,0.800000,0.800000,1781246600.503676414,1781246600.518283367,1781246600.520321131,1781246600.635527372,1781246600.635534286,1781246600.638135195,1781246600.638153076,1781246600.641566038,0.014607,0.002038,0.115206,0.000007,0.002601,0.000018,0.003413,0.137890,1,1,
41,0.820000,0.820000,1781246600.641566038,1781246600.649953127,1781246600.651335239,1781246600.765085459,1781246600.765093327,1781246600.766676664,1781246600.766695023,1781246600.768663645,0.008387,0.001382,0.113750,0.000008,0.001583,0.000018,0.001969,0.127098,1,1,
42,0.840000,0.840000,1781246600.768663645,1781246600.784687519,1781246600.786763430,1781246600.918316364,1781246600.918323755,1781246600.919862032,1781246600.919882536,1781246600.922888041,0.016024,0.002076,0.131553,0.000007,0.001538,0.000021,0.003006,0.154224,1,1,
43,0.860000,0.860000,1781246600.922888041,1781246600.935215473,1781246600.936769009,1781246601.052272081,1781246601.052279711,1781246601.054453611,1781246601.054464579,1781246601.056387186,0.012327,0.001554,0.115503,0.000008,0.002174,0.000011,0.001923,0.133499,1,1,
44,0.880000,0.880000,1781246601.056387186,1781246601.068517685,1781246601.070451975,1781246601.187536716,1781246601.187543869,1781246601.188421488,1781246601.188433409,1781246601.190363884,0.012130,0.001934,0.117085,0.000007,0.000878,0.000012,0.001930,0.133977,1,1,
45,0.900000,0.900000,1781246601.190363884,1781246601.201643229,1781246601.203106165,1781246601.316687346,1781246601.316694498,1781246601.317817688,1781246601.317837000,1781246601.320330381,0.011279,0.001463,0.113581,0.000007,0.001123,0.000019,0.002493,0.129966,1,1,
46,0.920000,0.920000,1781246601.320330381,1781246601.335378647,1781246601.336963415,1781246601.451581717,1781246601.451588869,1781246601.452068806,1781246601.452084541,1781246601.454146862,0.015048,0.001585,0.114618,0.000007,0.000480,0.000016,0.002062,0.133816,1,1,
47,0.940000,0.940000,1781246601.454146862,1781246601.468987703,1781246601.470616579,1781246601.585444212,1781246601.585451603,1781246601.585876942,1781246601.585890532,1781246601.588536739,0.014841,0.001629,0.114828,0.000007,0.000425,0.000014,0.002646,0.134390,1,1,
48,0.960000,0.960000,1781246601.588536739,1781246601.600731134,1781246601.602296114,1781246601.716293573,1781246601.716300726,1781246601.717871428,1781246601.717884302,1781246601.719968796,0.012194,0.001565,0.113997,0.000007,0.001571,0.000013,0.002084,0.131432,1,1,
49,0.980000,0.980000,1781246601.719968796,1781246601.734210014,1781246601.735795975,1781246601.849503756,1781246601.849511147,1781246601.851618528,1781246601.851631641,1781246601.853561878,0.014241,0.001586,0.113708,0.000007,0.002107,0.000013,0.001930,0.133593,1,1,
50,1.000000,1.000000,1781246601.853561878,1781246601.869135618,1781246601.870826960,1781246601.984094620,1781246601.984102488,1781246601.986086845,1781246601.986104012,1781246601.989611864,0.015574,0.001691,0.113268,0.000008,0.001984,0.000017,0.003508,0.136050,1,1,
51,1.020000,1.019999,1781246601.989611864,1781246602.018160343,1781246602.023128748,1781246602.136381626,1781246602.136388779,1781246602.138759851,1781246602.138783455,1781246602.142304659,0.028548,0.004968,0.113253,0.000007,0.002371,0.000024,0.003521,0.152693,1,1,
52,1.040000,1.039999,1781246602.142304659,1781246602.169286728,1781246602.171322346,1781246602.286764622,1781246602.286773682,1781246602.287466526,1781246602.287484884,1781246602.290111780,0.026982,0.002036,0.115442,0.000009,0.000693,0.000018,0.002627,0.147807,1,1,
53,1.060000,1.059999,1781246602.290111780,1781246602.302703381,1781246602.304470301,1781246602.418262959,1781246602.418270826,1781246602.419346571,1781246602.419364691,1781246602.422681570,0.012592,0.001767,0.113793,0.000008,0.001076,0.000018,0.003317,0.132570,1,1,
54,1.080000,1.079999,1781246602.422681570,1781246602.436445236,1781246602.439043999,1781246602.556353092,1781246602.556360722,1781246602.558542967,1781246602.558555365,1781246602.560727358,0.013764,0.002599,0.117309,0.000008,0.002182,0.000012,0.002172,0.138046,1,1,
55,1.100000,1.099999,1781246602.560727358,1781246602.569989920,1781246602.571759701,1781246602.685760498,1781246602.685768604,1781246602.686079264,1781246602.686097622,1781246602.688475370,0.009263,0.001770,0.114001,0.000008,0.000311,0.000018,0.002378,0.127748,1,1,
56,1.120000,1.119999,1781246602.688475370,1781246602.703080416,1781246602.704831839,1781246602.819010496,1781246602.819019079,1781246602.820699453,1781246602.820719957,1781246602.824299574,0.014605,0.001751,0.114179,0.000009,0.001680,0.000021,0.003580,0.135824,1,1,
57,1.140000,1.139999,1781246602.824299574,1781246602.836735725,1781246602.838508844,1781246602.954159021,1781246602.954166412,1781246602.956307650,1781246602.956325769,1781246602.959561825,0.012436,0.001773,0.115650,0.000007,0.002141,0.000018,0.003236,0.135262,1,1,
58,1.160000,1.159999,1781246602.959561825,1781246602.970118761,1781246602.971974373,1781246603.085929155,1781246603.085936308,1781246603.087938547,1781246603.087949991,1781246603.089946985,0.010557,0.001856,0.113955,0.000007,0.002002,0.000011,0.001997,0.130385,1,1,
59,1.180000,1.179999,1781246603.089946985,1781246603.103623867,1781246603.106331587,1781246603.224946260,1781246603.224953890,1781246603.226273298,1781246603.226290226,1781246603.229078531,0.013677,0.002708,0.118615,0.000008,0.001319,0.000017,0.002788,0.139132,1,1,
60,1.200000,1.199999,1781246603.229078531,1781246603.285823345,1781246603.288427591,1781246603.404590130,1781246603.404597759,1781246603.405651808,1781246603.405670404,1781246603.408180475,0.056745,0.002604,0.116163,0.000008,0.001054,0.000019,0.002510,0.179102,1,1,
61,1.220000,1.219999,1781246603.408180475,1781246603.420491695,1781246603.422366142,1781246603.535904408,1781246603.535913467,1781246603.537268400,1781246603.537281275,1781246603.539268255,0.012311,0.001874,0.113538,0.000009,0.001355,0.000013,0.001987,0.131088,1,1,
62,1.240000,1.239999,1781246603.539268255,1781246603.554114342,1781246603.556082487,1781246603.670203686,1781246603.670210838,1781246603.672777891,1781246603.672797680,1781246603.675312281,0.014846,0.001968,0.114121,0.000007,0.002567,0.000020,0.002515,0.136044,1,1,
63,1.260000,1.259999,1781246603.675312281,1781246603.687535286,1781246603.689482212,1781246603.803515911,1781246603.803523302,1781246603.804189444,1781246603.804208040,1781246603.806989193,0.012223,0.001947,0.114034,0.000007,0.000666,0.000019,0.002781,0.131677,1,1,
64,1.280000,1.279999,1781246603.806989193,1781246603.820559263,1781246603.822619915,1781246603.936877966,1781246603.936886549,1781246603.939143658,1781246603.939163446,1781246603.942677021,0.013570,0.002061,0.114258,0.000009,0.002257,0.000020,0.003514,0.135688,1,1,
65,1.300000,1.299999,1781246603.942677021,1781246603.952716827,1781246603.954755783,1781246604.068983078,1781246604.068989754,1781246604.069407463,1781246604.069425821,1781246604.072194815,0.010040,0.002039,0.114227,0.000007,0.000418,0.000018,0.002769,0.129518,1,1,
66,1.320000,1.319999,1781246604.072194815,1781246604.087955475,1781246604.090001345,1781246604.204302549,1781246604.204309940,1781246604.206614494,1781246604.206633568,1781246604.210205793,0.015761,0.002046,0.114301,0.000007,0.002305,0.000019,0.003572,0.138011,1,1,
67,1.340000,1.339999,1781246604.210205793,1781246604.219647884,1781246604.222759247,1781246604.341934443,1781246604.341941595,1781246604.344039440,1781246604.344062567,1781246604.346472025,0.009442,0.003111,0.119175,0.000007,0.002098,0.000023,0.002409,0.136266,1,1,
68,1.360000,1.359999,1781246604.346472025,1781246604.353099823,1781246604.355846167,1781246604.469789028,1781246604.469796419,1781246604.471339941,1781246604.471358538,1781246604.474555254,0.006628,0.002746,0.113943,0.000007,0.001544,0.000019,0.003197,0.128083,1,1,
69,1.380000,1.379999,1781246604.474555254,1781246604.486626148,1781246604.488728762,1781246604.602243185,1781246604.602250099,1781246604.603545666,1781246604.603565454,1781246604.607213259,0.012071,0.002103,0.113514,0.000007,0.001296,0.000020,0.003648,0.132658,1,1,
70,1.400000,1.399999,1781246604.607213259,1781246604.621345758,1781246604.623611212,1781246604.741817951,1781246604.741825819,1781246604.743440390,1781246604.743461370,1781246604.746298075,0.014132,0.002265,0.118207,0.000008,0.001615,0.000021,0.002837,0.139085,1,1,
71,1.420000,1.419999,1781246604.746298075,1781246604.753883839,1781246604.756899595,1781246604.878889561,1781246604.878896713,1781246604.880550861,1781246604.880568504,1781246604.884202003,0.007586,0.003016,0.121990,0.000007,0.001654,0.000018,0.003633,0.137904,1,1,
72,1.440000,1.439999,1781246604.884202003,1781246604.888429165,1781246604.890625238,1781246605.004162312,1781246605.004170895,1781246605.004905939,1781246605.004925966,1781246605.007347345,0.004227,0.002196,0.113537,0.000009,0.000735,0.000020,0.002421,0.123145,1,1,
73,1.460000,1.459999,1781246605.007347345,1781246605.021556854,1781246605.023778915,1781246605.137301683,1781246605.137311459,1781246605.137856960,1781246605.137869120,1781246605.139898062,0.014210,0.002222,0.113523,0.000010,0.000546,0.000012,0.002029,0.132551,1,1,
74,1.480000,1.479999,1781246605.139898062,1781246605.155017614,1781246605.157264948,1781246605.271300316,1781246605.271308661,1781246605.272848129,1781246605.272867680,1781246605.274905205,0.015120,0.002247,0.114035,0.000008,0.001539,0.000020,0.002038,0.135007,1,1,
75,1.500000,1.499999,1781246605.274905205,1781246605.288857698,1781246605.291097403,1781246605.404821396,1781246605.404829979,1781246605.407048225,1781246605.407068253,1781246605.409010887,0.013952,0.002240,0.113724,0.000009,0.002218,0.000020,0.001943,0.134106,1,1,
76,1.520000,1.519999,1781246605.409010887,1781246605.422293901,1781246605.424767733,1781246605.540859222,1781246605.540866613,1781246605.542519331,1781246605.542530537,1781246605.544432402,0.013283,0.002474,0.116091,0.000007,0.001653,0.000011,0.001902,0.135422,1,1,
77,1.540000,1.539999,1781246605.544432402,1781246605.555626869,1781246605.557956457,1781246605.673424959,1781246605.673432589,1781246605.675110102,1781246605.675129175,1781246605.678657055,0.011194,0.002330,0.115469,0.000008,0.001678,0.000019,0.003528,0.134225,1,1,
78,1.560000,1.559999,1781246605.678657055,1781246605.689145088,1781246605.691530943,1781246605.804469109,1781246605.804476738,1781246605.805538893,1781246605.805557251,1781246605.809080362,0.010488,0.002386,0.112938,0.000008,0.001062,0.000018,0.003523,0.130423,1,1,
79,1.580000,1.579999,1781246605.809080362,1781246605.822604656,1781246605.824973345,1781246605.937997103,1781246605.938004732,1781246605.939841032,1781246605.939853907,1781246605.941816330,0.013524,0.002369,0.113024,0.000008,0.001836,0.000013,0.001962,0.132736,1,1,
80,1.600000,1.599999,1781246605.941816330,1781246605.954916239,1781246605.957284212,1781246606.072393656,1781246606.072403431,1781246606.073112011,1781246606.073132515,1781246606.075585127,0.013100,0.002368,0.115109,0.000010,0.000709,0.000021,0.002453,0.133769,1,1,
81,1.620000,1.619999,1781246606.075585127,1781246606.089975595,1781246606.092669010,1781246606.207124710,1781246606.207131863,1781246606.209534407,1781246606.209553480,1781246606.212120295,0.014390,0.002693,0.114456,0.000007,0.002403,0.000019,0.002567,0.136535,1,1,
82,1.640000,1.639999,1781246606.212120295,1781246606.221262693,1781246606.223679543,1781246606.337224245,1781246606.337232590,1781246606.339822292,1781246606.339849949,1781246606.341866016,0.009142,0.002417,0.113545,0.000008,0.002590,0.000028,0.002016,0.129746,1,1,
83,1.660000,1.659999,1781246606.341866016,1781246606.356034279,1781246606.359774113,1781246606.482710600,1781246606.482719898,1781246606.484566689,1781246606.484578609,1781246606.486654997,0.014168,0.003740,0.122936,0.000009,0.001847,0.000012,0.002076,0.144789,1,1,
84,1.680000,1.679999,1781246606.486654997,1781246606.488208532,1781246606.491935253,1781246606.605602741,1781246606.605610609,1781246606.607521296,1781246606.607539415,1781246606.609696627,0.001554,0.003727,0.113667,0.000008,0.001911,0.000018,0.002157,0.123042,1,1,
85,1.700000,1.699999,1781246606.609696627,1781246606.622810602,1781246606.625384808,1781246606.739598036,1781246606.739605904,1781246606.742048502,1781246606.742068291,1781246606.744867086,0.013114,0.002574,0.114213,0.000008,0.002443,0.000020,0.002799,0.135170,1,1,
86,1.720000,1.719999,1781246606.744867086,1781246606.755145550,1781246606.757714748,1781246606.871638775,1781246606.871648550,1781246606.872044086,1781246606.872063637,1781246606.874668837,0.010278,0.002569,0.113924,0.000010,0.000396,0.000020,0.002605,0.129802,1,1,
87,1.740000,1.739999,1781246606.874668837,1781246606.888528109,1781246606.891818523,1781246607.007360220,1781246607.007367134,1781246607.009398699,1781246607.009417295,1781246607.012928009,0.013859,0.003290,0.115542,0.000007,0.002032,0.000019,0.003511,0.138259,1,1,
88,1.760000,1.759999,1781246607.012928009,1781246607.021918774,1781246607.025272608,1781246607.140155315,1781246607.140163422,1781246607.141965389,1781246607.141977787,1781246607.143924236,0.008991,0.003354,0.114883,0.000008,0.001802,0.000012,0.001946,0.130996,1,1,
89,1.780000,1.779999,1781246607.143924236,1781246607.155413866,1781246607.158062935,1781246607.271904945,1781246607.271913528,1781246607.273149967,1781246607.273170233,1781246607.275491953,0.011490,0.002649,0.113842,0.000009,0.001236,0.000020,0.002322,0.131568,1,1,
90,1.800000,1.799999,1781246607.275491953,1781246607.288962126,1781246607.291637897,1781246607.407440424,1781246607.407448053,1781246607.408263683,1781246607.408282042,1781246607.411752701,0.013470,0.002676,0.115803,0.000008,0.000816,0.000018,0.003471,0.136261,1,1,
91,1.820000,1.819999,1781246607.411752701,1781246607.455827475,1781246607.458550692,1781246607.591881037,1781246607.591888428,1781246607.592510223,1781246607.592530727,1781246607.594755411,0.044075,0.002723,0.133330,0.000007,0.000622,0.000021,0.002225,0.183003,1,1,
92,1.840000,1.839999,1781246607.594755411,1781246607.605725527,1781246607.608433247,1781246607.722523689,1781246607.722530842,1781246607.724399090,1781246607.724419594,1781246607.727959871,0.010970,0.002708,0.114090,0.000007,0.001868,0.000021,0.003540,0.133204,1,1,
93,1.860000,1.859999,1781246607.727959871,1781246607.739263058,1781246607.743410349,1781246607.856011629,1781246607.856019258,1781246607.856249332,1781246607.856261492,1781246607.858223438,0.011303,0.004147,0.112601,0.000008,0.000230,0.000012,0.001962,0.130264,1,1,
94,1.880000,1.879999,1781246607.858223438,1781246607.872726679,1781246607.875418425,1781246607.988044500,1781246607.988051891,1781246607.988350868,1781246607.988363028,1781246607.990282774,0.014503,0.002692,0.112626,0.000007,0.000299,0.000012,0.001920,0.132059,1,1,
95,1.900000,1.899999,1781246607.990282774,1781246608.006126165,1781246608.008892059,1781246608.121099949,1781246608.121108770,1781246608.123396635,1781246608.123415232,1781246608.126970768,0.015843,0.002766,0.112208,0.000009,0.002288,0.000019,0.003556,0.136688,1,1,
96,1.920000,1.919999,1781246608.126970768,1781246608.139529228,1781246608.142347336,1781246608.255208492,1781246608.255215645,1781246608.257150173,1781246608.257168055,1781246608.259702206,0.012558,0.002818,0.112861,0.000007,0.001935,0.000018,0.002534,0.132731,1,1,
97,1.940000,1.939999,1781246608.259702206,1781246608.273086309,1781246608.275905848,1781246608.389340162,1781246608.389348269,1781246608.390824795,1781246608.390842676,1781246608.393305302,0.013384,0.002820,0.113434,0.000008,0.001477,0.000018,0.002463,0.133603,1,1,
98,1.960000,1.959999,1781246608.393305302,1781246608.406432867,1781246608.409303188,1781246608.523051262,1781246608.523058891,1781246608.524960279,1781246608.524973392,1781246608.527033091,0.013128,0.002870,0.113748,0.000008,0.001901,0.000013,0.002060,0.133728,1,1,
99,1.980000,1.979999,1781246608.527033091,1781246608.539968491,1781246608.543026924,1781246608.657418251,1781246608.657426357,1781246608.658712149,1781246608.658727646,1781246608.660781384,0.012935,0.003058,0.114391,0.000008,0.001286,0.000015,0.002054,0.133748,1,1,
100,2.000000,1.999999,1781246608.660781384,1781246608.673296928,1781246608.676186085,1781246608.790347815,1781246608.790356159,1781246608.791948557,1781246608.791966915,1781246608.794498920,0.012516,0.002889,0.114162,0.000008,0.001592,0.000018,0.002532,0.133718,1,1,
101,2.020000,2.019999,1781246608.794498920,1781246608.806728601,1781246608.809607506,1781246608.923186779,1781246608.923195362,1781246608.923765898,1781246608.923781872,1781246608.925844908,0.012230,0.002879,0.113579,0.000009,0.000571,0.000016,0.002063,0.131346,1,1,
102,2.040000,2.039999,1781246608.925844908,1781246608.940104008,1781246608.943045378,1781246609.056460381,1781246609.056468248,1781246609.057732821,1781246609.057750225,1781246609.060273647,0.014259,0.002941,0.113415,0.000008,0.001265,0.000017,0.002523,0.134429,1,1,
103,2.060000,2.059999,1781246609.060273647,1781246609.073570728,1781246609.076543331,1781246609.190773487,1781246609.190782309,1781246609.192070723,1781246609.192084312,1781246609.194266796,0.013297,0.002973,0.114230,0.000009,0.001288,0.000014,0.002182,0.133993,1,1,
104,2.080000,2.079999,1781246609.194266796,1781246609.207090139,1781246609.210258961,1781246609.325143099,1781246609.325150728,1781246609.325457811,1781246609.325470924,1781246609.327539206,0.012823,0.003169,0.114884,0.000008,0.000307,0.000013,0.002068,0.133272,1,1,
105,2.100000,2.099999,1781246609.327539206,1781246609.327974081,1781246609.332534075,1781246609.446207047,1781246609.446214676,1781246609.448020935,1781246609.448033571,1781246609.449946642,0.000435,0.004560,0.113673,0.000008,0.001806,0.000013,0.001913,0.122407,1,1,
106,2.120000,2.119999,1781246609.449946642,1781246609.457196236,1781246609.460297823,1781246609.573647261,1781246609.573654175,1781246609.574728012,1781246609.574746609,1781246609.578234911,0.007250,0.003102,0.113349,0.000007,0.001074,0.000019,0.003488,0.128288,1,1,
107,2.140000,2.139999,1781246609.578234911,1781246609.590810299,1781246609.595565796,1781246609.712238550,1781246609.712245703,1781246609.712758064,1781246609.712775946,1781246609.714704037,0.012575,0.004755,0.116673,0.000007,0.000512,0.000018,0.001928,0.136469,1,1,
108,2.160000,2.159999,1781246609.714704037,1781246609.724231243,1781246609.727498531,1781246609.842101336,1781246609.842108727,1781246609.843807220,1781246609.843821764,1781246609.846010208,0.009527,0.003267,0.114603,0.000007,0.001698,0.000015,0.002188,0.131306,1,1,
109,2.180000,2.179999,1781246609.846010208,1781246609.857644796,1781246609.860903502,1781246609.975368261,1781246609.975375414,1781246609.977213383,1781246609.977226973,1781246609.979168653,0.011635,0.003259,0.114465,0.000007,0.001838,0.000014,0.001942,0.133158,1,1,
110,2.200000,2.199999,1781246609.979168653,1781246609.992298841,1781246609.995461464,1781246610.108686924,1781246610.108694315,1781246610.109195948,1781246610.109214544,1781246610.112087965,0.013130,0.003163,0.113225,0.000007,0.000502,0.000019,0.002873,0.132919,1,1,
111,2.220000,2.219999,1781246610.112087965,1781246610.125709057,1781246610.128874063,1781246610.242151022,1781246610.242159605,1781246610.243742704,1781246610.243763924,1781246610.246338367,0.013621,0.003165,0.113277,0.000009,0.001583,0.000021,0.002574,0.134250,1,1,
112,2.240000,2.239999,1781246610.246338367,1781246610.257940531,1781246610.261455774,1781246610.375121117,1781246610.375128508,1781246610.376293659,1781246610.376314640,1781246610.378970146,0.011602,0.003515,0.113665,0.000007,0.001165,0.000021,0.002656,0.132632,1,1,
113,2.260000,2.259999,1781246610.378970146,1781246610.391285181,1781246610.394526958,1781246610.508335829,1781246610.508343458,1781246610.509610415,1781246610.509629488,1781246610.512409925,0.012315,0.003242,0.113809,0.000008,0.001267,0.000019,0.002780,0.133440,1,1,
114,2.280000,2.279999,1781246610.512409925,1781246610.524758339,1781246610.527999401,1781246610.641925573,1781246610.641934872,1781246610.642471075,1781246610.642490387,1781246610.645855188,0.012348,0.003241,0.113926,0.000009,0.000536,0.000019,0.003365,0.133445,1,1,
115,2.300000,2.299999,1781246610.645855188,1781246610.658370018,1781246610.662555456,1781246610.777180910,1781246610.777189493,1781246610.779065132,1781246610.779077530,1781246610.780948400,0.012515,0.004185,0.114625,0.000009,0.001876,0.000012,0.001871,0.135093,1,1,
116,2.320000,2.319999,1781246610.780948400,1781246610.791849136,1781246610.795422554,1781246610.909322739,1781246610.909329891,1781246610.911728859,1781246610.911748886,1781246610.913758993,0.010901,0.003573,0.113900,0.000007,0.002399,0.000020,0.002010,0.132811,1,1,
117,2.340000,2.339999,1781246610.913758993,1781246610.925257444,1781246610.928844452,1781246611.045869350,1781246611.045877218,1781246611.048124313,1781246611.048144341,1781246611.050914049,0.011498,0.003587,0.117025,0.000008,0.002247,0.000020,0.002770,0.137155,1,1,
118,2.360000,2.359999,1781246611.050914049,1781246611.058648825,1781246611.063783884,1781246611.181584358,1781246611.181592226,1781246611.183223724,1781246611.183235884,1781246611.185394764,0.007735,0.005135,0.117800,0.000008,0.001631,0.000012,0.002159,0.134481,1,1,
119,2.380000,2.379999,1781246611.185394764,1781246611.192000866,1781246611.195392847,1781246611.309257984,1781246611.309265137,1781246611.310392380,1781246611.310410976,1781246611.313224077,0.006606,0.003392,0.113865,0.000007,0.001127,0.000019,0.002813,0.127829,1,1,
120,2.400000,2.399999,1781246611.313224077,1781246611.325709820,1781246611.329105139,1781246611.442757607,1781246611.442766905,1781246611.444952250,1781246611.444965601,1781246611.447039843,0.012486,0.003395,0.113652,0.000009,0.002185,0.000013,0.002074,0.133816,1,1,
121,2.420000,2.419999,1781246611.447039843,1781246611.458820343,1781246611.462254286,1781246611.575205564,1781246611.575214148,1781246611.576234818,1781246611.576253414,1781246611.578995228,0.011781,0.003434,0.112951,0.000009,0.001021,0.000019,0.002742,0.131955,1,1,
122,2.440000,2.439999,1781246611.578995228,1781246611.592333555,1781246611.597366095,1781246611.714402676,1781246611.714411259,1781246611.715232372,1781246611.715252161,1781246611.718118668,0.013338,0.005033,0.117037,0.000009,0.000821,0.000020,0.002867,0.139123,1,1,
123,2.460000,2.459999,1781246611.718118668,1781246611.725710869,1781246611.729336977,1781246611.843571424,1781246611.843578815,1781246611.844654083,1781246611.844673634,1781246611.847159624,0.007592,0.003626,0.114234,0.000007,0.001075,0.000020,0.002486,0.129041,1,1,
124,2.480000,2.479999,1781246611.847159624,1781246611.859217405,1781246611.862749338,1781246611.976368189,1781246611.976376772,1781246611.978661537,1781246611.978679180,1781246611.982166290,0.012058,0.003532,0.113619,0.000009,0.002285,0.000018,0.003487,0.135007,1,1,
125,2.500000,2.499999,1781246611.982166290,1781246611.992886543,1781246611.996402740,1781246612.109687328,1781246612.109695673,1781246612.111037016,1781246612.111058235,1781246612.113374472,0.010720,0.003516,0.113285,0.000008,0.001341,0.000021,0.002316,0.131208,1,1,
126,2.520000,2.519999,1781246612.113374472,1781246612.126258135,1781246612.129858017,1781246612.243675232,1781246612.243683100,1781246612.244169474,1781246612.244180918,1781246612.247779608,0.012884,0.003600,0.113817,0.000008,0.000486,0.000011,0.003599,0.134405,1,1,
127,2.540000,2.539999,1781246612.247779608,1781246612.259677410,1781246612.263505220,1781246612.382126570,1781246612.382133961,1781246612.383668900,1781246612.383688450,1781246612.387308598,0.011898,0.003828,0.118621,0.000007,0.001535,0.000020,0.003620,0.139529,1,1,
128,2.560000,2.559999,1781246612.387308598,1781246612.393141985,1781246612.398732901,1781246612.513321400,1781246612.513328552,1781246612.513975859,1781246612.513994455,1781246612.516994476,0.005833,0.005591,0.114588,0.000007,0.000647,0.000019,0.003000,0.129686,1,1,
129,2.580000,2.579999,1781246612.516994476,1781246612.526409626,1781246612.530092716,1781246612.644525290,1781246612.644532681,1781246612.646352053,1781246612.646363974,1781246612.648341656,0.009415,0.003683,0.114433,0.000007,0.001819,0.000012,0.001978,0.131347,1,1,
130,2.600000,2.599999,1781246612.648341656,1781246612.659898520,1781246612.663916349,1781246612.777384043,1781246612.777391911,1781246612.778948545,1781246612.778961897,1781246612.781057119,0.011557,0.004018,0.113468,0.000008,0.001557,0.000013,0.002095,0.132715,1,1,
131,2.620000,2.619999,1781246612.781057119,1781246612.793279171,1781246612.797023296,1781246612.912170649,1781246612.912179708,1781246612.913208723,1781246612.913227797,1781246612.916110277,0.012222,0.003744,0.115147,0.000009,0.001029,0.000019,0.002882,0.135053,1,1,
132,2.640000,2.639999,1781246612.916110277,1781246612.926933765,1781246612.930696487,1781246613.045092821,1781246613.045099735,1781246613.046256781,1781246613.046276569,1781246613.048476934,0.010823,0.003763,0.114396,0.000007,0.001157,0.000020,0.002200,0.132367,1,1,
133,2.660000,2.659999,1781246613.048476934,1781246613.060400963,1781246613.064418316,1781246613.178715944,1781246613.178724051,1781246613.180896997,1781246613.180910349,1781246613.182823420,0.011924,0.004017,0.114298,0.000008,0.002173,0.000013,0.001913,0.134346,1,1,
134,2.680000,2.679999,1781246613.182823420,1781246613.193715096,1781246613.197712660,1781246613.311643124,1781246613.311652660,1781246613.312633753,1781246613.312646151,1781246613.314628124,0.010892,0.003998,0.113930,0.000010,0.000981,0.000012,0.001982,0.131805,1,1,
135,2.700000,2.699999,1781246613.314628124,1781246613.327257395,1781246613.331268787,1781246613.449744463,1781246613.449751854,1781246613.451626301,1781246613.451637745,1781246613.453515291,0.012629,0.004011,0.118476,0.000007,0.001874,0.000011,0.001878,0.138887,1,1,
136,2.720000,2.719999,1781246613.453515291,1781246613.460481644,1781246613.464396715,1781246613.579689980,1781246613.579696655,1781246613.580050468,1781246613.580071926,1781246613.582911968,0.006966,0.003915,0.115293,0.000007,0.000354,0.000021,0.002840,0.129397,1,1,
137,2.740000,2.739999,1781246613.582911968,1781246613.594065666,1781246613.599350691,1781246613.718111753,1781246613.718118429,1781246613.719601393,1781246613.719612598,1781246613.721512556,0.011154,0.005285,0.118761,0.000007,0.001483,0.000011,0.001900,0.138601,1,1,
138,2.760000,2.759999,1781246613.721512556,1781246613.727446318,1781246613.731403828,1781246613.846421957,1781246613.846429348,1781246613.846662998,1781246613.846675158,1781246613.848640919,0.005934,0.003958,0.115018,0.000007,0.000234,0.000012,0.001966,0.127128,1,1,
139,2.780000,2.779999,1781246613.848640919,1781246613.860925198,1781246613.865130424,1781246613.979860306,1781246613.979867458,1781246613.981534958,1781246613.981546640,1781246613.983493090,0.012284,0.004205,0.114730,0.000007,0.001667,0.000012,0.001946,0.134852,1,1,
140,2.800000,2.799999,1781246613.983493090,1781246613.994232178,1781246613.998236418,1781246614.112888575,1781246614.112896681,1781246614.114351511,1781246614.114370346,1781246614.116573334,0.010739,0.004004,0.114652,0.000008,0.001455,0.000019,0.002203,0.133080,1,1,
141,2.820000,2.819999,1781246614.116573334,1781246614.127864361,1781246614.133824348,1781246614.250980616,1781246614.250988245,1781246614.252433777,1781246614.252451181,1781246614.254574060,0.011291,0.005960,0.117156,0.000008,0.001446,0.000017,0.002123,0.138001,1,1,
142,2.840000,2.839999,1781246614.254574060,1781246614.261277437,1781246614.265309334,1781246614.380137920,1781246614.380146503,1781246614.381238699,1781246614.381250381,1781246614.383130074,0.006703,0.004032,0.114829,0.000009,0.001092,0.000012,0.001880,0.128556,1,1,
143,2.860000,2.859999,1781246614.383130074,1781246614.394558430,1781246614.398627281,1781246614.513723612,1781246614.513731241,1781246614.514955759,1781246614.514973640,1781246614.517331123,0.011428,0.004069,0.115096,0.000008,0.001225,0.000018,0.002357,0.134201,1,1,
144,2.880000,2.879999,1781246614.517331123,1781246614.528178453,1781246614.534270525,1781246614.650048256,1781246614.650055170,1781246614.650490761,1781246614.650510788,1781246614.654002905,0.010847,0.006092,0.115778,0.000007,0.000436,0.000020,0.003492,0.136672,1,1,
145,2.900000,2.899999,1781246614.654002905,1781246614.663005114,1781246614.667069674,1781246614.781633377,1781246614.781641006,1781246614.782474041,1781246614.782492161,1781246614.786030531,0.009002,0.004065,0.114564,0.000008,0.000833,0.000018,0.003538,0.132028,1,1,
146,2.920000,2.919999,1781246614.786030531,1781246614.795011044,1781246614.799233198,1781246614.915020943,1781246614.915029049,1781246614.917011499,1781246614.917030811,1781246614.919637680,0.008981,0.004222,0.115788,0.000008,0.001982,0.000019,0.002607,0.133607,1,1,
147,2.940000,2.939999,1781246614.919637680,1781246614.928372383,1781246614.932503462,1781246615.047621489,1781246615.047629833,1781246615.049468517,1781246615.049487829,1781246615.051591396,0.008735,0.004131,0.115118,0.000008,0.001839,0.000019,0.002104,0.131954,1,1,
148,2.960000,2.959999,1781246615.051591396,1781246615.061984301,1781246615.066825867,1781246615.181613207,1781246615.181621313,1781246615.183197021,1781246615.183214426,1781246615.186700821,0.010393,0.004842,0.114787,0.000008,0.001576,0.000017,0.003486,0.135109,1,1,
149,2.980000,2.979999,1781246615.186700821,1781246615.195265770,1781246615.199534416,1781246615.314060688,1781246615.314070225,1781246615.316669941,1781246615.316688538,1781246615.320225477,0.008565,0.004269,0.114526,0.000010,0.002600,0.000019,0.003537,0.133525,1,1,
150,3.000000,2.999999,1781246615.320225477,1781246615.328854084,1781246615.333039284,1781246615.447680235,1781246615.447689056,1781246615.449449778,1781246615.449461460,1781246615.451412916,0.008629,0.004185,0.114641,0.000009,0.001761,0.000012,0.001951,0.131187,1,1,
151,3.020000,3.019999,1781246615.451412916,1781246615.462208986,1781246615.466648102,1781246615.582126617,1781246615.582134962,1781246615.584118128,1781246615.584136963,1781246615.587702990,0.010796,0.004439,0.115479,0.000008,0.001983,0.000019,0.003566,0.136290,1,1,
152,3.040000,3.039999,1781246615.587702990,1781246615.595568180,1781246615.599847078,1781246615.714161158,1781246615.714169264,1781246615.714911461,1781246615.714922905,1781246615.716851234,0.007865,0.004279,0.114314,0.000008,0.000742,0.000011,0.001928,0.129148,1,1,
153,3.060000,3.059999,1781246615.716851234,1781246615.729063511,1781246615.733439922,1781246615.848276854,1781246615.848285913,1781246615.848556042,1781246615.848567486,1781246615.850466490,0.012212,0.004376,0.114837,0.000009,0.000270,0.000011,0.001899,0.133615,1,1,
154,3.080000,3.079999,1781246615.850466490,1781246615.862535715,1781246615.867075920,1781246615.982624054,1781246615.982630968,1781246615.984758854,1781246615.984782934,1781246615.988338947,0.012069,0.004540,0.115548,0.000007,0.002128,0.000024,0.003556,0.137872,1,1,
155,3.100000,3.099999,1781246615.988338947,1781246615.995943308,1781246616.000934839,1781246616.116017103,1781246616.116024494,1781246616.117090225,1781246616.117111444,1781246616.120808601,0.007604,0.004992,0.115082,0.000007,0.001066,0.000021,0.003697,0.132470,1,1,
156,3.120000,3.119999,1781246616.120808601,1781246616.129688501,1781246616.134242535,1781246616.253015757,1781246616.253022909,1781246616.254677534,1781246616.254695415,1781246616.258206367,0.008880,0.004554,0.118773,0.000007,0.001655,0.000018,0.003511,0.137398,1,1,
157,3.140000,3.139999,1781246616.258206367,1781246616.262789965,1781246616.267256498,1781246616.383260250,1781246616.383267641,1781246616.383893013,1781246616.383911133,1781246616.387388945,0.004584,0.004467,0.116004,0.000007,0.000625,0.000018,0.003478,0.129183,1,1,
158,3.160000,3.159999,1781246616.387388945,1781246616.396250486,1781246616.400742292,1781246616.516381979,1781246616.516389132,1781246616.517550230,1781246616.517569780,1781246616.521132708,0.008862,0.004492,0.115640,0.000007,0.001161,0.000020,0.003563,0.133744,1,1,
159,3.180000,3.179999,1781246616.521132708,1781246616.530945063,1781246616.535513878,1781246616.649251938,1781246616.649260044,1781246616.649817944,1781246616.649836540,1781246616.653301477,0.009812,0.004569,0.113738,0.000008,0.000558,0.000019,0.003465,0.132169,1,1,
160,3.200000,3.199999,1781246616.653301477,1781246616.664523840,1781246616.669070482,1781246616.783629894,1781246616.783637762,1781246616.785461187,1781246616.785478830,1781246616.787579298,0.011222,0.004547,0.114559,0.000008,0.001823,0.000018,0.002100,0.134278,1,1,
161,3.220000,3.219999,1781246616.787579298,1781246616.796672583,1781246616.801219702,1781246616.915662527,1781246616.915671110,1781246616.916070461,1781246616.916090012,1781246616.919622183,0.009093,0.004547,0.114443,0.000009,0.000399,0.000020,0.003532,0.132043,1,1,
162,3.240000,3.239999,1781246616.919622183,1781246616.930179358,1781246616.934686422,1781246617.050296307,1781246617.050303698,1781246617.052605629,1781246617.052617073,1781246617.054515123,0.010557,0.004507,0.115610,0.000007,0.002302,0.000011,0.001898,0.134893,1,1,
163,3.260000,3.259999,1781246617.054515123,1781246617.063579321,1781246617.068247318,1781246617.182822943,1781246617.182830334,1781246617.185452461,1781246617.185472488,1781246617.188621044,0.009064,0.004668,0.114576,0.000007,0.002622,0.000020,0.003149,0.134106,1,1,
164,3.280000,3.279999,1781246617.188621044,1781246617.197120667,1781246617.201757193,1781246617.315451860,1781246617.315459490,1781246617.317855120,1781246617.317876577,1781246617.319751740,0.008500,0.004637,0.113695,0.000008,0.002396,0.000021,0.001875,0.131131,1,1,
165,3.300000,3.299999,1781246617.319751740,1781246617.330523968,1781246617.337482214,1781246617.455597878,1781246617.455605030,1781246617.457895279,1781246617.457914352,1781246617.461509943,0.010772,0.006958,0.118116,0.000007,0.002290,0.000019,0.003596,0.141758,1,1,
166,3.320000,3.319999,1781246617.461509943,1781246617.465177536,1781246617.469923735,1781246617.584077835,1781246617.584084988,1781246617.584964514,1781246617.584983587,1781246617.587373972,0.003668,0.004746,0.114154,0.000007,0.000880,0.000019,0.002390,0.125864,1,1,
167,3.340000,3.339999,1781246617.587373972,1781246617.597188950,1781246617.601860285,1781246617.716063976,1781246617.716071844,1781246617.716489077,1781246617.716506720,1781246617.719999313,0.009815,0.004671,0.114204,0.000008,0.000417,0.000018,0.003493,0.132625,1,1,
168,3.360000,3.359999,1781246617.719999313,1781246617.730794191,1781246617.735522509,1781246617.849583626,1781246617.849592924,1781246617.850567579,1781246617.850586891,1781246617.853679895,0.010795,0.004728,0.114061,0.000009,0.000975,0.000019,0.003093,0.133681,1,1,
169,3.380000,3.379999,1781246617.853679895,1781246617.865397453,1781246617.870389223,1781246617.984516144,1781246617.984523535,1781246617.985464334,1781246617.985477686,1781246617.987417698,0.011718,0.004992,0.114127,0.000007,0.000941,0.000013,0.001940,0.133738,1,1,
170,3.400000,3.399999,1781246617.987417698,1781246617.998718977,1781246618.003498793,1781246618.118150234,1781246618.118158817,1781246618.120326996,1781246618.120345354,1781246618.122553349,0.011301,0.004780,0.114651,0.000009,0.002168,0.000018,0.002208,0.135136,1,1,
171,3.420000,3.419999,1781246618.122553349,1781246618.131035566,1781246618.135781288,1781246618.250468493,1781246618.250476360,1781246618.252056360,1781246618.252075195,1781246618.254464149,0.008482,0.004746,0.114687,0.000008,0.001580,0.000019,0.002389,0.131911,1,1,
172,3.440000,3.439999,1781246618.254464149,1781246618.264496088,1781246618.270452976,1781246618.385631323,1781246618.385638952,1781246618.386822224,1781246618.386845350,1781246618.388818026,0.010032,0.005957,0.115178,0.000008,0.001183,0.000023,0.001973,0.134354,1,1,
173,3.460000,3.459999,1781246618.388818026,1781246618.397931099,1781246618.402864456,1781246618.517796278,1781246618.517803192,1781246618.518109322,1781246618.518120527,1781246618.519994259,0.009113,0.004933,0.114932,0.000007,0.000306,0.000011,0.001874,0.131176,1,1,
174,3.480000,3.479999,1781246618.519994259,1781246618.531378269,1781246618.536234140,1781246618.650146961,1781246618.650155783,1781246618.651629925,1781246618.651641846,1781246618.653555870,0.011384,0.004856,0.113913,0.000009,0.001474,0.000012,0.001914,0.133562,1,1,
175,3.500000,3.499999,1781246618.653555870,1781246618.664842129,1781246618.670753241,1781246618.784667253,1781246618.784674883,1781246618.785824299,1781246618.785837412,1781246618.787738800,0.011286,0.005911,0.113914,0.000008,0.001149,0.000013,0.001901,0.134183,1,1,
176,3.520000,3.519999,1781246618.787738800,1781246618.798237324,1781246618.803112507,1781246618.918129444,1781246618.918136597,1781246618.920687437,1781246618.920708418,1781246618.924306393,0.010499,0.004875,0.115017,0.000007,0.002551,0.000021,0.003598,0.136568,1,1,
177,3.540000,3.539999,1781246618.924306393,1781246618.931697845,1781246618.939230204,1781246619.060457706,1781246619.060464859,1781246619.062101603,1781246619.062120199,1781246619.064497471,0.007391,0.007532,0.121228,0.000007,0.001637,0.000019,0.002377,0.140191,1,1,
178,3.560000,3.559999,1781246619.064497471,1781246619.066343784,1781246619.071453810,1781246619.186335802,1781246619.186342955,1781246619.188270807,1781246619.188281536,1781246619.190145493,0.001846,0.005110,0.114882,0.000007,0.001928,0.000011,0.001864,0.125648,1,1,
179,3.580000,3.579999,1781246619.190145493,1781246619.198586702,1781246619.203580856,1781246619.318309069,1781246619.318317175,1781246619.319435358,1781246619.319453955,1781246619.322950125,0.008441,0.004994,0.114728,0.000008,0.001118,0.000019,0.003496,0.132805,1,1,
180,3.600000,3.599999,1781246619.322950125,1781246619.332172394,1781246619.339559793,1781246619.453654528,1781246619.453663349,1781246619.454416990,1781246619.454428911,1781246619.456434727,0.009222,0.007387,0.114095,0.000009,0.000754,0.000012,0.002006,0.133485,1,1,
181,3.620000,3.619999,1781246619.456434727,1781246619.465461731,1781246619.470585108,1781246619.585022688,1781246619.585030556,1781246619.587407589,1781246619.587419510,1781246619.589324713,0.009027,0.005123,0.114438,0.000008,0.002377,0.000012,0.001905,0.132890,1,1,
182,3.640000,3.639999,1781246619.589324713,1781246619.598980904,1781246619.604279757,1781246619.718503475,1781246619.718510628,1781246619.720506430,1781246619.720524311,1781246619.724118948,0.009656,0.005299,0.114224,0.000007,0.001996,0.000018,0.003595,0.134794,1,1,
183,3.660000,3.659999,1781246619.724118948,1781246619.732478142,1781246619.737726688,1781246619.853495121,1781246619.853502274,1781246619.855799913,1781246619.855817556,1781246619.858282089,0.008359,0.005249,0.115768,0.000007,0.002298,0.000018,0.002465,0.134163,1,1,
184,3.680000,3.679999,1781246619.858282089,1781246619.865710020,1781246619.870874166,1781246619.984881401,1781246619.984889507,1781246619.987022877,1781246619.987034082,1781246619.988957167,0.007428,0.005164,0.114007,0.000008,0.002133,0.000011,0.001923,0.130675,1,1,
185,3.700000,3.699999,1781246619.988957167,1781246619.999236107,1781246620.004295826,1781246620.118049383,1781246620.118057966,1781246620.118910789,1781246620.118922949,1781246620.121073008,0.010279,0.005060,0.113754,0.000009,0.000853,0.000012,0.002150,0.132116,1,1,
186,3.720000,3.719999,1781246620.121073008,1781246620.132712126,1781246620.138151884,1781246620.253064632,1781246620.253071547,1781246620.254947186,1781246620.254965782,1781246620.258462191,0.011639,0.005440,0.114913,0.000007,0.001876,0.000019,0.003496,0.137389,1,1,
187,3.740000,3.739999,1781246620.258462191,1781246620.266351938,1781246620.271519661,1781246620.385757685,1781246620.385765314,1781246620.388319016,1781246620.388339281,1781246620.391944885,0.007890,0.005168,0.114238,0.000008,0.002554,0.000020,0.003606,0.133483,1,1,
188,3.760000,3.759999,1781246620.391944885,1781246620.399473906,1781246620.404760838,1781246620.519016504,1781246620.519024134,1781246620.520007849,1781246620.520026207,1781246620.523397684,0.007529,0.005287,0.114256,0.000008,0.000984,0.000018,0.003371,0.131453,1,1,
189,3.780000,3.779999,1781246620.523397684,1781246620.532989979,1781246620.538303137,1781246620.654032469,1781246620.654039860,1781246620.656499863,1781246620.656519890,1781246620.660015821,0.009592,0.005313,0.115729,0.000007,0.002460,0.000020,0.003496,0.136618,1,1,
190,3.800000,3.799999,1781246620.660015821,1781246620.666430950,1781246620.671690464,1781246620.785828590,1781246620.785836458,1781246620.787501097,1781246620.787512779,1781246620.789438009,0.006415,0.005260,0.114138,0.000008,0.001665,0.000012,0.001925,0.129422,1,1,
191,3.820000,3.819999,1781246620.789438009,1781246620.799881697,1781246620.805180073,1781246620.919720173,1781246620.919728279,1781246620.921262503,1781246620.921274900,1781246620.923218250,0.010444,0.005298,0.114540,0.000008,0.001534,0.000012,0.001943,0.133780,1,1,
192,3.840000,3.839999,1781246620.923218250,1781246620.933300734,1781246620.938701391,1781246621.054695129,1781246621.054702282,1781246621.055461168,1781246621.055473328,1781246621.057345390,0.010082,0.005401,0.115994,0.000007,0.000759,0.000012,0.001872,0.134127,1,1,
193,3.860000,3.859999,1781246621.057345390,1781246621.066768169,1781246621.072364807,1781246621.185707092,1781246621.185714722,1781246621.186588526,1781246621.186608076,1781246621.189206123,0.009423,0.005597,0.113342,0.000008,0.000874,0.000020,0.002598,0.131861,1,1,
194,3.880000,3.879999,1781246621.189206123,1781246621.200281620,1781246621.205956936,1781246621.320515633,1781246621.320522308,1781246621.322224379,1781246621.322242260,1781246621.324430227,0.011075,0.005675,0.114559,0.000007,0.001702,0.000018,0.002188,0.135224,1,1,
195,3.900000,3.899999,1781246621.324430227,1781246621.333609819,1781246621.339063883,1781246621.452291012,1781246621.452299833,1781246621.454376698,1781246621.454388618,1781246621.456346989,0.009180,0.005454,0.113227,0.000009,0.002077,0.000012,0.001958,0.131917,1,1,
196,3.920000,3.919999,1781246621.456346989,1781246621.467154264,1781246621.472500801,1781246621.586039305,1781246621.586047888,1781246621.587684870,1781246621.587696075,1781246621.589539051,0.010807,0.005347,0.113539,0.000009,0.001637,0.000011,0.001843,0.133192,1,1,
197,3.940000,3.939999,1781246621.589539051,1781246621.600544453,1781246621.605911732,1781246621.725197554,1781246621.725204468,1781246621.727352858,1781246621.727370501,1781246621.729606152,0.011005,0.005367,0.119286,0.000007,0.002148,0.000018,0.002236,0.140067,1,1,
198,3.960000,3.959999,1781246621.729606152,1781246621.734076500,1781246621.742274523,1781246621.860731840,1781246621.860738754,1781246621.862766504,1781246621.862791061,1781246621.866431713,0.004470,0.008198,0.118457,0.000007,0.002028,0.000025,0.003641,0.136826,1,1,
199,3.980000,3.979999,1781246621.866431713,1781246621.867391348,1781246621.872836113,1781246621.989222765,1781246621.989244461,1781246621.990893602,1781246621.990914345,1781246621.993305206,0.000960,0.005445,0.116387,0.000022,0.001649,0.000021,0.002391,0.126873,1,1,
200,4.000000,3.999999,1781246621.993305206,1781246622.000765324,1781246622.006300926,1781246622.130239725,1781246622.130246878,1781246622.132133961,1781246622.132148027,1781246622.134129047,0.007460,0.005536,0.123939,0.000007,0.001887,0.000014,0.001981,0.140824,1,1,
201,4.020000,4.019999,1781246622.134129047,1781246622.135469198,1781246622.141484022,1781246622.257263184,1781246622.257270575,1781246622.259232998,1781246622.259244442,1781246622.261089325,0.001340,0.006015,0.115779,0.000007,0.001962,0.000011,0.001845,0.126960,1,1,
202,4.040000,4.039999,1781246622.261089325,1781246622.267806292,1781246622.274207592,1781246622.389199018,1781246622.389206886,1781246622.390305758,1781246622.390323877,1781246622.392564774,0.006717,0.006401,0.114991,0.000008,0.001099,0.000018,0.002241,0.131475,1,1,
203,4.060000,4.059999,1781246622.392564774,1781246622.401139975,1781246622.406764030,1781246622.520608664,1781246622.520615578,1781246622.521383286,1781246622.521404266,1781246622.523964643,0.008575,0.005624,0.113845,0.000007,0.000768,0.000021,0.002560,0.131400,1,1,
204,4.080000,4.079999,1781246622.523964643,1781246622.534636497,1781246622.540199280,1781246622.654167652,1781246622.654176235,1781246622.656346560,1781246622.656366348,1781246622.658796787,0.010672,0.005563,0.113968,0.000009,0.002170,0.000020,0.002430,0.134832,1,1,
205,4.100000,4.099999,1781246622.658796787,1781246622.668108225,1781246622.673826218,1781246622.788267612,1781246622.788276196,1781246622.790459394,1781246622.790478230,1781246622.792679310,0.009311,0.005718,0.114441,0.000009,0.002183,0.000019,0.002201,0.133883,1,1,
206,4.120000,4.119999,1781246622.792679310,1781246622.801581621,1781246622.807546377,1781246622.927476645,1781246622.927484274,1781246622.928409815,1781246622.928427458,1781246622.932053566,0.008902,0.005965,0.119930,0.000008,0.000926,0.000018,0.003626,0.139374,1,1,
207,4.140000,4.139999,1781246622.932053566,1781246622.935101509,1781246622.940812111,1781246623.055734873,1781246623.055743456,1781246623.056996584,1781246623.057014704,1781246623.059302807,0.003048,0.005711,0.114923,0.000009,0.001253,0.000018,0.002288,0.127249,1,1,
208,4.160000,4.159999,1781246623.059302807,1781246623.068621159,1781246623.075496197,1781246623.191631794,1781246623.191638708,1781246623.192564487,1781246623.192575693,1781246623.194540024,0.009318,0.006875,0.116136,0.000007,0.000926,0.000011,0.001964,0.135237,1,1,
209,4.180000,4.179999,1781246623.194540024,1781246623.201806545,1781246623.207607985,1781246623.321443558,1781246623.321451187,1781246623.323583841,1781246623.323602915,1781246623.327126265,0.007267,0.005801,0.113836,0.000008,0.002133,0.000019,0.003523,0.132586,1,1,
210,4.200000,4.199999,1781246623.327126265,1781246623.335313559,1781246623.341095209,1781246623.455926418,1781246623.455935001,1781246623.457366705,1781246623.457385302,1781246623.459564686,0.008187,0.005782,0.114831,0.000009,0.001432,0.000019,0.002179,0.132438,1,1,
211,4.220000,4.219999,1781246623.459564686,1781246623.468658209,1781246623.474579573,1781246623.588850498,1781246623.588857412,1781246623.590514421,1781246623.590533495,1781246623.592654228,0.009094,0.005921,0.114271,0.000007,0.001657,0.000019,0.002121,0.133090,1,1,
212,4.240000,4.239999,1781246623.592654228,1781246623.602432728,1781246623.608337879,1781246623.722813368,1781246623.722820520,1781246623.725068331,1781246623.725086927,1781246623.727906704,0.009778,0.005905,0.114475,0.000007,0.002248,0.000019,0.002820,0.135252,1,1,
213,4.260000,4.259999,1781246623.727906704,1781246623.735775471,1781246623.741689682,1781246623.855599403,1781246623.855606556,1781246623.856703520,1781246623.856722355,1781246623.860274792,0.007869,0.005914,0.113910,0.000007,0.001097,0.000019,0.003552,0.132368,1,1,
214,4.280000,4.279999,1781246623.860274792,1781246623.869284153,1781246623.875200748,1781246623.989261389,1781246623.989269257,1781246623.989931583,1781246623.989943266,1781246623.991935968,0.009009,0.005917,0.114061,0.000008,0.000662,0.000012,0.001993,0.131661,1,1,
215,4.300000,4.299999,1781246623.991935968,1781246624.002557993,1781246624.008872986,1781246624.124410152,1781246624.124418259,1781246624.125458241,1781246624.125471592,1781246624.127392292,0.010622,0.006315,0.115537,0.000008,0.001040,0.000013,0.001921,0.135456,1,1,
216,4.320000,4.319999,1781246624.127392292,1781246624.135957956,1781246624.142153025,1781246624.255891800,1781246624.255898952,1781246624.258141041,1781246624.258162022,1781246624.260518074,0.008566,0.006195,0.113739,0.000007,0.002242,0.000021,0.002356,0.133126,1,1,
217,4.340000,4.339999,1781246624.260518074,1781246624.269422770,1781246624.275422573,1781246624.411482334,1781246624.411489487,1781246624.413471222,1781246624.413482189,1781246624.415410280,0.008905,0.006000,0.136060,0.000007,0.001982,0.000011,0.001928,0.154892,1,1,
218,4.360000,4.359999,1781246624.415410280,1781246624.419528246,1781246624.425508499,1781246624.540436268,1781246624.540443182,1781246624.542555094,1781246624.542573214,1781246624.546089172,0.004118,0.005980,0.114928,0.000007,0.002112,0.000018,0.003516,0.130679,1,1,
219,4.380000,4.379999,1781246624.546089172,1781246624.554141998,1781246624.560181856,1781246624.673657894,1781246624.673665762,1781246624.674741983,1781246624.674761057,1781246624.678273439,0.008053,0.006040,0.113476,0.000008,0.001076,0.000019,0.003512,0.132184,1,1,
220,4.400000,4.399999,1781246624.678273439,1781246624.686356783,1781246624.692337513,1781246624.805835962,1781246624.805843115,1781246624.807848930,1781246624.807867765,1781246624.811365604,0.008083,0.005981,0.113498,0.000007,0.002006,0.000019,0.003498,0.133092,1,1,
221,4.420000,4.419999,1781246624.811365604,1781246624.820031166,1781246624.826139450,1781246624.941917896,1781246624.941925287,1781246624.944204569,1781246624.944221973,1781246624.947777033,0.008666,0.006108,0.115778,0.000007,0.002279,0.000017,0.003555,0.136411,1,1,
222,4.440000,4.439999,1781246624.947777033,1781246624.953447104,1781246624.960031986,1781246625.076370478,1781246625.076378107,1781246625.078383923,1781246625.078394413,1781246625.080205679,0.005670,0.006585,0.116338,0.000008,0.002006,0.000010,0.001811,0.132429,1,1,
223,4.460000,4.459999,1781246625.080205679,1781246625.086689472,1781246625.092805147,1781246625.207143068,1781246625.207149982,1781246625.209345579,1781246625.209364891,1781246625.212041140,0.006484,0.006116,0.114338,0.000007,0.002196,0.000019,0.002676,0.131835,1,1,
224,4.480000,4.479999,1781246625.212041140,1781246625.220148087,1781246625.226238251,1781246625.341388702,1781246625.341396332,1781246625.341794491,1781246625.341813087,1781246625.344337463,0.008107,0.006090,0.115150,0.000008,0.000398,0.000019,0.002524,0.132296,1,1,
225,4.500000,4.499999,1781246625.344337463,1781246625.354878426,1781246625.361071825,1781246625.475198746,1781246625.475206852,1781246625.477091074,1781246625.477110624,1781246625.479596376,0.010541,0.006193,0.114127,0.000008,0.001884,0.000020,0.002486,0.135259,1,1,
226,4.520000,4.519999,1781246625.479596376,1781246625.487157822,1781246625.493656397,1781246625.608291626,1781246625.608299017,1781246625.610025406,1781246625.610045910,1781246625.613556623,0.007561,0.006499,0.114635,0.000007,0.001726,0.000021,0.003511,0.133960,1,1,
227,4.540000,4.539999,1781246625.613556623,1781246625.620495796,1781246625.629846096,1781246625.745366812,1781246625.745373964,1781246625.747258902,1781246625.747277260,1781246625.750765562,0.006939,0.009350,0.115521,0.000007,0.001885,0.000018,0.003488,0.137209,1,1,
228,4.560000,4.559999,1781246625.750765562,1781246625.754020691,1781246625.760419369,1781246625.875422001,1781246625.875429153,1781246625.876631498,1781246625.876646996,1781246625.878692627,0.003255,0.006399,0.115003,0.000007,0.001202,0.000015,0.002046,0.127927,1,1,
229,4.580000,4.579999,1781246625.878692627,1781246625.887338638,1781246625.893731594,1781246626.007428885,1781246626.007438183,1781246626.008363962,1781246626.008383512,1781246626.011904001,0.008646,0.006393,0.113697,0.000009,0.000926,0.000020,0.003520,0.133211,1,1,
230,4.600000,4.599999,1781246626.011904001,1781246626.022076607,1781246626.028808117,1781246626.145885229,1781246626.145892620,1781246626.148029804,1781246626.148048401,1781246626.151061058,0.010173,0.006732,0.117077,0.000007,0.002137,0.000019,0.003013,0.139157,1,1,
231,4.620000,4.619999,1781246626.151061058,1781246626.154275417,1781246626.160985231,1781246626.276575804,1781246626.276583195,1781246626.277961731,1781246626.277980566,1781246626.280368805,0.003214,0.006710,0.115591,0.000007,0.001379,0.000019,0.002388,0.129308,1,1,
232,4.640000,4.639999,1781246626.280368805,1781246626.287649870,1781246626.294070721,1781246626.408896923,1781246626.408903837,1781246626.410580158,1781246626.410598755,1781246626.412648439,0.007281,0.006421,0.114826,0.000007,0.001676,0.000019,0.002050,0.132280,1,1,
233,4.660000,4.659999,1781246626.412648439,1781246626.421406746,1781246626.427747250,1781246626.541538715,1781246626.541547060,1781246626.542454243,1781246626.542473555,1781246626.545155287,0.008758,0.006341,0.113791,0.000008,0.000907,0.000019,0.002682,0.132507,1,1,
234,4.680000,4.679999,1781246626.545155287,1781246626.554691553,1781246626.561315536,1781246626.676432610,1781246626.676441431,1781246626.678910255,1781246626.678924561,1781246626.680869341,0.009536,0.006624,0.115117,0.000009,0.002469,0.000014,0.001945,0.135714,1,1,
235,4.700000,4.699999,1781246626.680869341,1781246626.688037395,1781246626.694689989,1781246626.811139822,1781246626.811146736,1781246626.811548471,1781246626.811566830,1781246626.814214468,0.007168,0.006653,0.116450,0.000007,0.000402,0.000018,0.002648,0.133345,1,1,
236,4.720000,4.719999,1781246626.814214468,1781246626.821530819,1781246626.830579281,1781246626.945348263,1781246626.945354939,1781246626.947309256,1781246626.947320223,1781246626.949441195,0.007316,0.009048,0.114769,0.000007,0.001954,0.000011,0.002121,0.135227,1,1,
237,4.740000,4.739999,1781246626.949441195,1781246626.956113577,1781246626.962764740,1781246627.079933405,1781246627.079940319,1781246627.081235886,1781246627.081247330,1781246627.083122015,0.006672,0.006651,0.117169,0.000007,0.001296,0.000011,0.001875,0.133681,1,1,
238,4.760000,4.759999,1781246627.083122015,1781246627.088411331,1781246627.095336676,1781246627.210847139,1781246627.210854053,1781246627.211312532,1781246627.211331129,1781246627.214817286,0.005289,0.006925,0.115510,0.000007,0.000458,0.000019,0.003486,0.131695,1,1,
239,4.780000,4.779999,1781246627.214817286,1781246627.222030163,1781246627.228786469,1781246627.344049454,1781246627.344056606,1781246627.345222712,1781246627.345241070,1781246627.348060369,0.007213,0.006756,0.115263,0.000007,0.001166,0.000018,0.002819,0.133243,1,1,
240,4.800000,4.799999,1781246627.348060369,1781246627.355181456,1781246627.361720562,1781246627.476152897,1781246627.476160288,1781246627.476538420,1781246627.476556778,1781246627.480063200,0.007121,0.006539,0.114432,0.000007,0.000378,0.000018,0.003506,0.132003,1,1,
241,4.820000,4.819999,1781246627.480063200,1781246627.488682508,1781246627.495208740,1781246627.609294176,1781246627.609302044,1781246627.610172272,1781246627.610194445,1781246627.613976002,0.008619,0.006526,0.114085,0.000008,0.000870,0.000022,0.003782,0.133913,1,1,
242,4.840000,4.839999,1781246627.613976002,1781246627.622215271,1781246627.632237673,1781246627.748317957,1781246627.748325586,1781246627.748885393,1781246627.748896837,1781246627.750864744,0.008239,0.010022,0.116080,0.000008,0.000560,0.000011,0.001968,0.136889,1,1,
243,4.860000,4.859999,1781246627.750864744,1781246627.755427599,1781246627.762119532,1781246627.875786543,1781246627.875793695,1781246627.876475811,1781246627.876495838,1781246627.879128695,0.004563,0.006692,0.113667,0.000007,0.000682,0.000020,0.002633,0.128264,1,1,
244,4.880000,4.879999,1781246627.879128695,1781246627.888994455,1781246627.895669460,1781246628.011948586,1781246628.011970520,1781246628.014449120,1781246628.014466524,1781246628.018087626,0.009866,0.006675,0.116279,0.000022,0.002479,0.000017,0.003621,0.138959,1,1,
245,4.900000,4.899999,1781246628.018087626,1781246628.022389174,1781246628.029060602,1781246628.143933296,1781246628.143941164,1781246628.146121264,1781246628.146140099,1781246628.149644613,0.004302,0.006671,0.114873,0.000008,0.002180,0.000019,0.003505,0.131557,1,1,
246,4.920000,4.919999,1781246628.149644613,1781246628.155913353,1781246628.162652969,1781246628.276236773,1781246628.276244164,1781246628.276743412,1781246628.276762962,1781246628.280050993,0.006269,0.006740,0.113584,0.000007,0.000499,0.000020,0.003288,0.130406,1,1,
247,4.940000,4.939999,1781246628.280050993,1781246628.289311647,1781246628.296171188,1781246628.410459042,1781246628.410467386,1781246628.412438631,1781246628.412457943,1781246628.414675951,0.009261,0.006860,0.114288,0.000008,0.001971,0.000019,0.002218,0.134625,1,1,
248,4.960000,4.959999,1781246628.414675951,1781246628.422865391,1781246628.429969072,1781246628.547974348,1781246628.547981501,1781246628.549050331,1781246628.549062252,1781246628.551000118,0.008189,0.007104,0.118005,0.000007,0.001069,0.000012,0.001938,0.136324,1,1,
249,4.980000,4.979999,1781246628.551000118,1781246628.556152582,1781246628.563076496,1781246628.677808046,1781246628.677816391,1781246628.680223703,1781246628.680242062,1781246628.682556629,0.005152,0.006924,0.114732,0.000008,0.002407,0.000018,0.002315,0.131557,1,1,
250,5.000000,5.000000,1781246628.682556629,1781246628.689738750,1781246628.696924925,1781246628.813945770,1781246628.813952684,1781246628.814268351,1781246628.814287186,1781246628.817944527,0.007182,0.007186,0.117021,0.000007,0.000316,0.000019,0.003657,0.135388,1,1,
251,5.020000,5.020000,1781246628.817944527,1781246628.823130131,1781246628.830302477,1781246628.944797277,1781246628.944805622,1781246628.946476460,1781246628.946496248,1781246628.948710442,0.005186,0.007172,0.114495,0.000008,0.001671,0.000020,0.002214,0.130766,1,1,
252,5.040000,5.040000,1781246628.948710442,1781246628.956637621,1781246628.963747263,1781246629.078664541,1781246629.078672647,1781246629.081290722,1781246629.081303835,1781246629.083174229,0.007927,0.007110,0.114917,0.000008,0.002618,0.000013,0.001870,0.134464,1,1,
253,5.060000,5.060000,1781246629.083174229,1781246629.089997292,1781246629.097082853,1781246629.211460590,1781246629.211467266,1781246629.213522434,1781246629.213540792,1781246629.215576887,0.006823,0.007086,0.114378,0.000007,0.002055,0.000018,0.002036,0.132403,1,1,
254,5.080000,5.080000,1781246629.215576887,1781246629.223510981,1781246629.230552912,1781246629.345496416,1781246629.345504761,1781246629.347383261,1781246629.347395897,1781246629.349712133,0.007934,0.007042,0.114944,0.000008,0.001878,0.000013,0.002316,0.134135,1,1,
255,5.100000,5.100000,1781246629.349712133,1781246629.357014179,1781246629.364814281,1781246629.480469227,1781246629.480477810,1781246629.482149839,1781246629.482161522,1781246629.484120846,0.007302,0.007800,0.115655,0.000009,0.001672,0.000012,0.001959,0.134409,1,1,
256,5.120000,5.120000,1781246629.484120846,1781246629.490325451,1781246629.497460842,1781246629.612303019,1781246629.612310171,1781246629.612666607,1781246629.612684965,1781246629.615791559,0.006205,0.007135,0.114842,0.000007,0.000356,0.000018,0.003107,0.131671,1,1,
257,5.140000,5.140000,1781246629.615791559,1781246629.623779774,1781246629.630956173,1781246629.745331764,1781246629.745339632,1781246629.746998549,1781246629.747011185,1781246629.748981953,0.007988,0.007176,0.114376,0.000008,0.001659,0.000013,0.001971,0.133190,1,1,
258,5.160000,5.160000,1781246629.748981953,1781246629.758441210,1781246629.765751839,1781246629.881647348,1781246629.881654739,1781246629.883436918,1781246629.883454800,1781246629.887035847,0.009459,0.007311,0.115896,0.000007,0.001782,0.000018,0.003581,0.138054,1,1,
259,5.180000,5.180000,1781246629.887035847,1781246629.890746593,1781246629.897839308,1781246630.013885260,1781246630.013891935,1781246630.014316320,1781246630.014335394,1781246630.017871618,0.003711,0.007093,0.116046,0.000007,0.000424,0.000019,0.003536,0.130836,1,1,
260,5.200000,5.200000,1781246630.017871618,1781246630.024127483,1781246630.031449318,1781246630.146401882,1781246630.146409750,1781246630.148918390,1781246630.148935318,1781246630.152504206,0.006256,0.007322,0.114953,0.000008,0.002509,0.000017,0.003569,0.134633,1,1,
261,5.220000,5.220000,1781246630.152504206,1781246630.158765078,1781246630.165871143,1781246630.280673504,1781246630.280681610,1781246630.281381607,1781246630.281399965,1781246630.284881353,0.006261,0.007106,0.114802,0.000008,0.000700,0.000018,0.003481,0.132377,1,1,
262,5.240000,5.240000,1781246630.284881353,1781246630.290914297,1781246630.298057556,1781246630.412158966,1781246630.412167072,1781246630.412728548,1781246630.412745953,1781246630.416222095,0.006033,0.007143,0.114101,0.000008,0.000561,0.000017,0.003476,0.131341,1,1,
263,5.260000,5.260000,1781246630.416222095,1781246630.424390078,1781246630.431539536,1781246630.545893192,1781246630.545900345,1781246630.548306227,1781246630.548325539,1781246630.551864386,0.008168,0.007149,0.114354,0.000007,0.002406,0.000019,0.003539,0.135642,1,1,
264,5.280000,5.280000,1781246630.551864386,1781246630.557982445,1781246630.568277359,1781246630.682740211,1781246630.682747364,1781246630.683783531,1781246630.683801889,1781246630.686339378,0.006118,0.010295,0.114463,0.000007,0.001036,0.000018,0.002537,0.134475,1,1,
265,5.300000,5.300000,1781246630.686339378,1781246630.691344500,1781246630.699132919,1781246630.813999653,1781246630.814006567,1781246630.815347910,1781246630.815366745,1781246630.817545414,0.005005,0.007788,0.114867,0.000007,0.001341,0.000019,0.002179,0.131206,1,1,
266,5.320000,5.320000,1781246630.817545414,1781246630.824881554,1781246630.832128763,1781246630.946595669,1781246630.946603775,1781246630.947744846,1781246630.947758436,1781246630.949697971,0.007336,0.007247,0.114467,0.000008,0.001141,0.000014,0.001940,0.132153,1,1,
267,5.340000,5.340000,1781246630.949697971,1781246630.958146334,1781246630.965461493,1781246631.079583883,1781246631.079592228,1781246631.081533670,1781246631.081551552,1781246631.084157944,0.008448,0.007315,0.114122,0.000008,0.001941,0.000018,0.002606,0.134460,1,1,
268,5.360000,5.360000,1781246631.084157944,1781246631.091703415,1781246631.099369049,1781246631.214503765,1781246631.214511156,1781246631.215278387,1781246631.215296268,1781246631.217980862,0.007545,0.007666,0.115135,0.000007,0.000767,0.000018,0.002685,0.133823,1,1,
269,5.380000,5.380000,1781246631.217980862,1781246631.225059986,1781246631.232475996,1781246631.346985579,1781246631.346993685,1781246631.347301960,1781246631.347322226,1781246631.350092173,0.007079,0.007416,0.114510,0.000008,0.000308,0.000020,0.002770,0.132111,1,1,
270,5.400000,5.400000,1781246631.350092173,1781246631.358821630,1781246631.366139889,1781246631.480269194,1781246631.480277538,1781246631.482620716,1781246631.482632875,1781246631.484495401,0.008729,0.007318,0.114129,0.000008,0.002343,0.000012,0.001863,0.134403,1,1,
271,5.420000,5.420000,1781246631.484495401,1781246631.492027998,1781246631.499556065,1781246631.614099979,1781246631.614107370,1781246631.614852667,1781246631.614864826,1781246631.616739988,0.007533,0.007528,0.114544,0.000007,0.000745,0.000012,0.001875,0.132245,1,1,
272,5.440000,5.440000,1781246631.616739988,1781246631.625457525,1781246631.633137226,1781246631.749419212,1781246631.749426126,1781246631.750897408,1781246631.750918150,1781246631.752907038,0.008718,0.007680,0.116282,0.000007,0.001471,0.000021,0.001989,0.136167,1,1,
273,5.460000,5.460000,1781246631.752907038,1781246631.758768797,1781246631.766377926,1781246631.881800890,1781246631.881808043,1781246631.882859945,1781246631.882879496,1781246631.886087656,0.005862,0.007609,0.115423,0.000007,0.001052,0.000020,0.003208,0.133181,1,1,
274,5.480000,5.480000,1781246631.886087656,1781246631.892202377,1781246631.899930000,1781246632.014467001,1781246632.014474392,1781246632.014975786,1781246632.014993906,1781246632.018435955,0.006115,0.007728,0.114537,0.000007,0.000501,0.000018,0.003442,0.132348,1,1,
275,5.500000,5.500000,1781246632.018435955,1781246632.025750637,1781246632.034513474,1781246632.149867773,1781246632.149874687,1781246632.150906801,1781246632.150918961,1781246632.153315067,0.007315,0.008763,0.115354,0.000007,0.001032,0.000012,0.002396,0.134879,1,1,
276,5.520000,5.520000,1781246632.153315067,1781246632.159349918,1781246632.167285919,1781246632.281944752,1781246632.281952620,1781246632.283878088,1781246632.283891439,1781246632.285834312,0.006035,0.007936,0.114659,0.000008,0.001925,0.000013,0.001943,0.132519,1,1,
277,5.540000,5.540000,1781246632.285834312,1781246632.293792486,1781246632.301298380,1781246632.416259527,1781246632.416268110,1781246632.418324709,1781246632.418336153,1781246632.420269489,0.007958,0.007506,0.114961,0.000009,0.002057,0.000011,0.001933,0.134435,1,1,
278,5.560000,5.560000,1781246632.420269489,1781246632.426133156,1781246632.434020042,1781246632.548502684,1781246632.548509836,1781246632.549652338,1781246632.549663782,1781246632.551651239,0.005864,0.007887,0.114483,0.000007,0.001143,0.000011,0.001987,0.131382,1,1,
279,5.580000,5.580000,1781246632.551651239,1781246632.559450626,1781246632.567192554,1781246632.680984259,1781246632.680991888,1781246632.682993174,1781246632.683012962,1781246632.685283422,0.007799,0.007742,0.113792,0.000008,0.002001,0.000020,0.002270,0.133632,1,1,
280,5.600000,5.600000,1781246632.685283422,1781246632.692945480,1781246632.700512886,1781246632.814069510,1781246632.814076900,1781246632.815475702,1781246632.815496683,1781246632.817651033,0.007662,0.007567,0.113557,0.000007,0.001399,0.000021,0.002154,0.132368,1,1,
281,5.620000,5.620000,1781246632.817651033,1781246632.826406956,1781246632.835262060,1781246632.949926615,1781246632.949935436,1781246632.951149225,1781246632.951170444,1781246632.953397751,0.008756,0.008855,0.114665,0.000009,0.001214,0.000021,0.002227,0.135747,1,1,
282,5.640000,5.640000,1781246632.953397751,1781246632.959856749,1781246632.967759609,1781246633.082443476,1781246633.082450867,1781246633.083396912,1781246633.083408356,1781246633.085313082,0.006459,0.007903,0.114684,0.000007,0.000946,0.000011,0.001905,0.131915,1,1,
283,5.660000,5.660000,1781246633.085313082,1781246633.093328953,1781246633.101015806,1781246633.215723991,1781246633.215732336,1781246633.216454506,1781246633.216466665,1781246633.218318701,0.008016,0.007687,0.114708,0.000008,0.000722,0.000012,0.001852,0.133006,1,1,
284,5.680000,5.680000,1781246633.218318701,1781246633.226831436,1781246633.234955072,1781246633.349920511,1781246633.349927187,1781246633.352166414,1781246633.352183580,1781246633.355803490,0.008513,0.008124,0.114965,0.000007,0.002239,0.000017,0.003620,0.137485,1,1,
285,5.700000,5.700000,1781246633.355803490,1781246633.360093594,1781246633.367931843,1781246633.482974768,1781246633.482981920,1781246633.483530760,1781246633.483549595,1781246633.485781431,0.004290,0.007838,0.115043,0.000007,0.000549,0.000019,0.002232,0.129978,1,1,
286,5.720000,5.720000,1781246633.485781431,1781246633.493499041,1781246633.501388550,1781246633.615931034,1781246633.615939379,1781246633.617250204,1781246633.617262363,1781246633.619199991,0.007718,0.007890,0.114542,0.000008,0.001311,0.000012,0.001938,0.133419,1,1,
287,5.740000,5.740000,1781246633.619199991,1781246633.627172470,1781246633.635269403,1781246633.750292301,1781246633.750299692,1781246633.750807047,1781246633.750825405,1781246633.753277779,0.007972,0.008097,0.115023,0.000007,0.000507,0.000018,0.002452,0.134078,1,1,
288,5.760000,5.760000,1781246633.753277779,1781246633.760481596,1781246633.768570662,1781246633.883042336,1781246633.883049965,1781246633.884563446,1781246633.884590864,1781246633.886617661,0.007204,0.008089,0.114472,0.000008,0.001513,0.000027,0.002027,0.133340,1,1,
289,5.780000,5.780000,1781246633.886617661,1781246633.894001961,1781246633.902859449,1781246634.017847061,1781246634.017854691,1781246634.019718409,1781246634.019736528,1781246634.021698236,0.007384,0.008857,0.114988,0.000008,0.001864,0.000018,0.001962,0.135081,1,1,
290,5.800000,5.800000,1781246634.021698236,1781246634.027362823,1781246634.035597086,1781246634.151530027,1781246634.151536703,1781246634.152708054,1781246634.152725697,1781246634.155275106,0.005665,0.008234,0.115933,0.000007,0.001171,0.000018,0.002549,0.133577,1,1,
291,5.820000,5.820000,1781246634.155275106,1781246634.160977364,1781246634.171471834,1781246634.289448261,1781246634.289455652,1781246634.291401386,1781246634.291411877,1781246634.293357849,0.005702,0.010494,0.117976,0.000007,0.001946,0.000010,0.001946,0.138083,1,1,
292,5.840000,5.840000,1781246634.293357849,1781246634.294255972,1781246634.302461863,1781246634.417020321,1781246634.417027473,1781246634.418095589,1781246634.418113947,1781246634.420529127,0.000898,0.008206,0.114558,0.000007,0.001068,0.000018,0.002415,0.127171,1,1,
293,5.860000,5.860000,1781246634.420529127,1781246634.428884029,1781246634.436830997,1781246634.551297188,1781246634.551305294,1781246634.553208828,1781246634.553227663,1781246634.556900263,0.008355,0.007947,0.114466,0.000008,0.001904,0.000019,0.003673,0.136371,1,1,
294,5.880000,5.880000,1781246634.556900263,1781246634.561160088,1781246634.569172144,1781246634.683248997,1781246634.683256865,1781246634.685448170,1781246634.685466766,1781246634.687662840,0.004260,0.008012,0.114077,0.000008,0.002191,0.000019,0.002196,0.130763,1,1,
295,5.900000,5.900000,1781246634.687662840,1781246634.694601297,1781246634.702601671,1781246634.817257404,1781246634.817265749,1781246634.819454908,1781246634.819473505,1781246634.823175192,0.006938,0.008000,0.114656,0.000008,0.002189,0.000019,0.003702,0.135512,1,1,
296,5.920000,5.920000,1781246634.823175192,1781246634.828145504,1781246634.836483002,1781246634.951210499,1781246634.951217890,1781246634.952169657,1781246634.952181339,1781246634.954122066,0.004970,0.008337,0.114727,0.000007,0.000952,0.000012,0.001941,0.130947,1,1,
297,5.940000,5.940000,1781246634.954122066,1781246634.961382866,1781246634.969478369,1781246635.084739923,1781246635.084747553,1781246635.085633516,1781246635.085645199,1781246635.087554932,0.007261,0.008096,0.115262,0.000008,0.000886,0.000012,0.001910,0.133433,1,1,
298,5.960000,5.960000,1781246635.087554932,1781246635.095088482,1781246635.103189945,1781246635.217788458,1781246635.217796564,1781246635.218227625,1781246635.218246460,1781246635.220241547,0.007534,0.008101,0.114599,0.000008,0.000431,0.000019,0.001995,0.132687,1,1,
299,5.980000,5.980000,1781246635.220241547,1781246635.229594231,1781246635.239007950,1781246635.353500843,1781246635.353508711,1781246635.356228113,1781246635.356249571,1781246635.359820366,0.009353,0.009414,0.114493,0.000008,0.002719,0.000021,0.003571,0.139579,1,1,
300,6.000000,6.000000,1781246635.359820366,1781246635.361813784,1781246635.369936705,1781246635.484527349,1781246635.484535456,1781246635.486279964,1781246635.486298800,1781246635.488580465,0.001993,0.008123,0.114591,0.000008,0.001745,0.000019,0.002282,0.128760,1,1,
301,6.020000,6.020000,1781246635.488580465,1781246635.495190382,1781246635.503515482,1781246635.618209600,1781246635.618217707,1781246635.619117260,1781246635.619135857,1781246635.621996403,0.006610,0.008325,0.114694,0.000008,0.000900,0.000019,0.002861,0.133416,1,1,
302,6.040000,6.040000,1781246635.621996403,1781246635.628737450,1781246635.637781858,1781246635.755061150,1781246635.755068302,1781246635.756231308,1781246635.756249905,1781246635.758806944,0.006741,0.009044,0.117279,0.000007,0.001163,0.000019,0.002557,0.136811,1,1,
303,6.060000,6.060000,1781246635.758806944,1781246635.762140751,1781246635.771386147,1781246635.887154579,1781246635.887164354,1781246635.887790918,1781246635.887812853,1781246635.891491652,0.003334,0.009245,0.115768,0.000010,0.000627,0.000022,0.003679,0.132685,1,1,
304,6.080000,6.080000,1781246635.891491652,1781246635.895554304,1781246635.904045820,1781246636.018195868,1781246636.018204451,1781246636.019032001,1781246636.019050837,1781246636.022673368,0.004063,0.008492,0.114150,0.000009,0.000828,0.000019,0.003623,0.131182,1,1,
305,6.100000,6.100000,1781246636.022673368,1781246636.030304193,1781246636.039581537,1781246636.157441854,1781246636.157449722,1781246636.159410954,1781246636.159430981,1781246636.163091183,0.007631,0.009277,0.117860,0.000008,0.001961,0.000020,0.003660,0.140418,1,1,
306,6.120000,6.120000,1781246636.163091183,1781246636.179231882,1781246636.188646317,1781246636.308417320,1781246636.308426857,1781246636.310296059,1781246636.310317278,1781246636.314450502,0.016141,0.009414,0.119771,0.000010,0.001869,0.000021,0.004133,0.151359,1,1,
307,6.140000,6.140000,1781246636.314450502,1781246636.330706120,1781246636.340031385,1781246636.473347664,1781246636.473354340,1781246636.474329948,1781246636.474350929,1781246636.477059126,0.016256,0.009325,0.133316,0.000007,0.000976,0.000021,0.002708,0.162609,1,1,
308,6.160000,6.160000,1781246636.477059126,1781246636.479274988,1781246636.488103867,1781246636.609565496,1781246636.609572411,1781246636.611409903,1781246636.611422777,1781246636.613392115,0.002216,0.008829,0.121462,0.000007,0.001837,0.000013,0.001969,0.136333,1,1,
309,6.180000,6.180000,1781246636.613392115,1781246636.629556894,1781246636.638274193,1781246636.752635956,1781246636.752643347,1781246636.753881931,1781246636.753901243,1781246636.756333113,0.016165,0.008717,0.114362,0.000007,0.001239,0.000019,0.002432,0.142941,1,1,
310,6.200000,6.200000,1781246636.756333113,1781246636.763019085,1781246636.771780252,1781246636.886868000,1781246636.886874914,1781246636.888690233,1781246636.888701200,1781246636.890630722,0.006686,0.008761,0.115088,0.000007,0.001815,0.000011,0.001930,0.134298,1,1,
311,6.220000,6.220000,1781246636.890630722,1781246636.896396399,1781246636.906310558,1781246637.021757603,1781246637.021765471,1781246637.023554564,1781246637.023573399,1781246637.027375698,0.005766,0.009914,0.115447,0.000008,0.001789,0.000019,0.003802,0.136745,1,1,
312,6.240000,6.240000,1781246637.027375698,1781246637.029848814,1781246637.038288832,1781246637.152615309,1781246637.152624130,1781246637.154196501,1781246637.154217958,1781246637.157302618,0.002473,0.008440,0.114326,0.000009,0.001572,0.000021,0.003085,0.129927,1,1,
313,6.260000,6.260000,1781246637.157302618,1781246637.163342476,1781246637.172290564,1781246637.288140774,1781246637.288147926,1781246637.289383888,1781246637.289403439,1781246637.292224407,0.006040,0.008948,0.115850,0.000007,0.001236,0.000020,0.002821,0.134922,1,1,
314,6.280000,6.280000,1781246637.292224407,1781246637.296724558,1781246637.306032419,1781246637.422275066,1781246637.422282457,1781246637.424243212,1781246637.424261093,1781246637.426610947,0.004500,0.009308,0.116243,0.000007,0.001961,0.000018,0.002350,0.134387,1,1,
315,6.300000,6.300000,1781246637.426610947,1781246637.430211306,1781246637.438922644,1781246637.565243483,1781246637.565250635,1781246637.566710711,1781246637.566729784,1781246637.570518017,0.003600,0.008711,0.126321,0.000007,0.001460,0.000019,0.003788,0.143907,1,1,
316,6.320000,6.320000,1781246637.570518017,1781246637.580478191,1781246637.592808723,1781246637.715387583,1781246637.715394735,1781246637.716358662,1781246637.716369629,1781246637.718458176,0.009960,0.012331,0.122579,0.000007,0.000964,0.000011,0.002089,0.147940,1,1,
317,6.340000,6.340000,1781246637.718458176,1781246637.730380297,1781246637.738983393,1781246637.852985144,1781246637.852993488,1781246637.854485750,1781246637.854505539,1781246637.856686115,0.011922,0.008603,0.114002,0.000008,0.001492,0.000020,0.002181,0.138228,1,1,
318,6.360000,6.360000,1781246637.856686115,1781246637.863970280,1781246637.872493982,1781246637.985877037,1781246637.985885143,1781246637.987988472,1781246637.987998962,1781246637.990033150,0.007284,0.008524,0.113383,0.000008,0.002103,0.000010,0.002034,0.133347,1,1,
319,6.380000,6.380000,1781246637.990033150,1781246637.997250080,1781246638.005904436,1781246638.119813919,1781246638.119822502,1781246638.120239019,1781246638.120251179,1781246638.122330904,0.007217,0.008654,0.113909,0.000009,0.000417,0.000012,0.002080,0.132298,1,1,
320,6.400000,6.400000,1781246638.122330904,1781246638.130828619,1781246638.139753103,1781246638.255728960,1781246638.255735874,1781246638.256075382,1781246638.256087542,1781246638.258061409,0.008498,0.008924,0.115976,0.000007,0.000340,0.000012,0.001974,0.135731,1,1,
321,6.420000,6.420000,1781246638.258061409,1781246638.264098644,1781246638.272927761,1781246638.387049675,1781246638.387057781,1781246638.388858795,1781246638.388877869,1781246638.391871452,0.006037,0.008829,0.114122,0.000008,0.001801,0.000019,0.002994,0.133810,1,1,
322,6.440000,6.440000,1781246638.391871452,1781246638.397733927,1781246638.409655809,1781246638.524636984,1781246638.524644136,1781246638.526776791,1781246638.526796103,1781246638.529962301,0.005862,0.011922,0.114981,0.000007,0.002133,0.000019,0.003166,0.138091,1,1,
323,6.460000,6.460000,1781246638.529962301,1781246638.531053782,1781246638.542918205,1781246638.657869101,1781246638.657876730,1781246638.658514738,1781246638.658533096,1781246638.662273169,0.001091,0.011864,0.114951,0.000008,0.000638,0.000018,0.003740,0.132311,1,1,
324,6.480000,6.480000,1781246638.662273169,1781246638.665817261,1781246638.674621105,1781246638.788954735,1781246638.788962603,1781246638.789415598,1781246638.789433718,1781246638.793130398,0.003544,0.008804,0.114334,0.000008,0.000453,0.000018,0.003697,0.130857,1,1,
325,6.500000,6.500000,1781246638.793130398,1781246638.797909737,1781246638.806885004,1781246638.921624422,1781246638.921632767,1781246638.922895432,1781246638.922913790,1781246638.925142765,0.004779,0.008975,0.114739,0.000008,0.001263,0.000018,0.002229,0.132012,1,1,
326,6.520000,6.520000,1781246638.925142765,1781246638.931427479,1781246638.940691471,1781246639.057531834,1781246639.057538986,1781246639.057887554,1781246639.057905674,1781246639.060878277,0.006285,0.009264,0.116840,0.000007,0.000349,0.000018,0.002973,0.135736,1,1,
327,6.540000,6.540000,1781246639.060878277,1781246639.064857244,1781246639.074725628,1781246639.193374872,1781246639.193382978,1781246639.195225954,1781246639.195239067,1781246639.197299480,0.003979,0.009868,0.118649,0.000008,0.001843,0.000013,0.002060,0.136421,1,1,
328,6.560000,6.560000,1781246639.197299480,1781246639.198375463,1781246639.207385063,1781246639.322835922,1781246639.322843552,1781246639.323884487,1781246639.323901892,1781246639.327578545,0.001076,0.009010,0.115451,0.000008,0.001041,0.000017,0.003677,0.130279,1,1,
329,6.580000,6.580000,1781246639.327578545,1781246639.332961321,1781246639.341912508,1781246639.456449747,1781246639.456456900,1781246639.457579613,1781246639.457597971,1781246639.460606575,0.005383,0.008951,0.114537,0.000007,0.001123,0.000018,0.003009,0.133028,1,1,
330,6.600000,6.600000,1781246639.460606575,1781246639.465576410,1781246639.477576971,1781246639.592112541,1781246639.592120171,1781246639.593370676,1781246639.593391180,1781246639.597172022,0.004970,0.012001,0.114536,0.000008,0.001251,0.000021,0.003781,0.136565,1,1,
331,6.620000,6.620000,1781246639.597172022,1781246639.598673820,1781246639.610193253,1781246639.727492809,1781246639.727500200,1781246639.729097843,1781246639.729115725,1781246639.731531382,0.001502,0.011519,0.117300,0.000007,0.001598,0.000018,0.002416,0.134359,1,1,
332,6.640000,6.640000,1781246639.731531382,1781246639.731935978,1781246639.742391348,1781246639.857371569,1781246639.857378721,1781246639.857990742,1781246639.858008623,1781246639.861002922,0.000405,0.010455,0.114980,0.000007,0.000612,0.000018,0.002994,0.129472,1,1,
333,6.660000,6.660000,1781246639.861002922,1781246639.865504026,1781246639.874527454,1781246639.988381863,1781246639.988390446,1781246639.990787506,1781246639.990805149,1781246639.994412184,0.004501,0.009023,0.113854,0.000009,0.002397,0.000018,0.003607,0.133409,1,1,
334,6.680000,6.680000,1781246639.994412184,1781246639.999053717,1781246640.011222839,1781246640.125067949,1781246640.125076056,1781246640.127320051,1781246640.127339125,1781246640.130158424,0.004642,0.012169,0.113845,0.000008,0.002244,0.000019,0.002819,0.135746,1,1,
335,6.700000,6.700000,1781246640.130158424,1781246640.132405758,1781246640.142030954,1781246640.257815838,1781246640.257822990,1781246640.258861303,1781246640.258872747,1781246640.260910988,0.002247,0.009625,0.115785,0.000007,0.001038,0.000011,0.002038,0.130753,1,1,
336,6.720000,6.720000,1781246640.260910988,1781246640.265809059,1781246640.275199413,1781246640.389964581,1781246640.389971733,1781246640.390721321,1781246640.390739202,1781246640.394437551,0.004898,0.009390,0.114765,0.000007,0.000750,0.000018,0.003698,0.133527,1,1,
337,6.740000,6.740000,1781246640.394437551,1781246640.399414539,1781246640.409553289,1781246640.524369717,1781246640.524378061,1781246640.526099205,1781246640.526117802,1781246640.530013084,0.004977,0.010139,0.114816,0.000008,0.001721,0.000019,0.003895,0.135576,1,1,
338,6.760000,6.760000,1781246640.530013084,1781246640.532690287,1781246640.541937351,1781246640.656713247,1781246640.656720638,1781246640.658669472,1781246640.658687592,1781246640.660858631,0.002677,0.009247,0.114776,0.000007,0.001949,0.000018,0.002171,0.130846,1,1,
339,6.780000,6.780000,1781246640.660858631,1781246640.666160583,1781246640.675390005,1781246640.789520741,1781246640.789529562,1781246640.791986942,1781246640.792005301,1781246640.794590950,0.005302,0.009229,0.114131,0.000009,0.002457,0.000018,0.002586,0.133732,1,1,
340,6.800000,6.800000,1781246640.794590950,1781246640.799865961,1781246640.809192181,1781246640.924016953,1781246640.924024343,1781246640.926090479,1781246640.926101685,1781246640.928247452,0.005275,0.009326,0.114825,0.000007,0.002066,0.000011,0.002146,0.133657,1,1,
341,6.820000,6.820000,1781246640.928247452,1781246640.934290648,1781246640.943519831,1781246641.057459354,1781246641.057466507,1781246641.058211803,1781246641.058230162,1781246641.061839342,0.006043,0.009229,0.113940,0.000007,0.000745,0.000018,0.003609,0.133592,1,1,
342,6.840000,6.840000,1781246641.061839342,1781246641.066493988,1781246641.076659441,1781246641.190658092,1781246641.190665245,1781246641.191439867,1781246641.191459179,1781246641.194701195,0.004655,0.010165,0.113999,0.000007,0.000775,0.000019,0.003242,0.132862,1,1,
343,6.860000,6.860000,1781246641.194701195,1781246641.200056791,1781246641.209458351,1781246641.324137449,1781246641.324144602,1781246641.326257706,1781246641.326276779,1781246641.329997540,0.005356,0.009402,0.114679,0.000007,0.002113,0.000019,0.003721,0.135296,1,1,
344,6.880000,6.880000,1781246641.329997540,1781246641.333340883,1781246641.342780113,1781246641.457503557,1781246641.457511902,1781246641.458170414,1781246641.458188534,1781246641.460730314,0.003343,0.009439,0.114723,0.000008,0.000659,0.000018,0.002542,0.130733,1,1,
345,6.900000,6.900000,1781246641.460730314,1781246641.468121290,1781246641.477622271,1781246641.602716446,1781246641.602726221,1781246641.604133129,1781246641.604154110,1781246641.607146978,0.007391,0.009501,0.125094,0.000010,0.001407,0.000021,0.002993,0.146417,1,1,
346,6.920000,6.920000,1781246641.607146978,1781246641.618153572,1781246641.627906322,1781246641.745303392,1781246641.745310783,1781246641.746368170,1781246641.746381998,1781246641.748410940,0.011007,0.009753,0.117397,0.000007,0.001057,0.000014,0.002029,0.141264,1,1,
347,6.940000,6.940000,1781246641.748410940,1781246641.750216246,1781246641.760301828,1781246641.876595974,1781246641.876603365,1781246641.878001928,1781246641.878017187,1781246641.880103588,0.001805,0.010086,0.116294,0.000007,0.001399,0.000015,0.002086,0.131693,1,1,
348,6.960000,6.960000,1781246641.880103588,1781246641.884037495,1781246641.893671274,1781246642.007364511,1781246642.007373095,1781246642.007812023,1781246642.007823467,1781246642.009748220,0.003934,0.009634,0.113693,0.000009,0.000439,0.000011,0.001925,0.129645,1,1,
349,6.980000,6.980000,1781246642.009748220,1781246642.017383337,1781246642.027431250,1781246642.143009901,1781246642.143017292,1781246642.143987656,1781246642.144005775,1781246642.146546602,0.007635,0.010048,0.115579,0.000007,0.000970,0.000018,0.002541,0.136798,1,1,
350,7.000000,7.000000,1781246642.146546602,1781246642.150711775,1781246642.160531282,1781246642.279275179,1781246642.279282570,1781246642.280863047,1781246642.280874491,1781246642.282999039,0.004165,0.009820,0.118744,0.000007,0.001580,0.000011,0.002125,0.136452,1,1,
351,7.020000,7.020000,1781246642.282999039,1781246642.283946037,1781246642.293574572,1781246642.407261610,1781246642.407270193,1781246642.408707380,1781246642.408726215,1781246642.411371708,0.000947,0.009629,0.113687,0.000009,0.001437,0.000019,0.002645,0.128373,1,1,
352,7.040000,7.040000,1781246642.411371708,1781246642.417559385,1781246642.427221537,1781246642.540651321,1781246642.540660143,1781246642.541947842,1781246642.541965008,1781246642.545571327,0.006188,0.009662,0.113430,0.000009,0.001288,0.000017,0.003606,0.134200,1,1,
353,7.060000,7.060000,1781246642.545571327,1781246642.550984383,1781246642.560776949,1781246642.675248623,1781246642.675256014,1781246642.676000834,1781246642.676012039,1781246642.678029776,0.005413,0.009793,0.114472,0.000007,0.000745,0.000011,0.002018,0.132458,1,1,
354,7.080000,7.080000,1781246642.678029776,1781246642.684463263,1781246642.694219589,1781246642.811212063,1781246642.811218739,1781246642.813301086,1781246642.813318968,1781246642.816976309,0.006433,0.009756,0.116992,0.000007,0.002082,0.000018,0.003657,0.138947,1,1,
355,7.100000,7.100000,1781246642.816976309,1781246642.819298029,1781246642.828878403,1781246642.941447020,1781246642.941454172,1781246642.942150593,1781246642.942162275,1781246642.944168091,0.002322,0.009580,0.112569,0.000007,0.000696,0.000012,0.002006,0.127192,1,1,
356,7.120000,7.120000,1781246642.944168091,1781246642.951398373,1781246642.961384296,1781246643.075376987,1781246643.075383902,1781246643.076362848,1781246643.076380968,1781246643.079086065,0.007230,0.009986,0.113993,0.000007,0.000979,0.000018,0.002705,0.134918,1,1,
357,7.140000,7.140000,1781246643.079086065,1781246643.084890366,1781246643.094530582,1781246643.207452774,1781246643.207460880,1781246643.209877729,1781246643.209896088,1781246643.213489294,0.005804,0.009640,0.112922,0.000008,0.002417,0.000018,0.003593,0.134403,1,1,
358,7.160000,7.160000,1781246643.213489294,1781246643.251721382,1781246643.263488531,1781246643.383379459,1781246643.383386374,1781246643.385010958,1781246643.385032415,1781246643.388504028,0.038232,0.011767,0.119891,0.000007,0.001625,0.000021,0.003472,0.175015,1,1,
359,7.180000,7.180000,1781246643.388504028,1781246643.401765108,1781246643.416999340,1781246643.536669493,1781246643.536676884,1781246643.537644148,1781246643.537662268,1781246643.541305065,0.013261,0.015234,0.119670,0.000007,0.000967,0.000018,0.003643,0.152801,1,1,
360,7.200000,7.200000,1781246643.541305065,1781246643.551846027,1781246643.563638687,1781246643.686425447,1781246643.686432838,1781246643.688464642,1781246643.688483477,1781246643.692136049,0.010541,0.011793,0.122787,0.000007,0.002032,0.000019,0.003653,0.150831,1,1,
361,7.220000,7.220000,1781246643.692136049,1781246643.701986551,1781246643.712496758,1781246643.831675529,1781246643.831683636,1781246643.832299709,1781246643.832319021,1781246643.834693909,0.009851,0.010510,0.119179,0.000008,0.000616,0.000019,0.002375,0.142558,1,1,
362,7.240000,7.240000,1781246643.834693909,1781246643.835349560,1781246643.845215082,1781246643.959459543,1781246643.959467888,1781246643.961616755,1781246643.961634159,1781246643.963746071,0.000656,0.009866,0.114244,0.000008,0.002149,0.000017,0.002112,0.129052,1,1,
363,7.260000,7.260000,1781246643.963746071,1781246643.968877077,1781246643.979087591,1781246644.092367649,1781246644.092375040,1781246644.093602896,1781246644.093620300,1781246644.096218348,0.005131,0.010211,0.113280,0.000007,0.001228,0.000017,0.002598,0.132472,1,1,
364,7.280000,7.280000,1781246644.096218348,1781246644.102355480,1781246644.112277031,1781246644.225272417,1781246644.225280285,1781246644.227071047,1781246644.227083921,1781246644.229266882,0.006137,0.009922,0.112995,0.000008,0.001791,0.000013,0.002183,0.133049,1,1,
365,7.300000,7.300000,1781246644.229266882,1781246644.235866547,1781246644.246581316,1781246644.360362530,1781246644.360370636,1781246644.360996008,1781246644.361015320,1781246644.364262104,0.006600,0.010715,0.113781,0.000008,0.000625,0.000019,0.003247,0.134995,1,1,
366,7.320000,7.320000,1781246644.364262104,1781246644.370573997,1781246644.380840540,1781246644.494779348,1781246644.494786739,1781246644.497238159,1781246644.497257471,1781246644.500020504,0.006312,0.010267,0.113939,0.000007,0.002451,0.000019,0.002763,0.135758,1,1,
367,7.340000,7.340000,1781246644.500020504,1781246644.502700806,1781246644.512801170,1781246644.626403332,1781246644.626411200,1781246644.627896786,1781246644.627915382,1781246644.631761312,0.002680,0.010100,0.113602,0.000008,0.001486,0.000019,0.003846,0.131741,1,1,
368,7.360000,7.360000,1781246644.631761312,1781246644.636359692,1781246644.646551132,1781246644.759132862,1781246644.759140491,1781246644.760152102,1781246644.760169744,1781246644.763844967,0.004598,0.010191,0.112582,0.000008,0.001012,0.000018,0.003675,0.132084,1,1,
369,7.380000,7.380000,1781246644.763844967,1781246644.769707441,1781246644.779732466,1781246644.891991377,1781246644.891999006,1781246644.894584179,1781246644.894604206,1781246644.897374868,0.005862,0.010025,0.112259,0.000008,0.002585,0.000020,0.002771,0.133530,1,1,
370,7.400000,7.400000,1781246644.897374868,1781246644.903067589,1781246644.913362265,1781246645.027351379,1781246645.027358770,1781246645.027883530,1781246645.027901411,1781246645.031603575,0.005693,0.010295,0.113989,0.000007,0.000525,0.000018,0.003702,0.134229,1,1,
371,7.420000,7.420000,1781246645.031603575,1781246645.036414385,1781246645.046755791,1781246645.160352707,1781246645.160359859,1781246645.162415981,1781246645.162433863,1781246645.166114330,0.004811,0.010341,0.113597,0.000007,0.002056,0.000018,0.003680,0.134511,1,1,
372,7.440000,7.440000,1781246645.166114330,1781246645.169947147,1781246645.180130243,1781246645.293524027,1781246645.293532610,1781246645.293979645,1781246645.293997288,1781246645.297637939,0.003833,0.010183,0.113394,0.000009,0.000447,0.000018,0.003641,0.131524,1,1,
373,7.460000,7.460000,1781246645.297637939,1781246645.303352594,1781246645.317823410,1781246645.431502819,1781246645.431511402,1781246645.433271408,1781246645.433290720,1781246645.435610533,0.005715,0.014471,0.113679,0.000009,0.001760,0.000019,0.002320,0.137973,1,1,
374,7.480000,7.480000,1781246645.435610533,1781246645.436722755,1781246645.446923018,1781246645.559802771,1781246645.559811354,1781246645.561876535,1781246645.561893940,1781246645.564886808,0.001112,0.010200,0.112880,0.000009,0.002065,0.000017,0.002993,0.129276,1,1,
375,7.500000,7.500000,1781246645.564886808,1781246645.570240974,1781246645.580563307,1781246645.693804026,1781246645.693812132,1781246645.695299864,1781246645.695311785,1781246645.697330475,0.005354,0.010322,0.113241,0.000008,0.001488,0.000012,0.002019,0.132444,1,1,
376,7.520000,7.520000,1781246645.697330475,1781246645.703613043,1781246645.713890314,1781246645.826992273,1781246645.827000618,1781246645.828583717,1781246645.828596592,1781246645.830517292,0.006283,0.010277,0.113102,0.000008,0.001583,0.000013,0.001921,0.133187,1,1,
377,7.540000,7.540000,1781246645.830517292,1781246645.838324070,1781246645.848618269,1781246645.962462664,1781246645.962471724,1781246645.963258028,1781246645.963276863,1781246645.966625214,0.007807,0.010294,0.113844,0.000009,0.000786,0.000019,0.003348,0.136108,1,1,
378,7.560000,7.560000,1781246645.966625214,1781246645.971668720,1781246645.982246637,1781246646.095829248,1781246646.095837355,1781246646.097732544,1781246646.097750425,1781246646.101397038,0.005044,0.010578,0.113583,0.000008,0.001895,0.000018,0.003647,0.134772,1,1,
379,7.580000,7.580000,1781246646.101397038,1781246646.103987694,1781246646.114682674,1781246646.228681803,1781246646.228689432,1781246646.230746269,1781246646.230760098,1781246646.233527184,0.002591,0.010695,0.113999,0.000008,0.002057,0.000014,0.002767,0.132130,1,1,
380,7.600000,7.600000,1781246646.233527184,1781246646.237608433,1781246646.249469757,1781246646.365812063,1781246646.365819454,1781246646.367300749,1781246646.367321253,1781246646.370947123,0.004081,0.011861,0.116342,0.000007,0.001481,0.000021,0.003626,0.137420,1,1,
381,7.620000,7.620000,1781246646.370947123,1781246646.387614489,1781246646.398098707,1781246646.511979342,1781246646.511986732,1781246646.513678789,1781246646.513697863,1781246646.517323256,0.016667,0.010484,0.113881,0.000007,0.001692,0.000019,0.003625,0.146376,1,1,
382,7.640000,7.640000,1781246646.517323256,1781246646.521193504,1781246646.531642914,1781246646.645841599,1781246646.645849705,1781246646.647634029,1781246646.647651911,1781246646.651388884,0.003870,0.010449,0.114199,0.000008,0.001784,0.000018,0.003737,0.134066,1,1,
383,7.660000,7.660000,1781246646.651388884,1781246646.655733109,1781246646.666199207,1781246646.779277802,1781246646.779285669,1781246646.779833317,1781246646.779852390,1781246646.783089876,0.004344,0.010466,0.113079,0.000008,0.000548,0.000019,0.003237,0.131701,1,1,
384,7.680000,7.680000,1781246646.783089876,1781246646.787918329,1781246646.801139116,1781246646.914759874,1781246646.914766788,1781246646.916779280,1781246646.916800261,1781246646.919776678,0.004828,0.013221,0.113621,0.000007,0.002012,0.000021,0.002976,0.136687,1,1,
385,7.700000,7.700000,1781246646.919776678,1781246646.921336412,1781246646.931888342,1781246647.047639847,1781246647.047648907,1781246647.048477650,1781246647.048491478,1781246647.050944090,0.001560,0.010552,0.115752,0.000009,0.000829,0.000014,0.002453,0.131167,1,1,
386,7.720000,7.720000,1781246647.050944090,1781246647.121467829,1781246647.131808519,1781246647.245916128,1781246647.245923758,1781246647.246634483,1781246647.246654034,1781246647.250402451,0.070524,0.010341,0.114108,0.000008,0.000711,0.000020,0.003748,0.199458,1,1,
387,7.740000,7.740000,1781246647.250402451,1781246647.254978657,1781246647.265530586,1781246647.384488344,1781246647.384498119,1781246647.386242151,1781246647.386260509,1781246647.389896631,0.004576,0.010552,0.118958,0.000010,0.001744,0.000018,0.003636,0.139494,1,1,
388,7.760000,7.760000,1781246647.389896631,1781246647.405103207,1781246647.417862177,1781246647.532292604,1781246647.532299519,1781246647.532982349,1781246647.533003569,1781246647.535938978,0.015207,0.012759,0.114430,0.000007,0.000683,0.000021,0.002935,0.146042,1,1,
389,7.780000,7.780000,1781246647.535938978,1781246647.538380861,1781246647.549163580,1781246647.663031578,1781246647.663039207,1781246647.664499283,1781246647.664518595,1781246647.668054104,0.002442,0.010783,0.113868,0.000008,0.001460,0.000019,0.003536,0.132115,1,1,
390,7.800000,7.800000,1781246647.668054104,1781246647.671980143,1781246647.684060574,1781246647.804752588,1781246647.804759502,1781246647.807075500,1781246647.807088137,1781246647.809147120,0.003926,0.012080,0.120692,0.000007,0.002316,0.000013,0.002059,0.141093,1,1,
391,7.820000,7.820000,1781246647.809147120,1781246647.822185278,1781246647.833182573,1781246647.949150801,1781246647.949157953,1781246647.950745106,1781246647.950757742,1781246647.952876806,0.013038,0.010997,0.115968,0.000007,0.001587,0.000013,0.002119,0.143730,1,1,
392,7.840000,7.840000,1781246647.952876806,1781246647.955395222,1781246647.966693878,1781246648.088090181,1781246648.088097572,1781246648.089502811,1781246648.089513779,1781246648.091672421,0.002518,0.011299,0.121396,0.000007,0.001405,0.000011,0.002159,0.138796,1,1,
393,7.860000,7.860000,1781246648.091672421,1781246648.105615616,1781246648.117141247,1781246648.231442213,1781246648.231449842,1781246648.232234240,1781246648.232251406,1781246648.235884905,0.013943,0.011526,0.114301,0.000008,0.000784,0.000017,0.003633,0.144212,1,1,
394,7.880000,7.880000,1781246648.235884905,1781246648.255582809,1781246648.266330481,1781246648.381158352,1781246648.381165981,1781246648.382567406,1781246648.382585287,1781246648.386392117,0.019698,0.010748,0.114828,0.000008,0.001401,0.000018,0.003807,0.150507,1,1,
395,7.900000,7.900000,1781246648.386392117,1781246648.389320374,1781246648.400181770,1781246648.515005112,1781246648.515014410,1781246648.516010046,1781246648.516021013,1781246648.518049240,0.002928,0.010861,0.114823,0.000009,0.000996,0.000011,0.002028,0.131657,1,1,
396,7.920000,7.920000,1781246648.518049240,1781246648.522561073,1781246648.533437967,1781246648.647476435,1781246648.647484779,1781246648.649123669,1781246648.649141788,1781246648.652166605,0.004512,0.010877,0.114038,0.000008,0.001639,0.000018,0.003025,0.134117,1,1,
397,7.940000,7.940000,1781246648.652166605,1781246648.656200409,1781246648.669408083,1781246648.787554264,1781246648.787562132,1781246648.789155006,1781246648.789174080,1781246648.792052984,0.004034,0.013208,0.118146,0.000008,0.001593,0.000019,0.002879,0.139886,1,1,
398,7.960000,7.960000,1781246648.792052984,1781246648.807502270,1781246648.819269657,1781246648.933749914,1781246648.933758497,1781246648.934358835,1781246648.934379578,1781246648.936706543,0.015449,0.011767,0.114480,0.000009,0.000600,0.000021,0.002327,0.144654,1,1,
399,7.980000,7.980000,1781246648.936706543,1781246648.939517736,1781246648.950376034,1781246649.063888073,1781246649.063896656,1781246649.065917492,1781246649.065935612,1781246649.069608688,0.002811,0.010858,0.113512,0.000009,0.002021,0.000018,0.003673,0.132902,1,1,
400,8.000000,8.000000,1781246649.069608688,1781246649.073168039,1781246649.084138393,1781246649.198113203,1781246649.198121309,1781246649.198953629,1781246649.198964596,1781246649.200985193,0.003559,0.010970,0.113975,0.000008,0.000832,0.000011,0.002021,0.131377,1,1,
401,8.020000,8.020000,1781246649.200985193,1781246649.206485987,1781246649.217441082,1781246649.331400871,1781246649.331409216,1781246649.332393169,1781246649.332406998,1781246649.335749626,0.005501,0.010955,0.113960,0.000008,0.000984,0.000014,0.003343,0.134764,1,1,
402,8.040000,8.040000,1781246649.335749626,1781246649.339910984,1781246649.351341724,1781246649.468998432,1781246649.469006538,1781246649.469692230,1781246649.469707251,1781246649.473728418,0.004161,0.011431,0.117657,0.000008,0.000686,0.000015,0.004021,0.137979,1,1,
403,8.060000,8.060000,1781246649.473728418,1781246649.490318298,1781246649.501825809,1781246649.616164446,1781246649.616171122,1781246649.617658377,1781246649.617677450,1781246649.621366024,0.016590,0.011508,0.114339,0.000007,0.001487,0.000019,0.003689,0.147638,1,1,
404,8.080000,8.080000,1781246649.621366024,1781246649.623515844,1781246649.635333538,1781246649.749088526,1781246649.749095678,1781246649.750465870,1781246649.750484705,1781246649.754262447,0.002150,0.011818,0.113755,0.000007,0.001370,0.000019,0.003778,0.132896,1,1,
405,8.100000,8.100000,1781246649.754262447,1781246649.757114410,1781246649.768141747,1781246649.881070137,1781246649.881078005,1781246649.881867170,1781246649.881886005,1781246649.884042978,0.002852,0.011027,0.112928,0.000008,0.000789,0.000019,0.002157,0.129781,1,1,
406,8.120000,8.120000,1781246649.884042978,1781246649.890383244,1781246649.901923656,1781246650.015104771,1781246650.015111446,1781246650.015784502,1781246650.015802860,1781246650.019538164,0.006340,0.011540,0.113181,0.000007,0.000673,0.000018,0.003735,0.135495,1,1,
407,8.140000,8.140000,1781246650.019538164,1781246650.023796558,1781246650.034857988,1781246650.148182631,1781246650.148190498,1781246650.149714947,1781246650.149733305,1781246650.153157234,0.004258,0.011061,0.113325,0.000008,0.001524,0.000018,0.003424,0.133619,1,1,
408,8.160000,8.160000,1781246650.153157234,1781246650.157362461,1781246650.168826103,1781246650.284150362,1781246650.284157753,1781246650.285344601,1781246650.285356045,1781246650.287405729,0.004205,0.011464,0.115324,0.000007,0.001187,0.000011,0.002050,0.134248,1,1,
409,8.180000,8.180000,1781246650.287405729,1781246650.292193174,1781246650.303390503,1781246650.417248487,1781246650.417257071,1781246650.417587757,1781246650.417607307,1781246650.423849821,0.004787,0.011197,0.113858,0.000009,0.000331,0.000020,0.006243,0.136444,1,1,
410,8.200000,8.200000,1781246650.423849821,1781246650.424431086,1781246650.442380190,1781246650.581166506,1781246650.581174135,1781246650.582671642,1781246650.582690239,1781246650.586489439,0.000581,0.017949,0.138786,0.000008,0.001498,0.000019,0.003799,0.162640,1,1,
411,8.220000,8.220000,1781246650.586489439,1781246650.591296196,1781246650.603740692,1781246650.718085289,1781246650.718094110,1781246650.719764471,1781246650.719788790,1781246650.723482132,0.004807,0.012444,0.114345,0.000009,0.001670,0.000024,0.003693,0.136993,1,1,
412,8.240000,8.240000,1781246650.723482132,1781246650.724433184,1781246650.736380339,1781246650.845919132,1781246650.845926762,1781246650.846709013,1781246650.846724272,1781246650.848837852,0.000951,0.011947,0.109539,0.000008,0.000782,0.000015,0.002114,0.125356,1,1,
413,8.260000,8.260000,1781246650.848837852,1781246650.857923031,1781246650.869443178,1781246650.977605581,1781246650.977612972,1781246650.978310823,1781246650.978329182,1781246650.982155323,0.009085,0.011520,0.108162,0.000007,0.000698,0.000018,0.003826,0.133317,1,1,
414,8.280000,8.280000,1781246650.982155323,1781246650.992690802,1781246651.004047632,1781246651.111637831,1781246651.111645460,1781246651.112582684,1781246651.112600803,1781246651.116225958,0.010535,0.011357,0.107590,0.000008,0.000937,0.000018,0.003625,0.134071,1,1,
415,8.300000,8.300000,1781246651.116225958,1781246651.124825716,1781246651.136123896,1781246651.245299816,1781246651.245307207,1781246651.247489929,1781246651.247508287,1781246651.251240969,0.008600,0.011298,0.109176,0.000007,0.002183,0.000018,0.003733,0.135015,1,1,
416,8.320000,8.320000,1781246651.251240969,1781246651.258351803,1781246651.273381233,1781246651.382551670,1781246651.382559061,1781246651.383678675,1781246651.383697510,1781246651.387455940,0.007111,0.015029,0.109170,0.000007,0.001120,0.000019,0.003758,0.136215,1,1,
417,8.340000,8.340000,1781246651.387455940,1781246651.392926931,1781246651.406597137,1781246651.524244070,1781246651.524251461,1781246651.525062561,1781246651.525083065,1781246651.528856754,0.005471,0.013670,0.117647,0.000007,0.000811,0.000021,0.003774,0.141401,1,1,
418,8.360000,8.360000,1781246651.528856754,1781246651.541873693,1781246651.553890228,1781246651.667514563,1781246651.667522192,1781246651.668613195,1781246651.668630362,1781246651.671891928,0.013017,0.012017,0.113624,0.000008,0.001091,0.000017,0.003262,0.143035,1,1,
419,8.380000,8.380000,1781246651.671891928,1781246651.675224543,1781246651.686890841,1781246651.801024437,1781246651.801033020,1781246651.802527666,1781246651.802547932,1781246651.806817532,0.003333,0.011666,0.114134,0.000009,0.001495,0.000020,0.004270,0.134926,1,1,
420,8.400000,8.400000,1781246651.806817532,1781246651.809012890,1781246651.822379589,1781246651.935644388,1781246651.935652018,1781246651.937763929,1781246651.937781572,1781246651.939859390,0.002195,0.013367,0.113265,0.000008,0.002112,0.000018,0.002078,0.133042,1,1,
421,8.420000,8.420000,1781246651.939859390,1781246651.943290710,1781246651.955038786,1781246652.069179535,1781246652.069187641,1781246652.071291924,1781246652.071310282,1781246652.073443174,0.003431,0.011748,0.114141,0.000008,0.002104,0.000018,0.002133,0.133584,1,1,
422,8.440000,8.440000,1781246652.073443174,1781246652.075395107,1781246652.088572979,1781246652.203137398,1781246652.203144789,1781246652.204167843,1781246652.204186916,1781246652.206580639,0.001952,0.013178,0.114564,0.000007,0.001023,0.000019,0.002394,0.133137,1,1,
423,8.460000,8.460000,1781246652.206580639,1781246652.208957434,1781246652.226737976,1781246652.342293262,1781246652.342300653,1781246652.342904329,1781246652.342922449,1781246652.346609354,0.002377,0.017781,0.115555,0.000007,0.000604,0.000018,0.003687,0.140029,1,1,
424,8.480000,8.480000,1781246652.346609354,1781246652.359190226,1781246652.371487379,1781246652.484318972,1781246652.484327316,1781246652.485260010,1781246652.485277653,1781246652.487572670,0.012581,0.012297,0.112832,0.000008,0.000933,0.000018,0.002295,0.140963,1,1,
425,8.500000,8.500000,1781246652.487572670,1781246652.493379831,1781246652.505318165,1781246652.620134115,1781246652.620141745,1781246652.621729612,1781246652.621749401,1781246652.624542952,0.005807,0.011938,0.114816,0.000008,0.001588,0.000020,0.002794,0.136970,1,1,
426,8.520000,8.520000,1781246652.624542952,1781246652.627663374,1781246652.640391827,1781246652.754358768,1781246652.754366875,1781246652.755054474,1781246652.755067825,1781246652.757117987,0.003120,0.012728,0.113967,0.000008,0.000688,0.000013,0.002050,0.132575,1,1,
427,8.540000,8.540000,1781246652.757117987,1781246652.759553432,1781246652.771228075,1781246652.879621983,1781246652.879630566,1781246652.880594015,1781246652.880612850,1781246652.883305550,0.002435,0.011675,0.108394,0.000009,0.000963,0.000019,0.002693,0.126188,1,1,
428,8.560000,8.560000,1781246652.883305550,1781246652.895208597,1781246652.906995058,1781246653.014935255,1781246653.014943838,1781246653.015979290,1781246653.015997648,1781246653.018480778,0.011903,0.011786,0.107940,0.000009,0.001035,0.000018,0.002483,0.135175,1,1,
429,8.580000,8.580000,1781246653.018480778,1781246653.026369333,1781246653.038333416,1781246653.147398949,1781246653.147407293,1781246653.148866653,1781246653.148885727,1781246653.151002884,0.007889,0.011964,0.109066,0.000008,0.001459,0.000019,0.002117,0.132522,1,1,
430,8.600000,8.600000,1781246653.151002884,1781246653.161442757,1781246653.175037146,1781246653.283405542,1781246653.283414364,1781246653.283988237,1781246653.284003735,1781246653.286012411,0.010440,0.013594,0.108368,0.000009,0.000574,0.000015,0.002009,0.135010,1,1,
431,8.620000,8.620000,1781246653.286012411,1781246653.294864178,1781246653.306658983,1781246653.413696051,1781246653.413703442,1781246653.414706945,1781246653.414724350,1781246653.418337345,0.008852,0.011795,0.107037,0.000007,0.001004,0.000017,0.003613,0.132325,1,1,
432,8.640000,8.640000,1781246653.418337345,1781246653.426575422,1781246653.438650608,1781246653.553742886,1781246653.553750515,1781246653.554586172,1781246653.554605246,1781246653.558236599,0.008238,0.012075,0.115092,0.000008,0.000836,0.000019,0.003631,0.139899,1,1,
433,8.660000,8.660000,1781246653.558236599,1781246653.560219765,1781246653.572220325,1781246653.685850382,1781246653.685858965,1781246653.686967611,1781246653.686985731,1781246653.690714121,0.001983,0.012001,0.113630,0.000009,0.001109,0.000018,0.003728,0.132478,1,1,
434,8.680000,8.680000,1781246653.690714121,1781246653.694799423,1781246653.706699610,1781246653.820544481,1781246653.820553541,1781246653.820910931,1781246653.820933819,1781246653.823784590,0.004085,0.011900,0.113845,0.000009,0.000357,0.000023,0.002851,0.133070,1,1,
435,8.700000,8.700000,1781246653.823784590,1781246653.826966286,1781246653.838982821,1781246653.957118034,1781246653.957128286,1781246653.959517241,1781246653.959535599,1781246653.962868690,0.003182,0.012017,0.118135,0.000010,0.002389,0.000018,0.003333,0.139084,1,1,
436,8.720000,8.720000,1781246653.962868690,1781246653.978418589,1781246653.990825891,1781246654.106491804,1781246654.106500149,1781246654.109271526,1781246654.109286308,1781246654.111708164,0.015550,0.012407,0.115666,0.000008,0.002771,0.000015,0.002422,0.148839,1,1,
437,8.740000,8.740000,1781246654.111708164,1781246654.112005234,1781246654.125173569,1781246654.233330011,1781246654.233337402,1781246654.233722210,1781246654.233740091,1781246654.237402201,0.000297,0.013168,0.108156,0.000007,0.000385,0.000018,0.003662,0.125694,1,1,
438,8.760000,8.760000,1781246654.237402201,1781246654.260750055,1781246654.273454189,1781246654.387874842,1781246654.387883425,1781246654.388788462,1781246654.388808250,1781246654.392121077,0.023348,0.012704,0.114421,0.000009,0.000905,0.000020,0.003313,0.154719,1,1,
439,8.780000,8.780000,1781246654.392121077,1781246654.394131422,1781246654.406526566,1781246654.516049385,1781246654.516056538,1781246654.516839027,1781246654.516851902,1781246654.518937111,0.002010,0.012395,0.109523,0.000007,0.000782,0.000013,0.002085,0.126816,1,1,
440,8.800000,8.800000,1781246654.518937111,1781246654.529034615,1781246654.541411877,1781246654.649237156,1781246654.649245024,1781246654.650692701,1781246654.650704384,1781246654.652701139,0.010098,0.012377,0.107825,0.000008,0.001448,0.000012,0.001997,0.133764,1,1,
441,8.820000,8.820000,1781246654.652701139,1781246654.663033485,1781246654.675283432,1781246654.782968998,1781246654.782977819,1781246654.784755707,1781246654.784778357,1781246654.788467407,0.010332,0.012250,0.107686,0.000009,0.001778,0.000023,0.003689,0.135766,1,1,
442,8.840000,8.840000,1781246654.788467407,1781246654.794462919,1781246654.806625128,1781246654.919776201,1781246654.919783592,1781246654.920714140,1781246654.920732498,1781246654.923463106,0.005996,0.012162,0.113151,0.000007,0.000931,0.000018,0.002731,0.134996,1,1,
443,8.860000,8.860000,1781246654.923463106,1781246654.927861691,1781246654.940900564,1781246655.053860188,1781246655.053867817,1781246655.056068659,1781246655.056088924,1781246655.059789419,0.004399,0.013039,0.112960,0.000008,0.002201,0.000020,0.003700,0.136326,1,1,
444,8.880000,8.880000,1781246655.059789419,1781246655.063050508,1781246655.078436613,1781246655.191540003,1781246655.191546917,1781246655.193665981,1781246655.193677664,1781246655.196057558,0.003261,0.015386,0.113103,0.000007,0.002119,0.000012,0.002380,0.136268,1,1,
445,8.900000,8.900000,1781246655.196057558,1781246655.195993662,1781246655.208377600,1781246655.322632790,1781246655.322640181,1781246655.324521303,1781246655.324533939,1781246655.326586723,-0.000064,0.012384,0.114255,0.000007,0.001881,0.000013,0.002053,0.130529,0,1,cycle_order
446,8.920000,8.920000,1781246655.326586723,1781246655.328272104,1781246655.341272116,1781246655.454803705,1781246655.454811811,1781246655.455404758,1781246655.455425739,1781246655.459217548,0.001685,0.013000,0.113532,0.000008,0.000593,0.000021,0.003792,0.132631,1,1,
447,8.940000,8.940000,1781246655.459217548,1781246655.463024139,1781246655.475386381,1781246655.589177132,1781246655.589184761,1781246655.590460300,1781246655.590472460,1781246655.594203711,0.003807,0.012362,0.113791,0.000008,0.001276,0.000012,0.003731,0.134986,1,1,
448,8.960000,8.960000,1781246655.594203711,1781246655.596293688,1781246655.608893633,1781246655.723076820,1781246655.723084211,1781246655.724919558,1781246655.724932194,1781246655.727057219,0.002090,0.012600,0.114183,0.000007,0.001835,0.000013,0.002125,0.132854,1,1,
449,8.980000,8.980000,1781246655.727057219,1781246655.730100393,1781246655.742647409,1781246655.856760740,1781246655.856767893,1781246655.858283281,1781246655.858300924,1781246655.861258268,0.003043,0.012547,0.114113,0.000007,0.001515,0.000018,0.002957,0.134201,1,1,
450,9.000000,9.000000,1781246655.861258268,1781246655.863476753,1781246655.876012087,1781246655.989886284,1781246655.989894390,1781246655.992032766,1781246655.992053032,1781246655.995797157,0.002218,0.012535,0.113874,0.000008,0.002138,0.000020,0.003744,0.134539,1,1,
451,9.020000,9.020000,1781246655.995797157,1781246655.996876955,1781246656.011957169,1781246656.126994610,1781246656.127002478,1781246656.127350807,1781246656.127369165,1781246656.131016254,0.001080,0.015080,0.115037,0.000008,0.000348,0.000018,0.003647,0.135219,1,1,
452,9.040000,9.040000,1781246656.131016254,1781246656.145861149,1781246656.158338547,1781246656.265554190,1781246656.265562534,1781246656.268255472,1781246656.268275976,1781246656.272032976,0.014845,0.012477,0.107216,0.000008,0.002693,0.000021,0.003757,0.141017,1,1,
453,9.060000,9.060000,1781246656.272032976,1781246656.280580044,1781246656.293090105,1781246656.401477098,1781246656.401484728,1781246656.402340651,1781246656.402358532,1781246656.405061960,0.008547,0.012510,0.108387,0.000008,0.000856,0.000018,0.002703,0.133029,1,1,
454,9.080000,9.080000,1781246656.405061960,1781246656.412328482,1781246656.424999237,1781246656.537032604,1781246656.537039757,1781246656.538033724,1781246656.538044930,1781246656.540014029,0.007267,0.012671,0.112033,0.000007,0.000994,0.000011,0.001969,0.134952,1,1,
455,9.100000,9.100000,1781246656.540014029,1781246656.547437429,1781246656.560016870,1781246656.668194294,1781246656.668201923,1781246656.670046568,1781246656.670063972,1781246656.672213793,0.007423,0.012579,0.108177,0.000008,0.001845,0.000017,0.002150,0.132200,1,1,
456,9.120000,9.120000,1781246656.672213793,1781246656.681754827,1781246656.695956230,1781246656.808719158,1781246656.808727741,1781246656.809103251,1781246656.809124708,1781246656.812861204,0.009541,0.014201,0.112763,0.000009,0.000376,0.000021,0.003736,0.140647,1,1,
457,9.140000,9.140000,1781246656.812861204,1781246656.814323425,1781246656.827007294,1781246656.940177202,1781246656.940186024,1781246656.941202164,1781246656.941222429,1781246656.944067240,0.001462,0.012684,0.113170,0.000009,0.001016,0.000020,0.002845,0.131206,1,1,
458,9.160000,9.160000,1781246656.944067240,1781246656.946196318,1781246656.958896399,1781246657.074112654,1781246657.074120760,1781246657.075446606,1781246657.075467348,1781246657.079385519,0.002129,0.012700,0.115216,0.000008,0.001326,0.000021,0.003918,0.135318,1,1,
459,9.180000,9.180000,1781246657.079385519,1781246657.079776049,1781246657.093973160,1781246657.208176136,1781246657.208184004,1781246657.210383654,1781246657.210394621,1781246657.212343216,0.000391,0.014197,0.114203,0.000008,0.002200,0.000011,0.001949,0.132958,1,1,
460,9.200000,9.200000,1781246657.212343216,1781246657.214741707,1781246657.227519512,1781246657.338890076,1781246657.338898420,1781246657.339896917,1781246657.339915037,1781246657.343677044,0.002398,0.012778,0.111371,0.000008,0.000998,0.000018,0.003762,0.131334,1,1,
461,9.220000,9.220000,1781246657.343677044,1781246657.346779585,1781246657.359357595,1781246657.471191406,1781246657.471198797,1781246657.471528530,1781246657.471547365,1781246657.473850250,0.003103,0.012578,0.111834,0.000007,0.000330,0.000019,0.002303,0.130173,1,1,
462,9.240000,9.240000,1781246657.473850250,1781246657.481519938,1781246657.494829655,1781246657.609356403,1781246657.609363794,1781246657.609737158,1781246657.609757185,1781246657.613513231,0.007670,0.013310,0.114527,0.000007,0.000373,0.000020,0.003756,0.139663,1,1,
463,9.260000,9.260000,1781246657.613513231,1781246657.614923954,1781246657.627784967,1781246657.741604090,1781246657.741611481,1781246657.744015217,1781246657.744033098,1781246657.746623516,0.001411,0.012861,0.113819,0.000007,0.002404,0.000018,0.002590,0.133110,1,1,
464,9.280000,9.280000,1781246657.746623516,1781246657.746903896,1781246657.766562462,1781246657.879258633,1781246657.879266262,1781246657.881503344,1781246657.881522417,1781246657.884234190,0.000280,0.019659,0.112696,0.000008,0.002237,0.000019,0.002712,0.137611,1,1,
465,9.300000,9.300000,1781246657.884234190,1781246657.898602962,1781246657.913560152,1781246658.026399374,1781246658.026406765,1781246658.028285265,1781246658.028305769,1781246658.032039881,0.014369,0.014957,0.112839,0.000007,0.001878,0.000021,0.003734,0.147806,1,1,
466,9.320000,9.320000,1781246658.032039881,1781246658.032140970,1781246658.045052052,1781246658.157164574,1781246658.157172203,1781246658.157583475,1781246658.157602310,1781246658.161362648,0.000101,0.012911,0.112113,0.000008,0.000411,0.000019,0.003760,0.129323,1,1,
467,9.340000,9.340000,1781246658.161362648,1781246658.165250301,1781246658.178917170,1781246658.297632694,1781246658.297640800,1781246658.298337698,1781246658.298356533,1781246658.300736666,0.003888,0.013667,0.118716,0.000008,0.000697,0.000019,0.002380,0.139374,1,1,
468,9.360000,9.360000,1781246658.300736666,1781246658.315281868,1781246658.329197168,1781246658.446676254,1781246658.446683407,1781246658.448258400,1781246658.448276520,1781246658.451757431,0.014545,0.013915,0.117479,0.000007,0.001575,0.000018,0.003481,0.151021,1,1,
469,9.380000,9.380000,1781246658.451757431,1781246658.464160442,1781246658.479078770,1781246658.595226049,1781246658.595233202,1781246658.595619917,1781246658.595631123,1781246658.597602844,0.012403,0.014918,0.116147,0.000007,0.000387,0.000011,0.001972,0.145845,1,1,
470,9.400000,9.400000,1781246658.597602844,1781246658.614191055,1781246658.627147913,1781246658.739715338,1781246658.739722490,1781246658.740306139,1781246658.740316629,1781246658.743016243,0.016588,0.012957,0.112567,0.000007,0.000584,0.000010,0.002700,0.145413,1,1,
471,9.420000,9.420000,1781246658.743016243,1781246658.749235392,1781246658.762175798,1781246658.875172138,1781246658.875180721,1781246658.877228737,1781246658.877246380,1781246658.881052494,0.006219,0.012940,0.112996,0.000009,0.002048,0.000018,0.003806,0.138036,1,1,
472,9.440000,9.440000,1781246658.881052494,1781246658.882585049,1781246658.895625830,1781246659.008954525,1781246659.008962393,1781246659.009613276,1781246659.009624481,1781246659.011759520,0.001533,0.013041,0.113329,0.000008,0.000651,0.000011,0.002135,0.130707,1,1,
473,9.460000,9.460000,1781246659.011759520,1781246659.015842915,1781246659.029217958,1781246659.142008781,1781246659.142016172,1781246659.143661737,1781246659.143682003,1781246659.147315502,0.004083,0.013375,0.112791,0.000007,0.001646,0.000020,0.003633,0.135556,1,1,
474,9.480000,9.480000,1781246659.147315502,1781246659.149330616,1781246659.162447929,1781246659.274819851,1781246659.274827957,1781246659.276524544,1781246659.276543140,1781246659.280236483,0.002015,0.013117,0.112372,0.000008,0.001697,0.000019,0.003693,0.132921,1,1,
475,9.500000,9.500000,1781246659.280236483,1781246659.281310797,1781246659.294479847,1781246659.408444881,1781246659.408453703,1781246659.408819675,1781246659.408838749,1781246659.412691355,0.001074,0.013169,0.113965,0.000009,0.000366,0.000019,0.003853,0.132455,1,1,
476,9.520000,9.520000,1781246659.412691355,1781246659.416553020,1781246659.430226803,1781246659.549171686,1781246659.549181223,1781246659.550195217,1781246659.550213814,1781246659.552497625,0.003862,0.013674,0.118945,0.000010,0.001014,0.000019,0.002284,0.139806,1,1,
477,9.540000,9.540000,1781246659.552497625,1781246659.565160513,1781246659.579143524,1781246659.695167542,1781246659.695175171,1781246659.695803165,1781246659.695822239,1781246659.699440718,0.012663,0.013983,0.116024,0.000008,0.000628,0.000019,0.003618,0.146943,1,1,
478,9.560000,9.560000,1781246659.699440718,1781246659.716483116,1781246659.730087280,1781246659.843415260,1781246659.843425274,1781246659.844981194,1781246659.844995022,1781246659.846991062,0.017042,0.013604,0.113328,0.000010,0.001556,0.000014,0.001996,0.147550,1,1,
479,9.580000,9.580000,1781246659.846991062,1781246659.850083828,1781246659.863323212,1781246659.977061272,1781246659.977070093,1781246659.979068518,1781246659.979088783,1781246659.982857227,0.003093,0.013239,0.113738,0.000009,0.001998,0.000020,0.003768,0.135866,1,1,
480,9.600000,9.600000,1781246659.982857227,1781246659.983423471,1781246659.996879578,1781246660.109474897,1781246660.109483242,1781246660.111452579,1781246660.111472368,1781246660.115072727,0.000566,0.013456,0.112595,0.000008,0.001969,0.000020,0.003600,0.132215,1,1,
481,9.620000,9.620000,1781246660.115072727,1781246660.117218494,1781246660.130503416,1781246660.243671894,1781246660.243681192,1781246660.245280266,1781246660.245301008,1781246660.248781681,0.002146,0.013285,0.113168,0.000009,0.001599,0.000021,0.003481,0.133709,1,1,
482,9.640000,9.640000,1781246660.248781681,1781246660.250353813,1781246660.263635635,1781246660.375918150,1781246660.375927210,1781246660.377808332,1781246660.377828360,1781246660.380446196,0.001572,0.013282,0.112283,0.000009,0.001881,0.000020,0.002618,0.131665,1,1,
483,9.660000,9.660000,1781246660.380446196,1781246660.383777857,1781246660.397671938,1781246660.510542154,1781246660.510550499,1781246660.512354374,1781246660.512376070,1781246660.516036510,0.003332,0.013894,0.112870,0.000008,0.001804,0.000022,0.003660,0.135590,1,1,
484,9.680000,9.680000,1781246660.516036510,1781246660.534002066,1781246660.547829390,1781246660.659601688,1781246660.659610510,1781246660.661829948,1781246660.661852598,1781246660.665534735,0.017966,0.013827,0.111772,0.000009,0.002219,0.000023,0.003682,0.149498,1,1,
485,9.700000,9.700000,1781246660.665534735,1781246660.667319059,1781246660.680738211,1781246660.792354584,1781246660.792363167,1781246660.793375254,1781246660.793395758,1781246660.797158957,0.001784,0.013419,0.111616,0.000009,0.001012,0.000021,0.003763,0.131624,1,1,
486,9.720000,9.720000,1781246660.797158957,1781246660.800835133,1781246660.814320087,1781246660.926206827,1781246660.926215887,1781246660.928386450,1781246660.928406000,1781246660.932097197,0.003676,0.013485,0.111887,0.000009,0.002171,0.000020,0.003691,0.134938,1,1,
487,9.740000,9.740000,1781246660.932097197,1781246660.934252977,1781246660.947807789,1781246661.060111523,1781246661.060120344,1781246661.062087059,1781246661.062100172,1781246661.064233303,0.002156,0.013555,0.112304,0.000009,0.001967,0.000013,0.002133,0.132136,1,1,
488,9.760000,9.760000,1781246661.064233303,1781246661.067801714,1781246661.081492662,1781246661.193941832,1781246661.193949223,1781246661.194206238,1781246661.194218397,1781246661.196271658,0.003568,0.013691,0.112449,0.000007,0.000257,0.000012,0.002053,0.132038,1,1,
489,9.780000,9.780000,1781246661.196271658,1781246661.201146603,1781246661.214721680,1781246661.326445341,1781246661.326453447,1781246661.327969790,1781246661.327989101,1781246661.331745386,0.004875,0.013575,0.111724,0.000008,0.001516,0.000019,0.003756,0.135474,1,1,
490,9.800000,9.800000,1781246661.331745386,1781246661.334704876,1781246661.348407984,1781246661.459184170,1781246661.459192991,1781246661.461098671,1781246661.461111546,1781246661.463099718,0.002959,0.013703,0.110776,0.000009,0.001906,0.000013,0.001988,0.131354,1,1,
491,9.820000,9.819999,1781246661.463099718,1781246661.468057632,1781246661.485468626,1781246661.596597910,1781246661.596605778,1781246661.598731279,1781246661.598750114,1781246661.600946188,0.004958,0.017411,0.111129,0.000008,0.002126,0.000019,0.002196,0.137846,1,1,
492,9.840000,9.839999,1781246661.600946188,1781246661.618290663,1781246661.632272720,1781246661.743470669,1781246661.743479013,1781246661.744256258,1781246661.744274616,1781246661.747095823,0.017344,0.013982,0.111198,0.000008,0.000777,0.000018,0.002821,0.146150,1,1,
493,9.860000,9.859999,1781246661.747095823,1781246661.750072241,1781246661.764247656,1781246661.876974106,1781246661.876981735,1781246661.878167391,1781246661.878185511,1781246661.881968498,0.002976,0.014175,0.112726,0.000008,0.001186,0.000018,0.003783,0.134873,1,1,
494,9.880000,9.879999,1781246661.881968498,1781246661.885152817,1781246661.898834229,1781246662.010313511,1781246662.010322332,1781246662.012871981,1781246662.012890339,1781246662.016698122,0.003184,0.013681,0.111479,0.000009,0.002550,0.000018,0.003808,0.134730,1,1,
495,9.900000,9.899999,1781246662.016698122,1781246662.016975164,1781246662.030974627,1781246662.142961264,1781246662.142968655,1781246662.143784761,1781246662.143802881,1781246662.146356821,0.000277,0.013999,0.111987,0.000007,0.000816,0.000018,0.002554,0.129659,1,1,
496,9.920000,9.919999,1781246662.146356821,1781246662.151821852,1781246662.165567636,1781246662.277568340,1781246662.277576447,1781246662.277889490,1781246662.277901411,1781246662.279956579,0.005465,0.013746,0.112001,0.000008,0.000313,0.000012,0.002055,0.133600,1,1,
497,9.940000,9.939999,1781246662.279956579,1781246662.285158634,1781246662.299010515,1781246662.410903454,1781246662.410911322,1781246662.411390781,1781246662.411409855,1781246662.415071964,0.005202,0.013852,0.111893,0.000008,0.000479,0.000019,0.003662,0.135115,1,1,
498,9.960000,9.959999,1781246662.415071964,1781246662.417240858,1781246662.433689833,1781246662.545346022,1781246662.545353889,1781246662.546741962,1781246662.546753883,1781246662.548735142,0.002169,0.016449,0.111656,0.000008,0.001388,0.000012,0.001981,0.133663,1,1,
499,9.980000,9.979999,1781246662.548735142,1781246662.552216053,1781246662.566123247,1781246662.677730799,1781246662.677740574,1781246662.679727316,1781246662.679738045,1781246662.681830406,0.003481,0.013907,0.111608,0.000010,0.001987,0.000011,0.002092,0.133095,1,1,
500,10.000000,9.999999,1781246662.681830406,1781246662.685564518,1781246662.699353695,1781246662.810683727,1781246662.810692787,1781246662.812919617,1781246662.812939405,1781246662.815690041,0.003734,0.013789,0.111330,0.000009,0.002227,0.000020,0.002751,0.133860,1,1,
501,10.020000,10.019999,1781246662.815690041,1781246662.819187880,1781246662.833071470,1781246662.945055246,1781246662.945063114,1781246662.946780443,1781246662.946798563,1781246662.950377703,0.003498,0.013884,0.111984,0.000008,0.001717,0.000018,0.003579,0.134688,1,1,
502,10.040000,10.039999,1781246662.950377703,1781246662.967833042,1781246662.981398821,1781246663.103265524,1781246663.103272915,1781246663.104862928,1781246663.104882002,1781246663.107521772,0.017455,0.013566,0.121867,0.000007,0.001590,0.000019,0.002640,0.157144,1,1,
503,10.060000,10.059999,1781246663.107521772,1781246663.119267702,1781246663.137038708,1781246663.250818014,1781246663.250825644,1781246663.252832174,1781246663.252849579,1781246663.256502867,0.011746,0.017771,0.113779,0.000008,0.002007,0.000017,0.003653,0.148981,1,1,
504,10.080000,10.079999,1781246663.256502867,1781246663.269411087,1781246663.283445597,1781246663.395703077,1781246663.395711422,1781246663.396907091,1781246663.396926403,1781246663.400564671,0.012908,0.014035,0.112257,0.000008,0.001196,0.000019,0.003638,0.144062,1,1,
505,10.100000,10.099999,1781246663.400564671,1781246663.402666330,1781246663.416684866,1781246663.529638052,1781246663.529650450,1781246663.530743599,1781246663.530775547,1781246663.534926891,0.002102,0.014019,0.112953,0.000012,0.001093,0.000032,0.004151,0.134362,1,1,
506,10.120000,10.119999,1781246663.534926891,1781246663.536393166,1781246663.558311462,1781246663.681107759,1781246663.681115150,1781246663.681479454,1781246663.681491852,1781246663.683520317,0.001466,0.021918,0.122796,0.000007,0.000364,0.000012,0.002028,0.148593,1,1,
507,10.140000,10.139999,1781246663.683520317,1781246663.686360359,1781246663.700425386,1781246663.812573671,1781246663.812582493,1781246663.812933922,1781246663.812952280,1781246663.815960407,0.002840,0.014065,0.112148,0.000009,0.000351,0.000018,0.003008,0.132440,1,1,
508,10.160000,10.159999,1781246663.815960407,1781246663.820171118,1781246663.834260702,1781246663.954335451,1781246663.954343796,1781246663.954998016,1781246663.955017328,1781246663.958092690,0.004211,0.014090,0.120075,0.000008,0.000654,0.000019,0.003075,0.142132,1,1,
509,10.180000,10.179999,1781246663.958092690,1781246663.969861746,1781246663.986204624,1781246664.099344015,1781246664.099351645,1781246664.101124287,1781246664.101137400,1781246664.103211880,0.011769,0.016343,0.113139,0.000008,0.001773,0.000013,0.002074,0.145119,1,1,
510,10.200000,10.199999,1781246664.103211880,1781246664.103349447,1781246664.117950916,1781246664.231146097,1781246664.231153727,1781246664.231987476,1781246664.232000113,1781246664.234097481,0.000138,0.014601,0.113195,0.000008,0.000834,0.000013,0.002097,0.130886,1,1,
511,10.220000,10.219999,1781246664.234097481,1781246664.235479116,1781246664.249715090,1781246664.363361835,1781246664.363368750,1781246664.363953590,1781246664.363965988,1781246664.366441727,0.001382,0.014236,0.113647,0.000007,0.000585,0.000012,0.002476,0.132344,1,1,
512,10.240000,10.239999,1781246664.366441727,1781246664.402340412,1781246664.416439056,1781246664.530372620,1781246664.530380964,1781246664.531644106,1781246664.531657457,1781246664.533735275,0.035899,0.014099,0.113934,0.000008,0.001263,0.000013,0.002078,0.167294,1,1,
513,10.260000,10.259999,1781246664.533735275,1781246664.535712242,1781246664.550171375,1781246664.663729191,1781246664.663737059,1781246664.665582418,1781246664.665593624,1781246664.667694092,0.001977,0.014459,0.113558,0.000008,0.001845,0.000011,0.002100,0.133959,1,1,
514,10.280000,10.279999,1781246664.667694092,1781246664.670447350,1781246664.684917212,1781246664.797344685,1781246664.797353983,1781246664.798241377,1781246664.798260212,1781246664.800608873,0.002753,0.014470,0.112427,0.000009,0.000887,0.000019,0.002349,0.132915,1,1,
515,10.300000,10.299999,1781246664.800608873,1781246664.804230690,1781246664.818418980,1781246664.930903435,1781246664.930912018,1781246664.933190823,1781246664.933203220,1781246664.935248852,0.003622,0.014188,0.112484,0.000009,0.002279,0.000012,0.002046,0.134640,1,1,
516,10.320000,10.319999,1781246664.935248852,1781246664.936199188,1781246664.950464249,1781246665.062424660,1781246665.062433243,1781246665.063204050,1781246665.063225269,1781246665.066952467,0.000950,0.014265,0.111960,0.000009,0.000771,0.000021,0.003727,0.131704,1,1,
517,10.340000,10.339999,1781246665.066952467,1781246665.070993185,1781246665.085508823,1781246665.197329998,1781246665.197338343,1781246665.199508905,1781246665.199528217,1781246665.203181267,0.004041,0.014516,0.111821,0.000008,0.002171,0.000019,0.003653,0.136229,1,1,
518,10.360000,10.359999,1781246665.203181267,1781246665.204283476,1781246665.220826149,1781246665.333959341,1781246665.333966732,1781246665.336173296,1781246665.336190224,1781246665.339579105,0.001102,0.016543,0.113133,0.000007,0.002207,0.000017,0.003389,0.136398,1,1,
519,10.380000,10.379999,1781246665.339579105,1781246665.353089809,1781246665.367778540,1781246665.480410337,1781246665.480418205,1781246665.480782747,1781246665.480802774,1781246665.484530210,0.013511,0.014689,0.112632,0.000008,0.000365,0.000020,0.003727,0.144951,1,1,
520,10.400000,10.399999,1781246665.484530210,1781246665.487831831,1781246665.502284527,1781246665.614439726,1781246665.614448547,1781246665.615256548,1781246665.615274906,1781246665.618015289,0.003302,0.014453,0.112155,0.000009,0.000808,0.000018,0.002740,0.133485,1,1,
521,10.420000,10.419999,1781246665.618015289,1781246665.621417046,1781246665.635784388,1781246665.747658014,1781246665.747665882,1781246665.749499798,1781246665.749519825,1781246665.752197266,0.003402,0.014367,0.111874,0.000008,0.001834,0.000020,0.002677,0.134182,1,1,
522,10.440000,10.439999,1781246665.752197266,1781246665.755158186,1781246665.769539833,1781246665.881153584,1781246665.881161690,1781246665.883368731,1781246665.883381367,1781246665.885519505,0.002961,0.014382,0.111614,0.000008,0.002207,0.000013,0.002138,0.133322,1,1,
523,10.460000,10.459999,1781246665.885519505,1781246665.888349771,1781246665.902910709,1781246666.014385223,1781246666.014394045,1781246666.016364813,1781246666.016385317,1781246666.020061493,0.002830,0.014561,0.111475,0.000009,0.001971,0.000021,0.003676,0.134542,1,1,
524,10.480000,10.479999,1781246666.020061493,1781246666.020378590,1781246666.034954786,1781246666.145565748,1781246666.145574570,1781246666.147910833,1781246666.147924185,1781246666.150127172,0.000317,0.014576,0.110611,0.000009,0.002336,0.000013,0.002203,0.130066,1,1,
525,10.500000,10.499999,1781246666.150127172,1781246666.153748989,1781246666.168639183,1781246666.280058622,1781246666.280066252,1781246666.281942844,1781246666.281956196,1781246666.284122229,0.003622,0.014890,0.111419,0.000008,0.001877,0.000013,0.002166,0.133995,1,1,
526,10.520000,10.519999,1781246666.284122229,1781246666.287330151,1781246666.302619696,1781246666.413285971,1781246666.413293362,1781246666.414760113,1781246666.414801359,1781246666.416918516,0.003208,0.015290,0.110666,0.000007,0.001467,0.000041,0.002117,0.132796,1,1,
527,10.540000,10.539999,1781246666.416918516,1781246666.420623302,1781246666.435743093,1781246666.557928562,1781246666.557936192,1781246666.559660196,1781246666.559679985,1781246666.561880112,0.003705,0.015120,0.122185,0.000008,0.001724,0.000020,0.002200,0.144962,1,1,
528,10.560000,10.559999,1781246666.561880112,1781246666.570726156,1781246666.585608482,1781246666.703406334,1781246666.703414202,1781246666.704539299,1781246666.704560041,1781246666.708263874,0.008846,0.014882,0.117798,0.000008,0.001125,0.000021,0.003704,0.146384,1,1,
529,10.580000,10.579999,1781246666.708263874,1781246666.720804930,1781246666.735569000,1781246666.847852468,1781246666.847863436,1781246666.850281239,1781246666.850301981,1781246666.853979349,0.012541,0.014764,0.112283,0.000011,0.002418,0.000021,0.003677,0.145715,1,1,
530,10.600000,10.599999,1781246666.853979349,1781246666.855725527,1781246666.870685101,1781246666.985128164,1781246666.985136032,1781246666.985507011,1781246666.985525131,1781246666.989231586,0.001746,0.014960,0.114443,0.000008,0.000371,0.000018,0.003706,0.135252,1,1,
531,10.620000,10.619999,1781246666.989231586,1781246667.004420042,1781246667.019400597,1781246667.130823851,1781246667.130831242,1781246667.132596254,1781246667.132617235,1781246667.135874271,0.015188,0.014981,0.111423,0.000007,0.001765,0.000021,0.003257,0.146643,1,1,
532,10.640000,10.639999,1781246667.135874271,1781246667.137755871,1781246667.152395964,1781246667.263068676,1781246667.263075829,1781246667.265183449,1781246667.265199423,1781246667.267517328,0.001882,0.014640,0.110673,0.000007,0.002108,0.000016,0.002318,0.131643,1,1,
533,10.660000,10.659999,1781246667.267517328,1781246667.271296024,1781246667.286018848,1781246667.396024466,1781246667.396033049,1781246667.398569584,1781246667.398589611,1781246667.401883841,0.003779,0.014723,0.110006,0.000009,0.002537,0.000020,0.003294,0.134367,1,1,
534,10.680000,10.679999,1781246667.401883841,1781246667.404894352,1781246667.420149088,1781246667.532021284,1781246667.532029390,1781246667.532878876,1781246667.532891273,1781246667.534941912,0.003011,0.015255,0.111872,0.000008,0.000849,0.000012,0.002051,0.133058,1,1,
535,10.700000,10.699999,1781246667.534941912,1781246667.538179398,1781246667.553014994,1781246667.663125753,1781246667.663133621,1781246667.665368080,1781246667.665379047,1781246667.667443037,0.003237,0.014836,0.110111,0.000008,0.002234,0.000011,0.002064,0.132501,1,1,
536,10.720000,10.719999,1781246667.667443037,1781246667.671647787,1781246667.687415123,1781246667.799366236,1781246667.799374342,1781246667.801792145,1781246667.801811457,1781246667.804423332,0.004205,0.015767,0.111951,0.000008,0.002418,0.000019,0.002612,0.136980,1,1,
537,10.740000,10.739999,1781246667.804423332,1781246667.806304932,1781246667.821700811,1781246667.933269978,1781246667.933277607,1781246667.933922291,1781246667.933935165,1781246667.935882330,0.001882,0.015396,0.111569,0.000008,0.000645,0.000013,0.001947,0.131459,1,1,
538,10.760000,10.759999,1781246667.935882330,1781246667.938509226,1781246667.954665661,1781246668.065407038,1781246668.065414667,1781246668.067108631,1781246668.067126989,1781246668.070750475,0.002627,0.016156,0.110741,0.000008,0.001694,0.000018,0.003623,0.134868,1,1,
539,10.780000,10.779999,1781246668.070750475,1781246668.071799517,1781246668.086582184,1781246668.197650433,1781246668.197657824,1781246668.199279308,1781246668.199297428,1781246668.203053236,0.001049,0.014783,0.111068,0.000007,0.001621,0.000018,0.003756,0.132303,1,1,
540,10.800000,10.799999,1781246668.203053236,1781246668.205429316,1781246668.220362902,1781246668.331347466,1781246668.331355572,1781246668.332796097,1781246668.332808018,1781246668.334870100,0.002376,0.014934,0.110985,0.000008,0.001441,0.000012,0.002062,0.131817,1,1,
541,10.820000,10.819999,1781246668.334870100,1781246668.338719845,1781246668.353756428,1781246668.464835167,1781246668.464842081,1781246668.467388391,1781246668.467407942,1781246668.470762968,0.003850,0.015037,0.111079,0.000007,0.002546,0.000020,0.003355,0.135893,1,1,
542,10.840000,10.839999,1781246668.470762968,1781246668.472172976,1781246668.487184286,1781246668.598100662,1781246668.598109484,1781246668.600419998,1781246668.600432873,1781246668.602486134,0.001410,0.015011,0.110916,0.000009,0.002311,0.000013,0.002053,0.131723,1,1,
543,10.860000,10.859999,1781246668.602486134,1781246668.605616331,1781246668.620588064,1781246668.734531164,1781246668.734539747,1781246668.735228062,1781246668.735239983,1781246668.737220764,0.003130,0.014972,0.113943,0.000009,0.000688,0.000012,0.001981,0.134735,1,1,
544,10.880000,10.879999,1781246668.737220764,1781246668.739020824,1781246668.754023790,1781246668.864727020,1781246668.864736080,1781246668.865126371,1781246668.865138769,1781246668.867179632,0.001800,0.015003,0.110703,0.000009,0.000390,0.000012,0.002041,0.129959,1,1,
545,10.900000,10.899999,1781246668.867179632,1781246668.872546196,1781246668.887636423,1781246668.998097658,1781246668.998106480,1781246668.999856472,1781246668.999874830,1781246669.003652573,0.005367,0.015090,0.110461,0.000009,0.001750,0.000018,0.003778,0.136473,1,1,
546,10.920000,10.919999,1781246669.003652573,1781246669.006328821,1781246669.021528721,1781246669.132627726,1781246669.132636070,1781246669.134215117,1781246669.134234905,1781246669.137891054,0.002676,0.015200,0.111099,0.000008,0.001579,0.000020,0.003656,0.134238,1,1,
547,10.940000,10.939999,1781246669.137891054,1781246669.139455795,1781246669.154557943,1781246669.265225649,1781246669.265234709,1781246669.267627001,1781246669.267645836,1781246669.271306038,0.001565,0.015102,0.110668,0.000009,0.002392,0.000019,0.003660,0.133415,1,1,
548,10.960000,10.959999,1781246669.271306038,1781246669.273011208,1781246669.287987709,1781246669.397478819,1781246669.397488117,1781246669.400015116,1781246669.400037289,1781246669.403005838,0.001705,0.014977,0.109491,0.000009,0.002527,0.000022,0.002969,0.131700,1,1,
549,10.980000,10.979999,1781246669.403005838,1781246669.406391859,1781246669.421559334,1781246669.531731367,1781246669.531739950,1781246669.532979727,1781246669.532991648,1781246669.535070419,0.003386,0.015167,0.110172,0.000009,0.001240,0.000012,0.002079,0.132065,1,1,
550,11.000000,10.999999,1781246669.535070419,1781246669.540103436,1781246669.555380106,1781246669.665364742,1781246669.665373087,1781246669.666882038,1781246669.666902781,1781246669.670691252,0.005033,0.015277,0.109985,0.000008,0.001509,0.000021,0.003788,0.135621,1,1,
551,11.020000,11.019999,1781246669.670691252,1781246669.673287392,1781246669.688553333,1781246669.798168898,1781246669.798178196,1781246669.799026489,1781246669.799048185,1781246669.802867651,0.002596,0.015266,0.109616,0.000009,0.000848,0.000022,0.003819,0.132176,1,1,
552,11.040000,11.039999,1781246669.802867651,1781246669.808040142,1781246669.823175907,1781246669.933704853,1781246669.933713198,1781246669.936140060,1781246669.936159134,1781246669.938660622,0.005172,0.015136,0.110529,0.000008,0.002427,0.000019,0.002501,0.135793,1,1,
553,11.060000,11.059999,1781246669.938660622,1781246669.941359043,1781246669.962940693,1781246670.073476315,1781246670.073484182,1781246670.075018406,1781246670.075032949,1781246670.077071190,0.002698,0.021582,0.110536,0.000008,0.001534,0.000015,0.002038,0.138411,1,1,
554,11.080000,11.079999,1781246670.077071190,1781246670.090356112,1781246670.106224537,1781246670.216642618,1781246670.216650248,1781246670.217668056,1781246670.217679501,1781246670.219736814,0.013285,0.015868,0.110418,0.000008,0.001018,0.000011,0.002057,0.142666,1,1,
555,11.100000,11.099999,1781246670.219736814,1781246670.223528385,1781246670.239112139,1781246670.349595785,1781246670.349603891,1781246670.351156235,1781246670.351178408,1781246670.353552818,0.003792,0.015584,0.110484,0.000008,0.001552,0.000022,0.002374,0.133816,1,1,
556,11.120000,11.119999,1781246670.353552818,1781246670.357158899,1781246670.373939514,1781246670.485772848,1781246670.485780954,1781246670.488050222,1781246670.488063335,1781246670.490048170,0.003606,0.016781,0.111833,0.000008,0.002269,0.000013,0.001985,0.136495,1,1,
557,11.140000,11.139999,1781246670.490048170,1781246670.490479708,1781246670.506229877,1781246670.616941452,1781246670.616949797,1781246670.618374109,1781246670.618386507,1781246670.620425940,0.000432,0.015750,0.110712,0.000008,0.001424,0.000012,0.002039,0.130378,1,1,
558,11.160000,11.159999,1781246670.620425940,1781246670.624273777,1781246670.644429684,1781246670.755733252,1781246670.755740643,1781246670.757795572,1781246670.757828951,1781246670.759830952,0.003848,0.020156,0.111304,0.000007,0.002055,0.000033,0.002002,0.139405,1,1,
559,11.180000,11.179999,1781246670.759830952,1781246670.774185896,1781246670.789566755,1781246670.899997473,1781246670.900005102,1781246670.901167870,1781246670.901187658,1781246670.904955864,0.014355,0.015381,0.110431,0.000008,0.001163,0.000020,0.003768,0.145125,1,1,
560,11.200000,11.199999,1781246670.904955864,1781246670.907561064,1781246670.923197985,1781246671.033725262,1781246671.033733606,1781246671.035604239,1781246671.035622358,1781246671.037885904,0.002605,0.015637,0.110527,0.000008,0.001871,0.000018,0.002264,0.132930,1,1,
561,11.220000,11.219999,1781246671.037885904,1781246671.041127205,1781246671.057235718,1781246671.169086456,1781246671.169094086,1781246671.170865297,1781246671.170885324,1781246671.173894882,0.003241,0.016109,0.111851,0.000008,0.001771,0.000020,0.003010,0.136009,1,1,
562,11.240000,11.239999,1781246671.173894882,1781246671.174494028,1781246671.190011740,1781246671.300071001,1781246671.300079107,1781246671.302443266,1781246671.302462816,1781246671.305236340,0.000599,0.015518,0.110059,0.000008,0.002364,0.000020,0.002774,0.131341,1,1,
563,11.260000,11.259999,1781246671.305236340,1781246671.308148623,1781246671.323585033,1781246671.433495522,1781246671.433503628,1781246671.433948278,1781246671.433966398,1781246671.437583208,0.002912,0.015436,0.109910,0.000008,0.000445,0.000018,0.003617,0.132347,1,1,
564,11.280000,11.279999,1781246671.437583208,1781246671.441479683,1781246671.457115650,1781246671.567533493,1781246671.567541838,1781246671.569390774,1781246671.569409847,1781246671.572987556,0.003896,0.015636,0.110418,0.000008,0.001849,0.000019,0.003578,0.135404,1,1,
565,11.300000,11.299999,1781246671.572987556,1781246671.574802876,1781246671.590360165,1781246671.700886965,1781246671.700895548,1781246671.703379869,1781246671.703400135,1781246671.706832409,0.001815,0.015557,0.110527,0.000009,0.002484,0.000020,0.003432,0.133845,1,1,
566,11.320000,11.319999,1781246671.706832409,1781246671.708348751,1781246671.724037647,1781246671.834599733,1781246671.834607840,1781246671.836037397,1781246671.836057186,1781246671.838519812,0.001516,0.015689,0.110562,0.000008,0.001430,0.000020,0.002463,0.131687,1,1,
567,11.340000,11.339999,1781246671.838519812,1781246671.841712713,1781246671.857616186,1781246671.969756603,1781246671.969764709,1781246671.971527576,1781246671.971540451,1781246671.973592758,0.003193,0.015903,0.112140,0.000008,0.001763,0.000013,0.002052,0.135073,1,1,
568,11.360000,11.359999,1781246671.973592758,1781246671.975097656,1781246671.990819693,1781246672.102151394,1781246672.102160692,1781246672.104447126,1781246672.104465961,1781246672.108249664,0.001505,0.015722,0.111332,0.000009,0.002286,0.000019,0.003784,0.134657,1,1,
569,11.380000,11.379999,1781246672.108249664,1781246672.108559608,1781246672.124208212,1781246672.234620571,1781246672.234628677,1781246672.236304283,1781246672.236324072,1781246672.240009546,0.000310,0.015649,0.110412,0.000008,0.001676,0.000020,0.003685,0.131760,1,1,
570,11.400000,11.399999,1781246672.240009546,1781246672.241944551,1781246672.257786274,1781246672.368756533,1781246672.368763924,1781246672.369149685,1781246672.369168043,1781246672.372823715,0.001935,0.015842,0.110970,0.000007,0.000386,0.000018,0.003656,0.132814,1,1,
571,11.420000,11.419999,1781246672.372823715,1781246672.375416994,1781246672.391402960,1781246672.502833605,1781246672.502841711,1781246672.504395485,1781246672.504415751,1781246672.508123398,0.002593,0.015986,0.111431,0.000008,0.001554,0.000020,0.003708,0.135300,1,1,
572,11.440000,11.439999,1781246672.508123398,1781246672.508877754,1781246672.525606155,1781246672.637359858,1781246672.637367725,1781246672.637789249,1781246672.637808084,1781246672.641483068,0.000754,0.016728,0.111754,0.000008,0.000422,0.000019,0.003675,0.133360,1,1,
573,11.460000,11.459999,1781246672.641483068,1781246672.642412901,1781246672.658292770,1781246672.769730091,1781246672.769737959,1781246672.771433115,1781246672.771453142,1781246672.775087357,0.000930,0.015880,0.111437,0.000008,0.001695,0.000020,0.003634,0.133604,1,1,
574,11.480000,11.479999,1781246672.775087357,1781246672.775682211,1781246672.791639566,1781246672.904204130,1781246672.904211760,1781246672.906364918,1781246672.906376362,1781246672.908305407,0.000595,0.015957,0.112565,0.000008,0.002153,0.000011,0.001929,0.133218,1,1,
575,11.500000,11.499999,1781246672.908305407,1781246672.909303188,1781246672.925176144,1781246673.034402132,1781246673.034410238,1781246673.035301447,1781246673.035319567,1781246673.037964106,0.000998,0.015873,0.109226,0.000008,0.000891,0.000018,0.002645,0.129659,1,1,
576,11.520000,11.519999,1781246673.037964106,1781246673.042685986,1781246673.058520079,1781246673.167824030,1781246673.167830944,1781246673.170114040,1781246673.170133352,1781246673.173871756,0.004722,0.015834,0.109304,0.000007,0.002283,0.000019,0.003738,0.135908,1,1,
577,11.540000,11.539999,1781246673.173871756,1781246673.176301003,1781246673.192245722,1781246673.301550150,1781246673.301558256,1781246673.303380489,1781246673.303392172,1781246673.305433273,0.002429,0.015945,0.109304,0.000008,0.001822,0.000012,0.002041,0.131562,1,1,
578,11.560000,11.559999,1781246673.305433273,1781246673.309577465,1781246673.325957298,1781246673.435657501,1781246673.435665131,1781246673.437604189,1781246673.437622786,1781246673.441320658,0.004144,0.016380,0.109700,0.000008,0.001939,0.000019,0.003698,0.135887,1,1,
579,11.580000,11.579999,1781246673.441320658,1781246673.442976475,1781246673.459486008,1781246673.568720341,1781246673.568728685,1781246673.571029663,1781246673.571043253,1781246673.573136568,0.001656,0.016510,0.109234,0.000008,0.002301,0.000014,0.002093,0.131816,1,1,
580,11.600000,11.599999,1781246673.573136568,1781246673.576429129,1781246673.592546225,1781246673.702660799,1781246673.702671051,1781246673.703275681,1781246673.703287125,1781246673.705370188,0.003293,0.016117,0.110115,0.000010,0.000605,0.000011,0.002083,0.132234,1,1,
581,11.620000,11.619999,1781246673.705370188,1781246673.709933281,1781246673.726874113,1781246673.836566448,1781246673.836574316,1781246673.837000608,1781246673.837018967,1781246673.840633392,0.004563,0.016941,0.109692,0.000008,0.000426,0.000018,0.003614,0.135263,1,1,
582,11.640000,11.639999,1781246673.840633392,1781246673.876869917,1781246673.893039703,1781246674.010409355,1781246674.010417461,1781246674.011686563,1781246674.011706829,1781246674.013893604,0.036237,0.016170,0.117370,0.000008,0.001269,0.000020,0.002187,0.173260,1,1,
583,11.660000,11.659999,1781246674.013893604,1781246674.026885986,1781246674.044017315,1781246674.155120850,1781246674.155130148,1781246674.157077074,1781246674.157096148,1781246674.159567356,0.012992,0.017131,0.111104,0.000009,0.001947,0.000019,0.002471,0.145674,1,1,
584,11.680000,11.679999,1781246674.159567356,1781246674.160210371,1781246674.176364660,1781246674.286175251,1781246674.286183357,1781246674.287745953,1781246674.287757158,1781246674.289829731,0.000643,0.016154,0.109811,0.000008,0.001563,0.000011,0.002073,0.130262,1,1,
585,11.700000,11.699999,1781246674.289829731,1781246674.294852972,1781246674.311216831,1781246674.420302391,1781246674.420311213,1781246674.421987057,1781246674.422007799,1781246674.425754547,0.005023,0.016364,0.109086,0.000009,0.001676,0.000021,0.003747,0.135925,1,1,
586,11.720000,11.719999,1781246674.425754547,1781246674.427310944,1781246674.443490744,1781246674.556794643,1781246674.556802273,1781246674.557576180,1781246674.557594538,1781246674.560279608,0.001556,0.016180,0.113304,0.000008,0.000774,0.000018,0.002685,0.134525,1,1,
587,11.740000,11.739999,1781246674.560279608,1781246674.562039852,1781246674.579349041,1781246674.691098690,1781246674.691105843,1781246674.693036079,1781246674.693054438,1781246674.696513653,0.001760,0.017309,0.111750,0.000007,0.001930,0.000018,0.003459,0.136234,1,1,
588,11.760000,11.759999,1781246674.696513653,1781246674.710882664,1781246674.728255033,1781246674.840694666,1781246674.840702295,1781246674.841283560,1781246674.841294765,1781246674.843265772,0.014369,0.017372,0.112440,0.000008,0.000581,0.000011,0.001971,0.146752,1,1,
589,11.780000,11.779999,1781246674.843265772,1781246674.844133615,1781246674.861131191,1781246674.983331919,1781246674.983339548,1781246674.985398293,1781246674.985415936,1781246674.987883329,0.000868,0.016998,0.122201,0.000008,0.002059,0.000018,0.002467,0.144618,1,1,
590,11.800000,11.799999,1781246674.987883329,1781246674.994223595,1781246675.011244535,1781246675.125240326,1781246675.125247717,1781246675.127546787,1781246675.127564907,1781246675.131271839,0.006340,0.017021,0.113996,0.000007,0.002299,0.000018,0.003707,0.143389,1,1,
591,11.820000,11.819999,1781246675.131271839,1781246675.144409895,1781246675.160883904,1781246675.270106316,1781246675.270114422,1781246675.271036386,1781246675.271048546,1781246675.273137808,0.013138,0.016474,0.109222,0.000008,0.000922,0.000012,0.002089,0.141866,1,1,
592,11.840000,11.839999,1781246675.273137808,1781246675.278074980,1781246675.294304848,1781246675.403387308,1781246675.403395653,1781246675.403900385,1781246675.403919220,1781246675.407624722,0.004937,0.016230,0.109082,0.000008,0.000505,0.000019,0.003706,0.134487,1,1,
593,11.860000,11.859999,1781246675.407624722,1781246675.412526131,1781246675.428882599,1781246675.537671089,1781246675.537679911,1781246675.538652897,1781246675.538670301,1781246675.542300940,0.004901,0.016356,0.108788,0.000009,0.000973,0.000017,0.003631,0.134676,1,1,
594,11.880000,11.879999,1781246675.542300940,1781246675.544735670,1781246675.561212301,1781246675.670001268,1781246675.670009136,1781246675.672322750,1781246675.672342300,1781246675.674903393,0.002435,0.016477,0.108789,0.000008,0.002314,0.000020,0.002561,0.132602,1,1,
595,11.900000,11.899999,1781246675.674903393,1781246675.678172112,1781246675.694641829,1781246675.803519011,1781246675.803527117,1781246675.805131674,1781246675.805149555,1781246675.808927774,0.003269,0.016470,0.108877,0.000008,0.001605,0.000018,0.003778,0.134024,1,1,
596,11.920000,11.919999,1781246675.808927774,1781246675.813052416,1781246675.829645395,1781246675.939226627,1781246675.939234972,1781246675.941496611,1781246675.941509485,1781246675.943509340,0.004125,0.016593,0.109581,0.000008,0.002262,0.000013,0.002000,0.134582,1,1,
597,11.940000,11.939999,1781246675.943509340,1781246675.946275473,1781246675.962841272,1781246676.071898460,1781246676.071907043,1781246676.072667599,1781246676.072687149,1781246676.076402187,0.002766,0.016566,0.109057,0.000009,0.000761,0.000020,0.003715,0.132893,1,1,
598,11.960000,11.959999,1781246676.076402187,1781246676.112373352,1781246676.129099846,1781246676.239198923,1781246676.239207983,1781246676.239652157,1781246676.239665747,1781246676.241705179,0.035971,0.016726,0.110099,0.000009,0.000444,0.000014,0.002039,0.165303,1,1,
599,11.980000,11.979999,1781246676.241705179,1781246676.245276928,1781246676.261710167,1781246676.370533228,1781246676.370541573,1781246676.371363640,1781246676.371382952,,0.003572,0.016433,0.108823,0.000008,0.000822,0.000019,,,1,1,
