macro_frame,sim_time_mjc,sim_time_xpbd,t1_utc,t1w_utc,t2_utc,t3_utc,t_force_utc,t4_utc,t_step_utc,t1_next_utc,dt_t1_t1w,dt_t1w_t2,dt_t2_t3,dt_t3_tforce,dt_tforce_t4,dt_t4_tstep,dt_tstep_t1next,dt_t1_t1next,cycle_order_ok,paired,note
0,0.000000,0.000000,1781246826.361612082,1781246826.452471256,1781246826.452934742,1781246826.533833504,1781246826.533843517,1781246826.534609318,1781246826.534631014,1781246826.537840843,0.090859,0.000463,0.080899,0.000010,0.000766,0.000022,0.003210,0.176229,1,1,
1,0.020000,0.020000,1781246826.537840843,1781246826.552057505,1781246826.552538395,1781246826.654287338,1781246826.654294491,1781246826.655306816,1781246826.655326366,1781246826.658068895,0.014217,0.000481,0.101749,0.000007,0.001012,0.000020,0.002743,0.120228,1,1,
2,0.040000,0.040000,1781246826.658068895,1781246826.668575764,1781246826.668926239,1781246826.787860632,1781246826.787869215,1781246826.788253069,1781246826.788273096,1781246826.790948391,0.010507,0.000350,0.118934,0.000009,0.000384,0.000020,0.002675,0.132879,1,1,
3,0.060000,0.060000,1781246826.790948391,1781246826.802127361,1781246826.802501202,1781246826.915943384,1781246826.915950298,1781246826.916497469,1781246826.916515112,1781246826.919137716,0.011179,0.000374,0.113442,0.000007,0.000547,0.000018,0.002623,0.128189,1,1,
4,0.080000,0.080000,1781246826.919137716,1781246826.937012672,1781246826.937439919,1781246827.052337408,1781246827.052345514,1781246827.054135084,1781246827.054153204,1781246827.056332588,0.017875,0.000427,0.114897,0.000008,0.001790,0.000018,0.002179,0.137195,1,1,
5,0.100000,0.100000,1781246827.056332588,1781246827.070154905,1781246827.070585489,1781246827.184934139,1781246827.184941769,1781246827.185606956,1781246827.185625792,1781246827.188224077,0.013822,0.000431,0.114349,0.000008,0.000665,0.000019,0.002598,0.131891,1,1,
6,0.120000,0.120000,1781246827.188224077,1781246827.204118013,1781246827.204663992,1781246827.318122149,1781246827.318129063,1781246827.319300652,1781246827.319319248,1781246827.321439028,0.015894,0.000546,0.113458,0.000007,0.001172,0.000019,0.002120,0.133215,1,1,
7,0.140000,0.140000,1781246827.321439028,1781246827.337491035,1781246827.338085413,1781246827.453069687,1781246827.453077793,1781246827.453877449,1781246827.453896761,1781246827.457410574,0.016052,0.000594,0.114984,0.000008,0.000800,0.000019,0.003514,0.135972,1,1,
8,0.160000,0.160000,1781246827.457410574,1781246827.469280005,1781246827.469776392,1781246827.583023071,1781246827.583030701,1781246827.584115028,1781246827.584133863,1781246827.587584972,0.011869,0.000496,0.113247,0.000008,0.001084,0.000019,0.003451,0.130174,1,1,
9,0.180000,0.180000,1781246827.587584972,1781246827.604091883,1781246827.604628801,1781246827.718773365,1781246827.718780279,1781246827.720464706,1781246827.720476389,1781246827.722471476,0.016507,0.000537,0.114145,0.000007,0.001684,0.000012,0.001995,0.134887,1,1,
10,0.200000,0.200000,1781246827.722471476,1781246827.737553835,1781246827.738167524,1781246827.853198051,1781246827.853205681,1781246827.855878353,1781246827.855894566,1781246827.857896090,0.015082,0.000614,0.115031,0.000008,0.002673,0.000016,0.002002,0.135425,1,1,
11,0.220000,0.220000,1781246827.857896090,1781246827.869669914,1781246827.870309353,1781246827.984888077,1781246827.984894991,1781246827.986728907,1781246827.986748457,1781246827.989279032,0.011774,0.000639,0.114579,0.000007,0.001834,0.000020,0.002531,0.131383,1,1,
12,0.240000,0.240000,1781246827.989279032,1781246828.004471302,1781246828.005093098,1781246828.119991302,1781246828.119998932,1781246828.121681929,1781246828.121702433,1781246828.123743773,0.015192,0.000622,0.114898,0.000008,0.001683,0.000021,0.002041,0.134465,1,1,
13,0.260000,0.260000,1781246828.123743773,1781246828.138332605,1781246828.139292717,1781246828.257719755,1781246828.257726908,1781246828.258719206,1781246828.258737087,1781246828.261713743,0.014589,0.000960,0.118427,0.000007,0.000992,0.000018,0.002977,0.137970,1,1,
14,0.280000,0.280000,1781246828.261713743,1781246828.271643639,1781246828.272298813,1781246828.396561384,1781246828.396568775,1781246828.397058725,1781246828.397072315,1781246828.399015665,0.009930,0.000655,0.124263,0.000007,0.000490,0.000014,0.001943,0.137302,1,1,
15,0.300000,0.300000,1781246828.399015665,1781246828.403356314,1781246828.404035330,1781246828.517987728,1781246828.517995119,1781246828.519424915,1781246828.519444466,1781246828.523012877,0.004341,0.000679,0.113952,0.000007,0.001430,0.000020,0.003568,0.123997,1,1,
16,0.320000,0.320000,1781246828.523012877,1781246828.538605452,1781246828.539339066,1781246828.654203653,1781246828.654211044,1781246828.654826164,1781246828.654844522,1781246828.658342838,0.015593,0.000734,0.114865,0.000007,0.000615,0.000018,0.003498,0.135330,1,1,
17,0.340000,0.340000,1781246828.658342838,1781246828.671531916,1781246828.672271967,1781246828.785848856,1781246828.785856009,1781246828.788084984,1781246828.788103342,1781246828.790874720,0.013189,0.000740,0.113577,0.000007,0.002229,0.000018,0.002771,0.132532,1,1,
18,0.360000,0.360000,1781246828.790874720,1781246828.805157661,1781246828.805924654,1781246828.919802904,1781246828.919809818,1781246828.920133114,1781246828.920144796,1781246828.922218323,0.014283,0.000767,0.113878,0.000007,0.000323,0.000012,0.002074,0.131344,1,1,
19,0.380000,0.380000,1781246828.922218323,1781246828.939028502,1781246828.939852953,1781246829.054473639,1781246829.054480791,1781246829.055962086,1781246829.055984735,1781246829.059531689,0.016810,0.000824,0.114621,0.000007,0.001481,0.000023,0.003547,0.137313,1,1,
20,0.400000,0.400000,1781246829.059531689,1781246829.072601318,1781246829.073606730,1781246829.188756227,1781246829.188763857,1781246829.190215588,1781246829.190229416,1781246829.192147732,0.013070,0.001005,0.115149,0.000008,0.001452,0.000014,0.001918,0.132616,1,1,
21,0.420000,0.420000,1781246829.192147732,1781246829.204011679,1781246829.205009460,1781246829.319722652,1781246829.319729567,1781246829.322151184,1781246829.322170019,1781246829.324244261,0.011864,0.000998,0.114713,0.000007,0.002422,0.000019,0.002074,0.132097,1,1,
22,0.440000,0.440000,1781246829.324244261,1781246829.339258432,1781246829.340179920,1781246829.454662561,1781246829.454670906,1781246829.456567764,1781246829.456583261,1781246829.458607197,0.015014,0.000921,0.114483,0.000008,0.001897,0.000015,0.002024,0.134363,1,1,
23,0.460000,0.460000,1781246829.458607197,1781246829.473045111,1781246829.473971605,1781246829.588368416,1781246829.588375330,1781246829.590614796,1781246829.590632677,1781246829.592649698,0.014438,0.000926,0.114397,0.000007,0.002239,0.000018,0.002017,0.134043,1,1,
24,0.480000,0.480000,1781246829.592649698,1781246829.605948210,1781246829.606897831,1781246829.720003843,1781246829.720011711,1781246829.722409964,1781246829.722429037,1781246829.725954533,0.013299,0.000950,0.113106,0.000008,0.002398,0.000019,0.003525,0.133305,1,1,
25,0.500000,0.500000,1781246829.725954533,1781246829.739708900,1781246829.740647316,1781246829.853309870,1781246829.853317976,1781246829.855775833,1781246829.855793953,1781246829.858299971,0.013754,0.000938,0.112663,0.000008,0.002458,0.000018,0.002506,0.132345,1,1,
26,0.520000,0.520000,1781246829.858299971,1781246829.871461391,1781246829.872932673,1781246829.987599134,1781246829.987606287,1781246829.988032103,1781246829.988051414,1781246829.991600990,0.013161,0.001471,0.114666,0.000007,0.000426,0.000019,0.003550,0.133301,1,1,
27,0.540000,0.540000,1781246829.991600990,1781246830.006148100,1781246830.007635355,1781246830.125910044,1781246830.125917435,1781246830.126806736,1781246830.126826763,1781246830.129055262,0.014547,0.001487,0.118275,0.000007,0.000889,0.000020,0.002228,0.137454,1,1,
28,0.560000,0.560000,1781246830.129055262,1781246830.139995575,1781246830.141108274,1781246830.255601406,1781246830.255609274,1781246830.256747723,1781246830.256766558,1781246830.260285139,0.010940,0.001113,0.114493,0.000008,0.001138,0.000019,0.003519,0.131230,1,1,
29,0.580000,0.580000,1781246830.260285139,1781246830.273296118,1781246830.274359465,1781246830.395117283,1781246830.395125389,1781246830.396547556,1781246830.396559715,1781246830.398420572,0.013011,0.001063,0.120758,0.000008,0.001422,0.000012,0.001861,0.138135,1,1,
30,0.600000,0.600000,1781246830.398420572,1781246830.406655550,1781246830.407715321,1781246830.521439075,1781246830.521446466,1781246830.522392988,1781246830.522412539,1781246830.525125265,0.008235,0.001060,0.113724,0.000007,0.000947,0.000020,0.002713,0.126705,1,1,
31,0.620000,0.620000,1781246830.525125265,1781246830.539830923,1781246830.541071177,1781246830.654834747,1781246830.654842138,1781246830.656088114,1781246830.656099558,1781246830.658147097,0.014706,0.001240,0.113764,0.000007,0.001246,0.000011,0.002048,0.133022,1,1,
32,0.640000,0.640000,1781246830.658147097,1781246830.673326731,1781246830.674499750,1781246830.790035009,1781246830.790041924,1781246830.792223930,1781246830.792243958,1781246830.795732021,0.015180,0.001173,0.115535,0.000007,0.002182,0.000020,0.003488,0.137585,1,1,
33,0.660000,0.660000,1781246830.795732021,1781246830.807359219,1781246830.808596849,1781246830.922345877,1781246830.922354698,1781246830.923950672,1781246830.923969746,1781246830.926219702,0.011627,0.001238,0.113749,0.000009,0.001596,0.000019,0.002250,0.130488,1,1,
34,0.680000,0.680000,1781246830.926219702,1781246830.940575600,1781246830.941907883,1781246831.060377121,1781246831.060385704,1781246831.061927795,1781246831.061946869,1781246831.065588236,0.014356,0.001332,0.118469,0.000009,0.001542,0.000019,0.003641,0.139369,1,1,
35,0.700000,0.700000,1781246831.065588236,1781246831.074107647,1781246831.075406551,1781246831.189029932,1781246831.189037323,1781246831.189537764,1781246831.189555645,1781246831.193094969,0.008519,0.001299,0.113623,0.000007,0.000500,0.000018,0.003539,0.127507,1,1,
36,0.720000,0.720000,1781246831.193094969,1781246831.207304478,1781246831.208568096,1781246831.321964979,1781246831.321972370,1781246831.322970629,1781246831.322990656,1781246831.325392485,0.014210,0.001264,0.113397,0.000007,0.000998,0.000020,0.002402,0.132298,1,1,
37,0.740000,0.740000,1781246831.325392485,1781246831.340432644,1781246831.341809988,1781246831.456391335,1781246831.456398487,1781246831.457409382,1781246831.457427502,1781246831.460572958,0.015040,0.001377,0.114581,0.000007,0.001011,0.000018,0.003145,0.135180,1,1,
38,0.760000,0.760000,1781246831.460572958,1781246831.474492788,1781246831.475780964,1781246831.589294910,1781246831.589302301,1781246831.591674089,1781246831.591687202,1781246831.593666077,0.013920,0.001288,0.113514,0.000007,0.002372,0.000013,0.001979,0.133093,1,1,
39,0.780000,0.780000,1781246831.593666077,1781246831.607685566,1781246831.609146833,1781246831.723721266,1781246831.723729134,1781246831.726165056,1781246831.726182938,1781246831.729638815,0.014019,0.001461,0.114574,0.000008,0.002436,0.000018,0.003456,0.135973,1,1,
40,0.800000,0.800000,1781246831.729638815,1781246831.741236925,1781246831.743148327,1781246831.856590986,1781246831.856599331,1781246831.857534170,1781246831.857553482,1781246831.859827757,0.011598,0.001911,0.113443,0.000008,0.000935,0.000019,0.002274,0.130189,1,1,
41,0.820000,0.820000,1781246831.859827757,1781246831.873173237,1781246831.874563932,1781246831.988576651,1781246831.988584042,1781246831.990926743,1781246831.990945339,1781246831.994484901,0.013345,0.001391,0.114013,0.000007,0.002343,0.000019,0.003540,0.134657,1,1,
42,0.840000,0.840000,1781246831.994484901,1781246832.007954359,1781246832.009360790,1781246832.127006292,1781246832.127013445,1781246832.128301620,1781246832.128321648,1781246832.131933928,0.013469,0.001406,0.117646,0.000007,0.001288,0.000020,0.003612,0.137449,1,1,
43,0.860000,0.860000,1781246832.131933928,1781246832.141410589,1781246832.142809629,1781246832.259974003,1781246832.259981394,1781246832.262138128,1781246832.262150288,1781246832.264150620,0.009477,0.001399,0.117164,0.000007,0.002157,0.000012,0.002000,0.132217,1,1,
44,0.880000,0.880000,1781246832.264150620,1781246832.273222446,1781246832.274719954,1781246832.388845205,1781246832.388853073,1781246832.390863657,1781246832.390883923,1781246832.394377470,0.009072,0.001498,0.114125,0.000008,0.002011,0.000020,0.003494,0.130227,1,1,
45,0.900000,0.900000,1781246832.394377470,1781246832.408176899,1781246832.409683704,1781246832.524737835,1781246832.524745226,1781246832.525228977,1781246832.525248051,1781246832.528114796,0.013799,0.001507,0.115054,0.000007,0.000484,0.000019,0.002867,0.133737,1,1,
46,0.920000,0.920000,1781246832.528114796,1781246832.541845560,1781246832.543369532,1781246832.656737804,1781246832.656745911,1781246832.657578707,1781246832.657598734,1781246832.660073042,0.013731,0.001524,0.113368,0.000008,0.000833,0.000020,0.002474,0.131958,1,1,
47,0.940000,0.940000,1781246832.660073042,1781246832.673574686,1781246832.675112247,1781246832.789437771,1781246832.789445162,1781246832.791390419,1781246832.791408539,1781246832.793694735,0.013502,0.001538,0.114326,0.000007,0.001945,0.000018,0.002286,0.133622,1,1,
48,0.960000,0.960000,1781246832.793694735,1781246832.809078693,1781246832.811408043,1781246832.926852465,1781246832.926860332,1781246832.927883625,1781246832.927896023,1781246832.929855824,0.015384,0.002329,0.115444,0.000008,0.001023,0.000012,0.001960,0.136161,1,1,
49,0.980000,0.980000,1781246832.929855824,1781246832.941954851,1781246832.943614960,1781246833.059731007,1781246833.059738159,1781246833.060235739,1781246833.060255289,1781246833.064002037,0.012099,0.001660,0.116116,0.000007,0.000498,0.000020,0.003747,0.134146,1,1,
50,1.000000,1.000000,1781246833.064002037,1781246833.073982000,1781246833.076261520,1781246833.190706491,1781246833.190713644,1781246833.191213369,1781246833.191232681,1781246833.193879604,0.009980,0.002280,0.114445,0.000007,0.000500,0.000019,0.002647,0.129878,1,1,
51,1.020000,1.019999,1781246833.193879604,1781246833.209009886,1781246833.210638046,1781246833.325012684,1781246833.325021029,1781246833.325568199,1781246833.325586081,1781246833.329109907,0.015130,0.001628,0.114375,0.000008,0.000547,0.000018,0.003524,0.135230,1,1,
52,1.040000,1.039999,1781246833.329109907,1781246833.340757132,1781246833.342401505,1781246833.456979752,1781246833.456987619,1781246833.458387375,1781246833.458400726,1781246833.461518526,0.011647,0.001644,0.114578,0.000008,0.001400,0.000013,0.003118,0.132409,1,1,
53,1.060000,1.059999,1781246833.461518526,1781246833.476099253,1781246833.477923632,1781246833.592555761,1781246833.592563391,1781246833.594539165,1781246833.594558477,1781246833.598254919,0.014581,0.001824,0.114632,0.000008,0.001976,0.000019,0.003696,0.136736,1,1,
54,1.080000,1.079999,1781246833.598254919,1781246833.609455347,1781246833.611389875,1781246833.725120068,1781246833.725127935,1781246833.727206707,1781246833.727224588,1781246833.729595900,0.011200,0.001935,0.113730,0.000008,0.002079,0.000018,0.002371,0.131341,1,1,
55,1.100000,1.099999,1781246833.729595900,1781246833.743084431,1781246833.744846344,1781246833.857975721,1781246833.857983351,1781246833.859760046,1781246833.859786510,1781246833.862302542,0.013489,0.001762,0.113129,0.000008,0.001777,0.000026,0.002516,0.132707,1,1,
56,1.120000,1.119999,1781246833.862302542,1781246833.876196623,1781246833.878706217,1781246833.993911028,1781246833.993918657,1781246833.994289398,1781246833.994307041,1781246833.997757196,0.013894,0.002510,0.115205,0.000008,0.000371,0.000018,0.003450,0.135455,1,1,
57,1.140000,1.139999,1781246833.997757196,1781246834.008079529,1781246834.009878159,1781246834.125209093,1781246834.125215769,1781246834.126670122,1781246834.126691818,1781246834.130303860,0.010322,0.001799,0.115331,0.000007,0.001454,0.000022,0.003612,0.132547,1,1,
58,1.160000,1.159999,1781246834.130303860,1781246834.142657280,1781246834.144786119,1781246834.260158777,1781246834.260166407,1781246834.261867046,1781246834.261885405,1781246834.265376806,0.012353,0.002129,0.115373,0.000008,0.001701,0.000018,0.003491,0.135073,1,1,
59,1.180000,1.179999,1781246834.265376806,1781246834.276594400,1781246834.279370308,1781246834.396247625,1781246834.396255016,1781246834.397786856,1781246834.397809744,1781246834.401468277,0.011218,0.002776,0.116877,0.000007,0.001532,0.000023,0.003659,0.136091,1,1,
60,1.200000,1.199999,1781246834.401468277,1781246834.410019636,1781246834.412075281,1781246834.527335644,1781246834.527343035,1781246834.528743982,1781246834.528762341,1781246834.532268524,0.008551,0.002056,0.115260,0.000007,0.001401,0.000018,0.003506,0.130800,1,1,
61,1.220000,1.219999,1781246834.532268524,1781246834.543343544,1781246834.545238018,1781246834.659302235,1781246834.659309387,1781246834.659931898,1781246834.659955502,1781246834.662027836,0.011075,0.001894,0.114064,0.000007,0.000623,0.000024,0.002072,0.129759,1,1,
62,1.240000,1.239999,1781246834.662027836,1781246834.675396919,1781246834.677379847,1781246834.790790796,1781246834.790798903,1781246834.791676044,1781246834.791693926,1781246834.794181108,0.013369,0.001983,0.113411,0.000008,0.000877,0.000018,0.002487,0.132153,1,1,
63,1.260000,1.259999,1781246834.794181108,1781246834.810307980,1781246834.813202858,1781246834.927221537,1781246834.927230358,1781246834.929537773,1781246834.929548979,1781246834.931526184,0.016127,0.002895,0.114019,0.000009,0.002307,0.000011,0.001977,0.137345,1,1,
64,1.280000,1.279999,1781246834.931526184,1781246834.943607330,1781246834.945738792,1781246835.059712887,1781246835.059720516,1781246835.061927319,1781246835.061946154,1781246835.065490246,0.012081,0.002131,0.113974,0.000008,0.002207,0.000019,0.003544,0.133964,1,1,
65,1.300000,1.299999,1781246835.065490246,1781246835.077221394,1781246835.079244614,1781246835.200268745,1781246835.200276136,1781246835.201465607,1781246835.201486349,1781246835.204982758,0.011731,0.002023,0.121024,0.000007,0.001189,0.000021,0.003496,0.139493,1,1,
66,1.320000,1.319999,1781246835.204982758,1781246835.210722446,1781246835.212807417,1781246835.329932690,1781246835.329940319,1781246835.331637621,1781246835.331650496,1781246835.333563805,0.005740,0.002085,0.117125,0.000008,0.001697,0.000013,0.001913,0.128581,1,1,
67,1.340000,1.339999,1781246835.333563805,1781246835.342464209,1781246835.345496893,1781246835.466516733,1781246835.466524601,1781246835.467551470,1781246835.467571020,1781246835.471234560,0.008900,0.003033,0.121020,0.000008,0.001027,0.000020,0.003664,0.137671,1,1,
68,1.360000,1.359999,1781246835.471234560,1781246835.477625132,1781246835.479806900,1781246835.602046728,1781246835.602054119,1781246835.602552891,1781246835.602572203,1781246835.606148005,0.006391,0.002182,0.122240,0.000007,0.000499,0.000019,0.003576,0.134913,1,1,
69,1.380000,1.379999,1781246835.606148005,1781246835.609219074,1781246835.611340761,1781246835.730100155,1781246835.730107307,1781246835.732276678,1781246835.732296467,1781246835.735924959,0.003071,0.002122,0.118759,0.000007,0.002169,0.000020,0.003628,0.129777,1,1,
70,1.400000,1.399999,1781246835.735924959,1781246835.742772818,1781246835.744864464,1781246835.858293772,1781246835.858300924,1781246835.860426664,1781246835.860439062,1781246835.862447262,0.006848,0.002092,0.113429,0.000007,0.002126,0.000012,0.002008,0.126522,1,1,
71,1.420000,1.419999,1781246835.862447262,1781246835.877592087,1781246835.879722834,1781246835.994029522,1781246835.994037151,1781246835.995848417,1781246835.995872736,1781246835.997845173,0.015145,0.002131,0.114307,0.000008,0.001811,0.000024,0.001972,0.135398,1,1,
72,1.440000,1.439999,1781246835.997845173,1781246836.011024237,1781246836.013209820,1781246836.127351761,1781246836.127359152,1781246836.128395081,1781246836.128416061,1781246836.131055355,0.013179,0.002186,0.114142,0.000007,0.001036,0.000021,0.002639,0.133210,1,1,
73,1.460000,1.459999,1781246836.131055355,1781246836.144442081,1781246836.146677017,1781246836.260522842,1781246836.260530472,1781246836.262703657,1781246836.262724161,1781246836.264673471,0.013387,0.002235,0.113846,0.000008,0.002173,0.000021,0.001949,0.133618,1,1,
74,1.480000,1.479999,1781246836.264673471,1781246836.277945280,1781246836.280172110,1781246836.393995285,1781246836.394002199,1781246836.395967960,1781246836.395987988,1781246836.399501324,0.013272,0.002227,0.113823,0.000007,0.001966,0.000020,0.003513,0.134828,1,1,
75,1.500000,1.499999,1781246836.399501324,1781246836.411629677,1781246836.413935661,1781246836.528069735,1781246836.528077126,1781246836.528415918,1781246836.528437614,1781246836.531063080,0.012128,0.002306,0.114134,0.000007,0.000339,0.000022,0.002625,0.131562,1,1,
76,1.520000,1.519999,1781246836.531063080,1781246836.545178413,1781246836.547528744,1781246836.661494255,1781246836.661501646,1781246836.662718296,1781246836.662736654,1781246836.665148735,0.014115,0.002350,0.113966,0.000007,0.001217,0.000018,0.002412,0.134086,1,1,
77,1.540000,1.539999,1781246836.665148735,1781246836.678296328,1781246836.680634022,1781246836.794399977,1781246836.794407845,1781246836.795050383,1781246836.795069218,1781246836.797882557,0.013148,0.002338,0.113766,0.000008,0.000643,0.000019,0.002813,0.132734,1,1,
78,1.560000,1.559999,1781246836.797882557,1781246836.810249329,1781246836.812603712,1781246836.926727772,1781246836.926735878,1781246836.929302692,1781246836.929316044,1781246836.931184053,0.012367,0.002354,0.114124,0.000008,0.002567,0.000013,0.001868,0.133301,1,1,
79,1.580000,1.579999,1781246836.931184053,1781246836.945292950,1781246836.947749138,1781246837.062120438,1781246837.062127590,1781246837.062789440,1781246837.062808037,1781246837.065289974,0.014109,0.002456,0.114371,0.000007,0.000662,0.000019,0.002482,0.134106,1,1,
80,1.600000,1.599999,1781246837.065289974,1781246837.078548431,1781246837.081064224,1781246837.194560528,1781246837.194567442,1781246837.196947575,1781246837.196965694,1781246837.199391842,0.013258,0.002516,0.113496,0.000007,0.002380,0.000018,0.002426,0.134102,1,1,
81,1.620000,1.619999,1781246837.199391842,1781246837.211974382,1781246837.214434385,1781246837.328171253,1781246837.328177929,1781246837.328833818,1781246837.328852654,1781246837.331324816,0.012583,0.002460,0.113737,0.000007,0.000656,0.000019,0.002472,0.131933,1,1,
82,1.640000,1.639999,1781246837.331324816,1781246837.344173670,1781246837.347838879,1781246837.465141058,1781246837.465149164,1781246837.466145515,1781246837.466163874,1781246837.468452454,0.012849,0.003665,0.117302,0.000008,0.000996,0.000018,0.002289,0.137128,1,1,
83,1.660000,1.659999,1781246837.468452454,1781246837.478798151,1781246837.482037306,1781246837.595964432,1781246837.595972300,1781246837.598393202,1781246837.598412275,1781246837.601976395,0.010346,0.003239,0.113927,0.000008,0.002421,0.000019,0.003564,0.133524,1,1,
84,1.680000,1.679999,1781246837.601976395,1781246837.612582922,1781246837.615201473,1781246837.731172085,1781246837.731179714,1781246837.732085943,1781246837.732096672,1781246837.734041691,0.010607,0.002619,0.115971,0.000008,0.000906,0.000011,0.001945,0.132065,1,1,
85,1.700000,1.699999,1781246837.734041691,1781246837.744560957,1781246837.747125864,1781246837.866210222,1781246837.866217375,1781246837.868565798,1781246837.868584633,1781246837.870710611,0.010519,0.002565,0.119084,0.000007,0.002348,0.000019,0.002126,0.136669,1,1,
86,1.720000,1.719999,1781246837.870710611,1781246837.879221916,1781246837.882311106,1781246837.996592045,1781246837.996600389,1781246837.997739315,1781246837.997751713,1781246837.999758959,0.008511,0.003089,0.114281,0.000008,0.001139,0.000012,0.002007,0.129048,1,1,
87,1.740000,1.739999,1781246837.999758959,1781246838.012481689,1781246838.015033245,1781246838.129058838,1781246838.129065990,1781246838.130951881,1781246838.130970955,1781246838.134479523,0.012723,0.002552,0.114026,0.000007,0.001886,0.000019,0.003509,0.134721,1,1,
88,1.760000,1.759999,1781246838.134479523,1781246838.146126986,1781246838.148715973,1781246838.263342619,1781246838.263349533,1781246838.265571117,1781246838.265588760,1781246838.268141270,0.011647,0.002589,0.114627,0.000007,0.002222,0.000018,0.002553,0.133662,1,1,
89,1.780000,1.779999,1781246838.268141270,1781246838.279630184,1781246838.282239676,1781246838.396887779,1781246838.396895170,1781246838.399181604,1781246838.399199963,1781246838.402820587,0.011489,0.002609,0.114648,0.000007,0.002286,0.000018,0.003621,0.134679,1,1,
90,1.800000,1.799999,1781246838.402820587,1781246838.413155317,1781246838.415831804,1781246838.530277014,1781246838.530285835,1781246838.531624794,1781246838.531643629,1781246838.534408092,0.010335,0.002676,0.114445,0.000009,0.001339,0.000019,0.002764,0.131588,1,1,
91,1.820000,1.819999,1781246838.534408092,1781246838.546457529,1781246838.549128294,1781246838.663230658,1781246838.663237810,1781246838.664396524,1781246838.664420128,1781246838.667990685,0.012049,0.002671,0.114102,0.000007,0.001159,0.000024,0.003571,0.133583,1,1,
92,1.840000,1.839999,1781246838.667990685,1781246838.678437948,1781246838.681140661,1781246838.795933723,1781246838.795941353,1781246838.798397779,1781246838.798416138,1781246838.802044868,0.010447,0.002703,0.114793,0.000008,0.002456,0.000018,0.003629,0.134054,1,1,
93,1.860000,1.859999,1781246838.802044868,1781246838.811903477,1781246838.814622879,1781246838.928417444,1781246838.928424597,1781246838.930797815,1781246838.930816650,1781246838.934311867,0.009859,0.002719,0.113795,0.000007,0.002373,0.000019,0.003495,0.132267,1,1,
94,1.880000,1.879999,1781246838.934311867,1781246838.946889162,1781246838.949636459,1781246839.063681126,1781246839.063688755,1781246839.065995216,1781246839.066012859,1781246839.069590092,0.012577,0.002747,0.114045,0.000008,0.002306,0.000018,0.003577,0.135278,1,1,
95,1.900000,1.899999,1781246839.069590092,1781246839.078868389,1781246839.081625938,1781246839.199663401,1781246839.199670553,1781246839.201583147,1781246839.201601744,1781246839.203900814,0.009278,0.002758,0.118037,0.000007,0.001913,0.000019,0.002299,0.134311,1,1,
96,1.920000,1.919999,1781246839.203900814,1781246839.213587761,1781246839.216367006,1781246839.331469297,1781246839.331476927,1781246839.332516909,1781246839.332535267,1781246839.336054564,0.009687,0.002779,0.115102,0.000008,0.001040,0.000018,0.003519,0.132154,1,1,
97,1.940000,1.939999,1781246839.336054564,1781246839.347320795,1781246839.350255013,1781246839.463581085,1781246839.463588953,1781246839.465420485,1781246839.465431213,1781246839.467324018,0.011266,0.002934,0.113326,0.000008,0.001832,0.000011,0.001893,0.131269,1,1,
98,1.960000,1.959999,1781246839.467324018,1781246839.480919361,1781246839.483776569,1781246839.597636938,1781246839.597645521,1781246839.599592924,1781246839.599611044,1781246839.603117466,0.013595,0.002857,0.113860,0.000009,0.001947,0.000018,0.003506,0.135793,1,1,
99,1.980000,1.979999,1781246839.603117466,1781246839.612784863,1781246839.615649939,1781246839.730293751,1781246839.730301142,1781246839.731160641,1781246839.731178522,1781246839.734656334,0.009667,0.002865,0.114644,0.000007,0.000859,0.000018,0.003478,0.131539,1,1,
100,2.000000,1.999999,1781246839.734656334,1781246839.747618675,1781246839.751984358,1781246839.869044304,1781246839.869052172,1781246839.869892836,1781246839.869911909,1781246839.872349977,0.012962,0.004366,0.117060,0.000008,0.000841,0.000019,0.002438,0.137694,1,1,
101,2.020000,2.019999,1781246839.872349977,1781246839.880899191,1781246839.883878946,1781246839.999150991,1781246839.999158859,1781246840.000402451,1781246840.000422239,1781246840.004003048,0.008549,0.002980,0.115272,0.000008,0.001244,0.000020,0.003581,0.131653,1,1,
102,2.040000,2.039999,1781246840.004003048,1781246840.014258385,1781246840.017258406,1781246840.132444620,1781246840.132452726,1781246840.134480715,1781246840.134492636,1781246840.136383533,0.010255,0.003000,0.115186,0.000008,0.002028,0.000012,0.001891,0.132380,1,1,
103,2.060000,2.059999,1781246840.136383533,1781246840.148038387,1781246840.151004553,1781246840.265711546,1781246840.265719414,1781246840.267675877,1781246840.267697096,1781246840.271160364,0.011655,0.002966,0.114707,0.000008,0.001956,0.000021,0.003463,0.134777,1,1,
104,2.080000,2.079999,1781246840.271160364,1781246840.281223536,1781246840.284249306,1781246840.400722027,1781246840.400729179,1781246840.401105404,1781246840.401119471,1781246840.403107166,0.010063,0.003026,0.116473,0.000007,0.000376,0.000014,0.001988,0.131947,1,1,
105,2.100000,2.099999,1781246840.403107166,1781246840.413450956,1781246840.416497231,1781246840.531664371,1781246840.531673193,1781246840.533893824,1781246840.533909082,1781246840.535903692,0.010344,0.003046,0.115167,0.000009,0.002221,0.000015,0.001995,0.132797,1,1,
106,2.120000,2.119999,1781246840.535903692,1781246840.546784401,1781246840.549897432,1781246840.676714659,1781246840.676722527,1781246840.678132772,1781246840.678150892,1781246840.680468559,0.010881,0.003113,0.126817,0.000008,0.001410,0.000018,0.002318,0.144565,1,1,
107,2.140000,2.139999,1781246840.680468559,1781246840.681327105,1781246840.685940742,1781246840.800490141,1781246840.800498247,1781246840.801085949,1781246840.801104784,1781246840.803432703,0.000859,0.004614,0.114549,0.000008,0.000588,0.000019,0.002328,0.122964,1,1,
108,2.160000,2.159999,1781246840.803432703,1781246840.813585043,1781246840.816722155,1781246840.940555811,1781246840.940563202,1781246840.942432165,1781246840.942450762,1781246840.946010113,0.010152,0.003137,0.123834,0.000007,0.001869,0.000019,0.003559,0.142577,1,1,
109,2.180000,2.179999,1781246840.946010113,1781246840.947160244,1781246840.950436354,1781246841.065803766,1781246841.065813303,1781246841.067058325,1781246841.067077160,1781246841.070647240,0.001150,0.003276,0.115367,0.000010,0.001245,0.000019,0.003570,0.124637,1,1,
110,2.200000,2.199999,1781246841.070647240,1781246841.080442905,1781246841.083706617,1781246841.198726892,1781246841.198734283,1781246841.200705528,1781246841.200723410,1781246841.204233885,0.009796,0.003264,0.115020,0.000007,0.001971,0.000018,0.003510,0.133587,1,1,
111,2.220000,2.219999,1781246841.204233885,1781246841.213942289,1781246841.217208624,1781246841.333080530,1781246841.333088160,1781246841.333608627,1781246841.333628178,1781246841.337261677,0.009708,0.003266,0.115872,0.000008,0.000520,0.000020,0.003633,0.133028,1,1,
112,2.240000,2.239999,1781246841.337261677,1781246841.347418308,1781246841.350644827,1781246841.465595245,1781246841.465603113,1781246841.467599869,1781246841.467622757,1781246841.470340014,0.010157,0.003227,0.114950,0.000008,0.001997,0.000023,0.002717,0.133078,1,1,
113,2.260000,2.259999,1781246841.470340014,1781246841.480914354,1781246841.485256433,1781246841.602679968,1781246841.602688313,1781246841.604557991,1781246841.604570866,1781246841.606635094,0.010574,0.004342,0.117424,0.000008,0.001870,0.000013,0.002064,0.136295,1,1,
114,2.280000,2.279999,1781246841.606635094,1781246841.614228725,1781246841.617730379,1781246841.732707500,1781246841.732715368,1781246841.733233452,1781246841.733253717,1781246841.736549377,0.007594,0.003502,0.114977,0.000008,0.000518,0.000020,0.003296,0.129914,1,1,
115,2.300000,2.299999,1781246841.736549377,1781246841.747718573,1781246841.751416683,1781246841.865327835,1781246841.865336418,1781246841.865919590,1781246841.865938663,1781246841.868495941,0.011169,0.003698,0.113911,0.000009,0.000583,0.000019,0.002557,0.131947,1,1,
116,2.320000,2.319999,1781246841.868495941,1781246841.882343531,1781246841.885804653,1781246842.000116825,1781246842.000124693,1781246842.002311945,1781246842.002330303,1781246842.004679918,0.013848,0.003461,0.114312,0.000008,0.002187,0.000018,0.002350,0.136184,1,1,
117,2.340000,2.339999,1781246842.004679918,1781246842.014733553,1781246842.018893480,1781246842.143377066,1781246842.143384218,1781246842.145679712,1781246842.145697832,1781246842.149145603,0.010054,0.004160,0.124484,0.000007,0.002295,0.000018,0.003448,0.144466,1,1,
118,2.360000,2.359999,1781246842.149145603,1781246842.149120092,1781246842.152524233,1781246842.271606207,1781246842.271613598,1781246842.274213314,1781246842.274232149,1781246842.276541233,-0.000026,0.003404,0.119082,0.000007,0.002600,0.000019,0.002309,0.127396,0,1,cycle_order
119,2.380000,2.379999,1781246842.276541233,1781246842.282635927,1781246842.286365747,1781246842.400872469,1781246842.400879383,1781246842.403041363,1781246842.403060675,1781246842.406659365,0.006095,0.003730,0.114507,0.000007,0.002162,0.000019,0.003599,0.130118,1,1,
120,2.400000,2.399999,1781246842.406659365,1781246842.416120529,1781246842.419553518,1781246842.532778263,1781246842.532785177,1781246842.533996582,1781246842.534008503,1781246842.535987854,0.009461,0.003433,0.113225,0.000007,0.001211,0.000012,0.001979,0.129328,1,1,
121,2.420000,2.419999,1781246842.535987854,1781246842.548357964,1781246842.551826000,1781246842.665312052,1781246842.665319681,1781246842.666629314,1781246842.666648149,1781246842.670160532,0.012370,0.003468,0.113486,0.000008,0.001310,0.000019,0.003512,0.134173,1,1,
122,2.440000,2.439999,1781246842.670160532,1781246842.681820154,1781246842.685849190,1781246842.799412966,1781246842.799420118,1781246842.801874161,1781246842.801893473,1781246842.804036140,0.011660,0.004029,0.113564,0.000007,0.002454,0.000019,0.002143,0.133876,1,1,
123,2.460000,2.459999,1781246842.804036140,1781246842.815204144,1781246842.818687677,1781246842.932336569,1781246842.932343960,1781246842.934027433,1781246842.934040546,1781246842.936016321,0.011168,0.003484,0.113649,0.000007,0.001683,0.000013,0.001976,0.131980,1,1,
124,2.480000,2.479999,1781246842.936016321,1781246842.949922800,1781246842.953524828,1781246843.070334435,1781246843.070342064,1781246843.072905540,1781246843.072926760,1781246843.075856447,0.013906,0.003602,0.116810,0.000008,0.002563,0.000021,0.002930,0.139840,1,1,
125,2.500000,2.499999,1781246843.075856447,1781246843.082029104,1781246843.085615635,1781246843.199245453,1781246843.199253559,1781246843.200038195,1781246843.200056553,1781246843.202925920,0.006173,0.003587,0.113630,0.000008,0.000785,0.000018,0.002869,0.127069,1,1,
126,2.520000,2.519999,1781246843.202925920,1781246843.215560198,1781246843.219175100,1781246843.333022356,1781246843.333029985,1781246843.333488941,1781246843.333501577,1781246843.335457325,0.012634,0.003615,0.113847,0.000008,0.000459,0.000013,0.001956,0.132531,1,1,
127,2.540000,2.539999,1781246843.335457325,1781246843.349261522,1781246843.352872372,1781246843.466814041,1781246843.466821909,1781246843.467944145,1781246843.467957020,1781246843.469903946,0.013804,0.003611,0.113942,0.000008,0.001122,0.000013,0.001947,0.134447,1,1,
128,2.560000,2.559999,1781246843.469903946,1781246843.482625961,1781246843.486294508,1781246843.599845171,1781246843.599852800,1781246843.601860046,1781246843.601883411,1781246843.603827715,0.012722,0.003669,0.113551,0.000008,0.002007,0.000023,0.001944,0.133924,1,1,
129,2.580000,2.579999,1781246843.603827715,1781246843.615895987,1781246843.619500875,1781246843.733143091,1781246843.733150721,1781246843.735640526,1781246843.735659122,1781246843.738973379,0.012068,0.003605,0.113642,0.000008,0.002490,0.000019,0.003314,0.135146,1,1,
130,2.600000,2.599999,1781246843.738973379,1781246843.749329329,1781246843.752997160,1781246843.866391897,1781246843.866400003,1781246843.866749763,1781246843.866767883,1781246843.868872404,0.010356,0.003668,0.113395,0.000008,0.000350,0.000018,0.002105,0.129899,1,1,
131,2.620000,2.619999,1781246843.868872404,1781246843.882946730,1781246843.886789560,1781246844.001448631,1781246844.001456022,1781246844.003149986,1781246844.003170490,1781246844.005482435,0.014074,0.003843,0.114659,0.000007,0.001694,0.000021,0.002312,0.136610,1,1,
132,2.640000,2.639999,1781246844.005482435,1781246844.016174555,1781246844.019954205,1781246844.135189533,1781246844.135197878,1781246844.137255669,1781246844.137275934,1781246844.139564514,0.010692,0.003780,0.115235,0.000008,0.002058,0.000020,0.002289,0.134082,1,1,
133,2.660000,2.659999,1781246844.139564514,1781246844.149600983,1781246844.153303146,1781246844.268995523,1781246844.269002438,1781246844.271256924,1781246844.271275043,1781246844.273940086,0.010036,0.003702,0.115692,0.000007,0.002254,0.000018,0.002665,0.134376,1,1,
134,2.680000,2.679999,1781246844.273940086,1781246844.283249140,1781246844.287795782,1781246844.403440475,1781246844.403447866,1781246844.404628515,1781246844.404647112,1781246844.408183336,0.009309,0.004547,0.115645,0.000007,0.001181,0.000019,0.003536,0.134243,1,1,
135,2.700000,2.699999,1781246844.408183336,1781246844.416547537,1781246844.420360565,1781246844.535264969,1781246844.535271645,1781246844.535588503,1781246844.535600424,1781246844.537493706,0.008364,0.003813,0.114904,0.000007,0.000317,0.000012,0.001893,0.129310,1,1,
136,2.720000,2.719999,1781246844.537493706,1781246844.549973965,1781246844.553812027,1781246844.668334961,1781246844.668341875,1781246844.669437647,1781246844.669450283,1781246844.671646118,0.012480,0.003838,0.114523,0.000007,0.001096,0.000013,0.002196,0.134152,1,1,
137,2.740000,2.739999,1781246844.671646118,1781246844.683681965,1781246844.687738180,1781246844.803627491,1781246844.803635597,1781246844.804558039,1781246844.804576397,1781246844.808099985,0.012036,0.004056,0.115889,0.000008,0.000922,0.000018,0.003524,0.136454,1,1,
138,2.760000,2.759999,1781246844.808099985,1781246844.816926241,1781246844.820856094,1781246844.936299562,1781246844.936306238,1781246844.937727928,1781246844.937748194,1781246844.940287113,0.008826,0.003930,0.115443,0.000007,0.001422,0.000020,0.002539,0.132187,1,1,
139,2.780000,2.779999,1781246844.940287113,1781246844.950269461,1781246844.954190731,1781246845.068743944,1781246845.068751335,1781246845.069349527,1781246845.069364309,1781246845.072020769,0.009982,0.003921,0.114553,0.000007,0.000598,0.000015,0.002656,0.131734,1,1,
140,2.800000,2.799999,1781246845.072020769,1781246845.083704233,1781246845.087736368,1781246845.202491283,1781246845.202499151,1781246845.202988148,1781246845.203003407,1781246845.204977036,0.011683,0.004032,0.114755,0.000008,0.000489,0.000015,0.001974,0.132956,1,1,
141,2.820000,2.819999,1781246845.204977036,1781246845.217161894,1781246845.221179247,1781246845.335714340,1781246845.335721731,1781246845.338019609,1781246845.338031054,1781246845.339898586,0.012185,0.004017,0.114535,0.000007,0.002298,0.000011,0.001868,0.134922,1,1,
142,2.840000,2.839999,1781246845.339898586,1781246845.350584030,1781246845.354591846,1781246845.469210863,1781246845.469218254,1781246845.469614506,1781246845.469633579,1781246845.473172188,0.010685,0.004008,0.114619,0.000007,0.000396,0.000019,0.003539,0.133274,1,1,
143,2.860000,2.859999,1781246845.473172188,1781246845.484294653,1781246845.488291502,1781246845.603174686,1781246845.603182793,1781246845.604630232,1781246845.604648590,1781246845.607358217,0.011122,0.003997,0.114883,0.000008,0.001447,0.000018,0.002710,0.134186,1,1,
144,2.880000,2.879999,1781246845.607358217,1781246845.617516994,1781246845.622370005,1781246845.737239599,1781246845.737246990,1781246845.738244295,1781246845.738264799,1781246845.741364241,0.010159,0.004853,0.114870,0.000007,0.000997,0.000021,0.003099,0.134006,1,1,
145,2.900000,2.899999,1781246845.741364241,1781246845.750917196,1781246845.755064249,1781246845.869831324,1781246845.869839907,1781246845.872088909,1781246845.872102261,1781246845.874070883,0.009553,0.004147,0.114767,0.000009,0.002249,0.000013,0.001969,0.132707,1,1,
146,2.920000,2.919999,1781246845.874070883,1781246845.884408474,1781246845.888453007,1781246846.002941847,1781246846.002949476,1781246846.004892588,1781246846.004904509,1781246846.006870747,0.010338,0.004045,0.114489,0.000008,0.001943,0.000012,0.001966,0.132800,1,1,
147,2.940000,2.939999,1781246846.006870747,1781246846.017827511,1781246846.022022247,1781246846.136378288,1781246846.136387348,1781246846.138353586,1781246846.138366938,1781246846.140325785,0.010957,0.004195,0.114356,0.000009,0.001966,0.000013,0.001959,0.133455,1,1,
148,2.960000,2.959999,1781246846.140325785,1781246846.151262760,1781246846.155437469,1781246846.270320177,1781246846.270327568,1781246846.272649050,1781246846.272668123,1781246846.276294708,0.010937,0.004175,0.114883,0.000007,0.002321,0.000019,0.003627,0.135969,1,1,
149,2.980000,2.979999,1781246846.276294708,1781246846.284920216,1781246846.289202690,1781246846.404072046,1781246846.404079199,1781246846.405467510,1781246846.405486822,1781246846.407628059,0.008626,0.004282,0.114869,0.000007,0.001388,0.000019,0.002141,0.131333,1,1,
150,3.000000,2.999999,1781246846.407628059,1781246846.418099165,1781246846.422320604,1781246846.537589550,1781246846.537596941,1781246846.539469242,1781246846.539489985,1781246846.541745663,0.010471,0.004221,0.115269,0.000007,0.001872,0.000021,0.002256,0.134118,1,1,
151,3.020000,3.019999,1781246846.541745663,1781246846.552000999,1781246846.556189775,1781246846.671835184,1781246846.671842575,1781246846.674309492,1781246846.674328566,1781246846.676609993,0.010255,0.004189,0.115645,0.000007,0.002467,0.000019,0.002281,0.134864,1,1,
152,3.040000,3.039999,1781246846.676609993,1781246846.685356855,1781246846.689645767,1781246846.805898905,1781246846.805906773,1781246846.807116032,1781246846.807128429,1781246846.809253931,0.008747,0.004289,0.116253,0.000008,0.001209,0.000012,0.002126,0.132644,1,1,
153,3.060000,3.059999,1781246846.809253931,1781246846.818658829,1781246846.823193550,1781246846.937533379,1781246846.937540293,1781246846.939775705,1781246846.939791203,1781246846.941730022,0.009405,0.004535,0.114340,0.000007,0.002235,0.000015,0.001939,0.132476,1,1,
154,3.080000,3.079999,1781246846.941730022,1781246846.951959848,1781246846.956210613,1781246847.070741177,1781246847.070748568,1781246847.072558403,1781246847.072570801,1781246847.074569225,0.010230,0.004251,0.114531,0.000007,0.001810,0.000012,0.001998,0.132839,1,1,
155,3.100000,3.099999,1781246847.074569225,1781246847.085389137,1781246847.089706421,1781246847.204077721,1781246847.204085588,1781246847.204800606,1781246847.204820633,1781246847.207287788,0.010820,0.004317,0.114371,0.000008,0.000715,0.000020,0.002467,0.132719,1,1,
156,3.120000,3.119999,1781246847.207287788,1781246847.218809128,1781246847.223135471,1781246847.338242054,1781246847.338249922,1781246847.339724541,1781246847.339740753,1781246847.342307329,0.011521,0.004326,0.115107,0.000008,0.001475,0.000016,0.002567,0.135020,1,1,
157,3.140000,3.139999,1781246847.342307329,1781246847.352447987,1781246847.356886387,1781246847.476579189,1781246847.476585865,1781246847.478646755,1781246847.478659153,1781246847.480593204,0.010141,0.004438,0.119693,0.000007,0.002061,0.000012,0.001934,0.138286,1,1,
158,3.160000,3.159999,1781246847.480593204,1781246847.485822201,1781246847.490206242,1781246847.604578018,1781246847.604585886,1781246847.604933023,1781246847.604945421,1781246847.606901169,0.005229,0.004384,0.114372,0.000008,0.000347,0.000012,0.001956,0.126308,1,1,
159,3.180000,3.179999,1781246847.606901169,1781246847.620409250,1781246847.625048399,1781246847.739690542,1781246847.739697695,1781246847.741555452,1781246847.741574287,1781246847.743748188,0.013508,0.004639,0.114642,0.000007,0.001858,0.000019,0.002174,0.136847,1,1,
160,3.200000,3.199999,1781246847.743748188,1781246847.752712250,1781246847.757245302,1781246847.873159885,1781246847.873167515,1781246847.874446869,1781246847.874465942,1781246847.878256798,0.008964,0.004533,0.115915,0.000008,0.001279,0.000019,0.003791,0.134509,1,1,
161,3.220000,3.219999,1781246847.878256798,1781246847.886251688,1781246847.890860081,1781246848.005007982,1781246848.005016088,1781246848.006911993,1781246848.006923437,1781246848.008780003,0.007995,0.004608,0.114148,0.000008,0.001896,0.000011,0.001857,0.130523,1,1,
162,3.240000,3.239999,1781246848.008780003,1781246848.019737482,1781246848.024271727,1781246848.138772011,1781246848.138780117,1781246848.139904261,1781246848.139924049,1781246848.143460035,0.010957,0.004534,0.114500,0.000008,0.001124,0.000020,0.003536,0.134680,1,1,
163,3.260000,3.259999,1781246848.143460035,1781246848.153022528,1781246848.157534361,1781246848.272465467,1781246848.272474289,1781246848.273973942,1781246848.273994446,1781246848.276430368,0.009562,0.004512,0.114931,0.000009,0.001500,0.000021,0.002436,0.132970,1,1,
164,3.280000,3.279999,1781246848.276430368,1781246848.286342382,1781246848.290993690,1781246848.405140162,1781246848.405147791,1781246848.406596422,1781246848.406615734,1781246848.409932613,0.009912,0.004651,0.114146,0.000008,0.001449,0.000019,0.003317,0.133502,1,1,
165,3.300000,3.299999,1781246848.409932613,1781246848.419957161,1781246848.424586058,1781246848.552806139,1781246848.552813292,1781246848.553216934,1781246848.553228378,1781246848.555182695,0.010025,0.004629,0.128220,0.000007,0.000404,0.000011,0.001954,0.145250,1,1,
166,3.320000,3.319999,1781246848.555182695,1781246848.571158409,1781246848.575900316,1781246848.697634220,1781246848.697641373,1781246848.700168371,1781246848.700186729,1781246848.703778982,0.015976,0.004742,0.121734,0.000007,0.002527,0.000018,0.003592,0.148596,1,1,
167,3.340000,3.339999,1781246848.703778982,1781246848.720176220,1781246848.726575375,1781246848.860616207,1781246848.860629082,1781246848.861927509,1781246848.861949444,1781246848.864253521,0.016397,0.006399,0.134041,0.000013,0.001298,0.000022,0.002304,0.160475,1,1,
168,3.360000,3.359999,1781246848.864253521,1781246848.870205641,1781246848.875177145,1781246848.991417408,1781246848.991425037,1781246848.993572950,1781246848.993585587,1781246848.995505095,0.005952,0.004972,0.116240,0.000008,0.002148,0.000013,0.001920,0.131252,1,1,
169,3.380000,3.379999,1781246848.995505095,1781246849.003666162,1781246849.010042191,1781246849.125008106,1781246849.125014782,1781246849.126192808,1781246849.126213551,1781246849.129229546,0.008161,0.006376,0.114966,0.000007,0.001178,0.000021,0.003016,0.133724,1,1,
170,3.400000,3.399999,1781246849.129229546,1781246849.138355732,1781246849.143224239,1781246849.257992029,1781246849.257999659,1781246849.259891987,1781246849.259910345,1781246849.263436317,0.009126,0.004869,0.114768,0.000008,0.001892,0.000018,0.003526,0.134207,1,1,
171,3.420000,3.419999,1781246849.263436317,1781246849.270835400,1781246849.276117325,1781246849.391421795,1781246849.391430378,1781246849.392198563,1781246849.392217398,1781246849.394987106,0.007399,0.005282,0.115304,0.000009,0.000768,0.000019,0.002770,0.131551,1,1,
172,3.440000,3.439999,1781246849.394987106,1781246849.404125690,1781246849.411456585,1781246849.526582241,1781246849.526590109,1781246849.527643681,1781246849.527662516,1781246849.529750824,0.009139,0.007331,0.115126,0.000008,0.001054,0.000019,0.002088,0.134764,1,1,
173,3.460000,3.459999,1781246849.529750824,1781246849.538591146,1781246849.543589830,1781246849.658315659,1781246849.658323526,1781246849.660091877,1781246849.660113573,1781246849.662447929,0.008840,0.004999,0.114726,0.000008,0.001768,0.000022,0.002334,0.132697,1,1,
174,3.480000,3.479999,1781246849.662447929,1781246849.670910120,1781246849.676014185,1781246849.792819500,1781246849.792826891,1781246849.794729710,1781246849.794749022,1781246849.798301220,0.008462,0.005104,0.116805,0.000007,0.001903,0.000019,0.003552,0.135853,1,1,
175,3.500000,3.499999,1781246849.798301220,1781246849.804233074,1781246849.809108257,1781246849.923518896,1781246849.923527002,1781246849.924782038,1781246849.924800158,1781246849.927730083,0.005932,0.004875,0.114411,0.000008,0.001255,0.000018,0.002930,0.129429,1,1,
176,3.520000,3.519999,1781246849.927730083,1781246849.937681675,1781246849.942585707,1781246850.057507992,1781246850.057515860,1781246850.057867527,1781246850.057888031,1781246850.060815811,0.009952,0.004904,0.114922,0.000008,0.000352,0.000021,0.002928,0.133086,1,1,
177,3.540000,3.539999,1781246850.060815811,1781246850.071159601,1781246850.076031208,1781246850.192232370,1781246850.192240238,1781246850.192614317,1781246850.192632675,1781246850.196186781,0.010344,0.004872,0.116201,0.000008,0.000374,0.000018,0.003554,0.135371,1,1,
178,3.560000,3.559999,1781246850.196186781,1781246850.204621315,1781246850.209542036,1781246850.323869944,1781246850.323877573,1781246850.324199677,1781246850.324218273,1781246850.326872110,0.008435,0.004921,0.114328,0.000008,0.000322,0.000019,0.002654,0.130685,1,1,
179,3.580000,3.579999,1781246850.326872110,1781246850.338198423,1781246850.344452620,1781246850.465903282,1781246850.465910673,1781246850.467821121,1781246850.467847824,1781246850.469840050,0.011326,0.006254,0.121451,0.000007,0.001910,0.000027,0.001992,0.142968,1,1,
180,3.600000,3.599999,1781246850.469840050,1781246850.471566677,1781246850.476760149,1781246850.591707945,1781246850.591715574,1781246850.592312098,1781246850.592328310,1781246850.594901085,0.001727,0.005193,0.114948,0.000008,0.000597,0.000016,0.002573,0.125061,1,1,
181,3.620000,3.619999,1781246850.594901085,1781246850.604973316,1781246850.610138178,1781246850.726448536,1781246850.726455927,1781246850.728669643,1781246850.728682280,1781246850.730583668,0.010072,0.005165,0.116310,0.000007,0.002214,0.000013,0.001901,0.135683,1,1,
182,3.640000,3.639999,1781246850.730583668,1781246850.738280773,1781246850.743309498,1781246850.857582569,1781246850.857589960,1781246850.860054493,1781246850.860072136,1781246850.863705635,0.007697,0.005029,0.114273,0.000007,0.002465,0.000018,0.003633,0.133122,1,1,
183,3.660000,3.659999,1781246850.863705635,1781246850.871814728,1781246850.878377676,1781246850.993408918,1781246850.993417025,1781246850.995946169,1781246850.995959997,1781246850.997974873,0.008109,0.006563,0.115031,0.000008,0.002529,0.000014,0.002015,0.134269,1,1,
184,3.680000,3.679999,1781246850.997974873,1781246851.005273342,1781246851.010367632,1781246851.125036955,1781246851.125044823,1781246851.126020908,1781246851.126038074,1781246851.128618240,0.007298,0.005094,0.114669,0.000008,0.000976,0.000017,0.002580,0.130643,1,1,
185,3.700000,3.699999,1781246851.128618240,1781246851.138924122,1781246851.144124985,1781246851.258552551,1781246851.258559465,1781246851.259211779,1781246851.259223700,1781246851.261077404,0.010306,0.005201,0.114428,0.000007,0.000652,0.000012,0.001854,0.132459,1,1,
186,3.720000,3.719999,1781246851.261077404,1781246851.272316933,1781246851.277420282,1781246851.391475201,1781246851.391482115,1781246851.393484592,1781246851.393502474,1781246851.395610809,0.011240,0.005103,0.114055,0.000007,0.002002,0.000018,0.002108,0.134533,1,1,
187,3.740000,3.739999,1781246851.395610809,1781246851.406868935,1781246851.412098408,1781246851.527311563,1781246851.527319908,1781246851.528699875,1781246851.528720379,1781246851.530738592,0.011258,0.005229,0.115213,0.000008,0.001380,0.000021,0.002018,0.135128,1,1,
188,3.760000,3.759999,1781246851.530738592,1781246851.539221287,1781246851.544496536,1781246851.660248041,1781246851.660255671,1781246851.661416054,1781246851.661434889,1781246851.665038586,0.008483,0.005275,0.115752,0.000008,0.001160,0.000019,0.003604,0.134300,1,1,
189,3.780000,3.779999,1781246851.665038586,1781246851.672478914,1781246851.677757263,1781246851.793164968,1781246851.793173790,1781246851.794221878,1781246851.794243097,1781246851.797540665,0.007440,0.005278,0.115408,0.000009,0.001048,0.000021,0.003298,0.132502,1,1,
190,3.800000,3.799999,1781246851.797540665,1781246851.805930138,1781246851.811326027,1781246851.929404497,1781246851.929412842,1781246851.929943323,1781246851.929962158,1781246851.933493614,0.008389,0.005396,0.118078,0.000008,0.000530,0.000019,0.003531,0.135953,1,1,
191,3.820000,3.819999,1781246851.933493614,1781246851.939288855,1781246851.944600582,1781246852.075085163,1781246852.075092554,1781246852.077076197,1781246852.077095509,1781246852.080741167,0.005795,0.005312,0.130485,0.000007,0.001984,0.000019,0.003646,0.147248,1,1,
192,3.840000,3.839999,1781246852.080741167,1781246852.089700699,1781246852.096602201,1781246852.212547064,1781246852.212554216,1781246852.213514566,1781246852.213534117,1781246852.217127562,0.008960,0.006902,0.115945,0.000007,0.000960,0.000020,0.003593,0.136386,1,1,
193,3.860000,3.859999,1781246852.217127562,1781246852.222825289,1781246852.228186131,1781246852.342655659,1781246852.342662811,1781246852.343375206,1781246852.343393803,1781246852.346954346,0.005698,0.005361,0.114470,0.000007,0.000712,0.000019,0.003561,0.129827,1,1,
194,3.880000,3.879999,1781246852.346954346,1781246852.356444597,1781246852.362652302,1781246852.478302479,1781246852.478310108,1781246852.478897095,1781246852.478916645,1781246852.482575178,0.009490,0.006208,0.115650,0.000008,0.000587,0.000020,0.003659,0.135621,1,1,
195,3.900000,3.899999,1781246852.482575178,1781246852.489849091,1781246852.495370388,1781246852.611173868,1781246852.611181498,1781246852.613208294,1781246852.613231182,1781246852.616193056,0.007274,0.005521,0.115803,0.000008,0.002027,0.000023,0.002962,0.133618,1,1,
196,3.920000,3.919999,1781246852.616193056,1781246852.623380184,1781246852.628824234,1781246852.746267319,1781246852.746275187,1781246852.746714830,1781246852.746734142,1781246852.750268936,0.007187,0.005444,0.117443,0.000008,0.000440,0.000019,0.003535,0.134076,1,1,
197,3.940000,3.939999,1781246852.750268936,1781246852.756700516,1781246852.762264252,1781246852.877053261,1781246852.877060413,1781246852.879320383,1781246852.879338980,1781246852.883010626,0.006432,0.005564,0.114789,0.000007,0.002260,0.000019,0.003672,0.132742,1,1,
198,3.960000,3.959999,1781246852.883010626,1781246852.891475439,1781246852.897171497,1781246853.013453007,1781246853.013461590,1781246853.014272451,1781246853.014292002,1781246853.017082453,0.008465,0.005696,0.116282,0.000009,0.000811,0.000020,0.002790,0.134072,1,1,
199,3.980000,3.979999,1781246853.017082453,1781246853.023722172,1781246853.029466629,1781246853.151842833,1781246853.151850462,1781246853.154250383,1781246853.154269218,1781246853.157891512,0.006640,0.005744,0.122376,0.000008,0.002400,0.000019,0.003622,0.140809,1,1,
200,4.000000,3.999999,1781246853.157891512,1781246853.158150196,1781246853.163673639,1781246853.278874397,1781246853.278882265,1781246853.279935122,1781246853.279954433,1781246853.283507109,0.000259,0.005523,0.115201,0.000008,0.001053,0.000019,0.003553,0.125616,1,1,
201,4.020000,4.019999,1781246853.283507109,1781246853.290387154,1781246853.296083212,1781246853.411522627,1781246853.411530495,1781246853.413732529,1781246853.413754463,1781246853.417521000,0.006880,0.005696,0.115439,0.000008,0.002202,0.000022,0.003767,0.134014,1,1,
202,4.040000,4.039999,1781246853.417521000,1781246853.423947811,1781246853.429676771,1781246853.545871019,1781246853.545879364,1781246853.548033476,1781246853.548048973,1781246853.550098896,0.006427,0.005729,0.116194,0.000008,0.002154,0.000015,0.002050,0.132578,1,1,
203,4.060000,4.059999,1781246853.550098896,1781246853.558652401,1781246853.564462185,1781246853.681119919,1781246853.681127071,1781246853.681956291,1781246853.681975365,1781246853.684345245,0.008554,0.005810,0.116658,0.000007,0.000829,0.000019,0.002370,0.134246,1,1,
204,4.080000,4.079999,1781246853.684345245,1781246853.691045523,1781246853.696775913,1781246853.811833858,1781246853.811841249,1781246853.814039230,1781246853.814058542,1781246853.817647219,0.006700,0.005730,0.115058,0.000007,0.002198,0.000019,0.003589,0.133302,1,1,
205,4.100000,4.099999,1781246853.817647219,1781246853.824285984,1781246853.830114841,1781246853.944814682,1781246853.944822073,1781246853.945547581,1781246853.945559025,1781246853.947578192,0.006639,0.005829,0.114700,0.000007,0.000726,0.000011,0.002019,0.129931,1,1,
206,4.120000,4.119999,1781246853.947578192,1781246853.957649708,1781246853.963566780,1781246854.078876734,1781246854.078884363,1781246854.079573154,1781246854.079591274,1781246854.083196402,0.010072,0.005917,0.115310,0.000008,0.000689,0.000018,0.003605,0.135618,1,1,
207,4.140000,4.139999,1781246854.083196402,1781246854.091078043,1781246854.096941233,1781246854.212027073,1781246854.212034464,1781246854.212658882,1781246854.212677002,1781246854.216303587,0.007882,0.005863,0.115086,0.000007,0.000624,0.000018,0.003627,0.133107,1,1,
208,4.160000,4.159999,1781246854.216303587,1781246854.225825071,1781246854.233728170,1781246854.349173307,1781246854.349180698,1781246854.349676132,1781246854.349695921,1781246854.353188515,0.009521,0.007903,0.115445,0.000007,0.000495,0.000020,0.003493,0.136885,1,1,
209,4.180000,4.179999,1781246854.353188515,1781246854.358194828,1781246854.364031792,1781246854.479597807,1781246854.479605436,1781246854.480634689,1781246854.480647087,1781246854.482665300,0.005006,0.005837,0.115566,0.000008,0.001029,0.000012,0.002018,0.129477,1,1,
210,4.200000,4.199999,1781246854.482665300,1781246854.491373777,1781246854.497185707,1781246854.612784147,1781246854.612791538,1781246854.614196062,1781246854.614210129,1781246854.616223574,0.008708,0.005812,0.115598,0.000007,0.001405,0.000014,0.002013,0.133558,1,1,
211,4.220000,4.219999,1781246854.616223574,1781246854.625130177,1781246854.631533861,1781246854.749519825,1781246854.749526978,1781246854.750121832,1781246854.750141859,1781246854.753628016,0.008907,0.006404,0.117986,0.000007,0.000595,0.000020,0.003486,0.137404,1,1,
212,4.240000,4.239999,1781246854.753628016,1781246854.758445024,1781246854.764944792,1781246854.880041122,1781246854.880048752,1781246854.881401539,1781246854.881412983,1781246854.883480072,0.004817,0.006500,0.115096,0.000008,0.001353,0.000011,0.002067,0.129852,1,1,
213,4.260000,4.259999,1781246854.883480072,1781246854.892514467,1781246854.898535013,1781246855.014174700,1781246855.014182329,1781246855.016510010,1781246855.016523123,1781246855.019882202,0.009034,0.006021,0.115640,0.000008,0.002328,0.000013,0.003359,0.136402,1,1,
214,4.280000,4.279999,1781246855.019882202,1781246855.025168657,1781246855.031177759,1781246855.146974325,1781246855.146981716,1781246855.147475719,1781246855.147495508,1781246855.151030779,0.005286,0.006009,0.115797,0.000007,0.000494,0.000020,0.003535,0.131149,1,1,
215,4.300000,4.299999,1781246855.151030779,1781246855.158680439,1781246855.164825439,1781246855.280987978,1781246855.280994892,1781246855.283059359,1781246855.283079147,1781246855.286049128,0.007650,0.006145,0.116163,0.000007,0.002064,0.000020,0.002970,0.135018,1,1,
216,4.320000,4.319999,1781246855.286049128,1781246855.292066336,1781246855.301192522,1781246855.423882723,1781246855.423890114,1781246855.424201012,1781246855.424219847,1781246855.427481890,0.006017,0.009126,0.122690,0.000007,0.000311,0.000019,0.003262,0.141433,1,1,
217,4.340000,4.339999,1781246855.427481890,1781246855.442279100,1781246855.448405504,1781246855.563911438,1781246855.563918829,1781246855.564238310,1781246855.564256430,1781246855.567468643,0.014797,0.006126,0.115506,0.000007,0.000319,0.000018,0.003212,0.139987,1,1,
218,4.360000,4.359999,1781246855.567468643,1781246855.575624943,1781246855.581815958,1781246855.697942019,1781246855.697949409,1781246855.698821306,1781246855.698843241,1781246855.702542782,0.008156,0.006191,0.116126,0.000007,0.000872,0.000022,0.003700,0.135074,1,1,
219,4.380000,4.379999,1781246855.702542782,1781246855.709034204,1781246855.715154886,1781246855.830498457,1781246855.830506325,1781246855.832848072,1781246855.832867384,1781246855.836497068,0.006491,0.006121,0.115344,0.000008,0.002342,0.000019,0.003630,0.133954,1,1,
220,4.400000,4.399999,1781246855.836497068,1781246855.842586994,1781246855.851716042,1781246855.995543957,1781246855.995555162,1781246855.996639252,1781246855.996659517,1781246856.000525236,0.006090,0.009129,0.143828,0.000011,0.001084,0.000020,0.003866,0.164028,1,1,
221,4.420000,4.419999,1781246856.000525236,1781246856.009424448,1781246856.015852451,1781246856.142440557,1781246856.142448187,1781246856.143503904,1781246856.143522978,1781246856.147153378,0.008899,0.006428,0.126588,0.000008,0.001056,0.000019,0.003630,0.146628,1,1,
222,4.440000,4.439999,1781246856.147153378,1781246856.159560919,1781246856.168828964,1781246856.286034584,1781246856.286042213,1781246856.287990808,1781246856.288009167,1781246856.291453362,0.012408,0.009268,0.117206,0.000008,0.001949,0.000018,0.003444,0.144300,1,1,
223,4.460000,4.459999,1781246856.291453362,1781246856.292913437,1781246856.299474955,1781246856.415241957,1781246856.415249586,1781246856.417097569,1781246856.417117596,1781246856.420600653,0.001460,0.006562,0.115767,0.000008,0.001848,0.000020,0.003483,0.129147,1,1,
224,4.480000,4.479999,1781246856.420600653,1781246856.426336288,1781246856.432608366,1781246856.548165321,1781246856.548172712,1781246856.550343513,1781246856.550360918,1781246856.553869963,0.005736,0.006272,0.115557,0.000007,0.002171,0.000017,0.003509,0.133269,1,1,
225,4.500000,4.499999,1781246856.553869963,1781246856.559762478,1781246856.566072226,1781246856.682635784,1781246856.682643175,1781246856.684965849,1781246856.684985161,1781246856.687493086,0.005893,0.006310,0.116564,0.000007,0.002323,0.000019,0.002508,0.133623,1,1,
226,4.520000,4.519999,1781246856.687493086,1781246856.693243980,1781246856.699646235,1781246856.816262007,1781246856.816270113,1781246856.816960335,1781246856.816980362,1781246856.820491314,0.005751,0.006402,0.116616,0.000008,0.000690,0.000020,0.003511,0.132998,1,1,
227,4.540000,4.539999,1781246856.820491314,1781246856.826629877,1781246856.832874298,1781246856.949723721,1781246856.949730873,1781246856.950283051,1781246856.950303078,1781246856.952620268,0.006139,0.006244,0.116849,0.000007,0.000552,0.000020,0.002317,0.132129,1,1,
228,4.560000,4.559999,1781246856.952620268,1781246856.960230589,1781246856.966567993,1781246857.082386017,1781246857.082393408,1781246857.083536863,1781246857.083556175,1781246857.087052107,0.007610,0.006337,0.115818,0.000007,0.001143,0.000019,0.003496,0.134432,1,1,
229,4.580000,4.579999,1781246857.087052107,1781246857.093732357,1781246857.100278616,1781246857.215795755,1781246857.215803623,1781246857.216780186,1781246857.216802359,1781246857.218963146,0.006680,0.006546,0.115517,0.000008,0.000977,0.000022,0.002161,0.131911,1,1,
230,4.600000,4.599999,1781246857.218963146,1781246857.228238344,1781246857.234638691,1781246857.350634098,1781246857.350641489,1781246857.351707458,1781246857.351729155,1781246857.355048895,0.009275,0.006400,0.115995,0.000007,0.001066,0.000022,0.003320,0.136086,1,1,
231,4.620000,4.619999,1781246857.355048895,1781246857.360385180,1781246857.366932631,1781246857.482977629,1781246857.482985258,1781246857.484411716,1781246857.484431028,1781246857.487776041,0.005336,0.006547,0.116045,0.000008,0.001426,0.000019,0.003345,0.132727,1,1,
232,4.640000,4.639999,1781246857.487776041,1781246857.493854284,1781246857.500396252,1781246857.616172552,1781246857.616179705,1781246857.618092537,1781246857.618106365,1781246857.620233059,0.006078,0.006542,0.115776,0.000007,0.001913,0.000014,0.002127,0.132457,1,1,
233,4.660000,4.659999,1781246857.620233059,1781246857.627343655,1781246857.633876324,1781246857.752861977,1781246857.752869368,1781246857.754673481,1781246857.754692793,1781246857.758188248,0.007111,0.006533,0.118986,0.000007,0.001804,0.000019,0.003495,0.137955,1,1,
234,4.680000,4.679999,1781246857.758188248,1781246857.760765076,1781246857.770512342,1781246857.893567324,1781246857.893574953,1781246857.896214247,1781246857.896228313,1781246857.898233652,0.002577,0.009747,0.123055,0.000008,0.002639,0.000014,0.002005,0.140045,1,1,
235,4.700000,4.699999,1781246857.898233652,1781246857.910919428,1781246857.917806625,1781246858.033436060,1781246858.033444643,1781246858.034409046,1781246858.034420967,1781246858.036431551,0.012686,0.006887,0.115629,0.000009,0.000964,0.000012,0.002011,0.138198,1,1,
236,4.720000,4.719999,1781246858.036431551,1781246858.044407845,1781246858.051013231,1781246858.166951895,1781246858.166959524,1781246858.168825626,1781246858.168849468,1781246858.170832872,0.007976,0.006605,0.115939,0.000008,0.001866,0.000024,0.001983,0.134401,1,1,
237,4.740000,4.739999,1781246858.170832872,1781246858.181405067,1781246858.188086510,1781246858.303958893,1781246858.303966522,1781246858.304980993,1781246858.304999113,1781246858.308439970,0.010572,0.006681,0.115872,0.000008,0.001014,0.000018,0.003441,0.137607,1,1,
238,4.760000,4.759999,1781246858.308439970,1781246858.312477350,1781246858.319093227,1781246858.435087681,1781246858.435096025,1781246858.437589645,1781246858.437608004,1781246858.441061974,0.004037,0.006616,0.115994,0.000008,0.002494,0.000018,0.003454,0.132622,1,1,
239,4.780000,4.779999,1781246858.441061974,1781246858.444878340,1781246858.451654911,1781246858.567450285,1781246858.567458391,1781246858.568929434,1781246858.568949223,1781246858.572006941,0.003816,0.006777,0.115795,0.000008,0.001471,0.000020,0.003058,0.130945,1,1,
240,4.800000,4.799999,1781246858.572006941,1781246858.580756903,1781246858.588412762,1781246858.707256794,1781246858.707263708,1781246858.708653212,1781246858.708671331,1781246858.710698843,0.008750,0.007656,0.118844,0.000007,0.001390,0.000018,0.002028,0.138692,1,1,
241,4.820000,4.819999,1781246858.710698843,1781246858.711657047,1781246858.718353033,1781246858.834184170,1781246858.834192276,1781246858.835437059,1781246858.835458040,1781246858.839003325,0.000958,0.006696,0.115831,0.000008,0.001245,0.000021,0.003545,0.128304,1,1,
242,4.840000,4.839999,1781246858.839003325,1781246858.845080853,1781246858.851816654,1781246858.967530489,1781246858.967538357,1781246858.969607115,1781246858.969626904,1781246858.971684933,0.006078,0.006736,0.115714,0.000008,0.002069,0.000020,0.002058,0.132682,1,1,
243,4.860000,4.859999,1781246858.971684933,1781246858.978972435,1781246858.985694647,1781246859.103699446,1781246859.103707075,1781246859.105605841,1781246859.105624914,1781246859.109175444,0.007288,0.006722,0.118005,0.000008,0.001899,0.000019,0.003551,0.137491,1,1,
244,4.880000,4.879999,1781246859.109175444,1781246859.112283707,1781246859.119363070,1781246859.234724283,1781246859.234731674,1781246859.235583067,1781246859.235602140,1781246859.239330053,0.003108,0.007079,0.115361,0.000007,0.000851,0.000019,0.003728,0.130155,1,1,
245,4.900000,4.899999,1781246859.239330053,1781246859.245483160,1781246859.252426147,1781246859.368943691,1781246859.368951321,1781246859.370685339,1781246859.370703936,1781246859.374175310,0.006153,0.006943,0.116518,0.000008,0.001734,0.000019,0.003471,0.134845,1,1,
246,4.920000,4.919999,1781246859.374175310,1781246859.380092621,1781246859.387173176,1781246859.516028881,1781246859.516036034,1781246859.518064022,1781246859.518082857,1781246859.521655798,0.005917,0.007081,0.128856,0.000007,0.002028,0.000019,0.003573,0.147480,1,1,
247,4.940000,4.939999,1781246859.521655798,1781246859.528946638,1781246859.539175987,1781246859.656758070,1781246859.656765461,1781246859.657275677,1781246859.657293081,1781246859.659701347,0.007291,0.010229,0.117582,0.000007,0.000510,0.000017,0.002408,0.138046,1,1,
248,4.960000,4.959999,1781246859.659701347,1781246859.662402391,1781246859.669404268,1781246859.791572809,1781246859.791579962,1781246859.793632984,1781246859.793646574,1781246859.795606613,0.002701,0.007002,0.122169,0.000007,0.002053,0.000014,0.001960,0.135905,1,1,
249,4.980000,4.979999,1781246859.795606613,1781246859.795801878,1781246859.804525375,1781246859.920736313,1781246859.920743942,1781246859.921208382,1781246859.921221495,1781246859.923147202,0.000195,0.008723,0.116211,0.000008,0.000464,0.000013,0.001926,0.127541,1,1,
250,5.000000,5.000000,1781246859.923147202,1781246859.929350853,1781246859.936921835,1781246860.056631327,1781246860.056638718,1781246860.058485985,1781246860.058505058,1781246860.061248779,0.006204,0.007571,0.119709,0.000007,0.001847,0.000019,0.002744,0.138102,1,1,
251,5.020000,5.020000,1781246860.061248779,1781246860.066486597,1781246860.074166059,1781246860.190221548,1781246860.190228701,1781246860.191283226,1781246860.191301823,1781246860.194087505,0.005238,0.007679,0.116055,0.000007,0.001055,0.000019,0.002786,0.132839,1,1,
252,5.040000,5.040000,1781246860.194087505,1781246860.196213722,1781246860.203127861,1781246860.318159580,1781246860.318167210,1781246860.318874836,1781246860.318895578,1781246860.321418285,0.002126,0.006914,0.115032,0.000008,0.000708,0.000021,0.002523,0.127331,1,1,
253,5.060000,5.060000,1781246860.321418285,1781246860.329867601,1781246860.339141607,1781246860.454227448,1781246860.454234362,1781246860.455862522,1781246860.455885649,1781246860.458034754,0.008449,0.009274,0.115086,0.000007,0.001628,0.000023,0.002149,0.136616,1,1,
254,5.080000,5.080000,1781246860.458034754,1781246860.463003874,1781246860.469995499,1781246860.587907076,1781246860.587914705,1781246860.588340282,1781246860.588359118,1781246860.591859102,0.004969,0.006992,0.117912,0.000008,0.000426,0.000019,0.003500,0.133824,1,1,
255,5.100000,5.100000,1781246860.591859102,1781246860.596741915,1781246860.607548475,1781246860.727945566,1781246860.727952719,1781246860.729138613,1781246860.729156971,1781246860.732674599,0.004883,0.010807,0.120397,0.000007,0.001186,0.000018,0.003518,0.140815,1,1,
256,5.120000,5.120000,1781246860.732674599,1781246860.746558428,1781246860.753690958,1781246860.870941639,1781246860.870949030,1781246860.873314381,1781246860.873332739,1781246860.876864433,0.013884,0.007133,0.117251,0.000007,0.002365,0.000018,0.003532,0.144190,1,1,
257,5.140000,5.140000,1781246860.876864433,1781246860.880068541,1781246860.887588978,1781246861.006332874,1781246861.006340027,1781246861.008126259,1781246861.008147240,1781246861.011668921,0.003204,0.007520,0.118744,0.000007,0.001786,0.000021,0.003522,0.134804,1,1,
258,5.160000,5.160000,1781246861.011668921,1781246861.013435125,1781246861.022529364,1781246861.138196945,1781246861.138204575,1781246861.139755487,1781246861.139780760,1781246861.142370224,0.001766,0.009094,0.115668,0.000008,0.001551,0.000025,0.002589,0.130701,1,1,
259,5.180000,5.180000,1781246861.142370224,1781246861.146962881,1781246861.154366016,1781246861.274197340,1781246861.274204493,1781246861.274509907,1781246861.274528980,1781246861.276723862,0.004593,0.007403,0.119831,0.000007,0.000305,0.000019,0.002195,0.134354,1,1,
260,5.200000,5.200000,1781246861.276723862,1781246861.280231476,1781246861.287826777,1781246861.410735846,1781246861.410743475,1781246861.412993431,1781246861.413007975,1781246861.414943218,0.003508,0.007595,0.122909,0.000008,0.002250,0.000015,0.001935,0.138219,1,1,
261,5.220000,5.220000,1781246861.414943218,1781246861.415100574,1781246861.422622681,1781246861.539761305,1781246861.539768934,1781246861.540552378,1781246861.540570974,1781246861.543224812,0.000157,0.007522,0.117139,0.000008,0.000783,0.000019,0.002654,0.128282,1,1,
262,5.240000,5.240000,1781246861.543224812,1781246861.550522804,1781246861.558472157,1781246861.677004576,1781246861.677011728,1781246861.679658651,1781246861.679676056,1781246861.682081461,0.007298,0.007949,0.118532,0.000007,0.002647,0.000017,0.002405,0.138857,1,1,
263,5.260000,5.260000,1781246861.682081461,1781246861.697406292,1781246861.705259800,1781246861.820814848,1781246861.820823193,1781246861.821240425,1781246861.821261644,1781246861.824797869,0.015325,0.007854,0.115555,0.000008,0.000417,0.000021,0.003536,0.142716,1,1,
264,5.280000,5.280000,1781246861.824797869,1781246861.830816269,1781246861.838294744,1781246861.953897715,1781246861.953905344,1781246861.956552267,1781246861.956572771,1781246861.960206032,0.006018,0.007478,0.115603,0.000008,0.002647,0.000021,0.003633,0.135408,1,1,
265,5.300000,5.300000,1781246861.960206032,1781246861.964397430,1781246861.972778320,1781246862.099279881,1781246862.099289656,1781246862.101404428,1781246862.101425648,1781246862.103417158,0.004191,0.008381,0.126502,0.000010,0.002115,0.000021,0.001992,0.143211,1,1,
266,5.320000,5.320000,1781246862.103417158,1781246862.114524364,1781246862.122264385,1781246862.242894173,1781246862.242901802,1781246862.243896246,1781246862.243913889,1781246862.246323824,0.011107,0.007740,0.120630,0.000008,0.000994,0.000018,0.002410,0.142907,1,1,
267,5.340000,5.340000,1781246862.246323824,1781246862.249150276,1781246862.256532669,1781246862.374733686,1781246862.374740362,1781246862.376386404,1781246862.376398325,1781246862.378328562,0.002826,0.007382,0.118201,0.000007,0.001646,0.000012,0.001930,0.132005,1,1,
268,5.360000,5.360000,1781246862.378328562,1781246862.381057262,1781246862.389504194,1781246862.506118774,1781246862.506125927,1781246862.508094311,1781246862.508108616,1781246862.510088682,0.002729,0.008447,0.116615,0.000007,0.001968,0.000014,0.001980,0.131760,1,1,
269,5.380000,5.380000,1781246862.510088682,1781246862.514659166,1781246862.522271633,1781246862.637752533,1781246862.637761354,1781246862.639548063,1781246862.639559746,1781246862.641589165,0.004570,0.007612,0.115481,0.000009,0.001787,0.000012,0.002029,0.131500,1,1,
270,5.400000,5.400000,1781246862.641589165,1781246862.648195028,1781246862.656396389,1781246862.776069641,1781246862.776077032,1781246862.776467562,1781246862.776485443,1781246862.779947281,0.006606,0.008201,0.119673,0.000007,0.000391,0.000018,0.003462,0.138358,1,1,
271,5.420000,5.420000,1781246862.779947281,1781246862.781523705,1781246862.789304733,1781246862.905597925,1781246862.905605316,1781246862.908065319,1781246862.908084393,1781246862.911005497,0.001576,0.007781,0.116293,0.000007,0.002460,0.000019,0.002921,0.131058,1,1,
272,5.440000,5.440000,1781246862.911005497,1781246862.915264368,1781246862.923114300,1781246863.039453983,1781246863.039461136,1781246863.041381598,1781246863.041401863,1781246863.044867754,0.004259,0.007850,0.116340,0.000007,0.001920,0.000020,0.003466,0.133862,1,1,
273,5.460000,5.460000,1781246863.044867754,1781246863.048403978,1781246863.056169033,1781246863.173290730,1781246863.173298359,1781246863.175904989,1781246863.175925016,1781246863.179378033,0.003536,0.007765,0.117122,0.000008,0.002607,0.000020,0.003453,0.134510,1,1,
274,5.480000,5.480000,1781246863.179378033,1781246863.181857586,1781246863.191322327,1781246863.306836843,1781246863.306844950,1781246863.308675289,1781246863.308693171,1781246863.310693264,0.002480,0.009465,0.115515,0.000008,0.001830,0.000018,0.002000,0.131315,1,1,
275,5.500000,5.500000,1781246863.310693264,1781246863.315424681,1781246863.323450089,1781246863.440883875,1781246863.440892696,1781246863.442938566,1781246863.442956448,1781246863.445348501,0.004731,0.008025,0.117434,0.000009,0.002046,0.000018,0.002392,0.134655,1,1,
276,5.520000,5.520000,1781246863.445348501,1781246863.448978662,1781246863.456495047,1781246863.572772980,1781246863.572781563,1781246863.573437452,1781246863.573458433,1781246863.576838732,0.003630,0.007516,0.116278,0.000009,0.000656,0.000021,0.003380,0.131490,1,1,
277,5.540000,5.540000,1781246863.576838732,1781246863.582401514,1781246863.590071201,1781246863.705875397,1781246863.705883980,1781246863.707062244,1781246863.707082033,1781246863.710610390,0.005563,0.007670,0.115804,0.000009,0.001178,0.000020,0.003528,0.133772,1,1,
278,5.560000,5.560000,1781246863.710610390,1781246863.715643644,1781246863.723343849,1781246863.839112282,1781246863.839120865,1781246863.839456797,1781246863.839475393,1781246863.843110323,0.005033,0.007700,0.115768,0.000009,0.000336,0.000019,0.003635,0.132500,1,1,
279,5.580000,5.580000,1781246863.843110323,1781246863.850080013,1781246863.858037710,1781246863.980806351,1781246863.980813265,1781246863.983137131,1781246863.983156443,1781246863.986742973,0.006970,0.007958,0.122769,0.000007,0.002324,0.000019,0.003587,0.143633,1,1,
280,5.600000,5.600000,1781246863.986742973,1781246863.999444723,1781246864.008776426,1781246864.125283241,1781246864.125291824,1781246864.126870155,1781246864.126889229,1781246864.130475998,0.012702,0.009332,0.116507,0.000009,0.001578,0.000019,0.003587,0.143733,1,1,
281,5.620000,5.620000,1781246864.130475998,1781246864.132711887,1781246864.141148329,1781246864.260135412,1781246864.260142803,1781246864.262556553,1781246864.262576103,1781246864.264676094,0.002236,0.008436,0.118987,0.000007,0.002414,0.000020,0.002100,0.134200,1,1,
282,5.640000,5.640000,1781246864.264676094,1781246864.267383099,1781246864.275203466,1781246864.396099806,1781246864.396106958,1781246864.397639275,1781246864.397658348,1781246864.401191235,0.002707,0.007820,0.120896,0.000007,0.001532,0.000019,0.003533,0.136515,1,1,
283,5.660000,5.660000,1781246864.401191235,1781246864.416245461,1781246864.424029112,1781246864.539244890,1781246864.539252758,1781246864.541532278,1781246864.541551828,1781246864.544694185,0.015054,0.007784,0.115216,0.000008,0.002280,0.000020,0.003142,0.143503,1,1,
284,5.680000,5.680000,1781246864.544694185,1781246864.549621820,1781246864.557794809,1781246864.673902988,1781246864.673912525,1781246864.674505949,1781246864.674526691,1781246864.678051472,0.004928,0.008173,0.116108,0.000010,0.000593,0.000021,0.003525,0.133357,1,1,
285,5.700000,5.700000,1781246864.678051472,1781246864.683299065,1781246864.695090294,1781246864.815989017,1781246864.815996170,1781246864.817887783,1781246864.817901134,1781246864.819818735,0.005248,0.011791,0.120899,0.000007,0.001892,0.000013,0.001918,0.141767,1,1,
286,5.720000,5.720000,1781246864.819818735,1781246864.833523989,1781246864.841641665,1781246864.959279537,1781246864.959286690,1781246864.961278915,1781246864.961290598,1781246864.963207960,0.013705,0.008118,0.117638,0.000007,0.001992,0.000012,0.001917,0.143389,1,1,
287,5.740000,5.740000,1781246864.963207960,1781246864.967851639,1781246864.975711584,1781246865.121845245,1781246865.121852636,1781246865.124314308,1781246865.124327660,1781246865.126267433,0.004644,0.007860,0.146134,0.000007,0.002462,0.000013,0.001940,0.163059,1,1,
288,5.760000,5.760000,1781246865.126267433,1781246865.133688211,1781246865.141718626,1781246865.260220528,1781246865.260227919,1781246865.261352301,1781246865.261370420,1781246865.264105558,0.007421,0.008030,0.118502,0.000007,0.001124,0.000018,0.002735,0.137838,1,1,
289,5.780000,5.780000,1781246865.264105558,1781246865.267395735,1781246865.275507689,1781246865.391727686,1781246865.391735554,1781246865.392755508,1781246865.392781019,1781246865.395324707,0.003290,0.008112,0.116220,0.000008,0.001020,0.000026,0.002544,0.131219,1,1,
290,5.800000,5.800000,1781246865.395324707,1781246865.400590897,1781246865.408729315,1781246865.525235653,1781246865.525242805,1781246865.526842833,1781246865.526862144,1781246865.530329943,0.005266,0.008138,0.116506,0.000007,0.001600,0.000019,0.003468,0.135005,1,1,
291,5.820000,5.820000,1781246865.530329943,1781246865.533844471,1781246865.542134047,1781246865.657931328,1781246865.657938957,1781246865.658226728,1781246865.658238411,1781246865.660161257,0.003515,0.008290,0.115797,0.000008,0.000288,0.000012,0.001923,0.129831,1,1,
292,5.840000,5.840000,1781246865.660161257,1781246865.667231798,1781246865.675274611,1781246865.821880817,1781246865.821904898,1781246865.823331594,1781246865.823350191,1781246865.826971054,0.007071,0.008043,0.146606,0.000024,0.001427,0.000019,0.003621,0.166810,1,1,
293,5.860000,5.860000,1781246865.826971054,1781246865.834086895,1781246865.842287540,1781246865.957568407,1781246865.957576275,1781246865.958669901,1781246865.958688974,1781246865.961962461,0.007116,0.008201,0.115281,0.000008,0.001094,0.000019,0.003273,0.134991,1,1,
294,5.880000,5.880000,1781246865.961962461,1781246865.967484236,1781246865.975584984,1781246866.089956760,1781246866.089964867,1781246866.091324329,1781246866.091343641,1781246866.093463898,0.005522,0.008101,0.114372,0.000008,0.001359,0.000019,0.002120,0.131501,1,1,
295,5.900000,5.900000,1781246866.093463898,1781246866.101057291,1781246866.109487057,1781246866.224996567,1781246866.225003958,1781246866.225445271,1781246866.225466013,1781246866.229009151,0.007593,0.008430,0.115510,0.000007,0.000441,0.000021,0.003543,0.135545,1,1,
296,5.920000,5.920000,1781246866.229009151,1781246866.234394550,1781246866.242677689,1781246866.358020306,1781246866.358027935,1781246866.359555006,1781246866.359573603,1781246866.361655474,0.005385,0.008283,0.115343,0.000008,0.001527,0.000019,0.002082,0.132646,1,1,
297,5.940000,5.940000,1781246866.361655474,1781246866.367992401,1781246866.376265526,1781246866.492064714,1781246866.492071629,1781246866.494130135,1781246866.494142294,1781246866.496246099,0.006337,0.008273,0.115799,0.000007,0.002059,0.000012,0.002104,0.134591,1,1,
298,5.960000,5.960000,1781246866.496246099,1781246866.503866434,1781246866.511945009,1781246866.626630545,1781246866.626637936,1781246866.628429651,1781246866.628448009,1781246866.631931305,0.007620,0.008079,0.114686,0.000007,0.001792,0.000018,0.003483,0.135685,1,1,
299,5.980000,5.980000,1781246866.631931305,1781246866.634711742,1781246866.642991304,1781246866.757953882,1781246866.757961512,1781246866.759858131,1781246866.759877443,1781246866.763396025,0.002780,0.008280,0.114963,0.000008,0.001897,0.000019,0.003519,0.131465,1,1,
300,6.000000,6.000000,1781246866.763396025,1781246866.768270016,1781246866.776541948,1781246866.891533375,1781246866.891540527,1781246866.891983271,1781246866.892001867,1781246866.895533562,0.004874,0.008272,0.114991,0.000007,0.000443,0.000019,0.003532,0.132138,1,1,
301,6.020000,6.020000,1781246866.895533562,1781246866.903100491,1781246866.911342859,1781246867.026921988,1781246867.026929855,1781246867.028456450,1781246867.028474808,1781246867.032087088,0.007567,0.008242,0.115579,0.000008,0.001527,0.000018,0.003612,0.136554,1,1,
302,6.040000,6.040000,1781246867.032087088,1781246867.035114050,1781246867.046864748,1781246867.162095070,1781246867.162102699,1781246867.162436962,1781246867.162454844,1781246867.165138483,0.003027,0.011751,0.115230,0.000008,0.000334,0.000018,0.002684,0.133051,1,1,
303,6.060000,6.060000,1781246867.165138483,1781246867.168510437,1781246867.178684950,1781246867.303496361,1781246867.303503990,1781246867.304946899,1781246867.304966688,1781246867.308071852,0.003372,0.010175,0.124811,0.000008,0.001443,0.000020,0.003105,0.142933,1,1,
304,6.080000,6.080000,1781246867.308071852,1781246867.318812370,1781246867.327181339,1781246867.443760157,1781246867.443768501,1781246867.444283247,1781246867.444301128,1781246867.447880507,0.010741,0.008369,0.116579,0.000008,0.000515,0.000018,0.003579,0.139809,1,1,
305,6.100000,6.100000,1781246867.447880507,1781246867.452186108,1781246867.460608244,1781246867.576304436,1781246867.576312065,1781246867.576955557,1781246867.576975107,1781246867.580602646,0.004306,0.008422,0.115696,0.000008,0.000643,0.000020,0.003628,0.132722,1,1,
306,6.120000,6.120000,1781246867.580602646,1781246867.585495949,1781246867.596669436,1781246867.711763859,1781246867.711775064,1781246867.712841511,1781246867.712859869,1781246867.715406418,0.004893,0.011173,0.115094,0.000011,0.001066,0.000018,0.002547,0.134804,1,1,
307,6.140000,6.140000,1781246867.715406418,1781246867.719069004,1781246867.728475571,1781246867.846053362,1781246867.846060991,1781246867.846557379,1781246867.846570730,1781246867.848563910,0.003663,0.009407,0.117578,0.000008,0.000496,0.000013,0.001993,0.133157,1,1,
308,6.160000,6.160000,1781246867.848563910,1781246867.852320910,1781246867.861529589,1781246867.980513811,1781246867.980520725,1781246867.981587648,1781246867.981606722,1781246867.983721495,0.003757,0.009209,0.118984,0.000007,0.001067,0.000019,0.002115,0.135158,1,1,
309,6.180000,6.180000,1781246867.983721495,1781246867.985693693,1781246867.994397402,1781246868.109381199,1781246868.109389305,1781246868.111113071,1781246868.111132622,1781246868.114703655,0.001972,0.008704,0.114984,0.000008,0.001724,0.000020,0.003571,0.130982,1,1,
310,6.200000,6.200000,1781246868.114703655,1781246868.119243860,1781246868.128758669,1781246868.244266748,1781246868.244273901,1781246868.244628906,1781246868.244648218,1781246868.248248339,0.004540,0.009515,0.115508,0.000007,0.000355,0.000019,0.003600,0.133545,1,1,
311,6.220000,6.220000,1781246868.248248339,1781246868.252689838,1781246868.261324644,1781246868.377219915,1781246868.377228498,1781246868.378058672,1781246868.378078222,1781246868.381616116,0.004441,0.008635,0.115895,0.000009,0.000830,0.000020,0.003538,0.133368,1,1,
312,6.240000,6.240000,1781246868.381616116,1781246868.388013124,1781246868.396655321,1781246868.518969536,1781246868.518976688,1781246868.519364357,1781246868.519382000,1781246868.521606922,0.006397,0.008642,0.122314,0.000007,0.000388,0.000018,0.002225,0.139991,1,1,
313,6.260000,6.260000,1781246868.521606922,1781246868.536353350,1781246868.544931412,1781246868.660996199,1781246868.661004305,1781246868.662102938,1781246868.662121773,1781246868.665827513,0.014746,0.008578,0.116065,0.000008,0.001099,0.000019,0.003706,0.144221,1,1,
314,6.280000,6.280000,1781246868.665827513,1781246868.669918299,1781246868.678874254,1781246868.794386387,1781246868.794393539,1781246868.795002460,1781246868.795014381,1781246868.797032118,0.004091,0.008956,0.115512,0.000007,0.000609,0.000012,0.002018,0.131205,1,1,
315,6.300000,6.300000,1781246868.797032118,1781246868.803283930,1781246868.812011719,1781246868.929473877,1781246868.929481268,1781246868.931805372,1781246868.931823730,1781246868.934779882,0.006252,0.008728,0.117462,0.000007,0.002324,0.000018,0.002956,0.137748,1,1,
316,6.320000,6.320000,1781246868.934779882,1781246868.936615467,1781246868.945363522,1781246869.061306477,1781246869.061313868,1781246869.061670542,1781246869.061684370,1781246869.063697338,0.001836,0.008748,0.115943,0.000007,0.000357,0.000014,0.002013,0.128917,1,1,
317,6.340000,6.340000,1781246869.063697338,1781246869.070258617,1781246869.079221249,1781246869.196917057,1781246869.196924210,1781246869.197317600,1781246869.197329044,1781246869.199395657,0.006561,0.008963,0.117696,0.000007,0.000393,0.000011,0.002067,0.135698,1,1,
318,6.360000,6.360000,1781246869.199395657,1781246869.199397802,1781246869.210232496,1781246869.326709270,1781246869.326717138,1781246869.327734232,1781246869.327750444,1781246869.330622196,0.000002,0.010835,0.116477,0.000008,0.001017,0.000016,0.002872,0.131227,1,1,
319,6.380000,6.380000,1781246869.330622196,1781246869.337145805,1781246869.349948406,1781246869.470127106,1781246869.470134020,1781246869.471864223,1781246869.471882582,1781246869.475556135,0.006524,0.012803,0.120179,0.000007,0.001730,0.000018,0.003674,0.144934,1,1,
320,6.400000,6.400000,1781246869.475556135,1781246869.487121582,1781246869.496021748,1781246869.611202717,1781246869.611210346,1781246869.613284349,1781246869.613304377,1781246869.615764380,0.011565,0.008900,0.115181,0.000008,0.002074,0.000020,0.002460,0.140208,1,1,
321,6.420000,6.420000,1781246869.615764380,1781246869.620486736,1781246869.629548550,1781246869.745734215,1781246869.745741367,1781246869.748089314,1781246869.748107195,1781246869.751750469,0.004722,0.009062,0.116186,0.000007,0.002348,0.000018,0.003643,0.135986,1,1,
322,6.440000,6.440000,1781246869.751750469,1781246869.753992558,1781246869.763617992,1781246869.879590988,1781246869.879598141,1781246869.880404711,1781246869.880421877,1781246869.884042978,0.002242,0.009625,0.115973,0.000007,0.000807,0.000017,0.003621,0.132293,1,1,
323,6.460000,6.460000,1781246869.884042978,1781246869.889681101,1781246869.898635864,1781246870.013237476,1781246870.013245106,1781246870.013764620,1781246870.013787508,1781246870.017519712,0.005638,0.008955,0.114602,0.000008,0.000520,0.000023,0.003732,0.133477,1,1,
324,6.480000,6.480000,1781246870.017519712,1781246870.020933867,1781246870.032310247,1781246870.147300720,1781246870.147307634,1781246870.148652077,1781246870.148671389,1781246870.151346207,0.003414,0.011376,0.114990,0.000007,0.001344,0.000019,0.002675,0.133826,1,1,
325,6.500000,6.500000,1781246870.151346207,1781246870.154408455,1781246870.163374901,1781246870.279864550,1781246870.279871702,1781246870.280820370,1781246870.280838966,1781246870.283295155,0.003062,0.008966,0.116490,0.000007,0.000949,0.000019,0.002456,0.131949,1,1,
326,6.520000,6.520000,1781246870.283295155,1781246870.289455414,1781246870.299031019,1781246870.415099144,1781246870.415106535,1781246870.417325974,1781246870.417344570,1781246870.420909405,0.006160,0.009576,0.116068,0.000007,0.002219,0.000019,0.003565,0.137614,1,1,
327,6.540000,6.540000,1781246870.420909405,1781246870.421036720,1781246870.430189610,1781246870.546650410,1781246870.546657324,1781246870.548122168,1781246870.548139572,1781246870.551717997,0.000127,0.009153,0.116461,0.000007,0.001465,0.000017,0.003578,0.130809,1,1,
328,6.560000,6.560000,1781246870.551717997,1781246870.554448128,1781246870.563523531,1781246870.680036068,1781246870.680043459,1781246870.680805683,1781246870.680824041,1781246870.684011459,0.002730,0.009075,0.116513,0.000007,0.000762,0.000018,0.003187,0.132293,1,1,
329,6.580000,6.580000,1781246870.684011459,1781246870.688138485,1781246870.697493076,1781246870.812520027,1781246870.812527418,1781246870.814257860,1781246870.814276695,1781246870.817909718,0.004127,0.009355,0.115027,0.000007,0.001730,0.000019,0.003633,0.133898,1,1,
330,6.600000,6.600000,1781246870.817909718,1781246870.821402073,1781246870.830544233,1781246870.945663214,1781246870.945671797,1781246870.947548866,1781246870.947567701,1781246870.950793028,0.003492,0.009142,0.115119,0.000009,0.001877,0.000019,0.003225,0.132883,1,1,
331,6.620000,6.620000,1781246870.950793028,1781246870.954935312,1781246870.965765953,1781246871.081091404,1781246871.081098795,1781246871.082054853,1781246871.082066774,1781246871.084062815,0.004142,0.010831,0.115325,0.000007,0.000956,0.000012,0.001996,0.133270,1,1,
332,6.640000,6.640000,1781246871.084062815,1781246871.088343143,1781246871.097484112,1781246871.212333918,1781246871.212341785,1781246871.213310242,1781246871.213328838,1781246871.216959238,0.004280,0.009141,0.114850,0.000008,0.000968,0.000019,0.003630,0.132896,1,1,
333,6.660000,6.660000,1781246871.216959238,1781246871.221961498,1781246871.233484507,1781246871.348167419,1781246871.348174810,1781246871.349733114,1781246871.349744797,1781246871.351959229,0.005002,0.011523,0.114683,0.000007,0.001558,0.000012,0.002214,0.135000,1,1,
334,6.680000,6.680000,1781246871.351959229,1781246871.356414318,1781246871.366878033,1781246871.482437372,1781246871.482444525,1781246871.483042479,1781246871.483062029,1781246871.486762285,0.004455,0.010464,0.115559,0.000007,0.000598,0.000020,0.003700,0.134803,1,1,
335,6.700000,6.700000,1781246871.486762285,1781246871.488735199,1781246871.500604630,1781246871.620625496,1781246871.620633125,1781246871.622555971,1781246871.622574329,1781246871.625396252,0.001973,0.011869,0.120021,0.000008,0.001923,0.000018,0.002822,0.138634,1,1,
336,6.720000,6.720000,1781246871.625396252,1781246871.638871908,1781246871.648430586,1781246871.764682293,1781246871.764689922,1781246871.765814781,1781246871.765833378,1781246871.769476891,0.013476,0.009559,0.116252,0.000008,0.001125,0.000019,0.003644,0.144081,1,1,
337,6.740000,6.740000,1781246871.769476891,1781246871.774718046,1781246871.784182549,1781246871.899958134,1781246871.899966717,1781246871.900975704,1781246871.900994062,1781246871.903076649,0.005241,0.009465,0.115776,0.000009,0.001009,0.000018,0.002083,0.133600,1,1,
338,6.760000,6.760000,1781246871.903076649,1781246871.905694246,1781246871.915004969,1781246872.030173302,1781246872.030180931,1781246872.030824184,1781246872.030841589,1781246872.034462214,0.002618,0.009311,0.115168,0.000008,0.000643,0.000017,0.003621,0.131386,1,1,
339,6.780000,6.780000,1781246872.034462214,1781246872.039167881,1781246872.048572302,1781246872.164181471,1781246872.164188385,1781246872.164535761,1781246872.164548397,1781246872.166577101,0.004706,0.009404,0.115609,0.000007,0.000347,0.000013,0.002029,0.132115,1,1,
340,6.800000,6.800000,1781246872.166577101,1781246872.173506498,1781246872.183082342,1781246872.298914909,1781246872.298921585,1781246872.301005125,1781246872.301023245,1781246872.304152012,0.006929,0.009576,0.115833,0.000007,0.002084,0.000018,0.003129,0.137575,1,1,
341,6.820000,6.820000,1781246872.304152012,1781246872.306066990,1781246872.315753460,1781246872.431068420,1781246872.431075573,1781246872.433130264,1781246872.433143854,1781246872.435208559,0.001915,0.009686,0.115315,0.000007,0.002055,0.000014,0.002065,0.131057,1,1,
342,6.840000,6.840000,1781246872.435208559,1781246872.439566851,1781246872.449089289,1781246872.566196203,1781246872.566205740,1781246872.566653013,1781246872.566672087,1781246872.568852425,0.004358,0.009522,0.117107,0.000010,0.000447,0.000019,0.002180,0.133644,1,1,
343,6.860000,6.860000,1781246872.568852425,1781246872.573056936,1781246872.583899021,1781246872.700721741,1781246872.700729132,1781246872.701534271,1781246872.701551914,1781246872.703923702,0.004205,0.010842,0.116823,0.000007,0.000805,0.000018,0.002372,0.135071,1,1,
344,6.880000,6.880000,1781246872.703923702,1781246872.706391573,1781246872.716945887,1781246872.832393646,1781246872.832401514,1781246872.834630966,1781246872.834648848,1781246872.838289976,0.002468,0.010554,0.115448,0.000008,0.002229,0.000018,0.003641,0.134366,1,1,
345,6.900000,6.900000,1781246872.838289976,1781246872.839848042,1781246872.849585772,1781246872.971199512,1781246872.971207380,1781246872.972332954,1781246872.972352743,1781246872.976115942,0.001558,0.009738,0.121614,0.000008,0.001126,0.000020,0.003763,0.137826,1,1,
346,6.920000,6.920000,1781246872.976115942,1781246872.991199017,1781246873.001467943,1781246873.119724274,1781246873.119732141,1781246873.120275259,1781246873.120292664,1781246873.123986006,0.015083,0.010269,0.118256,0.000008,0.000543,0.000017,0.003693,0.147870,1,1,
347,6.940000,6.940000,1781246873.123986006,1781246873.223647118,1781246873.237046003,1781246873.352260113,1781246873.352267504,1781246873.352750540,1781246873.352769136,1781246873.355915308,0.099661,0.013399,0.115214,0.000007,0.000483,0.000019,0.003146,0.231929,1,1,
348,6.960000,6.960000,1781246873.355915308,1781246873.357687712,1781246873.368253946,1781246873.485315323,1781246873.485322475,1781246873.486429691,1781246873.486448288,1781246873.489289045,0.001772,0.010566,0.117061,0.000007,0.001107,0.000019,0.002841,0.133374,1,1,
349,6.980000,6.980000,1781246873.489289045,1781246873.490167379,1781246873.500035524,1781246873.615292311,1781246873.615300894,1781246873.617245197,1781246873.617264271,1781246873.619567633,0.000878,0.009868,0.115257,0.000009,0.001944,0.000019,0.002303,0.130279,1,1,
350,7.000000,7.000000,1781246873.619567633,1781246873.624082088,1781246873.633871317,1781246873.748728037,1781246873.748736143,1781246873.750319719,1781246873.750337839,1781246873.754012346,0.004514,0.009789,0.114857,0.000008,0.001584,0.000018,0.003675,0.134445,1,1,
351,7.020000,7.020000,1781246873.754012346,1781246873.757204533,1781246873.767257452,1781246873.880781412,1781246873.880789757,1781246873.883188963,1781246873.883209944,1781246873.885698080,0.003192,0.010053,0.113524,0.000008,0.002399,0.000021,0.002488,0.131686,1,1,
352,7.040000,7.040000,1781246873.885698080,1781246873.890738249,1781246873.900496244,1781246874.014987230,1781246874.014994860,1781246874.016477346,1781246874.016495943,1781246874.020432472,0.005040,0.009758,0.114491,0.000008,0.001482,0.000019,0.003937,0.134734,1,1,
353,7.060000,7.060000,1781246874.020432472,1781246874.027300596,1781246874.037051678,1781246874.151418209,1781246874.151426315,1781246874.153724194,1781246874.153742552,1781246874.157370329,0.006868,0.009751,0.114367,0.000008,0.002298,0.000018,0.003628,0.136938,1,1,
354,7.080000,7.080000,1781246874.157370329,1781246874.157993555,1781246874.167835951,1781246874.285632610,1781246874.285639763,1781246874.287541866,1781246874.287560225,1781246874.291203022,0.000623,0.009842,0.117797,0.000007,0.001902,0.000018,0.003643,0.133833,1,1,
355,7.100000,7.100000,1781246874.291203022,1781246874.307665586,1781246874.317715168,1781246874.439055681,1781246874.439062834,1781246874.440098524,1781246874.440117598,1781246874.442599773,0.016463,0.010050,0.121341,0.000007,0.001036,0.000019,0.002482,0.151397,1,1,
356,7.120000,7.120000,1781246874.442599773,1781246874.457858801,1781246874.467966318,1781246874.582870483,1781246874.582877636,1781246874.583973408,1781246874.583991766,1781246874.587529898,0.015259,0.010108,0.114904,0.000007,0.001096,0.000018,0.003538,0.144930,1,1,
357,7.140000,7.140000,1781246874.587529898,1781246874.591148615,1781246874.601195812,1781246874.716088295,1781246874.716096401,1781246874.717468262,1781246874.717487335,1781246874.720739603,0.003619,0.010047,0.114892,0.000008,0.001372,0.000019,0.003252,0.133210,1,1,
358,7.160000,7.160000,1781246874.720739603,1781246874.724619150,1781246874.734701395,1781246874.848506927,1781246874.848515272,1781246874.851154089,1781246874.851172447,1781246874.854819536,0.003880,0.010082,0.113806,0.000008,0.002639,0.000018,0.003647,0.134080,1,1,
359,7.180000,7.180000,1781246874.854819536,1781246874.858367682,1781246874.869327307,1781246874.984135866,1781246874.984143972,1781246874.985512257,1781246874.985523701,1781246874.987482786,0.003548,0.010960,0.114809,0.000008,0.001368,0.000011,0.001959,0.132663,1,1,
360,7.200000,7.200000,1781246874.987482786,1781246874.991489649,1781246875.001445532,1781246875.115773439,1781246875.115781546,1781246875.116312742,1781246875.116325140,1781246875.118287802,0.004007,0.009956,0.114328,0.000008,0.000531,0.000012,0.001963,0.130805,1,1,
361,7.220000,7.220000,1781246875.118287802,1781246875.125089169,1781246875.135053396,1781246875.249237537,1781246875.249245167,1781246875.250849247,1781246875.250868797,1781246875.254531622,0.006801,0.009964,0.114184,0.000008,0.001604,0.000020,0.003663,0.136244,1,1,
362,7.240000,7.240000,1781246875.254531622,1781246875.258571625,1781246875.273603678,1781246875.388921261,1781246875.388929129,1781246875.389560223,1781246875.389578342,1781246875.392096043,0.004040,0.015032,0.115318,0.000008,0.000631,0.000018,0.002518,0.137564,1,1,
363,7.260000,7.260000,1781246875.392096043,1781246875.408783197,1781246875.421995878,1781246875.536194086,1781246875.536201715,1781246875.536537886,1781246875.536548853,1781246875.538509369,0.016687,0.013213,0.114198,0.000008,0.000336,0.000011,0.001961,0.146413,1,1,
364,7.280000,7.280000,1781246875.538509369,1781246875.544729233,1781246875.554771662,1781246875.669640779,1781246875.669647694,1781246875.671488285,1781246875.671507359,1781246875.675330639,0.006220,0.010042,0.114869,0.000007,0.001841,0.000019,0.003823,0.136821,1,1,
365,7.300000,7.300000,1781246875.675330639,1781246875.675585270,1781246875.688185453,1781246875.803915977,1781246875.803923607,1781246875.805933714,1781246875.805952549,1781246875.809695959,0.000255,0.012600,0.115731,0.000008,0.002010,0.000019,0.003743,0.134365,1,1,
366,7.320000,7.320000,1781246875.809695959,1781246875.825738430,1781246875.838998079,1781246875.953871250,1781246875.953879118,1781246875.955058336,1781246875.955077171,1781246875.958034754,0.016042,0.013260,0.114873,0.000008,0.001179,0.000019,0.002958,0.148339,1,1,
367,7.340000,7.340000,1781246875.958034754,1781246875.959248066,1781246875.969468832,1781246876.084272861,1781246876.084280491,1781246876.086155891,1781246876.086174250,1781246876.088590622,0.001213,0.010221,0.114804,0.000008,0.001875,0.000018,0.002416,0.130556,1,1,
368,7.360000,7.360000,1781246876.088590622,1781246876.092577696,1781246876.103857517,1781246876.218525648,1781246876.218533039,1781246876.219360113,1781246876.219377756,1781246876.223017693,0.003987,0.011280,0.114668,0.000007,0.000827,0.000018,0.003640,0.134427,1,1,
369,7.380000,7.380000,1781246876.223017693,1781246876.226054192,1781246876.236291647,1781246876.350852251,1781246876.350859404,1781246876.352333307,1781246876.352351665,1781246876.356135130,0.003036,0.010237,0.114561,0.000007,0.001474,0.000018,0.003783,0.133117,1,1,
370,7.400000,7.400000,1781246876.356135130,1781246876.359409571,1781246876.373870373,1781246876.494022131,1781246876.494029522,1781246876.495727301,1781246876.495745182,1781246876.497977257,0.003274,0.014461,0.120152,0.000007,0.001698,0.000018,0.002232,0.141842,1,1,
371,7.420000,7.420000,1781246876.497977257,1781246876.509533882,1781246876.520022869,1781246876.634787560,1781246876.634794474,1781246876.635324240,1781246876.635342360,1781246876.638944149,0.011557,0.010489,0.114765,0.000007,0.000530,0.000018,0.003602,0.140967,1,1,
372,7.440000,7.440000,1781246876.638944149,1781246876.642906666,1781246876.653388500,1781246876.768885136,1781246876.768893003,1781246876.771324635,1781246876.771345139,1781246876.775258541,0.003963,0.010482,0.115497,0.000008,0.002432,0.000021,0.003913,0.136314,1,1,
373,7.460000,7.460000,1781246876.775258541,1781246876.776603699,1781246876.787869215,1781246876.903436661,1781246876.903444529,1781246876.904241562,1781246876.904253483,1781246876.906252384,0.001345,0.011266,0.115567,0.000008,0.000797,0.000012,0.001999,0.130994,1,1,
374,7.480000,7.480000,1781246876.906252384,1781246876.909709215,1781246876.920067072,1781246877.034316778,1781246877.034325361,1781246877.034848452,1781246877.034871101,1781246877.036879301,0.003457,0.010358,0.114250,0.000009,0.000523,0.000023,0.002008,0.130627,1,1,
375,7.500000,7.500000,1781246877.036879301,1781246877.043250799,1781246877.054584265,1781246877.168013811,1781246877.168021917,1781246877.169745922,1781246877.169763803,1781246877.172535896,0.006371,0.011333,0.113430,0.000008,0.001724,0.000018,0.002772,0.135657,1,1,
376,7.520000,7.520000,1781246877.172535896,1781246877.177068472,1781246877.187428713,1781246877.301361322,1781246877.301368475,1781246877.303028822,1781246877.303047895,1781246877.306661367,0.004533,0.010360,0.113933,0.000007,0.001660,0.000019,0.003613,0.134125,1,1,
377,7.540000,7.540000,1781246877.306661367,1781246877.310296297,1781246877.320643902,1781246877.435054541,1781246877.435061693,1781246877.436757088,1781246877.436781883,1781246877.440415859,0.003635,0.010348,0.114411,0.000007,0.001695,0.000025,0.003634,0.133754,1,1,
378,7.560000,7.560000,1781246877.440415859,1781246877.446256161,1781246877.456805229,1781246877.580354929,1781246877.580362320,1781246877.583030701,1781246877.583050013,1781246877.586710930,0.005840,0.010549,0.123550,0.000007,0.002668,0.000019,0.003661,0.146295,1,1,
379,7.580000,7.580000,1781246877.586710930,1781246877.593834162,1781246877.605457783,1781246877.720365763,1781246877.720373869,1781246877.722122192,1781246877.722133160,1781246877.724280357,0.007123,0.011624,0.114908,0.000008,0.001748,0.000011,0.002147,0.137569,1,1,
380,7.600000,7.600000,1781246877.724280357,1781246877.728362083,1781246877.739145041,1781246877.854190111,1781246877.854197264,1781246877.855629683,1781246877.855649233,1781246877.858414173,0.004082,0.010783,0.115045,0.000007,0.001432,0.000020,0.002765,0.134134,1,1,
381,7.620000,7.620000,1781246877.858414173,1781246877.860584736,1781246877.872424364,1781246877.986708403,1781246877.986715317,1781246877.988502026,1781246877.988514185,1781246877.990532160,0.002171,0.011840,0.114284,0.000007,0.001787,0.000012,0.002018,0.132118,1,1,
382,7.640000,7.640000,1781246877.990532160,1781246877.994224310,1781246878.004892588,1781246878.121487617,1781246878.121495008,1781246878.122046232,1781246878.122065306,1781246878.125660658,0.003692,0.010668,0.116595,0.000007,0.000551,0.000019,0.003595,0.135128,1,1,
383,7.660000,7.660000,1781246878.125660658,1781246878.127368450,1781246878.141172171,1781246878.256130219,1781246878.256138325,1781246878.256778479,1781246878.256790876,1781246878.258839846,0.001708,0.013804,0.114958,0.000008,0.000640,0.000012,0.002049,0.133179,1,1,
384,7.680000,7.680000,1781246878.258839846,1781246878.260794640,1781246878.272218943,1781246878.388989210,1781246878.388997078,1781246878.391401291,1781246878.391420841,1781246878.395037174,0.001955,0.011424,0.116770,0.000008,0.002404,0.000020,0.003616,0.136197,1,1,
385,7.700000,7.700000,1781246878.395037174,1781246878.412367344,1781246878.423348904,1781246878.537443399,1781246878.537450790,1781246878.538391113,1781246878.538408756,1781246878.541300058,0.017330,0.010982,0.114094,0.000007,0.000940,0.000018,0.002891,0.146263,1,1,
386,7.720000,7.720000,1781246878.541300058,1781246878.544429779,1781246878.560010195,1781246878.674511671,1781246878.674519300,1781246878.674916267,1781246878.674938202,1781246878.678707361,0.003130,0.015580,0.114501,0.000008,0.000397,0.000022,0.003769,0.137407,1,1,
387,7.740000,7.740000,1781246878.678707361,1781246878.694818020,1781246878.706451178,1781246878.827077627,1781246878.827085495,1781246878.829239130,1781246878.829259872,1781246878.833197117,0.016111,0.011633,0.120626,0.000008,0.002154,0.000021,0.003937,0.154490,1,1,
388,7.760000,7.760000,1781246878.833197117,1781246878.844935894,1781246878.856255531,1781246878.976236820,1781246878.976243973,1781246878.976746559,1781246878.976764679,1781246878.980416536,0.011739,0.011320,0.119981,0.000007,0.000503,0.000018,0.003652,0.147219,1,1,
389,7.780000,7.780000,1781246878.980416536,1781246878.994917393,1781246879.005721569,1781246879.119181395,1781246879.119189262,1781246879.120929241,1781246879.120949030,1781246879.124564886,0.014501,0.010804,0.113460,0.000008,0.001740,0.000020,0.003616,0.144148,1,1,
390,7.800000,7.800000,1781246879.124564886,1781246879.128284931,1781246879.139115095,1781246879.253465414,1781246879.253472805,1781246879.255338669,1781246879.255356789,1781246879.259082556,0.003720,0.010830,0.114350,0.000007,0.001866,0.000018,0.003726,0.134518,1,1,
391,7.820000,7.820000,1781246879.259082556,1781246879.261701107,1781246879.274373293,1781246879.388900757,1781246879.388908625,1781246879.390646696,1781246879.390665770,1781246879.392827749,0.002619,0.012672,0.114527,0.000008,0.001738,0.000019,0.002162,0.133745,1,1,
392,7.840000,7.840000,1781246879.392827749,1781246879.395226717,1781246879.406415462,1781246879.522389412,1781246879.522397280,1781246879.524509668,1781246879.524527788,1781246879.528153658,0.002399,0.011189,0.115974,0.000008,0.002112,0.000018,0.003626,0.135326,1,1,
393,7.860000,7.860000,1781246879.528153658,1781246879.528649807,1781246879.539610863,1781246879.654745579,1781246879.654752970,1781246879.655698538,1781246879.655717611,1781246879.658301353,0.000496,0.010961,0.115135,0.000007,0.000946,0.000019,0.002584,0.130148,1,1,
394,7.880000,7.880000,1781246879.658301353,1781246879.662314177,1781246879.673893690,1781246879.788671255,1781246879.788677931,1781246879.790109396,1781246879.790128231,1781246879.793784380,0.004013,0.011580,0.114778,0.000007,0.001431,0.000019,0.003656,0.135483,1,1,
395,7.900000,7.900000,1781246879.793784380,1781246879.799065113,1781246879.811980247,1781246879.927303076,1781246879.927310228,1781246879.928829670,1781246879.928848982,1781246879.931650400,0.005281,0.012915,0.115323,0.000007,0.001519,0.000019,0.002801,0.137866,1,1,
396,7.920000,7.920000,1781246879.931650400,1781246879.945622206,1781246879.956613064,1781246880.071874380,1781246880.071882725,1781246880.073797226,1781246880.073808908,1781246880.075856924,0.013972,0.010991,0.115261,0.000008,0.001915,0.000012,0.002048,0.144207,1,1,
397,7.940000,7.940000,1781246880.075856924,1781246880.079198837,1781246880.090426683,1781246880.205158710,1781246880.205166817,1781246880.206663370,1781246880.206682205,1781246880.209747791,0.003342,0.011228,0.114732,0.000008,0.001497,0.000019,0.003066,0.133891,1,1,
398,7.960000,7.960000,1781246880.209747791,1781246880.213719606,1781246880.224732161,1781246880.339571953,1781246880.339579344,1781246880.340607643,1781246880.340619802,1781246880.342641830,0.003972,0.011013,0.114840,0.000007,0.001028,0.000012,0.002022,0.132894,1,1,
399,7.980000,7.980000,1781246880.342641830,1781246880.346209526,1781246880.357364655,1781246880.472100496,1781246880.472108364,1781246880.472546816,1781246880.472559214,1781246880.474500656,0.003568,0.011155,0.114736,0.000008,0.000438,0.000012,0.001941,0.131859,1,1,
400,8.000000,8.000000,1781246880.474500656,1781246880.479381084,1781246880.490469217,1781246880.605109930,1781246880.605118036,1781246880.605743885,1781246880.605756044,1781246880.607919455,0.004880,0.011088,0.114641,0.000008,0.000626,0.000012,0.002163,0.133419,1,1,
401,8.020000,8.020000,1781246880.607919455,1781246880.613037348,1781246880.624555349,1781246880.739233494,1781246880.739240646,1781246880.740375757,1781246880.740393639,1781246880.743991852,0.005118,0.011518,0.114678,0.000007,0.001135,0.000018,0.003598,0.136072,1,1,
402,8.040000,8.040000,1781246880.743991852,1781246880.746325016,1781246880.757559538,1781246880.872203112,1781246880.872210503,1781246880.873117447,1781246880.873128176,1781246880.875121117,0.002333,0.011235,0.114644,0.000007,0.000907,0.000011,0.001993,0.131129,1,1,
403,8.060000,8.060000,1781246880.875121117,1781246880.881112337,1781246880.892484665,1781246881.007199287,1781246881.007206917,1781246881.009184599,1781246881.009205580,1781246881.011752367,0.005991,0.011372,0.114715,0.000008,0.001978,0.000021,0.002547,0.136631,1,1,
404,8.080000,8.080000,1781246881.011752367,1781246881.013301611,1781246881.024605751,1781246881.139711857,1781246881.139719725,1781246881.141185045,1781246881.141203642,1781246881.144027233,0.001549,0.011304,0.115106,0.000008,0.001465,0.000019,0.002824,0.132275,1,1,
405,8.100000,8.100000,1781246881.144027233,1781246881.146544218,1781246881.157840490,1781246881.272589684,1781246881.272597313,1781246881.273518562,1781246881.273530722,1781246881.275511026,0.002517,0.011296,0.114749,0.000008,0.000921,0.000012,0.001980,0.131484,1,1,
406,8.120000,8.120000,1781246881.275511026,1781246881.280193806,1781246881.291460276,1781246881.405591965,1781246881.405599594,1781246881.406164408,1781246881.406182051,1781246881.409977436,0.004683,0.011266,0.114132,0.000008,0.000565,0.000018,0.003795,0.134466,1,1,
407,8.140000,8.140000,1781246881.409977436,1781246881.413488388,1781246881.424773932,1781246881.539131880,1781246881.539139271,1781246881.540380478,1781246881.540392399,1781246881.542326689,0.003511,0.011286,0.114358,0.000007,0.001241,0.000012,0.001934,0.132349,1,1,
408,8.160000,8.160000,1781246881.542326689,1781246881.546909332,1781246881.561317921,1781246881.675974607,1781246881.675982952,1781246881.677874804,1781246881.677892923,1781246881.681511164,0.004583,0.014409,0.114657,0.000008,0.001892,0.000018,0.003618,0.139184,1,1,
409,8.180000,8.180000,1781246881.681511164,1781246881.699489355,1781246881.710593224,1781246881.833834171,1781246881.833841562,1781246881.834232092,1781246881.834250689,1781246881.837198734,0.017978,0.011104,0.123241,0.000007,0.000391,0.000019,0.002948,0.155688,1,1,
410,8.200000,8.200000,1781246881.837198734,1781246881.847296238,1781246881.860551834,1781246881.975116968,1781246881.975124836,1781246881.976090908,1781246881.976109982,1781246881.978537321,0.010098,0.013256,0.114565,0.000008,0.000966,0.000019,0.002427,0.141339,1,1,
411,8.220000,8.220000,1781246881.978537321,1781246881.980780363,1781246881.992135763,1781246882.106520891,1781246882.106528997,1781246882.108997822,1781246882.109018564,1781246882.112854719,0.002243,0.011355,0.114385,0.000008,0.002469,0.000021,0.003836,0.134317,1,1,
412,8.240000,8.240000,1781246882.112854719,1781246882.114463091,1781246882.126218557,1781246882.241873980,1781246882.241881371,1781246882.244003534,1781246882.244021177,1781246882.247606754,0.001608,0.011755,0.115655,0.000007,0.002122,0.000018,0.003586,0.134752,1,1,
413,8.260000,8.260000,1781246882.247606754,1781246882.265454769,1781246882.277025938,1781246882.394654989,1781246882.394662857,1781246882.396856308,1781246882.396874666,1781246882.400608301,0.017848,0.011571,0.117629,0.000008,0.002193,0.000018,0.003734,0.153002,1,1,
414,8.280000,8.280000,1781246882.400608301,1781246882.415669680,1781246882.427175999,1781246882.542418003,1781246882.542424917,1781246882.542900085,1781246882.542918205,1781246882.545418024,0.015061,0.011506,0.115242,0.000007,0.000475,0.000018,0.002500,0.144810,1,1,
415,8.300000,8.300000,1781246882.545418024,1781246882.547973394,1781246882.559654713,1781246882.674301147,1781246882.674308777,1781246882.675749540,1781246882.675767660,1781246882.678590298,0.002555,0.011681,0.114646,0.000008,0.001441,0.000018,0.002823,0.133172,1,1,
416,8.320000,8.320000,1781246882.678590298,1781246882.681191683,1781246882.694438219,1781246882.809799194,1781246882.809807062,1781246882.811344862,1781246882.811363935,1781246882.814991951,0.002601,0.013247,0.115361,0.000008,0.001538,0.000019,0.003628,0.136402,1,1,
417,8.340000,8.340000,1781246882.814991951,1781246882.818186522,1781246882.831344366,1781246882.946145296,1781246882.946152925,1781246882.948607206,1781246882.948625326,1781246882.952252626,0.003195,0.013158,0.114801,0.000008,0.002454,0.000018,0.003627,0.137261,1,1,
418,8.360000,8.360000,1781246882.952252626,1781246882.964830875,1781246882.976444244,1781246883.090379715,1781246883.090387344,1781246883.091983795,1781246883.092002153,1781246883.095616579,0.012578,0.011613,0.113935,0.000008,0.001596,0.000018,0.003614,0.143364,1,1,
419,8.380000,8.380000,1781246883.095616579,1781246883.098361492,1781246883.110078096,1781246883.228072166,1781246883.228079319,1781246883.228423834,1781246883.228444338,1781246883.232089996,0.002745,0.011717,0.117994,0.000007,0.000345,0.000021,0.003646,0.136473,1,1,
420,8.400000,8.400000,1781246883.232089996,1781246883.248438120,1781246883.262457848,1781246883.377120018,1781246883.377127647,1781246883.378912926,1781246883.378925800,1781246883.380917549,0.016348,0.014020,0.114662,0.000008,0.001785,0.000013,0.001992,0.148828,1,1,
421,8.420000,8.420000,1781246883.380917549,1781246883.381702423,1781246883.393427372,1781246883.507833481,1781246883.507841825,1781246883.508223534,1781246883.508242369,1781246883.511879921,0.000785,0.011725,0.114406,0.000008,0.000382,0.000019,0.003638,0.130962,1,1,
422,8.440000,8.440000,1781246883.511879921,1781246883.515186071,1781246883.530148506,1781246883.645895481,1781246883.645903111,1781246883.646246910,1781246883.646264553,1781246883.649856329,0.003306,0.014962,0.115747,0.000008,0.000344,0.000018,0.003592,0.137976,1,1,
423,8.460000,8.460000,1781246883.649856329,1781246883.665405035,1781246883.679033041,1781246883.797699928,1781246883.797708035,1781246883.799676180,1781246883.799695253,1781246883.803294897,0.015549,0.013628,0.118667,0.000008,0.001968,0.000019,0.003600,0.153439,1,1,
424,8.480000,8.480000,1781246883.803294897,1781246883.815619230,1781246883.827502012,1781246883.941634655,1781246883.941642046,1781246883.943294287,1781246883.943313360,1781246883.946948051,0.012324,0.011883,0.114133,0.000007,0.001652,0.000019,0.003635,0.143653,1,1,
425,8.500000,8.500000,1781246883.946948051,1781246883.950248241,1781246883.962034464,1781246884.078457355,1781246884.078465700,1781246884.079082251,1781246884.079100847,1781246884.082745314,0.003300,0.011786,0.116423,0.000008,0.000617,0.000019,0.003644,0.135797,1,1,
426,8.520000,8.520000,1781246884.082745314,1781246884.099040031,1781246884.115862370,1781246884.230700016,1781246884.230707645,1781246884.233295918,1781246884.233315945,1781246884.235367775,0.016295,0.016822,0.114838,0.000008,0.002588,0.000020,0.002052,0.152622,1,1,
427,8.540000,8.540000,1781246884.235367775,1781246884.250443935,1781246884.262624025,1781246884.377571106,1781246884.377578735,1781246884.378217936,1781246884.378236055,1781246884.381840706,0.015076,0.012180,0.114947,0.000008,0.000639,0.000018,0.003605,0.146473,1,1,
428,8.560000,8.560000,1781246884.381840706,1781246884.382528305,1781246884.394456148,1781246884.508485317,1781246884.508492947,1781246884.510290623,1781246884.510308504,1781246884.513146877,0.000688,0.011928,0.114029,0.000008,0.001798,0.000018,0.002838,0.131306,1,1,
429,8.580000,8.580000,1781246884.513146877,1781246884.516282797,1781246884.528254271,1781246884.642140627,1781246884.642148495,1781246884.644494534,1781246884.644513607,1781246884.647827387,0.003136,0.011971,0.113886,0.000008,0.002346,0.000019,0.003314,0.134681,1,1,
430,8.600000,8.600000,1781246884.647827387,1781246884.649613857,1781246884.661526680,1781246884.774872541,1781246884.774880886,1781246884.777022839,1781246884.777040482,1781246884.780475855,0.001786,0.011913,0.113346,0.000008,0.002142,0.000018,0.003435,0.132648,1,1,
431,8.620000,8.620000,1781246884.780475855,1781246884.783056974,1781246884.795052528,1781246884.908555508,1781246884.908563375,1781246884.911052227,1781246884.911070108,1781246884.914719582,0.002581,0.011996,0.113503,0.000008,0.002489,0.000018,0.003649,0.134244,1,1,
432,8.640000,8.640000,1781246884.914719582,1781246884.916481256,1781246884.928583860,1781246885.042573452,1781246885.042581081,1781246885.044042826,1781246885.044063807,1781246885.047087431,0.001762,0.012103,0.113990,0.000008,0.001462,0.000021,0.003024,0.132368,1,1,
433,8.660000,8.660000,1781246885.047087431,1781246885.049824715,1781246885.064657211,1781246885.182143927,1781246885.182151318,1781246885.184377193,1781246885.184388876,1781246885.186493874,0.002737,0.014832,0.117487,0.000007,0.002226,0.000012,0.002105,0.139406,1,1,
434,8.680000,8.680000,1781246885.186493874,1781246885.199933290,1781246885.212005615,1781246885.326946497,1781246885.326954126,1781246885.328784704,1781246885.328803539,1781246885.332480669,0.013439,0.012072,0.114941,0.000008,0.001831,0.000019,0.003677,0.145987,1,1,
435,8.700000,8.700000,1781246885.332480669,1781246885.333278179,1781246885.345524549,1781246885.459807396,1781246885.459815502,1781246885.461338997,1781246885.461349964,1781246885.463313580,0.000798,0.012246,0.114283,0.000008,0.001523,0.000011,0.001964,0.130833,1,1,
436,8.720000,8.720000,1781246885.463313580,1781246885.469464302,1781246885.481400728,1781246885.595120907,1781246885.595128775,1781246885.596845627,1781246885.596857071,1781246885.598841906,0.006151,0.011936,0.113720,0.000008,0.001717,0.000011,0.001985,0.135528,1,1,
437,8.740000,8.740000,1781246885.598841906,1781246885.600206137,1781246885.612309933,1781246885.730195999,1781246885.730203629,1781246885.731084347,1781246885.731103182,1781246885.733614683,0.001364,0.012104,0.117886,0.000008,0.000881,0.000019,0.002512,0.134773,1,1,
438,8.760000,8.760000,1781246885.733614683,1781246885.733578444,1781246885.745765924,1781246885.865021706,1781246885.865030050,1781246885.865751743,1781246885.865774155,1781246885.869469643,-0.000036,0.012187,0.119256,0.000008,0.000722,0.000022,0.003695,0.135855,0,1,cycle_order
439,8.780000,8.780000,1781246885.869469643,1781246885.883899450,1781246885.898003101,1781246886.013699055,1781246886.013706207,1781246886.015958071,1781246886.015977144,1781246886.018577576,0.014430,0.014104,0.115696,0.000007,0.002252,0.000019,0.002600,0.149108,1,1,
440,8.800000,8.800000,1781246886.018577576,1781246886.034083843,1781246886.046473026,1781246886.162587881,1781246886.162595987,1781246886.163544178,1781246886.163563013,1781246886.166303396,0.015506,0.012389,0.116115,0.000008,0.000948,0.000019,0.002740,0.147726,1,1,
441,8.820000,8.820000,1781246886.166303396,1781246886.167346478,1781246886.179701805,1781246886.293498516,1781246886.293506384,1781246886.295833588,1781246886.295853376,1781246886.298667431,0.001043,0.012355,0.113797,0.000008,0.002327,0.000020,0.002814,0.132364,1,1,
442,8.840000,8.840000,1781246886.298667431,1781246886.300884247,1781246886.313898802,1781246886.430950403,1781246886.430958509,1781246886.431926250,1781246886.431943655,1781246886.435580730,0.002217,0.013015,0.117052,0.000008,0.000968,0.000017,0.003637,0.136913,1,1,
443,8.860000,8.860000,1781246886.435580730,1781246886.435515404,1781246886.447883844,1781246886.560935974,1781246886.560943842,1781246886.562397957,1781246886.562416792,1781246886.564694643,-0.000065,0.012368,0.113052,0.000008,0.001454,0.000019,0.002278,0.129114,0,1,cycle_order
444,8.880000,8.880000,1781246886.564694643,1781246886.570077658,1781246886.582632542,1781246886.699335098,1781246886.699344873,1781246886.701271057,1781246886.701291323,1781246886.704571247,0.005383,0.012555,0.116703,0.000010,0.001926,0.000020,0.003280,0.139877,1,1,
445,8.900000,8.900000,1781246886.704571247,1781246886.718318939,1781246886.730697632,1781246886.844799280,1781246886.844806910,1781246886.846364737,1781246886.846386671,1781246886.848626852,0.013748,0.012379,0.114102,0.000008,0.001558,0.000022,0.002240,0.144056,1,1,
446,8.920000,8.920000,1781246886.848626852,1781246886.851250172,1781246886.864293337,1781246886.978297710,1781246886.978305101,1781246886.980032682,1781246886.980052233,1781246886.983827829,0.002623,0.013043,0.114004,0.000007,0.001728,0.000020,0.003776,0.135201,1,1,
447,8.940000,8.940000,1781246886.983827829,1781246886.985301256,1781246886.997661591,1781246887.110939980,1781246887.110948086,1781246887.112977743,1781246887.112996578,1781246887.115424871,0.001473,0.012360,0.113278,0.000008,0.002030,0.000019,0.002428,0.131597,1,1,
448,8.960000,8.960000,1781246887.115424871,1781246887.118411541,1781246887.130843639,1781246887.244787455,1781246887.244795322,1781246887.246443033,1781246887.246461630,1781246887.250108719,0.002987,0.012432,0.113944,0.000008,0.001648,0.000019,0.003647,0.134684,1,1,
449,8.980000,8.980000,1781246887.250108719,1781246887.251703262,1781246887.269915342,1781246887.384263992,1781246887.384271860,1781246887.385213614,1781246887.385226011,1781246887.387230396,0.001595,0.018212,0.114349,0.000008,0.000942,0.000012,0.002004,0.137122,1,1,
450,9.000000,9.000000,1781246887.387230396,1781246887.401868343,1781246887.414628267,1781246887.528758526,1781246887.528765917,1781246887.530203342,1781246887.530224085,1781246887.532570124,0.014638,0.012760,0.114130,0.000007,0.001437,0.000021,0.002346,0.145340,1,1,
451,9.020000,9.020000,1781246887.532570124,1781246887.535228014,1781246887.548243761,1781246887.669797659,1781246887.669805527,1781246887.670928717,1781246887.670949936,1781246887.673115730,0.002658,0.013016,0.121554,0.000008,0.001123,0.000021,0.002166,0.140546,1,1,
452,9.040000,9.040000,1781246887.673115730,1781246887.685343266,1781246887.697852612,1781246887.811511755,1781246887.811520100,1781246887.812234640,1781246887.812253475,1781246887.815897703,0.012228,0.012509,0.113659,0.000008,0.000715,0.000019,0.003644,0.142782,1,1,
453,9.060000,9.060000,1781246887.815897703,1781246887.818849564,1781246887.831678629,1781246887.944495440,1781246887.944503069,1781246887.945337057,1781246887.945354700,1781246887.949000120,0.002952,0.012829,0.112817,0.000008,0.000834,0.000018,0.003645,0.133102,1,1,
454,9.080000,9.080000,1781246887.949000120,1781246887.952262163,1781246887.965881824,1781246888.078241110,1781246888.078249454,1781246888.080476046,1781246888.080495596,1781246888.083082914,0.003262,0.013620,0.112359,0.000008,0.002227,0.000020,0.002587,0.134083,1,1,
455,9.100000,9.100000,1781246888.083082914,1781246888.087403774,1781246888.100388527,1781246888.213436365,1781246888.213443518,1781246888.213927984,1781246888.213947058,1781246888.216913700,0.004321,0.012985,0.113048,0.000007,0.000484,0.000019,0.002967,0.133831,1,1,
456,9.120000,9.120000,1781246888.216913700,1781246888.219112635,1781246888.231687307,1781246888.344541073,1781246888.344549656,1781246888.345861197,1781246888.345879555,1781246888.348432064,0.002199,0.012575,0.112854,0.000009,0.001312,0.000018,0.002553,0.131518,1,1,
457,9.140000,9.140000,1781246888.348432064,1781246888.352664948,1781246888.366007805,1781246888.478961945,1781246888.478969097,1781246888.480895996,1781246888.480917931,1781246888.482990503,0.004233,0.013343,0.112954,0.000007,0.001927,0.000022,0.002073,0.134558,1,1,
458,9.160000,9.160000,1781246888.482990503,1781246888.488560915,1781246888.501214743,1781246888.612908602,1781246888.612916708,1781246888.613300323,1781246888.613320112,1781246888.616280079,0.005570,0.012654,0.111694,0.000008,0.000384,0.000020,0.002960,0.133290,1,1,
459,9.180000,9.180000,1781246888.616280079,1781246888.619383574,1781246888.632565737,1781246888.745758295,1781246888.745765686,1781246888.748065710,1781246888.748084307,1781246888.751553297,0.003103,0.013182,0.113193,0.000007,0.002300,0.000019,0.003469,0.135273,1,1,
460,9.200000,9.200000,1781246888.751553297,1781246888.753085136,1781246888.768308163,1781246888.886312962,1781246888.886320353,1781246888.887308836,1781246888.887326956,1781246888.890948057,0.001532,0.015223,0.118005,0.000007,0.000988,0.000018,0.003621,0.139395,1,1,
461,9.220000,9.220000,1781246888.890948057,1781246888.903241396,1781246888.917604685,1781246889.030336857,1781246889.030344486,1781246889.031065226,1781246889.031084061,1781246889.034789801,0.012293,0.014363,0.112732,0.000008,0.000721,0.000019,0.003706,0.143842,1,1,
462,9.240000,9.240000,1781246889.034789801,1781246889.036684752,1781246889.053466558,1781246889.166312456,1781246889.166319609,1781246889.168440342,1781246889.168458223,1781246889.172279358,0.001895,0.016782,0.112846,0.000007,0.002121,0.000018,0.003821,0.137490,1,1,
463,9.260000,9.260000,1781246889.172279358,1781246889.186541080,1781246889.199383497,1781246889.311470747,1781246889.311478853,1781246889.313472033,1781246889.313490152,1781246889.316321373,0.014262,0.012842,0.112087,0.000008,0.001993,0.000018,0.002831,0.144042,1,1,
464,9.280000,9.280000,1781246889.316321373,1781246889.320014477,1781246889.333126068,1781246889.447043180,1781246889.447050333,1781246889.448573589,1781246889.448593140,1781246889.452289820,0.003693,0.013112,0.113917,0.000007,0.001523,0.000020,0.003697,0.135968,1,1,
465,9.300000,9.300000,1781246889.452289820,1781246889.453485966,1781246889.466368914,1781246889.579163313,1781246889.579171419,1781246889.580017328,1781246889.580034733,1781246889.583650112,0.001196,0.012883,0.112794,0.000008,0.000846,0.000017,0.003615,0.131360,1,1,
466,9.320000,9.320000,1781246889.583650112,1781246889.587050438,1781246889.599970341,1781246889.713079214,1781246889.713087797,1781246889.713975668,1781246889.713994741,1781246889.716605902,0.003400,0.012920,0.113109,0.000009,0.000888,0.000019,0.002611,0.132956,1,1,
467,9.340000,9.340000,1781246889.716605902,1781246889.720265150,1781246889.733286619,1781246889.847043991,1781246889.847051859,1781246889.847920656,1781246889.847938061,1781246889.851544619,0.003659,0.013021,0.113757,0.000008,0.000869,0.000017,0.003607,0.134939,1,1,
468,9.360000,9.360000,1781246889.851544619,1781246889.854021072,1781246889.866977215,1781246889.980847359,1781246889.980854750,1781246889.983218431,1781246889.983237267,1781246889.986875057,0.002476,0.012956,0.113870,0.000007,0.002364,0.000019,0.003638,0.135330,1,1,
469,9.380000,9.380000,1781246889.986875057,1781246889.987515450,1781246890.001143694,1781246890.115538597,1781246890.115545750,1781246890.116483927,1781246890.116503477,1781246890.118698597,0.000640,0.013628,0.114395,0.000007,0.000938,0.000020,0.002195,0.131824,1,1,
470,9.400000,9.400000,1781246890.118698597,1781246890.120559216,1781246890.133752346,1781246890.246657848,1781246890.246665716,1781246890.248454809,1781246890.248472929,1781246890.251765251,0.001861,0.013193,0.112906,0.000008,0.001789,0.000018,0.003292,0.133067,1,1,
471,9.420000,9.420000,1781246890.251765251,1781246890.255368948,1781246890.270545721,1781246890.383748531,1781246890.383756399,1781246890.384161472,1781246890.384179354,1781246890.386893272,0.003604,0.015177,0.113203,0.000008,0.000405,0.000018,0.002714,0.135128,1,1,
472,9.440000,9.440000,1781246890.386893272,1781246890.406899214,1781246890.422446012,1781246890.535192013,1781246890.535200834,1781246890.536499739,1781246890.536510229,1781246890.538585424,0.020006,0.015547,0.112746,0.000009,0.001299,0.000010,0.002075,0.151692,1,1,
473,9.460000,9.460000,1781246890.538585424,1781246890.554353714,1781246890.567701101,1781246890.681069374,1781246890.681077719,1781246890.682351589,1781246890.682369709,1781246890.685748816,0.015768,0.013347,0.113368,0.000008,0.001274,0.000018,0.003379,0.147163,1,1,
474,9.480000,9.480000,1781246890.685748816,1781246890.688025951,1781246890.701305866,1781246890.814106464,1781246890.814114571,1781246890.816333771,1781246890.816351414,1781246890.819982052,0.002277,0.013280,0.112801,0.000008,0.002219,0.000018,0.003631,0.134233,1,1,
475,9.500000,9.500000,1781246890.819982052,1781246890.821299553,1781246890.835720778,1781246890.948761702,1781246890.948771954,1781246890.950824738,1781246890.950843334,1781246890.953469753,0.001318,0.014421,0.113041,0.000010,0.002053,0.000019,0.002626,0.133488,1,1,
476,9.520000,9.520000,1781246890.953469753,1781246890.954657555,1781246890.967862844,1781246891.081724882,1781246891.081732273,1781246891.083707571,1781246891.083725929,1781246891.087312460,0.001188,0.013205,0.113862,0.000007,0.001975,0.000018,0.003587,0.133843,1,1,
477,9.540000,9.540000,1781246891.087312460,1781246891.088300943,1781246891.101511717,1781246891.214740038,1781246891.214747667,1781246891.216125011,1781246891.216144800,1781246891.219050646,0.000988,0.013211,0.113228,0.000008,0.001377,0.000020,0.002906,0.131738,1,1,
478,9.560000,9.560000,1781246891.219050646,1781246891.221521854,1781246891.234598637,1781246891.350848436,1781246891.350857258,1781246891.353093863,1781246891.353115320,1781246891.356095076,0.002471,0.013077,0.116250,0.000009,0.002237,0.000021,0.002980,0.137044,1,1,
479,9.580000,9.580000,1781246891.356095076,1781246891.371981382,1781246891.385546923,1781246891.500036955,1781246891.500044584,1781246891.501578569,1781246891.501597881,1781246891.504354715,0.015886,0.013566,0.114490,0.000008,0.001534,0.000019,0.002757,0.148260,1,1,
480,9.600000,9.600000,1781246891.504354715,1781246891.505118608,1781246891.518340349,1781246891.635401964,1781246891.635409355,1781246891.637350798,1781246891.637369633,1781246891.640684366,0.000764,0.013222,0.117062,0.000007,0.001941,0.000019,0.003315,0.136330,1,1,
481,9.620000,9.620000,1781246891.640684366,1781246891.655277491,1781246891.669028282,1781246891.782786846,1781246891.782794237,1781246891.784681797,1781246891.784700394,1781246891.788275480,0.014593,0.013751,0.113759,0.000007,0.001888,0.000019,0.003575,0.147591,1,1,
482,9.640000,9.640000,1781246891.788275480,1781246891.790073872,1781246891.803537607,1781246891.919489622,1781246891.919496775,1781246891.920653343,1781246891.920671701,1781246891.924358368,0.001798,0.013464,0.115952,0.000007,0.001157,0.000018,0.003687,0.136083,1,1,
483,9.660000,9.660000,1781246891.924358368,1781246891.941806555,1781246891.958311319,1781246892.071811438,1781246892.071818590,1781246892.074287176,1781246892.074299097,1781246892.077326059,0.017448,0.016505,0.113500,0.000007,0.002469,0.000012,0.003027,0.152968,1,1,
484,9.680000,9.680000,1781246892.077326059,1781246892.088989735,1781246892.102371931,1781246892.215702534,1781246892.215709448,1781246892.216128826,1781246892.216147423,1781246892.219811678,0.011664,0.013382,0.113331,0.000007,0.000419,0.000019,0.003664,0.142486,1,1,
485,9.700000,9.700000,1781246892.219811678,1781246892.222350597,1781246892.235981226,1781246892.348409414,1781246892.348417044,1781246892.349479437,1781246892.349498987,1781246892.353278637,0.002539,0.013631,0.112428,0.000008,0.001062,0.000020,0.003780,0.133467,1,1,
486,9.720000,9.720000,1781246892.353278637,1781246892.357078552,1781246892.370656490,1781246892.487553835,1781246892.487560987,1781246892.488572359,1781246892.488591194,1781246892.492250443,0.003800,0.013578,0.116897,0.000007,0.001011,0.000019,0.003659,0.138972,1,1,
487,9.740000,9.740000,1781246892.492250443,1781246892.506171942,1781246892.520118952,1781246892.633183241,1781246892.633190155,1781246892.633608103,1781246892.633626223,1781246892.637311220,0.013921,0.013947,0.113064,0.000007,0.000418,0.000018,0.003685,0.145061,1,1,
488,9.760000,9.760000,1781246892.637311220,1781246892.639530420,1781246892.653872967,1781246892.768214941,1781246892.768223047,1781246892.769837379,1781246892.769863367,1781246892.771980286,0.002219,0.014343,0.114342,0.000008,0.001614,0.000026,0.002117,0.134669,1,1,
489,9.780000,9.780000,1781246892.771980286,1781246892.772964239,1781246892.786566496,1781246892.897963524,1781246892.897971153,1781246892.899404526,1781246892.899425268,1781246892.901733875,0.000984,0.013602,0.111397,0.000008,0.001433,0.000021,0.002309,0.129754,1,1,
490,9.800000,9.800000,1781246892.901733875,1781246892.906330347,1781246892.920562267,1781246893.031639814,1781246893.031647921,1781246893.032194853,1781246893.032205582,1781246893.034198999,0.004596,0.014232,0.111078,0.000008,0.000547,0.000011,0.001993,0.132465,1,1,
491,9.820000,9.819999,1781246893.034198999,1781246893.039695501,1781246893.053427219,1781246893.165599585,1781246893.165607452,1781246893.166017532,1781246893.166035175,1781246893.169003963,0.005497,0.013732,0.112172,0.000008,0.000410,0.000018,0.002969,0.134805,1,1,
492,9.840000,9.839999,1781246893.169003963,1781246893.173541546,1781246893.187641382,1781246893.301258564,1781246893.301266193,1781246893.303606033,1781246893.303625822,1781246893.306344986,0.004538,0.014100,0.113617,0.000008,0.002340,0.000020,0.002719,0.137341,1,1,
493,9.860000,9.859999,1781246893.306344986,1781246893.306583643,1781246893.320375204,1781246893.431856871,1781246893.431864738,1781246893.432348013,1781246893.432364941,1781246893.435993195,0.000239,0.013792,0.111482,0.000008,0.000483,0.000017,0.003628,0.129648,1,1,
494,9.880000,9.879999,1781246893.435993195,1781246893.440249205,1781246893.454820633,1781246893.566613674,1781246893.566621065,1781246893.567428827,1781246893.567448854,1781246893.571194410,0.004256,0.014571,0.111793,0.000007,0.000808,0.000020,0.003746,0.135201,1,1,
495,9.900000,9.899999,1781246893.571194410,1781246893.573458910,1781246893.588013649,1781246893.700339556,1781246893.700347185,1781246893.701297760,1781246893.701316118,1781246893.704207659,0.002264,0.014555,0.112326,0.000008,0.000951,0.000018,0.002892,0.133013,1,1,
496,9.920000,9.919999,1781246893.704207659,1781246893.707018852,1781246893.721521854,1781246893.835342169,1781246893.835350037,1781246893.837270498,1781246893.837288618,1781246893.840082645,0.002811,0.014503,0.113820,0.000008,0.001920,0.000018,0.002794,0.135875,1,1,
497,9.940000,9.939999,1781246893.840082645,1781246893.843328238,1781246893.857080221,1781246893.969293594,1781246893.969301939,1781246893.969704866,1781246893.969724178,1781246893.971944094,0.003246,0.013752,0.112213,0.000008,0.000403,0.000019,0.002220,0.131861,1,1,
498,9.960000,9.959999,1781246893.971944094,1781246893.973886490,1781246893.990168810,1781246894.103167534,1781246894.103175879,1781246894.105491877,1781246894.105510712,1781246894.107775450,0.001942,0.016282,0.112999,0.000008,0.002316,0.000019,0.002265,0.135831,1,1,
499,9.980000,9.979999,1781246894.107775450,1781246894.124150753,1781246894.139072418,1781246894.250733852,1781246894.250742674,1781246894.251724243,1781246894.251742125,1781246894.254486561,0.016375,0.014922,0.111661,0.000009,0.000982,0.000018,0.002744,0.146711,1,1,
500,10.000000,9.999999,1781246894.254486561,1781246894.257474422,1781246894.272704840,1781246894.384445667,1781246894.384453058,1781246894.386756182,1781246894.386780977,1781246894.389877081,0.002988,0.015230,0.111741,0.000007,0.002303,0.000025,0.003096,0.135391,1,1,
501,10.020000,10.019999,1781246894.389877081,1781246894.390807152,1781246894.404674768,1781246894.518904209,1781246894.518912077,1781246894.520221949,1781246894.520233393,1781246894.522208214,0.000930,0.013868,0.114229,0.000008,0.001310,0.000011,0.001975,0.132331,1,1,
502,10.040000,10.039999,1781246894.522208214,1781246894.524278641,1781246894.538184166,1781246894.650359869,1781246894.650367498,1781246894.651544333,1781246894.651558161,1781246894.653602839,0.002070,0.013906,0.112176,0.000008,0.001177,0.000014,0.002045,0.131395,1,1,
503,10.060000,10.059999,1781246894.653602839,1781246894.657803059,1781246894.672463417,1781246894.786364079,1781246894.786371946,1781246894.786994934,1781246894.787013769,1781246894.790402412,0.004200,0.014660,0.113901,0.000008,0.000623,0.000019,0.003389,0.136800,1,1,
504,10.080000,10.079999,1781246894.790402412,1781246894.791328669,1781246894.805395365,1781246894.917568207,1781246894.917576551,1781246894.919200420,1781246894.919212580,1781246894.921483755,0.000926,0.014067,0.112173,0.000008,0.001624,0.000012,0.002271,0.131081,1,1,
505,10.100000,10.099999,1781246894.921483755,1781246894.924615145,1781246894.939366341,1781246895.052331209,1781246895.052338600,1781246895.054052353,1781246895.054070473,1781246895.057764292,0.003131,0.014751,0.112965,0.000007,0.001714,0.000018,0.003694,0.136281,1,1,
506,10.120000,10.119999,1781246895.057764292,1781246895.057951212,1781246895.072533131,1781246895.194674730,1781246895.194681406,1781246895.196886539,1781246895.196907997,1781246895.200062752,0.000187,0.014582,0.122142,0.000007,0.002205,0.000021,0.003155,0.142298,1,1,
507,10.140000,10.139999,1781246895.200062752,1781246895.208215237,1781246895.228024721,1781246895.340604067,1781246895.340611219,1781246895.341488600,1781246895.341499805,1781246895.343730927,0.008152,0.019809,0.112579,0.000007,0.000877,0.000011,0.002231,0.143668,1,1,
508,10.160000,10.159999,1781246895.343730927,1781246895.361061811,1781246895.375223398,1781246895.489075899,1781246895.489083767,1781246895.490754604,1781246895.490790844,1781246895.492815733,0.017331,0.014162,0.113853,0.000008,0.001671,0.000036,0.002025,0.149085,1,1,
509,10.180000,10.179999,1781246895.492815733,1781246895.508426666,1781246895.522686481,1781246895.634817839,1781246895.634825706,1781246895.635421991,1781246895.635439873,1781246895.637825727,0.015611,0.014260,0.112131,0.000008,0.000596,0.000018,0.002386,0.145010,1,1,
510,10.200000,10.199999,1781246895.637825727,1781246895.641830206,1781246895.656499863,1781246895.769329548,1781246895.769338131,1781246895.771515369,1781246895.771534681,1781246895.775250435,0.004004,0.014670,0.112830,0.000009,0.002177,0.000019,0.003716,0.137425,1,1,
511,10.220000,10.219999,1781246895.775250435,1781246895.775755167,1781246895.790277481,1781246895.905337811,1781246895.905345440,1781246895.906427622,1781246895.906438351,1781246895.908460617,0.000505,0.014522,0.115060,0.000008,0.001082,0.000011,0.002022,0.133210,1,1,
512,10.240000,10.239999,1781246895.908460617,1781246895.908540726,1781246895.922973871,1781246896.036315203,1781246896.036323071,1781246896.038424730,1781246896.038443804,1781246896.042067289,0.000080,0.014433,0.113341,0.000008,0.002102,0.000019,0.003623,0.133607,1,1,
513,10.260000,10.259999,1781246896.042067289,1781246896.042093277,1781246896.056565762,1781246896.168978214,1781246896.168987989,1781246896.170523405,1781246896.170537710,1781246896.174228430,0.000026,0.014472,0.112412,0.000010,0.001535,0.000014,0.003691,0.132161,1,1,
514,10.280000,10.279999,1781246896.174228430,1781246896.176865101,1781246896.195362806,1781246896.311343908,1781246896.311351538,1781246896.312265873,1781246896.312285423,1781246896.315717459,0.002637,0.018498,0.115981,0.000008,0.000914,0.000020,0.003432,0.141489,1,1,
515,10.300000,10.299999,1781246896.315717459,1781246896.326101303,1781246896.340443850,1781246896.452904224,1781246896.452912569,1781246896.453920603,1781246896.453938961,1781246896.457531452,0.010384,0.014343,0.112460,0.000008,0.001008,0.000018,0.003592,0.141814,1,1,
516,10.320000,10.319999,1781246896.457531452,1781246896.460475445,1781246896.474804163,1781246896.589410305,1781246896.589418173,1781246896.591466188,1781246896.591485023,1781246896.594942093,0.002944,0.014329,0.114606,0.000008,0.002048,0.000019,0.003457,0.137411,1,1,
517,10.340000,10.339999,1781246896.594942093,1781246896.609388351,1781246896.624298334,1781246896.737982750,1781246896.737990618,1781246896.738315821,1781246896.738334894,1781246896.741964579,0.014446,0.014910,0.113684,0.000008,0.000325,0.000019,0.003630,0.147022,1,1,
518,10.360000,10.359999,1781246896.741964579,1781246896.742744923,1781246896.757132053,1781246896.869199276,1781246896.869207621,1781246896.870767593,1781246896.870791912,1781246896.873380899,0.000780,0.014387,0.112067,0.000008,0.001560,0.000024,0.002589,0.131416,1,1,
519,10.380000,10.379999,1781246896.873380899,1781246896.879892111,1781246896.894305468,1781246897.006821394,1781246897.006829262,1781246897.007993460,1781246897.008011580,1781246897.010916233,0.006511,0.014413,0.112516,0.000008,0.001164,0.000018,0.002905,0.137535,1,1,
520,10.400000,10.399999,1781246897.010916233,1781246897.026635885,1781246897.040856600,1781246897.152415514,1781246897.152422905,1781246897.153290033,1781246897.153308392,1781246897.156936169,0.015720,0.014221,0.111559,0.000007,0.000867,0.000018,0.003628,0.146020,1,1,
521,10.420000,10.419999,1781246897.156936169,1781246897.159740210,1781246897.174200773,1781246897.286089182,1781246897.286098957,1781246897.287293434,1781246897.287312269,1781246897.290967464,0.002804,0.014461,0.111888,0.000010,0.001194,0.000019,0.003655,0.134031,1,1,
522,10.440000,10.439999,1781246897.290967464,1781246897.310403585,1781246897.326597691,1781246897.439106464,1781246897.439115047,1781246897.439945936,1781246897.439958096,1781246897.441972494,0.019436,0.016194,0.112509,0.000009,0.000831,0.000012,0.002014,0.151005,1,1,
523,10.460000,10.459999,1781246897.441972494,1781246897.443421602,1781246897.458028793,1781246897.569724560,1781246897.569732904,1781246897.571013689,1781246897.571026802,1781246897.573062420,0.001449,0.014607,0.111696,0.000008,0.001281,0.000013,0.002036,0.131090,1,1,
524,10.480000,10.479999,1781246897.573062420,1781246897.576731682,1781246897.591288090,1781246897.701664448,1781246897.701673031,1781246897.703506231,1781246897.703524828,1781246897.706311941,0.003669,0.014556,0.110376,0.000009,0.001833,0.000019,0.002787,0.133250,1,1,
525,10.500000,10.499999,1781246897.706311941,1781246897.710346222,1781246897.724980593,1781246897.835594416,1781246897.835602760,1781246897.837906122,1781246897.837924004,1781246897.841548681,0.004034,0.014634,0.110614,0.000008,0.002303,0.000018,0.003625,0.135237,1,1,
526,10.520000,10.519999,1781246897.841548681,1781246897.843760490,1781246897.859088898,1781246897.969981194,1781246897.969990253,1781246897.970927477,1781246897.970941782,1781246897.973086357,0.002212,0.015328,0.110892,0.000009,0.000937,0.000014,0.002145,0.131538,1,1,
527,10.540000,10.539999,1781246897.973086357,1781246897.977341890,1781246897.992042065,1781246898.103003740,1781246898.103011370,1781246898.105461359,1781246898.105479717,1781246898.109251022,0.004256,0.014700,0.110962,0.000008,0.002450,0.000018,0.003771,0.136165,1,1,
528,10.560000,10.559999,1781246898.109251022,1781246898.110610723,1781246898.125409603,1781246898.235986948,1781246898.235995293,1781246898.237571239,1781246898.237590075,1781246898.241224527,0.001360,0.014799,0.110577,0.000008,0.001576,0.000019,0.003634,0.131974,1,1,
529,10.580000,10.579999,1781246898.241224527,1781246898.244113922,1781246898.258932829,1781246898.368755102,1781246898.368763447,1781246898.369461060,1781246898.369480371,1781246898.371677876,0.002889,0.014819,0.109822,0.000008,0.000698,0.000019,0.002198,0.130453,1,1,
530,10.600000,10.599999,1781246898.371677876,1781246898.377309799,1781246898.392164707,1781246898.501996756,1781246898.502005577,1781246898.503102064,1781246898.503121138,1781246898.506777763,0.005632,0.014855,0.109832,0.000009,0.001096,0.000019,0.003657,0.135100,1,1,
531,10.620000,10.619999,1781246898.506777763,1781246898.512124062,1781246898.527329206,1781246898.638683558,1781246898.638691425,1781246898.641215563,1781246898.641233683,1781246898.644835949,0.005346,0.015205,0.111354,0.000008,0.002524,0.000018,0.003602,0.138058,1,1,
532,10.640000,10.639999,1781246898.644835949,1781246898.645543098,1781246898.660332203,1781246898.771261454,1781246898.771268845,1781246898.772557974,1781246898.772577763,1781246898.776230335,0.000707,0.014789,0.110929,0.000007,0.001289,0.000020,0.003653,0.131394,1,1,
533,10.660000,10.659999,1781246898.776230335,1781246898.778043747,1781246898.792810917,1781246898.904416323,1781246898.904424667,1781246898.905120850,1781246898.905138969,1781246898.908198118,0.001813,0.014767,0.111605,0.000008,0.000696,0.000018,0.003059,0.131968,1,1,
534,10.680000,10.679999,1781246898.908198118,1781246898.912435293,1781246898.927677870,1781246899.042742968,1781246899.042750835,1781246899.043366194,1781246899.043386459,1781246899.047113895,0.004237,0.015243,0.115065,0.000008,0.000615,0.000020,0.003727,0.138916,1,1,
535,10.700000,10.699999,1781246899.047113895,1781246899.061353683,1781246899.076140404,1781246899.188039541,1781246899.188046932,1781246899.190397263,1781246899.190408707,1781246899.192368984,0.014240,0.014787,0.111899,0.000007,0.002350,0.000011,0.001960,0.145255,1,1,
536,10.720000,10.719999,1781246899.192368984,1781246899.196039200,1781246899.211401463,1781246899.324075460,1781246899.324083090,1781246899.325238943,1781246899.325257540,1781246899.328943253,0.003670,0.015362,0.112674,0.000008,0.001156,0.000019,0.003686,0.136574,1,1,
537,10.740000,10.739999,1781246899.328943253,1781246899.344972610,1781246899.364720583,1781246899.476589918,1781246899.476597309,1781246899.477463484,1781246899.477474451,1781246899.479531527,0.016029,0.019748,0.111869,0.000007,0.000866,0.000011,0.002057,0.150588,1,1,
538,10.760000,10.759999,1781246899.479531527,1781246899.578778505,1781246899.594309568,1781246899.710484266,1781246899.710492611,1781246899.711421728,1781246899.711440325,1781246899.715165138,0.099247,0.015531,0.116175,0.000008,0.000929,0.000019,0.003725,0.235634,1,1,
539,10.780000,10.779999,1781246899.715165138,1781246899.728597164,1781246899.745977163,1781246899.858509779,1781246899.858517408,1781246899.859311104,1781246899.859322071,1781246899.861381292,0.013432,0.017380,0.112533,0.000008,0.000794,0.000011,0.002059,0.146216,1,1,
540,10.800000,10.799999,1781246899.861381292,1781246899.862174988,1781246899.877304316,1781246899.989430428,1781246899.989439011,1781246899.991225481,1781246899.991245270,1781246899.993718624,0.000794,0.015129,0.112126,0.000009,0.001786,0.000020,0.002473,0.132337,1,1,
541,10.820000,10.819999,1781246899.993718624,1781246899.996653557,1781246900.011730909,1781246900.123310804,1781246900.123318195,1781246900.124490499,1781246900.124510527,1781246900.127304554,0.002935,0.015077,0.111580,0.000007,0.001172,0.000020,0.002794,0.133586,1,1,
542,10.840000,10.839999,1781246900.127304554,1781246900.129214287,1781246900.144277811,1781246900.259221315,1781246900.259228468,1781246900.259903669,1781246900.259922266,1781246900.263578415,0.001910,0.015064,0.114944,0.000007,0.000675,0.000019,0.003656,0.136274,1,1,
543,10.860000,10.859999,1781246900.263578415,1781246900.279046774,1781246900.294093609,1781246900.406011343,1781246900.406018734,1781246900.407004833,1781246900.407022953,1781246900.410619736,0.015468,0.015047,0.111918,0.000007,0.000986,0.000018,0.003597,0.147041,1,1,
544,10.880000,10.879999,1781246900.410619736,1781246900.412593603,1781246900.429918289,1781246900.557173729,1781246900.557181358,1781246900.557892799,1781246900.557905436,1781246900.559904575,0.001974,0.017325,0.127255,0.000008,0.000711,0.000013,0.001999,0.149285,1,1,
545,10.900000,10.899999,1781246900.559904575,1781246900.564021587,1781246900.579069614,1781246900.692412138,1781246900.692419767,1781246900.692913294,1781246900.692933559,1781246900.695914745,0.004117,0.015048,0.113343,0.000008,0.000494,0.000020,0.002981,0.136010,1,1,
546,10.920000,10.919999,1781246900.695914745,1781246900.695990801,1781246900.711971283,1781246900.823602915,1781246900.823610783,1781246900.825179338,1781246900.825197458,1781246900.827828646,0.000076,0.015980,0.111632,0.000008,0.001569,0.000018,0.002631,0.131914,1,1,
547,10.940000,10.939999,1781246900.827828646,1781246900.829490185,1781246900.845331192,1781246900.957315445,1781246900.957323551,1781246900.958266258,1781246900.958284616,1781246900.960652590,0.001662,0.015841,0.111984,0.000008,0.000943,0.000018,0.002368,0.132824,1,1,
548,10.960000,10.959999,1781246900.960652590,1781246900.963075161,1781246900.978277683,1781246901.098042965,1781246901.098051310,1781246901.098831654,1781246901.098850250,1781246901.101449966,0.002423,0.015203,0.119765,0.000008,0.000780,0.000019,0.002600,0.140797,1,1,
549,10.980000,10.979999,1781246901.101449966,1781246901.113051176,1781246901.128578901,1781246901.243870497,1781246901.243877649,1781246901.244241953,1781246901.244259834,1781246901.246881962,0.011601,0.015528,0.115292,0.000007,0.000364,0.000018,0.002622,0.145432,1,1,
550,11.000000,10.999999,1781246901.246881962,1781246901.247643948,1781246901.263244390,1781246901.373073101,1781246901.373081446,1781246901.373652935,1781246901.373671770,1781246901.377358675,0.000762,0.015600,0.109829,0.000008,0.000571,0.000019,0.003687,0.130477,1,1,
551,11.020000,11.019999,1781246901.377358675,1781246901.380353689,1781246901.396366596,1781246901.508547783,1781246901.508555174,1781246901.508981228,1781246901.508998871,1781246901.512548923,0.002995,0.016013,0.112181,0.000007,0.000426,0.000018,0.003550,0.135190,1,1,
552,11.040000,11.039999,1781246901.512548923,1781246901.516126156,1781246901.531463146,1781246901.642095804,1781246901.642104387,1781246901.643029213,1781246901.643048286,1781246901.646760225,0.003577,0.015337,0.110633,0.000009,0.000925,0.000019,0.003712,0.134211,1,1,
553,11.060000,11.059999,1781246901.646760225,1781246901.680510759,1781246901.696013451,1781246901.808215380,1781246901.808223009,1781246901.810528517,1781246901.810540915,1781246901.812574148,0.033751,0.015503,0.112202,0.000008,0.002306,0.000012,0.002033,0.165814,1,1,
554,11.080000,11.079999,1781246901.812574148,1781246901.813573122,1781246901.829082966,1781246901.940403938,1781246901.940411806,1781246901.942475080,1781246901.942494154,1781246901.944790125,0.000999,0.015510,0.111321,0.000008,0.002063,0.000019,0.002296,0.132216,1,1,
555,11.100000,11.099999,1781246901.944790125,1781246901.948262930,1781246901.965847254,1781246902.080085754,1781246902.080094099,1781246902.081340075,1781246902.081359386,1781246902.085094929,0.003473,0.017584,0.114239,0.000008,0.001246,0.000019,0.003736,0.140305,1,1,
556,11.120000,11.119999,1781246902.085094929,1781246902.097286463,1781246902.113052607,1781246902.224738121,1781246902.224746466,1781246902.227013588,1781246902.227033138,1781246902.230000734,0.012192,0.015766,0.111686,0.000008,0.002267,0.000020,0.002968,0.144906,1,1,
557,11.140000,11.139999,1781246902.230000734,1781246902.230484724,1781246902.246352434,1781246902.362650394,1781246902.362658024,1781246902.363768101,1781246902.363807201,1781246902.366884470,0.000484,0.015868,0.116298,0.000008,0.001110,0.000039,0.003077,0.136884,1,1,
558,11.160000,11.159999,1781246902.366884470,1781246902.382142782,1781246902.397810936,1781246902.508235455,1781246902.508242846,1781246902.510174513,1781246902.510186434,1781246902.512314558,0.015258,0.015668,0.110425,0.000007,0.001932,0.000012,0.002128,0.145430,1,1,
559,11.180000,11.179999,1781246902.512314558,1781246902.514091969,1781246902.530078411,1781246902.641672611,1781246902.641680479,1781246902.642248869,1781246902.642269850,1781246902.645904064,0.001777,0.015986,0.111594,0.000008,0.000568,0.000021,0.003634,0.133590,1,1,
560,11.200000,11.199999,1781246902.645904064,1781246902.649332762,1781246902.665140390,1781246902.778592825,1781246902.778600454,1781246902.779330254,1781246902.779342890,1781246902.781528234,0.003429,0.015808,0.113452,0.000008,0.000730,0.000013,0.002185,0.135624,1,1,
561,11.220000,11.219999,1781246902.781528234,1781246902.797691107,1781246902.813533783,1781246902.926340818,1781246902.926348448,1781246902.928656578,1781246902.928673983,1781246902.932293177,0.016163,0.015843,0.112807,0.000008,0.002308,0.000017,0.003619,0.150765,1,1,
562,11.240000,11.239999,1781246902.932293177,1781246902.947893858,1781246902.964272976,1781246903.075708151,1781246903.075716496,1781246903.077088356,1781246903.077101707,1781246903.079223394,0.015601,0.016379,0.111435,0.000008,0.001372,0.000013,0.002122,0.146930,1,1,
563,11.260000,11.259999,1781246903.079223394,1781246903.081289291,1781246903.096972942,1781246903.208737612,1781246903.208745241,1781246903.210523844,1781246903.210542440,1781246903.214217186,0.002066,0.015684,0.111765,0.000008,0.001779,0.000019,0.003675,0.134994,1,1,
564,11.280000,11.279999,1781246903.214217186,1781246903.214762926,1781246903.230917931,1781246903.342967272,1781246903.342975140,1781246903.344406843,1781246903.344425917,1781246903.348111629,0.000546,0.016155,0.112049,0.000008,0.001432,0.000019,0.003686,0.133894,1,1,
565,11.300000,11.299999,1781246903.348111629,1781246903.348333120,1781246903.364050627,1781246903.475389481,1781246903.475396395,1781246903.477616787,1781246903.477635860,1781246903.480403423,0.000221,0.015718,0.111339,0.000007,0.002220,0.000019,0.002768,0.132292,1,1,
566,11.320000,11.319999,1781246903.480403423,1781246903.482975483,1781246903.501429796,1781246903.612358570,1781246903.612366676,1781246903.614141226,1781246903.614159822,1781246903.616674662,0.002572,0.018454,0.110929,0.000008,0.001775,0.000019,0.002515,0.136271,1,1,
567,11.340000,11.339999,1781246903.616674662,1781246903.631954432,1781246903.651779413,1781246903.763224840,1781246903.763232708,1781246903.764204502,1781246903.764222860,1781246903.766656160,0.015280,0.019825,0.111445,0.000008,0.000972,0.000018,0.002433,0.149981,1,1,
568,11.360000,11.359999,1781246903.766656160,1781246903.782081127,1781246903.798337460,1781246903.927381039,1781246903.927388191,1781246903.928700209,1781246903.928718567,1781246903.930968523,0.015425,0.016256,0.129044,0.000007,0.001312,0.000018,0.002250,0.164312,1,1,
569,11.380000,11.379999,1781246903.930968523,1781246903.931815386,1781246903.947718620,1781246904.059148550,1781246904.059156418,1781246904.059813261,1781246904.059826136,1781246904.061926603,0.000847,0.015903,0.111430,0.000008,0.000657,0.000013,0.002100,0.130958,1,1,
570,11.400000,11.399999,1781246904.061926603,1781246904.065387726,1781246904.081677198,1781246904.197410345,1781246904.197418690,1781246904.199615002,1781246904.199632883,1781246904.202501059,0.003461,0.016289,0.115733,0.000008,0.002196,0.000018,0.002868,0.140574,1,1,
571,11.420000,11.419999,1781246904.202501059,1781246904.215611935,1781246904.231692076,1781246904.343379736,1781246904.343387842,1781246904.344216347,1781246904.344234943,1781246904.347854853,0.013111,0.016080,0.111688,0.000008,0.000829,0.000019,0.003620,0.145354,1,1,
572,11.440000,11.439999,1781246904.347854853,1781246904.349282980,1781246904.365226030,1781246904.476631880,1781246904.476640463,1781246904.477168798,1781246904.477188349,1781246904.479637146,0.001428,0.015943,0.111406,0.000009,0.000528,0.000020,0.002449,0.131782,1,1,
573,11.460000,11.459999,1781246904.479637146,1781246904.482360125,1781246904.498732567,1781246904.611767769,1781246904.611778021,1781246904.612571478,1781246904.612589598,1781246904.616208315,0.002723,0.016372,0.113035,0.000010,0.000793,0.000018,0.003619,0.136571,1,1,
574,11.480000,11.479999,1781246904.616208315,1781246904.617029905,1781246904.633114815,1781246904.744796753,1781246904.744804621,1781246904.745941162,1781246904.745959520,1781246904.748474598,0.000822,0.016085,0.111682,0.000008,0.001137,0.000018,0.002515,0.132266,1,1,
575,11.500000,11.499999,1781246904.748474598,1781246904.749329090,1781246904.765526295,1781246904.875217676,1781246904.875226736,1781246904.877711773,1781246904.877730846,1781246904.881388426,0.000854,0.016197,0.109691,0.000009,0.002485,0.000019,0.003658,0.132914,1,1,
576,11.520000,11.519999,1781246904.881388426,1781246904.882773876,1781246904.898710251,1781246905.007976532,1781246905.007984161,1781246905.010321617,1781246905.010340214,1781246905.012750626,0.001385,0.015936,0.109266,0.000008,0.002337,0.000019,0.002410,0.131362,1,1,
577,11.540000,11.539999,1781246905.012750626,1781246905.016197681,1781246905.032487869,1781246905.142607927,1781246905.142615557,1781246905.142962456,1781246905.142980576,1781246905.146600485,0.003447,0.016290,0.110120,0.000008,0.000347,0.000018,0.003620,0.133850,1,1,
578,11.560000,11.559999,1781246905.146600485,1781246905.149553776,1781246905.165598154,1781246905.276232958,1781246905.276240349,1781246905.278841019,1781246905.278878689,1781246905.280852556,0.002953,0.016044,0.110635,0.000007,0.002601,0.000038,0.001974,0.134252,1,1,
579,11.580000,11.579999,1781246905.280852556,1781246905.284384966,1781246905.301031113,1781246905.413202286,1781246905.413209915,1781246905.415733814,1781246905.415752888,1781246905.419484377,0.003532,0.016646,0.112171,0.000008,0.002524,0.000019,0.003731,0.138632,1,1,
580,11.600000,11.599999,1781246905.419484377,1781246905.433493853,1781246905.457823992,1781246905.568261147,1781246905.568269253,1781246905.569666624,1781246905.569683790,1781246905.573368073,0.014009,0.024330,0.110437,0.000008,0.001397,0.000017,0.003684,0.153884,1,1,
581,11.620000,11.619999,1781246905.573368073,1781246905.583520412,1781246905.603081465,1781246905.714646578,1781246905.714653730,1781246905.716686010,1781246905.716708183,1781246905.719966888,0.010152,0.019561,0.111565,0.000007,0.002032,0.000022,0.003259,0.146599,1,1,
582,11.640000,11.639999,1781246905.719966888,1781246905.733518124,1781246905.751314163,1781246905.861458063,1781246905.861465931,1781246905.863782644,1781246905.863800287,1781246905.866371870,0.013551,0.017796,0.110144,0.000008,0.002317,0.000018,0.002572,0.146405,1,1,
583,11.660000,11.659999,1781246905.866371870,1781246905.867029667,1781246905.883203506,1781246905.992989540,1781246905.992997408,1781246905.993708134,1781246905.993722677,1781246905.996093273,0.000658,0.016174,0.109786,0.000008,0.000711,0.000015,0.002371,0.129721,1,1,
584,11.680000,11.679999,1781246905.996093273,1781246906.001590014,1781246906.018117905,1781246906.127449274,1781246906.127457380,1781246906.127966404,1781246906.127980947,1781246906.130839348,0.005497,0.016528,0.109331,0.000008,0.000509,0.000015,0.002858,0.134746,1,1,
585,11.700000,11.699999,1781246906.130839348,1781246906.133768082,1781246906.149923801,1781246906.259454966,1781246906.259462833,1781246906.260409117,1781246906.260426760,1781246906.264047384,0.002929,0.016156,0.109531,0.000008,0.000946,0.000018,0.003621,0.133208,1,1,
586,11.720000,11.719999,1781246906.264047384,1781246906.267250776,1781246906.286744595,1781246906.397200346,1781246906.397207975,1781246906.398352861,1781246906.398374081,1781246906.402127028,0.003203,0.019494,0.110456,0.000008,0.001145,0.000021,0.003753,0.138080,1,1,
587,11.740000,11.739999,1781246906.402127028,1781246906.417441130,1781246906.438479185,1781246906.551781416,1781246906.551789284,1781246906.552845716,1781246906.552864552,1781246906.556083918,0.015314,0.021038,0.113302,0.000008,0.001056,0.000019,0.003219,0.153957,1,1,
588,11.760000,11.759999,1781246906.556083918,1781246906.567548990,1781246906.587133884,1781246906.700480223,1781246906.700487614,1781246906.701530457,1781246906.701549292,1781246906.704291582,0.011465,0.019585,0.113346,0.000007,0.001043,0.000019,0.002742,0.148208,1,1,
589,11.780000,11.779999,1781246906.704291582,1781246906.717555761,1781246906.734131098,1781246906.844551086,1781246906.844559193,1781246906.845599174,1781246906.845617056,1781246906.849203110,0.013264,0.016575,0.110420,0.000008,0.001040,0.000018,0.003586,0.144912,1,1,
590,11.800000,11.799999,1781246906.849203110,1781246906.851644516,1781246906.868351698,1781246906.979523897,1781246906.979531527,1781246906.980961561,1781246906.980986357,1781246906.983199835,0.002441,0.016707,0.111172,0.000008,0.001430,0.000025,0.002213,0.133997,1,1,
591,11.820000,11.819999,1781246906.983199835,1781246906.984633684,1781246907.001703978,1781246907.112690449,1781246907.112698317,1781246907.114853621,1781246907.114875078,1781246907.116940975,0.001434,0.017070,0.110986,0.000008,0.002155,0.000021,0.002066,0.133741,1,1,
592,11.840000,11.839999,1781246907.116940975,1781246907.117814779,1781246907.134366035,1781246907.246114016,1781246907.246122122,1781246907.246701479,1781246907.246721029,1781246907.250494719,0.000874,0.016551,0.111748,0.000008,0.000579,0.000020,0.003774,0.133554,1,1,
593,11.860000,11.859999,1781246907.250494719,1781246907.251365900,1781246907.268858671,1781246907.378742218,1781246907.378749847,1781246907.380337715,1781246907.380357742,1781246907.383987904,0.000871,0.017493,0.109884,0.000008,0.001588,0.000020,0.003630,0.133493,1,1,
594,11.880000,11.879999,1781246907.383987904,1781246907.385066509,1781246907.401901245,1781246907.512056589,1781246907.512063980,1781246907.514183521,1781246907.514201403,1781246907.516687870,0.001079,0.016835,0.110155,0.000007,0.002120,0.000018,0.002486,0.132700,1,1,
595,11.900000,11.899999,1781246907.516687870,1781246907.518285513,1781246907.534959078,1781246907.649307966,1781246907.649318695,1781246907.649780035,1781246907.649800539,1781246907.653906345,0.001598,0.016674,0.114349,0.000011,0.000461,0.000021,0.004106,0.137218,1,1,
596,11.920000,11.919999,1781246907.653906345,1781246907.669848919,1781246907.688165903,1781246907.812385559,1781246907.812392950,1781246907.814966202,1781246907.814985752,1781246907.817876577,0.015943,0.018317,0.124220,0.000007,0.002573,0.000020,0.002891,0.163970,1,1,
597,11.940000,11.939999,1781246907.817876577,1781246907.818462372,1781246907.836579084,1781246907.953710794,1781246907.953719378,1781246907.954688072,1781246907.954708338,1781246907.958355188,0.000586,0.018117,0.117132,0.000009,0.000969,0.000020,0.003647,0.140479,1,1,
598,11.960000,11.959999,1781246907.958355188,1781246907.971157551,1781246907.990716934,1781246908.101102114,1781246908.101109505,1781246908.102858067,1781246908.102876425,1781246908.106494427,0.012802,0.019559,0.110385,0.000007,0.001749,0.000018,0.003618,0.148139,1,1,
599,11.980000,11.979999,1781246908.106494427,1781246908.118759632,1781246908.135474920,1781246908.246061325,1781246908.246068716,1781246908.246356487,1781246908.246367693,,0.012265,0.016715,0.110586,0.000007,0.000288,0.000011,,,1,1,
