macro_frame,sim_time_mjc,sim_time_xpbd,t1_utc,t1w_utc,t2_utc,t3_utc,t_force_utc,t4_utc,t_step_utc,t1_next_utc,dt_t1_t1w,dt_t1w_t2,dt_t2_t3,dt_t3_tforce,dt_tforce_t4,dt_t4_tstep,dt_tstep_t1next,dt_t1_t1next,cycle_order_ok,paired,note
0,0.000000,0.000000,1781247789.813328266,1781247790.575941801,1781247790.576375723,1781247790.654363394,1781247790.654369116,1781247790.655864477,1781247790.655886173,1781247790.659331560,0.762614,0.000434,0.077988,0.000006,0.001495,0.000022,0.003445,0.846003,1,1,
1,0.020000,0.020000,1781247790.659331560,1781247790.675967932,1781247790.676299572,1781247790.774567842,1781247790.774575949,1781247790.776344776,1781247790.776365757,1781247790.779932022,0.016636,0.000332,0.098268,0.000008,0.001769,0.000021,0.003566,0.120600,1,1,
2,0.040000,0.040000,1781247790.779932022,1781247790.792829990,1781247790.793327093,1781247790.908138990,1781247790.908144951,1781247790.908465862,1781247790.908478022,1781247790.910285473,0.012898,0.000497,0.114812,0.000006,0.000321,0.000012,0.001807,0.130353,1,1,
3,0.060000,0.060000,1781247790.910285473,1781247790.927479744,1781247790.927870512,1781247791.041649818,1781247791.041656971,1781247791.042076349,1781247791.042093515,1781247791.045388460,0.017194,0.000391,0.113779,0.000007,0.000419,0.000017,0.003295,0.135103,1,1,
4,0.080000,0.080000,1781247791.045388460,1781247791.126578569,1781247791.126992464,1781247791.243974686,1781247791.243981838,1781247791.245042324,1781247791.245058775,1781247791.248730659,0.081190,0.000414,0.116982,0.000007,0.001060,0.000016,0.003672,0.203342,1,1,
5,0.100000,0.100000,1781247791.248730659,1781247791.259953499,1781247791.260679007,1781247791.383400917,1781247791.383408785,1781247791.385440350,1781247791.385458469,1781247791.388791323,0.011223,0.000726,0.122722,0.000008,0.002032,0.000018,0.003333,0.140061,1,1,
6,0.120000,0.120000,1781247791.388791323,1781247791.393339634,1781247791.393796444,1781247791.509430885,1781247791.509436607,1781247791.511533737,1781247791.511553764,1781247791.513615847,0.004548,0.000457,0.115634,0.000006,0.002097,0.000020,0.002062,0.124825,1,1,
7,0.140000,0.140000,1781247791.513615847,1781247791.526830196,1781247791.527327061,1781247791.642703533,1781247791.642710686,1781247791.644798279,1781247791.644817352,1781247791.648261309,0.013214,0.000497,0.115376,0.000007,0.002088,0.000019,0.003444,0.134645,1,1,
8,0.160000,0.160000,1781247791.648261309,1781247791.660118103,1781247791.660618305,1781247791.775591612,1781247791.775597572,1781247791.776617289,1781247791.776635170,1781247791.780082703,0.011857,0.000500,0.114973,0.000006,0.001020,0.000018,0.003448,0.131821,1,1,
9,0.180000,0.180000,1781247791.780082703,1781247791.793545485,1781247791.794079065,1781247791.908360004,1781247791.908367395,1781247791.908916235,1781247791.908929825,1781247791.911235094,0.013463,0.000534,0.114281,0.000007,0.000549,0.000014,0.002305,0.131152,1,1,
10,0.200000,0.200000,1781247791.911235094,1781247791.927147627,1781247791.927712440,1781247792.042584896,1781247792.042590618,1781247792.043479919,1781247792.043491602,1781247792.045330286,0.015913,0.000565,0.114872,0.000006,0.000889,0.000012,0.001839,0.134095,1,1,
11,0.220000,0.220000,1781247792.045330286,1781247792.060453892,1781247792.061046124,1781247792.178096533,1781247792.178103447,1781247792.180170536,1781247792.180183649,1781247792.182080746,0.015124,0.000592,0.117050,0.000007,0.002067,0.000013,0.001897,0.136750,1,1,
12,0.240000,0.240000,1781247792.182080746,1781247792.193928719,1781247792.194538832,1781247792.316228390,1781247792.316234589,1781247792.317568779,1781247792.317580462,1781247792.319394350,0.011848,0.000610,0.121690,0.000006,0.001334,0.000012,0.001814,0.137314,1,1,
13,0.260000,0.260000,1781247792.319394350,1781247792.327318668,1781247792.327947855,1781247792.442508698,1781247792.442516327,1781247792.442892075,1781247792.442904234,1781247792.444774389,0.007924,0.000629,0.114561,0.000008,0.000376,0.000012,0.001870,0.125380,1,1,
14,0.280000,0.280000,1781247792.444774389,1781247792.460904360,1781247792.461560011,1781247792.576315641,1781247792.576321602,1781247792.577674866,1781247792.577686787,1781247792.579762220,0.016130,0.000656,0.114756,0.000006,0.001353,0.000012,0.002075,0.134988,1,1,
15,0.300000,0.300000,1781247792.579762220,1781247792.594315529,1781247792.595195055,1781247792.708988190,1781247792.708995342,1781247792.709943533,1781247792.709954262,1781247792.711835861,0.014553,0.000880,0.113793,0.000007,0.000948,0.000011,0.001882,0.132074,1,1,
16,0.320000,0.320000,1781247792.711835861,1781247792.727662802,1781247792.728388548,1781247792.843650579,1781247792.843656540,1781247792.845069170,1781247792.845087290,1781247792.847434282,0.015827,0.000726,0.115262,0.000006,0.001413,0.000018,0.002347,0.135598,1,1,
17,0.340000,0.340000,1781247792.847434282,1781247792.861141205,1781247792.861943483,1781247792.977046490,1781247792.977054358,1781247792.977522612,1781247792.977542877,1781247792.981500864,0.013707,0.000802,0.115103,0.000008,0.000468,0.000020,0.003958,0.134067,1,1,
18,0.360000,0.360000,1781247792.981500864,1781247792.994682312,1781247792.995846748,1781247793.111718416,1781247793.111724615,1781247793.112103939,1781247793.112123728,1781247793.114544392,0.013181,0.001164,0.115872,0.000006,0.000379,0.000020,0.002421,0.133044,1,1,
19,0.380000,0.380000,1781247793.114544392,1781247793.128069878,1781247793.129247904,1781247793.243255615,1781247793.243263483,1781247793.245405436,1781247793.245423555,1781247793.248992920,0.013525,0.001178,0.114008,0.000008,0.002142,0.000018,0.003569,0.134449,1,1,
20,0.400000,0.400000,1781247793.248992920,1781247793.261558294,1781247793.262408495,1781247793.380528927,1781247793.380535603,1781247793.382308960,1781247793.382331133,1781247793.384747982,0.012565,0.000850,0.118120,0.000007,0.001773,0.000022,0.002417,0.135755,1,1,
21,0.420000,0.420000,1781247793.384747982,1781247793.394977093,1781247793.396209478,1781247793.532568932,1781247793.532577038,1781247793.534993410,1781247793.535013914,1781247793.537383080,0.010229,0.001232,0.136359,0.000008,0.002416,0.000021,0.002369,0.152635,1,1,
22,0.440000,0.440000,1781247793.537383080,1781247793.544980288,1781247793.546327353,1781247793.661031008,1781247793.661037683,1781247793.663306475,1781247793.663325071,1781247793.665340662,0.007597,0.001347,0.114704,0.000007,0.002269,0.000019,0.002016,0.127958,1,1,
23,0.460000,0.460000,1781247793.665340662,1781247793.678523540,1781247793.679427862,1781247793.793343782,1781247793.793351412,1781247793.794426680,1781247793.794445276,1781247793.797038555,0.013183,0.000904,0.113916,0.000008,0.001075,0.000019,0.002593,0.131698,1,1,
24,0.480000,0.480000,1781247793.797038555,1781247793.812084198,1781247793.813444614,1781247793.930739403,1781247793.930745602,1781247793.933029413,1781247793.933052063,1781247793.935092688,0.015046,0.001360,0.117295,0.000006,0.002284,0.000023,0.002041,0.138054,1,1,
25,0.500000,0.500000,1781247793.935092688,1781247793.945740461,1781247793.946739912,1781247794.061186314,1781247794.061193466,1781247794.063365459,1781247794.063376665,1781247794.065414667,0.010648,0.000999,0.114446,0.000007,0.002172,0.000011,0.002038,0.130322,1,1,
26,0.520000,0.520000,1781247794.065414667,1781247794.078788042,1781247794.079791307,1781247794.193662405,1781247794.193668127,1781247794.194035053,1781247794.194046736,1781247794.195879221,0.013373,0.001003,0.113871,0.000006,0.000367,0.000012,0.001832,0.130465,1,1,
27,0.540000,0.540000,1781247794.195879221,1781247794.212190628,1781247794.213191271,1781247794.328228712,1781247794.328236341,1781247794.330338955,1781247794.330351114,1781247794.332241297,0.016311,0.001001,0.115037,0.000008,0.002103,0.000012,0.001890,0.136362,1,1,
28,0.560000,0.560000,1781247794.332241297,1781247794.345610857,1781247794.346636772,1781247794.460866451,1781247794.460872889,1781247794.461098194,1781247794.461110830,1781247794.463010073,0.013370,0.001026,0.114230,0.000006,0.000225,0.000013,0.001899,0.130769,1,1,
29,0.580000,0.580000,1781247794.463010073,1781247794.479105711,1781247794.480180979,1781247794.593999386,1781247794.594007015,1781247794.596255779,1781247794.596266508,1781247794.598141432,0.016096,0.001075,0.113818,0.000008,0.002249,0.000011,0.001875,0.135131,1,1,
30,0.600000,0.600000,1781247794.598141432,1781247794.612510443,1781247794.613584757,1781247794.727809906,1781247794.727815390,1781247794.729540110,1781247794.729557514,1781247794.731733561,0.014369,0.001074,0.114225,0.000005,0.001725,0.000017,0.002176,0.133592,1,1,
31,0.620000,0.620000,1781247794.731733561,1781247794.746077538,1781247794.747192383,1781247794.860474825,1781247794.860483408,1781247794.861839294,1781247794.861857653,1781247794.865282774,0.014344,0.001115,0.113282,0.000009,0.001356,0.000018,0.003425,0.133549,1,1,
32,0.640000,0.640000,1781247794.865282774,1781247794.879396677,1781247794.880531788,1781247794.994761944,1781247794.994767666,1781247794.995768309,1781247794.995790243,1781247794.998331308,0.014114,0.001135,0.114230,0.000006,0.001001,0.000022,0.002541,0.133049,1,1,
33,0.660000,0.660000,1781247794.998331308,1781247795.012950897,1781247795.014098644,1781247795.129963875,1781247795.129971027,1781247795.131914854,1781247795.131933451,1781247795.135447979,0.014620,0.001148,0.115865,0.000007,0.001944,0.000019,0.003515,0.137117,1,1,
34,0.680000,0.680000,1781247795.135447979,1781247795.146300077,1781247795.147473335,1781247795.261527538,1781247795.261533260,1781247795.261900187,1781247795.261918306,1781247795.265436172,0.010852,0.001173,0.114054,0.000006,0.000367,0.000018,0.003518,0.129988,1,1,
35,0.700000,0.700000,1781247795.265436172,1781247795.279760122,1781247795.281009197,1781247795.394032478,1781247795.394040108,1781247795.396041155,1781247795.396060705,1781247795.399613142,0.014324,0.001249,0.113023,0.000008,0.002001,0.000020,0.003552,0.134177,1,1,
36,0.720000,0.720000,1781247795.399613142,1781247795.413275957,1781247795.415070534,1781247795.530185699,1781247795.530191898,1781247795.531809807,1781247795.531837940,1781247795.533751249,0.013663,0.001795,0.115115,0.000006,0.001618,0.000028,0.001913,0.134138,1,1,
37,0.740000,0.740000,1781247795.533751249,1781247795.546630144,1781247795.547925234,1781247795.661887646,1781247795.661894798,1781247795.663190842,1781247795.663202524,1781247795.665352106,0.012879,0.001295,0.113962,0.000007,0.001296,0.000012,0.002150,0.131601,1,1,
38,0.760000,0.760000,1781247795.665352106,1781247795.680157423,1781247795.681460142,1781247795.795921087,1781247795.795927048,1781247795.796277046,1781247795.796297789,1781247795.799878359,0.014805,0.001303,0.114461,0.000006,0.000350,0.000021,0.003581,0.134526,1,1,
39,0.780000,0.780000,1781247795.799878359,1781247795.813574553,1781247795.814939737,1781247795.928888559,1781247795.928895950,1781247795.931293011,1781247795.931313038,1781247795.934884310,0.013696,0.001365,0.113949,0.000007,0.002397,0.000020,0.003571,0.135006,1,1,
40,0.800000,0.800000,1781247795.934884310,1781247795.948263407,1781247795.950276136,1781247796.067029953,1781247796.067035675,1781247796.069538116,1781247796.069551468,1781247796.071430922,0.013379,0.002013,0.116754,0.000006,0.002502,0.000013,0.001879,0.136547,1,1,
41,0.820000,0.820000,1781247796.071430922,1781247796.080303192,1781247796.081699133,1781247796.195683956,1781247796.195691347,1781247796.197351694,1781247796.197369099,1781247796.200805187,0.008872,0.001396,0.113985,0.000007,0.001660,0.000017,0.003436,0.129374,1,1,
42,0.840000,0.840000,1781247796.200805187,1781247796.214033842,1781247796.215427637,1781247796.329772949,1781247796.329779387,1781247796.331689119,1781247796.331707239,1781247796.335224867,0.013229,0.001394,0.114345,0.000006,0.001910,0.000018,0.003518,0.134420,1,1,
43,0.860000,0.860000,1781247796.335224867,1781247796.347293615,1781247796.348782301,1781247796.462375402,1781247796.462382555,1781247796.462802410,1781247796.462820053,1781247796.465886831,0.012069,0.001489,0.113593,0.000007,0.000420,0.000018,0.003067,0.130662,1,1,
44,0.880000,0.880000,1781247796.465886831,1781247796.480894566,1781247796.482423544,1781247796.596646070,1781247796.596652031,1781247796.597313166,1781247796.597331762,1781247796.599592924,0.015008,0.001529,0.114223,0.000006,0.000661,0.000019,0.002261,0.133706,1,1,
45,0.900000,0.900000,1781247796.599592924,1781247796.614159822,1781247796.615679502,1781247796.729295015,1781247796.729302168,1781247796.729887724,1781247796.729905605,1781247796.733301878,0.014567,0.001520,0.113616,0.000007,0.000586,0.000018,0.003396,0.133709,1,1,
46,0.920000,0.920000,1781247796.733301878,1781247796.747704029,1781247796.749224663,1781247796.862384796,1781247796.862390995,1781247796.863073826,1781247796.863092899,1781247796.865797997,0.014402,0.001521,0.113160,0.000006,0.000683,0.000019,0.002705,0.132496,1,1,
47,0.940000,0.940000,1781247796.865797997,1781247796.881087303,1781247796.882601500,1781247796.995638609,1781247796.995646238,1781247796.997491360,1781247796.997510433,1781247797.001009703,0.015289,0.001514,0.113037,0.000008,0.001845,0.000019,0.003499,0.135212,1,1,
48,0.960000,0.960000,1781247797.001009703,1781247797.014554024,1781247797.016129255,1781247797.131055593,1781247797.131061554,1781247797.132548809,1781247797.132567644,1781247797.134659052,0.013544,0.001575,0.114926,0.000006,0.001487,0.000019,0.002091,0.133649,1,1,
49,0.980000,0.980000,1781247797.134659052,1781247797.148191214,1781247797.150548697,1781247797.267851591,1781247797.267858744,1781247797.268756628,1781247797.268768787,1781247797.270694256,0.013532,0.002357,0.117303,0.000007,0.000898,0.000012,0.001925,0.136035,1,1,
50,1.000000,1.000000,1781247797.270694256,1781247797.281347275,1781247797.282927990,1781247797.396716118,1781247797.396724701,1781247797.397551775,1781247797.397565365,1781247797.399654865,0.010653,0.001581,0.113788,0.000009,0.000827,0.000014,0.002090,0.128961,1,1,
51,1.020000,1.019999,1781247797.399654865,1781247797.415005207,1781247797.416764021,1781247797.531080723,1781247797.531087637,1781247797.532215357,1781247797.532227039,1781247797.534083605,0.015350,0.001759,0.114317,0.000007,0.001128,0.000012,0.001857,0.134429,1,1,
52,1.040000,1.039999,1781247797.534083605,1781247797.548270702,1781247797.549924850,1781247797.665054798,1781247797.665060520,1781247797.666837931,1781247797.666857481,1781247797.668778419,0.014187,0.001654,0.115130,0.000006,0.001777,0.000020,0.001921,0.134695,1,1,
53,1.060000,1.059999,1781247797.668778419,1781247797.681874275,1781247797.683657408,1781247797.798373222,1781247797.798380613,1781247797.799357653,1781247797.799369812,1781247797.801421404,0.013096,0.001783,0.114716,0.000007,0.000977,0.000012,0.002052,0.132643,1,1,
54,1.080000,1.079999,1781247797.801421404,1781247797.815343857,1781247797.817564249,1781247797.931778908,1781247797.931785107,1781247797.933444023,1781247797.933456182,1781247797.935408831,0.013922,0.002220,0.114215,0.000006,0.001659,0.000012,0.001953,0.133987,1,1,
55,1.100000,1.099999,1781247797.935408831,1781247797.948803663,1781247797.950630903,1781247798.078010798,1781247798.078018665,1781247798.080019474,1781247798.080033064,1781247798.081926823,0.013395,0.001827,0.127380,0.000008,0.002001,0.000014,0.001894,0.146518,1,1,
56,1.120000,1.119999,1781247798.081926823,1781247798.082127094,1781247798.083927870,1781247798.197619200,1781247798.197625399,1781247798.199024439,1781247798.199042797,1781247798.202532053,0.000200,0.001801,0.113691,0.000006,0.001399,0.000018,0.003489,0.120605,1,1,
57,1.140000,1.139999,1781247798.202532053,1781247798.215620041,1781247798.217452526,1781247798.331285477,1781247798.331293106,1781247798.333117247,1781247798.333135605,1781247798.336591959,0.013088,0.001832,0.113833,0.000008,0.001824,0.000018,0.003456,0.134060,1,1,
58,1.160000,1.159999,1781247798.336591959,1781247798.349192142,1781247798.351088047,1781247798.464998484,1781247798.465004206,1781247798.465448618,1781247798.465461016,1781247798.467364550,0.012600,0.001896,0.113910,0.000006,0.000444,0.000012,0.001904,0.130773,1,1,
59,1.180000,1.179999,1781247798.467364550,1781247798.482582808,1781247798.484422922,1781247798.597298384,1781247798.597306252,1781247798.598179817,1781247798.598198891,1781247798.601444006,0.015218,0.001840,0.112875,0.000008,0.000874,0.000019,0.003245,0.134079,1,1,
60,1.200000,1.199999,1781247798.601444006,1781247798.615951777,1781247798.617835760,1781247798.732702732,1781247798.732708693,1781247798.733275652,1781247798.733294010,1781247798.736901999,0.014508,0.001884,0.114867,0.000006,0.000567,0.000018,0.003608,0.135458,1,1,
61,1.220000,1.219999,1781247798.736901999,1781247798.749404430,1781247798.752418280,1781247798.890618801,1781247798.890626669,1781247798.892189026,1781247798.892209053,1781247798.895712614,0.012502,0.003014,0.138201,0.000008,0.001562,0.000020,0.003504,0.158811,1,1,
62,1.240000,1.239999,1781247798.895712614,1781247798.899372578,1781247798.901801109,1781247799.016928673,1781247799.016935110,1781247799.018983126,1781247799.018995523,1781247799.021113396,0.003660,0.002429,0.115128,0.000006,0.002048,0.000012,0.002118,0.125401,1,1,
63,1.260000,1.259999,1781247799.021113396,1781247799.032863140,1781247799.034864426,1781247799.152493477,1781247799.152501822,1781247799.153287888,1781247799.153299809,1781247799.155251503,0.011750,0.002001,0.117629,0.000008,0.000786,0.000012,0.001952,0.134138,1,1,
64,1.280000,1.279999,1781247799.155251503,1781247799.166205406,1781247799.168189764,1781247799.282784462,1781247799.282791138,1781247799.284357071,1781247799.284369469,1781247799.286348581,0.010954,0.001984,0.114595,0.000007,0.001566,0.000012,0.001979,0.131097,1,1,
65,1.300000,1.299999,1781247799.286348581,1781247799.299666643,1781247799.301681995,1781247799.415027857,1781247799.415035963,1781247799.415520668,1781247799.415532827,1781247799.417429686,0.013318,0.002015,0.113346,0.000008,0.000485,0.000012,0.001897,0.131081,1,1,
66,1.320000,1.319999,1781247799.417429686,1781247799.433213711,1781247799.435529709,1781247799.551426411,1781247799.551432848,1781247799.552088737,1781247799.552103519,1781247799.554029226,0.015784,0.002316,0.115897,0.000006,0.000656,0.000015,0.001926,0.136600,1,1,
67,1.340000,1.339999,1781247799.554029226,1781247799.566560030,1781247799.568636656,1781247799.682732105,1781247799.682739496,1781247799.684926510,1781247799.684947729,1781247799.688584566,0.012531,0.002077,0.114095,0.000007,0.002187,0.000021,0.003637,0.134555,1,1,
68,1.360000,1.359999,1781247799.688584566,1781247799.700105667,1781247799.702194691,1781247799.817225933,1781247799.817231894,1781247799.818693638,1781247799.818712473,1781247799.822207928,0.011521,0.002089,0.115031,0.000006,0.001462,0.000019,0.003495,0.133623,1,1,
69,1.380000,1.379999,1781247799.822207928,1781247799.833523273,1781247799.835679054,1781247799.950230598,1781247799.950238705,1781247799.951008558,1781247799.951020956,1781247799.953019142,0.011315,0.002156,0.114552,0.000008,0.000770,0.000012,0.001998,0.130811,1,1,
70,1.400000,1.399999,1781247799.953019142,1781247799.966922998,1781247799.969096184,1781247800.083998680,1781247800.084004641,1781247800.084765911,1781247800.084791660,1781247800.088472605,0.013904,0.002173,0.114902,0.000006,0.000761,0.000026,0.003681,0.135453,1,1,
71,1.420000,1.419999,1781247800.088472605,1781247800.100352049,1781247800.102508783,1781247800.215896130,1781247800.215903521,1781247800.217985630,1781247800.217997789,1781247800.219864845,0.011879,0.002157,0.113387,0.000007,0.002082,0.000012,0.001867,0.131392,1,1,
72,1.440000,1.439999,1781247800.219864845,1781247800.233756781,1781247800.235985518,1781247800.349328279,1781247800.349334478,1781247800.350330114,1781247800.350342035,1781247800.352177382,0.013892,0.002229,0.113343,0.000006,0.000996,0.000012,0.001835,0.132313,1,1,
73,1.460000,1.459999,1781247800.352177382,1781247800.367229462,1781247800.369425774,1781247800.482952595,1781247800.482960224,1781247800.483315229,1781247800.483332872,1781247800.485991478,0.015052,0.002196,0.113527,0.000008,0.000355,0.000018,0.002659,0.133814,1,1,
74,1.480000,1.479999,1781247800.485991478,1781247800.500874758,1781247800.503266096,1781247800.618244171,1781247800.618250132,1781247800.619964361,1781247800.619976044,1781247800.621940136,0.014883,0.002391,0.114978,0.000006,0.001714,0.000012,0.001964,0.135949,1,1,
75,1.500000,1.499999,1781247800.621940136,1781247800.634376049,1781247800.636636972,1781247800.750714302,1781247800.750721693,1781247800.751094103,1781247800.751112461,1781247800.754613876,0.012436,0.002261,0.114077,0.000007,0.000372,0.000018,0.003501,0.132674,1,1,
76,1.520000,1.519999,1781247800.754613876,1781247800.767641306,1781247800.769952297,1781247800.884022951,1781247800.884028912,1781247800.884809494,1781247800.884821415,1781247800.886821270,0.013027,0.002311,0.114071,0.000006,0.000781,0.000012,0.002000,0.132207,1,1,
77,1.540000,1.539999,1781247800.886821270,1781247800.901077032,1781247800.903445482,1781247801.017045736,1781247801.017053843,1781247801.018801928,1781247801.018820763,1781247801.021787405,0.014256,0.002368,0.113600,0.000008,0.001748,0.000019,0.002967,0.134966,1,1,
78,1.560000,1.559999,1781247801.021787405,1781247801.034424067,1781247801.036796331,1781247801.151058197,1781247801.151064157,1781247801.151671648,1781247801.151690245,1781247801.154797316,0.012637,0.002372,0.114262,0.000006,0.000607,0.000019,0.003107,0.133010,1,1,
79,1.580000,1.579999,1781247801.154797316,1781247801.167963743,1781247801.170352459,1781247801.283284903,1781247801.283292055,1781247801.285500765,1781247801.285512686,1781247801.287518978,0.013166,0.002389,0.112932,0.000007,0.002209,0.000012,0.002006,0.132722,1,1,
80,1.600000,1.599999,1781247801.287518978,1781247801.301470995,1781247801.303979635,1781247801.418338537,1781247801.418345451,1781247801.420222044,1781247801.420243025,1781247801.423225641,0.013952,0.002509,0.114359,0.000007,0.001877,0.000021,0.002983,0.135707,1,1,
81,1.620000,1.619999,1781247801.423225641,1781247801.434828520,1781247801.437276125,1781247801.551953554,1781247801.551961184,1781247801.554066181,1781247801.554084063,1781247801.557467461,0.011603,0.002448,0.114677,0.000008,0.002105,0.000018,0.003383,0.134242,1,1,
82,1.640000,1.639999,1781247801.557467461,1781247801.568214178,1781247801.570663452,1781247801.684339285,1781247801.684345484,1781247801.686161041,1781247801.686180592,1781247801.689777374,0.010747,0.002449,0.113676,0.000006,0.001816,0.000020,0.003597,0.132310,1,1,
83,1.660000,1.659999,1781247801.689777374,1781247801.701872587,1781247801.704406261,1781247801.818156242,1781247801.818164110,1781247801.820569754,1781247801.820581675,1781247801.822465420,0.012095,0.002534,0.113750,0.000008,0.002406,0.000012,0.001884,0.132688,1,1,
84,1.680000,1.679999,1781247801.822465420,1781247801.835319757,1781247801.837979078,1781247801.952589273,1781247801.952595234,1781247801.952859879,1781247801.952872038,1781247801.954735041,0.012854,0.002659,0.114610,0.000006,0.000265,0.000012,0.001863,0.132270,1,1,
85,1.700000,1.699999,1781247801.954735041,1781247801.968509197,1781247801.971016169,1781247802.084444523,1781247802.084452152,1781247802.086165667,1781247802.086178541,1781247802.088192701,0.013774,0.002507,0.113428,0.000008,0.001714,0.000013,0.002014,0.133458,1,1,
86,1.720000,1.719999,1781247802.088192701,1781247802.102022886,1781247802.104588985,1781247802.218910933,1781247802.218917370,1781247802.221174479,1781247802.221187353,1781247802.223171949,0.013830,0.002566,0.114322,0.000006,0.002257,0.000013,0.001985,0.134979,1,1,
87,1.740000,1.739999,1781247802.223171949,1781247802.235685349,1781247802.238447428,1781247802.352297306,1781247802.352304459,1781247802.354650259,1781247802.354663610,1781247802.356646299,0.012513,0.002762,0.113850,0.000007,0.002346,0.000013,0.001983,0.133474,1,1,
88,1.760000,1.759999,1781247802.356646299,1781247802.368843079,1781247802.371429205,1781247802.485442400,1781247802.485450983,1781247802.487159252,1781247802.487178087,1781247802.490689993,0.012197,0.002586,0.114013,0.000009,0.001708,0.000019,0.003512,0.134044,1,1,
89,1.780000,1.779999,1781247802.490689993,1781247802.502596140,1781247802.505246639,1781247802.618764400,1781247802.618773937,1781247802.621306181,1781247802.621318817,1781247802.623227358,0.011906,0.002650,0.113518,0.000010,0.002532,0.000013,0.001909,0.132537,1,1,
90,1.800000,1.799999,1781247802.623227358,1781247802.635792017,1781247802.638450146,1781247802.752645016,1781247802.752652645,1781247802.753494978,1781247802.753513098,1781247802.756071568,0.012565,0.002658,0.114195,0.000008,0.000842,0.000018,0.002558,0.132844,1,1,
91,1.820000,1.819999,1781247802.756071568,1781247802.769536734,1781247802.772238016,1781247802.886545897,1781247802.886553764,1781247802.889173269,1781247802.889194012,1781247802.892029285,0.013465,0.002701,0.114308,0.000008,0.002620,0.000021,0.002835,0.135958,1,1,
92,1.840000,1.839999,1781247802.892029285,1781247802.902702808,1781247802.906765223,1781247803.021534920,1781247803.021542072,1781247803.023287535,1781247803.023306131,1781247803.025593996,0.010674,0.004062,0.114770,0.000007,0.001745,0.000019,0.002288,0.133565,1,1,
93,1.860000,1.859999,1781247803.025593996,1781247803.036100864,1781247803.038936615,1781247803.153123856,1781247803.153131723,1781247803.154746294,1781247803.154766083,1781247803.157217026,0.010507,0.002836,0.114187,0.000008,0.001615,0.000020,0.002451,0.131623,1,1,
94,1.880000,1.879999,1781247803.157217026,1781247803.169589043,1781247803.173702717,1781247803.297100782,1781247803.297106504,1781247803.299454927,1781247803.299472809,1781247803.301628113,0.012372,0.004114,0.123398,0.000006,0.002348,0.000018,0.002155,0.144411,1,1,
95,1.900000,1.899999,1781247803.301628113,1781247803.303161860,1781247803.306011200,1781247803.420262814,1781247803.420269966,1781247803.420996189,1781247803.421015024,1781247803.423954964,0.001534,0.002849,0.114252,0.000007,0.000726,0.000019,0.002940,0.122327,1,1,
96,1.920000,1.919999,1781247803.423954964,1781247803.436473608,1781247803.439310789,1781247803.554298878,1781247803.554305553,1781247803.555896521,1781247803.555913687,1781247803.559381247,0.012519,0.002837,0.114988,0.000007,0.001591,0.000017,0.003468,0.135426,1,1,
97,1.940000,1.939999,1781247803.559381247,1781247803.569878340,1781247803.572766066,1781247803.686487198,1781247803.686495066,1781247803.686858892,1781247803.686877012,1781247803.690315962,0.010497,0.002888,0.113721,0.000008,0.000364,0.000018,0.003439,0.130935,1,1,
98,1.960000,1.959999,1781247803.690315962,1781247803.703361988,1781247803.706238270,1781247803.820344925,1781247803.820351124,1781247803.822570324,1781247803.822581530,1781247803.824531555,0.013046,0.002876,0.114107,0.000006,0.002219,0.000011,0.001950,0.134216,1,1,
99,1.980000,1.979999,1781247803.824531555,1781247803.836721420,1781247803.839610815,1781247803.958538294,1781247803.958547115,1781247803.960857391,1781247803.960875511,1781247803.964278698,0.012190,0.002889,0.118927,0.000009,0.002310,0.000018,0.003403,0.139747,1,1,
100,2.000000,1.999999,1781247803.964278698,1781247803.970155001,1781247803.973364115,1781247804.087520838,1781247804.087526083,1781247804.089368820,1781247804.089387417,1781247804.093034983,0.005876,0.003209,0.114157,0.000005,0.001843,0.000019,0.003648,0.128756,1,1,
101,2.020000,2.019999,1781247804.093034983,1781247804.103823662,1781247804.106807232,1781247804.222323418,1781247804.222331285,1781247804.224379539,1781247804.224391937,1781247804.226267576,0.010789,0.002984,0.115516,0.000008,0.002048,0.000012,0.001876,0.133233,1,1,
102,2.040000,2.039999,1781247804.226267576,1781247804.237067699,1781247804.240056038,1781247804.355443239,1781247804.355449200,1781247804.357009649,1781247804.357023001,1781247804.358985186,0.010800,0.002988,0.115387,0.000006,0.001560,0.000013,0.001962,0.132718,1,1,
103,2.060000,2.059999,1781247804.358985186,1781247804.370502710,1781247804.373545647,1781247804.487706661,1781247804.487714529,1781247804.489481211,1781247804.489499092,1781247804.491641283,0.011518,0.003043,0.114161,0.000008,0.001767,0.000018,0.002142,0.132656,1,1,
104,2.080000,2.079999,1781247804.491641283,1781247804.503982544,1781247804.507017612,1781247804.621233940,1781247804.621239185,1781247804.622614622,1781247804.622632980,1781247804.626213312,0.012341,0.003035,0.114216,0.000005,0.001375,0.000018,0.003580,0.134572,1,1,
105,2.100000,2.099999,1781247804.626213312,1781247804.637480259,1781247804.640500069,1781247804.754864216,1781247804.754872084,1781247804.755683661,1781247804.755702496,1781247804.757918119,0.011267,0.003020,0.114364,0.000008,0.000812,0.000019,0.002216,0.131705,1,1,
106,2.120000,2.119999,1781247804.757918119,1781247804.770866871,1781247804.773951292,1781247804.889235973,1781247804.889241695,1781247804.889797688,1781247804.889811039,1781247804.891673565,0.012949,0.003084,0.115285,0.000006,0.000556,0.000013,0.001863,0.133755,1,1,
107,2.140000,2.139999,1781247804.891673565,1781247804.904298544,1781247804.907417059,1781247805.022402525,1781247805.022409916,1781247805.023959637,1781247805.023971558,1781247805.025955677,0.012625,0.003119,0.114985,0.000007,0.001550,0.000012,0.001984,0.134282,1,1,
108,2.160000,2.159999,1781247805.025955677,1781247805.037778616,1781247805.040877104,1781247805.155308723,1781247805.155315161,1781247805.156839848,1781247805.156859398,1781247805.158723354,0.011823,0.003098,0.114432,0.000006,0.001525,0.000020,0.001864,0.132768,1,1,
109,2.180000,2.179999,1781247805.158723354,1781247805.171201468,1781247805.174399137,1781247805.288320541,1781247805.288328648,1781247805.290451288,1781247805.290470600,1781247805.293993950,0.012478,0.003198,0.113921,0.000008,0.002123,0.000019,0.003523,0.135271,1,1,
110,2.200000,2.199999,1781247805.293993950,1781247805.304681063,1781247805.309568167,1781247805.424280643,1781247805.424286127,1781247805.425900221,1781247805.425920725,1781247805.429446936,0.010687,0.004887,0.114712,0.000005,0.001614,0.000021,0.003526,0.135453,1,1,
111,2.220000,2.219999,1781247805.429446936,1781247805.438000441,1781247805.441209793,1781247805.556103230,1781247805.556110859,1781247805.558142185,1781247805.558160782,1781247805.561469555,0.008554,0.003209,0.114893,0.000008,0.002031,0.000019,0.003309,0.132023,1,1,
112,2.240000,2.239999,1781247805.561469555,1781247805.571645260,1781247805.574975252,1781247805.690122128,1781247805.690128088,1781247805.690928459,1781247805.690945625,1781247805.694488287,0.010176,0.003330,0.115147,0.000006,0.000800,0.000017,0.003543,0.133019,1,1,
113,2.260000,2.259999,1781247805.694488287,1781247805.705165625,1781247805.708402634,1781247805.824117422,1781247805.824124813,1781247805.825448036,1781247805.825466633,1781247805.828924894,0.010677,0.003237,0.115715,0.000007,0.001323,0.000019,0.003458,0.134437,1,1,
114,2.280000,2.279999,1781247805.828924894,1781247805.838319302,1781247805.841609240,1781247805.958387613,1781247805.958394051,1781247805.958992720,1781247805.959004641,1781247805.961651802,0.009394,0.003290,0.116778,0.000006,0.000599,0.000012,0.002647,0.132727,1,1,
115,2.300000,2.299999,1781247805.961651802,1781247805.971804857,1781247805.975137472,1781247806.091073751,1781247806.091082096,1781247806.093101263,1781247806.093122244,1781247806.096601009,0.010153,0.003333,0.115936,0.000008,0.002019,0.000021,0.003479,0.134949,1,1,
116,2.320000,2.319999,1781247806.096601009,1781247806.105347633,1781247806.108713150,1781247806.227678776,1781247806.227684498,1781247806.230103254,1781247806.230122089,1781247806.233147144,0.008747,0.003366,0.118966,0.000006,0.002419,0.000019,0.003025,0.136546,1,1,
117,2.340000,2.339999,1781247806.233147144,1781247806.238813400,1781247806.242161751,1781247806.355347395,1781247806.355355740,1781247806.355695009,1781247806.355714083,1781247806.359291792,0.005666,0.003348,0.113186,0.000008,0.000339,0.000019,0.003578,0.126145,1,1,
118,2.360000,2.359999,1781247806.359291792,1781247806.372355700,1781247806.375711918,1781247806.489347219,1781247806.489353657,1781247806.489864588,1781247806.489882946,1781247806.491848469,0.013064,0.003356,0.113635,0.000006,0.000511,0.000018,0.001966,0.132557,1,1,
119,2.380000,2.379999,1781247806.491848469,1781247806.505628347,1781247806.509021044,1781247806.622213125,1781247806.622220278,1781247806.622831821,1781247806.622854233,1781247806.624754667,0.013780,0.003393,0.113192,0.000007,0.000612,0.000022,0.001900,0.132906,1,1,
120,2.400000,2.399999,1781247806.624754667,1781247806.639292717,1781247806.644478559,1781247806.759708405,1781247806.759715080,1781247806.762300968,1781247806.762320995,1781247806.764491558,0.014538,0.005186,0.115230,0.000007,0.002586,0.000020,0.002171,0.139737,1,1,
121,2.420000,2.419999,1781247806.764491558,1781247806.772601604,1781247806.776085138,1781247806.889747858,1781247806.889755726,1781247806.890779018,1781247806.890797377,1781247806.893267632,0.008110,0.003484,0.113663,0.000008,0.001023,0.000018,0.002470,0.128776,1,1,
122,2.440000,2.439999,1781247806.893267632,1781247806.906186581,1781247806.909651279,1781247807.023736715,1781247807.023744822,1781247807.024392128,1781247807.024410725,1781247807.027956724,0.012919,0.003465,0.114085,0.000008,0.000647,0.000019,0.003546,0.134689,1,1,
123,2.460000,2.459999,1781247807.027956724,1781247807.039364338,1781247807.042915583,1781247807.157904863,1781247807.157912970,1781247807.159943581,1781247807.159959793,1781247807.162956476,0.011408,0.003551,0.114989,0.000008,0.002031,0.000016,0.002997,0.135000,1,1,
124,2.480000,2.479999,1781247807.162956476,1781247807.172986507,1781247807.176705837,1781247807.293431759,1781247807.293439388,1781247807.295033455,1781247807.295045614,1781247807.296965361,0.010030,0.003719,0.116726,0.000008,0.001594,0.000012,0.001920,0.134009,1,1,
125,2.500000,2.499999,1781247807.296965361,1781247807.306236506,1781247807.311603785,1781247807.426919460,1781247807.426927090,1781247807.428077459,1781247807.428095579,1781247807.431498528,0.009271,0.005367,0.115316,0.000008,0.001150,0.000018,0.003403,0.134533,1,1,
126,2.520000,2.519999,1781247807.431498528,1781247807.439619303,1781247807.443305492,1781247807.559047699,1781247807.559053659,1781247807.559557676,1781247807.559578419,1781247807.563204050,0.008121,0.003686,0.115742,0.000006,0.000504,0.000021,0.003626,0.131706,1,1,
127,2.540000,2.539999,1781247807.563204050,1781247807.573114157,1781247807.578624010,1781247807.693740606,1781247807.693748236,1781247807.696002722,1781247807.696013212,1781247807.697880030,0.009910,0.005510,0.115117,0.000008,0.002254,0.000010,0.001867,0.134676,1,1,
128,2.560000,2.559999,1781247807.697880030,1781247807.706510782,1781247807.710256577,1781247807.825070620,1781247807.825077295,1781247807.826061249,1781247807.826080084,1781247807.829543352,0.008631,0.003746,0.114814,0.000007,0.000984,0.000019,0.003463,0.131663,1,1,
129,2.580000,2.579999,1781247807.829543352,1781247807.840048075,1781247807.843782663,1781247807.961975813,1781247807.961983919,1781247807.963000298,1781247807.963020802,1781247807.965232134,0.010505,0.003735,0.118193,0.000008,0.001016,0.000021,0.002211,0.135689,1,1,
130,2.600000,2.599999,1781247807.965232134,1781247807.973679304,1781247807.978945971,1781247808.093976259,1781247808.093982458,1781247808.094535112,1781247808.094554663,1781247808.098041296,0.008447,0.005267,0.115030,0.000006,0.000553,0.000020,0.003487,0.132809,1,1,
131,2.620000,2.619999,1781247808.098041296,1781247808.107126236,1781247808.110892773,1781247808.227308989,1781247808.227316141,1781247808.229742765,1781247808.229760170,1781247808.233187437,0.009085,0.003767,0.116416,0.000007,0.002427,0.000017,0.003427,0.135146,1,1,
132,2.640000,2.639999,1781247808.233187437,1781247808.240364552,1781247808.244086266,1781247808.358957291,1781247808.358963490,1781247808.359533310,1781247808.359544277,1781247808.361507416,0.007177,0.003722,0.114871,0.000006,0.000570,0.000011,0.001963,0.128320,1,1,
133,2.660000,2.659999,1781247808.361507416,1781247808.373852253,1781247808.377686977,1781247808.492421150,1781247808.492428780,1781247808.494618654,1781247808.494636297,1781247808.496796608,0.012345,0.003835,0.114734,0.000008,0.002190,0.000018,0.002160,0.135289,1,1,
134,2.680000,2.679999,1781247808.496796608,1781247808.507228374,1781247808.511099100,1781247808.626552582,1781247808.626558781,1781247808.627595186,1781247808.627618074,1781247808.629909515,0.010432,0.003871,0.115453,0.000006,0.001036,0.000023,0.002291,0.133113,1,1,
135,2.700000,2.699999,1781247808.629909515,1781247808.640725613,1781247808.646727562,1781247808.766192436,1781247808.766199350,1781247808.767262936,1781247808.767281771,1781247808.770042419,0.010816,0.006002,0.119465,0.000007,0.001064,0.000019,0.002761,0.140133,1,1,
136,2.720000,2.719999,1781247808.770042419,1781247808.774195910,1781247808.780008793,1781247808.896813869,1781247808.896819830,1781247808.897768736,1781247808.897793293,1781247808.901234388,0.004153,0.005813,0.116805,0.000006,0.000949,0.000025,0.003441,0.131192,1,1,
137,2.740000,2.739999,1781247808.901234388,1781247808.907603502,1781247808.911483049,1781247809.026804924,1781247809.026812553,1781247809.028123617,1781247809.028141737,1781247809.030404091,0.006369,0.003880,0.115322,0.000008,0.001311,0.000018,0.002262,0.129170,1,1,
138,2.760000,2.759999,1781247809.030404091,1781247809.041229010,1781247809.046081543,1781247809.161551714,1781247809.161557674,1781247809.164362669,1781247809.164375544,1781247809.166328430,0.010825,0.004853,0.115470,0.000006,0.002805,0.000013,0.001953,0.135924,1,1,
139,2.780000,2.779999,1781247809.166328430,1781247809.174665213,1781247809.178708553,1781247809.295331955,1781247809.295339108,1781247809.295743704,1781247809.295756340,1781247809.297634840,0.008337,0.004043,0.116623,0.000007,0.000405,0.000013,0.001878,0.131306,1,1,
140,2.800000,2.799999,1781247809.297634840,1781247809.307988405,1781247809.311993122,1781247809.427145004,1781247809.427150965,1781247809.428590298,1781247809.428610325,1781247809.430664539,0.010354,0.004005,0.115152,0.000006,0.001439,0.000020,0.002054,0.133030,1,1,
141,2.820000,2.819999,1781247809.430664539,1781247809.441648245,1781247809.446266413,1781247809.560838938,1781247809.560846806,1781247809.561249018,1781247809.561267614,1781247809.564035177,0.010984,0.004618,0.114573,0.000008,0.000402,0.000019,0.002768,0.133371,1,1,
142,2.840000,2.839999,1781247809.564035177,1781247809.574825525,1781247809.581128597,1781247809.697041988,1781247809.697047710,1781247809.698225737,1781247809.698245287,1781247809.700500011,0.010790,0.006303,0.115913,0.000006,0.001178,0.000020,0.002255,0.136465,1,1,
143,2.860000,2.859999,1781247809.700500011,1781247809.708190918,1781247809.712292910,1781247809.826797009,1781247809.826804876,1781247809.828722477,1781247809.828733921,1781247809.830716610,0.007691,0.004102,0.114504,0.000008,0.001918,0.000011,0.001983,0.130217,1,1,
144,2.880000,2.879999,1781247809.830716610,1781247809.841721773,1781247809.845899582,1781247809.961789608,1781247809.961796045,1781247809.963158131,1781247809.963170290,1781247809.965086460,0.011005,0.004178,0.115890,0.000006,0.001362,0.000012,0.001916,0.134370,1,1,
145,2.900000,2.899999,1781247809.965086460,1781247809.975105524,1781247809.979196310,1781247810.094559193,1781247810.094566822,1781247810.097110510,1781247810.097124338,1781247810.099013329,0.010019,0.004091,0.115363,0.000008,0.002544,0.000014,0.001889,0.133927,1,1,
146,2.920000,2.919999,1781247810.099013329,1781247810.108512402,1781247810.112645149,1781247810.228687525,1781247810.228693962,1781247810.230895042,1781247810.230913162,1781247810.234472513,0.009499,0.004133,0.116042,0.000006,0.002201,0.000018,0.003559,0.135459,1,1,
147,2.940000,2.939999,1781247810.234472513,1781247810.242217541,1781247810.246943474,1781247810.363354445,1781247810.363362074,1781247810.365166426,1781247810.365184307,1781247810.368646860,0.007745,0.004726,0.116411,0.000008,0.001804,0.000018,0.003463,0.134174,1,1,
148,2.960000,2.959999,1781247810.368646860,1781247810.375432014,1781247810.379593611,1781247810.495297909,1781247810.495304823,1781247810.497674704,1781247810.497687101,1781247810.499632359,0.006785,0.004162,0.115704,0.000007,0.002370,0.000012,0.001945,0.130985,1,1,
149,2.980000,2.979999,1781247810.499632359,1781247810.508925200,1781247810.513143778,1781247810.628919840,1781247810.628927231,1781247810.629552126,1781247810.629564762,1781247810.631718159,0.009293,0.004219,0.115776,0.000007,0.000625,0.000013,0.002153,0.132086,1,1,
150,3.000000,2.999999,1781247810.631718159,1781247810.642367125,1781247810.646627903,1781247810.761007071,1781247810.761013508,1781247810.762527466,1781247810.762546062,1781247810.764715433,0.010649,0.004261,0.114379,0.000006,0.001514,0.000019,0.002169,0.132997,1,1,
151,3.020000,3.019999,1781247810.764715433,1781247810.775833368,1781247810.780133486,1781247810.894896030,1781247810.894904613,1781247810.896311998,1781247810.896332979,1781247810.898619890,0.011118,0.004300,0.114763,0.000009,0.001407,0.000021,0.002287,0.133904,1,1,
152,3.040000,3.039999,1781247810.898619890,1781247810.909310579,1781247810.913523436,1781247811.028214931,1781247811.028220892,1781247811.029702187,1781247811.029721260,1781247811.033268690,0.010691,0.004213,0.114691,0.000006,0.001481,0.000019,0.003547,0.134649,1,1,
153,3.060000,3.059999,1781247811.033268690,1781247811.042697906,1781247811.047095537,1781247811.161575794,1781247811.161583662,1781247811.163707018,1781247811.163725138,1781247811.166090250,0.009429,0.004398,0.114480,0.000008,0.002123,0.000018,0.002365,0.132822,1,1,
154,3.080000,3.079999,1781247811.166090250,1781247811.176293373,1781247811.180750847,1781247811.296696663,1781247811.296702147,1781247811.298616171,1781247811.298634291,1781247811.300697803,0.010203,0.004457,0.115946,0.000005,0.001914,0.000018,0.002064,0.134608,1,1,
155,3.100000,3.099999,1781247811.300697803,1781247811.309591532,1781247811.316188097,1781247811.434572220,1781247811.434580564,1781247811.436384201,1781247811.436403036,1781247811.438588381,0.008894,0.006597,0.118384,0.000008,0.001804,0.000019,0.002185,0.137891,1,1,
156,3.120000,3.119999,1781247811.438588381,1781247811.443074703,1781247811.449552298,1781247811.565607309,1781247811.565613985,1781247811.566563368,1781247811.566581964,1781247811.569078207,0.004486,0.006478,0.116055,0.000007,0.000949,0.000019,0.002496,0.130490,1,1,
157,3.140000,3.139999,1781247811.569078207,1781247811.576410055,1781247811.580945492,1781247811.695691347,1781247811.695699692,1781247811.696038485,1781247811.696050644,1781247811.697943449,0.007332,0.004535,0.114746,0.000008,0.000339,0.000012,0.001893,0.128865,1,1,
158,3.160000,3.159999,1781247811.697943449,1781247811.709877253,1781247811.714256287,1781247811.829584599,1781247811.829590559,1781247811.832118750,1781247811.832139730,1781247811.835644245,0.011934,0.004379,0.115328,0.000006,0.002528,0.000021,0.003505,0.137701,1,1,
159,3.180000,3.179999,1781247811.835644245,1781247811.843290567,1781247811.847707510,1781247811.962726593,1781247811.962734699,1781247811.964423895,1781247811.964443207,1781247811.967516899,0.007646,0.004417,0.115019,0.000008,0.001689,0.000019,0.003074,0.131873,1,1,
160,3.200000,3.199999,1781247811.967516899,1781247811.976718426,1781247811.981250525,1781247812.097238779,1781247812.097245216,1781247812.097492456,1781247812.097504139,1781247812.099456549,0.009202,0.004532,0.115988,0.000006,0.000247,0.000012,0.001952,0.131940,1,1,
161,3.220000,3.219999,1781247812.099456549,1781247812.110373020,1781247812.115092278,1781247812.230188608,1781247812.230196238,1781247812.230572701,1781247812.230590820,1781247812.233683348,0.010916,0.004719,0.115096,0.000008,0.000376,0.000018,0.003093,0.134227,1,1,
162,3.240000,3.239999,1781247812.233683348,1781247812.243740559,1781247812.248744726,1781247812.364668846,1781247812.364675045,1781247812.366041183,1781247812.366060257,1781247812.368919849,0.010057,0.005004,0.115924,0.000006,0.001366,0.000019,0.002860,0.135237,1,1,
163,3.260000,3.259999,1781247812.368919849,1781247812.377178431,1781247812.382053614,1781247812.499788046,1781247812.499795675,1781247812.501430988,1781247812.501442671,1781247812.503376722,0.008259,0.004875,0.117734,0.000008,0.001635,0.000012,0.001934,0.134457,1,1,
164,3.280000,3.279999,1781247812.503376722,1781247812.510437489,1781247812.515065432,1781247812.630078793,1781247812.630084753,1781247812.632306099,1781247812.632318258,1781247812.634148359,0.007061,0.004628,0.115013,0.000006,0.002221,0.000012,0.001830,0.130772,1,1,
165,3.300000,3.299999,1781247812.634148359,1781247812.644018173,1781247812.648722887,1781247812.763573170,1781247812.763581038,1781247812.765855312,1781247812.765874624,1781247812.768232822,0.009870,0.004705,0.114850,0.000008,0.002274,0.000019,0.002358,0.134084,1,1,
166,3.320000,3.319999,1781247812.768232822,1781247812.777514935,1781247812.782146215,1781247812.897109747,1781247812.897116899,1781247812.897697210,1781247812.897716522,1781247812.900224924,0.009282,0.004631,0.114964,0.000007,0.000580,0.000019,0.002508,0.131992,1,1,
167,3.340000,3.339999,1781247812.900224924,1781247812.911057711,1781247812.915880203,1781247813.030103922,1781247813.030111313,1781247813.032595396,1781247813.032612324,1781247813.035730124,0.010833,0.004822,0.114224,0.000007,0.002484,0.000017,0.003118,0.135505,1,1,
168,3.360000,3.359999,1781247813.035730124,1781247813.044420242,1781247813.049237967,1781247813.164956331,1781247813.164965153,1781247813.166619301,1781247813.166636467,1781247813.170051575,0.008690,0.004818,0.115718,0.000009,0.001654,0.000017,0.003415,0.134321,1,1,
169,3.380000,3.379999,1781247813.170051575,1781247813.177813053,1781247813.183036566,1781247813.298175335,1781247813.298183441,1781247813.300464869,1781247813.300483227,1781247813.302752733,0.007761,0.005224,0.115139,0.000008,0.002281,0.000018,0.002270,0.132701,1,1,
170,3.400000,3.399999,1781247813.302752733,1781247813.311323643,1781247813.316269398,1781247813.432124615,1781247813.432131052,1781247813.432438850,1781247813.432457447,1781247813.435910225,0.008571,0.004946,0.115855,0.000006,0.000308,0.000019,0.003453,0.133157,1,1,
171,3.420000,3.419999,1781247813.435910225,1781247813.444687605,1781247813.449549913,1781247813.564910173,1781247813.564918756,1781247813.567122698,1781247813.567140579,1781247813.570551634,0.008777,0.004862,0.115360,0.000009,0.002204,0.000018,0.003411,0.134641,1,1,
172,3.440000,3.439999,1781247813.570551634,1781247813.577994585,1781247813.582768917,1781247813.697716713,1781247813.697723150,1781247813.698121548,1781247813.698133230,1781247813.700095892,0.007443,0.004774,0.114948,0.000006,0.000398,0.000012,0.001963,0.129544,1,1,
173,3.460000,3.459999,1781247813.700095892,1781247813.711518526,1781247813.716453075,1781247813.830191135,1781247813.830199003,1781247813.831792831,1781247813.831812382,1781247813.835416079,0.011423,0.004935,0.113738,0.000008,0.001594,0.000020,0.003604,0.135320,1,1,
174,3.480000,3.479999,1781247813.835416079,1781247813.845140934,1781247813.850026131,1781247813.964524508,1781247813.964530468,1781247813.966159105,1781247813.966178417,1781247813.968547821,0.009725,0.004885,0.114498,0.000006,0.001629,0.000019,0.002369,0.133132,1,1,
175,3.500000,3.499999,1781247813.968547821,1781247813.978387356,1781247813.983329296,1781247814.099063158,1781247814.099071026,1781247814.100988626,1781247814.101008892,1781247814.103618383,0.009840,0.004942,0.115734,0.000008,0.001918,0.000020,0.002609,0.135071,1,1,
176,3.520000,3.519999,1781247814.103618383,1781247814.112090349,1781247814.117055893,1781247814.235612392,1781247814.235618591,1781247814.238021851,1781247814.238041401,1781247814.241592884,0.008472,0.004966,0.118556,0.000006,0.002403,0.000020,0.003551,0.137975,1,1,
177,3.540000,3.539999,1781247814.241592884,1781247814.245447397,1781247814.251479149,1781247814.374362707,1781247814.374370337,1781247814.375395536,1781247814.375414133,1781247814.378898859,0.003855,0.006032,0.122884,0.000008,0.001025,0.000019,0.003485,0.137306,1,1,
178,3.560000,3.559999,1781247814.378898859,1781247814.395441294,1781247814.400590181,1781247814.516905308,1781247814.516911268,1781247814.519398451,1781247814.519416571,1781247814.522847652,0.016542,0.005149,0.116315,0.000006,0.002487,0.000018,0.003431,0.143949,1,1,
179,3.580000,3.579999,1781247814.522847652,1781247814.528822184,1781247814.533862352,1781247814.648297310,1781247814.648304462,1781247814.649277210,1781247814.649298906,1781247814.651618242,0.005975,0.005040,0.114435,0.000007,0.000973,0.000022,0.002319,0.128771,1,1,
180,3.600000,3.599999,1781247814.651618242,1781247814.662430525,1781247814.667576075,1781247814.783168793,1781247814.783176184,1781247814.783858061,1781247814.783869505,1781247814.785768747,0.010812,0.005146,0.115593,0.000007,0.000682,0.000011,0.001899,0.134151,1,1,
181,3.620000,3.619999,1781247814.785768747,1781247814.795797110,1781247814.802619219,1781247814.917424440,1781247814.917431831,1781247814.918285847,1781247814.918297768,1781247814.920349598,0.010028,0.006822,0.114805,0.000007,0.000854,0.000012,0.002052,0.134581,1,1,
182,3.640000,3.639999,1781247814.920349598,1781247814.929163933,1781247814.934253454,1781247815.049067020,1781247815.049073935,1781247815.050659657,1781247815.050678253,1781247815.052751303,0.008814,0.005090,0.114814,0.000007,0.001586,0.000019,0.002073,0.132402,1,1,
183,3.660000,3.659999,1781247815.052751303,1781247815.062726974,1781247815.068066597,1781247815.182971478,1781247815.182978868,1781247815.185551643,1781247815.185568810,1781247815.188118696,0.009976,0.005340,0.114905,0.000007,0.002573,0.000017,0.002550,0.135367,1,1,
184,3.680000,3.679999,1781247815.188118696,1781247815.196039200,1781247815.201205015,1781247815.316741467,1781247815.316749334,1781247815.318718910,1781247815.318730831,1781247815.320636511,0.007921,0.005166,0.115536,0.000008,0.001970,0.000012,0.001906,0.132518,1,1,
185,3.700000,3.699999,1781247815.320636511,1781247815.329689026,1781247815.334849834,1781247815.449704409,1781247815.449712276,1781247815.450259209,1781247815.450271845,1781247815.452174187,0.009053,0.005161,0.114855,0.000008,0.000547,0.000013,0.001902,0.131538,1,1,
186,3.720000,3.719999,1781247815.452174187,1781247815.462920666,1781247815.468073845,1781247815.583348513,1781247815.583355188,1781247815.583856583,1781247815.583875179,1781247815.586709023,0.010746,0.005153,0.115275,0.000007,0.000501,0.000019,0.002834,0.134535,1,1,
187,3.740000,3.739999,1781247815.586709023,1781247815.596449614,1781247815.601723909,1781247815.716729879,1781247815.716737986,1781247815.717264414,1781247815.717287064,1781247815.719424725,0.009741,0.005274,0.115006,0.000008,0.000526,0.000023,0.002138,0.132716,1,1,
188,3.760000,3.759999,1781247815.719424725,1781247815.729820967,1781247815.735130072,1781247815.850559235,1781247815.850565672,1781247815.852511883,1781247815.852529764,1781247815.854633808,0.010396,0.005309,0.115429,0.000006,0.001946,0.000018,0.002104,0.135209,1,1,
189,3.780000,3.779999,1781247815.854633808,1781247815.863300562,1781247815.868609905,1781247815.983577013,1781247815.983584404,1781247815.984551668,1781247815.984563828,1781247815.986554861,0.008667,0.005309,0.114967,0.000007,0.000967,0.000012,0.001991,0.131921,1,1,
190,3.800000,3.799999,1781247815.986554861,1781247815.996716976,1781247816.002052069,1781247816.117683887,1781247816.117690086,1781247816.118340492,1781247816.118353367,1781247816.120476007,0.010162,0.005335,0.115632,0.000006,0.000650,0.000013,0.002123,0.133921,1,1,
191,3.820000,3.819999,1781247816.120476007,1781247816.130280495,1781247816.135767460,1781247816.251275301,1781247816.251283407,1781247816.253652573,1781247816.253663540,1781247816.255509138,0.009804,0.005487,0.115508,0.000008,0.002369,0.000011,0.001846,0.135033,1,1,
192,3.840000,3.839999,1781247816.255509138,1781247816.263757467,1781247816.269407272,1781247816.385190725,1781247816.385196447,1781247816.386319637,1781247816.386337042,1781247816.388473749,0.008248,0.005650,0.115783,0.000006,0.001123,0.000017,0.002137,0.132965,1,1,
193,3.860000,3.859999,1781247816.388473749,1781247816.397112131,1781247816.402568102,1781247816.518339872,1781247816.518347263,1781247816.520103455,1781247816.520121813,1781247816.522398233,0.008638,0.005456,0.115772,0.000007,0.001756,0.000018,0.002276,0.133924,1,1,
194,3.880000,3.879999,1781247816.522398233,1781247816.530547380,1781247816.535930395,1781247816.651813984,1781247816.651820898,1781247816.652983904,1781247816.652996063,1781247816.655072927,0.008149,0.005383,0.115884,0.000007,0.001163,0.000012,0.002077,0.132675,1,1,
195,3.900000,3.899999,1781247816.655072927,1781247816.663939476,1781247816.670076370,1781247816.787938595,1781247816.787947416,1781247816.788668394,1781247816.788678885,1781247816.790515900,0.008867,0.006137,0.117862,0.000009,0.000721,0.000010,0.001837,0.135443,1,1,
196,3.920000,3.919999,1781247816.790515900,1781247816.797372103,1781247816.803042412,1781247816.918636560,1781247816.918643475,1781247816.919748306,1781247816.919767857,1781247816.923202515,0.006856,0.005670,0.115594,0.000007,0.001105,0.000020,0.003435,0.132687,1,1,
197,3.940000,3.939999,1781247816.923202515,1781247816.930733919,1781247816.936795950,1781247817.052406788,1781247817.052416086,1781247817.054223776,1781247817.054241896,1781247817.057642221,0.007531,0.006062,0.115611,0.000009,0.001808,0.000018,0.003400,0.134440,1,1,
198,3.960000,3.959999,1781247817.057642221,1781247817.064222813,1781247817.072502851,1781247817.191260338,1781247817.191267014,1781247817.193194866,1781247817.193206310,1781247817.195055008,0.006581,0.008280,0.118757,0.000007,0.001928,0.000011,0.001849,0.137413,1,1,
199,3.980000,3.979999,1781247817.195055008,1781247817.197695971,1781247817.203224897,1781247817.318337440,1781247817.318346024,1781247817.320982933,1781247817.320995808,1781247817.322947741,0.002641,0.005529,0.115113,0.000009,0.002637,0.000013,0.001952,0.127893,1,1,
200,4.000000,3.999999,1781247817.322947741,1781247817.331093550,1781247817.336667299,1781247817.452036381,1781247817.452043295,1781247817.452299118,1781247817.452313900,1781247817.454289913,0.008146,0.005574,0.115369,0.000007,0.000256,0.000015,0.001976,0.131342,1,1,
201,4.020000,4.019999,1781247817.454289913,1781247817.464546919,1781247817.470123291,1781247817.585173130,1781247817.585181236,1781247817.587113380,1781247817.587131500,1781247817.590489388,0.010257,0.005576,0.115050,0.000008,0.001932,0.000018,0.003358,0.136199,1,1,
202,4.040000,4.039999,1781247817.590489388,1781247817.598171234,1781247817.603919029,1781247817.721243143,1781247817.721249580,1781247817.722933531,1781247817.722946644,1781247817.724916935,0.007682,0.005748,0.117324,0.000006,0.001684,0.000013,0.001970,0.134428,1,1,
203,4.060000,4.059999,1781247817.724916935,1781247817.731439590,1781247817.737104654,1781247817.851433516,1781247817.851440907,1781247817.853407145,1781247817.853426218,1781247817.855527401,0.006523,0.005665,0.114329,0.000007,0.001966,0.000019,0.002101,0.130610,1,1,
204,4.080000,4.079999,1781247817.855527401,1781247817.864889383,1781247817.870567799,1781247817.986292124,1781247817.986298323,1781247817.987043142,1781247817.987063646,1781247817.989357710,0.009362,0.005678,0.115724,0.000006,0.000745,0.000021,0.002294,0.133830,1,1,
205,4.100000,4.099999,1781247817.989357710,1781247817.998302937,1781247818.004163742,1781247818.119099379,1781247818.119108200,1781247818.120451212,1781247818.120469570,1781247818.123175383,0.008945,0.005861,0.114936,0.000009,0.001343,0.000018,0.002706,0.133818,1,1,
206,4.120000,4.119999,1781247818.123175383,1781247818.131952524,1781247818.137826204,1781247818.252885580,1781247818.252893209,1781247818.254960537,1781247818.254980803,1781247818.258414507,0.008777,0.005874,0.115059,0.000008,0.002067,0.000020,0.003434,0.135239,1,1,
207,4.140000,4.139999,1781247818.258414507,1781247818.265344858,1781247818.272251844,1781247818.386455297,1781247818.386463165,1781247818.388088942,1781247818.388100624,1781247818.390211344,0.006930,0.006907,0.114203,0.000008,0.001626,0.000012,0.002111,0.131797,1,1,
208,4.160000,4.159999,1781247818.390211344,1781247818.398861885,1781247818.406277657,1781247818.521373272,1781247818.521378994,1781247818.523102760,1781247818.523115158,1781247818.525085449,0.008651,0.007416,0.115096,0.000006,0.001724,0.000012,0.001970,0.134874,1,1,
209,4.180000,4.179999,1781247818.525085449,1781247818.532310963,1781247818.538329124,1781247818.654232264,1781247818.654239655,1781247818.654878616,1781247818.654897213,1781247818.658311605,0.007226,0.006018,0.115903,0.000007,0.000639,0.000019,0.003414,0.133226,1,1,
210,4.200000,4.199999,1781247818.658311605,1781247818.665563822,1781247818.671466827,1781247818.787233114,1781247818.787239313,1781247818.787644386,1781247818.787664890,1781247818.791108370,0.007252,0.005903,0.115766,0.000006,0.000405,0.000021,0.003443,0.132797,1,1,
211,4.220000,4.219999,1781247818.791108370,1781247818.799009562,1781247818.804889441,1781247818.919679403,1781247818.919687510,1781247818.920302629,1781247818.920323133,1781247818.923533916,0.007901,0.005880,0.114790,0.000008,0.000615,0.000021,0.003211,0.132426,1,1,
212,4.240000,4.239999,1781247818.923533916,1781247818.932449579,1781247818.939609051,1781247819.054684162,1781247819.054690361,1781247819.057154894,1781247819.057167768,1781247819.059007883,0.008916,0.007159,0.115075,0.000006,0.002465,0.000013,0.001840,0.135474,1,1,
213,4.260000,4.259999,1781247819.059007883,1781247819.066070318,1781247819.072316170,1781247819.187279940,1781247819.187288284,1781247819.188037634,1781247819.188056946,1781247819.191475630,0.007062,0.006246,0.114964,0.000008,0.000749,0.000019,0.003419,0.132468,1,1,
214,4.280000,4.279999,1781247819.191475630,1781247819.199474096,1781247819.206043959,1781247819.320643425,1781247819.320650101,1781247819.322601795,1781247819.322619915,1781247819.325025320,0.007998,0.006570,0.114599,0.000007,0.001952,0.000018,0.002405,0.133550,1,1,
215,4.300000,4.299999,1781247819.325025320,1781247819.332766294,1781247819.338739872,1781247819.453247309,1781247819.453256130,1781247819.455169678,1781247819.455188274,1781247819.458745718,0.007741,0.005974,0.114507,0.000009,0.001914,0.000019,0.003557,0.133720,1,1,
216,4.320000,4.319999,1781247819.458745718,1781247819.466256142,1781247819.473150730,1781247819.589025974,1781247819.589033365,1781247819.590518713,1781247819.590530157,1781247819.592387438,0.007510,0.006895,0.115875,0.000007,0.001485,0.000011,0.001857,0.133642,1,1,
217,4.340000,4.339999,1781247819.592387438,1781247819.599816561,1781247819.605945587,1781247819.722124815,1781247819.722132206,1781247819.723885059,1781247819.723903656,1781247819.726339817,0.007429,0.006129,0.116179,0.000007,0.001753,0.000019,0.002436,0.133952,1,1,
218,4.360000,4.359999,1781247819.726339817,1781247819.733206511,1781247819.739578485,1781247819.860847473,1781247819.860853195,1781247819.863086939,1781247819.863104582,1781247819.866059065,0.006867,0.006372,0.121269,0.000006,0.002234,0.000018,0.002954,0.139719,1,1,
219,4.380000,4.379999,1781247819.866059065,1781247819.866450548,1781247819.872700691,1781247819.988855600,1781247819.988863468,1781247819.990943909,1781247819.990957737,1781247819.992847681,0.000391,0.006250,0.116155,0.000008,0.002080,0.000014,0.001890,0.126789,1,1,
220,4.400000,4.399999,1781247819.992847681,1781247819.999972105,1781247820.006243467,1781247820.122002602,1781247820.122008801,1781247820.124263763,1781247820.124274492,1781247820.126064301,0.007124,0.006271,0.115759,0.000006,0.002255,0.000011,0.001790,0.133217,1,1,
221,4.420000,4.419999,1781247820.126064301,1781247820.133385181,1781247820.139642477,1781247820.255357027,1781247820.255364418,1781247820.256013393,1781247820.256025791,1781247820.257850647,0.007321,0.006257,0.115715,0.000007,0.000649,0.000012,0.001825,0.131786,1,1,
222,4.440000,4.439999,1781247820.257850647,1781247820.267156363,1781247820.273378134,1781247820.388989449,1781247820.388995647,1781247820.390528202,1781247820.390545368,1781247820.393950462,0.009306,0.006222,0.115611,0.000006,0.001533,0.000017,0.003405,0.136100,1,1,
223,4.460000,4.459999,1781247820.393950462,1781247820.400469780,1781247820.406693935,1781247820.521781683,1781247820.521790266,1781247820.522775888,1781247820.522793531,1781247820.526275158,0.006519,0.006224,0.115088,0.000009,0.000986,0.000018,0.003482,0.132325,1,1,
224,4.480000,4.479999,1781247820.526275158,1781247820.533729792,1781247820.539955139,1781247820.656593561,1781247820.656599998,1781247820.658444643,1781247820.658463001,1781247820.661876440,0.007455,0.006225,0.116638,0.000006,0.001845,0.000018,0.003413,0.135601,1,1,
225,4.500000,4.499999,1781247820.661876440,1781247820.667138577,1781247820.673416615,1781247820.788797617,1781247820.788806677,1781247820.791290045,1781247820.791303158,1781247820.793135881,0.005262,0.006278,0.115381,0.000009,0.002483,0.000013,0.001833,0.131259,1,1,
226,4.520000,4.519999,1781247820.793135881,1781247820.800706625,1781247820.806987047,1781247820.953762054,1781247820.953774691,1781247820.954461098,1781247820.954479218,1781247820.957994461,0.007571,0.006280,0.146775,0.000013,0.000686,0.000018,0.003515,0.164859,1,1,
227,4.540000,4.539999,1781247820.957994461,1781247820.967447042,1781247820.974792242,1781247821.089384079,1781247821.089393139,1781247821.090261459,1781247821.090279818,1781247821.093667507,0.009453,0.007345,0.114592,0.000009,0.000868,0.000018,0.003388,0.135673,1,1,
228,4.560000,4.559999,1781247821.093667507,1781247821.100950003,1781247821.107222557,1781247821.223227024,1781247821.223232985,1781247821.223521471,1781247821.223533392,1781247821.225373507,0.007282,0.006273,0.116004,0.000006,0.000288,0.000012,0.001840,0.131706,1,1,
229,4.580000,4.579999,1781247821.225373507,1781247821.234293461,1781247821.240734100,1781247821.356437445,1781247821.356445789,1781247821.357548952,1781247821.357572556,1781247821.361204147,0.008920,0.006441,0.115703,0.000008,0.001103,0.000024,0.003632,0.135831,1,1,
230,4.600000,4.599999,1781247821.361204147,1781247821.367930412,1781247821.375024557,1781247821.502391338,1781247821.502397299,1781247821.502817869,1781247821.502829790,1781247821.504734278,0.006726,0.007094,0.127367,0.000006,0.000421,0.000012,0.001904,0.143530,1,1,
231,4.620000,4.619999,1781247821.504734278,1781247821.517910719,1781247821.524365902,1781247821.638273001,1781247821.638281107,1781247821.639661312,1781247821.639682055,1781247821.642160177,0.013176,0.006455,0.113907,0.000008,0.001380,0.000021,0.002478,0.137426,1,1,
232,4.640000,4.639999,1781247821.642160177,1781247821.651394129,1781247821.657773018,1781247821.771834135,1781247821.771841049,1781247821.772764444,1781247821.772792578,1781247821.774800062,0.009234,0.006379,0.114061,0.000007,0.000923,0.000028,0.002007,0.132640,1,1,
233,4.660000,4.659999,1781247821.774800062,1781247821.784824133,1781247821.794557333,1781247821.910908222,1781247821.910915852,1781247821.912405968,1781247821.912416935,1781247821.914311171,0.010024,0.009733,0.116351,0.000008,0.001490,0.000011,0.001894,0.139511,1,1,
234,4.680000,4.679999,1781247821.914311171,1781247821.918235540,1781247821.924878120,1781247822.040445328,1781247822.040451527,1781247822.040929556,1781247822.040948391,1781247822.043811083,0.003924,0.006643,0.115567,0.000006,0.000478,0.000019,0.002863,0.129500,1,1,
235,4.700000,4.699999,1781247822.043811083,1781247822.051651955,1781247822.058056593,1781247822.172860861,1781247822.172868490,1781247822.173484087,1781247822.173504114,1781247822.175691843,0.007841,0.006405,0.114804,0.000008,0.000616,0.000020,0.002188,0.131881,1,1,
236,4.720000,4.719999,1781247822.175691843,1781247822.185276747,1781247822.191814661,1781247822.306940556,1781247822.306946278,1781247822.308183193,1781247822.308194160,1781247822.310108185,0.009585,0.006538,0.115126,0.000006,0.001237,0.000011,0.001914,0.134416,1,1,
237,4.740000,4.739999,1781247822.310108185,1781247822.318718910,1781247822.325522184,1781247822.440537453,1781247822.440544844,1781247822.442138195,1781247822.442157030,1781247822.445419312,0.008611,0.006803,0.115015,0.000007,0.001593,0.000019,0.003262,0.135311,1,1,
238,4.760000,4.759999,1781247822.445419312,1781247822.452088356,1781247822.458705902,1781247822.573945761,1781247822.573951244,1781247822.575246811,1781247822.575258017,1781247822.577082634,0.006669,0.006618,0.115240,0.000005,0.001296,0.000011,0.001825,0.131663,1,1,
239,4.780000,4.779999,1781247822.577082634,1781247822.585359812,1781247822.591912985,1781247822.706079721,1781247822.706087589,1781247822.707691669,1781247822.707711220,1781247822.711155176,0.008277,0.006553,0.114167,0.000008,0.001604,0.000020,0.003444,0.134073,1,1,
240,4.800000,4.799999,1781247822.711155176,1781247822.718886137,1781247822.725829601,1781247822.840283155,1781247822.840289593,1781247822.842316628,1781247822.842334032,1781247822.844563484,0.007731,0.006943,0.114454,0.000006,0.002027,0.000017,0.002229,0.133408,1,1,
241,4.820000,4.819999,1781247822.844563484,1781247822.852340460,1781247822.858982086,1781247822.974168301,1781247822.974175692,1781247822.974706888,1781247822.974727392,1781247822.978191614,0.007777,0.006642,0.115186,0.000007,0.000531,0.000021,0.003464,0.133628,1,1,
242,4.840000,4.839999,1781247822.978191614,1781247822.985760212,1781247822.995781422,1781247823.111652851,1781247823.111658812,1781247823.113112926,1781247823.113131046,1781247823.115459681,0.007569,0.010021,0.115871,0.000006,0.001454,0.000018,0.002329,0.137268,1,1,
243,4.860000,4.859999,1781247823.115459681,1781247823.119097233,1781247823.125852823,1781247823.240405083,1781247823.240412474,1781247823.241114855,1781247823.241134405,1781247823.243173599,0.003638,0.006756,0.114552,0.000007,0.000702,0.000020,0.002039,0.127714,1,1,
244,4.880000,4.879999,1781247823.243173599,1781247823.252812386,1781247823.259591818,1781247823.374791384,1781247823.374798059,1781247823.375767231,1781247823.375789642,1781247823.378191948,0.009639,0.006779,0.115200,0.000007,0.000969,0.000022,0.002402,0.135018,1,1,
245,4.900000,4.899999,1781247823.378191948,1781247823.386278152,1781247823.393038750,1781247823.507519960,1781247823.507527828,1781247823.508464813,1781247823.508484602,1781247823.511238098,0.008086,0.006761,0.114481,0.000008,0.000937,0.000020,0.002753,0.133046,1,1,
246,4.920000,4.919999,1781247823.511238098,1781247823.519579172,1781247823.526370764,1781247823.643599987,1781247823.643605471,1781247823.644490480,1781247823.644509792,1781247823.647083282,0.008341,0.006792,0.117229,0.000005,0.000885,0.000019,0.002573,0.135845,1,1,
247,4.940000,4.939999,1781247823.647083282,1781247823.652907848,1781247823.659764051,1781247823.774525881,1781247823.774534225,1781247823.775181293,1781247823.775192022,1781247823.777010679,0.005825,0.006856,0.114762,0.000008,0.000647,0.000011,0.001819,0.129927,1,1,
248,4.960000,4.959999,1781247823.777010679,1781247823.786487579,1781247823.793363094,1781247823.908401489,1781247823.908407450,1781247823.909930706,1781247823.909951210,1781247823.912207603,0.009477,0.006876,0.115038,0.000006,0.001523,0.000021,0.002256,0.135197,1,1,
249,4.980000,4.979999,1781247823.912207603,1781247823.919860840,1781247823.926712036,1781247824.042422771,1781247824.042430401,1781247824.044486761,1781247824.044504404,1781247824.046660900,0.007653,0.006851,0.115711,0.000008,0.002056,0.000018,0.002156,0.134453,1,1,
250,5.000000,5.000000,1781247824.046660900,1781247824.053374529,1781247824.060344219,1781247824.176047325,1781247824.176053762,1781247824.178306580,1781247824.178317308,1781247824.180364132,0.006714,0.006970,0.115703,0.000006,0.002253,0.000011,0.002047,0.133703,1,1,
251,5.020000,5.020000,1781247824.180364132,1781247824.186899662,1781247824.193890572,1781247824.309841156,1781247824.309848309,1781247824.312065125,1781247824.312078238,1781247824.313948631,0.006536,0.006991,0.115951,0.000007,0.002217,0.000013,0.001870,0.133584,1,1,
252,5.040000,5.040000,1781247824.313948631,1781247824.320100546,1781247824.327112913,1781247824.442603350,1781247824.442610264,1781247824.444067240,1781247824.444085598,1781247824.446396112,0.006152,0.007012,0.115490,0.000007,0.001457,0.000018,0.002311,0.132447,1,1,
253,5.060000,5.060000,1781247824.446396112,1781247824.453644753,1781247824.460601568,1781247824.575608730,1781247824.575617075,1781247824.576345444,1781247824.576364279,1781247824.579797029,0.007249,0.006957,0.115007,0.000008,0.000728,0.000019,0.003433,0.133401,1,1,
254,5.080000,5.080000,1781247824.579797029,1781247824.587244511,1781247824.594536304,1781247824.710292578,1781247824.710298300,1781247824.712109327,1781247824.712127686,1781247824.714395285,0.007447,0.007292,0.115756,0.000006,0.001811,0.000018,0.002268,0.134598,1,1,
255,5.100000,5.100000,1781247824.714395285,1781247824.720519543,1781247824.727711916,1781247824.842729568,1781247824.842736959,1781247824.844610214,1781247824.844629288,1781247824.846578121,0.006124,0.007192,0.115018,0.000007,0.001873,0.000019,0.001949,0.132183,1,1,
256,5.120000,5.120000,1781247824.846578121,1781247824.854123116,1781247824.861241102,1781247824.976647139,1781247824.976653337,1781247824.978219509,1781247824.978231668,1781247824.980229378,0.007545,0.007118,0.115406,0.000006,0.001566,0.000012,0.001998,0.133651,1,1,
257,5.140000,5.140000,1781247824.980229378,1781247824.987363577,1781247824.994488478,1781247825.110472441,1781247825.110479832,1781247825.112493992,1781247825.112513065,1781247825.115113497,0.007134,0.007125,0.115984,0.000007,0.002014,0.000019,0.002600,0.134884,1,1,
258,5.160000,5.160000,1781247825.115113497,1781247825.120824337,1781247825.127967834,1781247825.243706703,1781247825.243713140,1781247825.245526075,1781247825.245546103,1781247825.248975039,0.005711,0.007143,0.115739,0.000006,0.001813,0.000020,0.003429,0.133862,1,1,
259,5.180000,5.180000,1781247825.248975039,1781247825.254290104,1781247825.262209892,1781247825.378013611,1781247825.378021717,1781247825.379956007,1781247825.379967451,1781247825.381891489,0.005315,0.007920,0.115804,0.000008,0.001934,0.000011,0.001924,0.132916,1,1,
260,5.200000,5.200000,1781247825.381891489,1781247825.388010263,1781247825.395214796,1781247825.511069536,1781247825.511075735,1781247825.512323380,1781247825.512341261,1781247825.515549421,0.006119,0.007205,0.115855,0.000006,0.001248,0.000018,0.003208,0.133658,1,1,
261,5.220000,5.220000,1781247825.515549421,1781247825.521272898,1781247825.528502226,1781247825.643802643,1781247825.643810034,1781247825.645260334,1781247825.645278692,1781247825.648684263,0.005723,0.007229,0.115300,0.000007,0.001450,0.000018,0.003406,0.133135,1,1,
262,5.240000,5.240000,1781247825.648684263,1781247825.654523134,1781247825.661746740,1781247825.777575731,1781247825.777582169,1781247825.777950764,1781247825.777961969,1781247825.779964685,0.005839,0.007224,0.115829,0.000006,0.000369,0.000011,0.002003,0.131280,1,1,
263,5.260000,5.260000,1781247825.779964685,1781247825.788324833,1781247825.797306299,1781247825.915736914,1781247825.915745020,1781247825.916443348,1781247825.916455030,1781247825.918429613,0.008360,0.008981,0.118431,0.000008,0.000698,0.000012,0.001975,0.138465,1,1,
264,5.280000,5.280000,1781247825.918429613,1781247825.921482801,1781247825.928756237,1781247826.043633223,1781247826.043639660,1781247826.044507980,1781247826.044525623,1781247826.047945499,0.003053,0.007273,0.114877,0.000006,0.000868,0.000018,0.003420,0.129516,1,1,
265,5.300000,5.300000,1781247826.047945499,1781247826.054980755,1781247826.065886497,1781247826.182384968,1781247826.182392836,1781247826.184249401,1781247826.184267044,1781247826.186628342,0.007035,0.010906,0.116498,0.000008,0.001857,0.000018,0.002361,0.138683,1,1,
266,5.320000,5.320000,1781247826.186628342,1781247826.188382626,1781247826.195706844,1781247826.310045242,1781247826.310052395,1781247826.312500477,1781247826.312517643,1781247826.315898895,0.001754,0.007324,0.114338,0.000007,0.002448,0.000017,0.003381,0.129271,1,1,
267,5.340000,5.340000,1781247826.315898895,1781247826.321829557,1781247826.330218315,1781247826.444657564,1781247826.444665909,1781247826.446592569,1781247826.446609974,1781247826.450062275,0.005931,0.008389,0.114439,0.000008,0.001927,0.000017,0.003452,0.134163,1,1,
268,5.360000,5.360000,1781247826.450062275,1781247826.455394030,1781247826.462839603,1781247826.577944279,1781247826.577950478,1781247826.578845501,1781247826.578856707,1781247826.580666065,0.005332,0.007446,0.115105,0.000006,0.000895,0.000011,0.001809,0.130604,1,1,
269,5.380000,5.380000,1781247826.580666065,1781247826.588783979,1781247826.596190929,1781247826.711484194,1781247826.711492300,1781247826.713951588,1781247826.713969946,1781247826.717322826,0.008118,0.007407,0.115293,0.000008,0.002459,0.000018,0.003353,0.136657,1,1,
270,5.400000,5.400000,1781247826.717322826,1781247826.722215176,1781247826.730395555,1781247826.846746683,1781247826.846752405,1781247826.849558830,1781247826.849581003,1781247826.852303505,0.004892,0.008180,0.116351,0.000006,0.002806,0.000022,0.002723,0.134981,1,1,
271,5.420000,5.420000,1781247826.852303505,1781247826.856421232,1781247826.865542650,1781247826.980938673,1781247826.980946779,1781247826.981960773,1781247826.981979370,1781247826.984304190,0.004118,0.009121,0.115396,0.000008,0.001014,0.000019,0.002325,0.132001,1,1,
272,5.440000,5.440000,1781247826.984304190,1781247826.989192724,1781247826.996646643,1781247827.112642288,1781247827.112649679,1781247827.113543749,1781247827.113562584,1781247827.117087126,0.004889,0.007454,0.115996,0.000007,0.000894,0.000019,0.003525,0.132783,1,1,
273,5.460000,5.460000,1781247827.117087126,1781247827.122609854,1781247827.130333662,1781247827.246905088,1781247827.246912003,1781247827.248634815,1781247827.248648405,1781247827.250483274,0.005523,0.007724,0.116571,0.000007,0.001723,0.000014,0.001835,0.133396,1,1,
274,5.480000,5.480000,1781247827.250483274,1781247827.256098032,1781247827.263615847,1781247827.378800154,1781247827.378807068,1781247827.380006313,1781247827.380018711,1781247827.381925583,0.005615,0.007518,0.115184,0.000007,0.001199,0.000012,0.001907,0.131442,1,1,
275,5.500000,5.500000,1781247827.381925583,1781247827.456467390,1781247827.467874765,1781247827.589746714,1781247827.589754581,1781247827.591361523,1781247827.591379881,1781247827.593597651,0.074542,0.011407,0.121872,0.000008,0.001607,0.000018,0.002218,0.211672,1,1,
276,5.520000,5.520000,1781247827.593597651,1781247827.606992722,1781247827.614557505,1781247827.730021954,1781247827.730027914,1781247827.732117414,1781247827.732136250,1781247827.735419035,0.013395,0.007565,0.115464,0.000006,0.002090,0.000019,0.003283,0.141821,1,1,
277,5.540000,5.540000,1781247827.735419035,1781247827.739672899,1781247827.747324228,1781247827.861915350,1781247827.861922979,1781247827.864111185,1781247827.864128590,1781247827.867062569,0.004254,0.007651,0.114591,0.000008,0.002188,0.000017,0.002934,0.131644,1,1,
278,5.560000,5.560000,1781247827.867062569,1781247827.873260260,1781247827.880957127,1781247827.996865273,1781247827.996871471,1781247827.998685122,1781247827.998697042,1781247828.000846624,0.006198,0.007697,0.115908,0.000006,0.001814,0.000012,0.002150,0.133784,1,1,
279,5.580000,5.580000,1781247828.000846624,1781247828.073586226,1781247828.081489801,1781247828.197638988,1781247828.197646379,1781247828.198847532,1781247828.198866367,1781247828.202319384,0.072740,0.007904,0.116149,0.000007,0.001201,0.000019,0.003453,0.201473,1,1,
280,5.600000,5.600000,1781247828.202319384,1781247828.206985474,1781247828.214640617,1781247828.330262423,1781247828.330268860,1781247828.331695795,1781247828.331714630,1781247828.334025621,0.004666,0.007655,0.115622,0.000006,0.001427,0.000019,0.002311,0.131706,1,1,
281,5.620000,5.620000,1781247828.334025621,1781247828.340081930,1781247828.347973585,1781247828.463423252,1781247828.463430882,1781247828.464694262,1781247828.464712381,1781247828.468158007,0.006056,0.007892,0.115450,0.000008,0.001263,0.000018,0.003446,0.134132,1,1,
282,5.640000,5.640000,1781247828.468158007,1781247828.473600626,1781247828.481334686,1781247828.597267866,1781247828.597274065,1781247828.597458124,1781247828.597471476,1781247828.599322081,0.005443,0.007734,0.115933,0.000006,0.000184,0.000013,0.001851,0.131164,1,1,
283,5.660000,5.660000,1781247828.599322081,1781247828.607197523,1781247828.615314722,1781247828.730279922,1781247828.730287790,1781247828.732423782,1781247828.732434988,1781247828.734389067,0.007875,0.008117,0.114965,0.000008,0.002136,0.000011,0.001954,0.135067,1,1,
284,5.680000,5.680000,1781247828.734389067,1781247828.740647316,1781247828.748840809,1781247828.866748571,1781247828.866754532,1781247828.868312836,1781247828.868329763,1781247828.871732473,0.006258,0.008193,0.117908,0.000006,0.001558,0.000017,0.003403,0.137343,1,1,
285,5.700000,5.700000,1781247828.871732473,1781247828.874115229,1781247828.881942987,1781247828.997744799,1781247828.997752428,1781247829.000091314,1781247829.000101805,1781247829.001995087,0.002383,0.007828,0.115802,0.000008,0.002339,0.000010,0.001893,0.130263,1,1,
286,5.720000,5.720000,1781247829.001995087,1781247829.007386923,1781247829.015342236,1781247829.130825758,1781247829.130832195,1781247829.132653236,1781247829.132671118,1781247829.135286570,0.005392,0.007955,0.115484,0.000006,0.001821,0.000018,0.002615,0.133291,1,1,
287,5.740000,5.740000,1781247829.135286570,1781247829.140811205,1781247829.149452448,1781247829.266175270,1781247829.266182184,1781247829.268179417,1781247829.268197775,1781247829.271479845,0.005525,0.008641,0.116723,0.000007,0.001997,0.000018,0.003282,0.136193,1,1,
288,5.760000,5.760000,1781247829.271479845,1781247829.274299145,1781247829.282637596,1781247829.398328543,1781247829.398335218,1781247829.399603367,1781247829.399615526,1781247829.401748896,0.002819,0.008338,0.115691,0.000007,0.001268,0.000012,0.002133,0.130269,1,1,
289,5.780000,5.780000,1781247829.401748896,1781247829.407587290,1781247829.415625811,1781247829.530994415,1781247829.531003475,1781247829.532453060,1781247829.532465219,1781247829.534301281,0.005838,0.008039,0.115369,0.000009,0.001450,0.000012,0.001836,0.132552,1,1,
290,5.800000,5.800000,1781247829.534301281,1781247829.541208982,1781247829.549380064,1781247829.665212870,1781247829.665218830,1781247829.666402340,1781247829.666414022,1781247829.668229342,0.006908,0.008171,0.115833,0.000006,0.001184,0.000012,0.001815,0.133928,1,1,
291,5.820000,5.820000,1781247829.668229342,1781247829.674522638,1781247829.682526350,1781247829.799342632,1781247829.799350023,1781247829.801635265,1781247829.801646709,1781247829.803465843,0.006293,0.008004,0.116816,0.000007,0.002285,0.000011,0.001819,0.135237,1,1,
292,5.840000,5.840000,1781247829.803465843,1781247829.808189392,1781247829.816291094,1781247829.931374550,1781247829.931379795,1781247829.931713581,1781247829.931730986,1781247829.934746981,0.004724,0.008102,0.115083,0.000005,0.000334,0.000017,0.003016,0.131281,1,1,
293,5.860000,5.860000,1781247829.934746981,1781247829.941486359,1781247829.949522495,1781247830.063984871,1781247830.063992739,1781247830.065878868,1781247830.065896988,1781247830.068812132,0.006739,0.008036,0.114462,0.000008,0.001886,0.000018,0.002915,0.134065,1,1,
294,5.880000,5.880000,1781247830.068812132,1781247830.075098038,1781247830.083122730,1781247830.198060751,1781247830.198067665,1781247830.200488806,1781247830.200505972,1781247830.203094721,0.006286,0.008025,0.114938,0.000007,0.002421,0.000017,0.002589,0.134283,1,1,
295,5.900000,5.900000,1781247830.203094721,1781247830.208411217,1781247830.216801882,1781247830.334948301,1781247830.334954977,1781247830.336784840,1781247830.336803436,1781247830.338932037,0.005316,0.008391,0.118146,0.000007,0.001830,0.000019,0.002129,0.135837,1,1,
296,5.920000,5.920000,1781247830.338932037,1781247830.342015028,1781247830.350873232,1781247830.467625618,1781247830.467631817,1781247830.469626188,1781247830.469645739,1781247830.472022295,0.003083,0.008858,0.116752,0.000006,0.001994,0.000020,0.002377,0.133090,1,1,
297,5.940000,5.940000,1781247830.472022295,1781247830.475156069,1781247830.483462811,1781247830.602378607,1781247830.602385521,1781247830.603229761,1781247830.603247404,1781247830.605418682,0.003134,0.008307,0.118916,0.000007,0.000844,0.000018,0.002171,0.133396,1,1,
298,5.960000,5.960000,1781247830.605418682,1781247830.608608246,1781247830.617138863,1781247830.734309912,1781247830.734316111,1781247830.736346006,1781247830.736364841,1781247830.738611221,0.003190,0.008531,0.117171,0.000006,0.002030,0.000019,0.002246,0.133193,1,1,
299,5.980000,5.980000,1781247830.738611221,1781247830.742232084,1781247830.750623226,1781247830.867595196,1781247830.867602110,1781247830.869943857,1781247830.869961739,1781247830.872834444,0.003621,0.008391,0.116972,0.000007,0.002342,0.000018,0.002873,0.134223,1,1,
300,6.000000,6.000000,1781247830.872834444,1781247830.875603437,1781247830.884096622,1781247831.000818014,1781247831.000823259,1781247831.001694202,1781247831.001705885,1781247831.003552437,0.002769,0.008493,0.116721,0.000005,0.000871,0.000012,0.001847,0.130718,1,1,
301,6.020000,6.020000,1781247831.003552437,1781247831.009176016,1781247831.017641544,1781247831.133257151,1781247831.133264303,1781247831.133846998,1781247831.133857965,1781247831.135800600,0.005624,0.008466,0.115616,0.000007,0.000583,0.000011,0.001943,0.132248,1,1,
302,6.040000,6.040000,1781247831.135800600,1781247831.142445803,1781247831.150859594,1781247831.266364574,1781247831.266370773,1781247831.267161608,1781247831.267174006,1781247831.269181728,0.006645,0.008414,0.115505,0.000006,0.000791,0.000012,0.002008,0.133381,1,1,
303,6.060000,6.060000,1781247831.269181728,1781247831.276025772,1781247831.284593105,1781247831.400856733,1781247831.400865078,1781247831.402671576,1781247831.402685165,1781247831.404612780,0.006844,0.008567,0.116264,0.000008,0.001806,0.000014,0.001928,0.135431,1,1,
304,6.080000,6.080000,1781247831.404612780,1781247831.409526825,1781247831.418431282,1781247831.534043074,1781247831.534049273,1781247831.534441710,1781247831.534460068,1781247831.537997723,0.004914,0.008904,0.115612,0.000006,0.000392,0.000018,0.003538,0.133385,1,1,
305,6.100000,6.100000,1781247831.537997723,1781247831.559591770,1781247831.567909956,1781247831.682975292,1781247831.682982445,1781247831.683754206,1781247831.683779478,1781247831.686246872,0.021594,0.008318,0.115065,0.000007,0.000772,0.000025,0.002467,0.148249,1,1,
306,6.120000,6.120000,1781247831.686246872,1781247831.693052769,1781247831.701446295,1781247831.817379236,1781247831.817385197,1781247831.818856239,1781247831.818874598,1781247831.822391033,0.006806,0.008394,0.115933,0.000006,0.001471,0.000018,0.003516,0.136144,1,1,
307,6.140000,6.140000,1781247831.822391033,1781247831.826234818,1781247831.834587574,1781247831.949097157,1781247831.949104786,1781247831.950658560,1781247831.950676441,1781247831.952747345,0.003844,0.008353,0.114510,0.000008,0.001554,0.000018,0.002071,0.130356,1,1,
308,6.160000,6.160000,1781247831.952747345,1781247831.959735870,1781247831.968223095,1781247832.086497545,1781247832.086503029,1781247832.086869478,1781247832.086886644,1781247832.090371847,0.006989,0.008487,0.118274,0.000005,0.000366,0.000017,0.003485,0.137625,1,1,
309,6.180000,6.180000,1781247832.090371847,1781247832.093168974,1781247832.101640940,1781247832.216513395,1781247832.216521740,1781247832.217289686,1781247832.217308044,1781247832.219970226,0.002797,0.008472,0.114872,0.000008,0.000768,0.000018,0.002662,0.129598,1,1,
310,6.200000,6.200000,1781247832.219970226,1781247832.226654530,1781247832.235194683,1781247832.350811958,1781247832.350818634,1781247832.352144241,1781247832.352165222,1781247832.355054855,0.006684,0.008540,0.115617,0.000007,0.001326,0.000021,0.002890,0.135085,1,1,
311,6.220000,6.220000,1781247832.355054855,1781247832.360138416,1781247832.368708134,1781247832.484311342,1781247832.484318972,1781247832.485135317,1781247832.485153437,1781247832.488566875,0.005084,0.008570,0.115603,0.000008,0.000816,0.000018,0.003413,0.133512,1,1,
312,6.240000,6.240000,1781247832.488566875,1781247832.493472815,1781247832.502078295,1781247832.617424011,1781247832.617430449,1781247832.619345903,1781247832.619359016,1781247832.621252775,0.004906,0.008605,0.115346,0.000006,0.001915,0.000013,0.001894,0.132686,1,1,
313,6.260000,6.260000,1781247832.621252775,1781247832.627071142,1781247832.635634899,1781247832.750167131,1781247832.750175238,1781247832.751855612,1781247832.751873970,1781247832.755460978,0.005818,0.008564,0.114532,0.000008,0.001680,0.000018,0.003587,0.134208,1,1,
314,6.280000,6.280000,1781247832.755460978,1781247832.760544300,1781247832.771441221,1781247832.886532784,1781247832.886538744,1781247832.888308048,1781247832.888319731,1781247832.890409231,0.005083,0.010897,0.115092,0.000006,0.001769,0.000012,0.002090,0.134948,1,1,
315,6.300000,6.300000,1781247832.890409231,1781247832.893951178,1781247832.902928352,1781247833.022052288,1781247833.022059441,1781247833.024222136,1781247833.024234772,1781247833.026134968,0.003542,0.008977,0.119124,0.000007,0.002163,0.000013,0.001900,0.135726,1,1,
316,6.320000,6.320000,1781247833.026134968,1781247833.027240515,1781247833.035836220,1781247833.151080608,1781247833.151087046,1781247833.152512312,1781247833.152523279,1781247833.154526949,0.001106,0.008596,0.115244,0.000006,0.001425,0.000011,0.002004,0.128392,1,1,
317,6.340000,6.340000,1781247833.154526949,1781247833.160895348,1781247833.169855833,1781247833.285362482,1781247833.285369635,1781247833.286547422,1781247833.286565781,1781247833.289261341,0.006368,0.008960,0.115507,0.000007,0.001178,0.000018,0.002696,0.134734,1,1,
318,6.360000,6.360000,1781247833.289261341,1781247833.294214249,1781247833.302960396,1781247833.418240547,1781247833.418246508,1781247833.419867039,1781247833.419885874,1781247833.422857761,0.004953,0.008746,0.115280,0.000006,0.001621,0.000019,0.002972,0.133596,1,1,
319,6.380000,6.380000,1781247833.422857761,1781247833.427727938,1781247833.437793493,1781247833.559161663,1781247833.559168816,1781247833.561281681,1781247833.561300278,1781247833.563694477,0.004870,0.010066,0.121368,0.000007,0.002113,0.000019,0.002394,0.140837,1,1,
320,6.400000,6.400000,1781247833.563694477,1781247833.577864885,1781247833.586842775,1781247833.702351809,1781247833.702357769,1781247833.704585314,1781247833.704603434,1781247833.707037210,0.014170,0.008978,0.115509,0.000006,0.002228,0.000018,0.002434,0.143343,1,1,
321,6.420000,6.420000,1781247833.707037210,1781247833.711196661,1781247833.720060110,1781247833.834851980,1781247833.834859371,1781247833.836907864,1781247833.836925983,1781247833.840044975,0.004159,0.008863,0.114792,0.000007,0.002048,0.000018,0.003119,0.133008,1,1,
322,6.440000,6.440000,1781247833.840044975,1781247833.844635487,1781247833.854360342,1781247833.970010281,1781247833.970016718,1781247833.970683098,1781247833.970701218,1781247833.973232985,0.004591,0.009725,0.115650,0.000006,0.000666,0.000018,0.002532,0.133188,1,1,
323,6.460000,6.460000,1781247833.973232985,1781247833.978304148,1781247833.987170935,1781247834.102230310,1781247834.102237701,1781247834.102966070,1781247834.102984190,1781247834.105841637,0.005071,0.008867,0.115059,0.000007,0.000728,0.000018,0.002857,0.132609,1,1,
324,6.480000,6.480000,1781247834.105841637,1781247834.111548901,1781247834.120471954,1781247834.235764027,1781247834.235774040,1781247834.237392187,1781247834.237410069,1781247834.240180731,0.005707,0.008923,0.115292,0.000010,0.001618,0.000018,0.002771,0.134339,1,1,
325,6.500000,6.500000,1781247834.240180731,1781247834.245096684,1781247834.257248163,1781247834.372646332,1781247834.372653961,1781247834.373179197,1781247834.373196840,1781247834.375490189,0.004916,0.012151,0.115398,0.000008,0.000525,0.000018,0.002293,0.135309,1,1,
326,6.520000,6.520000,1781247834.375490189,1781247834.378421545,1781247834.388553381,1781247834.505897760,1781247834.505904198,1781247834.507003307,1781247834.507017136,1781247834.508995533,0.002931,0.010132,0.117344,0.000006,0.001099,0.000014,0.001978,0.133505,1,1,
327,6.540000,6.540000,1781247834.508995533,1781247834.511857271,1781247834.525306463,1781247834.641416550,1781247834.641424179,1781247834.643765926,1781247834.643817186,1781247834.645886898,0.002862,0.013449,0.116110,0.000008,0.002342,0.000051,0.002070,0.136891,1,1,
328,6.560000,6.560000,1781247834.645886898,1781247834.662151337,1781247834.671370506,1781247834.791520357,1781247834.791525602,1781247834.793538332,1781247834.793555260,1781247834.795720100,0.016264,0.009219,0.120150,0.000005,0.002013,0.000017,0.002165,0.149833,1,1,
329,6.580000,6.580000,1781247834.795720100,1781247834.812158346,1781247834.821223259,1781247834.936378956,1781247834.936386108,1781247834.937979937,1781247834.937990904,1781247834.940028429,0.016438,0.009065,0.115156,0.000007,0.001594,0.000011,0.002038,0.144308,1,1,
330,6.600000,6.600000,1781247834.940028429,1781247834.945475578,1781247834.954691648,1781247835.070237637,1781247835.070243835,1781247835.071422100,1781247835.071439981,1781247835.074649334,0.005447,0.009216,0.115546,0.000006,0.001178,0.000018,0.003209,0.134621,1,1,
331,6.620000,6.620000,1781247835.074649334,1781247835.078929663,1781247835.088380575,1781247835.203081131,1781247835.203088522,1781247835.204700232,1781247835.204710484,1781247835.206734419,0.004280,0.009451,0.114701,0.000007,0.001612,0.000010,0.002024,0.132085,1,1,
332,6.640000,6.640000,1781247835.206734419,1781247835.212410212,1781247835.221475601,1781247835.335633993,1781247835.335639715,1781247835.336468935,1781247835.336486578,1781247835.339220047,0.005676,0.009065,0.114158,0.000006,0.000829,0.000018,0.002733,0.132486,1,1,
333,6.660000,6.660000,1781247835.339220047,1781247835.345920324,1781247835.356100559,1781247835.470877647,1781247835.470885992,1781247835.472557783,1781247835.472568989,1781247835.474468708,0.006700,0.010180,0.114777,0.000008,0.001672,0.000011,0.001900,0.135249,1,1,
334,6.680000,6.680000,1781247835.474468708,1781247835.479275465,1781247835.488637686,1781247835.603578806,1781247835.603584766,1781247835.605234385,1781247835.605248451,1781247835.607233763,0.004807,0.009362,0.114941,0.000006,0.001650,0.000014,0.001985,0.132765,1,1,
335,6.700000,6.700000,1781247835.607233763,1781247835.613080025,1781247835.622392654,1781247835.737059355,1781247835.737066746,1781247835.737956285,1781247835.737974644,1781247835.740876436,0.005846,0.009313,0.114667,0.000007,0.000890,0.000018,0.002902,0.133643,1,1,
336,6.720000,6.720000,1781247835.740876436,1781247835.746251583,1781247835.755363703,1781247835.869182348,1781247835.869190216,1781247835.870130539,1781247835.870141745,1781247835.872073889,0.005375,0.009112,0.113819,0.000008,0.000940,0.000011,0.001932,0.131197,1,1,
337,6.740000,6.740000,1781247835.872073889,1781247835.879703999,1781247835.888940096,1781247836.002849102,1781247836.002856255,1781247836.005289555,1781247836.005307436,1781247836.008951902,0.007630,0.009236,0.113909,0.000007,0.002433,0.000018,0.003644,0.136878,1,1,
338,6.760000,6.760000,1781247836.008951902,1781247836.013191938,1781247836.022492409,1781247836.136692286,1781247836.136698484,1781247836.139144659,1781247836.139163494,1781247836.142796040,0.004240,0.009300,0.114200,0.000006,0.002446,0.000019,0.003633,0.133844,1,1,
339,6.780000,6.780000,1781247836.142796040,1781247836.146537066,1781247836.155900955,1781247836.270506144,1781247836.270513773,1781247836.271159410,1781247836.271177769,1781247836.274845600,0.003741,0.009364,0.114605,0.000008,0.000646,0.000018,0.003668,0.132050,1,1,
340,6.800000,6.800000,1781247836.274845600,1781247836.280075073,1781247836.289727211,1781247836.405731916,1781247836.405737400,1781247836.408419609,1781247836.408439636,1781247836.412225962,0.005229,0.009652,0.116005,0.000005,0.002682,0.000020,0.003786,0.137380,1,1,
341,6.820000,6.820000,1781247836.412225962,1781247836.413519621,1781247836.423309803,1781247836.538899660,1781247836.538907290,1781247836.540038586,1781247836.540056944,1781247836.542482615,0.001294,0.009790,0.115590,0.000008,0.001131,0.000018,0.002426,0.130257,1,1,
342,6.840000,6.840000,1781247836.542482615,1781247836.546991825,1781247836.556391716,1781247836.671921968,1781247836.671930075,1781247836.672487259,1781247836.672506332,1781247836.676136017,0.004509,0.009400,0.115530,0.000008,0.000557,0.000019,0.003630,0.133653,1,1,
343,6.860000,6.860000,1781247836.676136017,1781247836.680474520,1781247836.690735817,1781247836.805538893,1781247836.805546522,1781247836.807665586,1781247836.807683945,1781247836.811288834,0.004339,0.010261,0.114803,0.000008,0.002119,0.000018,0.003605,0.135153,1,1,
344,6.880000,6.880000,1781247836.811288834,1781247836.813763380,1781247836.823231220,1781247836.937738419,1781247836.937745333,1781247836.939323664,1781247836.939334631,1781247836.941281557,0.002475,0.009468,0.114507,0.000007,0.001578,0.000011,0.001947,0.129993,1,1,
345,6.900000,6.900000,1781247836.941281557,1781247836.947236776,1781247836.957239389,1781247837.072043419,1781247837.072051525,1781247837.074361086,1781247837.074378729,1781247837.078052759,0.005955,0.010003,0.114804,0.000008,0.002310,0.000018,0.003674,0.136771,1,1,
346,6.920000,6.920000,1781247837.078052759,1781247837.080622435,1781247837.090141773,1781247837.205049753,1781247837.205056667,1781247837.206137657,1781247837.206148624,1781247837.208362341,0.002570,0.009519,0.114908,0.000007,0.001081,0.000011,0.002214,0.130310,1,1,
347,6.940000,6.940000,1781247837.208362341,1781247837.214015722,1781247837.223601580,1781247837.338587999,1781247837.338595867,1781247837.340563536,1781247837.340581179,1781247837.343155146,0.005653,0.009586,0.114986,0.000008,0.001968,0.000018,0.002574,0.134793,1,1,
348,6.960000,6.960000,1781247837.343155146,1781247837.347515821,1781247837.357113123,1781247837.471605539,1781247837.471611738,1781247837.471957207,1781247837.471974373,1781247837.475521564,0.004361,0.009597,0.114492,0.000006,0.000345,0.000017,0.003547,0.132366,1,1,
349,6.980000,6.980000,1781247837.475521564,1781247837.481127739,1781247837.493066311,1781247837.608539820,1781247837.608547926,1781247837.610677004,1781247837.610699177,1781247837.614608288,0.005606,0.011939,0.115474,0.000008,0.002129,0.000022,0.003909,0.139087,1,1,
350,7.000000,7.000000,1781247837.614608288,1781247837.614667892,1781247837.624501944,1781247837.740026474,1781247837.740032673,1781247837.741761208,1781247837.741785526,1781247837.743866444,0.000060,0.009834,0.115525,0.000006,0.001729,0.000024,0.002081,0.129258,1,1,
351,7.020000,7.020000,1781247837.743866444,1781247837.748039484,1781247837.757761717,1781247837.872382641,1781247837.872390747,1781247837.872848272,1781247837.872866869,1781247837.876430988,0.004173,0.009722,0.114621,0.000008,0.000458,0.000019,0.003564,0.132565,1,1,
352,7.040000,7.040000,1781247837.876430988,1781247837.881330252,1781247837.891065598,1781247838.006531000,1781247838.006537914,1781247838.007477283,1781247838.007488728,1781247838.010080099,0.004899,0.009735,0.115465,0.000007,0.000939,0.000011,0.002591,0.133649,1,1,
353,7.060000,7.060000,1781247838.010080099,1781247838.014703512,1781247838.025820255,1781247838.141683340,1781247838.141691685,1781247838.142922401,1781247838.142935038,1781247838.145094395,0.004623,0.011117,0.115863,0.000008,0.001231,0.000013,0.002159,0.135014,1,1,
354,7.080000,7.080000,1781247838.145094395,1781247838.148110867,1781247838.157963514,1781247838.273610830,1781247838.273616552,1781247838.274082661,1781247838.274100542,1781247838.277646303,0.003016,0.009853,0.115647,0.000006,0.000466,0.000018,0.003546,0.132552,1,1,
355,7.100000,7.100000,1781247838.277646303,1781247838.281565189,1781247838.292797089,1781247838.406407356,1781247838.406415462,1781247838.407602072,1781247838.407622099,1781247838.409745693,0.003919,0.011232,0.113610,0.000008,0.001187,0.000020,0.002124,0.132099,1,1,
356,7.120000,7.120000,1781247838.409745693,1781247838.415342093,1781247838.425212145,1781247838.539737940,1781247838.539744616,1781247838.540932894,1781247838.540944099,1781247838.542919874,0.005596,0.009870,0.114526,0.000007,0.001188,0.000011,0.001976,0.133174,1,1,
357,7.140000,7.140000,1781247838.542919874,1781247838.548498631,1781247838.558698177,1781247838.677739859,1781247838.677749157,1781247838.678794861,1781247838.678814173,1781247838.681327105,0.005579,0.010200,0.119042,0.000009,0.001046,0.000019,0.002513,0.138407,1,1,
358,7.160000,7.160000,1781247838.681327105,1781247838.681841135,1781247838.691942930,1781247838.807403564,1781247838.807409525,1781247838.808647156,1781247838.808664799,1781247838.812255383,0.000514,0.010102,0.115461,0.000006,0.001238,0.000018,0.003591,0.130928,1,1,
359,7.180000,7.180000,1781247838.812255383,1781247838.815404892,1781247838.825335503,1781247838.939275980,1781247838.939283371,1781247838.940330267,1781247838.940340996,1781247838.942337036,0.003150,0.009931,0.113940,0.000007,0.001047,0.000011,0.001996,0.130082,1,1,
360,7.200000,7.200000,1781247838.942337036,1781247838.949082136,1781247838.959031820,1781247839.073451757,1781247839.073458195,1781247839.074997663,1781247839.075016260,1781247839.078520536,0.006745,0.009950,0.114420,0.000006,0.001539,0.000019,0.003504,0.136184,1,1,
361,7.220000,7.220000,1781247839.078520536,1781247839.082351446,1781247839.092722178,1781247839.208866596,1781247839.208874226,1781247839.210020304,1781247839.210031986,1781247839.212068796,0.003831,0.010371,0.116144,0.000008,0.001146,0.000012,0.002037,0.133548,1,1,
362,7.240000,7.240000,1781247839.212068796,1781247839.215680838,1781247839.226091862,1781247839.340466261,1781247839.340472221,1781247839.341858149,1781247839.341877222,1781247839.345453978,0.003612,0.010411,0.114374,0.000006,0.001386,0.000019,0.003577,0.133385,1,1,
363,7.260000,7.260000,1781247839.345453978,1781247839.349232435,1781247839.361163378,1781247839.475346804,1781247839.475354195,1781247839.476487637,1781247839.476505756,1781247839.479699612,0.003778,0.011931,0.114183,0.000007,0.001133,0.000018,0.003194,0.134246,1,1,
364,7.280000,7.280000,1781247839.479699612,1781247839.482607365,1781247839.492715597,1781247839.607263088,1781247839.607269287,1781247839.608610153,1781247839.608623266,1781247839.610585451,0.002908,0.010108,0.114547,0.000006,0.001341,0.000013,0.001962,0.130886,1,1,
365,7.300000,7.300000,1781247839.610585451,1781247839.616003513,1781247839.626234770,1781247839.740374088,1781247839.740382433,1781247839.742486954,1781247839.742499828,1781247839.744541168,0.005418,0.010231,0.114139,0.000008,0.002105,0.000013,0.002041,0.133956,1,1,
366,7.320000,7.320000,1781247839.744541168,1781247839.749491215,1781247839.759621382,1781247839.874362469,1781247839.874368429,1781247839.876693964,1781247839.876713991,1781247839.880410194,0.004950,0.010130,0.114741,0.000006,0.002326,0.000020,0.003696,0.135869,1,1,
367,7.340000,7.340000,1781247839.880410194,1781247839.883193016,1781247839.893467426,1781247840.006745100,1781247840.006752968,1781247840.008722544,1781247840.008740425,1781247840.012288570,0.002783,0.010274,0.113278,0.000008,0.001970,0.000018,0.003548,0.131878,1,1,
368,7.360000,7.360000,1781247840.012288570,1781247840.016372681,1781247840.026530743,1781247840.140506029,1781247840.140511751,1781247840.140706301,1781247840.140717268,1781247840.142775297,0.004084,0.010158,0.113975,0.000006,0.000195,0.000011,0.002058,0.130487,1,1,
369,7.380000,7.380000,1781247840.142775297,1781247840.149733067,1781247840.160375118,1781247840.273812294,1781247840.273819447,1781247840.275917053,1781247840.275934935,1781247840.279554367,0.006958,0.010642,0.113437,0.000007,0.002098,0.000018,0.003619,0.136779,1,1,
370,7.400000,7.400000,1781247840.279554367,1781247840.283274174,1781247840.293499231,1781247840.408349991,1781247840.408355951,1781247840.410367966,1781247840.410379171,1781247840.412287474,0.003720,0.010225,0.114851,0.000006,0.002012,0.000011,0.001908,0.132733,1,1,
371,7.420000,7.420000,1781247840.412287474,1781247840.416659594,1781247840.426923037,1781247840.540654898,1781247840.540663004,1781247840.542400837,1781247840.542412281,1781247840.544346571,0.004372,0.010263,0.113732,0.000008,0.001738,0.000011,0.001934,0.132059,1,1,
372,7.440000,7.440000,1781247840.544346571,1781247840.550094128,1781247840.560471058,1781247840.676161289,1781247840.676167727,1781247840.678184986,1781247840.678199053,1781247840.680208445,0.005748,0.010377,0.115690,0.000006,0.002017,0.000014,0.002009,0.135862,1,1,
373,7.460000,7.460000,1781247840.680208445,1781247840.683603764,1781247840.694205046,1781247840.808712244,1781247840.808719635,1781247840.810971498,1781247840.810983419,1781247840.812929869,0.003395,0.010601,0.114507,0.000007,0.002252,0.000012,0.001946,0.132721,1,1,
374,7.480000,7.480000,1781247840.812929869,1781247840.817106962,1781247840.827784777,1781247840.944505453,1781247840.944510937,1781247840.946590424,1781247840.946608067,1781247840.950161219,0.004177,0.010678,0.116721,0.000005,0.002079,0.000018,0.003553,0.137231,1,1,
375,7.500000,7.500000,1781247840.950161219,1781247840.950470686,1781247840.960848093,1781247841.073871851,1781247841.073879480,1781247841.074465752,1781247841.074485302,1781247841.076690435,0.000309,0.010377,0.113024,0.000008,0.000586,0.000020,0.002205,0.126529,1,1,
376,7.520000,7.520000,1781247841.076690435,1781247841.084134579,1781247841.094594717,1781247841.210922718,1781247841.210928917,1781247841.213013172,1781247841.213030338,1781247841.215546370,0.007444,0.010460,0.116328,0.000006,0.002084,0.000017,0.002516,0.138856,1,1,
377,7.540000,7.540000,1781247841.215546370,1781247841.217266798,1781247841.227790833,1781247841.340973139,1781247841.340980768,1781247841.341909409,1781247841.341935158,1781247841.343983412,0.001720,0.010524,0.113182,0.000008,0.000929,0.000026,0.002048,0.128437,1,1,
378,7.560000,7.560000,1781247841.343983412,1781247841.350856304,1781247841.361371756,1781247841.478401899,1781247841.478408337,1781247841.480125666,1781247841.480139732,1781247841.482172489,0.006873,0.010515,0.117030,0.000006,0.001717,0.000014,0.002033,0.138189,1,1,
379,7.580000,7.580000,1781247841.482172489,1781247841.485276461,1781247841.496338606,1781247841.610224485,1781247841.610232353,1781247841.612842321,1781247841.612860680,1781247841.615181208,0.003104,0.011062,0.113886,0.000008,0.002610,0.000018,0.002321,0.133009,1,1,
380,7.600000,7.600000,1781247841.615181208,1781247841.617694616,1781247841.628286123,1781247841.742666245,1781247841.742672682,1781247841.743416309,1781247841.743433952,1781247841.746977568,0.002513,0.010592,0.114380,0.000006,0.000744,0.000018,0.003544,0.131796,1,1,
381,7.620000,7.620000,1781247841.746977568,1781247841.751277924,1781247841.761912584,1781247841.876101494,1781247841.876109123,1781247841.877086639,1781247841.877105713,1781247841.880675316,0.004300,0.010635,0.114189,0.000008,0.000978,0.000019,0.003570,0.133698,1,1,
382,7.640000,7.640000,1781247841.880675316,1781247841.884589672,1781247841.895319700,1781247842.010016203,1781247842.010022402,1781247842.012290239,1781247842.012302637,1781247842.014260054,0.003914,0.010730,0.114697,0.000006,0.002268,0.000012,0.001957,0.133585,1,1,
383,7.660000,7.660000,1781247842.014260054,1781247842.051651001,1781247842.062082529,1781247842.178406954,1781247842.178414345,1781247842.179609537,1781247842.179622650,1781247842.181548595,0.037391,0.010432,0.116324,0.000007,0.001195,0.000013,0.001926,0.167289,1,1,
384,7.680000,7.680000,1781247842.181548595,1781247842.184869528,1781247842.195750475,1781247842.312287092,1781247842.312293291,1781247842.314716339,1781247842.314734221,1781247842.318322897,0.003321,0.010881,0.116537,0.000006,0.002423,0.000018,0.003589,0.136774,1,1,
385,7.700000,7.700000,1781247842.318322897,1781247842.318324327,1781247842.329207897,1781247842.444475174,1781247842.444483042,1781247842.446801901,1781247842.446819782,1781247842.450368881,0.000001,0.010884,0.115267,0.000008,0.002319,0.000018,0.003549,0.132046,1,1,
386,7.720000,7.720000,1781247842.450368881,1781247842.451709747,1781247842.462638855,1781247842.577959776,1781247842.577965975,1781247842.579404831,1781247842.579417706,1781247842.581318855,0.001341,0.010929,0.115321,0.000006,0.001439,0.000013,0.001901,0.130950,1,1,
387,7.740000,7.740000,1781247842.581318855,1781247842.585063457,1781247842.595930338,1781247842.710519075,1781247842.710527182,1781247842.711672544,1781247842.711690664,1781247842.715271950,0.003745,0.010867,0.114589,0.000008,0.001145,0.000018,0.003581,0.133953,1,1,
388,7.760000,7.760000,1781247842.715271950,1781247842.718628883,1781247842.729429483,1781247842.843524933,1781247842.843531370,1781247842.844732761,1781247842.844744205,1781247842.846775770,0.003357,0.010801,0.114095,0.000006,0.001201,0.000011,0.002032,0.131504,1,1,
389,7.780000,7.780000,1781247842.846775770,1781247842.852106571,1781247842.862797976,1781247842.976210117,1781247842.976217747,1781247842.977522612,1781247842.977534533,1781247842.979557276,0.005331,0.010691,0.113412,0.000008,0.001305,0.000012,0.002023,0.132782,1,1,
390,7.800000,7.800000,1781247842.979557276,1781247842.985472202,1781247842.996393204,1781247843.111038446,1781247843.111044884,1781247843.113403559,1781247843.113420486,1781247843.116964340,0.005915,0.010921,0.114645,0.000006,0.002359,0.000017,0.003544,0.137407,1,1,
391,7.820000,7.820000,1781247843.116964340,1781247843.119447947,1781247843.130112410,1781247843.245245934,1781247843.245254755,1781247843.246177197,1781247843.246195555,1781247843.249767542,0.002484,0.010664,0.115134,0.000009,0.000922,0.000018,0.003572,0.132803,1,1,
392,7.840000,7.840000,1781247843.249767542,1781247843.252354622,1781247843.263190031,1781247843.377640963,1781247843.377648115,1781247843.377961397,1781247843.377980232,1781247843.381593704,0.002587,0.010835,0.114451,0.000007,0.000313,0.000019,0.003613,0.131826,1,1,
393,7.860000,7.860000,1781247843.381593704,1781247843.386045694,1781247843.396991968,1781247843.510977030,1781247843.510985374,1781247843.512082338,1781247843.512094736,1781247843.514014244,0.004452,0.010946,0.113985,0.000008,0.001097,0.000012,0.001920,0.132421,1,1,
394,7.880000,7.880000,1781247843.514014244,1781247843.519187450,1781247843.530071020,1781247843.646390200,1781247843.646396399,1781247843.647598267,1781247843.647610426,1781247843.649554968,0.005173,0.010884,0.116319,0.000006,0.001202,0.000012,0.001945,0.135541,1,1,
395,7.900000,7.900000,1781247843.649554968,1781247843.652675390,1781247843.663737059,1781247843.778663158,1781247843.778671503,1781247843.779099941,1781247843.779118299,1781247843.782551527,0.003120,0.011062,0.114926,0.000008,0.000428,0.000018,0.003433,0.132997,1,1,
396,7.920000,7.920000,1781247843.782551527,1781247843.786375999,1781247843.797484875,1781247843.918937445,1781247843.918943167,1781247843.920459270,1781247843.920470953,1781247843.922553539,0.003824,0.011109,0.121453,0.000006,0.001516,0.000012,0.002083,0.140002,1,1,
397,7.940000,7.940000,1781247843.922553539,1781247843.936279058,1781247843.947237015,1781247844.062007666,1781247844.062015057,1781247844.064077616,1781247844.064097643,1781247844.067705870,0.013726,0.010958,0.114771,0.000007,0.002063,0.000020,0.003608,0.145152,1,1,
398,7.960000,7.960000,1781247844.067705870,1781247844.069997549,1781247844.081252337,1781247844.197567225,1781247844.197573900,1781247844.199418306,1781247844.199435949,1781247844.201684475,0.002292,0.011255,0.116315,0.000007,0.001844,0.000018,0.002249,0.133979,1,1,
399,7.980000,7.980000,1781247844.201684475,1781247844.203088284,1781247844.214148283,1781247844.359431028,1781247844.359438658,1781247844.360646963,1781247844.360659361,1781247844.362590551,0.001404,0.011060,0.145283,0.000008,0.001208,0.000012,0.001931,0.160906,1,1,
400,8.000000,8.000000,1781247844.362590551,1781247844.369923592,1781247844.380911350,1781247844.494739771,1781247844.494745970,1781247844.497230291,1781247844.497247696,1781247844.500614643,0.007333,0.010988,0.113828,0.000006,0.002484,0.000017,0.003367,0.138024,1,1,
401,8.020000,8.020000,1781247844.500614643,1781247844.503379107,1781247844.514445543,1781247844.627775431,1781247844.627783060,1781247844.629794598,1781247844.629806995,1781247844.631763697,0.002764,0.011066,0.113330,0.000008,0.002012,0.000012,0.001957,0.131149,1,1,
402,8.040000,8.040000,1781247844.631763697,1781247844.637024879,1781247844.648218155,1781247844.762601137,1781247844.762608051,1781247844.763110876,1781247844.763123989,1781247844.765043736,0.005261,0.011193,0.114383,0.000007,0.000503,0.000013,0.001920,0.133280,1,1,
403,8.060000,8.060000,1781247844.765043736,1781247844.770341873,1781247844.781440973,1781247844.894765854,1781247844.894776344,1781247844.896214724,1781247844.896226406,1781247844.898194790,0.005298,0.011099,0.113325,0.000010,0.001438,0.000012,0.001968,0.133151,1,1,
404,8.080000,8.080000,1781247844.898194790,1781247844.903719902,1781247844.914812088,1781247845.028719187,1781247845.028724670,1781247845.031077862,1781247845.031089067,1781247845.032956123,0.005525,0.011092,0.113907,0.000005,0.002353,0.000011,0.001867,0.134761,1,1,
405,8.100000,8.100000,1781247845.032956123,1781247845.037248850,1781247845.048787355,1781247845.163137674,1781247845.163145542,1781247845.164270639,1781247845.164289474,1781247845.166588783,0.004293,0.011539,0.114350,0.000008,0.001125,0.000019,0.002299,0.133633,1,1,
406,8.120000,8.120000,1781247845.166588783,1781247845.170787811,1781247845.182108879,1781247845.297623396,1781247845.297630310,1781247845.299722195,1781247845.299739599,1781247845.301725864,0.004199,0.011321,0.115515,0.000007,0.002092,0.000017,0.001986,0.135137,1,1,
407,8.140000,8.140000,1781247845.301725864,1781247845.304105520,1781247845.315465212,1781247845.428839684,1781247845.428847790,1781247845.430217981,1781247845.430236101,1781247845.433801889,0.002380,0.011360,0.113374,0.000008,0.001370,0.000018,0.003566,0.132076,1,1,
408,8.160000,8.160000,1781247845.433801889,1781247845.437445402,1781247845.448602676,1781247845.562930346,1781247845.562937021,1781247845.565151453,1781247845.565169096,1781247845.567788601,0.003644,0.011157,0.114328,0.000007,0.002214,0.000018,0.002620,0.133987,1,1,
409,8.180000,8.180000,1781247845.567788601,1781247845.570919275,1781247845.582308531,1781247845.697344065,1781247845.697351456,1781247845.699352503,1781247845.699371099,1781247845.702958584,0.003131,0.011389,0.115036,0.000007,0.002001,0.000019,0.003587,0.135170,1,1,
410,8.200000,8.200000,1781247845.702958584,1781247845.704265833,1781247845.715659618,1781247845.830273867,1781247845.830280542,1781247845.831745625,1781247845.831764221,1781247845.834898233,0.001307,0.011394,0.114614,0.000007,0.001465,0.000019,0.003134,0.131940,1,1,
411,8.220000,8.220000,1781247845.834898233,1781247845.837913275,1781247845.850325584,1781247845.964894533,1781247845.964902401,1781247845.966385603,1781247845.966403484,1781247845.968702316,0.003015,0.012412,0.114569,0.000008,0.001483,0.000018,0.002299,0.133804,1,1,
412,8.240000,8.240000,1781247845.968702316,1781247845.971308947,1781247845.983648062,1781247846.102542400,1781247846.102548361,1781247846.102949619,1781247846.102969170,1781247846.105445147,0.002607,0.012339,0.118894,0.000006,0.000401,0.000020,0.002476,0.136743,1,1,
413,8.260000,8.260000,1781247846.105445147,1781247846.121428251,1781247846.133005857,1781247846.248508215,1781247846.248515844,1781247846.250159502,1781247846.250177860,1781247846.253750801,0.015983,0.011578,0.115502,0.000008,0.001644,0.000018,0.003573,0.148306,1,1,
414,8.280000,8.280000,1781247846.253750801,1781247846.254803658,1781247846.266358376,1781247846.381032944,1781247846.381039858,1781247846.383110046,1781247846.383129835,1781247846.386845112,0.001053,0.011555,0.114675,0.000007,0.002070,0.000020,0.003715,0.133094,1,1,
415,8.300000,8.300000,1781247846.386845112,1781247846.388418198,1781247846.400015354,1781247846.514965057,1781247846.514972925,1781247846.516174793,1781247846.516185284,1781247846.518087149,0.001573,0.011597,0.114950,0.000008,0.001202,0.000010,0.001902,0.131242,1,1,
416,8.320000,8.320000,1781247846.518087149,1781247846.521801949,1781247846.533371925,1781247846.648483038,1781247846.648489237,1781247846.649725199,1781247846.649742365,1781247846.653296709,0.003715,0.011570,0.115111,0.000006,0.001236,0.000017,0.003554,0.135210,1,1,
417,8.340000,8.340000,1781247846.653296709,1781247846.655234337,1781247846.668723345,1781247846.784410000,1781247846.784418106,1781247846.786496878,1781247846.786508322,1781247846.788552761,0.001938,0.013489,0.115687,0.000008,0.002079,0.000011,0.002044,0.135256,1,1,
418,8.360000,8.360000,1781247846.788552761,1781247846.788506269,1781247846.801912308,1781247846.915931463,1781247846.915937901,1781247846.918192625,1781247846.918210983,1781247846.921786070,-0.000046,0.013406,0.114019,0.000006,0.002255,0.000018,0.003575,0.133233,0,1,cycle_order
419,8.380000,8.380000,1781247846.921786070,1781247846.922172308,1781247846.933856726,1781247847.057789087,1781247847.057797909,1781247847.059917212,1781247847.059934616,1781247847.062247276,0.000386,0.011684,0.123932,0.000009,0.002119,0.000017,0.002313,0.140461,1,1,
420,8.400000,8.400000,1781247847.062247276,1781247847.139072657,1781247847.152796984,1781247847.267001629,1781247847.267008066,1781247847.268819094,1781247847.268837929,1781247847.272455692,0.076825,0.013724,0.114205,0.000006,0.001811,0.000019,0.003618,0.210208,1,1,
421,8.420000,8.420000,1781247847.272455692,1781247847.289275408,1781247847.303532600,1781247847.415719509,1781247847.415727139,1781247847.416839600,1781247847.416856527,1781247847.419219494,0.016820,0.014257,0.112187,0.000008,0.001112,0.000017,0.002363,0.146764,1,1,
422,8.440000,8.440000,1781247847.419219494,1781247847.422514677,1781247847.434387922,1781247847.548958302,1781247847.548964500,1781247847.549580574,1781247847.549598932,1781247847.553100109,0.003295,0.011873,0.114570,0.000006,0.000616,0.000018,0.003501,0.133881,1,1,
423,8.460000,8.460000,1781247847.553100109,1781247847.555863857,1781247847.569188595,1781247847.682389498,1781247847.682397127,1781247847.682923079,1781247847.682934999,1781247847.684875250,0.002764,0.013325,0.113201,0.000008,0.000526,0.000012,0.001940,0.131775,1,1,
424,8.480000,8.480000,1781247847.684875250,1781247847.689356089,1781247847.701093674,1781247847.815624714,1781247847.815631866,1781247847.817553520,1781247847.817572117,1781247847.820158005,0.004481,0.011738,0.114531,0.000007,0.001922,0.000019,0.002586,0.135283,1,1,
425,8.500000,8.500000,1781247847.820158005,1781247847.822751284,1781247847.836259842,1781247847.951116323,1781247847.951123953,1781247847.953221321,1781247847.953238726,1781247847.956781864,0.002593,0.013509,0.114856,0.000008,0.002097,0.000017,0.003543,0.136624,1,1,
426,8.520000,8.520000,1781247847.956781864,1781247847.973176479,1781247847.987606764,1781247848.102335453,1781247848.102342129,1781247848.102793217,1781247848.102804661,1781247848.104728460,0.016395,0.014430,0.114729,0.000007,0.000451,0.000011,0.001924,0.147947,1,1,
427,8.540000,8.540000,1781247848.104728460,1781247848.106189251,1781247848.118093967,1781247848.232203722,1781247848.232211828,1781247848.234379053,1781247848.234390497,1781247848.236377716,0.001461,0.011905,0.114110,0.000008,0.002167,0.000011,0.001987,0.131649,1,1,
428,8.560000,8.560000,1781247848.236377716,1781247848.239799976,1781247848.255527258,1781247848.378134489,1781247848.378140688,1781247848.380475760,1781247848.380494118,1781247848.383640528,0.003422,0.015727,0.122607,0.000006,0.002335,0.000018,0.003146,0.147263,1,1,
429,8.580000,8.580000,1781247848.383640528,1781247848.389890909,1781247848.402063847,1781247848.515322447,1781247848.515330076,1781247848.517587900,1781247848.517600060,1781247848.519591093,0.006250,0.012173,0.113259,0.000008,0.002258,0.000012,0.001991,0.135951,1,1,
430,8.600000,8.600000,1781247848.519591093,1781247848.523370266,1781247848.535182238,1781247848.648088694,1781247848.648095369,1781247848.648622990,1781247848.648635864,1781247848.650527954,0.003779,0.011812,0.112906,0.000007,0.000528,0.000013,0.001892,0.130937,1,1,
431,8.620000,8.620000,1781247848.650527954,1781247848.656997681,1781247848.668838739,1781247848.782089233,1781247848.782097340,1781247848.782701969,1781247848.782720566,1781247848.786290646,0.006470,0.011841,0.113250,0.000008,0.000605,0.000019,0.003570,0.135763,1,1,
432,8.640000,8.640000,1781247848.786290646,1781247848.790337801,1781247848.802247763,1781247848.915982008,1781247848.915988445,1781247848.917160034,1781247848.917178392,1781247848.920743465,0.004047,0.011910,0.113734,0.000006,0.001172,0.000018,0.003565,0.134453,1,1,
433,8.660000,8.660000,1781247848.920743465,1781247848.923660278,1781247848.935580254,1781247849.048997879,1781247849.049006224,1781247849.051096678,1781247849.051107645,1781247849.052987099,0.002917,0.011920,0.113418,0.000008,0.002090,0.000011,0.001879,0.132244,1,1,
434,8.680000,8.680000,1781247849.052987099,1781247849.057112932,1781247849.069333792,1781247849.182512045,1781247849.182518959,1781247849.183019161,1781247849.183038235,1781247849.185879469,0.004126,0.012221,0.113178,0.000007,0.000500,0.000019,0.002841,0.132892,1,1,
435,8.700000,8.700000,1781247849.185879469,1781247849.190628052,1781247849.202612638,1781247849.353894949,1781247849.353901863,1781247849.355262756,1781247849.355281591,1781247849.357571125,0.004749,0.011985,0.151282,0.000007,0.001361,0.000019,0.002290,0.171692,1,1,
436,8.720000,8.720000,1781247849.357571125,1781247849.374173880,1781247849.388616562,1781247849.502361536,1781247849.502368212,1781247849.503327847,1781247849.503341913,1781247849.505409956,0.016603,0.014443,0.113745,0.000007,0.000960,0.000014,0.002068,0.147839,1,1,
437,8.740000,8.740000,1781247849.505409956,1781247849.507431269,1781247849.520456553,1781247849.634383678,1781247849.634390831,1781247849.634723186,1781247849.634741783,1781247849.637915611,0.002021,0.013025,0.113927,0.000007,0.000332,0.000019,0.003174,0.132506,1,1,
438,8.760000,8.760000,1781247849.637915611,1781247849.641182899,1781247849.653316498,1781247849.768126011,1781247849.768132925,1781247849.769833803,1781247849.769851446,1781247849.772445202,0.003267,0.012134,0.114810,0.000007,0.001701,0.000018,0.002594,0.134530,1,1,
439,8.780000,8.780000,1781247849.772445202,1781247849.774548769,1781247849.787414312,1781247849.901662827,1781247849.901670218,1781247849.903777599,1781247849.903883696,1781247849.905885935,0.002104,0.012866,0.114249,0.000007,0.002107,0.000106,0.002002,0.133441,1,1,
440,8.800000,8.800000,1781247849.905885935,1781247849.907829762,1781247849.921450853,1781247850.036473274,1781247850.036482334,1781247850.036791801,1781247850.036803246,1781247850.038784504,0.001944,0.013621,0.115022,0.000009,0.000309,0.000011,0.001981,0.132899,1,1,
441,8.820000,8.820000,1781247850.038784504,1781247850.041162252,1781247850.053701401,1781247850.167510271,1781247850.167518377,1781247850.169274330,1781247850.169286251,1781247850.171214581,0.002378,0.012539,0.113809,0.000008,0.001756,0.000012,0.001928,0.132430,1,1,
442,8.840000,8.840000,1781247850.171214581,1781247850.174653292,1781247850.187991381,1781247850.301925421,1781247850.301931620,1781247850.304232597,1781247850.304250479,1781247850.307857990,0.003439,0.013338,0.113934,0.000006,0.002301,0.000018,0.003608,0.136643,1,1,
443,8.860000,8.860000,1781247850.307857990,1781247850.308367252,1781247850.320627928,1781247850.434309721,1781247850.434317350,1781247850.436036348,1781247850.436047554,1781247850.438068151,0.000509,0.012261,0.113682,0.000008,0.001719,0.000011,0.002021,0.130210,1,1,
444,8.880000,8.880000,1781247850.438068151,1781247850.441672564,1781247850.454276800,1781247850.568439245,1781247850.568445206,1781247850.569833517,1781247850.569853544,1781247850.572402239,0.003604,0.012604,0.114162,0.000006,0.001388,0.000020,0.002549,0.134334,1,1,
445,8.900000,8.900000,1781247850.572402239,1781247850.575293541,1781247850.589555979,1781247850.702988863,1781247850.702996731,1781247850.704617977,1781247850.704638481,1781247850.706763029,0.002891,0.014262,0.113433,0.000008,0.001621,0.000021,0.002125,0.134361,1,1,
446,8.920000,8.920000,1781247850.706763029,1781247850.708492279,1781247850.722275257,1781247850.838726997,1781247850.838733196,1781247850.841308832,1781247850.841321707,1781247850.843411207,0.001729,0.013783,0.116452,0.000006,0.002576,0.000013,0.002090,0.136648,1,1,
447,8.940000,8.940000,1781247850.843411207,1781247850.858704567,1781247850.872479439,1781247850.985602379,1781247850.985610962,1781247850.987601519,1781247850.987612963,1781247850.989630699,0.015293,0.013775,0.113123,0.000009,0.001991,0.000011,0.002018,0.146219,1,1,
448,8.960000,8.960000,1781247850.989630699,1781247850.992136717,1781247851.004868269,1781247851.118965149,1781247851.118971586,1781247851.120581388,1781247851.120592356,1781247851.122534513,0.002506,0.012732,0.114097,0.000006,0.001610,0.000011,0.001942,0.132904,1,1,
449,8.980000,8.980000,1781247851.122534513,1781247851.125505686,1781247851.138033867,1781247851.251624107,1781247851.251632214,1781247851.253591537,1781247851.253605127,1781247851.256011486,0.002971,0.012528,0.113590,0.000008,0.001959,0.000014,0.002406,0.133477,1,1,
450,9.000000,9.000000,1781247851.256011486,1781247851.259023190,1781247851.271510601,1781247851.385396481,1781247851.385402679,1781247851.387739658,1781247851.387758255,1781247851.391392469,0.003012,0.012487,0.113886,0.000006,0.002337,0.000019,0.003634,0.135381,1,1,
451,9.020000,9.020000,1781247851.391392469,1781247851.392352343,1781247851.409487009,1781247851.534506559,1781247851.534514189,1781247851.536577225,1781247851.536595106,1781247851.538916826,0.000960,0.017135,0.125020,0.000008,0.002063,0.000018,0.002322,0.147524,1,1,
452,9.040000,9.040000,1781247851.538916826,1781247851.542568684,1781247851.555079699,1781247851.668241501,1781247851.668247700,1781247851.669280767,1781247851.669292212,1781247851.671255827,0.003652,0.012511,0.113162,0.000006,0.001033,0.000011,0.001964,0.132339,1,1,
453,9.060000,9.060000,1781247851.671255827,1781247851.676190615,1781247851.688738346,1781247851.801504612,1781247851.801512718,1781247851.802848101,1781247851.802866697,1781247851.805376530,0.004935,0.012548,0.112766,0.000008,0.001335,0.000019,0.002510,0.134121,1,1,
454,9.080000,9.080000,1781247851.805376530,1781247851.809373617,1781247851.821923733,1781247851.934525728,1781247851.934531927,1781247851.936540842,1781247851.936558485,1781247851.940129042,0.003997,0.012550,0.112602,0.000006,0.002009,0.000018,0.003571,0.134753,1,1,
455,9.100000,9.100000,1781247851.940129042,1781247851.942955256,1781247851.955494881,1781247852.067317963,1781247852.067326307,1781247852.069469213,1781247852.069487333,1781247852.071959734,0.002826,0.012540,0.111823,0.000008,0.002143,0.000018,0.002472,0.131831,1,1,
456,9.120000,9.120000,1781247852.071959734,1781247852.076242208,1781247852.088753939,1781247852.200912714,1781247852.200918436,1781247852.202782869,1781247852.202801466,1781247852.205365658,0.004282,0.012512,0.112159,0.000006,0.001864,0.000019,0.002564,0.133406,1,1,
457,9.140000,9.140000,1781247852.205365658,1781247852.209679842,1781247852.222377300,1781247852.334239960,1781247852.334247589,1781247852.334598303,1781247852.334615707,1781247852.337827444,0.004314,0.012697,0.111863,0.000008,0.000351,0.000017,0.003212,0.132462,1,1,
458,9.160000,9.160000,1781247852.337827444,1781247852.343321323,1781247852.355973721,1781247852.468474865,1781247852.468481064,1781247852.470250130,1781247852.470271349,1781247852.472749472,0.005494,0.012652,0.112501,0.000006,0.001769,0.000021,0.002478,0.134922,1,1,
459,9.180000,9.180000,1781247852.472749472,1781247852.476559401,1781247852.489329815,1781247852.602300406,1781247852.602308512,1781247852.602701664,1781247852.602720261,1781247852.605775833,0.003810,0.012770,0.112971,0.000008,0.000393,0.000019,0.003056,0.133026,1,1,
460,9.200000,9.200000,1781247852.605775833,1781247852.610343933,1781247852.623147726,1781247852.735569954,1781247852.735576153,1781247852.736026525,1781247852.736045361,1781247852.739785433,0.004568,0.012804,0.112422,0.000006,0.000450,0.000019,0.003740,0.134010,1,1,
461,9.220000,9.220000,1781247852.739785433,1781247852.743574858,1781247852.758346796,1781247852.872020960,1781247852.872028589,1781247852.872505903,1781247852.872523785,1781247852.875655651,0.003789,0.014772,0.113674,0.000008,0.000477,0.000018,0.003132,0.135870,1,1,
462,9.240000,9.240000,1781247852.875655651,1781247852.877039909,1781247852.889868259,1781247853.003531694,1781247853.003538132,1781247853.005169868,1781247853.005187511,1781247853.008815765,0.001384,0.012828,0.113663,0.000006,0.001632,0.000018,0.003628,0.133160,1,1,
463,9.260000,9.260000,1781247853.008815765,1781247853.010414839,1781247853.023469687,1781247853.138339043,1781247853.138346672,1781247853.140693426,1781247853.140711308,1781247853.144276142,0.001599,0.013055,0.114869,0.000008,0.002347,0.000018,0.003565,0.135460,1,1,
464,9.280000,9.280000,1781247853.144276142,1781247853.160624743,1781247853.178456306,1781247853.294106483,1781247853.294112682,1781247853.294836998,1781247853.294854641,1781247853.297379732,0.016349,0.017832,0.115650,0.000006,0.000724,0.000018,0.002525,0.153104,1,1,
465,9.300000,9.300000,1781247853.297379732,1781247853.310655117,1781247853.323698759,1781247853.435859203,1781247853.435866833,1781247853.437890530,1781247853.437901258,1781247853.439868927,0.013275,0.013044,0.112160,0.000008,0.002024,0.000011,0.001968,0.142489,1,1,
466,9.320000,9.320000,1781247853.439868927,1781247853.444180965,1781247853.457185745,1781247853.574492693,1781247853.574499369,1781247853.576648235,1781247853.576666355,1781247853.580369234,0.004312,0.013005,0.117307,0.000007,0.002149,0.000018,0.003703,0.140500,1,1,
467,9.340000,9.340000,1781247853.580369234,1781247853.594288111,1781247853.607423067,1781247853.721654415,1781247853.721663237,1781247853.723157406,1781247853.723169804,1781247853.725302458,0.013919,0.013135,0.114231,0.000009,0.001494,0.000012,0.002133,0.144933,1,1,
468,9.360000,9.360000,1781247853.725302458,1781247853.727516890,1781247853.740624189,1781247853.853284597,1781247853.853291512,1781247853.854795456,1781247853.854813337,1781247853.857253313,0.002214,0.013107,0.112660,0.000007,0.001504,0.000018,0.002440,0.131951,1,1,
469,9.380000,9.380000,1781247853.857253313,1781247853.861001968,1781247853.874098539,1781247853.986721516,1781247853.986730099,1781247853.989152193,1781247853.989169598,1781247853.991545677,0.003749,0.013097,0.112623,0.000009,0.002422,0.000017,0.002376,0.134292,1,1,
470,9.400000,9.400000,1781247853.991545677,1781247853.994657278,1781247854.009681463,1781247854.122710228,1781247854.122716904,1781247854.125218868,1781247854.125229597,1781247854.127153397,0.003112,0.015024,0.113029,0.000007,0.002502,0.000011,0.001924,0.135608,1,1,
471,9.420000,9.420000,1781247854.127153397,1781247854.127883434,1781247854.140800953,1781247854.256182432,1781247854.256190538,1781247854.257344007,1781247854.257364273,1781247854.260965347,0.000730,0.012918,0.115381,0.000008,0.001153,0.000020,0.003601,0.133812,1,1,
472,9.440000,9.440000,1781247854.260965347,1781247854.261374712,1781247854.274502754,1781247854.387076855,1781247854.387083530,1781247854.388448000,1781247854.388465881,1781247854.390631676,0.000409,0.013128,0.112574,0.000007,0.001364,0.000018,0.002166,0.129666,1,1,
473,9.460000,9.460000,1781247854.390631676,1781247854.395009041,1781247854.408024311,1781247854.520860910,1781247854.520869970,1781247854.521715403,1781247854.521733999,1781247854.524222612,0.004377,0.013015,0.112837,0.000009,0.000845,0.000019,0.002489,0.133591,1,1,
474,9.480000,9.480000,1781247854.524222612,1781247854.528276443,1781247854.541468143,1781247854.655351877,1781247854.655358553,1781247854.656896830,1781247854.656914711,1781247854.659397364,0.004054,0.013192,0.113884,0.000007,0.001538,0.000018,0.002483,0.135175,1,1,
475,9.500000,9.500000,1781247854.659397364,1781247854.661838531,1781247854.675436258,1781247854.788725138,1781247854.788733721,1781247854.789377451,1781247854.789389133,1781247854.791424751,0.002441,0.013598,0.113289,0.000009,0.000644,0.000012,0.002036,0.132027,1,1,
476,9.520000,9.520000,1781247854.791424751,1781247854.795323372,1781247854.808780432,1781247854.922436953,1781247854.922443151,1781247854.922894239,1781247854.922905207,1781247854.924822807,0.003899,0.013457,0.113657,0.000006,0.000451,0.000011,0.001918,0.133398,1,1,
477,9.540000,9.540000,1781247854.924822807,1781247854.928621531,1781247854.941797733,1781247855.054584265,1781247855.054593086,1781247855.056926727,1781247855.056946516,1781247855.060580492,0.003799,0.013176,0.112787,0.000009,0.002334,0.000020,0.003634,0.135758,1,1,
478,9.560000,9.560000,1781247855.060580492,1781247855.062212706,1781247855.075420856,1781247855.188697815,1781247855.188705444,1781247855.189257145,1781247855.189275026,1781247855.192849874,0.001632,0.013208,0.113277,0.000008,0.000552,0.000018,0.003575,0.132269,1,1,
479,9.580000,9.580000,1781247855.192849874,1781247855.195482016,1781247855.208761692,1781247855.321079254,1781247855.321087837,1781247855.321814537,1781247855.321832657,1781247855.325423002,0.002632,0.013280,0.112318,0.000009,0.000727,0.000018,0.003590,0.132573,1,1,
480,9.600000,9.600000,1781247855.325423002,1781247855.329079390,1781247855.342398643,1781247855.455206394,1781247855.455213070,1781247855.456915379,1781247855.456929207,1781247855.459065676,0.003656,0.013319,0.112808,0.000007,0.001702,0.000014,0.002136,0.133643,1,1,
481,9.620000,9.620000,1781247855.459065676,1781247855.462438345,1781247855.476008654,1781247855.589157343,1781247855.589166403,1781247855.590260267,1781247855.590271950,1781247855.592249155,0.003373,0.013570,0.113149,0.000009,0.001094,0.000012,0.001977,0.133183,1,1,
482,9.640000,9.640000,1781247855.592249155,1781247855.595784187,1781247855.609015226,1781247855.721688747,1781247855.721695662,1781247855.722441435,1781247855.722459555,1781247855.725163460,0.003535,0.013231,0.112674,0.000007,0.000746,0.000018,0.002704,0.132914,1,1,
483,9.660000,9.660000,1781247855.725163460,1781247855.729251862,1781247855.742692471,1781247855.855060577,1781247855.855068922,1781247855.856298447,1781247855.856317282,1781247855.859180689,0.004088,0.013441,0.112368,0.000008,0.001230,0.000019,0.002863,0.134017,1,1,
484,9.680000,9.680000,1781247855.859180689,1781247855.862813711,1781247855.876673460,1781247855.991027594,1781247855.991034269,1781247855.992119789,1781247855.992132902,1781247855.994082451,0.003633,0.013860,0.114354,0.000007,0.001086,0.000013,0.001950,0.134902,1,1,
485,9.700000,9.700000,1781247855.994082451,1781247855.996281147,1781247856.010282278,1781247856.124084234,1781247856.124091625,1781247856.125579357,1781247856.125598669,1781247856.129351616,0.002199,0.014001,0.113802,0.000007,0.001488,0.000019,0.003753,0.135269,1,1,
486,9.720000,9.720000,1781247856.129351616,1781247856.129603863,1781247856.143272400,1781247856.257221222,1781247856.257227659,1781247856.259225130,1781247856.259244442,1781247856.262537003,0.000252,0.013669,0.113949,0.000006,0.001997,0.000019,0.003293,0.133185,1,1,
487,9.740000,9.740000,1781247856.262537003,1781247856.263090134,1781247856.276484251,1781247856.387719393,1781247856.387728691,1781247856.389035225,1781247856.389055967,1781247856.391551256,0.000553,0.013394,0.111235,0.000009,0.001307,0.000021,0.002495,0.129014,1,1,
488,9.760000,9.760000,1781247856.391551256,1781247856.396610022,1781247856.411625624,1781247856.522968292,1781247856.522975445,1781247856.524088860,1781247856.524099588,1781247856.525995731,0.005059,0.015016,0.111343,0.000007,0.001113,0.000011,0.001896,0.134444,1,1,
489,9.780000,9.780000,1781247856.525995731,1781247856.530068636,1781247856.544786215,1781247856.655489206,1781247856.655497074,1781247856.656970501,1781247856.656981945,1781247856.659262180,0.004073,0.014718,0.110703,0.000008,0.001473,0.000011,0.002280,0.133266,1,1,
490,9.800000,9.800000,1781247856.659262180,1781247856.663356066,1781247856.676947117,1781247856.788202524,1781247856.788209915,1781247856.789952993,1781247856.789965391,1781247856.791993380,0.004094,0.013591,0.111255,0.000007,0.001743,0.000012,0.002028,0.132731,1,1,
491,9.820000,9.819999,1781247856.791993380,1781247856.797569275,1781247856.811471939,1781247856.932525873,1781247856.932533979,1781247856.933130264,1781247856.933143854,1781247856.935490847,0.005576,0.013903,0.121054,0.000008,0.000596,0.000014,0.002347,0.143497,1,1,
492,9.840000,9.839999,1781247856.935490847,1781247856.947089434,1781247856.961268902,1781247857.075632811,1781247857.075639725,1781247857.076282978,1781247857.076302528,1781247857.080073357,0.011599,0.014179,0.114364,0.000007,0.000643,0.000020,0.003771,0.144583,1,1,
493,9.860000,9.859999,1781247857.080073357,1781247857.080557823,1781247857.094686031,1781247857.207999945,1781247857.208007574,1781247857.209961653,1781247857.209978580,1781247857.212414742,0.000484,0.014128,0.113314,0.000008,0.001954,0.000017,0.002436,0.132341,1,1,
494,9.880000,9.879999,1781247857.212414742,1781247857.213737249,1781247857.227517843,1781247857.338861227,1781247857.338868141,1781247857.339895964,1781247857.339913368,1781247857.343501806,0.001323,0.013781,0.111343,0.000007,0.001028,0.000017,0.003588,0.131087,1,1,
495,9.900000,9.899999,1781247857.343501806,1781247857.347193956,1781247857.361290216,1781247857.472866774,1781247857.472874641,1781247857.474466801,1781247857.474479437,1781247857.476364374,0.003692,0.014096,0.111577,0.000008,0.001592,0.000013,0.001885,0.132863,1,1,
496,9.920000,9.919999,1781247857.476364374,1781247857.480729580,1781247857.494855404,1781247857.607764721,1781247857.607774734,1781247857.609098673,1781247857.609117031,1781247857.612005949,0.004365,0.014126,0.112909,0.000010,0.001324,0.000018,0.002889,0.135642,1,1,
497,9.940000,9.939999,1781247857.612005949,1781247857.614059687,1781247857.627717733,1781247857.738725185,1781247857.738732576,1781247857.741015911,1781247857.741033792,1781247857.744567156,0.002054,0.013658,0.111007,0.000007,0.002283,0.000018,0.003533,0.132561,1,1,
498,9.960000,9.959999,1781247857.744567156,1781247857.747497797,1781247857.761507750,1781247857.879168272,1781247857.879174471,1781247857.881262064,1781247857.881280422,1781247857.884114027,0.002931,0.014010,0.117661,0.000006,0.002088,0.000018,0.002834,0.139547,1,1,
499,9.980000,9.979999,1781247857.884114027,1781247857.897701979,1781247857.911896229,1781247858.023941278,1781247858.023950100,1781247858.025814772,1781247858.025833130,1781247858.029443979,0.013588,0.014194,0.112045,0.000009,0.001865,0.000018,0.003611,0.145330,1,1,
500,10.000000,9.999999,1781247858.029443979,1781247858.031265974,1781247858.046921253,1781247858.158727884,1781247858.158734798,1781247858.160912752,1781247858.160924196,1781247858.162954807,0.001822,0.015655,0.111807,0.000007,0.002178,0.000011,0.002031,0.133511,1,1,
501,10.020000,10.019999,1781247858.162954807,1781247858.164685965,1781247858.178847075,1781247858.289961815,1781247858.289970160,1781247858.290521383,1781247858.290531874,1781247858.292547703,0.001731,0.014161,0.111115,0.000008,0.000551,0.000010,0.002016,0.129593,1,1,
502,10.040000,10.039999,1781247858.292547703,1781247858.297937632,1781247858.311937332,1781247858.423424721,1781247858.423431635,1781247858.425009966,1781247858.425029039,1781247858.427397490,0.005390,0.014000,0.111487,0.000007,0.001578,0.000019,0.002368,0.134850,1,1,
503,10.060000,10.059999,1781247858.427397490,1781247858.431489944,1781247858.445396423,1781247858.556833267,1781247858.556842089,1781247858.559425592,1781247858.559443474,1781247858.561862469,0.004092,0.013906,0.111437,0.000009,0.002584,0.000018,0.002419,0.134465,1,1,
504,10.080000,10.079999,1781247858.561862469,1781247858.565034866,1781247858.579657793,1781247858.692497730,1781247858.692504168,1781247858.692801237,1781247858.692819357,1781247858.695780754,0.003172,0.014623,0.112840,0.000006,0.000297,0.000018,0.002961,0.133918,1,1,
505,10.100000,10.099999,1781247858.695780754,1781247858.698364019,1781247858.712394238,1781247858.824700594,1781247858.824709177,1781247858.825475216,1781247858.825494051,1781247858.828200102,0.002583,0.014030,0.112306,0.000009,0.000766,0.000019,0.002706,0.132419,1,1,
506,10.120000,10.119999,1781247858.828200102,1781247858.831966877,1781247858.848116159,1781247858.964299679,1781247858.964306116,1781247858.964558601,1781247858.964569330,1781247858.966745377,0.003767,0.016149,0.116184,0.000006,0.000252,0.000011,0.002176,0.138545,1,1,
507,10.140000,10.139999,1781247858.966745377,1781247858.982004642,1781247858.996195555,1781247859.108123302,1781247859.108132124,1781247859.110517502,1781247859.110535145,1781247859.114160061,0.015259,0.014191,0.111928,0.000009,0.002385,0.000018,0.003625,0.147415,1,1,
508,10.160000,10.159999,1781247859.114160061,1781247859.115307093,1781247859.129485369,1781247859.240977526,1781247859.240983725,1781247859.241943836,1781247859.241962671,1781247859.244391680,0.001147,0.014178,0.111492,0.000006,0.000960,0.000019,0.002429,0.130232,1,1,
509,10.180000,10.179999,1781247859.244391680,1781247859.248817682,1781247859.262839794,1781247859.374208212,1781247859.374215841,1781247859.376090527,1781247859.376101017,1781247859.378192663,0.004426,0.014022,0.111368,0.000008,0.001875,0.000010,0.002092,0.133801,1,1,
510,10.200000,10.199999,1781247859.378192663,1781247859.382183790,1781247859.396353960,1781247859.508263588,1781247859.508270025,1781247859.509437799,1781247859.509449482,1781247859.511428595,0.003991,0.014170,0.111910,0.000006,0.001168,0.000012,0.001979,0.133236,1,1,
511,10.220000,10.219999,1781247859.511428595,1781247859.515765667,1781247859.529830933,1781247859.641097069,1781247859.641105175,1781247859.641496658,1781247859.641509533,1781247859.643447638,0.004337,0.014065,0.111266,0.000008,0.000391,0.000013,0.001938,0.132019,1,1,
512,10.240000,10.239999,1781247859.643447638,1781247859.649218559,1781247859.663323879,1781247859.775388718,1781247859.775395155,1781247859.776509047,1781247859.776520491,1781247859.778511047,0.005771,0.014105,0.112065,0.000006,0.001114,0.000011,0.001991,0.135063,1,1,
513,10.260000,10.259999,1781247859.778511047,1781247859.782599688,1781247859.796844006,1781247859.909016848,1781247859.909024715,1781247859.909449816,1781247859.909468889,1781247859.911775589,0.004089,0.014244,0.112173,0.000008,0.000425,0.000019,0.002307,0.133265,1,1,
514,10.280000,10.279999,1781247859.911775589,1781247859.916190147,1781247859.931150198,1781247860.046938181,1781247860.046944618,1781247860.047752380,1781247860.047776937,1781247860.051400185,0.004415,0.014960,0.115788,0.000006,0.000808,0.000025,0.003623,0.139625,1,1,
515,10.300000,10.299999,1781247860.051400185,1781247860.066270113,1781247860.081827164,1781247860.193365574,1781247860.193373203,1781247860.194141865,1781247860.194160700,1781247860.197782516,0.014870,0.015557,0.111538,0.000008,0.000769,0.000019,0.003622,0.146382,1,1,
516,10.320000,10.319999,1781247860.197782516,1781247860.199564457,1781247860.213981628,1781247860.326764822,1781247860.326776505,1781247860.328829288,1781247860.328854799,1781247860.330840826,0.001782,0.014417,0.112783,0.000012,0.002053,0.000026,0.001986,0.133058,1,1,
517,10.340000,10.339999,1781247860.330840826,1781247860.333136320,1781247860.347668886,1781247860.459939003,1781247860.459947824,1781247860.461385012,1781247860.461403370,1781247860.463662386,0.002295,0.014533,0.112270,0.000009,0.001437,0.000018,0.002259,0.132822,1,1,
518,10.360000,10.359999,1781247860.463662386,1781247860.466609240,1781247860.486930370,1781247860.598981380,1781247860.598987341,1781247860.600893736,1781247860.600906610,1781247860.602960825,0.002947,0.020321,0.112051,0.000006,0.001906,0.000013,0.002054,0.139298,1,1,
519,10.380000,10.379999,1781247860.602960825,1781247860.616968155,1781247860.632075310,1781247860.744590759,1781247860.744598627,1781247860.745901585,1781247860.745924950,1781247860.747964859,0.014007,0.015107,0.112515,0.000008,0.001303,0.000023,0.002040,0.145004,1,1,
520,10.400000,10.399999,1781247860.747964859,1781247860.749973297,1781247860.764999866,1781247860.877054930,1781247860.877062082,1781247860.877946377,1781247860.877964020,1781247860.880410671,0.002008,0.015027,0.112055,0.000007,0.000884,0.000018,0.002447,0.132446,1,1,
521,10.420000,10.419999,1781247860.880410671,1781247860.883622885,1781247860.900655985,1781247861.013586998,1781247861.013594866,1781247861.014371395,1781247861.014390230,1781247861.016594887,0.003212,0.017033,0.112931,0.000008,0.000777,0.000019,0.002205,0.136184,1,1,
522,10.440000,10.439999,1781247861.016594887,1781247861.016957521,1781247861.035367966,1781247861.146933317,1781247861.146939039,1781247861.149101496,1781247861.149113417,1781247861.151006699,0.000363,0.018410,0.111565,0.000006,0.002162,0.000012,0.001893,0.134412,1,1,
523,10.460000,10.459999,1781247861.151006699,1781247861.167205811,1781247861.182108641,1781247861.292995930,1781247861.293003559,1781247861.295036554,1781247861.295048237,1781247861.296942234,0.016199,0.014903,0.110887,0.000008,0.002033,0.000012,0.001894,0.145936,1,1,
524,10.480000,10.479999,1781247861.296942234,1781247861.300450325,1781247861.315016985,1781247861.425481558,1781247861.425488234,1781247861.427599907,1781247861.427618980,1781247861.430315733,0.003508,0.014567,0.110465,0.000007,0.002112,0.000019,0.002697,0.133373,1,1,
525,10.500000,10.499999,1781247861.430315733,1781247861.434121370,1781247861.449685812,1781247861.559843063,1781247861.559850454,1781247861.561697960,1781247861.561716557,1781247861.563727617,0.003806,0.015564,0.110157,0.000007,0.001848,0.000019,0.002011,0.133412,1,1,
526,10.520000,10.519999,1781247861.563727617,1781247861.567425251,1781247861.582294226,1781247861.693864107,1781247861.693870068,1781247861.696375608,1781247861.696392775,1781247861.699994326,0.003698,0.014869,0.111570,0.000006,0.002506,0.000017,0.003602,0.136267,1,1,
527,10.540000,10.539999,1781247861.699994326,1781247861.700781345,1781247861.715483665,1781247861.825351954,1781247861.825359583,1781247861.826701403,1781247861.826719046,1781247861.830399275,0.000787,0.014702,0.109868,0.000008,0.001342,0.000018,0.003680,0.130405,1,1,
528,10.560000,10.559999,1781247861.830399275,1781247861.834356070,1781247861.849267960,1781247861.959515810,1781247861.959522247,1781247861.959710360,1781247861.959721327,1781247861.961630583,0.003957,0.014912,0.110248,0.000006,0.000188,0.000011,0.001909,0.131231,1,1,
529,10.580000,10.579999,1781247861.961630583,1781247861.967688799,1781247861.982346773,1781247862.093295813,1781247862.093303919,1781247862.094784498,1781247862.094803095,1781247862.098401546,0.006058,0.014658,0.110949,0.000008,0.001481,0.000019,0.003598,0.136771,1,1,
530,10.600000,10.599999,1781247862.098401546,1781247862.101255655,1781247862.116420746,1781247862.227293253,1781247862.227300406,1781247862.228326797,1781247862.228345156,1781247862.231951714,0.002854,0.015165,0.110873,0.000007,0.001026,0.000018,0.003607,0.133550,1,1,
531,10.620000,10.619999,1781247862.231951714,1781247862.234505653,1781247862.249293089,1781247862.359777212,1781247862.359786272,1781247862.360522270,1781247862.360541105,1781247862.364145517,0.002554,0.014787,0.110484,0.000009,0.000736,0.000019,0.003604,0.132194,1,1,
532,10.640000,10.639999,1781247862.364145517,1781247862.368216991,1781247862.382985115,1781247862.493472099,1781247862.493478298,1781247862.494915724,1781247862.494933367,1781247862.497967720,0.004071,0.014768,0.110487,0.000006,0.001437,0.000018,0.003034,0.133822,1,1,
533,10.660000,10.659999,1781247862.497967720,1781247862.501433849,1781247862.523493052,1781247862.633556128,1781247862.633564472,1781247862.635796070,1781247862.635808468,1781247862.637911797,0.003466,0.022059,0.110063,0.000008,0.002232,0.000012,0.002103,0.139944,1,1,
534,10.680000,10.679999,1781247862.637911797,1781247862.651614904,1781247862.666438818,1781247862.776916742,1781247862.776924610,1781247862.777356148,1781247862.777367353,1781247862.779297113,0.013703,0.014824,0.110478,0.000008,0.000432,0.000011,0.001930,0.141385,1,1,
535,10.700000,10.699999,1781247862.779297113,1781247862.785096407,1781247862.799787998,1781247862.909975529,1781247862.909984112,1781247862.910219193,1781247862.910231590,1781247862.912158489,0.005799,0.014692,0.110188,0.000009,0.000235,0.000012,0.001927,0.132861,1,1,
536,10.720000,10.719999,1781247862.912158489,1781247862.918502569,1781247862.933350086,1781247863.043876171,1781247863.043883801,1781247863.045135975,1781247863.045147419,1781247863.047102213,0.006344,0.014848,0.110526,0.000008,0.001252,0.000011,0.001955,0.134944,1,1,
537,10.740000,10.739999,1781247863.047102213,1781247863.051938295,1781247863.067358017,1781247863.179136276,1781247863.179144382,1781247863.180316210,1781247863.180329323,1781247863.182249546,0.004836,0.015420,0.111778,0.000008,0.001172,0.000013,0.001920,0.135147,1,1,
538,10.760000,10.759999,1781247863.182249546,1781247863.185418844,1781247863.200503111,1781247863.312429428,1781247863.312436581,1781247863.314015388,1781247863.314033270,1781247863.316482306,0.003169,0.015084,0.111926,0.000007,0.001579,0.000018,0.002449,0.134233,1,1,
539,10.780000,10.779999,1781247863.316482306,1781247863.319091797,1781247863.334092379,1781247863.445396423,1781247863.445405006,1781247863.447923183,1781247863.447941065,1781247863.451514482,0.002609,0.015001,0.111304,0.000009,0.002518,0.000018,0.003573,0.135032,1,1,
540,10.800000,10.799999,1781247863.451514482,1781247863.452244997,1781247863.467227459,1781247863.578997612,1781247863.579004765,1781247863.580383301,1781247863.580394745,1781247863.582299232,0.000731,0.014982,0.111770,0.000007,0.001379,0.000011,0.001904,0.130785,1,1,
541,10.820000,10.819999,1781247863.582299232,1781247863.585739613,1781247863.601457119,1781247863.713465691,1781247863.713473797,1781247863.715392828,1781247863.715412140,1781247863.718570471,0.003440,0.015718,0.112009,0.000008,0.001919,0.000019,0.003158,0.136271,1,1,
542,10.840000,10.839999,1781247863.718570471,1781247863.719096661,1781247863.741283894,1781247863.869669199,1781247863.869675636,1781247863.870026827,1781247863.870038748,1781247863.872287989,0.000526,0.022187,0.128385,0.000006,0.000351,0.000012,0.002249,0.153718,1,1,
543,10.860000,10.859999,1781247863.872287989,1781247863.885970116,1781247863.900969744,1781247864.012065887,1781247864.012073994,1781247864.012883425,1781247864.012901545,1781247864.015968084,0.013682,0.015000,0.111096,0.000008,0.000809,0.000018,0.003067,0.143680,1,1,
544,10.880000,10.879999,1781247864.015968084,1781247864.019484520,1781247864.038092375,1781247864.149590015,1781247864.149596453,1781247864.151884317,1781247864.151899338,1781247864.153892040,0.003516,0.018608,0.111498,0.000006,0.002288,0.000015,0.001993,0.137924,1,1,
545,10.900000,10.899999,1781247864.153892040,1781247864.169693232,1781247864.188447237,1781247864.299314499,1781247864.299322844,1781247864.300043583,1781247864.300063133,1781247864.302613497,0.015801,0.018754,0.110867,0.000008,0.000721,0.000020,0.002550,0.148721,1,1,
546,10.920000,10.919999,1781247864.302613497,1781247864.302838326,1781247864.317975044,1781247864.429114580,1781247864.429121971,1781247864.429702282,1781247864.429721117,1781247864.432775259,0.000225,0.015137,0.111140,0.000007,0.000580,0.000019,0.003054,0.130162,1,1,
547,10.940000,10.939999,1781247864.432775259,1781247864.436563015,1781247864.452183485,1781247864.563426971,1781247864.563435078,1781247864.564370394,1781247864.564381599,1781247864.566568375,0.003788,0.015620,0.111243,0.000008,0.000935,0.000011,0.002187,0.133793,1,1,
548,10.960000,10.959999,1781247864.566568375,1781247864.569998026,1781247864.585349560,1781247864.696943045,1781247864.696949244,1781247864.699101686,1781247864.699119329,1781247864.701591492,0.003430,0.015352,0.111593,0.000006,0.002152,0.000018,0.002472,0.135023,1,1,
549,10.980000,10.979999,1781247864.701591492,1781247864.703246593,1781247864.718477249,1781247864.828535557,1781247864.828543186,1781247864.829542637,1781247864.829560518,1781247864.832146406,0.001655,0.015231,0.110058,0.000008,0.000999,0.000018,0.002586,0.130555,1,1,
550,11.000000,10.999999,1781247864.832146406,1781247864.836719036,1781247864.851791382,1781247864.962746859,1781247864.962753057,1781247864.965132952,1781247864.965151310,1781247864.968810320,0.004573,0.015072,0.110955,0.000006,0.002380,0.000018,0.003659,0.136664,1,1,
551,11.020000,11.019999,1781247864.968810320,1781247864.970255136,1781247864.989188671,1781247865.093923330,1781247865.093930960,1781247865.095789909,1781247865.095811367,1781247865.099426746,0.001445,0.018934,0.104735,0.000008,0.001859,0.000021,0.003615,0.130616,1,1,
552,11.040000,11.039999,1781247865.099426746,1781247865.103720903,1781247865.120849848,1781247865.226383686,1781247865.226390362,1781247865.226946354,1781247865.226964235,1781247865.230583668,0.004294,0.017129,0.105534,0.000007,0.000556,0.000018,0.003619,0.131157,1,1,
553,11.060000,11.059999,1781247865.230583668,1781247865.237275839,1781247865.254593134,1781247865.359685421,1781247865.359693050,1781247865.360309362,1781247865.360327244,1781247865.363890409,0.006692,0.017317,0.105092,0.000008,0.000616,0.000018,0.003563,0.133307,1,1,
554,11.080000,11.079999,1781247865.363890409,1781247865.370435953,1781247865.385908842,1781247865.496051311,1781247865.496058226,1781247865.497355461,1781247865.497373104,1781247865.500976562,0.006546,0.015473,0.110142,0.000007,0.001297,0.000018,0.003603,0.137086,1,1,
555,11.100000,11.099999,1781247865.500976562,1781247865.503964424,1781247865.521883965,1781247865.626863956,1781247865.626871347,1781247865.628746748,1781247865.628764153,1781247865.632357597,0.002988,0.017920,0.104980,0.000007,0.001875,0.000017,0.003593,0.131381,1,1,
556,11.120000,11.119999,1781247865.632357597,1781247865.637347221,1781247865.652737856,1781247865.757487297,1781247865.757494450,1781247865.759536266,1781247865.759548664,1781247865.761546850,0.004990,0.015391,0.104749,0.000007,0.002042,0.000012,0.001998,0.129189,1,1,
557,11.140000,11.139999,1781247865.761546850,1781247865.771001339,1781247865.786440611,1781247865.891153097,1781247865.891161442,1781247865.892877102,1781247865.892891169,1781247865.894867897,0.009454,0.015439,0.104712,0.000008,0.001716,0.000014,0.001977,0.133321,1,1,
558,11.160000,11.159999,1781247865.894867897,1781247865.904308319,1781247865.920110703,1781247866.025361061,1781247866.025367737,1781247866.027132988,1781247866.027143955,1781247866.029021502,0.009440,0.015802,0.105250,0.000007,0.001765,0.000011,0.001878,0.134154,1,1,
559,11.180000,11.179999,1781247866.029021502,1781247866.037816286,1781247866.053613424,1781247866.157969236,1781247866.157977104,1781247866.159261465,1781247866.159275055,1781247866.162140846,0.008795,0.015797,0.104356,0.000008,0.001284,0.000014,0.002866,0.133119,1,1,
560,11.200000,11.199999,1781247866.162140846,1781247866.171256304,1781247866.192306995,1781247866.298233509,1781247866.298239946,1781247866.299024343,1781247866.299042225,1781247866.301530361,0.009115,0.021051,0.105927,0.000006,0.000784,0.000018,0.002488,0.139390,1,1,
561,11.220000,11.219999,1781247866.301530361,1781247866.304723740,1781247866.320926905,1781247866.425203562,1781247866.425212145,1781247866.427902460,1781247866.427928686,1781247866.430055618,0.003193,0.016203,0.104277,0.000009,0.002690,0.000026,0.002127,0.128525,1,1,
562,11.240000,11.239999,1781247866.430055618,1781247866.438155174,1781247866.453533888,1781247866.558238268,1781247866.558245420,1781247866.558848858,1781247866.558867693,1781247866.562540770,0.008100,0.015379,0.104704,0.000007,0.000603,0.000019,0.003673,0.132485,1,1,
563,11.260000,11.259999,1781247866.562540770,1781247866.571613073,1781247866.587099552,1781247866.692244053,1781247866.692252159,1781247866.692988634,1781247866.693000078,1781247866.694911003,0.009072,0.015486,0.105145,0.000008,0.000736,0.000011,0.001911,0.132370,1,1,
564,11.280000,11.279999,1781247866.694911003,1781247866.705022097,1781247866.720677614,1781247866.825832605,1781247866.825839758,1781247866.826374054,1781247866.826385975,1781247866.828248739,0.010111,0.015656,0.105155,0.000007,0.000534,0.000012,0.001863,0.133338,1,1,
565,11.300000,11.299999,1781247866.828248739,1781247866.838416815,1781247866.854298830,1781247866.958850622,1781247866.958858728,1781247866.959323645,1781247866.959337950,1781247866.961278200,0.010168,0.015882,0.104552,0.000008,0.000465,0.000014,0.001940,0.133029,1,1,
566,11.320000,11.319999,1781247866.961278200,1781247866.971902132,1781247866.987508774,1781247867.094808340,1781247867.094816446,1781247867.095222712,1781247867.095233440,1781247867.097188234,0.010624,0.015607,0.107300,0.000008,0.000406,0.000011,0.001955,0.135910,1,1,
567,11.340000,11.339999,1781247867.097188234,1781247867.105159998,1781247867.121013165,1781247867.226209164,1781247867.226217747,1781247867.227527380,1781247867.227539301,1781247867.229416609,0.007972,0.015853,0.105196,0.000009,0.001310,0.000012,0.001877,0.132228,1,1,
568,11.360000,11.359999,1781247867.229416609,1781247867.238846779,1781247867.254586697,1781247867.360631227,1781247867.360637665,1781247867.362280369,1781247867.362291098,1781247867.364307880,0.009430,0.015740,0.106045,0.000006,0.001643,0.000011,0.002017,0.134891,1,1,
569,11.380000,11.379999,1781247867.364307880,1781247867.372330904,1781247867.388107538,1781247867.493004322,1781247867.493012667,1781247867.495313883,1781247867.495331526,1781247867.498947620,0.008023,0.015777,0.104897,0.000008,0.002301,0.000018,0.003616,0.134640,1,1,
570,11.400000,11.399999,1781247867.498947620,1781247867.506908417,1781247867.522755384,1781247867.634583950,1781247867.634590626,1781247867.634842634,1781247867.634855747,1781247867.636887312,0.007961,0.015847,0.111829,0.000007,0.000252,0.000013,0.002032,0.137940,1,1,
571,11.420000,11.419999,1781247867.636887312,1781247867.639139891,1781247867.655027628,1781247867.765403032,1781247867.765411377,1781247867.767869949,1781247867.767887592,1781247867.770894289,0.002253,0.015888,0.110375,0.000008,0.002459,0.000018,0.003007,0.134007,1,1,
572,11.440000,11.439999,1781247867.770894289,1781247867.772506475,1781247867.788296938,1781247867.900240183,1781247867.900247097,1781247867.901875734,1781247867.901895285,1781247867.905522108,0.001612,0.015790,0.111943,0.000007,0.001629,0.000020,0.003627,0.134628,1,1,
573,11.460000,11.459999,1781247867.905522108,1781247867.906119823,1781247867.922097921,1781247868.033642292,1781247868.033650398,1781247868.035440445,1781247868.035457611,1781247868.037685394,0.000598,0.015978,0.111544,0.000008,0.001790,0.000017,0.002228,0.132163,1,1,
574,11.480000,11.479999,1781247868.037685394,1781247868.039357662,1781247868.055321455,1781247868.166536093,1781247868.166543961,1781247868.168916464,1781247868.168933868,1781247868.172619104,0.001672,0.015964,0.111215,0.000008,0.002373,0.000017,0.003685,0.134934,1,1,
575,11.500000,11.499999,1781247868.172619104,1781247868.172975540,1781247868.189036369,1781247868.298889637,1781247868.298898458,1781247868.300370216,1781247868.300382376,1781247868.302320480,0.000356,0.016061,0.109853,0.000009,0.001472,0.000012,0.001938,0.129701,1,1,
576,11.520000,11.519999,1781247868.302320480,1781247868.306348085,1781247868.322391987,1781247868.432281256,1781247868.432287693,1781247868.432743788,1781247868.432763100,1781247868.435847282,0.004028,0.016044,0.109889,0.000006,0.000456,0.000019,0.003084,0.133527,1,1,
577,11.540000,11.539999,1781247868.435847282,1781247868.439682722,1781247868.455607653,1781247868.564872265,1781247868.564880610,1781247868.565937757,1781247868.565956593,1781247868.569521427,0.003835,0.015925,0.109265,0.000008,0.001057,0.000019,0.003565,0.133674,1,1,
578,11.560000,11.559999,1781247868.569521427,1781247868.573151350,1781247868.589058876,1781247868.698050737,1781247868.698057652,1781247868.700409889,1781247868.700427532,1781247868.703073740,0.003630,0.015908,0.108992,0.000007,0.002352,0.000018,0.002646,0.133552,1,1,
579,11.580000,11.579999,1781247868.703073740,1781247868.706557751,1781247868.722454786,1781247868.831861496,1781247868.831869602,1781247868.832690716,1781247868.832709312,1781247868.836271048,0.003484,0.015897,0.109407,0.000008,0.000821,0.000019,0.003562,0.133197,1,1,
580,11.600000,11.599999,1781247868.836271048,1781247868.840175152,1781247868.856282711,1781247868.966159582,1781247868.966166735,1781247868.966836214,1781247868.966847181,1781247868.968791246,0.003904,0.016108,0.109877,0.000007,0.000669,0.000011,0.001944,0.132520,1,1,
581,11.620000,11.619999,1781247868.968791246,1781247868.973362446,1781247868.989460468,1781247869.098803759,1781247869.098811150,1781247869.100726843,1781247869.100745678,1781247869.102709293,0.004571,0.016098,0.109343,0.000007,0.001916,0.000019,0.001964,0.133918,1,1,
582,11.640000,11.639999,1781247869.102709293,1781247869.107020855,1781247869.123250246,1781247869.233396292,1781247869.233402729,1781247869.235261917,1781247869.235274076,1781247869.237208366,0.004312,0.016229,0.110146,0.000006,0.001859,0.000012,0.001934,0.134499,1,1,
583,11.660000,11.659999,1781247869.237208366,1781247869.240432024,1781247869.256914854,1781247869.366978407,1781247869.366986513,1781247869.368973494,1781247869.368985891,1781247869.370943546,0.003224,0.016483,0.110064,0.000008,0.001987,0.000012,0.001958,0.133735,1,1,
584,11.680000,11.679999,1781247869.370943546,1781247869.373939037,1781247869.390658379,1781247869.501603603,1781247869.501610756,1781247869.502173185,1781247869.502184153,1781247869.504055977,0.002995,0.016719,0.110945,0.000007,0.000562,0.000011,0.001872,0.133112,1,1,
585,11.700000,11.699999,1781247869.504055977,1781247869.507174253,1781247869.523421526,1781247869.632958412,1781247869.632966518,1781247869.635324240,1781247869.635336161,1781247869.637258291,0.003118,0.016247,0.109537,0.000008,0.002358,0.000012,0.001922,0.133202,1,1,
586,11.720000,11.719999,1781247869.637258291,1781247869.640789747,1781247869.657325983,1781247869.771100521,1781247869.771106958,1781247869.771521091,1781247869.771538734,1781247869.775122881,0.003531,0.016536,0.113775,0.000006,0.000414,0.000018,0.003584,0.137865,1,1,
587,11.740000,11.739999,1781247869.775122881,1781247869.790998220,1781247869.807489872,1781247869.918096304,1781247869.918105364,1781247869.919194937,1781247869.919205904,1781247869.921434879,0.015875,0.016492,0.110606,0.000009,0.001090,0.000011,0.002229,0.146312,1,1,
588,11.760000,11.759999,1781247869.921434879,1781247869.924336910,1781247869.940669775,1781247870.053090572,1781247870.053096533,1781247870.053569078,1781247870.053586721,1781247870.056245804,0.002902,0.016333,0.112421,0.000006,0.000473,0.000018,0.002659,0.134811,1,1,
589,11.780000,11.779999,1781247870.056245804,1781247870.057665825,1781247870.074155807,1781247870.184540510,1781247870.184548378,1781247870.186611891,1781247870.186629057,1781247870.190194845,0.001420,0.016490,0.110385,0.000008,0.002064,0.000017,0.003566,0.133949,1,1,
590,11.800000,11.799999,1781247870.190194845,1781247870.191267014,1781247870.207784414,1781247870.318573475,1781247870.318579912,1781247870.320078850,1781247870.320096731,1781247870.323492289,0.001072,0.016517,0.110789,0.000006,0.001499,0.000018,0.003396,0.133297,1,1,
591,11.820000,11.819999,1781247870.323492289,1781247870.324543476,1781247870.340861797,1781247870.450787783,1781247870.450795889,1781247870.451565266,1781247870.451577187,1781247870.453504801,0.001051,0.016318,0.109926,0.000008,0.000769,0.000012,0.001928,0.130013,1,1,
592,11.840000,11.839999,1781247870.453504801,1781247870.458187819,1781247870.474660397,1781247870.585178137,1781247870.585184574,1781247870.586985588,1781247870.587003708,1781247870.589503288,0.004683,0.016473,0.110518,0.000006,0.001801,0.000018,0.002500,0.135998,1,1,
593,11.860000,11.859999,1781247870.589503288,1781247870.591417789,1781247870.608013868,1781247870.716692924,1781247870.716701031,1781247870.717116356,1781247870.717134237,1781247870.720741987,0.001915,0.016596,0.108679,0.000008,0.000415,0.000018,0.003608,0.131239,1,1,
594,11.880000,11.879999,1781247870.720741987,1781247870.725220680,1781247870.742178202,1781247870.854799032,1781247870.854805708,1781247870.855593920,1781247870.855611086,1781247870.858238459,0.004479,0.016958,0.112621,0.000007,0.000788,0.000017,0.002627,0.137496,1,1,
595,11.900000,11.899999,1781247870.858238459,1781247870.858210564,1781247870.875038862,1781247870.985153675,1781247870.985162020,1781247870.986072063,1781247870.986089468,1781247870.988923788,-0.000028,0.016828,0.110115,0.000008,0.000910,0.000017,0.002834,0.130685,0,1,cycle_order
596,11.920000,11.919999,1781247870.988923788,1781247870.991778135,1781247871.008298397,1781247871.122407913,1781247871.122414112,1781247871.124236584,1781247871.124248266,1781247871.126170397,0.002854,0.016520,0.114110,0.000006,0.001822,0.000012,0.001922,0.137247,1,1,
597,11.940000,11.939999,1781247871.126170397,1781247871.142114878,1781247871.158946514,1781247871.268824816,1781247871.268832922,1781247871.269325733,1781247871.269336224,1781247871.271269321,0.015944,0.016832,0.109878,0.000008,0.000493,0.000010,0.001933,0.145099,1,1,
598,11.960000,11.959999,1781247871.271269321,1781247871.275397539,1781247871.292003393,1781247871.402272463,1781247871.402279377,1781247871.402841568,1781247871.402859688,1781247871.405788898,0.004128,0.016606,0.110269,0.000007,0.000562,0.000018,0.002929,0.134520,1,1,
599,11.980000,11.979999,1781247871.405788898,1781247871.408935308,1781247871.425804853,1781247871.538367748,1781247871.538377523,1781247871.540281296,1781247871.540300846,,0.003146,0.016870,0.112563,0.000010,0.001904,0.000020,,,1,1,
