macro_frame,sim_time,body_index,logical_name,com_before_x,com_before_y,com_before_z,com_after_x,com_after_y,com_after_z,target_x,target_y,target_z,com_jump_m,com_to_target_before_m,max_vtx_jump_m,max_vtx_id
0,0.000000,0,base,0.000000,0.150000,0.000000,0.000000,0.150000,0.000000,0.000000,0.150000,0.000000,0.000000,0.000000,0.000000,0
0,0.000000,1,gripper_l_palm,-0.460000,0.710000,0.000000,-0.460000,0.710000,0.000000,-0.460000,0.710000,0.000000,0.000000,0.000000,0.000000,0
0,0.000000,2,gripper_l_finger1,-0.460000,0.690000,0.000000,-0.460000,0.690000,-0.000000,-0.460000,0.690000,-0.000000,0.000000,0.000000,0.000000,0
0,0.000000,3,gripper_l_finger2,-0.460000,0.690000,0.000000,-0.460000,0.690000,-0.000000,-0.460000,0.690000,-0.000000,0.000000,0.000000,0.000000,0
0,0.000000,4,gripper_r_palm,0.460000,0.710000,0.000000,0.460000,0.710000,0.000000,0.460000,0.710000,0.000000,0.000000,0.000000,0.000000,0
0,0.000000,5,gripper_r_finger1,0.460000,0.690000,0.000000,0.460000,0.690000,-0.000000,0.460000,0.690000,-0.000000,0.000000,0.000000,0.000000,0
0,0.000000,6,gripper_r_finger2,0.460000,0.690000,0.000000,0.460000,0.690000,-0.000000,0.460000,0.690000,-0.000000,0.000000,0.000000,0.000000,0
1,0.020000,0,base,0.000000,0.150000,0.000000,0.000000,0.150000,0.000000,0.000000,0.150000,0.000000,0.000000,0.000000,0.000000,0
1,0.020000,1,gripper_l_palm,-0.460000,0.707264,0.000000,-0.460000,0.705601,-0.000000,-0.460000,0.705601,-0.000000,0.001663,0.001663,0.001663,0
1,0.020000,2,gripper_l_finger1,-0.460000,0.687264,-0.001205,-0.460000,0.685601,-0.000000,-0.460000,0.685601,-0.000000,0.002053,0.002053,0.004146,2
1,0.020000,3,gripper_l_finger2,-0.460000,0.687264,0.001205,-0.460000,0.685601,-0.000000,-0.460000,0.685601,-0.000000,0.002053,0.002053,0.004146,3
1,0.020000,4,gripper_r_palm,0.460000,0.707264,0.000000,0.460000,0.705601,-0.000000,0.460000,0.705601,-0.000000,0.001663,0.001663,0.001663,0
1,0.020000,5,gripper_r_finger1,0.460000,0.687264,-0.001205,0.460000,0.685601,-0.000000,0.460000,0.685601,-0.000000,0.002053,0.002053,0.004146,2
1,0.020000,6,gripper_r_finger2,0.460000,0.687264,0.001205,0.460000,0.685601,-0.000000,0.460000,0.685601,-0.000000,0.002053,0.002053,0.004146,3
2,0.040000,0,base,0.000000,0.150000,0.000000,0.000000,0.150000,0.000000,0.000000,0.150000,0.000000,0.000000,0.000000,0.000000,0
2,0.040000,1,gripper_l_palm,-0.460000,0.704766,0.000000,-0.460000,0.706266,-0.000000,-0.460000,0.706266,-0.000000,0.001501,0.001501,0.001501,0
2,0.040000,2,gripper_l_finger1,-0.460000,0.684766,-0.004826,-0.460000,0.686266,-0.000000,-0.460000,0.686266,-0.000000,0.005054,0.005054,0.006814,2
2,0.040000,3,gripper_l_finger2,-0.460000,0.684766,0.004826,-0.460000,0.686266,-0.000000,-0.460000,0.686266,-0.000000,0.005054,0.005054,0.006814,3
2,0.040000,4,gripper_r_palm,0.460000,0.704766,0.000000,0.460000,0.706266,-0.000000,0.460000,0.706266,-0.000000,0.001501,0.001501,0.001501,0
2,0.040000,5,gripper_r_finger1,0.460000,0.684766,-0.004826,0.460000,0.686266,-0.000000,0.460000,0.686266,-0.000000,0.005054,0.005054,0.006814,2
2,0.040000,6,gripper_r_finger2,0.460000,0.684766,0.004826,0.460000,0.686266,-0.000000,0.460000,0.686266,-0.000000,0.005054,0.005054,0.006814,3
3,0.060000,0,base,0.000000,0.150000,0.000000,0.000000,0.150000,0.000000,0.000000,0.150000,0.000000,0.000000,0.000000,0.000000,0
3,0.060000,1,gripper_l_palm,-0.460000,0.708120,0.000000,-0.460000,0.708096,-0.000000,-0.460000,0.708096,-0.000000,0.000023,0.000023,0.000023,0
3,0.060000,2,gripper_l_finger1,-0.460000,0.688120,-0.003105,-0.460000,0.688096,-0.000000,-0.460000,0.688096,-0.000000,0.003105,0.003105,0.003278,2
3,0.060000,3,gripper_l_finger2,-0.460000,0.688120,0.003105,-0.460000,0.688096,-0.000000,-0.460000,0.688096,-0.000000,0.003105,0.003105,0.003278,3
3,0.060000,4,gripper_r_palm,0.460000,0.708120,0.000000,0.460000,0.708096,-0.000000,0.460000,0.708096,-0.000000,0.000023,0.000023,0.000023,0
3,0.060000,5,gripper_r_finger1,0.460000,0.688120,-0.003105,0.460000,0.688096,-0.000000,0.460000,0.688096,-0.000000,0.003105,0.003105,0.003278,2
3,0.060000,6,gripper_r_finger2,0.460000,0.688120,0.003105,0.460000,0.688096,-0.000000,0.460000,0.688096,-0.000000,0.003105,0.003105,0.003278,3
4,0.080000,0,base,0.000000,0.150000,0.000000,0.000000,0.150000,0.000000,0.000000,0.150000,0.000000,0.000000,0.000000,0.000000,0
4,0.080000,1,gripper_l_palm,-0.460000,0.708654,0.000000,-0.460000,0.708569,-0.000000,-0.460000,0.708569,-0.000000,0.000086,0.000086,0.000086,0
4,0.080000,2,gripper_l_finger1,-0.460000,0.688654,0.001203,-0.460000,0.688569,-0.000000,-0.460000,0.688569,-0.000000,0.001206,0.001206,0.001256,2
4,0.080000,3,gripper_l_finger2,-0.460000,0.688654,-0.001203,-0.460000,0.688569,-0.000000,-0.460000,0.688569,-0.000000,0.001206,0.001206,0.001256,3
4,0.080000,4,gripper_r_palm,0.460000,0.708654,0.000000,0.460000,0.708569,-0.000000,0.460000,0.708569,-0.000000,0.000086,0.000086,0.000086,0
4,0.080000,5,gripper_r_finger1,0.460000,0.688654,0.001203,0.460000,0.688569,-0.000000,0.460000,0.688569,-0.000000,0.001206,0.001206,0.001256,2
4,0.080000,6,gripper_r_finger2,0.460000,0.688654,-0.001203,0.460000,0.688569,-0.000000,0.460000,0.688569,-0.000000,0.001206,0.001206,0.001256,3
5,0.100000,0,base,0.000000,0.150000,0.000000,0.000000,0.150000,0.000000,0.000000,0.150000,0.000000,0.000000,0.000000,0.000000,0
5,0.100000,1,gripper_l_palm,-0.460000,0.708472,0.000000,-0.460000,0.708404,-0.000000,-0.460000,0.708404,-0.000000,0.000068,0.000068,0.000068,0
5,0.100000,2,gripper_l_finger1,-0.460000,0.688472,0.001451,-0.460000,0.688404,-0.000000,-0.460000,0.688404,-0.000000,0.001453,0.001453,0.001519,2
5,0.100000,3,gripper_l_finger2,-0.460000,0.688472,-0.001451,-0.460000,0.688404,-0.000000,-0.460000,0.688404,-0.000000,0.001453,0.001453,0.001519,3
5,0.100000,4,gripper_r_palm,0.460000,0.708472,0.000000,0.460000,0.708404,-0.000000,0.460000,0.708404,-0.000000,0.000068,0.000068,0.000068,0
5,0.100000,5,gripper_r_finger1,0.460000,0.688472,0.001451,0.460000,0.688404,-0.000000,0.460000,0.688404,-0.000000,0.001453,0.001453,0.001519,2
5,0.100000,6,gripper_r_finger2,0.460000,0.688472,-0.001451,0.460000,0.688404,-0.000000,0.460000,0.688404,-0.000000,0.001453,0.001453,0.001519,3
6,0.120000,0,base,0.000000,0.150000,0.000000,0.000000,0.150000,0.000000,0.000000,0.150000,0.000000,0.000000,0.000000,0.000000,0
6,0.120000,1,gripper_l_palm,-0.460000,0.708028,0.000000,-0.460000,0.707938,-0.000000,-0.460000,0.707938,-0.000000,0.000090,0.000090,0.000090,0
6,0.120000,2,gripper_l_finger1,-0.460000,0.688028,0.000973,-0.460000,0.687938,-0.000000,-0.460000,0.687938,-0.000000,0.000977,0.000977,0.001022,2
6,0.120000,3,gripper_l_finger2,-0.460000,0.688028,-0.000973,-0.460000,0.687938,-0.000000,-0.460000,0.687938,-0.000000,0.000977,0.000977,0.001022,3
6,0.120000,4,gripper_r_palm,0.460000,0.708028,0.000000,0.460000,0.707938,-0.000000,0.460000,0.707938,-0.000000,0.000090,0.000090,0.000090,0
6,0.120000,5,gripper_r_finger1,0.460000,0.688028,0.000973,0.460000,0.687938,-0.000000,0.460000,0.687938,-0.000000,0.000977,0.000977,0.001022,2
6,0.120000,6,gripper_r_finger2,0.460000,0.688028,-0.000973,0.460000,0.687938,-0.000000,0.460000,0.687938,-0.000000,0.000977,0.000977,0.001022,3
7,0.140000,0,base,0.000000,0.150000,0.000000,0.000000,0.150000,0.000000,0.000000,0.150000,0.000000,0.000000,0.000000,0.000000,0
7,0.140000,1,gripper_l_palm,-0.460000,0.707484,0.000000,-0.460000,0.707402,-0.000000,-0.460000,0.707402,-0.000000,0.000083,0.000083,0.000083,0
7,0.140000,2,gripper_l_finger1,-0.460000,0.687484,0.000560,-0.460000,0.687402,-0.000000,-0.460000,0.687402,-0.000000,0.000566,0.000566,0.000593,2
7,0.140000,3,gripper_l_finger2,-0.460000,0.687484,-0.000560,-0.460000,0.687402,-0.000000,-0.460000,0.687402,-0.000000,0.000566,0.000566,0.000593,3
7,0.140000,4,gripper_r_palm,0.460000,0.707484,0.000000,0.460000,0.707402,-0.000000,0.460000,0.707402,-0.000000,0.000083,0.000083,0.000083,0
7,0.140000,5,gripper_r_finger1,0.460000,0.687484,0.000560,0.460000,0.687402,-0.000000,0.460000,0.687402,-0.000000,0.000566,0.000566,0.000593,2
7,0.140000,6,gripper_r_finger2,0.460000,0.687484,-0.000560,0.460000,0.687402,-0.000000,0.460000,0.687402,-0.000000,0.000566,0.000566,0.000593,3
8,0.160000,0,base,0.000000,0.150000,0.000000,0.000000,0.150000,0.000000,0.000000,0.150000,0.000000,0.000000,0.000000,0.000000,0
8,0.160000,1,gripper_l_palm,-0.460000,0.706931,0.000000,-0.460000,0.706840,-0.000000,-0.460000,0.706840,-0.000000,0.000091,0.000091,0.000091,0
8,0.160000,2,gripper_l_finger1,-0.460000,0.686931,0.000301,-0.460000,0.686840,-0.000000,-0.460000,0.686840,-0.000000,0.000314,0.000314,0.000326,2
8,0.160000,3,gripper_l_finger2,-0.460000,0.686931,-0.000301,-0.460000,0.686840,-0.000000,-0.460000,0.686840,-0.000000,0.000314,0.000314,0.000326,3
8,0.160000,4,gripper_r_palm,0.460000,0.706931,0.000000,0.460000,0.706840,-0.000000,0.460000,0.706840,-0.000000,0.000091,0.000091,0.000091,0
8,0.160000,5,gripper_r_finger1,0.460000,0.686931,0.000301,0.460000,0.686840,-0.000000,0.460000,0.686840,-0.000000,0.000314,0.000314,0.000326,2
8,0.160000,6,gripper_r_finger2,0.460000,0.686931,-0.000301,0.460000,0.686840,-0.000000,0.460000,0.686840,-0.000000,0.000314,0.000314,0.000326,3
9,0.180000,0,base,0.000000,0.150000,0.000000,0.000000,0.150000,0.000000,0.000000,0.150000,0.000000,0.000000,0.000000,0.000000,0
9,0.180000,1,gripper_l_palm,-0.460000,0.706324,0.000000,-0.460000,0.706212,-0.000000,-0.460000,0.706212,-0.000000,0.000111,0.000111,0.000111,0
9,0.180000,2,gripper_l_finger1,-0.460000,0.686324,0.000161,-0.460000,0.686212,-0.000000,-0.460000,0.686212,-0.000000,0.000196,0.000196,0.000201,2
9,0.180000,3,gripper_l_finger2,-0.460000,0.686324,-0.000161,-0.460000,0.686212,-0.000000,-0.460000,0.686212,-0.000000,0.000196,0.000196,0.000201,3
9,0.180000,4,gripper_r_palm,0.460000,0.706324,0.000000,0.460000,0.706212,-0.000000,0.460000,0.706212,-0.000000,0.000111,0.000111,0.000111,0
9,0.180000,5,gripper_r_finger1,0.460000,0.686324,0.000161,0.460000,0.686212,-0.000000,0.460000,0.686212,-0.000000,0.000196,0.000196,0.000201,2
9,0.180000,6,gripper_r_finger2,0.460000,0.686324,-0.000161,0.460000,0.686212,-0.000000,0.460000,0.686212,-0.000000,0.000196,0.000196,0.000201,3
10,0.200000,0,base,0.000000,0.150000,0.000000,0.000000,0.150000,0.000000,0.000000,0.150000,0.000000,0.000000,0.000000,0.000000,0
10,0.200000,1,gripper_l_palm,-0.460000,0.705624,0.000000,-0.460000,0.705495,-0.000000,-0.460000,0.705495,-0.000000,0.000129,0.000129,0.000129,0
10,0.200000,2,gripper_l_finger1,-0.460000,0.685624,0.000090,-0.460000,0.685495,-0.000000,-0.460000,0.685495,-0.000000,0.000157,0.000157,0.000158,2
10,0.200000,3,gripper_l_finger2,-0.460000,0.685624,-0.000090,-0.460000,0.685495,-0.000000,-0.460000,0.685495,-0.000000,0.000157,0.000157,0.000158,3
10,0.200000,4,gripper_r_palm,0.460000,0.705624,0.000000,0.460000,0.705495,-0.000000,0.460000,0.705495,-0.000000,0.000129,0.000129,0.000129,0
10,0.200000,5,gripper_r_finger1,0.460000,0.685624,0.000090,0.460000,0.685495,-0.000000,0.460000,0.685495,-0.000000,0.000157,0.000157,0.000158,2
10,0.200000,6,gripper_r_finger2,0.460000,0.685624,-0.000090,0.460000,0.685495,-0.000000,0.460000,0.685495,-0.000000,0.000157,0.000157,0.000158,3
11,0.220000,0,base,0.000000,0.150000,0.000000,0.000000,0.150000,0.000000,0.000000,0.150000,0.000000,0.000000,0.000000,0.000000,0
11,0.220000,1,gripper_l_palm,-0.460000,0.704831,0.000000,-0.460000,0.704692,-0.000000,-0.460000,0.704692,-0.000000,0.000139,0.000139,0.000139,0
11,0.220000,2,gripper_l_finger1,-0.460000,0.684831,0.000051,-0.460000,0.684692,-0.000000,-0.460000,0.684692,-0.000000,0.000148,0.000148,0.000149,0
11,0.220000,3,gripper_l_finger2,-0.460000,0.684831,-0.000051,-0.460000,0.684692,-0.000000,-0.460000,0.684692,-0.000000,0.000148,0.000148,0.000149,1
11,0.220000,4,gripper_r_palm,0.460000,0.704831,0.000000,0.460000,0.704692,-0.000000,0.460000,0.704692,-0.000000,0.000139,0.000139,0.000139,0
11,0.220000,5,gripper_r_finger1,0.460000,0.684831,0.000051,0.460000,0.684692,-0.000000,0.460000,0.684692,-0.000000,0.000148,0.000148,0.000149,0
11,0.220000,6,gripper_r_finger2,0.460000,0.684831,-0.000051,0.460000,0.684692,-0.000000,0.460000,0.684692,-0.000000,0.000148,0.000148,0.000149,1
12,0.240000,0,base,0.000000,0.150000,0.000000,0.000000,0.150000,0.000000,0.000000,0.150000,0.000000,0.000000,0.000000,0.000000,0
12,0.240000,1,gripper_l_palm,-0.460000,0.703956,0.000000,-0.460000,0.703811,-0.000000,-0.460000,0.703811,-0.000000,0.000145,0.000145,0.000145,0
12,0.240000,2,gripper_l_finger1,-0.460000,0.683956,0.000029,-0.460000,0.683811,-0.000000,-0.460000,0.683811,-0.000000,0.000148,0.000148,0.000149,0
12,0.240000,3,gripper_l_finger2,-0.460000,0.683956,-0.000029,-0.460000,0.683811,-0.000000,-0.460000,0.683811,-0.000000,0.000148,0.000148,0.000149,1
12,0.240000,4,gripper_r_palm,0.460000,0.703956,0.000000,0.460000,0.703811,-0.000000,0.460000,0.703811,-0.000000,0.000145,0.000145,0.000145,0
12,0.240000,5,gripper_r_finger1,0.460000,0.683956,0.000029,0.460000,0.683811,-0.000000,0.460000,0.683811,-0.000000,0.000148,0.000148,0.000149,0
12,0.240000,6,gripper_r_finger2,0.460000,0.683956,-0.000029,0.460000,0.683811,-0.000000,0.460000,0.683811,-0.000000,0.000148,0.000148,0.000149,1
13,0.260000,0,base,0.000000,0.150000,0.000000,0.000000,0.150000,0.000000,0.000000,0.150000,0.000000,0.000000,0.000000,0.000000,0
13,0.260000,1,gripper_l_palm,-0.460000,0.703005,0.000000,-0.460000,0.702857,-0.000000,-0.460000,0.702857,-0.000000,0.000147,0.000147,0.000147,0
13,0.260000,2,gripper_l_finger1,-0.460000,0.683005,0.000017,-0.460000,0.682857,-0.000000,-0.460000,0.682857,-0.000000,0.000148,0.000148,0.000149,0
13,0.260000,3,gripper_l_finger2,-0.460000,0.683005,-0.000017,-0.460000,0.682857,-0.000000,-0.460000,0.682857,-0.000000,0.000148,0.000148,0.000149,1
13,0.260000,4,gripper_r_palm,0.460000,0.703005,0.000000,0.460000,0.702857,-0.000000,0.460000,0.702857,-0.000000,0.000147,0.000147,0.000147,0
13,0.260000,5,gripper_r_finger1,0.460000,0.683005,0.000017,0.460000,0.682857,-0.000000,0.460000,0.682857,-0.000000,0.000148,0.000148,0.000149,0
13,0.260000,6,gripper_r_finger2,0.460000,0.683005,-0.000017,0.460000,0.682857,-0.000000,0.460000,0.682857,-0.000000,0.000148,0.000148,0.000149,1
14,0.280000,0,base,0.000000,0.150000,0.000000,0.000000,0.150000,0.000000,0.000000,0.150000,0.000000,0.000000,0.000000,0.000000,0
14,0.280000,1,gripper_l_palm,-0.460000,0.701977,0.000000,-0.460000,0.701832,-0.000000,-0.460000,0.701832,-0.000000,0.000145,0.000145,0.000145,0
14,0.280000,2,gripper_l_finger1,-0.460000,0.681977,0.000010,-0.460000,0.681832,-0.000000,-0.460000,0.681832,-0.000000,0.000145,0.000145,0.000146,0
14,0.280000,3,gripper_l_finger2,-0.460000,0.681977,-0.000010,-0.460000,0.681832,-0.000000,-0.460000,0.681832,-0.000000,0.000145,0.000145,0.000146,1
14,0.280000,4,gripper_r_palm,0.460000,0.701977,0.000000,0.460000,0.701832,-0.000000,0.460000,0.701832,-0.000000,0.000145,0.000145,0.000145,0
14,0.280000,5,gripper_r_finger1,0.460000,0.681977,0.000010,0.460000,0.681832,-0.000000,0.460000,0.681832,-0.000000,0.000145,0.000145,0.000146,0
14,0.280000,6,gripper_r_finger2,0.460000,0.681977,-0.000010,0.460000,0.681832,-0.000000,0.460000,0.681832,-0.000000,0.000145,0.000145,0.000146,1
15,0.300000,0,base,0.000000,0.150000,0.000000,0.000000,0.150000,0.000000,0.000000,0.150000,0.000000,0.000000,0.000000,0.000000,0
15,0.300000,1,gripper_l_palm,-0.460000,0.700875,0.000000,-0.460000,0.700738,-0.000000,-0.460000,0.700738,-0.000000,0.000137,0.000137,0.000137,0
15,0.300000,2,gripper_l_finger1,-0.460000,0.680875,0.000006,-0.460000,0.680738,-0.000000,-0.460000,0.680738,-0.000000,0.000137,0.000137,0.000137,0
15,0.300000,3,gripper_l_finger2,-0.460000,0.680875,-0.000006,-0.460000,0.680738,-0.000000,-0.460000,0.680738,-0.000000,0.000137,0.000137,0.000137,1
15,0.300000,4,gripper_r_palm,0.460000,0.700875,0.000000,0.460000,0.700738,-0.000000,0.460000,0.700738,-0.000000,0.000137,0.000137,0.000137,0
15,0.300000,5,gripper_r_finger1,0.460000,0.680875,0.000006,0.460000,0.680738,-0.000000,0.460000,0.680738,-0.000000,0.000137,0.000137,0.000137,0
15,0.300000,6,gripper_r_finger2,0.460000,0.680875,-0.000006,0.460000,0.680738,-0.000000,0.460000,0.680738,-0.000000,0.000137,0.000137,0.000137,1
16,0.320000,0,base,0.000000,0.150000,0.000000,0.000000,0.150000,0.000000,0.000000,0.150000,0.000000,0.000000,0.000000,0.000000,0
16,0.320000,1,gripper_l_palm,-0.460000,0.699701,0.000000,-0.460000,0.699580,-0.000000,-0.460000,0.699580,-0.000000,0.000121,0.000121,0.000121,0
16,0.320000,2,gripper_l_finger1,-0.460000,0.679701,0.000003,-0.460000,0.679580,-0.000000,-0.460000,0.679580,-0.000000,0.000121,0.000121,0.000121,0
16,0.320000,3,gripper_l_finger2,-0.460000,0.679701,-0.000003,-0.460000,0.679580,-0.000000,-0.460000,0.679580,-0.000000,0.000121,0.000121,0.000121,1
16,0.320000,4,gripper_r_palm,0.460000,0.699701,0.000000,0.460000,0.699580,-0.000000,0.460000,0.699580,-0.000000,0.000121,0.000121,0.000121,0
16,0.320000,5,gripper_r_finger1,0.460000,0.679701,0.000003,0.460000,0.679580,-0.000000,0.460000,0.679580,-0.000000,0.000121,0.000121,0.000121,0
16,0.320000,6,gripper_r_finger2,0.460000,0.679701,-0.000003,0.460000,0.679580,-0.000000,0.460000,0.679580,-0.000000,0.000121,0.000121,0.000121,1
17,0.340000,0,base,0.000000,0.150000,0.000000,0.000000,0.150000,0.000000,0.000000,0.150000,0.000000,0.000000,0.000000,0.000000,0
17,0.340000,1,gripper_l_palm,-0.460000,0.698459,0.000000,-0.460000,0.698364,-0.000000,-0.460000,0.698364,-0.000000,0.000095,0.000095,0.000095,0
17,0.340000,2,gripper_l_finger1,-0.460000,0.678459,0.000002,-0.460000,0.678364,-0.000000,-0.460000,0.678364,-0.000000,0.000095,0.000095,0.000095,0
17,0.340000,3,gripper_l_finger2,-0.460000,0.678459,-0.000002,-0.460000,0.678364,-0.000000,-0.460000,0.678364,-0.000000,0.000095,0.000095,0.000095,1
17,0.340000,4,gripper_r_palm,0.460000,0.698459,0.000000,0.460000,0.698364,-0.000000,0.460000,0.698364,-0.000000,0.000095,0.000095,0.000095,0
17,0.340000,5,gripper_r_finger1,0.460000,0.678459,0.000002,0.460000,0.678364,-0.000000,0.460000,0.678364,-0.000000,0.000095,0.000095,0.000095,0
17,0.340000,6,gripper_r_finger2,0.460000,0.678459,-0.000002,0.460000,0.678364,-0.000000,0.460000,0.678364,-0.000000,0.000095,0.000095,0.000095,1
18,0.360000,0,base,0.000000,0.150000,0.000000,0.000000,0.150000,0.000000,0.000000,0.150000,0.000000,0.000000,0.000000,0.000000,0
18,0.360000,1,gripper_l_palm,-0.460000,0.697157,0.000000,-0.460000,0.697101,-0.000000,-0.460000,0.697101,-0.000000,0.000056,0.000056,0.000056,0
18,0.360000,2,gripper_l_finger1,-0.460000,0.677157,0.000001,-0.460000,0.677101,-0.000000,-0.460000,0.677101,-0.000000,0.000056,0.000056,0.000056,0
18,0.360000,3,gripper_l_finger2,-0.460000,0.677157,-0.000001,-0.460000,0.677101,-0.000000,-0.460000,0.677101,-0.000000,0.000056,0.000056,0.000056,1
18,0.360000,4,gripper_r_palm,0.460000,0.697157,0.000000,0.460000,0.697101,-0.000000,0.460000,0.697101,-0.000000,0.000056,0.000056,0.000056,0
18,0.360000,5,gripper_r_finger1,0.460000,0.677157,0.000001,0.460000,0.677101,-0.000000,0.460000,0.677101,-0.000000,0.000056,0.000056,0.000056,0
18,0.360000,6,gripper_r_finger2,0.460000,0.677157,-0.000001,0.460000,0.677101,-0.000000,0.460000,0.677101,-0.000000,0.000056,0.000056,0.000056,1
19,0.380000,0,base,0.000000,0.150000,0.000000,0.000000,0.150000,0.000000,0.000000,0.150000,0.000000,0.000000,0.000000,0.000000,0
19,0.380000,1,gripper_l_palm,-0.460000,0.695812,0.000000,-0.460000,0.695802,-0.000000,-0.460000,0.695802,-0.000000,0.000010,0.000010,0.000010,0
19,0.380000,2,gripper_l_finger1,-0.460000,0.675812,0.000001,-0.460000,0.675802,-0.000000,-0.460000,0.675802,-0.000000,0.000010,0.000010,0.000010,0
19,0.380000,3,gripper_l_finger2,-0.460000,0.675812,-0.000001,-0.460000,0.675802,-0.000000,-0.460000,0.675802,-0.000000,0.000010,0.000010,0.000010,1
19,0.380000,4,gripper_r_palm,0.460000,0.695812,0.000000,0.460000,0.695802,-0.000000,0.460000,0.695802,-0.000000,0.000010,0.000010,0.000010,0
19,0.380000,5,gripper_r_finger1,0.460000,0.675812,0.000001,0.460000,0.675802,-0.000000,0.460000,0.675802,-0.000000,0.000010,0.000010,0.000010,0
19,0.380000,6,gripper_r_finger2,0.460000,0.675812,-0.000001,0.460000,0.675802,-0.000000,0.460000,0.675802,-0.000000,0.000010,0.000010,0.000010,1
20,0.400000,0,base,0.000000,0.150000,0.000000,0.000000,0.150000,0.000000,0.000000,0.150000,0.000000,0.000000,0.000000,0.000000,0
20,0.400000,1,gripper_l_palm,-0.460000,0.694449,0.000000,-0.460000,0.694479,-0.000000,-0.460000,0.694479,-0.000000,0.000030,0.000030,0.000030,0
20,0.400000,2,gripper_l_finger1,-0.460000,0.674449,0.000000,-0.460000,0.674479,-0.000000,-0.460000,0.674479,-0.000000,0.000030,0.000030,0.000030,3
20,0.400000,3,gripper_l_finger2,-0.460000,0.674449,-0.000000,-0.460000,0.674479,-0.000000,-0.460000,0.674479,-0.000000,0.000030,0.000030,0.000030,2
20,0.400000,4,gripper_r_palm,0.460000,0.694449,0.000000,0.460000,0.694479,-0.000000,0.460000,0.694479,-0.000000,0.000030,0.000030,0.000030,0
20,0.400000,5,gripper_r_finger1,0.460000,0.674449,0.000000,0.460000,0.674479,-0.000000,0.460000,0.674479,-0.000000,0.000030,0.000030,0.000030,3
20,0.400000,6,gripper_r_finger2,0.460000,0.674449,-0.000000,0.460000,0.674479,-0.000000,0.460000,0.674479,-0.000000,0.000030,0.000030,0.000030,2
21,0.420000,0,base,0.000000,0.150000,0.000000,0.000000,0.150000,0.000000,0.000000,0.150000,0.000000,0.000000,0.000000,0.000000,0
21,0.420000,1,gripper_l_palm,-0.460000,0.693096,0.000000,-0.460000,0.693141,-0.000000,-0.460000,0.693141,-0.000000,0.000044,0.000044,0.000044,0
21,0.420000,2,gripper_l_finger1,-0.460000,0.673096,0.000000,-0.460000,0.673141,-0.000000,-0.460000,0.673141,-0.000000,0.000044,0.000044,0.000044,2
21,0.420000,3,gripper_l_finger2,-0.460000,0.673096,-0.000000,-0.460000,0.673141,-0.000000,-0.460000,0.673141,-0.000000,0.000044,0.000044,0.000044,3
21,0.420000,4,gripper_r_palm,0.460000,0.693096,0.000000,0.460000,0.693141,-0.000000,0.460000,0.693141,-0.000000,0.000044,0.000044,0.000044,0
21,0.420000,5,gripper_r_finger1,0.460000,0.673096,0.000000,0.460000,0.673141,-0.000000,0.460000,0.673141,-0.000000,0.000044,0.000044,0.000044,2
21,0.420000,6,gripper_r_finger2,0.460000,0.673096,-0.000000,0.460000,0.673141,-0.000000,0.460000,0.673141,-0.000000,0.000044,0.000044,0.000044,3
22,0.440000,0,base,0.000000,0.150000,0.000000,0.000000,0.150000,0.000000,0.000000,0.150000,0.000000,0.000000,0.000000,0.000000,0
22,0.440000,1,gripper_l_palm,-0.460000,0.691770,0.000000,-0.460000,0.691787,-0.000000,-0.460000,0.691787,-0.000000,0.000017,0.000017,0.000017,0
22,0.440000,2,gripper_l_finger1,-0.460000,0.671770,0.000000,-0.460000,0.671787,-0.000000,-0.460000,0.671787,-0.000000,0.000017,0.000017,0.000017,2
22,0.440000,3,gripper_l_finger2,-0.460000,0.671770,-0.000000,-0.460000,0.671787,-0.000000,-0.460000,0.671787,-0.000000,0.000017,0.000017,0.000017,3
22,0.440000,4,gripper_r_palm,0.460000,0.691770,0.000000,0.460000,0.691787,-0.000000,0.460000,0.691787,-0.000000,0.000017,0.000017,0.000017,0
22,0.440000,5,gripper_r_finger1,0.460000,0.671770,0.000000,0.460000,0.671787,-0.000000,0.460000,0.671787,-0.000000,0.000017,0.000017,0.000017,2
22,0.440000,6,gripper_r_finger2,0.460000,0.671770,-0.000000,0.460000,0.671787,-0.000000,0.460000,0.671787,-0.000000,0.000017,0.000017,0.000017,3
23,0.460000,0,base,0.000000,0.150000,0.000000,0.000000,0.150000,0.000000,0.000000,0.150000,0.000000,0.000000,0.000000,0.000000,0
23,0.460000,1,gripper_l_palm,-0.460000,0.690442,0.000000,-0.460000,0.690398,-0.000000,-0.460000,0.690398,-0.000000,0.000044,0.000044,0.000044,0
23,0.460000,2,gripper_l_finger1,-0.460000,0.670442,0.000000,-0.460000,0.670398,-0.000000,-0.460000,0.670398,-0.000000,0.000044,0.000044,0.000044,1
23,0.460000,3,gripper_l_finger2,-0.460000,0.670442,-0.000000,-0.460000,0.670398,-0.000000,-0.460000,0.670398,-0.000000,0.000044,0.000044,0.000044,0
23,0.460000,4,gripper_r_palm,0.460000,0.690442,0.000000,0.460000,0.690398,-0.000000,0.460000,0.690398,-0.000000,0.000044,0.000044,0.000044,0
23,0.460000,5,gripper_r_finger1,0.460000,0.670442,0.000000,0.460000,0.670398,-0.000000,0.460000,0.670398,-0.000000,0.000044,0.000044,0.000044,1
23,0.460000,6,gripper_r_finger2,0.460000,0.670442,-0.000000,0.460000,0.670398,-0.000000,0.460000,0.670398,-0.000000,0.000044,0.000044,0.000044,0
24,0.480000,0,base,0.000000,0.150000,0.000000,0.000000,0.150000,0.000000,0.000000,0.150000,0.000000,0.000000,0.000000,0.000000,0
24,0.480000,1,gripper_l_palm,-0.460000,0.689026,0.000000,-0.460000,0.688939,-0.000000,-0.460000,0.688939,-0.000000,0.000087,0.000087,0.000087,0
24,0.480000,2,gripper_l_finger1,-0.460000,0.669026,0.000000,-0.460000,0.668939,-0.000000,-0.460000,0.668939,-0.000000,0.000087,0.000087,0.000087,1
24,0.480000,3,gripper_l_finger2,-0.460000,0.669026,-0.000000,-0.460000,0.668939,-0.000000,-0.460000,0.668939,-0.000000,0.000087,0.000087,0.000087,0
24,0.480000,4,gripper_r_palm,0.460000,0.689026,0.000000,0.460000,0.688939,-0.000000,0.460000,0.688939,-0.000000,0.000087,0.000087,0.000087,0
24,0.480000,5,gripper_r_finger1,0.460000,0.669026,0.000000,0.460000,0.668939,-0.000000,0.460000,0.668939,-0.000000,0.000087,0.000087,0.000087,1
24,0.480000,6,gripper_r_finger2,0.460000,0.669026,-0.000000,0.460000,0.668939,-0.000000,0.460000,0.668939,-0.000000,0.000087,0.000087,0.000087,0
25,0.500000,0,base,0.000000,0.150000,0.000000,0.000000,0.150000,0.000000,0.000000,0.150000,0.000000,0.000000,0.000000,0.000000,0
25,0.500000,1,gripper_l_palm,-0.460000,0.687464,0.000000,-0.460000,0.687361,-0.000000,-0.460000,0.687361,-0.000000,0.000103,0.000103,0.000103,0
25,0.500000,2,gripper_l_finger1,-0.460000,0.667464,0.000000,-0.460000,0.667361,-0.000000,-0.460000,0.667361,-0.000000,0.000103,0.000103,0.000103,0
25,0.500000,3,gripper_l_finger2,-0.460000,0.667464,-0.000000,-0.460000,0.667361,-0.000000,-0.460000,0.667361,-0.000000,0.000103,0.000103,0.000103,0
25,0.500000,4,gripper_r_palm,0.460000,0.687464,0.000000,0.460000,0.687361,-0.000000,0.460000,0.687361,-0.000000,0.000103,0.000103,0.000103,0
25,0.500000,5,gripper_r_finger1,0.460000,0.667464,0.000000,0.460000,0.667361,-0.000000,0.460000,0.667361,-0.000000,0.000103,0.000103,0.000103,0
25,0.500000,6,gripper_r_finger2,0.460000,0.667464,-0.000000,0.460000,0.667361,-0.000000,0.460000,0.667361,-0.000000,0.000103,0.000103,0.000103,0
26,0.520000,0,base,0.000000,0.150000,0.000000,0.000000,0.150000,0.000000,0.000000,0.150000,0.000000,0.000000,0.000000,0.000000,0
26,0.520000,1,gripper_l_palm,-0.460000,0.685762,0.000000,-0.460000,0.685654,-0.000000,-0.460000,0.685654,-0.000000,0.000108,0.000108,0.000108,0
26,0.520000,2,gripper_l_finger1,-0.460000,0.665762,0.000000,-0.460000,0.665654,-0.000000,-0.460000,0.665654,-0.000000,0.000109,0.000109,0.000109,1
26,0.520000,3,gripper_l_finger2,-0.460000,0.665762,-0.000000,-0.460000,0.665654,-0.000000,-0.460000,0.665654,-0.000000,0.000109,0.000109,0.000109,0
26,0.520000,4,gripper_r_palm,0.460000,0.685762,0.000000,0.460000,0.685654,-0.000000,0.460000,0.685654,-0.000000,0.000108,0.000108,0.000108,0
26,0.520000,5,gripper_r_finger1,0.460000,0.665762,0.000000,0.460000,0.665654,-0.000000,0.460000,0.665654,-0.000000,0.000109,0.000109,0.000109,1
26,0.520000,6,gripper_r_finger2,0.460000,0.665762,-0.000000,0.460000,0.665654,-0.000000,0.460000,0.665654,-0.000000,0.000109,0.000109,0.000109,0
27,0.540000,0,base,0.000000,0.150000,0.000000,0.000000,0.150000,0.000000,0.000000,0.150000,0.000000,0.000000,0.000000,0.000000,0
27,0.540000,1,gripper_l_palm,-0.460000,0.683950,0.000000,-0.460000,0.683838,-0.000000,-0.460000,0.683838,-0.000000,0.000111,0.000111,0.000111,0
27,0.540000,2,gripper_l_finger1,-0.460000,0.663949,0.000000,-0.460000,0.663838,-0.000000,-0.460000,0.663838,-0.000000,0.000111,0.000111,0.000111,0
27,0.540000,3,gripper_l_finger2,-0.460000,0.663949,-0.000000,-0.460000,0.663838,-0.000000,-0.460000,0.663838,-0.000000,0.000111,0.000111,0.000111,1
27,0.540000,4,gripper_r_palm,0.460000,0.683950,0.000000,0.460000,0.683838,-0.000000,0.460000,0.683838,-0.000000,0.000111,0.000111,0.000111,0
27,0.540000,5,gripper_r_finger1,0.460000,0.663949,0.000000,0.460000,0.663838,-0.000000,0.460000,0.663838,-0.000000,0.000111,0.000111,0.000111,0
27,0.540000,6,gripper_r_finger2,0.460000,0.663949,-0.000000,0.460000,0.663838,-0.000000,0.460000,0.663838,-0.000000,0.000111,0.000111,0.000111,1
28,0.560000,0,base,0.000000,0.150000,0.000000,0.000000,0.150000,0.000000,0.000000,0.150000,0.000000,0.000000,0.000000,0.000000,0
28,0.560000,1,gripper_l_palm,-0.460000,0.682050,0.000000,-0.460000,0.681937,-0.000000,-0.460000,0.681937,-0.000000,0.000114,0.000114,0.000114,0
28,0.560000,2,gripper_l_finger1,-0.460000,0.662050,0.000000,-0.460000,0.661937,-0.000000,-0.460000,0.661937,-0.000000,0.000114,0.000114,0.000114,1
28,0.560000,3,gripper_l_finger2,-0.460000,0.662050,-0.000000,-0.460000,0.661937,-0.000000,-0.460000,0.661937,-0.000000,0.000114,0.000114,0.000114,0
28,0.560000,4,gripper_r_palm,0.460000,0.682050,0.000000,0.460000,0.681937,-0.000000,0.460000,0.681937,-0.000000,0.000114,0.000114,0.000114,0
28,0.560000,5,gripper_r_finger1,0.460000,0.662050,0.000000,0.460000,0.661937,-0.000000,0.460000,0.661937,-0.000000,0.000114,0.000114,0.000114,1
28,0.560000,6,gripper_r_finger2,0.460000,0.662050,-0.000000,0.460000,0.661937,-0.000000,0.460000,0.661937,-0.000000,0.000114,0.000114,0.000114,0
29,0.580000,0,base,0.000000,0.150000,0.000000,0.000000,0.150000,0.000000,0.000000,0.150000,0.000000,0.000000,0.000000,0.000000,0
29,0.580000,1,gripper_l_palm,-0.460000,0.680080,0.000000,-0.460000,0.679964,-0.000000,-0.460000,0.679964,-0.000000,0.000117,0.000117,0.000117,0
29,0.580000,2,gripper_l_finger1,-0.460000,0.660080,0.000000,-0.460000,0.659964,-0.000000,-0.460000,0.659964,-0.000000,0.000116,0.000116,0.000116,0
29,0.580000,3,gripper_l_finger2,-0.460000,0.660080,-0.000000,-0.460000,0.659964,-0.000000,-0.460000,0.659964,-0.000000,0.000116,0.000116,0.000116,1
29,0.580000,4,gripper_r_palm,0.460000,0.680080,0.000000,0.460000,0.679964,-0.000000,0.460000,0.679964,-0.000000,0.000117,0.000117,0.000117,0
29,0.580000,5,gripper_r_finger1,0.460000,0.660080,0.000000,0.460000,0.659964,-0.000000,0.460000,0.659964,-0.000000,0.000116,0.000116,0.000116,0
29,0.580000,6,gripper_r_finger2,0.460000,0.660080,-0.000000,0.460000,0.659964,-0.000000,0.460000,0.659964,-0.000000,0.000116,0.000116,0.000116,1
30,0.600000,0,base,0.000000,0.150000,0.000000,0.000000,0.150000,0.000000,0.000000,0.150000,0.000000,0.000000,0.000000,0.000000,0
30,0.600000,1,gripper_l_palm,-0.460000,0.678046,0.000000,-0.460000,0.677927,-0.000000,-0.460000,0.677927,-0.000000,0.000119,0.000119,0.000119,0
30,0.600000,2,gripper_l_finger1,-0.460000,0.658046,0.000000,-0.460000,0.657927,-0.000000,-0.460000,0.657927,-0.000000,0.000119,0.000119,0.000119,0
30,0.600000,3,gripper_l_finger2,-0.460000,0.658046,-0.000000,-0.460000,0.657927,-0.000000,-0.460000,0.657927,-0.000000,0.000119,0.000119,0.000119,0
30,0.600000,4,gripper_r_palm,0.460000,0.678046,0.000000,0.460000,0.677927,-0.000000,0.460000,0.677927,-0.000000,0.000119,0.000119,0.000119,0
30,0.600000,5,gripper_r_finger1,0.460000,0.658046,0.000000,0.460000,0.657927,-0.000000,0.460000,0.657927,-0.000000,0.000119,0.000119,0.000119,0
30,0.600000,6,gripper_r_finger2,0.460000,0.658046,-0.000000,0.460000,0.657927,-0.000000,0.460000,0.657927,-0.000000,0.000119,0.000119,0.000119,0
31,0.620000,0,base,0.000000,0.150000,0.000000,0.000000,0.150000,0.000000,0.000000,0.150000,0.000000,0.000000,0.000000,0.000000,0
31,0.620000,1,gripper_l_palm,-0.460000,0.675954,0.000000,-0.460000,0.675831,-0.000000,-0.460000,0.675831,-0.000000,0.000122,0.000122,0.000122,0
31,0.620000,2,gripper_l_finger1,-0.460000,0.655954,0.000000,-0.460000,0.655831,-0.000000,-0.460000,0.655831,-0.000000,0.000122,0.000122,0.000122,0
31,0.620000,3,gripper_l_finger2,-0.460000,0.655954,-0.000000,-0.460000,0.655831,-0.000000,-0.460000,0.655831,-0.000000,0.000122,0.000122,0.000122,1
31,0.620000,4,gripper_r_palm,0.460000,0.675954,0.000000,0.460000,0.675831,-0.000000,0.460000,0.675831,-0.000000,0.000122,0.000122,0.000122,0
31,0.620000,5,gripper_r_finger1,0.460000,0.655954,0.000000,0.460000,0.655831,-0.000000,0.460000,0.655831,-0.000000,0.000122,0.000122,0.000122,0
31,0.620000,6,gripper_r_finger2,0.460000,0.655954,-0.000000,0.460000,0.655831,-0.000000,0.460000,0.655831,-0.000000,0.000122,0.000122,0.000122,1
32,0.640000,0,base,0.000000,0.150000,0.000000,0.000000,0.150000,0.000000,0.000000,0.150000,0.000000,0.000000,0.000000,0.000000,0
32,0.640000,1,gripper_l_palm,-0.460000,0.673804,0.000000,-0.460000,0.673679,-0.000000,-0.460000,0.673679,-0.000000,0.000125,0.000125,0.000125,0
32,0.640000,2,gripper_l_finger1,-0.460000,0.653804,0.000000,-0.460000,0.653679,-0.000000,-0.460000,0.653679,-0.000000,0.000125,0.000125,0.000125,1
32,0.640000,3,gripper_l_finger2,-0.460000,0.653804,-0.000000,-0.460000,0.653679,-0.000000,-0.460000,0.653679,-0.000000,0.000125,0.000125,0.000125,0
32,0.640000,4,gripper_r_palm,0.460000,0.673804,0.000000,0.460000,0.673679,-0.000000,0.460000,0.673679,-0.000000,0.000125,0.000125,0.000125,0
32,0.640000,5,gripper_r_finger1,0.460000,0.653804,0.000000,0.460000,0.653679,-0.000000,0.460000,0.653679,-0.000000,0.000125,0.000125,0.000125,1
32,0.640000,6,gripper_r_finger2,0.460000,0.653804,-0.000000,0.460000,0.653679,-0.000000,0.460000,0.653679,-0.000000,0.000125,0.000125,0.000125,0
33,0.660000,0,base,0.000000,0.150000,0.000000,0.000000,0.150000,0.000000,0.000000,0.150000,0.000000,0.000000,0.000000,0.000000,0
33,0.660000,1,gripper_l_palm,-0.460000,0.671598,0.000000,-0.460000,0.671470,-0.000000,-0.460000,0.671470,-0.000000,0.000128,0.000128,0.000128,0
33,0.660000,2,gripper_l_finger1,-0.460000,0.651598,0.000000,-0.460000,0.651470,-0.000000,-0.460000,0.651470,-0.000000,0.000128,0.000128,0.000128,1
33,0.660000,3,gripper_l_finger2,-0.460000,0.651598,-0.000000,-0.460000,0.651470,-0.000000,-0.460000,0.651470,-0.000000,0.000128,0.000128,0.000128,0
33,0.660000,4,gripper_r_palm,0.460000,0.671598,0.000000,0.460000,0.671470,-0.000000,0.460000,0.671470,-0.000000,0.000128,0.000128,0.000128,0
33,0.660000,5,gripper_r_finger1,0.460000,0.651598,0.000000,0.460000,0.651470,-0.000000,0.460000,0.651470,-0.000000,0.000128,0.000128,0.000128,1
33,0.660000,6,gripper_r_finger2,0.460000,0.651598,-0.000000,0.460000,0.651470,-0.000000,0.460000,0.651470,-0.000000,0.000128,0.000128,0.000128,0
34,0.680000,0,base,0.000000,0.150000,0.000000,0.000000,0.150000,0.000000,0.000000,0.150000,0.000000,0.000000,0.000000,0.000000,0
34,0.680000,1,gripper_l_palm,-0.460000,0.669338,0.000000,-0.460000,0.669207,-0.000000,-0.460000,0.669207,-0.000000,0.000131,0.000131,0.000131,0
34,0.680000,2,gripper_l_finger1,-0.460000,0.649338,0.000000,-0.460000,0.649207,-0.000000,-0.460000,0.649207,-0.000000,0.000131,0.000131,0.000131,1
34,0.680000,3,gripper_l_finger2,-0.460000,0.649338,-0.000000,-0.460000,0.649207,-0.000000,-0.460000,0.649207,-0.000000,0.000131,0.000131,0.000131,0
34,0.680000,4,gripper_r_palm,0.460000,0.669338,0.000000,0.460000,0.669207,-0.000000,0.460000,0.669207,-0.000000,0.000131,0.000131,0.000131,0
34,0.680000,5,gripper_r_finger1,0.460000,0.649338,0.000000,0.460000,0.649207,-0.000000,0.460000,0.649207,-0.000000,0.000131,0.000131,0.000131,1
34,0.680000,6,gripper_r_finger2,0.460000,0.649338,-0.000000,0.460000,0.649207,-0.000000,0.460000,0.649207,-0.000000,0.000131,0.000131,0.000131,0
35,0.700000,0,base,0.000000,0.150000,0.000000,0.000000,0.150000,0.000000,0.000000,0.150000,0.000000,0.000000,0.000000,0.000000,0
35,0.700000,1,gripper_l_palm,-0.460000,0.667025,0.000000,-0.460000,0.666891,-0.000000,-0.460000,0.666891,-0.000000,0.000134,0.000134,0.000134,0
35,0.700000,2,gripper_l_finger1,-0.460000,0.647025,0.000000,-0.460000,0.646891,-0.000000,-0.460000,0.646891,-0.000000,0.000134,0.000134,0.000134,0
35,0.700000,3,gripper_l_finger2,-0.460000,0.647025,-0.000000,-0.460000,0.646891,-0.000000,-0.460000,0.646891,-0.000000,0.000134,0.000134,0.000134,0
35,0.700000,4,gripper_r_palm,0.460000,0.667025,0.000000,0.460000,0.666891,-0.000000,0.460000,0.666891,-0.000000,0.000134,0.000134,0.000134,0
35,0.700000,5,gripper_r_finger1,0.460000,0.647025,0.000000,0.460000,0.646891,-0.000000,0.460000,0.646891,-0.000000,0.000134,0.000134,0.000134,0
35,0.700000,6,gripper_r_finger2,0.460000,0.647025,-0.000000,0.460000,0.646891,-0.000000,0.460000,0.646891,-0.000000,0.000134,0.000134,0.000134,0
36,0.720000,0,base,0.000000,0.150000,0.000000,0.000000,0.150000,0.000000,0.000000,0.150000,0.000000,0.000000,0.000000,0.000000,0
36,0.720000,1,gripper_l_palm,-0.460000,0.664659,0.000000,-0.460000,0.664523,-0.000000,-0.460000,0.664523,-0.000000,0.000136,0.000136,0.000136,0
36,0.720000,2,gripper_l_finger1,-0.460000,0.644659,0.000000,-0.460000,0.644523,-0.000000,-0.460000,0.644523,-0.000000,0.000136,0.000136,0.000136,0
36,0.720000,3,gripper_l_finger2,-0.460000,0.644659,-0.000000,-0.460000,0.644523,-0.000000,-0.460000,0.644523,-0.000000,0.000136,0.000136,0.000136,1
36,0.720000,4,gripper_r_palm,0.460000,0.664659,0.000000,0.460000,0.664523,-0.000000,0.460000,0.664523,-0.000000,0.000136,0.000136,0.000136,0
36,0.720000,5,gripper_r_finger1,0.460000,0.644659,0.000000,0.460000,0.644523,-0.000000,0.460000,0.644523,-0.000000,0.000136,0.000136,0.000136,0
36,0.720000,6,gripper_r_finger2,0.460000,0.644659,-0.000000,0.460000,0.644523,-0.000000,0.460000,0.644523,-0.000000,0.000136,0.000136,0.000136,1
37,0.740000,0,base,0.000000,0.150000,0.000000,0.000000,0.150000,0.000000,0.000000,0.150000,0.000000,0.000000,0.000000,0.000000,0
37,0.740000,1,gripper_l_palm,-0.460000,0.662243,0.000000,-0.460000,0.662104,-0.000000,-0.460000,0.662104,-0.000000,0.000139,0.000139,0.000139,0
37,0.740000,2,gripper_l_finger1,-0.460000,0.642243,0.000000,-0.460000,0.642104,-0.000000,-0.460000,0.642104,-0.000000,0.000139,0.000139,0.000139,0
37,0.740000,3,gripper_l_finger2,-0.460000,0.642243,-0.000000,-0.460000,0.642104,-0.000000,-0.460000,0.642104,-0.000000,0.000139,0.000139,0.000139,1
37,0.740000,4,gripper_r_palm,0.460000,0.662243,0.000000,0.460000,0.662104,-0.000000,0.460000,0.662104,-0.000000,0.000139,0.000139,0.000139,0
37,0.740000,5,gripper_r_finger1,0.460000,0.642243,0.000000,0.460000,0.642104,-0.000000,0.460000,0.642104,-0.000000,0.000139,0.000139,0.000139,0
37,0.740000,6,gripper_r_finger2,0.460000,0.642243,-0.000000,0.460000,0.642104,-0.000000,0.460000,0.642104,-0.000000,0.000139,0.000139,0.000139,1
38,0.760000,0,base,0.000000,0.150000,0.000000,0.000000,0.150000,0.000000,0.000000,0.150000,0.000000,0.000000,0.000000,0.000000,0
38,0.760000,1,gripper_l_palm,-0.460000,0.659777,0.000000,-0.460000,0.659635,-0.000000,-0.460000,0.659635,-0.000000,0.000142,0.000142,0.000142,0
38,0.760000,2,gripper_l_finger1,-0.460000,0.639777,0.000000,-0.460000,0.639635,-0.000000,-0.460000,0.639635,-0.000000,0.000142,0.000142,0.000142,0
38,0.760000,3,gripper_l_finger2,-0.460000,0.639777,-0.000000,-0.460000,0.639635,-0.000000,-0.460000,0.639635,-0.000000,0.000142,0.000142,0.000142,1
38,0.760000,4,gripper_r_palm,0.460000,0.659777,0.000000,0.460000,0.659635,-0.000000,0.460000,0.659635,-0.000000,0.000142,0.000142,0.000142,0
38,0.760000,5,gripper_r_finger1,0.460000,0.639777,0.000000,0.460000,0.639635,-0.000000,0.460000,0.639635,-0.000000,0.000142,0.000142,0.000142,0
38,0.760000,6,gripper_r_finger2,0.460000,0.639777,-0.000000,0.460000,0.639635,-0.000000,0.460000,0.639635,-0.000000,0.000142,0.000142,0.000142,1
39,0.780000,0,base,0.000000,0.150000,0.000000,0.000000,0.150000,0.000000,0.000000,0.150000,0.000000,0.000000,0.000000,0.000000,0
39,0.780000,1,gripper_l_palm,-0.460000,0.657262,0.000000,-0.460000,0.657118,-0.000000,-0.460000,0.657118,-0.000000,0.000144,0.000144,0.000144,0
39,0.780000,2,gripper_l_finger1,-0.460000,0.637262,0.000000,-0.460000,0.637118,-0.000000,-0.460000,0.637118,-0.000000,0.000144,0.000144,0.000144,1
39,0.780000,3,gripper_l_finger2,-0.460000,0.637262,-0.000000,-0.460000,0.637118,-0.000000,-0.460000,0.637118,-0.000000,0.000144,0.000144,0.000144,0
39,0.780000,4,gripper_r_palm,0.460000,0.657262,0.000000,0.460000,0.657118,-0.000000,0.460000,0.657118,-0.000000,0.000144,0.000144,0.000144,0
39,0.780000,5,gripper_r_finger1,0.460000,0.637262,0.000000,0.460000,0.637118,-0.000000,0.460000,0.637118,-0.000000,0.000144,0.000144,0.000144,1
39,0.780000,6,gripper_r_finger2,0.460000,0.637262,-0.000000,0.460000,0.637118,-0.000000,0.460000,0.637118,-0.000000,0.000144,0.000144,0.000144,0
40,0.800000,0,base,0.000000,0.150000,0.000000,0.000000,0.150000,0.000000,0.000000,0.150000,0.000000,0.000000,0.000000,0.000000,0
40,0.800000,1,gripper_l_palm,-0.460000,0.654700,0.000000,-0.460000,0.654553,-0.000000,-0.460000,0.654553,-0.000000,0.000147,0.000147,0.000147,0
40,0.800000,2,gripper_l_finger1,-0.460000,0.634700,0.000000,-0.460000,0.634553,-0.000000,-0.460000,0.634553,-0.000000,0.000147,0.000147,0.000147,1
40,0.800000,3,gripper_l_finger2,-0.460000,0.634700,-0.000000,-0.460000,0.634553,-0.000000,-0.460000,0.634553,-0.000000,0.000147,0.000147,0.000147,0
40,0.800000,4,gripper_r_palm,0.460000,0.654700,0.000000,0.460000,0.654553,-0.000000,0.460000,0.654553,-0.000000,0.000147,0.000147,0.000147,0
40,0.800000,5,gripper_r_finger1,0.460000,0.634700,0.000000,0.460000,0.634553,-0.000000,0.460000,0.634553,-0.000000,0.000147,0.000147,0.000147,1
40,0.800000,6,gripper_r_finger2,0.460000,0.634700,-0.000000,0.460000,0.634553,-0.000000,0.460000,0.634553,-0.000000,0.000147,0.000147,0.000147,0
41,0.820000,0,base,0.000000,0.150000,0.000000,0.000000,0.150000,0.000000,0.000000,0.150000,0.000000,0.000000,0.000000,0.000000,0
41,0.820000,1,gripper_l_palm,-0.460000,0.652092,0.000000,-0.460000,0.651943,-0.000000,-0.460000,0.651943,-0.000000,0.000149,0.000149,0.000149,0
41,0.820000,2,gripper_l_finger1,-0.460000,0.632092,0.000000,-0.460000,0.631943,-0.000000,-0.460000,0.631943,-0.000000,0.000149,0.000149,0.000149,0
41,0.820000,3,gripper_l_finger2,-0.460000,0.632092,-0.000000,-0.460000,0.631943,-0.000000,-0.460000,0.631943,-0.000000,0.000149,0.000149,0.000149,1
41,0.820000,4,gripper_r_palm,0.460000,0.652092,0.000000,0.460000,0.651943,-0.000000,0.460000,0.651943,-0.000000,0.000149,0.000149,0.000149,0
41,0.820000,5,gripper_r_finger1,0.460000,0.632092,0.000000,0.460000,0.631943,-0.000000,0.460000,0.631943,-0.000000,0.000149,0.000149,0.000149,0
41,0.820000,6,gripper_r_finger2,0.460000,0.632092,-0.000000,0.460000,0.631943,-0.000000,0.460000,0.631943,-0.000000,0.000149,0.000149,0.000149,1
42,0.840000,0,base,0.000000,0.150000,0.000000,0.000000,0.150000,0.000000,0.000000,0.150000,0.000000,0.000000,0.000000,0.000000,0
42,0.840000,1,gripper_l_palm,-0.460000,0.649439,0.000000,-0.460000,0.649288,-0.000000,-0.460000,0.649288,-0.000000,0.000151,0.000151,0.000151,0
42,0.840000,2,gripper_l_finger1,-0.460000,0.629439,0.000000,-0.460000,0.629288,-0.000000,-0.460000,0.629288,-0.000000,0.000151,0.000151,0.000151,0
42,0.840000,3,gripper_l_finger2,-0.460000,0.629439,-0.000000,-0.460000,0.629288,-0.000000,-0.460000,0.629288,-0.000000,0.000151,0.000151,0.000151,1
42,0.840000,4,gripper_r_palm,0.460000,0.649439,0.000000,0.460000,0.649288,-0.000000,0.460000,0.649288,-0.000000,0.000151,0.000151,0.000151,0
42,0.840000,5,gripper_r_finger1,0.460000,0.629439,0.000000,0.460000,0.629288,-0.000000,0.460000,0.629288,-0.000000,0.000151,0.000151,0.000151,0
42,0.840000,6,gripper_r_finger2,0.460000,0.629439,-0.000000,0.460000,0.629288,-0.000000,0.460000,0.629288,-0.000000,0.000151,0.000151,0.000151,1
43,0.860000,0,base,0.000000,0.150000,0.000000,0.000000,0.150000,0.000000,0.000000,0.150000,0.000000,0.000000,0.000000,0.000000,0
43,0.860000,1,gripper_l_palm,-0.460000,0.646743,0.000000,-0.460000,0.646589,-0.000000,-0.460000,0.646589,-0.000000,0.000154,0.000154,0.000154,0
43,0.860000,2,gripper_l_finger1,-0.460000,0.626743,0.000000,-0.460000,0.626589,-0.000000,-0.460000,0.626589,-0.000000,0.000154,0.000154,0.000154,1
43,0.860000,3,gripper_l_finger2,-0.460000,0.626743,-0.000000,-0.460000,0.626589,-0.000000,-0.460000,0.626589,-0.000000,0.000154,0.000154,0.000154,0
43,0.860000,4,gripper_r_palm,0.460000,0.646743,0.000000,0.460000,0.646589,-0.000000,0.460000,0.646589,-0.000000,0.000154,0.000154,0.000154,0
43,0.860000,5,gripper_r_finger1,0.460000,0.626743,0.000000,0.460000,0.626589,-0.000000,0.460000,0.626589,-0.000000,0.000154,0.000154,0.000154,1
43,0.860000,6,gripper_r_finger2,0.460000,0.626743,-0.000000,0.460000,0.626589,-0.000000,0.460000,0.626589,-0.000000,0.000154,0.000154,0.000154,0
44,0.880000,0,base,0.000000,0.150000,0.000000,0.000000,0.150000,0.000000,0.000000,0.150000,0.000000,0.000000,0.000000,0.000000,0
44,0.880000,1,gripper_l_palm,-0.460000,0.644004,0.000000,-0.460000,0.643848,-0.000000,-0.460000,0.643848,-0.000000,0.000156,0.000156,0.000156,0
44,0.880000,2,gripper_l_finger1,-0.460000,0.624004,0.000000,-0.460000,0.623848,-0.000000,-0.460000,0.623848,-0.000000,0.000156,0.000156,0.000156,1
44,0.880000,3,gripper_l_finger2,-0.460000,0.624004,-0.000000,-0.460000,0.623848,-0.000000,-0.460000,0.623848,-0.000000,0.000156,0.000156,0.000156,0
44,0.880000,4,gripper_r_palm,0.460000,0.644004,0.000000,0.460000,0.643848,-0.000000,0.460000,0.643848,-0.000000,0.000156,0.000156,0.000156,0
44,0.880000,5,gripper_r_finger1,0.460000,0.624004,0.000000,0.460000,0.623848,-0.000000,0.460000,0.623848,-0.000000,0.000156,0.000156,0.000156,1
44,0.880000,6,gripper_r_finger2,0.460000,0.624004,-0.000000,0.460000,0.623848,-0.000000,0.460000,0.623848,-0.000000,0.000156,0.000156,0.000156,0
45,0.900000,0,base,0.000000,0.150000,0.000000,0.000000,0.150000,0.000000,0.000000,0.150000,0.000000,0.000000,0.000000,0.000000,0
45,0.900000,1,gripper_l_palm,-0.460000,0.641224,0.000000,-0.460000,0.641066,-0.000000,-0.460000,0.641066,-0.000000,0.000158,0.000158,0.000158,0
45,0.900000,2,gripper_l_finger1,-0.460000,0.621224,0.000000,-0.460000,0.621066,-0.000000,-0.460000,0.621066,-0.000000,0.000158,0.000158,0.000158,1
45,0.900000,3,gripper_l_finger2,-0.460000,0.621224,-0.000000,-0.460000,0.621066,-0.000000,-0.460000,0.621066,-0.000000,0.000158,0.000158,0.000158,0
45,0.900000,4,gripper_r_palm,0.460000,0.641224,0.000000,0.460000,0.641066,-0.000000,0.460000,0.641066,-0.000000,0.000158,0.000158,0.000158,0
45,0.900000,5,gripper_r_finger1,0.460000,0.621224,0.000000,0.460000,0.621066,-0.000000,0.460000,0.621066,-0.000000,0.000158,0.000158,0.000158,1
45,0.900000,6,gripper_r_finger2,0.460000,0.621224,-0.000000,0.460000,0.621066,-0.000000,0.460000,0.621066,-0.000000,0.000158,0.000158,0.000158,0
46,0.920000,0,base,0.000000,0.150000,0.000000,0.000000,0.150000,0.000000,0.000000,0.150000,0.000000,0.000000,0.000000,0.000000,0
46,0.920000,1,gripper_l_palm,-0.460000,0.638405,0.000000,-0.460000,0.638245,-0.000000,-0.460000,0.638245,-0.000000,0.000160,0.000160,0.000160,0
46,0.920000,2,gripper_l_finger1,-0.460000,0.618405,0.000000,-0.460000,0.618245,-0.000000,-0.460000,0.618245,-0.000000,0.000160,0.000160,0.000160,1
46,0.920000,3,gripper_l_finger2,-0.460000,0.618405,-0.000000,-0.460000,0.618245,-0.000000,-0.460000,0.618245,-0.000000,0.000160,0.000160,0.000160,0
46,0.920000,4,gripper_r_palm,0.460000,0.638405,0.000000,0.460000,0.638245,-0.000000,0.460000,0.638245,-0.000000,0.000160,0.000160,0.000160,0
46,0.920000,5,gripper_r_finger1,0.460000,0.618405,0.000000,0.460000,0.618245,-0.000000,0.460000,0.618245,-0.000000,0.000160,0.000160,0.000160,1
46,0.920000,6,gripper_r_finger2,0.460000,0.618405,-0.000000,0.460000,0.618245,-0.000000,0.460000,0.618245,-0.000000,0.000160,0.000160,0.000160,0
47,0.940000,0,base,0.000000,0.150000,0.000000,0.000000,0.150000,0.000000,0.000000,0.150000,0.000000,0.000000,0.000000,0.000000,0
47,0.940000,1,gripper_l_palm,-0.460000,0.635546,0.000000,-0.460000,0.635384,-0.000000,-0.460000,0.635384,-0.000000,0.000162,0.000162,0.000162,0
47,0.940000,2,gripper_l_finger1,-0.460000,0.615546,0.000000,-0.460000,0.615384,-0.000000,-0.460000,0.615384,-0.000000,0.000162,0.000162,0.000162,1
47,0.940000,3,gripper_l_finger2,-0.460000,0.615546,-0.000000,-0.460000,0.615384,-0.000000,-0.460000,0.615384,-0.000000,0.000162,0.000162,0.000162,0
47,0.940000,4,gripper_r_palm,0.460000,0.635546,0.000000,0.460000,0.635384,-0.000000,0.460000,0.635384,-0.000000,0.000162,0.000162,0.000162,0
47,0.940000,5,gripper_r_finger1,0.460000,0.615546,0.000000,0.460000,0.615384,-0.000000,0.460000,0.615384,-0.000000,0.000162,0.000162,0.000162,1
47,0.940000,6,gripper_r_finger2,0.460000,0.615546,-0.000000,0.460000,0.615384,-0.000000,0.460000,0.615384,-0.000000,0.000162,0.000162,0.000162,0
48,0.960000,0,base,0.000000,0.150000,0.000000,0.000000,0.150000,0.000000,0.000000,0.150000,0.000000,0.000000,0.000000,0.000000,0
48,0.960000,1,gripper_l_palm,-0.460000,0.632650,0.000000,-0.460000,0.632486,-0.000000,-0.460000,0.632486,-0.000000,0.000164,0.000164,0.000164,0
48,0.960000,2,gripper_l_finger1,-0.460000,0.612650,0.000000,-0.460000,0.612486,-0.000000,-0.460000,0.612486,-0.000000,0.000164,0.000164,0.000164,1
48,0.960000,3,gripper_l_finger2,-0.460000,0.612650,-0.000000,-0.460000,0.612486,-0.000000,-0.460000,0.612486,-0.000000,0.000164,0.000164,0.000164,0
48,0.960000,4,gripper_r_palm,0.460000,0.632650,0.000000,0.460000,0.632486,-0.000000,0.460000,0.632486,-0.000000,0.000164,0.000164,0.000164,0
48,0.960000,5,gripper_r_finger1,0.460000,0.612650,0.000000,0.460000,0.612486,-0.000000,0.460000,0.612486,-0.000000,0.000164,0.000164,0.000164,1
48,0.960000,6,gripper_r_finger2,0.460000,0.612650,-0.000000,0.460000,0.612486,-0.000000,0.460000,0.612486,-0.000000,0.000164,0.000164,0.000164,0
49,0.980000,0,base,0.000000,0.150000,0.000000,0.000000,0.150000,0.000000,0.000000,0.150000,0.000000,0.000000,0.000000,0.000000,0
49,0.980000,1,gripper_l_palm,-0.460000,0.629718,0.000000,-0.460000,0.629552,-0.000000,-0.460000,0.629552,-0.000000,0.000166,0.000166,0.000166,0
49,0.980000,2,gripper_l_finger1,-0.460000,0.609718,0.000000,-0.460000,0.609552,-0.000000,-0.460000,0.609552,-0.000000,0.000166,0.000166,0.000166,1
49,0.980000,3,gripper_l_finger2,-0.460000,0.609718,-0.000000,-0.460000,0.609552,-0.000000,-0.460000,0.609552,-0.000000,0.000166,0.000166,0.000166,0
49,0.980000,4,gripper_r_palm,0.460000,0.629718,0.000000,0.460000,0.629552,-0.000000,0.460000,0.629552,-0.000000,0.000166,0.000166,0.000166,0
49,0.980000,5,gripper_r_finger1,0.460000,0.609718,0.000000,0.460000,0.609552,-0.000000,0.460000,0.609552,-0.000000,0.000166,0.000166,0.000166,1
49,0.980000,6,gripper_r_finger2,0.460000,0.609718,-0.000000,0.460000,0.609552,-0.000000,0.460000,0.609552,-0.000000,0.000166,0.000166,0.000166,0
50,1.000000,0,base,0.000000,0.150000,0.000000,0.000000,0.150000,0.000000,0.000000,0.150000,0.000000,0.000000,0.000000,0.000000,0
50,1.000000,1,gripper_l_palm,-0.460000,0.626751,0.000000,-0.460000,0.626584,-0.000000,-0.460000,0.626584,-0.000000,0.000167,0.000167,0.000167,0
50,1.000000,2,gripper_l_finger1,-0.460000,0.606751,0.000000,-0.460000,0.606583,-0.000000,-0.460000,0.606583,-0.000000,0.000167,0.000167,0.000167,1
50,1.000000,3,gripper_l_finger2,-0.460000,0.606751,-0.000000,-0.460000,0.606583,-0.000000,-0.460000,0.606583,-0.000000,0.000167,0.000167,0.000167,0
50,1.000000,4,gripper_r_palm,0.460000,0.626751,0.000000,0.460000,0.626584,-0.000000,0.460000,0.626584,-0.000000,0.000167,0.000167,0.000167,0
50,1.000000,5,gripper_r_finger1,0.460000,0.606751,0.000000,0.460000,0.606583,-0.000000,0.460000,0.606583,-0.000000,0.000167,0.000167,0.000167,1
50,1.000000,6,gripper_r_finger2,0.460000,0.606751,-0.000000,0.460000,0.606583,-0.000000,0.460000,0.606583,-0.000000,0.000167,0.000167,0.000167,0
51,1.020000,0,base,0.000000,0.150000,0.000000,0.000000,0.150000,0.000000,0.000000,0.150000,0.000000,0.000000,0.000000,0.000000,0
51,1.020000,1,gripper_l_palm,-0.460000,0.623750,0.000000,-0.460000,0.623581,-0.000000,-0.460000,0.623581,-0.000000,0.000169,0.000169,0.000169,0
51,1.020000,2,gripper_l_finger1,-0.460000,0.603750,0.000000,-0.460000,0.603581,-0.000000,-0.460000,0.603581,-0.000000,0.000169,0.000169,0.000169,1
51,1.020000,3,gripper_l_finger2,-0.460000,0.603750,-0.000000,-0.460000,0.603581,-0.000000,-0.460000,0.603581,-0.000000,0.000169,0.000169,0.000169,0
51,1.020000,4,gripper_r_palm,0.460000,0.623750,0.000000,0.460000,0.623581,-0.000000,0.460000,0.623581,-0.000000,0.000169,0.000169,0.000169,0
51,1.020000,5,gripper_r_finger1,0.460000,0.603750,0.000000,0.460000,0.603581,-0.000000,0.460000,0.603581,-0.000000,0.000169,0.000169,0.000169,1
51,1.020000,6,gripper_r_finger2,0.460000,0.603750,-0.000000,0.460000,0.603581,-0.000000,0.460000,0.603581,-0.000000,0.000169,0.000169,0.000169,0
52,1.040000,0,base,0.000000,0.150000,0.000000,0.000000,0.150000,0.000000,0.000000,0.150000,0.000000,0.000000,0.000000,0.000000,0
52,1.040000,1,gripper_l_palm,-0.460000,0.620716,0.000000,-0.460000,0.620546,-0.000000,-0.460000,0.620546,-0.000000,0.000171,0.000171,0.000171,0
52,1.040000,2,gripper_l_finger1,-0.460000,0.600716,0.000000,-0.460000,0.600546,-0.000000,-0.460000,0.600546,-0.000000,0.000171,0.000171,0.000171,1
52,1.040000,3,gripper_l_finger2,-0.460000,0.600716,-0.000000,-0.460000,0.600546,-0.000000,-0.460000,0.600546,-0.000000,0.000171,0.000171,0.000171,0
52,1.040000,4,gripper_r_palm,0.460000,0.620716,0.000000,0.460000,0.620546,-0.000000,0.460000,0.620546,-0.000000,0.000171,0.000171,0.000171,0
52,1.040000,5,gripper_r_finger1,0.460000,0.600716,0.000000,0.460000,0.600546,-0.000000,0.460000,0.600546,-0.000000,0.000171,0.000171,0.000171,1
52,1.040000,6,gripper_r_finger2,0.460000,0.600716,-0.000000,0.460000,0.600546,-0.000000,0.460000,0.600546,-0.000000,0.000171,0.000171,0.000171,0
53,1.060000,0,base,0.000000,0.150000,0.000000,0.000000,0.150000,0.000000,0.000000,0.150000,0.000000,0.000000,0.000000,0.000000,0
53,1.060000,1,gripper_l_palm,-0.460000,0.617652,0.000000,-0.460000,0.617479,-0.000000,-0.460000,0.617479,-0.000000,0.000172,0.000172,0.000172,0
53,1.060000,2,gripper_l_finger1,-0.460000,0.597652,0.000000,-0.460000,0.597479,-0.000000,-0.460000,0.597479,-0.000000,0.000172,0.000172,0.000172,1
53,1.060000,3,gripper_l_finger2,-0.460000,0.597652,-0.000000,-0.460000,0.597479,-0.000000,-0.460000,0.597479,-0.000000,0.000172,0.000172,0.000172,0
53,1.060000,4,gripper_r_palm,0.460000,0.617652,0.000000,0.460000,0.617479,-0.000000,0.460000,0.617479,-0.000000,0.000172,0.000172,0.000172,0
53,1.060000,5,gripper_r_finger1,0.460000,0.597652,0.000000,0.460000,0.597479,-0.000000,0.460000,0.597479,-0.000000,0.000172,0.000172,0.000172,1
53,1.060000,6,gripper_r_finger2,0.460000,0.597652,-0.000000,0.460000,0.597479,-0.000000,0.460000,0.597479,-0.000000,0.000172,0.000172,0.000172,0
54,1.080000,0,base,0.000000,0.150000,0.000000,0.000000,0.150000,0.000000,0.000000,0.150000,0.000000,0.000000,0.000000,0.000000,0
54,1.080000,1,gripper_l_palm,-0.460000,0.614557,0.000000,-0.460000,0.614383,-0.000000,-0.460000,0.614383,-0.000000,0.000174,0.000174,0.000174,0
54,1.080000,2,gripper_l_finger1,-0.460000,0.594557,0.000000,-0.460000,0.594383,-0.000000,-0.460000,0.594383,-0.000000,0.000174,0.000174,0.000174,1
54,1.080000,3,gripper_l_finger2,-0.460000,0.594557,-0.000000,-0.460000,0.594383,-0.000000,-0.460000,0.594383,-0.000000,0.000174,0.000174,0.000174,0
54,1.080000,4,gripper_r_palm,0.460000,0.614557,0.000000,0.460000,0.614383,-0.000000,0.460000,0.614383,-0.000000,0.000174,0.000174,0.000174,0
54,1.080000,5,gripper_r_finger1,0.460000,0.594557,0.000000,0.460000,0.594383,-0.000000,0.460000,0.594383,-0.000000,0.000174,0.000174,0.000174,1
54,1.080000,6,gripper_r_finger2,0.460000,0.594557,-0.000000,0.460000,0.594383,-0.000000,0.460000,0.594383,-0.000000,0.000174,0.000174,0.000174,0
55,1.100000,0,base,0.000000,0.150000,0.000000,0.000000,0.150000,0.000000,0.000000,0.150000,0.000000,0.000000,0.000000,0.000000,0
55,1.100000,1,gripper_l_palm,-0.460000,0.611433,0.000000,-0.460000,0.611258,-0.000000,-0.460000,0.611258,-0.000000,0.000176,0.000176,0.000176,0
55,1.100000,2,gripper_l_finger1,-0.460000,0.591433,0.000000,-0.460000,0.591258,-0.000000,-0.460000,0.591258,-0.000000,0.000176,0.000176,0.000176,1
55,1.100000,3,gripper_l_finger2,-0.460000,0.591433,-0.000000,-0.460000,0.591258,-0.000000,-0.460000,0.591258,-0.000000,0.000176,0.000176,0.000176,0
55,1.100000,4,gripper_r_palm,0.460000,0.611433,0.000000,0.460000,0.611258,-0.000000,0.460000,0.611258,-0.000000,0.000176,0.000176,0.000176,0
55,1.100000,5,gripper_r_finger1,0.460000,0.591433,0.000000,0.460000,0.591258,-0.000000,0.460000,0.591258,-0.000000,0.000176,0.000176,0.000176,1
55,1.100000,6,gripper_r_finger2,0.460000,0.591433,-0.000000,0.460000,0.591258,-0.000000,0.460000,0.591258,-0.000000,0.000176,0.000176,0.000176,0
56,1.120000,0,base,0.000000,0.150000,0.000000,0.000000,0.150000,0.000000,0.000000,0.150000,0.000000,0.000000,0.000000,0.000000,0
56,1.120000,1,gripper_l_palm,-0.460000,0.608282,0.000000,-0.460000,0.608105,-0.000000,-0.460000,0.608105,-0.000000,0.000177,0.000177,0.000177,0
56,1.120000,2,gripper_l_finger1,-0.460000,0.588282,0.000000,-0.460000,0.588105,-0.000000,-0.460000,0.588105,-0.000000,0.000177,0.000177,0.000177,1
56,1.120000,3,gripper_l_finger2,-0.460000,0.588282,-0.000000,-0.460000,0.588105,-0.000000,-0.460000,0.588105,-0.000000,0.000177,0.000177,0.000177,0
56,1.120000,4,gripper_r_palm,0.460000,0.608282,0.000000,0.460000,0.608105,-0.000000,0.460000,0.608105,-0.000000,0.000177,0.000177,0.000177,0
56,1.120000,5,gripper_r_finger1,0.460000,0.588282,0.000000,0.460000,0.588105,-0.000000,0.460000,0.588105,-0.000000,0.000177,0.000177,0.000177,1
56,1.120000,6,gripper_r_finger2,0.460000,0.588282,-0.000000,0.460000,0.588105,-0.000000,0.460000,0.588105,-0.000000,0.000177,0.000177,0.000177,0
57,1.140000,0,base,0.000000,0.150000,0.000000,0.000000,0.150000,0.000000,0.000000,0.150000,0.000000,0.000000,0.000000,0.000000,0
57,1.140000,1,gripper_l_palm,-0.460000,0.605104,0.000000,-0.460000,0.604926,-0.000000,-0.460000,0.604926,-0.000000,0.000178,0.000178,0.000178,0
57,1.140000,2,gripper_l_finger1,-0.460000,0.585104,0.000000,-0.460000,0.584926,-0.000000,-0.460000,0.584926,-0.000000,0.000178,0.000178,0.000178,1
57,1.140000,3,gripper_l_finger2,-0.460000,0.585104,-0.000000,-0.460000,0.584926,-0.000000,-0.460000,0.584926,-0.000000,0.000178,0.000178,0.000178,0
57,1.140000,4,gripper_r_palm,0.460000,0.605104,0.000000,0.460000,0.604926,-0.000000,0.460000,0.604926,-0.000000,0.000178,0.000178,0.000178,0
57,1.140000,5,gripper_r_finger1,0.460000,0.585104,0.000000,0.460000,0.584926,-0.000000,0.460000,0.584926,-0.000000,0.000178,0.000178,0.000178,1
57,1.140000,6,gripper_r_finger2,0.460000,0.585104,-0.000000,0.460000,0.584926,-0.000000,0.460000,0.584926,-0.000000,0.000178,0.000178,0.000178,0
58,1.160000,0,base,0.000000,0.150000,0.000000,0.000000,0.150000,0.000000,0.000000,0.150000,0.000000,0.000000,0.000000,0.000000,0
58,1.160000,1,gripper_l_palm,-0.460000,0.601901,0.000000,-0.460000,0.601722,-0.000000,-0.460000,0.601722,-0.000000,0.000179,0.000179,0.000179,0
58,1.160000,2,gripper_l_finger1,-0.460000,0.581901,0.000000,-0.460000,0.581722,-0.000000,-0.460000,0.581722,-0.000000,0.000179,0.000179,0.000179,1
58,1.160000,3,gripper_l_finger2,-0.460000,0.581901,-0.000000,-0.460000,0.581722,-0.000000,-0.460000,0.581722,-0.000000,0.000179,0.000179,0.000179,0
58,1.160000,4,gripper_r_palm,0.460000,0.601901,0.000000,0.460000,0.601722,-0.000000,0.460000,0.601722,-0.000000,0.000179,0.000179,0.000179,0
58,1.160000,5,gripper_r_finger1,0.460000,0.581901,0.000000,0.460000,0.581722,-0.000000,0.460000,0.581722,-0.000000,0.000179,0.000179,0.000179,1
58,1.160000,6,gripper_r_finger2,0.460000,0.581901,-0.000000,0.460000,0.581722,-0.000000,0.460000,0.581722,-0.000000,0.000179,0.000179,0.000179,0
59,1.180000,0,base,0.000000,0.150000,0.000000,0.000000,0.150000,0.000000,0.000000,0.150000,0.000000,0.000000,0.000000,0.000000,0
59,1.180000,1,gripper_l_palm,-0.460000,0.598674,0.000000,-0.460000,0.598494,-0.000000,-0.460000,0.598494,-0.000000,0.000180,0.000180,0.000180,0
59,1.180000,2,gripper_l_finger1,-0.460000,0.578674,0.000000,-0.460000,0.578494,-0.000000,-0.460000,0.578494,-0.000000,0.000180,0.000180,0.000180,1
59,1.180000,3,gripper_l_finger2,-0.460000,0.578674,-0.000000,-0.460000,0.578494,-0.000000,-0.460000,0.578494,-0.000000,0.000180,0.000180,0.000180,0
59,1.180000,4,gripper_r_palm,0.460000,0.598674,0.000000,0.460000,0.598494,-0.000000,0.460000,0.598494,-0.000000,0.000180,0.000180,0.000180,0
59,1.180000,5,gripper_r_finger1,0.460000,0.578674,0.000000,0.460000,0.578494,-0.000000,0.460000,0.578494,-0.000000,0.000180,0.000180,0.000180,1
59,1.180000,6,gripper_r_finger2,0.460000,0.578674,-0.000000,0.460000,0.578494,-0.000000,0.460000,0.578494,-0.000000,0.000180,0.000180,0.000180,0
60,1.200000,0,base,0.000000,0.150000,0.000000,0.000000,0.150000,0.000000,0.000000,0.150000,0.000000,0.000000,0.000000,0.000000,0
60,1.200000,1,gripper_l_palm,-0.460000,0.595425,0.000000,-0.460000,0.595243,-0.000000,-0.460000,0.595243,-0.000000,0.000182,0.000182,0.000182,0
60,1.200000,2,gripper_l_finger1,-0.460000,0.575425,0.000000,-0.460000,0.575243,-0.000000,-0.460000,0.575243,-0.000000,0.000182,0.000182,0.000182,1
60,1.200000,3,gripper_l_finger2,-0.460000,0.575425,-0.000000,-0.460000,0.575243,-0.000000,-0.460000,0.575243,-0.000000,0.000182,0.000182,0.000182,0
60,1.200000,4,gripper_r_palm,0.460000,0.595425,0.000000,0.460000,0.595243,-0.000000,0.460000,0.595243,-0.000000,0.000182,0.000182,0.000182,0
60,1.200000,5,gripper_r_finger1,0.460000,0.575425,0.000000,0.460000,0.575243,-0.000000,0.460000,0.575243,-0.000000,0.000182,0.000182,0.000182,1
60,1.200000,6,gripper_r_finger2,0.460000,0.575425,-0.000000,0.460000,0.575243,-0.000000,0.460000,0.575243,-0.000000,0.000182,0.000182,0.000182,0
61,1.220000,0,base,0.000000,0.150000,0.000000,0.000000,0.150000,0.000000,0.000000,0.150000,0.000000,0.000000,0.000000,0.000000,0
61,1.220000,1,gripper_l_palm,-0.460000,0.592153,0.000000,-0.460000,0.591971,-0.000000,-0.460000,0.591971,-0.000000,0.000183,0.000183,0.000183,0
61,1.220000,2,gripper_l_finger1,-0.460000,0.572153,0.000000,-0.460000,0.571971,-0.000000,-0.460000,0.571971,-0.000000,0.000183,0.000183,0.000183,1
61,1.220000,3,gripper_l_finger2,-0.460000,0.572153,-0.000000,-0.460000,0.571971,-0.000000,-0.460000,0.571971,-0.000000,0.000183,0.000183,0.000183,0
61,1.220000,4,gripper_r_palm,0.460000,0.592153,0.000000,0.460000,0.591971,-0.000000,0.460000,0.591971,-0.000000,0.000183,0.000183,0.000183,0
61,1.220000,5,gripper_r_finger1,0.460000,0.572153,0.000000,0.460000,0.571971,-0.000000,0.460000,0.571971,-0.000000,0.000183,0.000183,0.000183,1
61,1.220000,6,gripper_r_finger2,0.460000,0.572153,-0.000000,0.460000,0.571971,-0.000000,0.460000,0.571971,-0.000000,0.000183,0.000183,0.000183,0
62,1.240000,0,base,0.000000,0.150000,0.000000,0.000000,0.150000,0.000000,0.000000,0.150000,0.000000,0.000000,0.000000,0.000000,0
62,1.240000,1,gripper_l_palm,-0.460000,0.588862,0.000000,-0.460000,0.588678,-0.000000,-0.460000,0.588678,-0.000000,0.000184,0.000184,0.000184,0
62,1.240000,2,gripper_l_finger1,-0.460000,0.568862,0.000000,-0.460000,0.568678,-0.000000,-0.460000,0.568678,-0.000000,0.000184,0.000184,0.000184,1
62,1.240000,3,gripper_l_finger2,-0.460000,0.568862,-0.000000,-0.460000,0.568678,-0.000000,-0.460000,0.568678,-0.000000,0.000184,0.000184,0.000184,0
62,1.240000,4,gripper_r_palm,0.460000,0.588862,0.000000,0.460000,0.588678,-0.000000,0.460000,0.588678,-0.000000,0.000184,0.000184,0.000184,0
62,1.240000,5,gripper_r_finger1,0.460000,0.568862,0.000000,0.460000,0.568678,-0.000000,0.460000,0.568678,-0.000000,0.000184,0.000184,0.000184,1
62,1.240000,6,gripper_r_finger2,0.460000,0.568862,-0.000000,0.460000,0.568678,-0.000000,0.460000,0.568678,-0.000000,0.000184,0.000184,0.000184,0
63,1.260000,0,base,0.000000,0.150000,0.000000,0.000000,0.150000,0.000000,0.000000,0.150000,0.000000,0.000000,0.000000,0.000000,0
63,1.260000,1,gripper_l_palm,-0.460000,0.585551,0.000000,-0.460000,0.585367,-0.000000,-0.460000,0.585367,-0.000000,0.000184,0.000184,0.000184,0
63,1.260000,2,gripper_l_finger1,-0.460000,0.565551,0.000000,-0.460000,0.565367,-0.000000,-0.460000,0.565367,-0.000000,0.000184,0.000184,0.000184,1
63,1.260000,3,gripper_l_finger2,-0.460000,0.565551,-0.000000,-0.460000,0.565367,-0.000000,-0.460000,0.565367,-0.000000,0.000184,0.000184,0.000184,0
63,1.260000,4,gripper_r_palm,0.460000,0.585551,0.000000,0.460000,0.585367,-0.000000,0.460000,0.585367,-0.000000,0.000184,0.000184,0.000184,0
63,1.260000,5,gripper_r_finger1,0.460000,0.565551,0.000000,0.460000,0.565367,-0.000000,0.460000,0.565367,-0.000000,0.000184,0.000184,0.000184,1
63,1.260000,6,gripper_r_finger2,0.460000,0.565551,-0.000000,0.460000,0.565367,-0.000000,0.460000,0.565367,-0.000000,0.000184,0.000184,0.000184,0
64,1.280000,0,base,0.000000,0.150000,0.000000,0.000000,0.150000,0.000000,0.000000,0.150000,0.000000,0.000000,0.000000,0.000000,0
64,1.280000,1,gripper_l_palm,-0.460000,0.582223,0.000000,-0.460000,0.582038,-0.000000,-0.460000,0.582038,-0.000000,0.000185,0.000185,0.000185,0
64,1.280000,2,gripper_l_finger1,-0.460000,0.562223,0.000000,-0.460000,0.562038,-0.000000,-0.460000,0.562038,-0.000000,0.000185,0.000185,0.000185,1
64,1.280000,3,gripper_l_finger2,-0.460000,0.562223,-0.000000,-0.460000,0.562038,-0.000000,-0.460000,0.562038,-0.000000,0.000185,0.000185,0.000185,0
64,1.280000,4,gripper_r_palm,0.460000,0.582223,0.000000,0.460000,0.582038,-0.000000,0.460000,0.582038,-0.000000,0.000185,0.000185,0.000185,0
64,1.280000,5,gripper_r_finger1,0.460000,0.562223,0.000000,0.460000,0.562038,-0.000000,0.460000,0.562038,-0.000000,0.000185,0.000185,0.000185,1
64,1.280000,6,gripper_r_finger2,0.460000,0.562223,-0.000000,0.460000,0.562038,-0.000000,0.460000,0.562038,-0.000000,0.000185,0.000185,0.000185,0
65,1.300000,0,base,0.000000,0.150000,0.000000,0.000000,0.150000,0.000000,0.000000,0.150000,0.000000,0.000000,0.000000,0.000000,0
65,1.300000,1,gripper_l_palm,-0.460000,0.578878,0.000000,-0.460000,0.578692,-0.000000,-0.460000,0.578692,-0.000000,0.000186,0.000186,0.000186,0
65,1.300000,2,gripper_l_finger1,-0.460000,0.558878,0.000000,-0.460000,0.558692,-0.000000,-0.460000,0.558692,-0.000000,0.000186,0.000186,0.000186,1
65,1.300000,3,gripper_l_finger2,-0.460000,0.558878,-0.000000,-0.460000,0.558692,-0.000000,-0.460000,0.558692,-0.000000,0.000186,0.000186,0.000186,0
65,1.300000,4,gripper_r_palm,0.460000,0.578878,0.000000,0.460000,0.578692,-0.000000,0.460000,0.578692,-0.000000,0.000186,0.000186,0.000186,0
65,1.300000,5,gripper_r_finger1,0.460000,0.558878,0.000000,0.460000,0.558692,-0.000000,0.460000,0.558692,-0.000000,0.000186,0.000186,0.000186,1
65,1.300000,6,gripper_r_finger2,0.460000,0.558878,-0.000000,0.460000,0.558692,-0.000000,0.460000,0.558692,-0.000000,0.000186,0.000186,0.000186,0
66,1.320000,0,base,0.000000,0.150000,0.000000,0.000000,0.150000,0.000000,0.000000,0.150000,0.000000,0.000000,0.000000,0.000000,0
66,1.320000,1,gripper_l_palm,-0.460000,0.575518,0.000000,-0.460000,0.575331,-0.000000,-0.460000,0.575331,-0.000000,0.000187,0.000187,0.000187,0
66,1.320000,2,gripper_l_finger1,-0.460000,0.555518,0.000000,-0.460000,0.555331,-0.000000,-0.460000,0.555331,-0.000000,0.000187,0.000187,0.000187,1
66,1.320000,3,gripper_l_finger2,-0.460000,0.555518,-0.000000,-0.460000,0.555331,-0.000000,-0.460000,0.555331,-0.000000,0.000187,0.000187,0.000187,0
66,1.320000,4,gripper_r_palm,0.460000,0.575518,0.000000,0.460000,0.575331,-0.000000,0.460000,0.575331,-0.000000,0.000187,0.000187,0.000187,0
66,1.320000,5,gripper_r_finger1,0.460000,0.555518,0.000000,0.460000,0.555331,-0.000000,0.460000,0.555331,-0.000000,0.000187,0.000187,0.000187,1
66,1.320000,6,gripper_r_finger2,0.460000,0.555518,-0.000000,0.460000,0.555331,-0.000000,0.460000,0.555331,-0.000000,0.000187,0.000187,0.000187,0
67,1.340000,0,base,0.000000,0.150000,0.000000,0.000000,0.150000,0.000000,0.000000,0.150000,0.000000,0.000000,0.000000,0.000000,0
67,1.340000,1,gripper_l_palm,-0.460000,0.572143,0.000000,-0.460000,0.571956,-0.000000,-0.460000,0.571956,-0.000000,0.000187,0.000187,0.000187,0
67,1.340000,2,gripper_l_finger1,-0.460000,0.552143,0.000000,-0.460000,0.551956,-0.000000,-0.460000,0.551956,-0.000000,0.000187,0.000187,0.000187,1
67,1.340000,3,gripper_l_finger2,-0.460000,0.552143,-0.000000,-0.460000,0.551956,-0.000000,-0.460000,0.551956,-0.000000,0.000187,0.000187,0.000187,0
67,1.340000,4,gripper_r_palm,0.460000,0.572143,0.000000,0.460000,0.571956,-0.000000,0.460000,0.571956,-0.000000,0.000187,0.000187,0.000187,0
67,1.340000,5,gripper_r_finger1,0.460000,0.552143,0.000000,0.460000,0.551956,-0.000000,0.460000,0.551956,-0.000000,0.000187,0.000187,0.000187,1
67,1.340000,6,gripper_r_finger2,0.460000,0.552143,-0.000000,0.460000,0.551956,-0.000000,0.460000,0.551956,-0.000000,0.000187,0.000187,0.000187,0
68,1.360000,0,base,0.000000,0.150000,0.000000,0.000000,0.150000,0.000000,0.000000,0.150000,0.000000,0.000000,0.000000,0.000000,0
68,1.360000,1,gripper_l_palm,-0.460000,0.568756,0.000000,-0.460000,0.568568,-0.000000,-0.460000,0.568568,-0.000000,0.000188,0.000188,0.000188,0
68,1.360000,2,gripper_l_finger1,-0.460000,0.548756,0.000000,-0.460000,0.548568,-0.000000,-0.460000,0.548568,-0.000000,0.000188,0.000188,0.000188,1
68,1.360000,3,gripper_l_finger2,-0.460000,0.548756,-0.000000,-0.460000,0.548568,-0.000000,-0.460000,0.548568,-0.000000,0.000188,0.000188,0.000188,0
68,1.360000,4,gripper_r_palm,0.460000,0.568756,0.000000,0.460000,0.568568,-0.000000,0.460000,0.568568,-0.000000,0.000188,0.000188,0.000188,0
68,1.360000,5,gripper_r_finger1,0.460000,0.548756,0.000000,0.460000,0.548568,-0.000000,0.460000,0.548568,-0.000000,0.000188,0.000188,0.000188,1
68,1.360000,6,gripper_r_finger2,0.460000,0.548756,-0.000000,0.460000,0.548568,-0.000000,0.460000,0.548568,-0.000000,0.000188,0.000188,0.000188,0
69,1.380000,0,base,0.000000,0.150000,0.000000,0.000000,0.150000,0.000000,0.000000,0.150000,0.000000,0.000000,0.000000,0.000000,0
69,1.380000,1,gripper_l_palm,-0.460000,0.565357,0.000000,-0.460000,0.565168,-0.000000,-0.460000,0.565168,-0.000000,0.000188,0.000188,0.000188,0
69,1.380000,2,gripper_l_finger1,-0.460000,0.545357,0.000000,-0.460000,0.545168,-0.000000,-0.460000,0.545168,-0.000000,0.000189,0.000189,0.000189,1
69,1.380000,3,gripper_l_finger2,-0.460000,0.545357,-0.000000,-0.460000,0.545168,-0.000000,-0.460000,0.545168,-0.000000,0.000189,0.000189,0.000189,0
69,1.380000,4,gripper_r_palm,0.460000,0.565357,0.000000,0.460000,0.565168,-0.000000,0.460000,0.565168,-0.000000,0.000188,0.000188,0.000188,0
69,1.380000,5,gripper_r_finger1,0.460000,0.545357,0.000000,0.460000,0.545168,-0.000000,0.460000,0.545168,-0.000000,0.000189,0.000189,0.000189,1
69,1.380000,6,gripper_r_finger2,0.460000,0.545357,-0.000000,0.460000,0.545168,-0.000000,0.460000,0.545168,-0.000000,0.000189,0.000189,0.000189,0
70,1.400000,0,base,0.000000,0.150000,0.000000,0.000000,0.150000,0.000000,0.000000,0.150000,0.000000,0.000000,0.000000,0.000000,0
70,1.400000,1,gripper_l_palm,-0.460000,0.561947,0.000000,-0.460000,0.561758,-0.000000,-0.460000,0.561758,-0.000000,0.000189,0.000189,0.000189,0
70,1.400000,2,gripper_l_finger1,-0.460000,0.541947,0.000000,-0.460000,0.541758,-0.000000,-0.460000,0.541758,-0.000000,0.000189,0.000189,0.000189,1
70,1.400000,3,gripper_l_finger2,-0.460000,0.541947,-0.000000,-0.460000,0.541758,-0.000000,-0.460000,0.541758,-0.000000,0.000189,0.000189,0.000189,0
70,1.400000,4,gripper_r_palm,0.460000,0.561947,0.000000,0.460000,0.561758,-0.000000,0.460000,0.561758,-0.000000,0.000189,0.000189,0.000189,0
70,1.400000,5,gripper_r_finger1,0.460000,0.541947,0.000000,0.460000,0.541758,-0.000000,0.460000,0.541758,-0.000000,0.000189,0.000189,0.000189,1
70,1.400000,6,gripper_r_finger2,0.460000,0.541947,-0.000000,0.460000,0.541758,-0.000000,0.460000,0.541758,-0.000000,0.000189,0.000189,0.000189,0
71,1.420000,0,base,0.000000,0.150000,0.000000,0.000000,0.150000,0.000000,0.000000,0.150000,0.000000,0.000000,0.000000,0.000000,0
71,1.420000,1,gripper_l_palm,-0.460000,0.558529,0.000000,-0.460000,0.558339,-0.000000,-0.460000,0.558339,-0.000000,0.000189,0.000189,0.000189,0
71,1.420000,2,gripper_l_finger1,-0.460000,0.538529,0.000000,-0.460000,0.538339,-0.000000,-0.460000,0.538339,-0.000000,0.000189,0.000189,0.000189,1
71,1.420000,3,gripper_l_finger2,-0.460000,0.538529,-0.000000,-0.460000,0.538339,-0.000000,-0.460000,0.538339,-0.000000,0.000189,0.000189,0.000189,0
71,1.420000,4,gripper_r_palm,0.460000,0.558529,0.000000,0.460000,0.558339,-0.000000,0.460000,0.558339,-0.000000,0.000189,0.000189,0.000189,0
71,1.420000,5,gripper_r_finger1,0.460000,0.538529,0.000000,0.460000,0.538339,-0.000000,0.460000,0.538339,-0.000000,0.000189,0.000189,0.000189,1
71,1.420000,6,gripper_r_finger2,0.460000,0.538529,-0.000000,0.460000,0.538339,-0.000000,0.460000,0.538339,-0.000000,0.000189,0.000189,0.000189,0
72,1.440000,0,base,0.000000,0.150000,0.000000,0.000000,0.150000,0.000000,0.000000,0.150000,0.000000,0.000000,0.000000,0.000000,0
72,1.440000,1,gripper_l_palm,-0.460000,0.555102,0.000000,-0.460000,0.554912,-0.000000,-0.460000,0.554912,-0.000000,0.000190,0.000190,0.000190,0
72,1.440000,2,gripper_l_finger1,-0.460000,0.535102,0.000000,-0.460000,0.534912,-0.000000,-0.460000,0.534912,-0.000000,0.000190,0.000190,0.000190,3
72,1.440000,3,gripper_l_finger2,-0.460000,0.535102,-0.000000,-0.460000,0.534912,-0.000000,-0.460000,0.534912,-0.000000,0.000190,0.000190,0.000190,2
72,1.440000,4,gripper_r_palm,0.460000,0.555102,0.000000,0.460000,0.554912,-0.000000,0.460000,0.554912,-0.000000,0.000190,0.000190,0.000190,0
72,1.440000,5,gripper_r_finger1,0.460000,0.535102,0.000000,0.460000,0.534912,-0.000000,0.460000,0.534912,-0.000000,0.000190,0.000190,0.000190,3
72,1.440000,6,gripper_r_finger2,0.460000,0.535102,-0.000000,0.460000,0.534912,-0.000000,0.460000,0.534912,-0.000000,0.000190,0.000190,0.000190,2
73,1.460000,0,base,0.000000,0.150000,0.000000,0.000000,0.150000,0.000000,0.000000,0.150000,0.000000,0.000000,0.000000,0.000000,0
73,1.460000,1,gripper_l_palm,-0.460000,0.551668,0.000000,-0.460000,0.551478,-0.000000,-0.460000,0.551478,-0.000000,0.000190,0.000190,0.000190,0
73,1.460000,2,gripper_l_finger1,-0.460000,0.531668,0.000000,-0.460000,0.531478,-0.000000,-0.460000,0.531478,-0.000000,0.000190,0.000190,0.000190,3
73,1.460000,3,gripper_l_finger2,-0.460000,0.531668,-0.000000,-0.460000,0.531478,-0.000000,-0.460000,0.531478,-0.000000,0.000190,0.000190,0.000190,2
73,1.460000,4,gripper_r_palm,0.460000,0.551668,0.000000,0.460000,0.551478,-0.000000,0.460000,0.551478,-0.000000,0.000190,0.000190,0.000190,0
73,1.460000,5,gripper_r_finger1,0.460000,0.531668,0.000000,0.460000,0.531478,-0.000000,0.460000,0.531478,-0.000000,0.000190,0.000190,0.000190,3
73,1.460000,6,gripper_r_finger2,0.460000,0.531668,-0.000000,0.460000,0.531478,-0.000000,0.460000,0.531478,-0.000000,0.000190,0.000190,0.000190,2
74,1.480000,0,base,0.000000,0.150000,0.000000,0.000000,0.150000,0.000000,0.000000,0.150000,0.000000,0.000000,0.000000,0.000000,0
74,1.480000,1,gripper_l_palm,-0.460000,0.548229,0.000000,-0.460000,0.548039,-0.000000,-0.460000,0.548039,-0.000000,0.000190,0.000190,0.000190,0
74,1.480000,2,gripper_l_finger1,-0.460000,0.528229,0.000000,-0.460000,0.528039,-0.000000,-0.460000,0.528039,-0.000000,0.000190,0.000190,0.000190,3
74,1.480000,3,gripper_l_finger2,-0.460000,0.528229,-0.000000,-0.460000,0.528039,-0.000000,-0.460000,0.528039,-0.000000,0.000190,0.000190,0.000190,2
74,1.480000,4,gripper_r_palm,0.460000,0.548229,0.000000,0.460000,0.548039,-0.000000,0.460000,0.548039,-0.000000,0.000190,0.000190,0.000190,0
74,1.480000,5,gripper_r_finger1,0.460000,0.528229,0.000000,0.460000,0.528039,-0.000000,0.460000,0.528039,-0.000000,0.000190,0.000190,0.000190,3
74,1.480000,6,gripper_r_finger2,0.460000,0.528229,-0.000000,0.460000,0.528039,-0.000000,0.460000,0.528039,-0.000000,0.000190,0.000190,0.000190,2
75,1.500000,0,base,0.000000,0.150000,0.000000,0.000000,0.150000,0.000000,0.000000,0.150000,0.000000,0.000000,0.000000,0.000000,0
75,1.500000,1,gripper_l_palm,-0.460000,0.544785,0.000000,-0.460000,0.544595,-0.000000,-0.460000,0.544595,-0.000000,0.000190,0.000190,0.000190,0
75,1.500000,2,gripper_l_finger1,-0.460000,0.524786,0.000000,-0.460000,0.524595,-0.000000,-0.460000,0.524595,-0.000000,0.000190,0.000190,0.000190,3
75,1.500000,3,gripper_l_finger2,-0.460000,0.524786,-0.000000,-0.460000,0.524595,-0.000000,-0.460000,0.524595,-0.000000,0.000190,0.000190,0.000190,2
75,1.500000,4,gripper_r_palm,0.460000,0.544785,0.000000,0.460000,0.544595,-0.000000,0.460000,0.544595,-0.000000,0.000190,0.000190,0.000190,0
75,1.500000,5,gripper_r_finger1,0.460000,0.524786,0.000000,0.460000,0.524595,-0.000000,0.460000,0.524595,-0.000000,0.000190,0.000190,0.000190,3
75,1.500000,6,gripper_r_finger2,0.460000,0.524786,-0.000000,0.460000,0.524595,-0.000000,0.460000,0.524595,-0.000000,0.000190,0.000190,0.000190,2
76,1.520000,0,base,0.000000,0.150000,0.000000,0.000000,0.150000,0.000000,0.000000,0.150000,0.000000,0.000000,0.000000,0.000000,0
76,1.520000,1,gripper_l_palm,-0.460000,0.541339,0.000000,-0.460000,0.541149,-0.000000,-0.460000,0.541149,-0.000000,0.000190,0.000190,0.000190,0
76,1.520000,2,gripper_l_finger1,-0.460000,0.521339,0.000000,-0.460000,0.521149,-0.000000,-0.460000,0.521149,-0.000000,0.000190,0.000190,0.000190,3
76,1.520000,3,gripper_l_finger2,-0.460000,0.521339,-0.000000,-0.460000,0.521149,-0.000000,-0.460000,0.521149,-0.000000,0.000190,0.000190,0.000190,2
76,1.520000,4,gripper_r_palm,0.460000,0.541339,0.000000,0.460000,0.541149,-0.000000,0.460000,0.541149,-0.000000,0.000190,0.000190,0.000190,0
76,1.520000,5,gripper_r_finger1,0.460000,0.521339,0.000000,0.460000,0.521149,-0.000000,0.460000,0.521149,-0.000000,0.000190,0.000190,0.000190,3
76,1.520000,6,gripper_r_finger2,0.460000,0.521339,-0.000000,0.460000,0.521149,-0.000000,0.460000,0.521149,-0.000000,0.000190,0.000190,0.000190,2
77,1.540000,0,base,0.000000,0.150000,0.000000,0.000000,0.150000,0.000000,0.000000,0.150000,0.000000,0.000000,0.000000,0.000000,0
77,1.540000,1,gripper_l_palm,-0.460000,0.537891,0.000000,-0.460000,0.537700,-0.000000,-0.460000,0.537700,-0.000000,0.000190,0.000190,0.000190,0
77,1.540000,2,gripper_l_finger1,-0.460000,0.517891,0.000000,-0.460000,0.517700,-0.000000,-0.460000,0.517700,-0.000000,0.000190,0.000190,0.000190,3
77,1.540000,3,gripper_l_finger2,-0.460000,0.517891,-0.000000,-0.460000,0.517700,-0.000000,-0.460000,0.517700,-0.000000,0.000190,0.000190,0.000190,2
77,1.540000,4,gripper_r_palm,0.460000,0.537891,0.000000,0.460000,0.537700,-0.000000,0.460000,0.537700,-0.000000,0.000190,0.000190,0.000190,0
77,1.540000,5,gripper_r_finger1,0.460000,0.517891,0.000000,0.460000,0.517700,-0.000000,0.460000,0.517700,-0.000000,0.000190,0.000190,0.000190,3
77,1.540000,6,gripper_r_finger2,0.460000,0.517891,-0.000000,0.460000,0.517700,-0.000000,0.460000,0.517700,-0.000000,0.000190,0.000190,0.000190,2
78,1.560000,0,base,0.000000,0.150000,0.000000,0.000000,0.150000,0.000000,0.000000,0.150000,0.000000,0.000000,0.000000,0.000000,0
78,1.560000,1,gripper_l_palm,-0.460000,0.534441,0.000000,-0.460000,0.534251,-0.000000,-0.460000,0.534251,-0.000000,0.000190,0.000190,0.000190,0
78,1.560000,2,gripper_l_finger1,-0.460000,0.514441,0.000000,-0.460000,0.514251,-0.000000,-0.460000,0.514251,-0.000000,0.000190,0.000190,0.000190,2
78,1.560000,3,gripper_l_finger2,-0.460000,0.514441,-0.000000,-0.460000,0.514251,-0.000000,-0.460000,0.514251,-0.000000,0.000190,0.000190,0.000190,3
78,1.560000,4,gripper_r_palm,0.460000,0.534441,0.000000,0.460000,0.534251,-0.000000,0.460000,0.534251,-0.000000,0.000190,0.000190,0.000190,0
78,1.560000,5,gripper_r_finger1,0.460000,0.514441,0.000000,0.460000,0.514251,-0.000000,0.460000,0.514251,-0.000000,0.000190,0.000190,0.000190,2
78,1.560000,6,gripper_r_finger2,0.460000,0.514441,-0.000000,0.460000,0.514251,-0.000000,0.460000,0.514251,-0.000000,0.000190,0.000190,0.000190,3
79,1.580000,0,base,0.000000,0.150000,0.000000,0.000000,0.150000,0.000000,0.000000,0.150000,0.000000,0.000000,0.000000,0.000000,0
79,1.580000,1,gripper_l_palm,-0.460000,0.530993,0.000000,-0.460000,0.530803,-0.000000,-0.460000,0.530803,-0.000000,0.000190,0.000190,0.000190,0
79,1.580000,2,gripper_l_finger1,-0.460000,0.510993,0.000000,-0.460000,0.510803,-0.000000,-0.460000,0.510803,-0.000000,0.000190,0.000190,0.000190,2
79,1.580000,3,gripper_l_finger2,-0.460000,0.510993,-0.000000,-0.460000,0.510803,-0.000000,-0.460000,0.510803,-0.000000,0.000190,0.000190,0.000190,3
79,1.580000,4,gripper_r_palm,0.460000,0.530993,0.000000,0.460000,0.530803,-0.000000,0.460000,0.530803,-0.000000,0.000190,0.000190,0.000190,0
79,1.580000,5,gripper_r_finger1,0.460000,0.510993,0.000000,0.460000,0.510803,-0.000000,0.460000,0.510803,-0.000000,0.000190,0.000190,0.000190,2
79,1.580000,6,gripper_r_finger2,0.460000,0.510993,-0.000000,0.460000,0.510803,-0.000000,0.460000,0.510803,-0.000000,0.000190,0.000190,0.000190,3
80,1.600000,0,base,0.000000,0.150000,0.000000,0.000000,0.150000,0.000000,0.000000,0.150000,0.000000,0.000000,0.000000,0.000000,0
80,1.600000,1,gripper_l_palm,-0.460000,0.527546,0.000000,-0.460000,0.527357,-0.000000,-0.460000,0.527357,-0.000000,0.000190,0.000190,0.000190,0
80,1.600000,2,gripper_l_finger1,-0.460000,0.507546,0.000000,-0.460000,0.507357,-0.000000,-0.460000,0.507357,-0.000000,0.000190,0.000190,0.000190,2
80,1.600000,3,gripper_l_finger2,-0.460000,0.507546,-0.000000,-0.460000,0.507357,-0.000000,-0.460000,0.507357,-0.000000,0.000190,0.000190,0.000190,3
80,1.600000,4,gripper_r_palm,0.460000,0.527546,0.000000,0.460000,0.527357,-0.000000,0.460000,0.527357,-0.000000,0.000190,0.000190,0.000190,0
80,1.600000,5,gripper_r_finger1,0.460000,0.507546,0.000000,0.460000,0.507357,-0.000000,0.460000,0.507357,-0.000000,0.000190,0.000190,0.000190,2
80,1.600000,6,gripper_r_finger2,0.460000,0.507546,-0.000000,0.460000,0.507357,-0.000000,0.460000,0.507357,-0.000000,0.000190,0.000190,0.000190,3
81,1.620000,0,base,0.000000,0.150000,0.000000,0.000000,0.150000,0.000000,0.000000,0.150000,0.000000,0.000000,0.000000,0.000000,0
81,1.620000,1,gripper_l_palm,-0.460000,0.524102,0.000000,-0.460000,0.523913,-0.000000,-0.460000,0.523913,-0.000000,0.000189,0.000189,0.000189,0
81,1.620000,2,gripper_l_finger1,-0.460000,0.504102,0.000000,-0.460000,0.503913,-0.000000,-0.460000,0.503913,-0.000000,0.000189,0.000189,0.000189,2
81,1.620000,3,gripper_l_finger2,-0.460000,0.504102,-0.000000,-0.460000,0.503913,-0.000000,-0.460000,0.503913,-0.000000,0.000189,0.000189,0.000189,3
81,1.620000,4,gripper_r_palm,0.460000,0.524102,0.000000,0.460000,0.523913,-0.000000,0.460000,0.523913,-0.000000,0.000189,0.000189,0.000189,0
81,1.620000,5,gripper_r_finger1,0.460000,0.504102,0.000000,0.460000,0.503913,-0.000000,0.460000,0.503913,-0.000000,0.000189,0.000189,0.000189,2
81,1.620000,6,gripper_r_finger2,0.460000,0.504102,-0.000000,0.460000,0.503913,-0.000000,0.460000,0.503913,-0.000000,0.000189,0.000189,0.000189,3
82,1.640000,0,base,0.000000,0.150000,0.000000,0.000000,0.150000,0.000000,0.000000,0.150000,0.000000,0.000000,0.000000,0.000000,0
82,1.640000,1,gripper_l_palm,-0.460000,0.520663,0.000000,-0.460000,0.520474,-0.000000,-0.460000,0.520474,-0.000000,0.000189,0.000189,0.000189,0
82,1.640000,2,gripper_l_finger1,-0.460000,0.500663,0.000000,-0.460000,0.500474,-0.000000,-0.460000,0.500474,-0.000000,0.000189,0.000189,0.000189,1
82,1.640000,3,gripper_l_finger2,-0.460000,0.500663,-0.000000,-0.460000,0.500474,-0.000000,-0.460000,0.500474,-0.000000,0.000189,0.000189,0.000189,0
82,1.640000,4,gripper_r_palm,0.460000,0.520663,0.000000,0.460000,0.520474,-0.000000,0.460000,0.520474,-0.000000,0.000189,0.000189,0.000189,0
82,1.640000,5,gripper_r_finger1,0.460000,0.500663,0.000000,0.460000,0.500474,-0.000000,0.460000,0.500474,-0.000000,0.000189,0.000189,0.000189,1
82,1.640000,6,gripper_r_finger2,0.460000,0.500663,-0.000000,0.460000,0.500474,-0.000000,0.460000,0.500474,-0.000000,0.000189,0.000189,0.000189,0
83,1.660000,0,base,0.000000,0.150000,0.000000,0.000000,0.150000,0.000000,0.000000,0.150000,0.000000,0.000000,0.000000,0.000000,0
83,1.660000,1,gripper_l_palm,-0.460000,0.517229,0.000000,-0.460000,0.517041,-0.000000,-0.460000,0.517041,-0.000000,0.000188,0.000188,0.000188,0
83,1.660000,2,gripper_l_finger1,-0.460000,0.497229,0.000000,-0.460000,0.497041,-0.000000,-0.460000,0.497041,-0.000000,0.000188,0.000188,0.000188,2
83,1.660000,3,gripper_l_finger2,-0.460000,0.497229,-0.000000,-0.460000,0.497041,-0.000000,-0.460000,0.497041,-0.000000,0.000188,0.000188,0.000188,3
83,1.660000,4,gripper_r_palm,0.460000,0.517229,0.000000,0.460000,0.517041,-0.000000,0.460000,0.517041,-0.000000,0.000188,0.000188,0.000188,0
83,1.660000,5,gripper_r_finger1,0.460000,0.497229,0.000000,0.460000,0.497041,-0.000000,0.460000,0.497041,-0.000000,0.000188,0.000188,0.000188,2
83,1.660000,6,gripper_r_finger2,0.460000,0.497229,-0.000000,0.460000,0.497041,-0.000000,0.460000,0.497041,-0.000000,0.000188,0.000188,0.000188,3
84,1.680000,0,base,0.000000,0.150000,0.000000,0.000000,0.150000,0.000000,0.000000,0.150000,0.000000,0.000000,0.000000,0.000000,0
84,1.680000,1,gripper_l_palm,-0.460000,0.513802,0.000000,-0.460000,0.513614,-0.000000,-0.460000,0.513614,-0.000000,0.000188,0.000188,0.000188,0
84,1.680000,2,gripper_l_finger1,-0.460000,0.493802,0.000000,-0.460000,0.493614,-0.000000,-0.460000,0.493614,-0.000000,0.000188,0.000188,0.000188,2
84,1.680000,3,gripper_l_finger2,-0.460000,0.493802,-0.000000,-0.460000,0.493614,-0.000000,-0.460000,0.493614,-0.000000,0.000188,0.000188,0.000188,3
84,1.680000,4,gripper_r_palm,0.460000,0.513802,0.000000,0.460000,0.513614,-0.000000,0.460000,0.513614,-0.000000,0.000188,0.000188,0.000188,0
84,1.680000,5,gripper_r_finger1,0.460000,0.493802,0.000000,0.460000,0.493614,-0.000000,0.460000,0.493614,-0.000000,0.000188,0.000188,0.000188,2
84,1.680000,6,gripper_r_finger2,0.460000,0.493802,-0.000000,0.460000,0.493614,-0.000000,0.460000,0.493614,-0.000000,0.000188,0.000188,0.000188,3
85,1.700000,0,base,0.000000,0.150000,0.000000,0.000000,0.150000,0.000000,0.000000,0.150000,0.000000,0.000000,0.000000,0.000000,0
85,1.700000,1,gripper_l_palm,-0.460000,0.510382,0.000000,-0.460000,0.510195,-0.000000,-0.460000,0.510195,-0.000000,0.000187,0.000187,0.000187,0
85,1.700000,2,gripper_l_finger1,-0.460000,0.490382,0.000000,-0.460000,0.490195,-0.000000,-0.460000,0.490195,-0.000000,0.000187,0.000187,0.000187,1
85,1.700000,3,gripper_l_finger2,-0.460000,0.490382,-0.000000,-0.460000,0.490195,-0.000000,-0.460000,0.490195,-0.000000,0.000187,0.000187,0.000187,0
85,1.700000,4,gripper_r_palm,0.460000,0.510382,0.000000,0.460000,0.510195,-0.000000,0.460000,0.510195,-0.000000,0.000187,0.000187,0.000187,0
85,1.700000,5,gripper_r_finger1,0.460000,0.490382,0.000000,0.460000,0.490195,-0.000000,0.460000,0.490195,-0.000000,0.000187,0.000187,0.000187,1
85,1.700000,6,gripper_r_finger2,0.460000,0.490382,-0.000000,0.460000,0.490195,-0.000000,0.460000,0.490195,-0.000000,0.000187,0.000187,0.000187,0
86,1.720000,0,base,0.000000,0.150000,0.000000,0.000000,0.150000,0.000000,0.000000,0.150000,0.000000,0.000000,0.000000,0.000000,0
86,1.720000,1,gripper_l_palm,-0.460000,0.506972,0.000000,-0.460000,0.506785,-0.000000,-0.460000,0.506785,-0.000000,0.000187,0.000187,0.000187,0
86,1.720000,2,gripper_l_finger1,-0.460000,0.486972,0.000000,-0.460000,0.486785,-0.000000,-0.460000,0.486785,-0.000000,0.000187,0.000187,0.000187,2
86,1.720000,3,gripper_l_finger2,-0.460000,0.486972,-0.000000,-0.460000,0.486785,-0.000000,-0.460000,0.486785,-0.000000,0.000187,0.000187,0.000187,3
86,1.720000,4,gripper_r_palm,0.460000,0.506972,0.000000,0.460000,0.506785,-0.000000,0.460000,0.506785,-0.000000,0.000187,0.000187,0.000187,0
86,1.720000,5,gripper_r_finger1,0.460000,0.486972,0.000000,0.460000,0.486785,-0.000000,0.460000,0.486785,-0.000000,0.000187,0.000187,0.000187,2
86,1.720000,6,gripper_r_finger2,0.460000,0.486972,-0.000000,0.460000,0.486785,-0.000000,0.460000,0.486785,-0.000000,0.000187,0.000187,0.000187,3
87,1.740000,0,base,0.000000,0.150000,0.000000,0.000000,0.150000,0.000000,0.000000,0.150000,0.000000,0.000000,0.000000,0.000000,0
87,1.740000,1,gripper_l_palm,-0.460000,0.503572,0.000000,-0.460000,0.503386,-0.000000,-0.460000,0.503386,-0.000000,0.000186,0.000186,0.000186,0
87,1.740000,2,gripper_l_finger1,-0.460000,0.483572,0.000000,-0.460000,0.483386,-0.000000,-0.460000,0.483386,-0.000000,0.000186,0.000186,0.000186,1
87,1.740000,3,gripper_l_finger2,-0.460000,0.483572,-0.000000,-0.460000,0.483386,-0.000000,-0.460000,0.483386,-0.000000,0.000186,0.000186,0.000186,0
87,1.740000,4,gripper_r_palm,0.460000,0.503572,0.000000,0.460000,0.503386,-0.000000,0.460000,0.503386,-0.000000,0.000186,0.000186,0.000186,0
87,1.740000,5,gripper_r_finger1,0.460000,0.483572,0.000000,0.460000,0.483386,-0.000000,0.460000,0.483386,-0.000000,0.000186,0.000186,0.000186,1
87,1.740000,6,gripper_r_finger2,0.460000,0.483572,-0.000000,0.460000,0.483386,-0.000000,0.460000,0.483386,-0.000000,0.000186,0.000186,0.000186,0
88,1.760000,0,base,0.000000,0.150000,0.000000,0.000000,0.150000,0.000000,0.000000,0.150000,0.000000,0.000000,0.000000,0.000000,0
88,1.760000,1,gripper_l_palm,-0.460000,0.500184,0.000000,-0.460000,0.499999,-0.000000,-0.460000,0.499999,-0.000000,0.000185,0.000185,0.000185,0
88,1.760000,2,gripper_l_finger1,-0.460000,0.480184,0.000000,-0.460000,0.479999,-0.000000,-0.460000,0.479999,-0.000000,0.000185,0.000185,0.000185,2
88,1.760000,3,gripper_l_finger2,-0.460000,0.480184,-0.000000,-0.460000,0.479999,-0.000000,-0.460000,0.479999,-0.000000,0.000185,0.000185,0.000185,3
88,1.760000,4,gripper_r_palm,0.460000,0.500184,0.000000,0.460000,0.499999,-0.000000,0.460000,0.499999,-0.000000,0.000185,0.000185,0.000185,0
88,1.760000,5,gripper_r_finger1,0.460000,0.480184,0.000000,0.460000,0.479999,-0.000000,0.460000,0.479999,-0.000000,0.000185,0.000185,0.000185,2
88,1.760000,6,gripper_r_finger2,0.460000,0.480184,-0.000000,0.460000,0.479999,-0.000000,0.460000,0.479999,-0.000000,0.000185,0.000185,0.000185,3
89,1.780000,0,base,0.000000,0.150000,0.000000,0.000000,0.150000,0.000000,0.000000,0.150000,0.000000,0.000000,0.000000,0.000000,0
89,1.780000,1,gripper_l_palm,-0.460000,0.496809,0.000000,-0.460000,0.496624,-0.000000,-0.460000,0.496624,-0.000000,0.000184,0.000184,0.000184,2
89,1.780000,2,gripper_l_finger1,-0.460000,0.476809,0.000000,-0.460000,0.476624,-0.000000,-0.460000,0.476624,-0.000000,0.000184,0.000184,0.000184,1
89,1.780000,3,gripper_l_finger2,-0.460000,0.476809,-0.000000,-0.460000,0.476624,-0.000000,-0.460000,0.476624,-0.000000,0.000184,0.000184,0.000184,0
89,1.780000,4,gripper_r_palm,0.460000,0.496809,0.000000,0.460000,0.496624,-0.000000,0.460000,0.496624,-0.000000,0.000184,0.000184,0.000184,2
89,1.780000,5,gripper_r_finger1,0.460000,0.476809,0.000000,0.460000,0.476624,-0.000000,0.460000,0.476624,-0.000000,0.000184,0.000184,0.000184,1
89,1.780000,6,gripper_r_finger2,0.460000,0.476809,-0.000000,0.460000,0.476624,-0.000000,0.460000,0.476624,-0.000000,0.000184,0.000184,0.000184,0
90,1.800000,0,base,0.000000,0.150000,0.000000,0.000000,0.150000,0.000000,0.000000,0.150000,0.000000,0.000000,0.000000,0.000000,0
90,1.800000,1,gripper_l_palm,-0.460000,0.493447,0.000000,-0.460000,0.493264,-0.000000,-0.460000,0.493264,-0.000000,0.000183,0.000183,0.000183,0
90,1.800000,2,gripper_l_finger1,-0.460000,0.473447,0.000000,-0.460000,0.473264,-0.000000,-0.460000,0.473264,-0.000000,0.000183,0.000183,0.000183,1
90,1.800000,3,gripper_l_finger2,-0.460000,0.473447,-0.000000,-0.460000,0.473264,-0.000000,-0.460000,0.473264,-0.000000,0.000183,0.000183,0.000183,0
90,1.800000,4,gripper_r_palm,0.460000,0.493447,0.000000,0.460000,0.493264,-0.000000,0.460000,0.493264,-0.000000,0.000183,0.000183,0.000183,0
90,1.800000,5,gripper_r_finger1,0.460000,0.473447,0.000000,0.460000,0.473264,-0.000000,0.460000,0.473264,-0.000000,0.000183,0.000183,0.000183,1
90,1.800000,6,gripper_r_finger2,0.460000,0.473447,-0.000000,0.460000,0.473264,-0.000000,0.460000,0.473264,-0.000000,0.000183,0.000183,0.000183,0
91,1.820000,0,base,0.000000,0.150000,0.000000,0.000000,0.150000,0.000000,0.000000,0.150000,0.000000,0.000000,0.000000,0.000000,0
91,1.820000,1,gripper_l_palm,-0.460000,0.490101,0.000000,-0.460000,0.489919,-0.000000,-0.460000,0.489919,-0.000000,0.000182,0.000182,0.000182,0
91,1.820000,2,gripper_l_finger1,-0.460000,0.470101,0.000000,-0.460000,0.469919,-0.000000,-0.460000,0.469919,-0.000000,0.000182,0.000182,0.000182,1
91,1.820000,3,gripper_l_finger2,-0.460000,0.470101,-0.000000,-0.460000,0.469919,-0.000000,-0.460000,0.469919,-0.000000,0.000182,0.000182,0.000182,0
91,1.820000,4,gripper_r_palm,0.460000,0.490101,0.000000,0.460000,0.489919,-0.000000,0.460000,0.489919,-0.000000,0.000182,0.000182,0.000182,0
91,1.820000,5,gripper_r_finger1,0.460000,0.470101,0.000000,0.460000,0.469919,-0.000000,0.460000,0.469919,-0.000000,0.000182,0.000182,0.000182,1
91,1.820000,6,gripper_r_finger2,0.460000,0.470101,-0.000000,0.460000,0.469919,-0.000000,0.460000,0.469919,-0.000000,0.000182,0.000182,0.000182,0
92,1.840000,0,base,0.000000,0.150000,0.000000,0.000000,0.150000,0.000000,0.000000,0.150000,0.000000,0.000000,0.000000,0.000000,0
92,1.840000,1,gripper_l_palm,-0.460000,0.486772,0.000000,-0.460000,0.486591,-0.000000,-0.460000,0.486591,-0.000000,0.000181,0.000181,0.000181,0
92,1.840000,2,gripper_l_finger1,-0.460000,0.466772,0.000000,-0.460000,0.466591,-0.000000,-0.460000,0.466591,-0.000000,0.000181,0.000181,0.000181,2
92,1.840000,3,gripper_l_finger2,-0.460000,0.466772,-0.000000,-0.460000,0.466591,-0.000000,-0.460000,0.466591,-0.000000,0.000181,0.000181,0.000181,3
92,1.840000,4,gripper_r_palm,0.460000,0.486772,0.000000,0.460000,0.486591,-0.000000,0.460000,0.486591,-0.000000,0.000181,0.000181,0.000181,0
92,1.840000,5,gripper_r_finger1,0.460000,0.466772,0.000000,0.460000,0.466591,-0.000000,0.460000,0.466591,-0.000000,0.000181,0.000181,0.000181,2
92,1.840000,6,gripper_r_finger2,0.460000,0.466772,-0.000000,0.460000,0.466591,-0.000000,0.460000,0.466591,-0.000000,0.000181,0.000181,0.000181,3
93,1.860000,0,base,0.000000,0.150000,0.000000,0.000000,0.150000,0.000000,0.000000,0.150000,0.000000,0.000000,0.000000,0.000000,0
93,1.860000,1,gripper_l_palm,-0.460000,0.483460,0.000000,-0.460000,0.483280,-0.000000,-0.460000,0.483280,-0.000000,0.000180,0.000180,0.000180,2
93,1.860000,2,gripper_l_finger1,-0.460000,0.463460,0.000000,-0.460000,0.463280,-0.000000,-0.460000,0.463280,-0.000000,0.000180,0.000180,0.000180,2
93,1.860000,3,gripper_l_finger2,-0.460000,0.463460,-0.000000,-0.460000,0.463280,-0.000000,-0.460000,0.463280,-0.000000,0.000180,0.000180,0.000180,3
93,1.860000,4,gripper_r_palm,0.460000,0.483460,0.000000,0.460000,0.483280,-0.000000,0.460000,0.483280,-0.000000,0.000180,0.000180,0.000180,2
93,1.860000,5,gripper_r_finger1,0.460000,0.463460,0.000000,0.460000,0.463280,-0.000000,0.460000,0.463280,-0.000000,0.000180,0.000180,0.000180,2
93,1.860000,6,gripper_r_finger2,0.460000,0.463460,-0.000000,0.460000,0.463280,-0.000000,0.460000,0.463280,-0.000000,0.000180,0.000180,0.000180,3
94,1.880000,0,base,0.000000,0.150000,0.000000,0.000000,0.150000,0.000000,0.000000,0.150000,0.000000,0.000000,0.000000,0.000000,0
94,1.880000,1,gripper_l_palm,-0.460000,0.480167,0.000000,-0.460000,0.479988,-0.000000,-0.460000,0.479988,-0.000000,0.000179,0.000179,0.000179,0
94,1.880000,2,gripper_l_finger1,-0.460000,0.460167,0.000000,-0.460000,0.459988,-0.000000,-0.460000,0.459988,-0.000000,0.000179,0.000179,0.000179,1
94,1.880000,3,gripper_l_finger2,-0.460000,0.460167,-0.000000,-0.460000,0.459988,-0.000000,-0.460000,0.459988,-0.000000,0.000179,0.000179,0.000179,0
94,1.880000,4,gripper_r_palm,0.460000,0.480167,0.000000,0.460000,0.479988,-0.000000,0.460000,0.479988,-0.000000,0.000179,0.000179,0.000179,0
94,1.880000,5,gripper_r_finger1,0.460000,0.460167,0.000000,0.460000,0.459988,-0.000000,0.460000,0.459988,-0.000000,0.000179,0.000179,0.000179,1
94,1.880000,6,gripper_r_finger2,0.460000,0.460167,-0.000000,0.460000,0.459988,-0.000000,0.460000,0.459988,-0.000000,0.000179,0.000179,0.000179,0
95,1.900000,0,base,0.000000,0.150000,0.000000,0.000000,0.150000,0.000000,0.000000,0.150000,0.000000,0.000000,0.000000,0.000000,0
95,1.900000,1,gripper_l_palm,-0.460000,0.476895,0.000000,-0.460000,0.476717,-0.000000,-0.460000,0.476717,-0.000000,0.000178,0.000178,0.000178,0
95,1.900000,2,gripper_l_finger1,-0.460000,0.456895,0.000000,-0.460000,0.456717,-0.000000,-0.460000,0.456717,-0.000000,0.000178,0.000178,0.000178,1
95,1.900000,3,gripper_l_finger2,-0.460000,0.456895,-0.000000,-0.460000,0.456717,-0.000000,-0.460000,0.456717,-0.000000,0.000178,0.000178,0.000178,0
95,1.900000,4,gripper_r_palm,0.460000,0.476895,0.000000,0.460000,0.476717,-0.000000,0.460000,0.476717,-0.000000,0.000178,0.000178,0.000178,0
95,1.900000,5,gripper_r_finger1,0.460000,0.456895,0.000000,0.460000,0.456717,-0.000000,0.460000,0.456717,-0.000000,0.000178,0.000178,0.000178,1
95,1.900000,6,gripper_r_finger2,0.460000,0.456895,-0.000000,0.460000,0.456717,-0.000000,0.460000,0.456717,-0.000000,0.000178,0.000178,0.000178,0
96,1.920000,0,base,0.000000,0.150000,0.000000,0.000000,0.150000,0.000000,0.000000,0.150000,0.000000,0.000000,0.000000,0.000000,0
96,1.920000,1,gripper_l_palm,-0.460000,0.473644,0.000000,-0.460000,0.473467,-0.000000,-0.460000,0.473467,-0.000000,0.000176,0.000176,0.000176,0
96,1.920000,2,gripper_l_finger1,-0.460000,0.453644,0.000000,-0.460000,0.453467,-0.000000,-0.460000,0.453467,-0.000000,0.000176,0.000176,0.000176,1
96,1.920000,3,gripper_l_finger2,-0.460000,0.453644,-0.000000,-0.460000,0.453467,-0.000000,-0.460000,0.453467,-0.000000,0.000176,0.000176,0.000176,0
96,1.920000,4,gripper_r_palm,0.460000,0.473644,0.000000,0.460000,0.473467,-0.000000,0.460000,0.473467,-0.000000,0.000176,0.000176,0.000176,0
96,1.920000,5,gripper_r_finger1,0.460000,0.453644,0.000000,0.460000,0.453467,-0.000000,0.460000,0.453467,-0.000000,0.000176,0.000176,0.000176,1
96,1.920000,6,gripper_r_finger2,0.460000,0.453644,-0.000000,0.460000,0.453467,-0.000000,0.460000,0.453467,-0.000000,0.000176,0.000176,0.000176,0
97,1.940000,0,base,0.000000,0.150000,0.000000,0.000000,0.150000,0.000000,0.000000,0.150000,0.000000,0.000000,0.000000,0.000000,0
97,1.940000,1,gripper_l_palm,-0.460000,0.470415,0.000000,-0.460000,0.470240,-0.000000,-0.460000,0.470240,-0.000000,0.000175,0.000175,0.000175,0
97,1.940000,2,gripper_l_finger1,-0.460000,0.450415,0.000000,-0.460000,0.450240,-0.000000,-0.460000,0.450240,-0.000000,0.000175,0.000175,0.000175,1
97,1.940000,3,gripper_l_finger2,-0.460000,0.450415,-0.000000,-0.460000,0.450240,-0.000000,-0.460000,0.450240,-0.000000,0.000175,0.000175,0.000175,0
97,1.940000,4,gripper_r_palm,0.460000,0.470415,0.000000,0.460000,0.470240,-0.000000,0.460000,0.470240,-0.000000,0.000175,0.000175,0.000175,0
97,1.940000,5,gripper_r_finger1,0.460000,0.450415,0.000000,0.460000,0.450240,-0.000000,0.460000,0.450240,-0.000000,0.000175,0.000175,0.000175,1
97,1.940000,6,gripper_r_finger2,0.460000,0.450415,-0.000000,0.460000,0.450240,-0.000000,0.460000,0.450240,-0.000000,0.000175,0.000175,0.000175,0
98,1.960000,0,base,0.000000,0.150000,0.000000,0.000000,0.150000,0.000000,0.000000,0.150000,0.000000,0.000000,0.000000,0.000000,0
98,1.960000,1,gripper_l_palm,-0.460000,0.467211,0.000000,-0.460000,0.467037,-0.000000,-0.460000,0.467037,-0.000000,0.000174,0.000174,0.000174,0
98,1.960000,2,gripper_l_finger1,-0.460000,0.447211,0.000000,-0.460000,0.447037,-0.000000,-0.460000,0.447037,-0.000000,0.000174,0.000174,0.000174,1
98,1.960000,3,gripper_l_finger2,-0.460000,0.447211,-0.000000,-0.460000,0.447037,-0.000000,-0.460000,0.447037,-0.000000,0.000174,0.000174,0.000174,0
98,1.960000,4,gripper_r_palm,0.460000,0.467211,0.000000,0.460000,0.467037,-0.000000,0.460000,0.467037,-0.000000,0.000174,0.000174,0.000174,0
98,1.960000,5,gripper_r_finger1,0.460000,0.447211,0.000000,0.460000,0.447037,-0.000000,0.460000,0.447037,-0.000000,0.000174,0.000174,0.000174,1
98,1.960000,6,gripper_r_finger2,0.460000,0.447211,-0.000000,0.460000,0.447037,-0.000000,0.460000,0.447037,-0.000000,0.000174,0.000174,0.000174,0
99,1.980000,0,base,0.000000,0.150000,0.000000,0.000000,0.150000,0.000000,0.000000,0.150000,0.000000,0.000000,0.000000,0.000000,0
99,1.980000,1,gripper_l_palm,-0.460000,0.464031,0.000000,-0.460000,0.463859,-0.000000,-0.460000,0.463859,-0.000000,0.000172,0.000172,0.000172,0
99,1.980000,2,gripper_l_finger1,-0.460000,0.444031,0.000000,-0.460000,0.443859,-0.000000,-0.460000,0.443859,-0.000000,0.000172,0.000172,0.000172,1
99,1.980000,3,gripper_l_finger2,-0.460000,0.444031,-0.000000,-0.460000,0.443859,-0.000000,-0.460000,0.443859,-0.000000,0.000172,0.000172,0.000172,0
99,1.980000,4,gripper_r_palm,0.460000,0.464031,0.000000,0.460000,0.463859,-0.000000,0.460000,0.463859,-0.000000,0.000172,0.000172,0.000172,0
99,1.980000,5,gripper_r_finger1,0.460000,0.444031,0.000000,0.460000,0.443859,-0.000000,0.460000,0.443859,-0.000000,0.000172,0.000172,0.000172,1
99,1.980000,6,gripper_r_finger2,0.460000,0.444031,-0.000000,0.460000,0.443859,-0.000000,0.460000,0.443859,-0.000000,0.000172,0.000172,0.000172,0
100,2.000000,0,base,0.000000,0.150000,0.000000,0.000000,0.150000,0.000000,0.000000,0.150000,0.000000,0.000000,0.000000,0.000000,0
100,2.000000,1,gripper_l_palm,-0.460000,0.460878,0.000000,-0.460000,0.460708,-0.000000,-0.460000,0.460708,-0.000000,0.000170,0.000170,0.000170,0
100,2.000000,2,gripper_l_finger1,-0.460000,0.440878,0.000000,-0.460000,0.440708,-0.000000,-0.460000,0.440708,-0.000000,0.000170,0.000170,0.000170,1
100,2.000000,3,gripper_l_finger2,-0.460000,0.440878,-0.000000,-0.460000,0.440708,-0.000000,-0.460000,0.440708,-0.000000,0.000170,0.000170,0.000170,0
100,2.000000,4,gripper_r_palm,0.460000,0.460878,0.000000,0.460000,0.460708,-0.000000,0.460000,0.460708,-0.000000,0.000170,0.000170,0.000170,0
100,2.000000,5,gripper_r_finger1,0.460000,0.440878,0.000000,0.460000,0.440708,-0.000000,0.460000,0.440708,-0.000000,0.000170,0.000170,0.000170,1
100,2.000000,6,gripper_r_finger2,0.460000,0.440878,-0.000000,0.460000,0.440708,-0.000000,0.460000,0.440708,-0.000000,0.000170,0.000170,0.000170,0
101,2.020000,0,base,0.000000,0.150000,0.000000,0.000000,0.150000,0.000000,0.000000,0.150000,0.000000,0.000000,0.000000,0.000000,0
101,2.020000,1,gripper_l_palm,-0.460000,0.457752,0.000000,-0.460000,0.457584,-0.000000,-0.460000,0.457584,-0.000000,0.000169,0.000169,0.000169,0
101,2.020000,2,gripper_l_finger1,-0.460000,0.437752,0.000000,-0.460000,0.437584,-0.000000,-0.460000,0.437584,-0.000000,0.000169,0.000169,0.000169,1
101,2.020000,3,gripper_l_finger2,-0.460000,0.437752,-0.000000,-0.460000,0.437584,-0.000000,-0.460000,0.437584,-0.000000,0.000169,0.000169,0.000169,0
101,2.020000,4,gripper_r_palm,0.460000,0.457752,0.000000,0.460000,0.457584,-0.000000,0.460000,0.457584,-0.000000,0.000169,0.000169,0.000169,0
101,2.020000,5,gripper_r_finger1,0.460000,0.437752,0.000000,0.460000,0.437584,-0.000000,0.460000,0.437584,-0.000000,0.000169,0.000169,0.000169,1
101,2.020000,6,gripper_r_finger2,0.460000,0.437752,-0.000000,0.460000,0.437584,-0.000000,0.460000,0.437584,-0.000000,0.000169,0.000169,0.000169,0
102,2.040000,0,base,0.000000,0.150000,0.000000,0.000000,0.150000,0.000000,0.000000,0.150000,0.000000,0.000000,0.000000,0.000000,0
102,2.040000,1,gripper_l_palm,-0.460000,0.454656,0.000000,-0.460000,0.454488,-0.000000,-0.460000,0.454488,-0.000000,0.000167,0.000167,0.000167,0
102,2.040000,2,gripper_l_finger1,-0.460000,0.434656,0.000000,-0.460000,0.434488,-0.000000,-0.460000,0.434488,-0.000000,0.000167,0.000167,0.000167,1
102,2.040000,3,gripper_l_finger2,-0.460000,0.434656,-0.000000,-0.460000,0.434488,-0.000000,-0.460000,0.434488,-0.000000,0.000167,0.000167,0.000167,0
102,2.040000,4,gripper_r_palm,0.460000,0.454656,0.000000,0.460000,0.454488,-0.000000,0.460000,0.454488,-0.000000,0.000167,0.000167,0.000167,0
102,2.040000,5,gripper_r_finger1,0.460000,0.434656,0.000000,0.460000,0.434488,-0.000000,0.460000,0.434488,-0.000000,0.000167,0.000167,0.000167,1
102,2.040000,6,gripper_r_finger2,0.460000,0.434656,-0.000000,0.460000,0.434488,-0.000000,0.460000,0.434488,-0.000000,0.000167,0.000167,0.000167,0
103,2.060000,0,base,0.000000,0.150000,0.000000,0.000000,0.150000,0.000000,0.000000,0.150000,0.000000,0.000000,0.000000,0.000000,0
103,2.060000,1,gripper_l_palm,-0.460000,0.451589,0.000000,-0.460000,0.451423,-0.000000,-0.460000,0.451423,-0.000000,0.000165,0.000165,0.000165,0
103,2.060000,2,gripper_l_finger1,-0.460000,0.431589,0.000000,-0.460000,0.431423,-0.000000,-0.460000,0.431423,-0.000000,0.000165,0.000165,0.000165,1
103,2.060000,3,gripper_l_finger2,-0.460000,0.431589,-0.000000,-0.460000,0.431423,-0.000000,-0.460000,0.431423,-0.000000,0.000165,0.000165,0.000165,0
103,2.060000,4,gripper_r_palm,0.460000,0.451589,0.000000,0.460000,0.451423,-0.000000,0.460000,0.451423,-0.000000,0.000165,0.000165,0.000165,0
103,2.060000,5,gripper_r_finger1,0.460000,0.431589,0.000000,0.460000,0.431423,-0.000000,0.460000,0.431423,-0.000000,0.000165,0.000165,0.000165,1
103,2.060000,6,gripper_r_finger2,0.460000,0.431589,-0.000000,0.460000,0.431423,-0.000000,0.460000,0.431423,-0.000000,0.000165,0.000165,0.000165,0
104,2.080000,0,base,0.000000,0.150000,0.000000,0.000000,0.150000,0.000000,0.000000,0.150000,0.000000,0.000000,0.000000,0.000000,0
104,2.080000,1,gripper_l_palm,-0.460000,0.448553,0.000000,-0.460000,0.448390,-0.000000,-0.460000,0.448390,-0.000000,0.000163,0.000163,0.000163,0
104,2.080000,2,gripper_l_finger1,-0.460000,0.428553,0.000000,-0.460000,0.428390,-0.000000,-0.460000,0.428390,-0.000000,0.000163,0.000163,0.000163,1
104,2.080000,3,gripper_l_finger2,-0.460000,0.428553,-0.000000,-0.460000,0.428390,-0.000000,-0.460000,0.428390,-0.000000,0.000163,0.000163,0.000163,0
104,2.080000,4,gripper_r_palm,0.460000,0.448553,0.000000,0.460000,0.448390,-0.000000,0.460000,0.448390,-0.000000,0.000163,0.000163,0.000163,0
104,2.080000,5,gripper_r_finger1,0.460000,0.428553,0.000000,0.460000,0.428390,-0.000000,0.460000,0.428390,-0.000000,0.000163,0.000163,0.000163,1
104,2.080000,6,gripper_r_finger2,0.460000,0.428553,-0.000000,0.460000,0.428390,-0.000000,0.460000,0.428390,-0.000000,0.000163,0.000163,0.000163,0
105,2.100000,0,base,0.000000,0.150000,0.000000,0.000000,0.150000,0.000000,0.000000,0.150000,0.000000,0.000000,0.000000,0.000000,0
105,2.100000,1,gripper_l_palm,-0.460000,0.445550,0.000000,-0.460000,0.445389,-0.000000,-0.460000,0.445389,-0.000000,0.000161,0.000161,0.000161,0
105,2.100000,2,gripper_l_finger1,-0.460000,0.425550,0.000000,-0.460000,0.425389,-0.000000,-0.460000,0.425389,-0.000000,0.000161,0.000161,0.000161,1
105,2.100000,3,gripper_l_finger2,-0.460000,0.425550,-0.000000,-0.460000,0.425389,-0.000000,-0.460000,0.425389,-0.000000,0.000161,0.000161,0.000161,0
105,2.100000,4,gripper_r_palm,0.460000,0.445550,0.000000,0.460000,0.445389,-0.000000,0.460000,0.445389,-0.000000,0.000161,0.000161,0.000161,0
105,2.100000,5,gripper_r_finger1,0.460000,0.425550,0.000000,0.460000,0.425389,-0.000000,0.460000,0.425389,-0.000000,0.000161,0.000161,0.000161,1
105,2.100000,6,gripper_r_finger2,0.460000,0.425550,-0.000000,0.460000,0.425389,-0.000000,0.460000,0.425389,-0.000000,0.000161,0.000161,0.000161,0
106,2.120000,0,base,0.000000,0.150000,0.000000,0.000000,0.150000,0.000000,0.000000,0.150000,0.000000,0.000000,0.000000,0.000000,0
106,2.120000,1,gripper_l_palm,-0.460000,0.442581,0.000000,-0.460000,0.442421,-0.000000,-0.460000,0.442421,-0.000000,0.000160,0.000160,0.000160,0
106,2.120000,2,gripper_l_finger1,-0.460000,0.422581,0.000000,-0.460000,0.422421,-0.000000,-0.460000,0.422421,-0.000000,0.000160,0.000160,0.000160,0
106,2.120000,3,gripper_l_finger2,-0.460000,0.422581,-0.000000,-0.460000,0.422421,-0.000000,-0.460000,0.422421,-0.000000,0.000160,0.000160,0.000160,1
106,2.120000,4,gripper_r_palm,0.460000,0.442581,0.000000,0.460000,0.442421,-0.000000,0.460000,0.442421,-0.000000,0.000160,0.000160,0.000160,0
106,2.120000,5,gripper_r_finger1,0.460000,0.422581,0.000000,0.460000,0.422421,-0.000000,0.460000,0.422421,-0.000000,0.000160,0.000160,0.000160,0
106,2.120000,6,gripper_r_finger2,0.460000,0.422581,-0.000000,0.460000,0.422421,-0.000000,0.460000,0.422421,-0.000000,0.000160,0.000160,0.000160,1
107,2.140000,0,base,0.000000,0.150000,0.000000,0.000000,0.150000,0.000000,0.000000,0.150000,0.000000,0.000000,0.000000,0.000000,0
107,2.140000,1,gripper_l_palm,-0.460000,0.439646,0.000000,-0.460000,0.439489,-0.000000,-0.460000,0.439489,-0.000000,0.000157,0.000157,0.000157,0
107,2.140000,2,gripper_l_finger1,-0.460000,0.419646,0.000000,-0.460000,0.419489,-0.000000,-0.460000,0.419489,-0.000000,0.000157,0.000157,0.000157,0
107,2.140000,3,gripper_l_finger2,-0.460000,0.419646,-0.000000,-0.460000,0.419489,-0.000000,-0.460000,0.419489,-0.000000,0.000157,0.000157,0.000157,0
107,2.140000,4,gripper_r_palm,0.460000,0.439646,0.000000,0.460000,0.439489,-0.000000,0.460000,0.439489,-0.000000,0.000157,0.000157,0.000157,0
107,2.140000,5,gripper_r_finger1,0.460000,0.419646,0.000000,0.460000,0.419489,-0.000000,0.460000,0.419489,-0.000000,0.000157,0.000157,0.000157,0
107,2.140000,6,gripper_r_finger2,0.460000,0.419646,-0.000000,0.460000,0.419489,-0.000000,0.460000,0.419489,-0.000000,0.000157,0.000157,0.000157,0
108,2.160000,0,base,0.000000,0.150000,0.000000,0.000000,0.150000,0.000000,0.000000,0.150000,0.000000,0.000000,0.000000,0.000000,0
108,2.160000,1,gripper_l_palm,-0.460000,0.436748,0.000000,-0.460000,0.436593,-0.000000,-0.460000,0.436593,-0.000000,0.000155,0.000155,0.000155,0
108,2.160000,2,gripper_l_finger1,-0.460000,0.416748,0.000000,-0.460000,0.416593,-0.000000,-0.460000,0.416593,-0.000000,0.000155,0.000155,0.000155,1
108,2.160000,3,gripper_l_finger2,-0.460000,0.416748,-0.000000,-0.460000,0.416593,-0.000000,-0.460000,0.416593,-0.000000,0.000155,0.000155,0.000155,0
108,2.160000,4,gripper_r_palm,0.460000,0.436748,0.000000,0.460000,0.436593,-0.000000,0.460000,0.436593,-0.000000,0.000155,0.000155,0.000155,0
108,2.160000,5,gripper_r_finger1,0.460000,0.416748,0.000000,0.460000,0.416593,-0.000000,0.460000,0.416593,-0.000000,0.000155,0.000155,0.000155,1
108,2.160000,6,gripper_r_finger2,0.460000,0.416748,-0.000000,0.460000,0.416593,-0.000000,0.460000,0.416593,-0.000000,0.000155,0.000155,0.000155,0
109,2.180000,0,base,0.000000,0.150000,0.000000,0.000000,0.150000,0.000000,0.000000,0.150000,0.000000,0.000000,0.000000,0.000000,0
109,2.180000,1,gripper_l_palm,-0.460000,0.433887,0.000000,-0.460000,0.433734,-0.000000,-0.460000,0.433734,-0.000000,0.000153,0.000153,0.000153,0
109,2.180000,2,gripper_l_finger1,-0.460000,0.413887,0.000000,-0.460000,0.413734,-0.000000,-0.460000,0.413734,-0.000000,0.000153,0.000153,0.000153,0
109,2.180000,3,gripper_l_finger2,-0.460000,0.413887,-0.000000,-0.460000,0.413734,-0.000000,-0.460000,0.413734,-0.000000,0.000153,0.000153,0.000153,1
109,2.180000,4,gripper_r_palm,0.460000,0.433887,0.000000,0.460000,0.433734,-0.000000,0.460000,0.433734,-0.000000,0.000153,0.000153,0.000153,0
109,2.180000,5,gripper_r_finger1,0.460000,0.413887,0.000000,0.460000,0.413734,-0.000000,0.460000,0.413734,-0.000000,0.000153,0.000153,0.000153,0
109,2.180000,6,gripper_r_finger2,0.460000,0.413887,-0.000000,0.460000,0.413734,-0.000000,0.460000,0.413734,-0.000000,0.000153,0.000153,0.000153,1
110,2.200000,0,base,0.000000,0.150000,0.000000,0.000000,0.150000,0.000000,0.000000,0.150000,0.000000,0.000000,0.000000,0.000000,0
110,2.200000,1,gripper_l_palm,-0.460000,0.431064,0.000000,-0.460000,0.430914,-0.000000,-0.460000,0.430914,-0.000000,0.000151,0.000151,0.000151,0
110,2.200000,2,gripper_l_finger1,-0.460000,0.411064,0.000000,-0.460000,0.410914,-0.000000,-0.460000,0.410914,-0.000000,0.000151,0.000151,0.000151,0
110,2.200000,3,gripper_l_finger2,-0.460000,0.411064,-0.000000,-0.460000,0.410914,-0.000000,-0.460000,0.410914,-0.000000,0.000151,0.000151,0.000151,1
110,2.200000,4,gripper_r_palm,0.460000,0.431064,0.000000,0.460000,0.430914,-0.000000,0.460000,0.430914,-0.000000,0.000151,0.000151,0.000151,0
110,2.200000,5,gripper_r_finger1,0.460000,0.411064,0.000000,0.460000,0.410914,-0.000000,0.460000,0.410914,-0.000000,0.000151,0.000151,0.000151,0
110,2.200000,6,gripper_r_finger2,0.460000,0.411064,-0.000000,0.460000,0.410914,-0.000000,0.460000,0.410914,-0.000000,0.000151,0.000151,0.000151,1
111,2.220000,0,base,0.000000,0.150000,0.000000,0.000000,0.150000,0.000000,0.000000,0.150000,0.000000,0.000000,0.000000,0.000000,0
111,2.220000,1,gripper_l_palm,-0.460000,0.428282,0.000000,-0.460000,0.428133,-0.000000,-0.460000,0.428133,-0.000000,0.000148,0.000148,0.000148,0
111,2.220000,2,gripper_l_finger1,-0.460000,0.408282,0.000000,-0.460000,0.408133,-0.000000,-0.460000,0.408133,-0.000000,0.000148,0.000148,0.000148,0
111,2.220000,3,gripper_l_finger2,-0.460000,0.408282,-0.000000,-0.460000,0.408133,-0.000000,-0.460000,0.408133,-0.000000,0.000148,0.000148,0.000148,1
111,2.220000,4,gripper_r_palm,0.460000,0.428282,0.000000,0.460000,0.428133,-0.000000,0.460000,0.428133,-0.000000,0.000148,0.000148,0.000148,0
111,2.220000,5,gripper_r_finger1,0.460000,0.408282,0.000000,0.460000,0.408133,-0.000000,0.460000,0.408133,-0.000000,0.000148,0.000148,0.000148,0
111,2.220000,6,gripper_r_finger2,0.460000,0.408282,-0.000000,0.460000,0.408133,-0.000000,0.460000,0.408133,-0.000000,0.000148,0.000148,0.000148,1
112,2.240000,0,base,0.000000,0.150000,0.000000,0.000000,0.150000,0.000000,0.000000,0.150000,0.000000,0.000000,0.000000,0.000000,0
112,2.240000,1,gripper_l_palm,-0.460000,0.425540,0.000000,-0.460000,0.425394,-0.000000,-0.460000,0.425394,-0.000000,0.000146,0.000146,0.000146,0
112,2.240000,2,gripper_l_finger1,-0.460000,0.405540,0.000000,-0.460000,0.405394,-0.000000,-0.460000,0.405394,-0.000000,0.000146,0.000146,0.000146,1
112,2.240000,3,gripper_l_finger2,-0.460000,0.405540,-0.000000,-0.460000,0.405394,-0.000000,-0.460000,0.405394,-0.000000,0.000146,0.000146,0.000146,0
112,2.240000,4,gripper_r_palm,0.460000,0.425540,0.000000,0.460000,0.425394,-0.000000,0.460000,0.425394,-0.000000,0.000146,0.000146,0.000146,0
112,2.240000,5,gripper_r_finger1,0.460000,0.405540,0.000000,0.460000,0.405394,-0.000000,0.460000,0.405394,-0.000000,0.000146,0.000146,0.000146,1
112,2.240000,6,gripper_r_finger2,0.460000,0.405540,-0.000000,0.460000,0.405394,-0.000000,0.460000,0.405394,-0.000000,0.000146,0.000146,0.000146,0
113,2.260000,0,base,0.000000,0.150000,0.000000,0.000000,0.150000,0.000000,0.000000,0.150000,0.000000,0.000000,0.000000,0.000000,0
113,2.260000,1,gripper_l_palm,-0.460000,0.422841,0.000000,-0.460000,0.422698,-0.000000,-0.460000,0.422698,-0.000000,0.000144,0.000144,0.000144,0
113,2.260000,2,gripper_l_finger1,-0.460000,0.402841,0.000000,-0.460000,0.402698,-0.000000,-0.460000,0.402698,-0.000000,0.000144,0.000144,0.000144,1
113,2.260000,3,gripper_l_finger2,-0.460000,0.402841,-0.000000,-0.460000,0.402698,-0.000000,-0.460000,0.402698,-0.000000,0.000144,0.000144,0.000144,0
113,2.260000,4,gripper_r_palm,0.460000,0.422841,0.000000,0.460000,0.422698,-0.000000,0.460000,0.422698,-0.000000,0.000144,0.000144,0.000144,0
113,2.260000,5,gripper_r_finger1,0.460000,0.402841,0.000000,0.460000,0.402698,-0.000000,0.460000,0.402698,-0.000000,0.000144,0.000144,0.000144,1
113,2.260000,6,gripper_r_finger2,0.460000,0.402841,-0.000000,0.460000,0.402698,-0.000000,0.460000,0.402698,-0.000000,0.000144,0.000144,0.000144,0
114,2.280000,0,base,0.000000,0.150000,0.000000,0.000000,0.150000,0.000000,0.000000,0.150000,0.000000,0.000000,0.000000,0.000000,0
114,2.280000,1,gripper_l_palm,-0.460000,0.420185,0.000000,-0.460000,0.420044,-0.000000,-0.460000,0.420044,-0.000000,0.000141,0.000141,0.000141,0
114,2.280000,2,gripper_l_finger1,-0.460000,0.400185,0.000000,-0.460000,0.400044,-0.000000,-0.460000,0.400044,-0.000000,0.000141,0.000141,0.000141,0
114,2.280000,3,gripper_l_finger2,-0.460000,0.400185,-0.000000,-0.460000,0.400044,-0.000000,-0.460000,0.400044,-0.000000,0.000141,0.000141,0.000141,1
114,2.280000,4,gripper_r_palm,0.460000,0.420185,0.000000,0.460000,0.420044,-0.000000,0.460000,0.420044,-0.000000,0.000141,0.000141,0.000141,0
114,2.280000,5,gripper_r_finger1,0.460000,0.400185,0.000000,0.460000,0.400044,-0.000000,0.460000,0.400044,-0.000000,0.000141,0.000141,0.000141,0
114,2.280000,6,gripper_r_finger2,0.460000,0.400185,-0.000000,0.460000,0.400044,-0.000000,0.460000,0.400044,-0.000000,0.000141,0.000141,0.000141,1
115,2.300000,0,base,0.000000,0.150000,0.000000,0.000000,0.150000,0.000000,0.000000,0.150000,0.000000,0.000000,0.000000,0.000000,0
115,2.300000,1,gripper_l_palm,-0.460000,0.417574,0.000000,-0.460000,0.417436,-0.000000,-0.460000,0.417436,-0.000000,0.000138,0.000138,0.000138,0
115,2.300000,2,gripper_l_finger1,-0.460000,0.397574,0.000000,-0.460000,0.397436,-0.000000,-0.460000,0.397436,-0.000000,0.000138,0.000138,0.000138,0
115,2.300000,3,gripper_l_finger2,-0.460000,0.397574,-0.000000,-0.460000,0.397436,-0.000000,-0.460000,0.397436,-0.000000,0.000138,0.000138,0.000138,1
115,2.300000,4,gripper_r_palm,0.460000,0.417574,0.000000,0.460000,0.417436,-0.000000,0.460000,0.417436,-0.000000,0.000138,0.000138,0.000138,0
115,2.300000,5,gripper_r_finger1,0.460000,0.397574,0.000000,0.460000,0.397436,-0.000000,0.460000,0.397436,-0.000000,0.000138,0.000138,0.000138,0
115,2.300000,6,gripper_r_finger2,0.460000,0.397574,-0.000000,0.460000,0.397436,-0.000000,0.460000,0.397436,-0.000000,0.000138,0.000138,0.000138,1
116,2.320000,0,base,0.000000,0.150000,0.000000,0.000000,0.150000,0.000000,0.000000,0.150000,0.000000,0.000000,0.000000,0.000000,0
116,2.320000,1,gripper_l_palm,-0.460000,0.415010,0.000000,-0.460000,0.414874,-0.000000,-0.460000,0.414874,-0.000000,0.000136,0.000136,0.000136,0
116,2.320000,2,gripper_l_finger1,-0.460000,0.395010,0.000000,-0.460000,0.394874,-0.000000,-0.460000,0.394874,-0.000000,0.000136,0.000136,0.000136,1
116,2.320000,3,gripper_l_finger2,-0.460000,0.395010,-0.000000,-0.460000,0.394874,-0.000000,-0.460000,0.394874,-0.000000,0.000136,0.000136,0.000136,0
116,2.320000,4,gripper_r_palm,0.460000,0.415010,0.000000,0.460000,0.414874,-0.000000,0.460000,0.414874,-0.000000,0.000136,0.000136,0.000136,0
116,2.320000,5,gripper_r_finger1,0.460000,0.395010,0.000000,0.460000,0.394874,-0.000000,0.460000,0.394874,-0.000000,0.000136,0.000136,0.000136,1
116,2.320000,6,gripper_r_finger2,0.460000,0.395010,-0.000000,0.460000,0.394874,-0.000000,0.460000,0.394874,-0.000000,0.000136,0.000136,0.000136,0
117,2.340000,0,base,0.000000,0.150000,0.000000,0.000000,0.150000,0.000000,0.000000,0.150000,0.000000,0.000000,0.000000,0.000000,0
117,2.340000,1,gripper_l_palm,-0.460000,0.412492,0.000000,-0.460000,0.412359,-0.000000,-0.460000,0.412359,-0.000000,0.000133,0.000133,0.000133,0
117,2.340000,2,gripper_l_finger1,-0.460000,0.392492,0.000000,-0.460000,0.392359,-0.000000,-0.460000,0.392359,-0.000000,0.000133,0.000133,0.000133,0
117,2.340000,3,gripper_l_finger2,-0.460000,0.392492,-0.000000,-0.460000,0.392359,-0.000000,-0.460000,0.392359,-0.000000,0.000133,0.000133,0.000133,1
117,2.340000,4,gripper_r_palm,0.460000,0.412492,0.000000,0.460000,0.412359,-0.000000,0.460000,0.412359,-0.000000,0.000133,0.000133,0.000133,0
117,2.340000,5,gripper_r_finger1,0.460000,0.392492,0.000000,0.460000,0.392359,-0.000000,0.460000,0.392359,-0.000000,0.000133,0.000133,0.000133,0
117,2.340000,6,gripper_r_finger2,0.460000,0.392492,-0.000000,0.460000,0.392359,-0.000000,0.460000,0.392359,-0.000000,0.000133,0.000133,0.000133,1
118,2.360000,0,base,0.000000,0.150000,0.000000,0.000000,0.150000,0.000000,0.000000,0.150000,0.000000,0.000000,0.000000,0.000000,0
118,2.360000,1,gripper_l_palm,-0.460000,0.410022,0.000000,-0.460000,0.409892,-0.000000,-0.460000,0.409892,-0.000000,0.000130,0.000130,0.000130,0
118,2.360000,2,gripper_l_finger1,-0.460000,0.390022,0.000000,-0.460000,0.389892,-0.000000,-0.460000,0.389892,-0.000000,0.000130,0.000130,0.000130,1
118,2.360000,3,gripper_l_finger2,-0.460000,0.390022,-0.000000,-0.460000,0.389892,-0.000000,-0.460000,0.389892,-0.000000,0.000130,0.000130,0.000130,0
118,2.360000,4,gripper_r_palm,0.460000,0.410022,0.000000,0.460000,0.409892,-0.000000,0.460000,0.409892,-0.000000,0.000130,0.000130,0.000130,0
118,2.360000,5,gripper_r_finger1,0.460000,0.390022,0.000000,0.460000,0.389892,-0.000000,0.460000,0.389892,-0.000000,0.000130,0.000130,0.000130,1
118,2.360000,6,gripper_r_finger2,0.460000,0.390022,-0.000000,0.460000,0.389892,-0.000000,0.460000,0.389892,-0.000000,0.000130,0.000130,0.000130,0
119,2.380000,0,base,0.000000,0.150000,0.000000,0.000000,0.150000,0.000000,0.000000,0.150000,0.000000,0.000000,0.000000,0.000000,0
119,2.380000,1,gripper_l_palm,-0.460000,0.407602,0.000000,-0.460000,0.407475,-0.000000,-0.460000,0.407475,-0.000000,0.000127,0.000127,0.000127,0
119,2.380000,2,gripper_l_finger1,-0.460000,0.387602,0.000000,-0.460000,0.387475,-0.000000,-0.460000,0.387475,-0.000000,0.000127,0.000127,0.000127,1
119,2.380000,3,gripper_l_finger2,-0.460000,0.387602,-0.000000,-0.460000,0.387475,-0.000000,-0.460000,0.387475,-0.000000,0.000127,0.000127,0.000127,0
119,2.380000,4,gripper_r_palm,0.460000,0.407602,0.000000,0.460000,0.407475,-0.000000,0.460000,0.407475,-0.000000,0.000127,0.000127,0.000127,0
119,2.380000,5,gripper_r_finger1,0.460000,0.387602,0.000000,0.460000,0.387475,-0.000000,0.460000,0.387475,-0.000000,0.000127,0.000127,0.000127,1
119,2.380000,6,gripper_r_finger2,0.460000,0.387602,-0.000000,0.460000,0.387475,-0.000000,0.460000,0.387475,-0.000000,0.000127,0.000127,0.000127,0
120,2.400000,0,base,0.000000,0.150000,0.000000,0.000000,0.150000,0.000000,0.000000,0.150000,0.000000,0.000000,0.000000,0.000000,0
120,2.400000,1,gripper_l_palm,-0.460000,0.405234,0.000000,-0.460000,0.405109,-0.000000,-0.460000,0.405109,-0.000000,0.000124,0.000124,0.000124,0
120,2.400000,2,gripper_l_finger1,-0.460000,0.385233,0.000000,-0.460000,0.385109,-0.000000,-0.460000,0.385109,-0.000000,0.000124,0.000124,0.000124,1
120,2.400000,3,gripper_l_finger2,-0.460000,0.385233,-0.000000,-0.460000,0.385109,-0.000000,-0.460000,0.385109,-0.000000,0.000124,0.000124,0.000124,0
120,2.400000,4,gripper_r_palm,0.460000,0.405234,0.000000,0.460000,0.405109,-0.000000,0.460000,0.405109,-0.000000,0.000124,0.000124,0.000124,0
120,2.400000,5,gripper_r_finger1,0.460000,0.385233,0.000000,0.460000,0.385109,-0.000000,0.460000,0.385109,-0.000000,0.000124,0.000124,0.000124,1
120,2.400000,6,gripper_r_finger2,0.460000,0.385233,-0.000000,0.460000,0.385109,-0.000000,0.460000,0.385109,-0.000000,0.000124,0.000124,0.000124,0
121,2.420000,0,base,0.000000,0.150000,0.000000,0.000000,0.150000,0.000000,0.000000,0.150000,0.000000,0.000000,0.000000,0.000000,0
121,2.420000,1,gripper_l_palm,-0.460000,0.402917,0.000000,-0.460000,0.402795,-0.000000,-0.460000,0.402795,-0.000000,0.000121,0.000121,0.000121,0
121,2.420000,2,gripper_l_finger1,-0.460000,0.382917,0.000000,-0.460000,0.382795,-0.000000,-0.460000,0.382795,-0.000000,0.000121,0.000121,0.000121,1
121,2.420000,3,gripper_l_finger2,-0.460000,0.382917,-0.000000,-0.460000,0.382795,-0.000000,-0.460000,0.382795,-0.000000,0.000121,0.000121,0.000121,0
121,2.420000,4,gripper_r_palm,0.460000,0.402917,0.000000,0.460000,0.402795,-0.000000,0.460000,0.402795,-0.000000,0.000121,0.000121,0.000121,0
121,2.420000,5,gripper_r_finger1,0.460000,0.382917,0.000000,0.460000,0.382795,-0.000000,0.460000,0.382795,-0.000000,0.000121,0.000121,0.000121,1
121,2.420000,6,gripper_r_finger2,0.460000,0.382917,-0.000000,0.460000,0.382795,-0.000000,0.460000,0.382795,-0.000000,0.000121,0.000121,0.000121,0
122,2.440000,0,base,0.000000,0.150000,0.000000,0.000000,0.150000,0.000000,0.000000,0.150000,0.000000,0.000000,0.000000,0.000000,0
122,2.440000,1,gripper_l_palm,-0.460000,0.400653,0.000000,-0.460000,0.400535,-0.000000,-0.460000,0.400535,-0.000000,0.000118,0.000118,0.000118,0
122,2.440000,2,gripper_l_finger1,-0.460000,0.380653,0.000000,-0.460000,0.380535,-0.000000,-0.460000,0.380535,-0.000000,0.000118,0.000118,0.000118,1
122,2.440000,3,gripper_l_finger2,-0.460000,0.380653,-0.000000,-0.460000,0.380535,-0.000000,-0.460000,0.380535,-0.000000,0.000118,0.000118,0.000118,0
122,2.440000,4,gripper_r_palm,0.460000,0.400653,0.000000,0.460000,0.400535,-0.000000,0.460000,0.400535,-0.000000,0.000118,0.000118,0.000118,0
122,2.440000,5,gripper_r_finger1,0.460000,0.380653,0.000000,0.460000,0.380535,-0.000000,0.460000,0.380535,-0.000000,0.000118,0.000118,0.000118,1
122,2.440000,6,gripper_r_finger2,0.460000,0.380653,-0.000000,0.460000,0.380535,-0.000000,0.460000,0.380535,-0.000000,0.000118,0.000118,0.000118,0
123,2.460000,0,base,0.000000,0.150000,0.000000,0.000000,0.150000,0.000000,0.000000,0.150000,0.000000,0.000000,0.000000,0.000000,0
123,2.460000,1,gripper_l_palm,-0.460000,0.398444,0.000000,-0.460000,0.398329,-0.000000,-0.460000,0.398329,-0.000000,0.000115,0.000115,0.000115,0
123,2.460000,2,gripper_l_finger1,-0.460000,0.378444,0.000000,-0.460000,0.378329,-0.000000,-0.460000,0.378329,-0.000000,0.000115,0.000115,0.000115,1
123,2.460000,3,gripper_l_finger2,-0.460000,0.378444,-0.000000,-0.460000,0.378329,-0.000000,-0.460000,0.378329,-0.000000,0.000115,0.000115,0.000115,0
123,2.460000,4,gripper_r_palm,0.460000,0.398444,0.000000,0.460000,0.398329,-0.000000,0.460000,0.398329,-0.000000,0.000115,0.000115,0.000115,0
123,2.460000,5,gripper_r_finger1,0.460000,0.378444,0.000000,0.460000,0.378329,-0.000000,0.460000,0.378329,-0.000000,0.000115,0.000115,0.000115,1
123,2.460000,6,gripper_r_finger2,0.460000,0.378444,-0.000000,0.460000,0.378329,-0.000000,0.460000,0.378329,-0.000000,0.000115,0.000115,0.000115,0
124,2.480000,0,base,0.000000,0.150000,0.000000,0.000000,0.150000,0.000000,0.000000,0.150000,0.000000,0.000000,0.000000,0.000000,0
124,2.480000,1,gripper_l_palm,-0.460000,0.396291,0.000000,-0.460000,0.396179,-0.000000,-0.460000,0.396179,-0.000000,0.000112,0.000112,0.000112,0
124,2.480000,2,gripper_l_finger1,-0.460000,0.376291,0.000000,-0.460000,0.376179,-0.000000,-0.460000,0.376179,-0.000000,0.000112,0.000112,0.000112,0
124,2.480000,3,gripper_l_finger2,-0.460000,0.376291,-0.000000,-0.460000,0.376179,-0.000000,-0.460000,0.376179,-0.000000,0.000112,0.000112,0.000112,1
124,2.480000,4,gripper_r_palm,0.460000,0.396291,0.000000,0.460000,0.396179,-0.000000,0.460000,0.396179,-0.000000,0.000112,0.000112,0.000112,0
124,2.480000,5,gripper_r_finger1,0.460000,0.376291,0.000000,0.460000,0.376179,-0.000000,0.460000,0.376179,-0.000000,0.000112,0.000112,0.000112,0
124,2.480000,6,gripper_r_finger2,0.460000,0.376291,-0.000000,0.460000,0.376179,-0.000000,0.460000,0.376179,-0.000000,0.000112,0.000112,0.000112,1
125,2.500000,0,base,0.000000,0.150000,0.000000,0.000000,0.150000,0.000000,0.000000,0.150000,0.000000,0.000000,0.000000,0.000000,0
125,2.500000,1,gripper_l_palm,-0.460000,0.394195,0.000000,-0.460000,0.394086,-0.000000,-0.460000,0.394086,-0.000000,0.000109,0.000109,0.000109,0
125,2.500000,2,gripper_l_finger1,-0.460000,0.374195,0.000000,-0.460000,0.374086,-0.000000,-0.460000,0.374086,-0.000000,0.000109,0.000109,0.000109,1
125,2.500000,3,gripper_l_finger2,-0.460000,0.374195,-0.000000,-0.460000,0.374086,-0.000000,-0.460000,0.374086,-0.000000,0.000109,0.000109,0.000109,0
125,2.500000,4,gripper_r_palm,0.460000,0.394195,0.000000,0.460000,0.394086,-0.000000,0.460000,0.394086,-0.000000,0.000109,0.000109,0.000109,0
125,2.500000,5,gripper_r_finger1,0.460000,0.374195,0.000000,0.460000,0.374086,-0.000000,0.460000,0.374086,-0.000000,0.000109,0.000109,0.000109,1
125,2.500000,6,gripper_r_finger2,0.460000,0.374195,-0.000000,0.460000,0.374086,-0.000000,0.460000,0.374086,-0.000000,0.000109,0.000109,0.000109,0
126,2.520000,0,base,0.000000,0.150000,0.000000,0.000000,0.150000,0.000000,0.000000,0.150000,0.000000,0.000000,0.000000,0.000000,0
126,2.520000,1,gripper_l_palm,-0.460000,0.392157,0.000000,-0.460000,0.392052,-0.000000,-0.460000,0.392052,-0.000000,0.000105,0.000105,0.000105,0
126,2.520000,2,gripper_l_finger1,-0.460000,0.372157,0.000000,-0.460000,0.372052,-0.000000,-0.460000,0.372052,-0.000000,0.000105,0.000105,0.000105,1
126,2.520000,3,gripper_l_finger2,-0.460000,0.372157,-0.000000,-0.460000,0.372052,-0.000000,-0.460000,0.372052,-0.000000,0.000105,0.000105,0.000105,0
126,2.520000,4,gripper_r_palm,0.460000,0.392157,0.000000,0.460000,0.392052,-0.000000,0.460000,0.392052,-0.000000,0.000105,0.000105,0.000105,0
126,2.520000,5,gripper_r_finger1,0.460000,0.372157,0.000000,0.460000,0.372052,-0.000000,0.460000,0.372052,-0.000000,0.000105,0.000105,0.000105,1
126,2.520000,6,gripper_r_finger2,0.460000,0.372157,-0.000000,0.460000,0.372052,-0.000000,0.460000,0.372052,-0.000000,0.000105,0.000105,0.000105,0
127,2.540000,0,base,0.000000,0.150000,0.000000,0.000000,0.150000,0.000000,0.000000,0.150000,0.000000,0.000000,0.000000,0.000000,0
127,2.540000,1,gripper_l_palm,-0.460000,0.390178,0.000000,-0.460000,0.390076,-0.000000,-0.460000,0.390076,-0.000000,0.000102,0.000102,0.000102,0
127,2.540000,2,gripper_l_finger1,-0.460000,0.370178,0.000000,-0.460000,0.370077,-0.000000,-0.460000,0.370077,-0.000000,0.000102,0.000102,0.000102,1
127,2.540000,3,gripper_l_finger2,-0.460000,0.370178,-0.000000,-0.460000,0.370077,-0.000000,-0.460000,0.370077,-0.000000,0.000102,0.000102,0.000102,0
127,2.540000,4,gripper_r_palm,0.460000,0.390178,0.000000,0.460000,0.390076,-0.000000,0.460000,0.390076,-0.000000,0.000102,0.000102,0.000102,0
127,2.540000,5,gripper_r_finger1,0.460000,0.370178,0.000000,0.460000,0.370077,-0.000000,0.460000,0.370077,-0.000000,0.000102,0.000102,0.000102,1
127,2.540000,6,gripper_r_finger2,0.460000,0.370178,-0.000000,0.460000,0.370077,-0.000000,0.460000,0.370077,-0.000000,0.000102,0.000102,0.000102,0
128,2.560000,0,base,0.000000,0.150000,0.000000,0.000000,0.150000,0.000000,0.000000,0.150000,0.000000,0.000000,0.000000,0.000000,0
128,2.560000,1,gripper_l_palm,-0.460000,0.388260,0.000000,-0.460000,0.388162,-0.000000,-0.460000,0.388162,-0.000000,0.000098,0.000098,0.000098,0
128,2.560000,2,gripper_l_finger1,-0.460000,0.368261,0.000000,-0.460000,0.368162,-0.000000,-0.460000,0.368162,-0.000000,0.000098,0.000098,0.000098,1
128,2.560000,3,gripper_l_finger2,-0.460000,0.368261,-0.000000,-0.460000,0.368162,-0.000000,-0.460000,0.368162,-0.000000,0.000098,0.000098,0.000098,0
128,2.560000,4,gripper_r_palm,0.460000,0.388260,0.000000,0.460000,0.388162,-0.000000,0.460000,0.388162,-0.000000,0.000098,0.000098,0.000098,0
128,2.560000,5,gripper_r_finger1,0.460000,0.368261,0.000000,0.460000,0.368162,-0.000000,0.460000,0.368162,-0.000000,0.000098,0.000098,0.000098,1
128,2.560000,6,gripper_r_finger2,0.460000,0.368261,-0.000000,0.460000,0.368162,-0.000000,0.460000,0.368162,-0.000000,0.000098,0.000098,0.000098,0
129,2.580000,0,base,0.000000,0.150000,0.000000,0.000000,0.150000,0.000000,0.000000,0.150000,0.000000,0.000000,0.000000,0.000000,0
129,2.580000,1,gripper_l_palm,-0.460000,0.386405,0.000000,-0.460000,0.386310,-0.000000,-0.460000,0.386310,-0.000000,0.000095,0.000095,0.000095,0
129,2.580000,2,gripper_l_finger1,-0.460000,0.366405,0.000000,-0.460000,0.366310,-0.000000,-0.460000,0.366310,-0.000000,0.000095,0.000095,0.000095,0
129,2.580000,3,gripper_l_finger2,-0.460000,0.366405,-0.000000,-0.460000,0.366310,-0.000000,-0.460000,0.366310,-0.000000,0.000095,0.000095,0.000095,1
129,2.580000,4,gripper_r_palm,0.460000,0.386405,0.000000,0.460000,0.386310,-0.000000,0.460000,0.386310,-0.000000,0.000095,0.000095,0.000095,0
129,2.580000,5,gripper_r_finger1,0.460000,0.366405,0.000000,0.460000,0.366310,-0.000000,0.460000,0.366310,-0.000000,0.000095,0.000095,0.000095,0
129,2.580000,6,gripper_r_finger2,0.460000,0.366405,-0.000000,0.460000,0.366310,-0.000000,0.460000,0.366310,-0.000000,0.000095,0.000095,0.000095,1
130,2.600000,0,base,0.000000,0.150000,0.000000,0.000000,0.150000,0.000000,0.000000,0.150000,0.000000,0.000000,0.000000,0.000000,0
130,2.600000,1,gripper_l_palm,-0.460000,0.384612,0.000000,-0.460000,0.384521,-0.000000,-0.460000,0.384521,-0.000000,0.000091,0.000091,0.000091,0
130,2.600000,2,gripper_l_finger1,-0.460000,0.364612,0.000000,-0.460000,0.364521,-0.000000,-0.460000,0.364521,-0.000000,0.000091,0.000091,0.000091,0
130,2.600000,3,gripper_l_finger2,-0.460000,0.364612,-0.000000,-0.460000,0.364521,-0.000000,-0.460000,0.364521,-0.000000,0.000091,0.000091,0.000091,1
130,2.600000,4,gripper_r_palm,0.460000,0.384612,0.000000,0.460000,0.384521,-0.000000,0.460000,0.384521,-0.000000,0.000091,0.000091,0.000091,0
130,2.600000,5,gripper_r_finger1,0.460000,0.364612,0.000000,0.460000,0.364521,-0.000000,0.460000,0.364521,-0.000000,0.000091,0.000091,0.000091,0
130,2.600000,6,gripper_r_finger2,0.460000,0.364612,-0.000000,0.460000,0.364521,-0.000000,0.460000,0.364521,-0.000000,0.000091,0.000091,0.000091,1
131,2.620000,0,base,0.000000,0.150000,0.000000,0.000000,0.150000,0.000000,0.000000,0.150000,0.000000,0.000000,0.000000,0.000000,0
131,2.620000,1,gripper_l_palm,-0.460000,0.382883,0.000000,-0.460000,0.382796,-0.000000,-0.460000,0.382796,-0.000000,0.000088,0.000088,0.000088,0
131,2.620000,2,gripper_l_finger1,-0.460000,0.362883,0.000000,-0.460000,0.362796,-0.000000,-0.460000,0.362796,-0.000000,0.000088,0.000088,0.000088,0
131,2.620000,3,gripper_l_finger2,-0.460000,0.362883,-0.000000,-0.460000,0.362796,-0.000000,-0.460000,0.362796,-0.000000,0.000088,0.000088,0.000088,1
131,2.620000,4,gripper_r_palm,0.460000,0.382883,0.000000,0.460000,0.382796,-0.000000,0.460000,0.382796,-0.000000,0.000088,0.000088,0.000088,0
131,2.620000,5,gripper_r_finger1,0.460000,0.362883,0.000000,0.460000,0.362796,-0.000000,0.460000,0.362796,-0.000000,0.000088,0.000088,0.000088,0
131,2.620000,6,gripper_r_finger2,0.460000,0.362883,-0.000000,0.460000,0.362796,-0.000000,0.460000,0.362796,-0.000000,0.000088,0.000088,0.000088,1
132,2.640000,0,base,0.000000,0.150000,0.000000,0.000000,0.150000,0.000000,0.000000,0.150000,0.000000,0.000000,0.000000,0.000000,0
132,2.640000,1,gripper_l_palm,-0.460000,0.381221,0.000000,-0.460000,0.381137,-0.000000,-0.460000,0.381137,-0.000000,0.000084,0.000084,0.000084,0
132,2.640000,2,gripper_l_finger1,-0.460000,0.361221,0.000000,-0.460000,0.361137,-0.000000,-0.460000,0.361137,-0.000000,0.000084,0.000084,0.000084,1
132,2.640000,3,gripper_l_finger2,-0.460000,0.361221,-0.000000,-0.460000,0.361137,-0.000000,-0.460000,0.361137,-0.000000,0.000084,0.000084,0.000084,0
132,2.640000,4,gripper_r_palm,0.460000,0.381221,0.000000,0.460000,0.381137,-0.000000,0.460000,0.381137,-0.000000,0.000084,0.000084,0.000084,0
132,2.640000,5,gripper_r_finger1,0.460000,0.361221,0.000000,0.460000,0.361137,-0.000000,0.460000,0.361137,-0.000000,0.000084,0.000084,0.000084,1
132,2.640000,6,gripper_r_finger2,0.460000,0.361221,-0.000000,0.460000,0.361137,-0.000000,0.460000,0.361137,-0.000000,0.000084,0.000084,0.000084,0
133,2.660000,0,base,0.000000,0.150000,0.000000,0.000000,0.150000,0.000000,0.000000,0.150000,0.000000,0.000000,0.000000,0.000000,0
133,2.660000,1,gripper_l_palm,-0.460000,0.379624,0.000000,-0.460000,0.379544,-0.000000,-0.460000,0.379544,-0.000000,0.000079,0.000079,0.000079,0
133,2.660000,2,gripper_l_finger1,-0.460000,0.359624,0.000000,-0.460000,0.359544,-0.000000,-0.460000,0.359544,-0.000000,0.000079,0.000079,0.000079,1
133,2.660000,3,gripper_l_finger2,-0.460000,0.359624,-0.000000,-0.460000,0.359544,-0.000000,-0.460000,0.359544,-0.000000,0.000079,0.000079,0.000079,0
133,2.660000,4,gripper_r_palm,0.460000,0.379624,0.000000,0.460000,0.379544,-0.000000,0.460000,0.379544,-0.000000,0.000079,0.000079,0.000079,0
133,2.660000,5,gripper_r_finger1,0.460000,0.359624,0.000000,0.460000,0.359544,-0.000000,0.460000,0.359544,-0.000000,0.000079,0.000079,0.000079,1
133,2.660000,6,gripper_r_finger2,0.460000,0.359624,-0.000000,0.460000,0.359544,-0.000000,0.460000,0.359544,-0.000000,0.000079,0.000079,0.000079,0
134,2.680000,0,base,0.000000,0.150000,0.000000,0.000000,0.150000,0.000000,0.000000,0.150000,0.000000,0.000000,0.000000,0.000000,0
134,2.680000,1,gripper_l_palm,-0.460000,0.378092,0.000000,-0.460000,0.378019,-0.000000,-0.460000,0.378019,-0.000000,0.000073,0.000073,0.000073,0
134,2.680000,2,gripper_l_finger1,-0.460000,0.358092,0.000000,-0.460000,0.358019,-0.000000,-0.460000,0.358019,-0.000000,0.000073,0.000073,0.000073,0
134,2.680000,3,gripper_l_finger2,-0.460000,0.358092,-0.000000,-0.460000,0.358019,-0.000000,-0.460000,0.358019,-0.000000,0.000073,0.000073,0.000073,1
134,2.680000,4,gripper_r_palm,0.460000,0.378092,0.000000,0.460000,0.378019,-0.000000,0.460000,0.378019,-0.000000,0.000073,0.000073,0.000073,0
134,2.680000,5,gripper_r_finger1,0.460000,0.358092,0.000000,0.460000,0.358019,-0.000000,0.460000,0.358019,-0.000000,0.000073,0.000073,0.000073,0
134,2.680000,6,gripper_r_finger2,0.460000,0.358092,-0.000000,0.460000,0.358019,-0.000000,0.460000,0.358019,-0.000000,0.000073,0.000073,0.000073,1
135,2.700000,0,base,0.000000,0.150000,0.000000,0.000000,0.150000,0.000000,0.000000,0.150000,0.000000,0.000000,0.000000,0.000000,0
135,2.700000,1,gripper_l_palm,-0.460000,0.376622,0.000000,-0.460000,0.376560,-0.000000,-0.460000,0.376560,-0.000000,0.000063,0.000063,0.000063,0
135,2.700000,2,gripper_l_finger1,-0.460000,0.356622,0.000000,-0.460000,0.356560,-0.000000,-0.460000,0.356560,-0.000000,0.000063,0.000063,0.000063,0
135,2.700000,3,gripper_l_finger2,-0.460000,0.356622,-0.000000,-0.460000,0.356560,-0.000000,-0.460000,0.356560,-0.000000,0.000063,0.000063,0.000063,0
135,2.700000,4,gripper_r_palm,0.460000,0.376622,0.000000,0.460000,0.376560,-0.000000,0.460000,0.376560,-0.000000,0.000063,0.000063,0.000063,0
135,2.700000,5,gripper_r_finger1,0.460000,0.356622,0.000000,0.460000,0.356560,-0.000000,0.460000,0.356560,-0.000000,0.000063,0.000063,0.000063,0
135,2.700000,6,gripper_r_finger2,0.460000,0.356622,-0.000000,0.460000,0.356560,-0.000000,0.460000,0.356560,-0.000000,0.000063,0.000063,0.000063,0
136,2.720000,0,base,0.000000,0.150000,0.000000,0.000000,0.150000,0.000000,0.000000,0.150000,0.000000,0.000000,0.000000,0.000000,0
136,2.720000,1,gripper_l_palm,-0.460000,0.375207,0.000000,-0.460000,0.375161,-0.000000,-0.460000,0.375161,-0.000000,0.000046,0.000046,0.000046,0
136,2.720000,2,gripper_l_finger1,-0.460000,0.355207,0.000000,-0.460000,0.355161,-0.000000,-0.460000,0.355161,-0.000000,0.000046,0.000046,0.000046,0
136,2.720000,3,gripper_l_finger2,-0.460000,0.355207,-0.000000,-0.460000,0.355161,-0.000000,-0.460000,0.355161,-0.000000,0.000046,0.000046,0.000046,0
136,2.720000,4,gripper_r_palm,0.460000,0.375207,0.000000,0.460000,0.375161,-0.000000,0.460000,0.375161,-0.000000,0.000046,0.000046,0.000046,0
136,2.720000,5,gripper_r_finger1,0.460000,0.355207,0.000000,0.460000,0.355161,-0.000000,0.460000,0.355161,-0.000000,0.000046,0.000046,0.000046,0
136,2.720000,6,gripper_r_finger2,0.460000,0.355207,-0.000000,0.460000,0.355161,-0.000000,0.460000,0.355161,-0.000000,0.000046,0.000046,0.000046,0
137,2.740000,0,base,0.000000,0.150000,0.000000,0.000000,0.150000,0.000000,0.000000,0.150000,0.000000,0.000000,0.000000,0.000000,0
137,2.740000,1,gripper_l_palm,-0.460000,0.373834,0.000000,-0.460000,0.373814,-0.000000,-0.460000,0.373814,-0.000000,0.000020,0.000020,0.000020,0
137,2.740000,2,gripper_l_finger1,-0.460000,0.353834,0.000000,-0.460000,0.353814,-0.000000,-0.460000,0.353814,-0.000000,0.000020,0.000020,0.000020,0
137,2.740000,3,gripper_l_finger2,-0.460000,0.353834,-0.000000,-0.460000,0.353814,-0.000000,-0.460000,0.353814,-0.000000,0.000020,0.000020,0.000020,0
137,2.740000,4,gripper_r_palm,0.460000,0.373834,0.000000,0.460000,0.373814,-0.000000,0.460000,0.373814,-0.000000,0.000020,0.000020,0.000020,0
137,2.740000,5,gripper_r_finger1,0.460000,0.353834,0.000000,0.460000,0.353814,-0.000000,0.460000,0.353814,-0.000000,0.000020,0.000020,0.000020,0
137,2.740000,6,gripper_r_finger2,0.460000,0.353834,-0.000000,0.460000,0.353814,-0.000000,0.460000,0.353814,-0.000000,0.000020,0.000020,0.000020,0
138,2.760000,0,base,0.000000,0.150000,0.000000,0.000000,0.150000,0.000000,0.000000,0.150000,0.000000,0.000000,0.000000,0.000000,0
138,2.760000,1,gripper_l_palm,-0.460000,0.372487,0.000000,-0.460000,0.372500,-0.000000,-0.460000,0.372500,-0.000000,0.000013,0.000013,0.000013,0
138,2.760000,2,gripper_l_finger1,-0.460000,0.352487,-0.000000,-0.460000,0.352500,-0.000000,-0.460000,0.352500,-0.000000,0.000013,0.000013,0.000013,2
138,2.760000,3,gripper_l_finger2,-0.460000,0.352487,0.000000,-0.460000,0.352500,-0.000000,-0.460000,0.352500,-0.000000,0.000013,0.000013,0.000013,3
138,2.760000,4,gripper_r_palm,0.460000,0.372487,0.000000,0.460000,0.372500,-0.000000,0.460000,0.372500,-0.000000,0.000013,0.000013,0.000013,0
138,2.760000,5,gripper_r_finger1,0.460000,0.352487,-0.000000,0.460000,0.352500,-0.000000,0.460000,0.352500,-0.000000,0.000013,0.000013,0.000013,2
138,2.760000,6,gripper_r_finger2,0.460000,0.352487,0.000000,0.460000,0.352500,-0.000000,0.460000,0.352500,-0.000000,0.000013,0.000013,0.000013,3
139,2.780000,0,base,0.000000,0.150000,0.000000,0.000000,0.150000,0.000000,0.000000,0.150000,0.000000,0.000000,0.000000,0.000000,0
139,2.780000,1,gripper_l_palm,-0.460000,0.371145,0.000000,-0.460000,0.371185,-0.000000,-0.460000,0.371185,-0.000000,0.000040,0.000040,0.000040,0
139,2.780000,2,gripper_l_finger1,-0.460000,0.351145,-0.000000,-0.460000,0.351185,-0.000000,-0.460000,0.351185,-0.000000,0.000040,0.000040,0.000040,2
139,2.780000,3,gripper_l_finger2,-0.460000,0.351145,0.000000,-0.460000,0.351185,-0.000000,-0.460000,0.351185,-0.000000,0.000040,0.000040,0.000040,3
139,2.780000,4,gripper_r_palm,0.460000,0.371145,0.000000,0.460000,0.371185,-0.000000,0.460000,0.371185,-0.000000,0.000040,0.000040,0.000040,0
139,2.780000,5,gripper_r_finger1,0.460000,0.351145,-0.000000,0.460000,0.351185,-0.000000,0.460000,0.351185,-0.000000,0.000040,0.000040,0.000040,2
139,2.780000,6,gripper_r_finger2,0.460000,0.351145,0.000000,0.460000,0.351185,-0.000000,0.460000,0.351185,-0.000000,0.000040,0.000040,0.000040,3
140,2.800000,0,base,0.000000,0.150000,0.000000,0.000000,0.150000,0.000000,0.000000,0.150000,0.000000,0.000000,0.000000,0.000000,0
140,2.800000,1,gripper_l_palm,-0.460000,0.369813,0.000000,-0.460000,0.369823,-0.000000,-0.460000,0.369823,-0.000000,0.000010,0.000010,0.000010,0
140,2.800000,2,gripper_l_finger1,-0.460000,0.349813,-0.000000,-0.460000,0.349823,-0.000000,-0.460000,0.349823,-0.000000,0.000010,0.000010,0.000010,3
140,2.800000,3,gripper_l_finger2,-0.460000,0.349813,0.000000,-0.460000,0.349823,-0.000000,-0.460000,0.349823,-0.000000,0.000010,0.000010,0.000010,2
140,2.800000,4,gripper_r_palm,0.460000,0.369813,0.000000,0.460000,0.369823,-0.000000,0.460000,0.369823,-0.000000,0.000010,0.000010,0.000010,0
140,2.800000,5,gripper_r_finger1,0.460000,0.349813,-0.000000,0.460000,0.349823,-0.000000,0.460000,0.349823,-0.000000,0.000010,0.000010,0.000010,3
140,2.800000,6,gripper_r_finger2,0.460000,0.349813,0.000000,0.460000,0.349823,-0.000000,0.460000,0.349823,-0.000000,0.000010,0.000010,0.000010,2
141,2.820000,0,base,0.000000,0.150000,0.000000,0.000000,0.150000,0.000000,0.000000,0.150000,0.000000,0.000000,0.000000,0.000000,0
141,2.820000,1,gripper_l_palm,-0.460000,0.368611,0.000000,-0.460000,0.368493,-0.000000,-0.460000,0.368493,-0.000000,0.000118,0.000118,0.000118,0
141,2.820000,2,gripper_l_finger1,-0.460000,0.348611,0.000000,-0.460000,0.348493,-0.000000,-0.460000,0.348493,-0.000000,0.000118,0.000118,0.000118,1
141,2.820000,3,gripper_l_finger2,-0.460000,0.348611,-0.000000,-0.460000,0.348493,-0.000000,-0.460000,0.348493,-0.000000,0.000118,0.000118,0.000118,0
141,2.820000,4,gripper_r_palm,0.460000,0.368611,0.000000,0.460000,0.368493,-0.000000,0.460000,0.368493,-0.000000,0.000118,0.000118,0.000118,0
141,2.820000,5,gripper_r_finger1,0.460000,0.348611,0.000000,0.460000,0.348493,-0.000000,0.460000,0.348493,-0.000000,0.000118,0.000118,0.000118,1
141,2.820000,6,gripper_r_finger2,0.460000,0.348611,-0.000000,0.460000,0.348493,-0.000000,0.460000,0.348493,-0.000000,0.000118,0.000118,0.000118,0
142,2.840000,0,base,0.000000,0.150000,0.000000,0.000000,0.150000,0.000000,0.000000,0.150000,0.000000,0.000000,0.000000,0.000000,0
142,2.840000,1,gripper_l_palm,-0.460000,0.367628,0.000000,-0.460000,0.367516,-0.000000,-0.460000,0.367516,-0.000000,0.000112,0.000112,0.000112,0
142,2.840000,2,gripper_l_finger1,-0.460000,0.347628,0.000000,-0.460000,0.347516,-0.000000,-0.460000,0.347516,-0.000000,0.000112,0.000112,0.000112,1
142,2.840000,3,gripper_l_finger2,-0.460000,0.347628,-0.000000,-0.460000,0.347516,-0.000000,-0.460000,0.347516,-0.000000,0.000112,0.000112,0.000112,0
142,2.840000,4,gripper_r_palm,0.460000,0.367628,0.000000,0.460000,0.367516,-0.000000,0.460000,0.367516,-0.000000,0.000112,0.000112,0.000112,0
142,2.840000,5,gripper_r_finger1,0.460000,0.347628,0.000000,0.460000,0.347516,-0.000000,0.460000,0.347516,-0.000000,0.000112,0.000112,0.000112,1
142,2.840000,6,gripper_r_finger2,0.460000,0.347628,-0.000000,0.460000,0.347516,-0.000000,0.460000,0.347516,-0.000000,0.000112,0.000112,0.000112,0
143,2.860000,0,base,0.000000,0.150000,0.000000,0.000000,0.150000,0.000000,0.000000,0.150000,0.000000,0.000000,0.000000,0.000000,0
143,2.860000,1,gripper_l_palm,-0.460000,0.366911,0.000000,-0.460000,0.366820,-0.000000,-0.460000,0.366820,-0.000000,0.000091,0.000091,0.000091,0
143,2.860000,2,gripper_l_finger1,-0.460000,0.346911,0.000000,-0.460000,0.346820,-0.000000,-0.460000,0.346820,-0.000000,0.000091,0.000091,0.000091,0
143,2.860000,3,gripper_l_finger2,-0.460000,0.346911,-0.000000,-0.460000,0.346820,-0.000000,-0.460000,0.346820,-0.000000,0.000091,0.000091,0.000091,1
143,2.860000,4,gripper_r_palm,0.460000,0.366911,0.000000,0.460000,0.366820,-0.000000,0.460000,0.366820,-0.000000,0.000091,0.000091,0.000091,0
143,2.860000,5,gripper_r_finger1,0.460000,0.346911,0.000000,0.460000,0.346820,-0.000000,0.460000,0.346820,-0.000000,0.000091,0.000091,0.000091,0
143,2.860000,6,gripper_r_finger2,0.460000,0.346911,-0.000000,0.460000,0.346820,-0.000000,0.460000,0.346820,-0.000000,0.000091,0.000091,0.000091,1
144,2.880000,0,base,0.000000,0.150000,0.000000,0.000000,0.150000,0.000000,0.000000,0.150000,0.000000,0.000000,0.000000,0.000000,0
144,2.880000,1,gripper_l_palm,-0.460000,0.366299,0.000000,-0.460000,0.366205,-0.000000,-0.460000,0.366205,-0.000000,0.000094,0.000094,0.000094,0
144,2.880000,2,gripper_l_finger1,-0.460000,0.346299,0.000000,-0.460000,0.346205,-0.000000,-0.460000,0.346205,-0.000000,0.000094,0.000094,0.000094,1
144,2.880000,3,gripper_l_finger2,-0.460000,0.346299,-0.000000,-0.460000,0.346205,-0.000000,-0.460000,0.346205,-0.000000,0.000094,0.000094,0.000094,0
144,2.880000,4,gripper_r_palm,0.460000,0.366299,0.000000,0.460000,0.366205,-0.000000,0.460000,0.366205,-0.000000,0.000094,0.000094,0.000094,0
144,2.880000,5,gripper_r_finger1,0.460000,0.346299,0.000000,0.460000,0.346205,-0.000000,0.460000,0.346205,-0.000000,0.000094,0.000094,0.000094,1
144,2.880000,6,gripper_r_finger2,0.460000,0.346299,-0.000000,0.460000,0.346205,-0.000000,0.460000,0.346205,-0.000000,0.000094,0.000094,0.000094,0
145,2.900000,0,base,0.000000,0.150000,0.000000,0.000000,0.150000,0.000000,0.000000,0.150000,0.000000,0.000000,0.000000,0.000000,0
145,2.900000,1,gripper_l_palm,-0.460000,0.365711,0.000000,-0.460000,0.365625,-0.000000,-0.460000,0.365625,-0.000000,0.000085,0.000085,0.000085,0
145,2.900000,2,gripper_l_finger1,-0.460000,0.345711,0.000000,-0.460000,0.345625,-0.000000,-0.460000,0.345625,-0.000000,0.000085,0.000085,0.000085,1
145,2.900000,3,gripper_l_finger2,-0.460000,0.345711,-0.000000,-0.460000,0.345625,-0.000000,-0.460000,0.345625,-0.000000,0.000085,0.000085,0.000085,0
145,2.900000,4,gripper_r_palm,0.460000,0.365711,0.000000,0.460000,0.365625,-0.000000,0.460000,0.365625,-0.000000,0.000085,0.000085,0.000085,0
145,2.900000,5,gripper_r_finger1,0.460000,0.345711,0.000000,0.460000,0.345625,-0.000000,0.460000,0.345625,-0.000000,0.000085,0.000085,0.000085,1
145,2.900000,6,gripper_r_finger2,0.460000,0.345711,-0.000000,0.460000,0.345625,-0.000000,0.460000,0.345625,-0.000000,0.000085,0.000085,0.000085,0
146,2.920000,0,base,0.000000,0.150000,0.000000,0.000000,0.150000,0.000000,0.000000,0.150000,0.000000,0.000000,0.000000,0.000000,0
146,2.920000,1,gripper_l_palm,-0.460000,0.365177,0.000000,-0.460000,0.365114,-0.000000,-0.460000,0.365114,-0.000000,0.000063,0.000063,0.000063,0
146,2.920000,2,gripper_l_finger1,-0.460000,0.345177,0.000000,-0.460000,0.345114,-0.000000,-0.460000,0.345114,-0.000000,0.000063,0.000063,0.000063,1
146,2.920000,3,gripper_l_finger2,-0.460000,0.345177,-0.000000,-0.460000,0.345114,-0.000000,-0.460000,0.345114,-0.000000,0.000063,0.000063,0.000063,0
146,2.920000,4,gripper_r_palm,0.460000,0.365177,0.000000,0.460000,0.365114,-0.000000,0.460000,0.365114,-0.000000,0.000063,0.000063,0.000063,0
146,2.920000,5,gripper_r_finger1,0.460000,0.345177,0.000000,0.460000,0.345114,-0.000000,0.460000,0.345114,-0.000000,0.000063,0.000063,0.000063,1
146,2.920000,6,gripper_r_finger2,0.460000,0.345177,-0.000000,0.460000,0.345114,-0.000000,0.460000,0.345114,-0.000000,0.000063,0.000063,0.000063,0
147,2.940000,0,base,0.000000,0.150000,0.000000,0.000000,0.150000,0.000000,0.000000,0.150000,0.000000,0.000000,0.000000,0.000000,0
147,2.940000,1,gripper_l_palm,-0.460000,0.364729,0.000000,-0.460000,0.364687,-0.000000,-0.460000,0.364687,-0.000000,0.000042,0.000042,0.000042,0
147,2.940000,2,gripper_l_finger1,-0.460000,0.344729,0.000000,-0.460000,0.344687,-0.000000,-0.460000,0.344687,-0.000000,0.000042,0.000042,0.000042,0
147,2.940000,3,gripper_l_finger2,-0.460000,0.344729,-0.000000,-0.460000,0.344687,-0.000000,-0.460000,0.344687,-0.000000,0.000042,0.000042,0.000042,1
147,2.940000,4,gripper_r_palm,0.460000,0.364729,0.000000,0.460000,0.364687,-0.000000,0.460000,0.364687,-0.000000,0.000042,0.000042,0.000042,0
147,2.940000,5,gripper_r_finger1,0.460000,0.344729,0.000000,0.460000,0.344687,-0.000000,0.460000,0.344687,-0.000000,0.000042,0.000042,0.000042,0
147,2.940000,6,gripper_r_finger2,0.460000,0.344729,-0.000000,0.460000,0.344687,-0.000000,0.460000,0.344687,-0.000000,0.000042,0.000042,0.000042,1
148,2.960000,0,base,0.000000,0.150000,0.000000,0.000000,0.150000,0.000000,0.000000,0.150000,0.000000,0.000000,0.000000,0.000000,0
148,2.960000,1,gripper_l_palm,-0.460000,0.364365,0.000000,-0.460000,0.364340,-0.000000,-0.460000,0.364340,-0.000000,0.000025,0.000025,0.000025,0
148,2.960000,2,gripper_l_finger1,-0.460000,0.344365,0.000000,-0.460000,0.344340,-0.000000,-0.460000,0.344340,-0.000000,0.000025,0.000025,0.000025,1
148,2.960000,3,gripper_l_finger2,-0.460000,0.344365,-0.000000,-0.460000,0.344340,-0.000000,-0.460000,0.344340,-0.000000,0.000025,0.000025,0.000025,0
148,2.960000,4,gripper_r_palm,0.460000,0.364365,0.000000,0.460000,0.364340,-0.000000,0.460000,0.364340,-0.000000,0.000025,0.000025,0.000025,0
148,2.960000,5,gripper_r_finger1,0.460000,0.344365,0.000000,0.460000,0.344340,-0.000000,0.460000,0.344340,-0.000000,0.000025,0.000025,0.000025,1
148,2.960000,6,gripper_r_finger2,0.460000,0.344365,-0.000000,0.460000,0.344340,-0.000000,0.460000,0.344340,-0.000000,0.000025,0.000025,0.000025,0
149,2.980000,0,base,0.000000,0.150000,0.000000,0.000000,0.150000,0.000000,0.000000,0.150000,0.000000,0.000000,0.000000,0.000000,0
149,2.980000,1,gripper_l_palm,-0.460000,0.364076,0.000000,-0.460000,0.364064,-0.000000,-0.460000,0.364064,-0.000000,0.000012,0.000012,0.000012,0
149,2.980000,2,gripper_l_finger1,-0.460000,0.344076,0.000000,-0.460000,0.344064,-0.000000,-0.460000,0.344064,-0.000000,0.000012,0.000012,0.000012,1
149,2.980000,3,gripper_l_finger2,-0.460000,0.344076,-0.000000,-0.460000,0.344064,-0.000000,-0.460000,0.344064,-0.000000,0.000012,0.000012,0.000012,0
149,2.980000,4,gripper_r_palm,0.460000,0.364076,0.000000,0.460000,0.364064,-0.000000,0.460000,0.364064,-0.000000,0.000012,0.000012,0.000012,0
149,2.980000,5,gripper_r_finger1,0.460000,0.344076,0.000000,0.460000,0.344064,-0.000000,0.460000,0.344064,-0.000000,0.000012,0.000012,0.000012,1
149,2.980000,6,gripper_r_finger2,0.460000,0.344076,-0.000000,0.460000,0.344064,-0.000000,0.460000,0.344064,-0.000000,0.000012,0.000012,0.000012,0
150,3.000000,0,base,0.000000,0.150000,0.000000,0.000000,0.150000,0.000000,0.000000,0.150000,0.000000,0.000000,0.000000,0.000000,0
150,3.000000,1,gripper_l_palm,-0.460000,0.363855,0.000000,-0.460000,0.363850,-0.000000,-0.460000,0.363850,-0.000000,0.000005,0.000005,0.000005,0
150,3.000000,2,gripper_l_finger1,-0.460000,0.343855,-0.000000,-0.460000,0.343850,-0.000000,-0.460000,0.343850,-0.000000,0.000005,0.000005,0.000005,2
150,3.000000,3,gripper_l_finger2,-0.460000,0.343855,0.000000,-0.460000,0.343850,-0.000000,-0.460000,0.343850,-0.000000,0.000005,0.000005,0.000005,3
150,3.000000,4,gripper_r_palm,0.460000,0.363855,0.000000,0.460000,0.363850,-0.000000,0.460000,0.363850,-0.000000,0.000005,0.000005,0.000005,0
150,3.000000,5,gripper_r_finger1,0.460000,0.343855,-0.000000,0.460000,0.343850,-0.000000,0.460000,0.343850,-0.000000,0.000005,0.000005,0.000005,2
150,3.000000,6,gripper_r_finger2,0.460000,0.343855,0.000000,0.460000,0.343850,-0.000000,0.460000,0.343850,-0.000000,0.000005,0.000005,0.000005,3
151,3.020000,0,base,0.000000,0.150000,0.000000,0.000000,0.150000,0.000000,0.000000,0.150000,0.000000,0.000000,0.000000,0.000000,0
151,3.020000,1,gripper_l_palm,-0.460000,0.363701,0.000000,-0.460000,0.363701,-0.000000,-0.460000,0.363701,-0.000000,0.000000,0.000000,0.000000,0
151,3.020000,2,gripper_l_finger1,-0.460000,0.343701,-0.000000,-0.460000,0.343701,-0.000000,-0.460000,0.343701,-0.000000,0.000001,0.000001,0.000001,3
151,3.020000,3,gripper_l_finger2,-0.460000,0.343701,0.000000,-0.460000,0.343701,-0.000000,-0.460000,0.343701,-0.000000,0.000001,0.000001,0.000001,2
151,3.020000,4,gripper_r_palm,0.460000,0.363701,0.000000,0.460000,0.363701,-0.000000,0.460000,0.363701,-0.000000,0.000000,0.000000,0.000000,0
151,3.020000,5,gripper_r_finger1,0.460000,0.343701,-0.000000,0.460000,0.343701,-0.000000,0.460000,0.343701,-0.000000,0.000001,0.000001,0.000001,3
151,3.020000,6,gripper_r_finger2,0.460000,0.343701,0.000000,0.460000,0.343701,-0.000000,0.460000,0.343701,-0.000000,0.000001,0.000001,0.000001,2
152,3.040000,0,base,0.000000,0.150000,0.000000,0.000000,0.150000,0.000000,0.000000,0.150000,0.000000,0.000000,0.000000,0.000000,0
152,3.040000,1,gripper_l_palm,-0.460000,0.363612,0.000000,-0.460000,0.363614,-0.000000,-0.460000,0.363614,-0.000000,0.000002,0.000002,0.000002,0
152,3.040000,2,gripper_l_finger1,-0.460000,0.343612,-0.000000,-0.460000,0.343614,-0.000000,-0.460000,0.343614,-0.000000,0.000002,0.000002,0.000002,2
152,3.040000,3,gripper_l_finger2,-0.460000,0.343612,0.000000,-0.460000,0.343614,-0.000000,-0.460000,0.343614,-0.000000,0.000002,0.000002,0.000002,2
152,3.040000,4,gripper_r_palm,0.460000,0.363612,0.000000,0.460000,0.363614,-0.000000,0.460000,0.363614,-0.000000,0.000002,0.000002,0.000002,0
152,3.040000,5,gripper_r_finger1,0.460000,0.343612,-0.000000,0.460000,0.343614,-0.000000,0.460000,0.343614,-0.000000,0.000002,0.000002,0.000002,2
152,3.040000,6,gripper_r_finger2,0.460000,0.343612,0.000000,0.460000,0.343614,-0.000000,0.460000,0.343614,-0.000000,0.000002,0.000002,0.000002,2
153,3.060000,0,base,0.000000,0.150000,0.000000,0.000000,0.150000,0.000000,0.000000,0.150000,0.000000,0.000000,0.000000,0.000000,0
153,3.060000,1,gripper_l_palm,-0.460000,0.363571,0.000000,-0.460000,0.363573,-0.000000,-0.460000,0.363573,-0.000000,0.000002,0.000002,0.000002,0
153,3.060000,2,gripper_l_finger1,-0.460000,0.343571,-0.000000,-0.460000,0.343573,-0.000000,-0.460000,0.343573,-0.000000,0.000002,0.000002,0.000002,2
153,3.060000,3,gripper_l_finger2,-0.460000,0.343571,0.000000,-0.460000,0.343573,-0.000000,-0.460000,0.343573,-0.000000,0.000002,0.000002,0.000002,3
153,3.060000,4,gripper_r_palm,0.460000,0.363571,0.000000,0.460000,0.363573,-0.000000,0.460000,0.363573,-0.000000,0.000002,0.000002,0.000002,0
153,3.060000,5,gripper_r_finger1,0.460000,0.343571,-0.000000,0.460000,0.343573,-0.000000,0.460000,0.343573,-0.000000,0.000002,0.000002,0.000002,2
153,3.060000,6,gripper_r_finger2,0.460000,0.343571,0.000000,0.460000,0.343573,-0.000000,0.460000,0.343573,-0.000000,0.000002,0.000002,0.000002,3
154,3.080000,0,base,0.000000,0.150000,0.000000,0.000000,0.150000,0.000000,0.000000,0.150000,0.000000,0.000000,0.000000,0.000000,0
154,3.080000,1,gripper_l_palm,-0.460000,0.363555,0.000000,-0.460000,0.363556,-0.000000,-0.460000,0.363556,-0.000000,0.000001,0.000001,0.000001,0
154,3.080000,2,gripper_l_finger1,-0.460000,0.343555,-0.000000,-0.460000,0.343556,-0.000000,-0.460000,0.343556,-0.000000,0.000001,0.000001,0.000001,2
154,3.080000,3,gripper_l_finger2,-0.460000,0.343555,0.000000,-0.460000,0.343556,-0.000000,-0.460000,0.343556,-0.000000,0.000001,0.000001,0.000001,2
154,3.080000,4,gripper_r_palm,0.460000,0.363555,0.000000,0.460000,0.363556,-0.000000,0.460000,0.363556,-0.000000,0.000001,0.000001,0.000001,0
154,3.080000,5,gripper_r_finger1,0.460000,0.343555,-0.000000,0.460000,0.343556,-0.000000,0.460000,0.343556,-0.000000,0.000001,0.000001,0.000001,2
154,3.080000,6,gripper_r_finger2,0.460000,0.343555,0.000000,0.460000,0.343556,-0.000000,0.460000,0.343556,-0.000000,0.000001,0.000001,0.000001,2
155,3.100000,0,base,0.000000,0.150000,0.000000,0.000000,0.150000,0.000000,0.000000,0.150000,0.000000,0.000000,0.000000,0.000000,0
155,3.100000,1,gripper_l_palm,-0.460000,0.363550,0.000000,-0.460000,0.363551,-0.000000,-0.460000,0.363551,-0.000000,0.000001,0.000001,0.000001,0
155,3.100000,2,gripper_l_finger1,-0.460000,0.343550,-0.000000,-0.460000,0.343551,-0.000000,-0.460000,0.343551,-0.000000,0.000001,0.000001,0.000001,2
155,3.100000,3,gripper_l_finger2,-0.460000,0.343550,0.000000,-0.460000,0.343551,-0.000000,-0.460000,0.343551,-0.000000,0.000001,0.000001,0.000001,3
155,3.100000,4,gripper_r_palm,0.460000,0.363550,0.000000,0.460000,0.363551,-0.000000,0.460000,0.363551,-0.000000,0.000001,0.000001,0.000001,0
155,3.100000,5,gripper_r_finger1,0.460000,0.343550,-0.000000,0.460000,0.343551,-0.000000,0.460000,0.343551,-0.000000,0.000001,0.000001,0.000001,2
155,3.100000,6,gripper_r_finger2,0.460000,0.343550,0.000000,0.460000,0.343551,-0.000000,0.460000,0.343551,-0.000000,0.000001,0.000001,0.000001,3
156,3.120000,0,base,0.000000,0.150000,0.000000,0.000000,0.150000,0.000000,0.000000,0.150000,0.000000,0.000000,0.000000,0.000000,0
156,3.120000,1,gripper_l_palm,-0.460000,0.363550,0.000000,-0.460000,0.363550,-0.000000,-0.460000,0.363550,-0.000000,0.000000,0.000000,0.000000,0
156,3.120000,2,gripper_l_finger1,-0.460000,0.343550,-0.000000,-0.460000,0.343550,-0.000000,-0.460000,0.343550,-0.000000,0.000000,0.000000,0.000000,2
156,3.120000,3,gripper_l_finger2,-0.460000,0.343550,0.000000,-0.460000,0.343550,-0.000000,-0.460000,0.343550,-0.000000,0.000000,0.000000,0.000000,3
156,3.120000,4,gripper_r_palm,0.460000,0.363550,0.000000,0.460000,0.363550,-0.000000,0.460000,0.363550,-0.000000,0.000000,0.000000,0.000000,0
156,3.120000,5,gripper_r_finger1,0.460000,0.343550,-0.000000,0.460000,0.343550,-0.000000,0.460000,0.343550,-0.000000,0.000000,0.000000,0.000000,2
156,3.120000,6,gripper_r_finger2,0.460000,0.343550,0.000000,0.460000,0.343550,-0.000000,0.460000,0.343550,-0.000000,0.000000,0.000000,0.000000,3
157,3.140000,0,base,0.000000,0.150000,0.000000,0.000000,0.150000,0.000000,0.000000,0.150000,0.000000,0.000000,0.000000,0.000000,0
157,3.140000,1,gripper_l_palm,-0.460000,0.363550,0.000000,-0.460000,0.363550,-0.000000,-0.460000,0.363550,-0.000000,0.000000,0.000000,0.000000,0
157,3.140000,2,gripper_l_finger1,-0.460000,0.343550,-0.000000,-0.460000,0.343550,-0.000000,-0.460000,0.343550,-0.000000,0.000000,0.000000,0.000000,2
157,3.140000,3,gripper_l_finger2,-0.460000,0.343550,0.000000,-0.460000,0.343550,-0.000000,-0.460000,0.343550,-0.000000,0.000000,0.000000,0.000000,3
157,3.140000,4,gripper_r_palm,0.460000,0.363550,0.000000,0.460000,0.363550,-0.000000,0.460000,0.363550,-0.000000,0.000000,0.000000,0.000000,0
157,3.140000,5,gripper_r_finger1,0.460000,0.343550,-0.000000,0.460000,0.343550,-0.000000,0.460000,0.343550,-0.000000,0.000000,0.000000,0.000000,2
157,3.140000,6,gripper_r_finger2,0.460000,0.343550,0.000000,0.460000,0.343550,-0.000000,0.460000,0.343550,-0.000000,0.000000,0.000000,0.000000,3
158,3.160000,0,base,0.000000,0.150000,0.000000,0.000000,0.150000,0.000000,0.000000,0.150000,0.000000,0.000000,0.000000,0.000000,0
158,3.160000,1,gripper_l_palm,-0.460000,0.363550,0.000000,-0.460000,0.363551,-0.000000,-0.460000,0.363551,-0.000000,0.000000,0.000000,0.000000,0
158,3.160000,2,gripper_l_finger1,-0.460000,0.343550,-0.000000,-0.460000,0.343551,-0.000000,-0.460000,0.343551,-0.000000,0.000000,0.000000,0.000000,3
158,3.160000,3,gripper_l_finger2,-0.460000,0.343550,0.000000,-0.460000,0.343551,-0.000000,-0.460000,0.343551,-0.000000,0.000000,0.000000,0.000000,2
158,3.160000,4,gripper_r_palm,0.460000,0.363550,0.000000,0.460000,0.363551,-0.000000,0.460000,0.363551,-0.000000,0.000000,0.000000,0.000000,0
158,3.160000,5,gripper_r_finger1,0.460000,0.343550,-0.000000,0.460000,0.343551,-0.000000,0.460000,0.343551,-0.000000,0.000000,0.000000,0.000000,3
158,3.160000,6,gripper_r_finger2,0.460000,0.343550,0.000000,0.460000,0.343551,-0.000000,0.460000,0.343551,-0.000000,0.000000,0.000000,0.000000,2
159,3.180000,0,base,0.000000,0.150000,0.000000,0.000000,0.150000,0.000000,0.000000,0.150000,0.000000,0.000000,0.000000,0.000000,0
159,3.180000,1,gripper_l_palm,-0.460000,0.363551,0.000000,-0.460000,0.363551,-0.000000,-0.460000,0.363551,-0.000000,0.000000,0.000000,0.000000,0
159,3.180000,2,gripper_l_finger1,-0.460000,0.343551,-0.000000,-0.460000,0.343551,-0.000000,-0.460000,0.343551,-0.000000,0.000000,0.000000,0.000000,2
159,3.180000,3,gripper_l_finger2,-0.460000,0.343551,0.000000,-0.460000,0.343551,-0.000000,-0.460000,0.343551,-0.000000,0.000000,0.000000,0.000000,3
159,3.180000,4,gripper_r_palm,0.460000,0.363551,0.000000,0.460000,0.363551,-0.000000,0.460000,0.363551,-0.000000,0.000000,0.000000,0.000000,0
159,3.180000,5,gripper_r_finger1,0.460000,0.343551,-0.000000,0.460000,0.343551,-0.000000,0.460000,0.343551,-0.000000,0.000000,0.000000,0.000000,2
159,3.180000,6,gripper_r_finger2,0.460000,0.343551,0.000000,0.460000,0.343551,-0.000000,0.460000,0.343551,-0.000000,0.000000,0.000000,0.000000,3
160,3.200000,0,base,0.000000,0.150000,0.000000,0.000000,0.150000,0.000000,0.000000,0.150000,0.000000,0.000000,0.000000,0.000000,0
160,3.200000,1,gripper_l_palm,-0.460000,0.363551,0.000000,-0.460000,0.363551,-0.000000,-0.460000,0.363551,-0.000000,0.000000,0.000000,0.000000,0
160,3.200000,2,gripper_l_finger1,-0.460000,0.343551,-0.000000,-0.460000,0.343551,-0.000000,-0.460000,0.343551,-0.000000,0.000000,0.000000,0.000000,2
160,3.200000,3,gripper_l_finger2,-0.460000,0.343551,0.000000,-0.460000,0.343551,-0.000000,-0.460000,0.343551,-0.000000,0.000000,0.000000,0.000000,3
160,3.200000,4,gripper_r_palm,0.460000,0.363551,0.000000,0.460000,0.363551,-0.000000,0.460000,0.363551,-0.000000,0.000000,0.000000,0.000000,0
160,3.200000,5,gripper_r_finger1,0.460000,0.343551,-0.000000,0.460000,0.343551,-0.000000,0.460000,0.343551,-0.000000,0.000000,0.000000,0.000000,2
160,3.200000,6,gripper_r_finger2,0.460000,0.343551,0.000000,0.460000,0.343551,-0.000000,0.460000,0.343551,-0.000000,0.000000,0.000000,0.000000,3
161,3.220000,0,base,0.000000,0.150000,0.000000,0.000000,0.150000,0.000000,0.000000,0.150000,0.000000,0.000000,0.000000,0.000000,0
161,3.220000,1,gripper_l_palm,-0.460000,0.363551,0.000000,-0.460000,0.363551,-0.000000,-0.460000,0.363551,-0.000000,0.000000,0.000000,0.000000,0
161,3.220000,2,gripper_l_finger1,-0.460000,0.343551,-0.000000,-0.460000,0.343551,-0.000000,-0.460000,0.343551,-0.000000,0.000000,0.000000,0.000000,3
161,3.220000,3,gripper_l_finger2,-0.460000,0.343551,0.000000,-0.460000,0.343551,-0.000000,-0.460000,0.343551,-0.000000,0.000000,0.000000,0.000000,2
161,3.220000,4,gripper_r_palm,0.460000,0.363551,0.000000,0.460000,0.363551,-0.000000,0.460000,0.363551,-0.000000,0.000000,0.000000,0.000000,0
161,3.220000,5,gripper_r_finger1,0.460000,0.343551,-0.000000,0.460000,0.343551,-0.000000,0.460000,0.343551,-0.000000,0.000000,0.000000,0.000000,3
161,3.220000,6,gripper_r_finger2,0.460000,0.343551,0.000000,0.460000,0.343551,-0.000000,0.460000,0.343551,-0.000000,0.000000,0.000000,0.000000,2
162,3.240000,0,base,0.000000,0.150000,0.000000,0.000000,0.150000,0.000000,0.000000,0.150000,0.000000,0.000000,0.000000,0.000000,0
162,3.240000,1,gripper_l_palm,-0.460000,0.363551,0.000000,-0.460000,0.363551,-0.000000,-0.460000,0.363551,-0.000000,0.000000,0.000000,0.000000,0
162,3.240000,2,gripper_l_finger1,-0.460000,0.343551,-0.000000,-0.460000,0.343551,-0.000000,-0.460000,0.343551,-0.000000,0.000000,0.000000,0.000000,3
162,3.240000,3,gripper_l_finger2,-0.460000,0.343551,0.000000,-0.460000,0.343551,-0.000000,-0.460000,0.343551,-0.000000,0.000000,0.000000,0.000000,2
162,3.240000,4,gripper_r_palm,0.460000,0.363551,0.000000,0.460000,0.363551,-0.000000,0.460000,0.363551,-0.000000,0.000000,0.000000,0.000000,0
162,3.240000,5,gripper_r_finger1,0.460000,0.343551,-0.000000,0.460000,0.343551,-0.000000,0.460000,0.343551,-0.000000,0.000000,0.000000,0.000000,3
162,3.240000,6,gripper_r_finger2,0.460000,0.343551,0.000000,0.460000,0.343551,-0.000000,0.460000,0.343551,-0.000000,0.000000,0.000000,0.000000,2
163,3.260000,0,base,0.000000,0.150000,0.000000,0.000000,0.150000,0.000000,0.000000,0.150000,0.000000,0.000000,0.000000,0.000000,0
163,3.260000,1,gripper_l_palm,-0.460000,0.363551,0.000000,-0.460000,0.363551,-0.000000,-0.460000,0.363551,-0.000000,0.000000,0.000000,0.000000,0
163,3.260000,2,gripper_l_finger1,-0.460000,0.343551,-0.000000,-0.460000,0.343551,-0.000000,-0.460000,0.343551,-0.000000,0.000000,0.000000,0.000000,0
163,3.260000,3,gripper_l_finger2,-0.460000,0.343551,0.000000,-0.460000,0.343551,-0.000000,-0.460000,0.343551,-0.000000,0.000000,0.000000,0.000000,1
163,3.260000,4,gripper_r_palm,0.460000,0.363551,0.000000,0.460000,0.363551,-0.000000,0.460000,0.363551,-0.000000,0.000000,0.000000,0.000000,0
163,3.260000,5,gripper_r_finger1,0.460000,0.343551,-0.000000,0.460000,0.343551,-0.000000,0.460000,0.343551,-0.000000,0.000000,0.000000,0.000000,0
163,3.260000,6,gripper_r_finger2,0.460000,0.343551,0.000000,0.460000,0.343551,-0.000000,0.460000,0.343551,-0.000000,0.000000,0.000000,0.000000,1
164,3.280000,0,base,0.000000,0.150000,0.000000,0.000000,0.150000,0.000000,0.000000,0.150000,0.000000,0.000000,0.000000,0.000000,0
164,3.280000,1,gripper_l_palm,-0.460000,0.363551,0.000000,-0.460000,0.363551,-0.000000,-0.460000,0.363551,-0.000000,0.000000,0.000000,0.000000,0
164,3.280000,2,gripper_l_finger1,-0.460000,0.343551,0.000000,-0.460000,0.343551,-0.000000,-0.460000,0.343551,-0.000000,0.000000,0.000000,0.000000,0
164,3.280000,3,gripper_l_finger2,-0.460000,0.343551,-0.000000,-0.460000,0.343551,-0.000000,-0.460000,0.343551,-0.000000,0.000000,0.000000,0.000000,1
164,3.280000,4,gripper_r_palm,0.460000,0.363551,0.000000,0.460000,0.363551,-0.000000,0.460000,0.363551,-0.000000,0.000000,0.000000,0.000000,0
164,3.280000,5,gripper_r_finger1,0.460000,0.343551,0.000000,0.460000,0.343551,-0.000000,0.460000,0.343551,-0.000000,0.000000,0.000000,0.000000,0
164,3.280000,6,gripper_r_finger2,0.460000,0.343551,-0.000000,0.460000,0.343551,-0.000000,0.460000,0.343551,-0.000000,0.000000,0.000000,0.000000,1
165,3.300000,0,base,0.000000,0.150000,0.000000,0.000000,0.150000,0.000000,0.000000,0.150000,0.000000,0.000000,0.000000,0.000000,0
165,3.300000,1,gripper_l_palm,-0.460000,0.363551,0.000000,-0.460000,0.363551,-0.000000,-0.460000,0.363551,-0.000000,0.000000,0.000000,0.000000,0
165,3.300000,2,gripper_l_finger1,-0.460000,0.343551,0.000000,-0.460000,0.343551,-0.000000,-0.460000,0.343551,-0.000000,0.000000,0.000000,0.000000,0
165,3.300000,3,gripper_l_finger2,-0.460000,0.343551,-0.000000,-0.460000,0.343551,-0.000000,-0.460000,0.343551,-0.000000,0.000000,0.000000,0.000000,1
165,3.300000,4,gripper_r_palm,0.460000,0.363551,0.000000,0.460000,0.363551,-0.000000,0.460000,0.363551,-0.000000,0.000000,0.000000,0.000000,0
165,3.300000,5,gripper_r_finger1,0.460000,0.343551,0.000000,0.460000,0.343551,-0.000000,0.460000,0.343551,-0.000000,0.000000,0.000000,0.000000,0
165,3.300000,6,gripper_r_finger2,0.460000,0.343551,-0.000000,0.460000,0.343551,-0.000000,0.460000,0.343551,-0.000000,0.000000,0.000000,0.000000,1
166,3.320000,0,base,0.000000,0.150000,0.000000,0.000000,0.150000,0.000000,0.000000,0.150000,0.000000,0.000000,0.000000,0.000000,0
166,3.320000,1,gripper_l_palm,-0.460000,0.363551,0.000000,-0.460000,0.363551,-0.000000,-0.460000,0.363551,-0.000000,0.000000,0.000000,0.000000,0
166,3.320000,2,gripper_l_finger1,-0.460000,0.343551,-0.000000,-0.460000,0.343551,-0.000000,-0.460000,0.343551,-0.000000,0.000000,0.000000,0.000000,0
166,3.320000,3,gripper_l_finger2,-0.460000,0.343551,0.000000,-0.460000,0.343551,-0.000000,-0.460000,0.343551,-0.000000,0.000000,0.000000,0.000000,1
166,3.320000,4,gripper_r_palm,0.460000,0.363551,0.000000,0.460000,0.363551,-0.000000,0.460000,0.363551,-0.000000,0.000000,0.000000,0.000000,0
166,3.320000,5,gripper_r_finger1,0.460000,0.343551,-0.000000,0.460000,0.343551,-0.000000,0.460000,0.343551,-0.000000,0.000000,0.000000,0.000000,0
166,3.320000,6,gripper_r_finger2,0.460000,0.343551,0.000000,0.460000,0.343551,-0.000000,0.460000,0.343551,-0.000000,0.000000,0.000000,0.000000,1
167,3.340000,0,base,0.000000,0.150000,0.000000,0.000000,0.150000,0.000000,0.000000,0.150000,0.000000,0.000000,0.000000,0.000000,0
167,3.340000,1,gripper_l_palm,-0.460000,0.363551,0.000000,-0.460000,0.363551,-0.000000,-0.460000,0.363551,-0.000000,0.000000,0.000000,0.000000,0
167,3.340000,2,gripper_l_finger1,-0.460000,0.343551,-0.000000,-0.460000,0.343551,-0.000000,-0.460000,0.343551,-0.000000,0.000000,0.000000,0.000000,0
167,3.340000,3,gripper_l_finger2,-0.460000,0.343551,0.000000,-0.460000,0.343551,-0.000000,-0.460000,0.343551,-0.000000,0.000000,0.000000,0.000000,1
167,3.340000,4,gripper_r_palm,0.460000,0.363551,0.000000,0.460000,0.363551,-0.000000,0.460000,0.363551,-0.000000,0.000000,0.000000,0.000000,0
167,3.340000,5,gripper_r_finger1,0.460000,0.343551,-0.000000,0.460000,0.343551,-0.000000,0.460000,0.343551,-0.000000,0.000000,0.000000,0.000000,0
167,3.340000,6,gripper_r_finger2,0.460000,0.343551,0.000000,0.460000,0.343551,-0.000000,0.460000,0.343551,-0.000000,0.000000,0.000000,0.000000,1
168,3.360000,0,base,0.000000,0.150000,0.000000,0.000000,0.150000,0.000000,0.000000,0.150000,0.000000,0.000000,0.000000,0.000000,0
168,3.360000,1,gripper_l_palm,-0.460000,0.363551,0.000000,-0.460000,0.363551,-0.000000,-0.460000,0.363551,-0.000000,0.000000,0.000000,0.000000,0
168,3.360000,2,gripper_l_finger1,-0.460000,0.343551,0.000000,-0.460000,0.343551,-0.000000,-0.460000,0.343551,-0.000000,0.000000,0.000000,0.000000,0
168,3.360000,3,gripper_l_finger2,-0.460000,0.343551,-0.000000,-0.460000,0.343551,-0.000000,-0.460000,0.343551,-0.000000,0.000000,0.000000,0.000000,1
168,3.360000,4,gripper_r_palm,0.460000,0.363551,0.000000,0.460000,0.363551,-0.000000,0.460000,0.363551,-0.000000,0.000000,0.000000,0.000000,0
168,3.360000,5,gripper_r_finger1,0.460000,0.343551,0.000000,0.460000,0.343551,-0.000000,0.460000,0.343551,-0.000000,0.000000,0.000000,0.000000,0
168,3.360000,6,gripper_r_finger2,0.460000,0.343551,-0.000000,0.460000,0.343551,-0.000000,0.460000,0.343551,-0.000000,0.000000,0.000000,0.000000,1
169,3.380000,0,base,0.000000,0.150000,0.000000,0.000000,0.150000,0.000000,0.000000,0.150000,0.000000,0.000000,0.000000,0.000000,0
169,3.380000,1,gripper_l_palm,-0.460000,0.363551,0.000000,-0.460000,0.363551,-0.000000,-0.460000,0.363551,-0.000000,0.000000,0.000000,0.000000,0
169,3.380000,2,gripper_l_finger1,-0.460000,0.343551,0.000000,-0.460000,0.343551,-0.000000,-0.460000,0.343551,-0.000000,0.000000,0.000000,0.000000,0
169,3.380000,3,gripper_l_finger2,-0.460000,0.343551,-0.000000,-0.460000,0.343551,-0.000000,-0.460000,0.343551,-0.000000,0.000000,0.000000,0.000000,1
169,3.380000,4,gripper_r_palm,0.460000,0.363551,0.000000,0.460000,0.363551,-0.000000,0.460000,0.363551,-0.000000,0.000000,0.000000,0.000000,0
169,3.380000,5,gripper_r_finger1,0.460000,0.343551,0.000000,0.460000,0.343551,-0.000000,0.460000,0.343551,-0.000000,0.000000,0.000000,0.000000,0
169,3.380000,6,gripper_r_finger2,0.460000,0.343551,-0.000000,0.460000,0.343551,-0.000000,0.460000,0.343551,-0.000000,0.000000,0.000000,0.000000,1
170,3.400000,0,base,0.000000,0.150000,0.000000,0.000000,0.150000,0.000000,0.000000,0.150000,0.000000,0.000000,0.000000,0.000000,0
170,3.400000,1,gripper_l_palm,-0.460000,0.363551,0.000000,-0.460000,0.363551,-0.000000,-0.460000,0.363551,-0.000000,0.000000,0.000000,0.000000,0
170,3.400000,2,gripper_l_finger1,-0.460000,0.343551,-0.000000,-0.460000,0.343551,-0.000000,-0.460000,0.343551,-0.000000,0.000000,0.000000,0.000000,0
170,3.400000,3,gripper_l_finger2,-0.460000,0.343551,0.000000,-0.460000,0.343551,-0.000000,-0.460000,0.343551,-0.000000,0.000000,0.000000,0.000000,1
170,3.400000,4,gripper_r_palm,0.460000,0.363551,0.000000,0.460000,0.363551,-0.000000,0.460000,0.363551,-0.000000,0.000000,0.000000,0.000000,0
170,3.400000,5,gripper_r_finger1,0.460000,0.343551,-0.000000,0.460000,0.343551,-0.000000,0.460000,0.343551,-0.000000,0.000000,0.000000,0.000000,0
170,3.400000,6,gripper_r_finger2,0.460000,0.343551,0.000000,0.460000,0.343551,-0.000000,0.460000,0.343551,-0.000000,0.000000,0.000000,0.000000,1
171,3.420000,0,base,0.000000,0.150000,0.000000,0.000000,0.150000,0.000000,0.000000,0.150000,0.000000,0.000000,0.000000,0.000000,0
171,3.420000,1,gripper_l_palm,-0.460000,0.363551,0.000000,-0.460000,0.363551,-0.000000,-0.460000,0.363551,-0.000000,0.000000,0.000000,0.000000,0
171,3.420000,2,gripper_l_finger1,-0.460000,0.343551,-0.000000,-0.460000,0.343551,-0.000000,-0.460000,0.343551,-0.000000,0.000000,0.000000,0.000000,0
171,3.420000,3,gripper_l_finger2,-0.460000,0.343551,0.000000,-0.460000,0.343551,-0.000000,-0.460000,0.343551,-0.000000,0.000000,0.000000,0.000000,1
171,3.420000,4,gripper_r_palm,0.460000,0.363551,0.000000,0.460000,0.363551,-0.000000,0.460000,0.363551,-0.000000,0.000000,0.000000,0.000000,0
171,3.420000,5,gripper_r_finger1,0.460000,0.343551,-0.000000,0.460000,0.343551,-0.000000,0.460000,0.343551,-0.000000,0.000000,0.000000,0.000000,0
171,3.420000,6,gripper_r_finger2,0.460000,0.343551,0.000000,0.460000,0.343551,-0.000000,0.460000,0.343551,-0.000000,0.000000,0.000000,0.000000,1
172,3.440000,0,base,0.000000,0.150000,0.000000,0.000000,0.150000,0.000000,0.000000,0.150000,0.000000,0.000000,0.000000,0.000000,0
172,3.440000,1,gripper_l_palm,-0.460000,0.363551,0.000000,-0.460000,0.363551,-0.000000,-0.460000,0.363551,-0.000000,0.000000,0.000000,0.000000,0
172,3.440000,2,gripper_l_finger1,-0.460000,0.343551,0.000000,-0.460000,0.343551,-0.000000,-0.460000,0.343551,-0.000000,0.000000,0.000000,0.000000,0
172,3.440000,3,gripper_l_finger2,-0.460000,0.343551,-0.000000,-0.460000,0.343551,-0.000000,-0.460000,0.343551,-0.000000,0.000000,0.000000,0.000000,1
172,3.440000,4,gripper_r_palm,0.460000,0.363551,0.000000,0.460000,0.363551,-0.000000,0.460000,0.363551,-0.000000,0.000000,0.000000,0.000000,0
172,3.440000,5,gripper_r_finger1,0.460000,0.343551,0.000000,0.460000,0.343551,-0.000000,0.460000,0.343551,-0.000000,0.000000,0.000000,0.000000,0
172,3.440000,6,gripper_r_finger2,0.460000,0.343551,-0.000000,0.460000,0.343551,-0.000000,0.460000,0.343551,-0.000000,0.000000,0.000000,0.000000,1
173,3.460000,0,base,0.000000,0.150000,0.000000,0.000000,0.150000,0.000000,0.000000,0.150000,0.000000,0.000000,0.000000,0.000000,0
173,3.460000,1,gripper_l_palm,-0.460000,0.363551,0.000000,-0.460000,0.363551,-0.000000,-0.460000,0.363551,-0.000000,0.000000,0.000000,0.000000,0
173,3.460000,2,gripper_l_finger1,-0.460000,0.343551,0.000000,-0.460000,0.343551,-0.000000,-0.460000,0.343551,-0.000000,0.000000,0.000000,0.000000,0
173,3.460000,3,gripper_l_finger2,-0.460000,0.343551,-0.000000,-0.460000,0.343551,-0.000000,-0.460000,0.343551,-0.000000,0.000000,0.000000,0.000000,1
173,3.460000,4,gripper_r_palm,0.460000,0.363551,0.000000,0.460000,0.363551,-0.000000,0.460000,0.363551,-0.000000,0.000000,0.000000,0.000000,0
173,3.460000,5,gripper_r_finger1,0.460000,0.343551,0.000000,0.460000,0.343551,-0.000000,0.460000,0.343551,-0.000000,0.000000,0.000000,0.000000,0
173,3.460000,6,gripper_r_finger2,0.460000,0.343551,-0.000000,0.460000,0.343551,-0.000000,0.460000,0.343551,-0.000000,0.000000,0.000000,0.000000,1
174,3.480000,0,base,0.000000,0.150000,0.000000,0.000000,0.150000,0.000000,0.000000,0.150000,0.000000,0.000000,0.000000,0.000000,0
174,3.480000,1,gripper_l_palm,-0.460000,0.363551,0.000000,-0.460000,0.363551,-0.000000,-0.460000,0.363551,-0.000000,0.000000,0.000000,0.000000,0
174,3.480000,2,gripper_l_finger1,-0.460000,0.343551,0.000000,-0.460000,0.343551,-0.000000,-0.460000,0.343551,-0.000000,0.000000,0.000000,0.000000,0
174,3.480000,3,gripper_l_finger2,-0.460000,0.343551,-0.000000,-0.460000,0.343551,-0.000000,-0.460000,0.343551,-0.000000,0.000000,0.000000,0.000000,1
174,3.480000,4,gripper_r_palm,0.460000,0.363551,0.000000,0.460000,0.363551,-0.000000,0.460000,0.363551,-0.000000,0.000000,0.000000,0.000000,0
174,3.480000,5,gripper_r_finger1,0.460000,0.343551,0.000000,0.460000,0.343551,-0.000000,0.460000,0.343551,-0.000000,0.000000,0.000000,0.000000,0
174,3.480000,6,gripper_r_finger2,0.460000,0.343551,-0.000000,0.460000,0.343551,-0.000000,0.460000,0.343551,-0.000000,0.000000,0.000000,0.000000,1
175,3.500000,0,base,0.000000,0.150000,0.000000,0.000000,0.150000,0.000000,0.000000,0.150000,0.000000,0.000000,0.000000,0.000000,0
175,3.500000,1,gripper_l_palm,-0.460000,0.363551,0.000000,-0.460000,0.363551,-0.000000,-0.460000,0.363551,-0.000000,0.000000,0.000000,0.000000,0
175,3.500000,2,gripper_l_finger1,-0.460000,0.343551,-0.000000,-0.460000,0.343551,-0.000000,-0.460000,0.343551,-0.000000,0.000000,0.000000,0.000000,0
175,3.500000,3,gripper_l_finger2,-0.460000,0.343551,0.000000,-0.460000,0.343551,-0.000000,-0.460000,0.343551,-0.000000,0.000000,0.000000,0.000000,1
175,3.500000,4,gripper_r_palm,0.460000,0.363551,0.000000,0.460000,0.363551,-0.000000,0.460000,0.363551,-0.000000,0.000000,0.000000,0.000000,0
175,3.500000,5,gripper_r_finger1,0.460000,0.343551,-0.000000,0.460000,0.343551,-0.000000,0.460000,0.343551,-0.000000,0.000000,0.000000,0.000000,0
175,3.500000,6,gripper_r_finger2,0.460000,0.343551,0.000000,0.460000,0.343551,-0.000000,0.460000,0.343551,-0.000000,0.000000,0.000000,0.000000,1
176,3.520000,0,base,0.000000,0.150000,0.000000,0.000000,0.150000,0.000000,0.000000,0.150000,0.000000,0.000000,0.000000,0.000000,0
176,3.520000,1,gripper_l_palm,-0.460000,0.363551,0.000000,-0.460000,0.363551,-0.000000,-0.460000,0.363551,-0.000000,0.000000,0.000000,0.000000,0
176,3.520000,2,gripper_l_finger1,-0.460000,0.343551,-0.000000,-0.460000,0.343551,-0.000000,-0.460000,0.343551,-0.000000,0.000000,0.000000,0.000000,0
176,3.520000,3,gripper_l_finger2,-0.460000,0.343551,0.000000,-0.460000,0.343551,-0.000000,-0.460000,0.343551,-0.000000,0.000000,0.000000,0.000000,1
176,3.520000,4,gripper_r_palm,0.460000,0.363551,0.000000,0.460000,0.363551,-0.000000,0.460000,0.363551,-0.000000,0.000000,0.000000,0.000000,0
176,3.520000,5,gripper_r_finger1,0.460000,0.343551,-0.000000,0.460000,0.343551,-0.000000,0.460000,0.343551,-0.000000,0.000000,0.000000,0.000000,0
176,3.520000,6,gripper_r_finger2,0.460000,0.343551,0.000000,0.460000,0.343551,-0.000000,0.460000,0.343551,-0.000000,0.000000,0.000000,0.000000,1
177,3.540000,0,base,0.000000,0.150000,0.000000,0.000000,0.150000,0.000000,0.000000,0.150000,0.000000,0.000000,0.000000,0.000000,0
177,3.540000,1,gripper_l_palm,-0.460000,0.363551,0.000000,-0.460000,0.363551,-0.000000,-0.460000,0.363551,-0.000000,0.000000,0.000000,0.000000,0
177,3.540000,2,gripper_l_finger1,-0.460000,0.343551,0.000000,-0.460000,0.343551,-0.000000,-0.460000,0.343551,-0.000000,0.000000,0.000000,0.000000,0
177,3.540000,3,gripper_l_finger2,-0.460000,0.343551,-0.000000,-0.460000,0.343551,-0.000000,-0.460000,0.343551,-0.000000,0.000000,0.000000,0.000000,1
177,3.540000,4,gripper_r_palm,0.460000,0.363551,0.000000,0.460000,0.363551,-0.000000,0.460000,0.363551,-0.000000,0.000000,0.000000,0.000000,0
177,3.540000,5,gripper_r_finger1,0.460000,0.343551,0.000000,0.460000,0.343551,-0.000000,0.460000,0.343551,-0.000000,0.000000,0.000000,0.000000,0
177,3.540000,6,gripper_r_finger2,0.460000,0.343551,-0.000000,0.460000,0.343551,-0.000000,0.460000,0.343551,-0.000000,0.000000,0.000000,0.000000,1
178,3.560000,0,base,0.000000,0.150000,0.000000,0.000000,0.150000,0.000000,0.000000,0.150000,0.000000,0.000000,0.000000,0.000000,0
178,3.560000,1,gripper_l_palm,-0.460000,0.363551,0.000000,-0.460000,0.363551,-0.000000,-0.460000,0.363551,-0.000000,0.000000,0.000000,0.000000,0
178,3.560000,2,gripper_l_finger1,-0.460000,0.343551,0.000000,-0.460000,0.343551,-0.000000,-0.460000,0.343551,-0.000000,0.000000,0.000000,0.000000,0
178,3.560000,3,gripper_l_finger2,-0.460000,0.343551,-0.000000,-0.460000,0.343551,-0.000000,-0.460000,0.343551,-0.000000,0.000000,0.000000,0.000000,1
178,3.560000,4,gripper_r_palm,0.460000,0.363551,0.000000,0.460000,0.363551,-0.000000,0.460000,0.363551,-0.000000,0.000000,0.000000,0.000000,0
178,3.560000,5,gripper_r_finger1,0.460000,0.343551,0.000000,0.460000,0.343551,-0.000000,0.460000,0.343551,-0.000000,0.000000,0.000000,0.000000,0
178,3.560000,6,gripper_r_finger2,0.460000,0.343551,-0.000000,0.460000,0.343551,-0.000000,0.460000,0.343551,-0.000000,0.000000,0.000000,0.000000,1
179,3.580000,0,base,0.000000,0.150000,0.000000,0.000000,0.150000,0.000000,0.000000,0.150000,0.000000,0.000000,0.000000,0.000000,0
179,3.580000,1,gripper_l_palm,-0.460000,0.363551,0.000000,-0.460000,0.363551,-0.000000,-0.460000,0.363551,-0.000000,0.000000,0.000000,0.000000,0
179,3.580000,2,gripper_l_finger1,-0.460000,0.343551,0.000000,-0.460000,0.343551,-0.000000,-0.460000,0.343551,-0.000000,0.000000,0.000000,0.000000,0
179,3.580000,3,gripper_l_finger2,-0.460000,0.343551,-0.000000,-0.460000,0.343551,-0.000000,-0.460000,0.343551,-0.000000,0.000000,0.000000,0.000000,1
179,3.580000,4,gripper_r_palm,0.460000,0.363551,0.000000,0.460000,0.363551,-0.000000,0.460000,0.363551,-0.000000,0.000000,0.000000,0.000000,0
179,3.580000,5,gripper_r_finger1,0.460000,0.343551,0.000000,0.460000,0.343551,-0.000000,0.460000,0.343551,-0.000000,0.000000,0.000000,0.000000,0
179,3.580000,6,gripper_r_finger2,0.460000,0.343551,-0.000000,0.460000,0.343551,-0.000000,0.460000,0.343551,-0.000000,0.000000,0.000000,0.000000,1
180,3.600000,0,base,0.000000,0.150000,0.000000,0.000000,0.150000,0.000000,0.000000,0.150000,0.000000,0.000000,0.000000,0.000000,0
180,3.600000,1,gripper_l_palm,-0.460000,0.363551,0.000000,-0.460000,0.363551,-0.000000,-0.460000,0.363551,-0.000000,0.000000,0.000000,0.000000,0
180,3.600000,2,gripper_l_finger1,-0.460000,0.343551,-0.000000,-0.460000,0.343551,-0.000000,-0.460000,0.343551,-0.000000,0.000000,0.000000,0.000000,0
180,3.600000,3,gripper_l_finger2,-0.460000,0.343551,0.000000,-0.460000,0.343551,-0.000000,-0.460000,0.343551,-0.000000,0.000000,0.000000,0.000000,1
180,3.600000,4,gripper_r_palm,0.460000,0.363551,0.000000,0.460000,0.363551,-0.000000,0.460000,0.363551,-0.000000,0.000000,0.000000,0.000000,0
180,3.600000,5,gripper_r_finger1,0.460000,0.343551,-0.000000,0.460000,0.343551,-0.000000,0.460000,0.343551,-0.000000,0.000000,0.000000,0.000000,0
180,3.600000,6,gripper_r_finger2,0.460000,0.343551,0.000000,0.460000,0.343551,-0.000000,0.460000,0.343551,-0.000000,0.000000,0.000000,0.000000,1
181,3.620000,0,base,0.000000,0.150000,0.000000,0.000000,0.150000,0.000000,0.000000,0.150000,0.000000,0.000000,0.000000,0.000000,0
181,3.620000,1,gripper_l_palm,-0.460000,0.363551,0.000000,-0.460000,0.363551,-0.000000,-0.460000,0.363551,-0.000000,0.000000,0.000000,0.000000,0
181,3.620000,2,gripper_l_finger1,-0.460000,0.343551,-0.000000,-0.460000,0.343551,-0.000000,-0.460000,0.343551,-0.000000,0.000000,0.000000,0.000000,0
181,3.620000,3,gripper_l_finger2,-0.460000,0.343551,0.000000,-0.460000,0.343551,-0.000000,-0.460000,0.343551,-0.000000,0.000000,0.000000,0.000000,1
181,3.620000,4,gripper_r_palm,0.460000,0.363551,0.000000,0.460000,0.363551,-0.000000,0.460000,0.363551,-0.000000,0.000000,0.000000,0.000000,0
181,3.620000,5,gripper_r_finger1,0.460000,0.343551,-0.000000,0.460000,0.343551,-0.000000,0.460000,0.343551,-0.000000,0.000000,0.000000,0.000000,0
181,3.620000,6,gripper_r_finger2,0.460000,0.343551,0.000000,0.460000,0.343551,-0.000000,0.460000,0.343551,-0.000000,0.000000,0.000000,0.000000,1
182,3.640000,0,base,0.000000,0.150000,0.000000,0.000000,0.150000,0.000000,0.000000,0.150000,0.000000,0.000000,0.000000,0.000000,0
182,3.640000,1,gripper_l_palm,-0.460000,0.363551,0.000000,-0.460000,0.363551,-0.000000,-0.460000,0.363551,-0.000000,0.000000,0.000000,0.000000,0
182,3.640000,2,gripper_l_finger1,-0.460000,0.343551,0.000000,-0.460000,0.343551,-0.000000,-0.460000,0.343551,-0.000000,0.000000,0.000000,0.000000,0
182,3.640000,3,gripper_l_finger2,-0.460000,0.343551,-0.000000,-0.460000,0.343551,-0.000000,-0.460000,0.343551,-0.000000,0.000000,0.000000,0.000000,1
182,3.640000,4,gripper_r_palm,0.460000,0.363551,0.000000,0.460000,0.363551,-0.000000,0.460000,0.363551,-0.000000,0.000000,0.000000,0.000000,0
182,3.640000,5,gripper_r_finger1,0.460000,0.343551,0.000000,0.460000,0.343551,-0.000000,0.460000,0.343551,-0.000000,0.000000,0.000000,0.000000,0
182,3.640000,6,gripper_r_finger2,0.460000,0.343551,-0.000000,0.460000,0.343551,-0.000000,0.460000,0.343551,-0.000000,0.000000,0.000000,0.000000,1
183,3.660000,0,base,0.000000,0.150000,0.000000,0.000000,0.150000,0.000000,0.000000,0.150000,0.000000,0.000000,0.000000,0.000000,0
183,3.660000,1,gripper_l_palm,-0.460000,0.363551,0.000000,-0.460000,0.363551,-0.000000,-0.460000,0.363551,-0.000000,0.000000,0.000000,0.000000,0
183,3.660000,2,gripper_l_finger1,-0.460000,0.343551,0.000000,-0.460000,0.343551,-0.000000,-0.460000,0.343551,-0.000000,0.000000,0.000000,0.000000,0
183,3.660000,3,gripper_l_finger2,-0.460000,0.343551,-0.000000,-0.460000,0.343551,-0.000000,-0.460000,0.343551,-0.000000,0.000000,0.000000,0.000000,1
183,3.660000,4,gripper_r_palm,0.460000,0.363551,0.000000,0.460000,0.363551,-0.000000,0.460000,0.363551,-0.000000,0.000000,0.000000,0.000000,0
183,3.660000,5,gripper_r_finger1,0.460000,0.343551,0.000000,0.460000,0.343551,-0.000000,0.460000,0.343551,-0.000000,0.000000,0.000000,0.000000,0
183,3.660000,6,gripper_r_finger2,0.460000,0.343551,-0.000000,0.460000,0.343551,-0.000000,0.460000,0.343551,-0.000000,0.000000,0.000000,0.000000,1
184,3.680000,0,base,0.000000,0.150000,0.000000,0.000000,0.150000,0.000000,0.000000,0.150000,0.000000,0.000000,0.000000,0.000000,0
184,3.680000,1,gripper_l_palm,-0.460000,0.363551,0.000000,-0.460000,0.363551,-0.000000,-0.460000,0.363551,-0.000000,0.000000,0.000000,0.000000,0
184,3.680000,2,gripper_l_finger1,-0.460000,0.343551,0.000000,-0.460000,0.343551,-0.000000,-0.460000,0.343551,-0.000000,0.000000,0.000000,0.000000,0
184,3.680000,3,gripper_l_finger2,-0.460000,0.343551,-0.000000,-0.460000,0.343551,-0.000000,-0.460000,0.343551,-0.000000,0.000000,0.000000,0.000000,1
184,3.680000,4,gripper_r_palm,0.460000,0.363551,0.000000,0.460000,0.363551,-0.000000,0.460000,0.363551,-0.000000,0.000000,0.000000,0.000000,0
184,3.680000,5,gripper_r_finger1,0.460000,0.343551,0.000000,0.460000,0.343551,-0.000000,0.460000,0.343551,-0.000000,0.000000,0.000000,0.000000,0
184,3.680000,6,gripper_r_finger2,0.460000,0.343551,-0.000000,0.460000,0.343551,-0.000000,0.460000,0.343551,-0.000000,0.000000,0.000000,0.000000,1
185,3.700000,0,base,0.000000,0.150000,0.000000,0.000000,0.150000,0.000000,0.000000,0.150000,0.000000,0.000000,0.000000,0.000000,0
185,3.700000,1,gripper_l_palm,-0.460000,0.363551,0.000000,-0.460000,0.363551,-0.000000,-0.460000,0.363551,-0.000000,0.000000,0.000000,0.000000,0
185,3.700000,2,gripper_l_finger1,-0.460000,0.343551,-0.000000,-0.460000,0.343551,-0.000000,-0.460000,0.343551,-0.000000,0.000000,0.000000,0.000000,0
185,3.700000,3,gripper_l_finger2,-0.460000,0.343551,0.000000,-0.460000,0.343551,-0.000000,-0.460000,0.343551,-0.000000,0.000000,0.000000,0.000000,1
185,3.700000,4,gripper_r_palm,0.460000,0.363551,0.000000,0.460000,0.363551,-0.000000,0.460000,0.363551,-0.000000,0.000000,0.000000,0.000000,0
185,3.700000,5,gripper_r_finger1,0.460000,0.343551,-0.000000,0.460000,0.343551,-0.000000,0.460000,0.343551,-0.000000,0.000000,0.000000,0.000000,0
185,3.700000,6,gripper_r_finger2,0.460000,0.343551,0.000000,0.460000,0.343551,-0.000000,0.460000,0.343551,-0.000000,0.000000,0.000000,0.000000,1
186,3.720000,0,base,0.000000,0.150000,0.000000,0.000000,0.150000,0.000000,0.000000,0.150000,0.000000,0.000000,0.000000,0.000000,0
186,3.720000,1,gripper_l_palm,-0.460000,0.363551,0.000000,-0.460000,0.363551,-0.000000,-0.460000,0.363551,-0.000000,0.000000,0.000000,0.000000,0
186,3.720000,2,gripper_l_finger1,-0.460000,0.343551,-0.000000,-0.460000,0.343551,-0.000000,-0.460000,0.343551,-0.000000,0.000000,0.000000,0.000000,0
186,3.720000,3,gripper_l_finger2,-0.460000,0.343551,0.000000,-0.460000,0.343551,-0.000000,-0.460000,0.343551,-0.000000,0.000000,0.000000,0.000000,1
186,3.720000,4,gripper_r_palm,0.460000,0.363551,0.000000,0.460000,0.363551,-0.000000,0.460000,0.363551,-0.000000,0.000000,0.000000,0.000000,0
186,3.720000,5,gripper_r_finger1,0.460000,0.343551,-0.000000,0.460000,0.343551,-0.000000,0.460000,0.343551,-0.000000,0.000000,0.000000,0.000000,0
186,3.720000,6,gripper_r_finger2,0.460000,0.343551,0.000000,0.460000,0.343551,-0.000000,0.460000,0.343551,-0.000000,0.000000,0.000000,0.000000,1
187,3.740000,0,base,0.000000,0.150000,0.000000,0.000000,0.150000,0.000000,0.000000,0.150000,0.000000,0.000000,0.000000,0.000000,0
187,3.740000,1,gripper_l_palm,-0.460000,0.363551,0.000000,-0.460000,0.363551,-0.000000,-0.460000,0.363551,-0.000000,0.000000,0.000000,0.000000,0
187,3.740000,2,gripper_l_finger1,-0.460000,0.343551,0.000000,-0.460000,0.343551,-0.000000,-0.460000,0.343551,-0.000000,0.000000,0.000000,0.000000,0
187,3.740000,3,gripper_l_finger2,-0.460000,0.343551,-0.000000,-0.460000,0.343551,-0.000000,-0.460000,0.343551,-0.000000,0.000000,0.000000,0.000000,1
187,3.740000,4,gripper_r_palm,0.460000,0.363551,0.000000,0.460000,0.363551,-0.000000,0.460000,0.363551,-0.000000,0.000000,0.000000,0.000000,0
187,3.740000,5,gripper_r_finger1,0.460000,0.343551,0.000000,0.460000,0.343551,-0.000000,0.460000,0.343551,-0.000000,0.000000,0.000000,0.000000,0
187,3.740000,6,gripper_r_finger2,0.460000,0.343551,-0.000000,0.460000,0.343551,-0.000000,0.460000,0.343551,-0.000000,0.000000,0.000000,0.000000,1
188,3.760000,0,base,0.000000,0.150000,0.000000,0.000000,0.150000,0.000000,0.000000,0.150000,0.000000,0.000000,0.000000,0.000000,0
188,3.760000,1,gripper_l_palm,-0.460000,0.363551,0.000000,-0.460000,0.363551,-0.000000,-0.460000,0.363551,-0.000000,0.000000,0.000000,0.000000,0
188,3.760000,2,gripper_l_finger1,-0.460000,0.343551,0.000000,-0.460000,0.343551,-0.000000,-0.460000,0.343551,-0.000000,0.000000,0.000000,0.000000,0
188,3.760000,3,gripper_l_finger2,-0.460000,0.343551,-0.000000,-0.460000,0.343551,-0.000000,-0.460000,0.343551,-0.000000,0.000000,0.000000,0.000000,1
188,3.760000,4,gripper_r_palm,0.460000,0.363551,0.000000,0.460000,0.363551,-0.000000,0.460000,0.363551,-0.000000,0.000000,0.000000,0.000000,0
188,3.760000,5,gripper_r_finger1,0.460000,0.343551,0.000000,0.460000,0.343551,-0.000000,0.460000,0.343551,-0.000000,0.000000,0.000000,0.000000,0
188,3.760000,6,gripper_r_finger2,0.460000,0.343551,-0.000000,0.460000,0.343551,-0.000000,0.460000,0.343551,-0.000000,0.000000,0.000000,0.000000,1
189,3.780000,0,base,0.000000,0.150000,0.000000,0.000000,0.150000,0.000000,0.000000,0.150000,0.000000,0.000000,0.000000,0.000000,0
189,3.780000,1,gripper_l_palm,-0.460000,0.363551,0.000000,-0.460000,0.363551,-0.000000,-0.460000,0.363551,-0.000000,0.000000,0.000000,0.000000,0
189,3.780000,2,gripper_l_finger1,-0.460000,0.343551,0.000000,-0.460000,0.343551,-0.000000,-0.460000,0.343551,-0.000000,0.000000,0.000000,0.000000,0
189,3.780000,3,gripper_l_finger2,-0.460000,0.343551,-0.000000,-0.460000,0.343551,-0.000000,-0.460000,0.343551,-0.000000,0.000000,0.000000,0.000000,1
189,3.780000,4,gripper_r_palm,0.460000,0.363551,0.000000,0.460000,0.363551,-0.000000,0.460000,0.363551,-0.000000,0.000000,0.000000,0.000000,0
189,3.780000,5,gripper_r_finger1,0.460000,0.343551,0.000000,0.460000,0.343551,-0.000000,0.460000,0.343551,-0.000000,0.000000,0.000000,0.000000,0
189,3.780000,6,gripper_r_finger2,0.460000,0.343551,-0.000000,0.460000,0.343551,-0.000000,0.460000,0.343551,-0.000000,0.000000,0.000000,0.000000,1
190,3.800000,0,base,0.000000,0.150000,0.000000,0.000000,0.150000,0.000000,0.000000,0.150000,0.000000,0.000000,0.000000,0.000000,0
190,3.800000,1,gripper_l_palm,-0.460000,0.363551,0.000000,-0.460000,0.363551,-0.000000,-0.460000,0.363551,-0.000000,0.000000,0.000000,0.000000,0
190,3.800000,2,gripper_l_finger1,-0.460000,0.343551,-0.000000,-0.460000,0.343551,-0.000000,-0.460000,0.343551,-0.000000,0.000000,0.000000,0.000000,0
190,3.800000,3,gripper_l_finger2,-0.460000,0.343551,0.000000,-0.460000,0.343551,-0.000000,-0.460000,0.343551,-0.000000,0.000000,0.000000,0.000000,1
190,3.800000,4,gripper_r_palm,0.460000,0.363551,0.000000,0.460000,0.363551,-0.000000,0.460000,0.363551,-0.000000,0.000000,0.000000,0.000000,0
190,3.800000,5,gripper_r_finger1,0.460000,0.343551,-0.000000,0.460000,0.343551,-0.000000,0.460000,0.343551,-0.000000,0.000000,0.000000,0.000000,0
190,3.800000,6,gripper_r_finger2,0.460000,0.343551,0.000000,0.460000,0.343551,-0.000000,0.460000,0.343551,-0.000000,0.000000,0.000000,0.000000,1
191,3.820000,0,base,0.000000,0.150000,0.000000,0.000000,0.150000,0.000000,0.000000,0.150000,0.000000,0.000000,0.000000,0.000000,0
191,3.820000,1,gripper_l_palm,-0.460000,0.363551,0.000000,-0.460000,0.363551,-0.000000,-0.460000,0.363551,-0.000000,0.000000,0.000000,0.000000,0
191,3.820000,2,gripper_l_finger1,-0.460000,0.343551,0.000000,-0.460000,0.343551,-0.000000,-0.460000,0.343551,-0.000000,0.000000,0.000000,0.000000,0
191,3.820000,3,gripper_l_finger2,-0.460000,0.343551,-0.000000,-0.460000,0.343551,-0.000000,-0.460000,0.343551,-0.000000,0.000000,0.000000,0.000000,1
191,3.820000,4,gripper_r_palm,0.460000,0.363551,0.000000,0.460000,0.363551,-0.000000,0.460000,0.363551,-0.000000,0.000000,0.000000,0.000000,0
191,3.820000,5,gripper_r_finger1,0.460000,0.343551,0.000000,0.460000,0.343551,-0.000000,0.460000,0.343551,-0.000000,0.000000,0.000000,0.000000,0
191,3.820000,6,gripper_r_finger2,0.460000,0.343551,-0.000000,0.460000,0.343551,-0.000000,0.460000,0.343551,-0.000000,0.000000,0.000000,0.000000,1
192,3.840000,0,base,0.000000,0.150000,0.000000,0.000000,0.150000,0.000000,0.000000,0.150000,0.000000,0.000000,0.000000,0.000000,0
192,3.840000,1,gripper_l_palm,-0.460000,0.363551,0.000000,-0.460000,0.363551,-0.000000,-0.460000,0.363551,-0.000000,0.000000,0.000000,0.000000,0
192,3.840000,2,gripper_l_finger1,-0.460000,0.343551,0.000000,-0.460000,0.343551,-0.000000,-0.460000,0.343551,-0.000000,0.000000,0.000000,0.000000,0
192,3.840000,3,gripper_l_finger2,-0.460000,0.343551,-0.000000,-0.460000,0.343551,-0.000000,-0.460000,0.343551,-0.000000,0.000000,0.000000,0.000000,1
192,3.840000,4,gripper_r_palm,0.460000,0.363551,0.000000,0.460000,0.363551,-0.000000,0.460000,0.363551,-0.000000,0.000000,0.000000,0.000000,0
192,3.840000,5,gripper_r_finger1,0.460000,0.343551,0.000000,0.460000,0.343551,-0.000000,0.460000,0.343551,-0.000000,0.000000,0.000000,0.000000,0
192,3.840000,6,gripper_r_finger2,0.460000,0.343551,-0.000000,0.460000,0.343551,-0.000000,0.460000,0.343551,-0.000000,0.000000,0.000000,0.000000,1
193,3.860000,0,base,0.000000,0.150000,0.000000,0.000000,0.150000,0.000000,0.000000,0.150000,0.000000,0.000000,0.000000,0.000000,0
193,3.860000,1,gripper_l_palm,-0.460000,0.363551,0.000000,-0.460000,0.363551,-0.000000,-0.460000,0.363551,-0.000000,0.000000,0.000000,0.000000,0
193,3.860000,2,gripper_l_finger1,-0.460000,0.343551,0.000000,-0.460000,0.343551,-0.000000,-0.460000,0.343551,-0.000000,0.000000,0.000000,0.000000,0
193,3.860000,3,gripper_l_finger2,-0.460000,0.343551,-0.000000,-0.460000,0.343551,-0.000000,-0.460000,0.343551,-0.000000,0.000000,0.000000,0.000000,1
193,3.860000,4,gripper_r_palm,0.460000,0.363551,0.000000,0.460000,0.363551,-0.000000,0.460000,0.363551,-0.000000,0.000000,0.000000,0.000000,0
193,3.860000,5,gripper_r_finger1,0.460000,0.343551,0.000000,0.460000,0.343551,-0.000000,0.460000,0.343551,-0.000000,0.000000,0.000000,0.000000,0
193,3.860000,6,gripper_r_finger2,0.460000,0.343551,-0.000000,0.460000,0.343551,-0.000000,0.460000,0.343551,-0.000000,0.000000,0.000000,0.000000,1
194,3.880000,0,base,0.000000,0.150000,0.000000,0.000000,0.150000,0.000000,0.000000,0.150000,0.000000,0.000000,0.000000,0.000000,0
194,3.880000,1,gripper_l_palm,-0.460000,0.363551,0.000000,-0.460000,0.363551,-0.000000,-0.460000,0.363551,-0.000000,0.000000,0.000000,0.000000,0
194,3.880000,2,gripper_l_finger1,-0.460000,0.343551,-0.000000,-0.460000,0.343551,-0.000000,-0.460000,0.343551,-0.000000,0.000000,0.000000,0.000000,0
194,3.880000,3,gripper_l_finger2,-0.460000,0.343551,0.000000,-0.460000,0.343551,-0.000000,-0.460000,0.343551,-0.000000,0.000000,0.000000,0.000000,1
194,3.880000,4,gripper_r_palm,0.460000,0.363551,0.000000,0.460000,0.363551,-0.000000,0.460000,0.363551,-0.000000,0.000000,0.000000,0.000000,0
194,3.880000,5,gripper_r_finger1,0.460000,0.343551,-0.000000,0.460000,0.343551,-0.000000,0.460000,0.343551,-0.000000,0.000000,0.000000,0.000000,0
194,3.880000,6,gripper_r_finger2,0.460000,0.343551,0.000000,0.460000,0.343551,-0.000000,0.460000,0.343551,-0.000000,0.000000,0.000000,0.000000,1
195,3.900000,0,base,0.000000,0.150000,0.000000,0.000000,0.150000,0.000000,0.000000,0.150000,0.000000,0.000000,0.000000,0.000000,0
195,3.900000,1,gripper_l_palm,-0.460000,0.363551,0.000000,-0.460000,0.363551,-0.000000,-0.460000,0.363551,-0.000000,0.000000,0.000000,0.000000,0
195,3.900000,2,gripper_l_finger1,-0.460000,0.343551,-0.000000,-0.460000,0.343551,-0.000000,-0.460000,0.343551,-0.000000,0.000000,0.000000,0.000000,0
195,3.900000,3,gripper_l_finger2,-0.460000,0.343551,0.000000,-0.460000,0.343551,-0.000000,-0.460000,0.343551,-0.000000,0.000000,0.000000,0.000000,1
195,3.900000,4,gripper_r_palm,0.460000,0.363551,0.000000,0.460000,0.363551,-0.000000,0.460000,0.363551,-0.000000,0.000000,0.000000,0.000000,0
195,3.900000,5,gripper_r_finger1,0.460000,0.343551,-0.000000,0.460000,0.343551,-0.000000,0.460000,0.343551,-0.000000,0.000000,0.000000,0.000000,0
195,3.900000,6,gripper_r_finger2,0.460000,0.343551,0.000000,0.460000,0.343551,-0.000000,0.460000,0.343551,-0.000000,0.000000,0.000000,0.000000,1
196,3.920000,0,base,0.000000,0.150000,0.000000,0.000000,0.150000,0.000000,0.000000,0.150000,0.000000,0.000000,0.000000,0.000000,0
196,3.920000,1,gripper_l_palm,-0.460000,0.363551,0.000000,-0.460000,0.363551,-0.000000,-0.460000,0.363551,-0.000000,0.000000,0.000000,0.000000,0
196,3.920000,2,gripper_l_finger1,-0.460000,0.343551,0.000000,-0.460000,0.343551,-0.000000,-0.460000,0.343551,-0.000000,0.000000,0.000000,0.000000,0
196,3.920000,3,gripper_l_finger2,-0.460000,0.343551,-0.000000,-0.460000,0.343551,-0.000000,-0.460000,0.343551,-0.000000,0.000000,0.000000,0.000000,1
196,3.920000,4,gripper_r_palm,0.460000,0.363551,0.000000,0.460000,0.363551,-0.000000,0.460000,0.363551,-0.000000,0.000000,0.000000,0.000000,0
196,3.920000,5,gripper_r_finger1,0.460000,0.343551,0.000000,0.460000,0.343551,-0.000000,0.460000,0.343551,-0.000000,0.000000,0.000000,0.000000,0
196,3.920000,6,gripper_r_finger2,0.460000,0.343551,-0.000000,0.460000,0.343551,-0.000000,0.460000,0.343551,-0.000000,0.000000,0.000000,0.000000,1
197,3.940000,0,base,0.000000,0.150000,0.000000,0.000000,0.150000,0.000000,0.000000,0.150000,0.000000,0.000000,0.000000,0.000000,0
197,3.940000,1,gripper_l_palm,-0.460000,0.363551,0.000000,-0.460000,0.363551,-0.000000,-0.460000,0.363551,-0.000000,0.000000,0.000000,0.000000,0
197,3.940000,2,gripper_l_finger1,-0.460000,0.343551,0.000000,-0.460000,0.343551,-0.000000,-0.460000,0.343551,-0.000000,0.000000,0.000000,0.000000,0
197,3.940000,3,gripper_l_finger2,-0.460000,0.343551,-0.000000,-0.460000,0.343551,-0.000000,-0.460000,0.343551,-0.000000,0.000000,0.000000,0.000000,1
197,3.940000,4,gripper_r_palm,0.460000,0.363551,0.000000,0.460000,0.363551,-0.000000,0.460000,0.363551,-0.000000,0.000000,0.000000,0.000000,0
197,3.940000,5,gripper_r_finger1,0.460000,0.343551,0.000000,0.460000,0.343551,-0.000000,0.460000,0.343551,-0.000000,0.000000,0.000000,0.000000,0
197,3.940000,6,gripper_r_finger2,0.460000,0.343551,-0.000000,0.460000,0.343551,-0.000000,0.460000,0.343551,-0.000000,0.000000,0.000000,0.000000,1
198,3.960000,0,base,0.000000,0.150000,0.000000,0.000000,0.150000,0.000000,0.000000,0.150000,0.000000,0.000000,0.000000,0.000000,0
198,3.960000,1,gripper_l_palm,-0.460000,0.363551,0.000000,-0.460000,0.363551,-0.000000,-0.460000,0.363551,-0.000000,0.000000,0.000000,0.000000,0
198,3.960000,2,gripper_l_finger1,-0.460000,0.343551,0.000000,-0.460000,0.343551,-0.000000,-0.460000,0.343551,-0.000000,0.000000,0.000000,0.000000,0
198,3.960000,3,gripper_l_finger2,-0.460000,0.343551,-0.000000,-0.460000,0.343551,-0.000000,-0.460000,0.343551,-0.000000,0.000000,0.000000,0.000000,1
198,3.960000,4,gripper_r_palm,0.460000,0.363551,0.000000,0.460000,0.363551,-0.000000,0.460000,0.363551,-0.000000,0.000000,0.000000,0.000000,0
198,3.960000,5,gripper_r_finger1,0.460000,0.343551,0.000000,0.460000,0.343551,-0.000000,0.460000,0.343551,-0.000000,0.000000,0.000000,0.000000,0
198,3.960000,6,gripper_r_finger2,0.460000,0.343551,-0.000000,0.460000,0.343551,-0.000000,0.460000,0.343551,-0.000000,0.000000,0.000000,0.000000,1
199,3.980000,0,base,0.000000,0.150000,0.000000,0.000000,0.150000,0.000000,0.000000,0.150000,0.000000,0.000000,0.000000,0.000000,0
199,3.980000,1,gripper_l_palm,-0.460000,0.363551,0.000000,-0.460000,0.363551,-0.000000,-0.460000,0.363551,-0.000000,0.000000,0.000000,0.000000,0
199,3.980000,2,gripper_l_finger1,-0.460000,0.343551,-0.000000,-0.460000,0.343551,-0.000000,-0.460000,0.343551,-0.000000,0.000000,0.000000,0.000000,0
199,3.980000,3,gripper_l_finger2,-0.460000,0.343551,0.000000,-0.460000,0.343551,-0.000000,-0.460000,0.343551,-0.000000,0.000000,0.000000,0.000000,1
199,3.980000,4,gripper_r_palm,0.460000,0.363551,0.000000,0.460000,0.363551,-0.000000,0.460000,0.363551,-0.000000,0.000000,0.000000,0.000000,0
199,3.980000,5,gripper_r_finger1,0.460000,0.343551,-0.000000,0.460000,0.343551,-0.000000,0.460000,0.343551,-0.000000,0.000000,0.000000,0.000000,0
199,3.980000,6,gripper_r_finger2,0.460000,0.343551,0.000000,0.460000,0.343551,-0.000000,0.460000,0.343551,-0.000000,0.000000,0.000000,0.000000,1
200,4.000000,0,base,0.000000,0.150000,0.000000,0.000000,0.150000,0.000000,0.000000,0.150000,0.000000,0.000000,0.000000,0.000000,0
200,4.000000,1,gripper_l_palm,-0.460000,0.363551,0.000000,-0.460000,0.363551,-0.000000,-0.460000,0.363551,-0.000000,0.000000,0.000000,0.000000,0
200,4.000000,2,gripper_l_finger1,-0.460000,0.343551,-0.000000,-0.460000,0.343551,-0.000000,-0.460000,0.343551,-0.000000,0.000000,0.000000,0.000000,0
200,4.000000,3,gripper_l_finger2,-0.460000,0.343551,0.000000,-0.460000,0.343551,-0.000000,-0.460000,0.343551,-0.000000,0.000000,0.000000,0.000000,1
200,4.000000,4,gripper_r_palm,0.460000,0.363551,0.000000,0.460000,0.363551,-0.000000,0.460000,0.363551,-0.000000,0.000000,0.000000,0.000000,0
200,4.000000,5,gripper_r_finger1,0.460000,0.343551,-0.000000,0.460000,0.343551,-0.000000,0.460000,0.343551,-0.000000,0.000000,0.000000,0.000000,0
200,4.000000,6,gripper_r_finger2,0.460000,0.343551,0.000000,0.460000,0.343551,-0.000000,0.460000,0.343551,-0.000000,0.000000,0.000000,0.000000,1
201,4.020000,0,base,0.000000,0.150000,0.000000,0.000000,0.150000,0.000000,0.000000,0.150000,0.000000,0.000000,0.000000,0.000000,0
201,4.020000,1,gripper_l_palm,-0.460000,0.363551,0.000000,-0.460000,0.363551,-0.000000,-0.460000,0.363551,-0.000000,0.000000,0.000000,0.000000,0
201,4.020000,2,gripper_l_finger1,-0.460000,0.343551,0.000000,-0.460000,0.343551,-0.000000,-0.460000,0.343551,-0.000000,0.000000,0.000000,0.000000,0
201,4.020000,3,gripper_l_finger2,-0.460000,0.343551,-0.000000,-0.460000,0.343551,-0.000000,-0.460000,0.343551,-0.000000,0.000000,0.000000,0.000000,1
201,4.020000,4,gripper_r_palm,0.460000,0.363551,0.000000,0.460000,0.363551,-0.000000,0.460000,0.363551,-0.000000,0.000000,0.000000,0.000000,0
201,4.020000,5,gripper_r_finger1,0.460000,0.343551,0.000000,0.460000,0.343551,-0.000000,0.460000,0.343551,-0.000000,0.000000,0.000000,0.000000,0
201,4.020000,6,gripper_r_finger2,0.460000,0.343551,-0.000000,0.460000,0.343551,-0.000000,0.460000,0.343551,-0.000000,0.000000,0.000000,0.000000,1
202,4.040000,0,base,0.000000,0.150000,0.000000,0.000000,0.150000,0.000000,0.000000,0.150000,0.000000,0.000000,0.000000,0.000000,0
202,4.040000,1,gripper_l_palm,-0.460000,0.363551,0.000000,-0.460000,0.363551,-0.000000,-0.460000,0.363551,-0.000000,0.000000,0.000000,0.000000,0
202,4.040000,2,gripper_l_finger1,-0.460000,0.343551,0.000000,-0.460000,0.343551,-0.000000,-0.460000,0.343551,-0.000000,0.000000,0.000000,0.000000,0
202,4.040000,3,gripper_l_finger2,-0.460000,0.343551,-0.000000,-0.460000,0.343551,-0.000000,-0.460000,0.343551,-0.000000,0.000000,0.000000,0.000000,1
202,4.040000,4,gripper_r_palm,0.460000,0.363551,0.000000,0.460000,0.363551,-0.000000,0.460000,0.363551,-0.000000,0.000000,0.000000,0.000000,0
202,4.040000,5,gripper_r_finger1,0.460000,0.343551,0.000000,0.460000,0.343551,-0.000000,0.460000,0.343551,-0.000000,0.000000,0.000000,0.000000,0
202,4.040000,6,gripper_r_finger2,0.460000,0.343551,-0.000000,0.460000,0.343551,-0.000000,0.460000,0.343551,-0.000000,0.000000,0.000000,0.000000,1
203,4.060000,0,base,0.000000,0.150000,0.000000,0.000000,0.150000,0.000000,0.000000,0.150000,0.000000,0.000000,0.000000,0.000000,0
203,4.060000,1,gripper_l_palm,-0.460000,0.363551,0.000000,-0.460000,0.363551,-0.000000,-0.460000,0.363551,-0.000000,0.000000,0.000000,0.000000,0
203,4.060000,2,gripper_l_finger1,-0.460000,0.343551,0.000000,-0.460000,0.343551,-0.000000,-0.460000,0.343551,-0.000000,0.000000,0.000000,0.000000,0
203,4.060000,3,gripper_l_finger2,-0.460000,0.343551,-0.000000,-0.460000,0.343551,-0.000000,-0.460000,0.343551,-0.000000,0.000000,0.000000,0.000000,1
203,4.060000,4,gripper_r_palm,0.460000,0.363551,0.000000,0.460000,0.363551,-0.000000,0.460000,0.363551,-0.000000,0.000000,0.000000,0.000000,0
203,4.060000,5,gripper_r_finger1,0.460000,0.343551,0.000000,0.460000,0.343551,-0.000000,0.460000,0.343551,-0.000000,0.000000,0.000000,0.000000,0
203,4.060000,6,gripper_r_finger2,0.460000,0.343551,-0.000000,0.460000,0.343551,-0.000000,0.460000,0.343551,-0.000000,0.000000,0.000000,0.000000,1
204,4.080000,0,base,0.000000,0.150000,0.000000,0.000000,0.150000,0.000000,0.000000,0.150000,0.000000,0.000000,0.000000,0.000000,0
204,4.080000,1,gripper_l_palm,-0.460000,0.363551,0.000000,-0.460000,0.363551,-0.000000,-0.460000,0.363551,-0.000000,0.000000,0.000000,0.000000,0
204,4.080000,2,gripper_l_finger1,-0.460000,0.343551,-0.000000,-0.460000,0.343551,-0.000000,-0.460000,0.343551,-0.000000,0.000000,0.000000,0.000000,0
204,4.080000,3,gripper_l_finger2,-0.460000,0.343551,0.000000,-0.460000,0.343551,-0.000000,-0.460000,0.343551,-0.000000,0.000000,0.000000,0.000000,1
204,4.080000,4,gripper_r_palm,0.460000,0.363551,0.000000,0.460000,0.363551,-0.000000,0.460000,0.363551,-0.000000,0.000000,0.000000,0.000000,0
204,4.080000,5,gripper_r_finger1,0.460000,0.343551,-0.000000,0.460000,0.343551,-0.000000,0.460000,0.343551,-0.000000,0.000000,0.000000,0.000000,0
204,4.080000,6,gripper_r_finger2,0.460000,0.343551,0.000000,0.460000,0.343551,-0.000000,0.460000,0.343551,-0.000000,0.000000,0.000000,0.000000,1
205,4.100000,0,base,0.000000,0.150000,0.000000,0.000000,0.150000,0.000000,0.000000,0.150000,0.000000,0.000000,0.000000,0.000000,0
205,4.100000,1,gripper_l_palm,-0.460000,0.363551,0.000000,-0.460000,0.363551,-0.000000,-0.460000,0.363551,-0.000000,0.000000,0.000000,0.000000,0
205,4.100000,2,gripper_l_finger1,-0.460000,0.343551,-0.000000,-0.460000,0.343551,-0.000000,-0.460000,0.343551,-0.000000,0.000000,0.000000,0.000000,0
205,4.100000,3,gripper_l_finger2,-0.460000,0.343551,0.000000,-0.460000,0.343551,-0.000000,-0.460000,0.343551,-0.000000,0.000000,0.000000,0.000000,1
205,4.100000,4,gripper_r_palm,0.460000,0.363551,0.000000,0.460000,0.363551,-0.000000,0.460000,0.363551,-0.000000,0.000000,0.000000,0.000000,0
205,4.100000,5,gripper_r_finger1,0.460000,0.343551,-0.000000,0.460000,0.343551,-0.000000,0.460000,0.343551,-0.000000,0.000000,0.000000,0.000000,0
205,4.100000,6,gripper_r_finger2,0.460000,0.343551,0.000000,0.460000,0.343551,-0.000000,0.460000,0.343551,-0.000000,0.000000,0.000000,0.000000,1
206,4.120000,0,base,0.000000,0.150000,0.000000,0.000000,0.150000,0.000000,0.000000,0.150000,0.000000,0.000000,0.000000,0.000000,0
206,4.120000,1,gripper_l_palm,-0.460000,0.363551,0.000000,-0.460000,0.363551,-0.000000,-0.460000,0.363551,-0.000000,0.000000,0.000000,0.000000,0
206,4.120000,2,gripper_l_finger1,-0.460000,0.343551,-0.000000,-0.460000,0.343551,-0.000000,-0.460000,0.343551,-0.000000,0.000000,0.000000,0.000000,0
206,4.120000,3,gripper_l_finger2,-0.460000,0.343551,0.000000,-0.460000,0.343551,-0.000000,-0.460000,0.343551,-0.000000,0.000000,0.000000,0.000000,1
206,4.120000,4,gripper_r_palm,0.460000,0.363551,0.000000,0.460000,0.363551,-0.000000,0.460000,0.363551,-0.000000,0.000000,0.000000,0.000000,0
206,4.120000,5,gripper_r_finger1,0.460000,0.343551,-0.000000,0.460000,0.343551,-0.000000,0.460000,0.343551,-0.000000,0.000000,0.000000,0.000000,0
206,4.120000,6,gripper_r_finger2,0.460000,0.343551,0.000000,0.460000,0.343551,-0.000000,0.460000,0.343551,-0.000000,0.000000,0.000000,0.000000,1
207,4.140000,0,base,0.000000,0.150000,0.000000,0.000000,0.150000,0.000000,0.000000,0.150000,0.000000,0.000000,0.000000,0.000000,0
207,4.140000,1,gripper_l_palm,-0.460000,0.363551,0.000000,-0.460000,0.363551,-0.000000,-0.460000,0.363551,-0.000000,0.000000,0.000000,0.000000,0
207,4.140000,2,gripper_l_finger1,-0.460000,0.343551,-0.000000,-0.460000,0.343551,-0.000000,-0.460000,0.343551,-0.000000,0.000000,0.000000,0.000000,0
207,4.140000,3,gripper_l_finger2,-0.460000,0.343551,0.000000,-0.460000,0.343551,-0.000000,-0.460000,0.343551,-0.000000,0.000000,0.000000,0.000000,1
207,4.140000,4,gripper_r_palm,0.460000,0.363551,0.000000,0.460000,0.363551,-0.000000,0.460000,0.363551,-0.000000,0.000000,0.000000,0.000000,0
207,4.140000,5,gripper_r_finger1,0.460000,0.343551,-0.000000,0.460000,0.343551,-0.000000,0.460000,0.343551,-0.000000,0.000000,0.000000,0.000000,0
207,4.140000,6,gripper_r_finger2,0.460000,0.343551,0.000000,0.460000,0.343551,-0.000000,0.460000,0.343551,-0.000000,0.000000,0.000000,0.000000,1
208,4.160000,0,base,0.000000,0.150000,0.000000,0.000000,0.150000,0.000000,0.000000,0.150000,0.000000,0.000000,0.000000,0.000000,0
208,4.160000,1,gripper_l_palm,-0.460000,0.363551,0.000000,-0.460000,0.363551,-0.000000,-0.460000,0.363551,-0.000000,0.000000,0.000000,0.000000,0
208,4.160000,2,gripper_l_finger1,-0.460000,0.343551,0.000000,-0.460000,0.343551,-0.000000,-0.460000,0.343551,-0.000000,0.000000,0.000000,0.000000,0
208,4.160000,3,gripper_l_finger2,-0.460000,0.343551,-0.000000,-0.460000,0.343551,-0.000000,-0.460000,0.343551,-0.000000,0.000000,0.000000,0.000000,1
208,4.160000,4,gripper_r_palm,0.460000,0.363551,0.000000,0.460000,0.363551,-0.000000,0.460000,0.363551,-0.000000,0.000000,0.000000,0.000000,0
208,4.160000,5,gripper_r_finger1,0.460000,0.343551,0.000000,0.460000,0.343551,-0.000000,0.460000,0.343551,-0.000000,0.000000,0.000000,0.000000,0
208,4.160000,6,gripper_r_finger2,0.460000,0.343551,-0.000000,0.460000,0.343551,-0.000000,0.460000,0.343551,-0.000000,0.000000,0.000000,0.000000,1
209,4.180000,0,base,0.000000,0.150000,0.000000,0.000000,0.150000,0.000000,0.000000,0.150000,0.000000,0.000000,0.000000,0.000000,0
209,4.180000,1,gripper_l_palm,-0.460000,0.363551,0.000000,-0.460000,0.363551,-0.000000,-0.460000,0.363551,-0.000000,0.000000,0.000000,0.000000,0
209,4.180000,2,gripper_l_finger1,-0.460000,0.343551,-0.000000,-0.460000,0.343551,-0.000000,-0.460000,0.343551,-0.000000,0.000000,0.000000,0.000000,0
209,4.180000,3,gripper_l_finger2,-0.460000,0.343551,0.000000,-0.460000,0.343551,-0.000000,-0.460000,0.343551,-0.000000,0.000000,0.000000,0.000000,1
209,4.180000,4,gripper_r_palm,0.460000,0.363551,0.000000,0.460000,0.363551,-0.000000,0.460000,0.363551,-0.000000,0.000000,0.000000,0.000000,0
209,4.180000,5,gripper_r_finger1,0.460000,0.343551,-0.000000,0.460000,0.343551,-0.000000,0.460000,0.343551,-0.000000,0.000000,0.000000,0.000000,0
209,4.180000,6,gripper_r_finger2,0.460000,0.343551,0.000000,0.460000,0.343551,-0.000000,0.460000,0.343551,-0.000000,0.000000,0.000000,0.000000,1
210,4.200000,0,base,0.000000,0.150000,0.000000,0.000000,0.150000,0.000000,0.000000,0.150000,0.000000,0.000000,0.000000,0.000000,0
210,4.200000,1,gripper_l_palm,-0.460000,0.363551,0.000000,-0.460000,0.363551,-0.000000,-0.460000,0.363551,-0.000000,0.000000,0.000000,0.000000,0
210,4.200000,2,gripper_l_finger1,-0.460000,0.343551,-0.000000,-0.460000,0.343551,-0.000000,-0.460000,0.343551,-0.000000,0.000000,0.000000,0.000000,0
210,4.200000,3,gripper_l_finger2,-0.460000,0.343551,0.000000,-0.460000,0.343551,-0.000000,-0.460000,0.343551,-0.000000,0.000000,0.000000,0.000000,1
210,4.200000,4,gripper_r_palm,0.460000,0.363551,0.000000,0.460000,0.363551,-0.000000,0.460000,0.363551,-0.000000,0.000000,0.000000,0.000000,0
210,4.200000,5,gripper_r_finger1,0.460000,0.343551,-0.000000,0.460000,0.343551,-0.000000,0.460000,0.343551,-0.000000,0.000000,0.000000,0.000000,0
210,4.200000,6,gripper_r_finger2,0.460000,0.343551,0.000000,0.460000,0.343551,-0.000000,0.460000,0.343551,-0.000000,0.000000,0.000000,0.000000,1
211,4.220000,0,base,0.000000,0.150000,0.000000,0.000000,0.150000,0.000000,0.000000,0.150000,0.000000,0.000000,0.000000,0.000000,0
211,4.220000,1,gripper_l_palm,-0.460000,0.363551,0.000000,-0.460000,0.363551,-0.000000,-0.460000,0.363551,-0.000000,0.000000,0.000000,0.000000,0
211,4.220000,2,gripper_l_finger1,-0.460000,0.343551,-0.000000,-0.460000,0.343551,-0.000000,-0.460000,0.343551,-0.000000,0.000000,0.000000,0.000000,0
211,4.220000,3,gripper_l_finger2,-0.460000,0.343551,0.000000,-0.460000,0.343551,-0.000000,-0.460000,0.343551,-0.000000,0.000000,0.000000,0.000000,1
211,4.220000,4,gripper_r_palm,0.460000,0.363551,0.000000,0.460000,0.363551,-0.000000,0.460000,0.363551,-0.000000,0.000000,0.000000,0.000000,0
211,4.220000,5,gripper_r_finger1,0.460000,0.343551,-0.000000,0.460000,0.343551,-0.000000,0.460000,0.343551,-0.000000,0.000000,0.000000,0.000000,0
211,4.220000,6,gripper_r_finger2,0.460000,0.343551,0.000000,0.460000,0.343551,-0.000000,0.460000,0.343551,-0.000000,0.000000,0.000000,0.000000,1
212,4.240000,0,base,0.000000,0.150000,0.000000,0.000000,0.150000,0.000000,0.000000,0.150000,0.000000,0.000000,0.000000,0.000000,0
212,4.240000,1,gripper_l_palm,-0.460000,0.363551,0.000000,-0.460000,0.363551,-0.000000,-0.460000,0.363551,-0.000000,0.000000,0.000000,0.000000,0
212,4.240000,2,gripper_l_finger1,-0.460000,0.343551,0.000000,-0.460000,0.343551,-0.000000,-0.460000,0.343551,-0.000000,0.000000,0.000000,0.000000,0
212,4.240000,3,gripper_l_finger2,-0.460000,0.343551,-0.000000,-0.460000,0.343551,-0.000000,-0.460000,0.343551,-0.000000,0.000000,0.000000,0.000000,1
212,4.240000,4,gripper_r_palm,0.460000,0.363551,0.000000,0.460000,0.363551,-0.000000,0.460000,0.363551,-0.000000,0.000000,0.000000,0.000000,0
212,4.240000,5,gripper_r_finger1,0.460000,0.343551,0.000000,0.460000,0.343551,-0.000000,0.460000,0.343551,-0.000000,0.000000,0.000000,0.000000,0
212,4.240000,6,gripper_r_finger2,0.460000,0.343551,-0.000000,0.460000,0.343551,-0.000000,0.460000,0.343551,-0.000000,0.000000,0.000000,0.000000,1
213,4.260000,0,base,0.000000,0.150000,0.000000,0.000000,0.150000,0.000000,0.000000,0.150000,0.000000,0.000000,0.000000,0.000000,0
213,4.260000,1,gripper_l_palm,-0.460000,0.363551,0.000000,-0.460000,0.363551,-0.000000,-0.460000,0.363551,-0.000000,0.000000,0.000000,0.000000,0
213,4.260000,2,gripper_l_finger1,-0.460000,0.343551,0.000000,-0.460000,0.343551,-0.000000,-0.460000,0.343551,-0.000000,0.000000,0.000000,0.000000,0
213,4.260000,3,gripper_l_finger2,-0.460000,0.343551,-0.000000,-0.460000,0.343551,-0.000000,-0.460000,0.343551,-0.000000,0.000000,0.000000,0.000000,1
213,4.260000,4,gripper_r_palm,0.460000,0.363551,0.000000,0.460000,0.363551,-0.000000,0.460000,0.363551,-0.000000,0.000000,0.000000,0.000000,0
213,4.260000,5,gripper_r_finger1,0.460000,0.343551,0.000000,0.460000,0.343551,-0.000000,0.460000,0.343551,-0.000000,0.000000,0.000000,0.000000,0
213,4.260000,6,gripper_r_finger2,0.460000,0.343551,-0.000000,0.460000,0.343551,-0.000000,0.460000,0.343551,-0.000000,0.000000,0.000000,0.000000,1
214,4.280000,0,base,0.000000,0.150000,0.000000,0.000000,0.150000,0.000000,0.000000,0.150000,0.000000,0.000000,0.000000,0.000000,0
214,4.280000,1,gripper_l_palm,-0.460000,0.363551,0.000000,-0.460000,0.363551,-0.000000,-0.460000,0.363551,-0.000000,0.000000,0.000000,0.000000,0
214,4.280000,2,gripper_l_finger1,-0.460000,0.343551,-0.000000,-0.460000,0.343551,-0.000000,-0.460000,0.343551,-0.000000,0.000000,0.000000,0.000000,0
214,4.280000,3,gripper_l_finger2,-0.460000,0.343551,0.000000,-0.460000,0.343551,-0.000000,-0.460000,0.343551,-0.000000,0.000000,0.000000,0.000000,1
214,4.280000,4,gripper_r_palm,0.460000,0.363551,0.000000,0.460000,0.363551,-0.000000,0.460000,0.363551,-0.000000,0.000000,0.000000,0.000000,0
214,4.280000,5,gripper_r_finger1,0.460000,0.343551,-0.000000,0.460000,0.343551,-0.000000,0.460000,0.343551,-0.000000,0.000000,0.000000,0.000000,0
214,4.280000,6,gripper_r_finger2,0.460000,0.343551,0.000000,0.460000,0.343551,-0.000000,0.460000,0.343551,-0.000000,0.000000,0.000000,0.000000,1
215,4.300000,0,base,0.000000,0.150000,0.000000,0.000000,0.150000,0.000000,0.000000,0.150000,0.000000,0.000000,0.000000,0.000000,0
215,4.300000,1,gripper_l_palm,-0.460000,0.363551,0.000000,-0.460000,0.363551,-0.000000,-0.460000,0.363551,-0.000000,0.000000,0.000000,0.000000,0
215,4.300000,2,gripper_l_finger1,-0.460000,0.343551,-0.000000,-0.460000,0.343551,-0.000000,-0.460000,0.343551,-0.000000,0.000000,0.000000,0.000000,0
215,4.300000,3,gripper_l_finger2,-0.460000,0.343551,0.000000,-0.460000,0.343551,-0.000000,-0.460000,0.343551,-0.000000,0.000000,0.000000,0.000000,1
215,4.300000,4,gripper_r_palm,0.460000,0.363551,0.000000,0.460000,0.363551,-0.000000,0.460000,0.363551,-0.000000,0.000000,0.000000,0.000000,0
215,4.300000,5,gripper_r_finger1,0.460000,0.343551,-0.000000,0.460000,0.343551,-0.000000,0.460000,0.343551,-0.000000,0.000000,0.000000,0.000000,0
215,4.300000,6,gripper_r_finger2,0.460000,0.343551,0.000000,0.460000,0.343551,-0.000000,0.460000,0.343551,-0.000000,0.000000,0.000000,0.000000,1
216,4.320000,0,base,0.000000,0.150000,0.000000,0.000000,0.150000,0.000000,0.000000,0.150000,0.000000,0.000000,0.000000,0.000000,0
216,4.320000,1,gripper_l_palm,-0.460000,0.363551,0.000000,-0.460000,0.363551,-0.000000,-0.460000,0.363551,-0.000000,0.000000,0.000000,0.000000,0
216,4.320000,2,gripper_l_finger1,-0.460000,0.343551,0.000000,-0.460000,0.343551,-0.000000,-0.460000,0.343551,-0.000000,0.000000,0.000000,0.000000,0
216,4.320000,3,gripper_l_finger2,-0.460000,0.343551,-0.000000,-0.460000,0.343551,-0.000000,-0.460000,0.343551,-0.000000,0.000000,0.000000,0.000000,1
216,4.320000,4,gripper_r_palm,0.460000,0.363551,0.000000,0.460000,0.363551,-0.000000,0.460000,0.363551,-0.000000,0.000000,0.000000,0.000000,0
216,4.320000,5,gripper_r_finger1,0.460000,0.343551,0.000000,0.460000,0.343551,-0.000000,0.460000,0.343551,-0.000000,0.000000,0.000000,0.000000,0
216,4.320000,6,gripper_r_finger2,0.460000,0.343551,-0.000000,0.460000,0.343551,-0.000000,0.460000,0.343551,-0.000000,0.000000,0.000000,0.000000,1
217,4.340000,0,base,0.000000,0.150000,0.000000,0.000000,0.150000,0.000000,0.000000,0.150000,0.000000,0.000000,0.000000,0.000000,0
217,4.340000,1,gripper_l_palm,-0.460000,0.363551,0.000000,-0.460000,0.363551,-0.000000,-0.460000,0.363551,-0.000000,0.000000,0.000000,0.000000,0
217,4.340000,2,gripper_l_finger1,-0.460000,0.343551,0.000000,-0.460000,0.343551,-0.000000,-0.460000,0.343551,-0.000000,0.000000,0.000000,0.000000,0
217,4.340000,3,gripper_l_finger2,-0.460000,0.343551,-0.000000,-0.460000,0.343551,-0.000000,-0.460000,0.343551,-0.000000,0.000000,0.000000,0.000000,1
217,4.340000,4,gripper_r_palm,0.460000,0.363551,0.000000,0.460000,0.363551,-0.000000,0.460000,0.363551,-0.000000,0.000000,0.000000,0.000000,0
217,4.340000,5,gripper_r_finger1,0.460000,0.343551,0.000000,0.460000,0.343551,-0.000000,0.460000,0.343551,-0.000000,0.000000,0.000000,0.000000,0
217,4.340000,6,gripper_r_finger2,0.460000,0.343551,-0.000000,0.460000,0.343551,-0.000000,0.460000,0.343551,-0.000000,0.000000,0.000000,0.000000,1
218,4.360000,0,base,0.000000,0.150000,0.000000,0.000000,0.150000,0.000000,0.000000,0.150000,0.000000,0.000000,0.000000,0.000000,0
218,4.360000,1,gripper_l_palm,-0.460000,0.363551,0.000000,-0.460000,0.363551,-0.000000,-0.460000,0.363551,-0.000000,0.000000,0.000000,0.000000,0
218,4.360000,2,gripper_l_finger1,-0.460000,0.343551,-0.000000,-0.460000,0.343551,-0.000000,-0.460000,0.343551,-0.000000,0.000000,0.000000,0.000000,0
218,4.360000,3,gripper_l_finger2,-0.460000,0.343551,0.000000,-0.460000,0.343551,-0.000000,-0.460000,0.343551,-0.000000,0.000000,0.000000,0.000000,1
218,4.360000,4,gripper_r_palm,0.460000,0.363551,0.000000,0.460000,0.363551,-0.000000,0.460000,0.363551,-0.000000,0.000000,0.000000,0.000000,0
218,4.360000,5,gripper_r_finger1,0.460000,0.343551,-0.000000,0.460000,0.343551,-0.000000,0.460000,0.343551,-0.000000,0.000000,0.000000,0.000000,0
218,4.360000,6,gripper_r_finger2,0.460000,0.343551,0.000000,0.460000,0.343551,-0.000000,0.460000,0.343551,-0.000000,0.000000,0.000000,0.000000,1
219,4.380000,0,base,0.000000,0.150000,0.000000,0.000000,0.150000,0.000000,0.000000,0.150000,0.000000,0.000000,0.000000,0.000000,0
219,4.380000,1,gripper_l_palm,-0.460000,0.363551,0.000000,-0.460000,0.363551,-0.000000,-0.460000,0.363551,-0.000000,0.000000,0.000000,0.000000,0
219,4.380000,2,gripper_l_finger1,-0.460000,0.343551,-0.000000,-0.460000,0.343551,-0.000000,-0.460000,0.343551,-0.000000,0.000000,0.000000,0.000000,3
219,4.380000,3,gripper_l_finger2,-0.460000,0.343551,0.000000,-0.460000,0.343551,-0.000000,-0.460000,0.343551,-0.000000,0.000000,0.000000,0.000000,2
219,4.380000,4,gripper_r_palm,0.460000,0.363551,0.000000,0.460000,0.363551,-0.000000,0.460000,0.363551,-0.000000,0.000000,0.000000,0.000000,0
219,4.380000,5,gripper_r_finger1,0.460000,0.343551,-0.000000,0.460000,0.343551,-0.000000,0.460000,0.343551,-0.000000,0.000000,0.000000,0.000000,3
219,4.380000,6,gripper_r_finger2,0.460000,0.343551,0.000000,0.460000,0.343551,-0.000000,0.460000,0.343551,-0.000000,0.000000,0.000000,0.000000,2
220,4.400000,0,base,0.000000,0.150000,0.000000,0.000000,0.150000,0.000000,0.000000,0.150000,0.000000,0.000000,0.000000,0.000000,0
220,4.400000,1,gripper_l_palm,-0.460000,0.363551,0.000000,-0.460000,0.363551,-0.000000,-0.460000,0.363551,-0.000000,0.000000,0.000000,0.000000,0
220,4.400000,2,gripper_l_finger1,-0.460000,0.343551,-0.000000,-0.460000,0.343551,-0.000000,-0.460000,0.343551,-0.000000,0.000000,0.000000,0.000000,0
220,4.400000,3,gripper_l_finger2,-0.460000,0.343551,0.000000,-0.460000,0.343551,-0.000000,-0.460000,0.343551,-0.000000,0.000000,0.000000,0.000000,1
220,4.400000,4,gripper_r_palm,0.460000,0.363551,0.000000,0.460000,0.363551,-0.000000,0.460000,0.363551,-0.000000,0.000000,0.000000,0.000000,0
220,4.400000,5,gripper_r_finger1,0.460000,0.343551,-0.000000,0.460000,0.343551,-0.000000,0.460000,0.343551,-0.000000,0.000000,0.000000,0.000000,0
220,4.400000,6,gripper_r_finger2,0.460000,0.343551,0.000000,0.460000,0.343551,-0.000000,0.460000,0.343551,-0.000000,0.000000,0.000000,0.000000,1
221,4.420000,0,base,0.000000,0.150000,0.000000,0.000000,0.150000,0.000000,0.000000,0.150000,0.000000,0.000000,0.000000,0.000000,0
221,4.420000,1,gripper_l_palm,-0.460000,0.363551,0.000000,-0.460000,0.363551,-0.000000,-0.460000,0.363551,-0.000000,0.000000,0.000000,0.000000,0
221,4.420000,2,gripper_l_finger1,-0.460000,0.343551,0.000000,-0.460000,0.343551,-0.000000,-0.460000,0.343551,-0.000000,0.000000,0.000000,0.000000,3
221,4.420000,3,gripper_l_finger2,-0.460000,0.343551,-0.000000,-0.460000,0.343551,-0.000000,-0.460000,0.343551,-0.000000,0.000000,0.000000,0.000000,2
221,4.420000,4,gripper_r_palm,0.460000,0.363551,0.000000,0.460000,0.363551,-0.000000,0.460000,0.363551,-0.000000,0.000000,0.000000,0.000000,0
221,4.420000,5,gripper_r_finger1,0.460000,0.343551,0.000000,0.460000,0.343551,-0.000000,0.460000,0.343551,-0.000000,0.000000,0.000000,0.000000,3
221,4.420000,6,gripper_r_finger2,0.460000,0.343551,-0.000000,0.460000,0.343551,-0.000000,0.460000,0.343551,-0.000000,0.000000,0.000000,0.000000,2
222,4.440000,0,base,0.000000,0.150000,0.000000,0.000000,0.150000,0.000000,0.000000,0.150000,0.000000,0.000000,0.000000,0.000000,0
222,4.440000,1,gripper_l_palm,-0.460000,0.363551,0.000000,-0.460000,0.363551,-0.000000,-0.460000,0.363551,-0.000000,0.000000,0.000000,0.000000,0
222,4.440000,2,gripper_l_finger1,-0.460000,0.343551,0.000000,-0.460000,0.343551,-0.000000,-0.460000,0.343551,-0.000000,0.000000,0.000000,0.000000,0
222,4.440000,3,gripper_l_finger2,-0.460000,0.343551,-0.000000,-0.460000,0.343551,-0.000000,-0.460000,0.343551,-0.000000,0.000000,0.000000,0.000000,1
222,4.440000,4,gripper_r_palm,0.460000,0.363551,0.000000,0.460000,0.363551,-0.000000,0.460000,0.363551,-0.000000,0.000000,0.000000,0.000000,0
222,4.440000,5,gripper_r_finger1,0.460000,0.343551,0.000000,0.460000,0.343551,-0.000000,0.460000,0.343551,-0.000000,0.000000,0.000000,0.000000,0
222,4.440000,6,gripper_r_finger2,0.460000,0.343551,-0.000000,0.460000,0.343551,-0.000000,0.460000,0.343551,-0.000000,0.000000,0.000000,0.000000,1
223,4.460000,0,base,0.000000,0.150000,0.000000,0.000000,0.150000,0.000000,0.000000,0.150000,0.000000,0.000000,0.000000,0.000000,0
223,4.460000,1,gripper_l_palm,-0.460000,0.363551,0.000000,-0.460000,0.363551,-0.000000,-0.460000,0.363551,-0.000000,0.000000,0.000000,0.000000,0
223,4.460000,2,gripper_l_finger1,-0.460000,0.343551,-0.000000,-0.460000,0.343551,-0.000000,-0.460000,0.343551,-0.000000,0.000000,0.000000,0.000000,0
223,4.460000,3,gripper_l_finger2,-0.460000,0.343551,0.000000,-0.460000,0.343551,-0.000000,-0.460000,0.343551,-0.000000,0.000000,0.000000,0.000000,1
223,4.460000,4,gripper_r_palm,0.460000,0.363551,0.000000,0.460000,0.363551,-0.000000,0.460000,0.363551,-0.000000,0.000000,0.000000,0.000000,0
223,4.460000,5,gripper_r_finger1,0.460000,0.343551,-0.000000,0.460000,0.343551,-0.000000,0.460000,0.343551,-0.000000,0.000000,0.000000,0.000000,0
223,4.460000,6,gripper_r_finger2,0.460000,0.343551,0.000000,0.460000,0.343551,-0.000000,0.460000,0.343551,-0.000000,0.000000,0.000000,0.000000,1
224,4.480000,0,base,0.000000,0.150000,0.000000,0.000000,0.150000,0.000000,0.000000,0.150000,0.000000,0.000000,0.000000,0.000000,0
224,4.480000,1,gripper_l_palm,-0.460000,0.363551,0.000000,-0.460000,0.363551,-0.000000,-0.460000,0.363551,-0.000000,0.000000,0.000000,0.000000,0
224,4.480000,2,gripper_l_finger1,-0.460000,0.343551,-0.000000,-0.460000,0.343551,-0.000000,-0.460000,0.343551,-0.000000,0.000000,0.000000,0.000000,0
224,4.480000,3,gripper_l_finger2,-0.460000,0.343551,0.000000,-0.460000,0.343551,-0.000000,-0.460000,0.343551,-0.000000,0.000000,0.000000,0.000000,1
224,4.480000,4,gripper_r_palm,0.460000,0.363551,0.000000,0.460000,0.363551,-0.000000,0.460000,0.363551,-0.000000,0.000000,0.000000,0.000000,0
224,4.480000,5,gripper_r_finger1,0.460000,0.343551,-0.000000,0.460000,0.343551,-0.000000,0.460000,0.343551,-0.000000,0.000000,0.000000,0.000000,0
224,4.480000,6,gripper_r_finger2,0.460000,0.343551,0.000000,0.460000,0.343551,-0.000000,0.460000,0.343551,-0.000000,0.000000,0.000000,0.000000,1
225,4.500000,0,base,0.000000,0.150000,0.000000,0.000000,0.150000,0.000000,0.000000,0.150000,0.000000,0.000000,0.000000,0.000000,0
225,4.500000,1,gripper_l_palm,-0.460000,0.363551,0.000000,-0.460000,0.363551,-0.000000,-0.460000,0.363551,-0.000000,0.000000,0.000000,0.000000,0
225,4.500000,2,gripper_l_finger1,-0.460000,0.343551,-0.000000,-0.460000,0.343551,-0.000000,-0.460000,0.343551,-0.000000,0.000000,0.000000,0.000000,0
225,4.500000,3,gripper_l_finger2,-0.460000,0.343551,0.000000,-0.460000,0.343551,-0.000000,-0.460000,0.343551,-0.000000,0.000000,0.000000,0.000000,1
225,4.500000,4,gripper_r_palm,0.460000,0.363551,0.000000,0.460000,0.363551,-0.000000,0.460000,0.363551,-0.000000,0.000000,0.000000,0.000000,0
225,4.500000,5,gripper_r_finger1,0.460000,0.343551,-0.000000,0.460000,0.343551,-0.000000,0.460000,0.343551,-0.000000,0.000000,0.000000,0.000000,0
225,4.500000,6,gripper_r_finger2,0.460000,0.343551,0.000000,0.460000,0.343551,-0.000000,0.460000,0.343551,-0.000000,0.000000,0.000000,0.000000,1
226,4.520000,0,base,0.000000,0.150000,0.000000,0.000000,0.150000,0.000000,0.000000,0.150000,0.000000,0.000000,0.000000,0.000000,0
226,4.520000,1,gripper_l_palm,-0.460000,0.363551,0.000000,-0.460000,0.363551,-0.000000,-0.460000,0.363551,-0.000000,0.000000,0.000000,0.000000,0
226,4.520000,2,gripper_l_finger1,-0.460000,0.343551,-0.000000,-0.460000,0.343551,-0.000000,-0.460000,0.343551,-0.000000,0.000000,0.000000,0.000000,0
226,4.520000,3,gripper_l_finger2,-0.460000,0.343551,0.000000,-0.460000,0.343551,-0.000000,-0.460000,0.343551,-0.000000,0.000000,0.000000,0.000000,1
226,4.520000,4,gripper_r_palm,0.460000,0.363551,0.000000,0.460000,0.363551,-0.000000,0.460000,0.363551,-0.000000,0.000000,0.000000,0.000000,0
226,4.520000,5,gripper_r_finger1,0.460000,0.343551,-0.000000,0.460000,0.343551,-0.000000,0.460000,0.343551,-0.000000,0.000000,0.000000,0.000000,0
226,4.520000,6,gripper_r_finger2,0.460000,0.343551,0.000000,0.460000,0.343551,-0.000000,0.460000,0.343551,-0.000000,0.000000,0.000000,0.000000,1
227,4.540000,0,base,0.000000,0.150000,0.000000,0.000000,0.150000,0.000000,0.000000,0.150000,0.000000,0.000000,0.000000,0.000000,0
227,4.540000,1,gripper_l_palm,-0.460000,0.363551,0.000000,-0.460000,0.363551,-0.000000,-0.460000,0.363551,-0.000000,0.000000,0.000000,0.000000,0
227,4.540000,2,gripper_l_finger1,-0.460000,0.343551,0.000000,-0.460000,0.343551,-0.000000,-0.460000,0.343551,-0.000000,0.000000,0.000000,0.000000,0
227,4.540000,3,gripper_l_finger2,-0.460000,0.343551,-0.000000,-0.460000,0.343551,-0.000000,-0.460000,0.343551,-0.000000,0.000000,0.000000,0.000000,1
227,4.540000,4,gripper_r_palm,0.460000,0.363551,0.000000,0.460000,0.363551,-0.000000,0.460000,0.363551,-0.000000,0.000000,0.000000,0.000000,0
227,4.540000,5,gripper_r_finger1,0.460000,0.343551,0.000000,0.460000,0.343551,-0.000000,0.460000,0.343551,-0.000000,0.000000,0.000000,0.000000,0
227,4.540000,6,gripper_r_finger2,0.460000,0.343551,-0.000000,0.460000,0.343551,-0.000000,0.460000,0.343551,-0.000000,0.000000,0.000000,0.000000,1
228,4.560000,0,base,0.000000,0.150000,0.000000,0.000000,0.150000,0.000000,0.000000,0.150000,0.000000,0.000000,0.000000,0.000000,0
228,4.560000,1,gripper_l_palm,-0.460000,0.363551,0.000000,-0.460000,0.363551,-0.000000,-0.460000,0.363551,-0.000000,0.000000,0.000000,0.000000,0
228,4.560000,2,gripper_l_finger1,-0.460000,0.343551,0.000000,-0.460000,0.343551,-0.000000,-0.460000,0.343551,-0.000000,0.000000,0.000000,0.000000,0
228,4.560000,3,gripper_l_finger2,-0.460000,0.343551,-0.000000,-0.460000,0.343551,-0.000000,-0.460000,0.343551,-0.000000,0.000000,0.000000,0.000000,1
228,4.560000,4,gripper_r_palm,0.460000,0.363551,0.000000,0.460000,0.363551,-0.000000,0.460000,0.363551,-0.000000,0.000000,0.000000,0.000000,0
228,4.560000,5,gripper_r_finger1,0.460000,0.343551,0.000000,0.460000,0.343551,-0.000000,0.460000,0.343551,-0.000000,0.000000,0.000000,0.000000,0
228,4.560000,6,gripper_r_finger2,0.460000,0.343551,-0.000000,0.460000,0.343551,-0.000000,0.460000,0.343551,-0.000000,0.000000,0.000000,0.000000,1
229,4.580000,0,base,0.000000,0.150000,0.000000,0.000000,0.150000,0.000000,0.000000,0.150000,0.000000,0.000000,0.000000,0.000000,0
229,4.580000,1,gripper_l_palm,-0.460000,0.363551,0.000000,-0.460000,0.363551,-0.000000,-0.460000,0.363551,-0.000000,0.000000,0.000000,0.000000,0
229,4.580000,2,gripper_l_finger1,-0.460000,0.343551,-0.000000,-0.460000,0.343551,-0.000000,-0.460000,0.343551,-0.000000,0.000000,0.000000,0.000000,0
229,4.580000,3,gripper_l_finger2,-0.460000,0.343551,0.000000,-0.460000,0.343551,-0.000000,-0.460000,0.343551,-0.000000,0.000000,0.000000,0.000000,1
229,4.580000,4,gripper_r_palm,0.460000,0.363551,0.000000,0.460000,0.363551,-0.000000,0.460000,0.363551,-0.000000,0.000000,0.000000,0.000000,0
229,4.580000,5,gripper_r_finger1,0.460000,0.343551,-0.000000,0.460000,0.343551,-0.000000,0.460000,0.343551,-0.000000,0.000000,0.000000,0.000000,0
229,4.580000,6,gripper_r_finger2,0.460000,0.343551,0.000000,0.460000,0.343551,-0.000000,0.460000,0.343551,-0.000000,0.000000,0.000000,0.000000,1
230,4.600000,0,base,0.000000,0.150000,0.000000,0.000000,0.150000,0.000000,0.000000,0.150000,0.000000,0.000000,0.000000,0.000000,0
230,4.600000,1,gripper_l_palm,-0.460000,0.363551,0.000000,-0.460000,0.363551,-0.000000,-0.460000,0.363551,-0.000000,0.000000,0.000000,0.000000,0
230,4.600000,2,gripper_l_finger1,-0.460000,0.343551,0.000000,-0.460000,0.343551,-0.000000,-0.460000,0.343551,-0.000000,0.000000,0.000000,0.000000,0
230,4.600000,3,gripper_l_finger2,-0.460000,0.343551,-0.000000,-0.460000,0.343551,-0.000000,-0.460000,0.343551,-0.000000,0.000000,0.000000,0.000000,1
230,4.600000,4,gripper_r_palm,0.460000,0.363551,0.000000,0.460000,0.363551,-0.000000,0.460000,0.363551,-0.000000,0.000000,0.000000,0.000000,0
230,4.600000,5,gripper_r_finger1,0.460000,0.343551,0.000000,0.460000,0.343551,-0.000000,0.460000,0.343551,-0.000000,0.000000,0.000000,0.000000,0
230,4.600000,6,gripper_r_finger2,0.460000,0.343551,-0.000000,0.460000,0.343551,-0.000000,0.460000,0.343551,-0.000000,0.000000,0.000000,0.000000,1
231,4.620000,0,base,0.000000,0.150000,0.000000,0.000000,0.150000,0.000000,0.000000,0.150000,0.000000,0.000000,0.000000,0.000000,0
231,4.620000,1,gripper_l_palm,-0.460000,0.363551,0.000000,-0.460000,0.363551,-0.000000,-0.460000,0.363551,-0.000000,0.000000,0.000000,0.000000,0
231,4.620000,2,gripper_l_finger1,-0.460000,0.343551,0.000000,-0.460000,0.343551,-0.000000,-0.460000,0.343551,-0.000000,0.000000,0.000000,0.000000,0
231,4.620000,3,gripper_l_finger2,-0.460000,0.343551,-0.000000,-0.460000,0.343551,-0.000000,-0.460000,0.343551,-0.000000,0.000000,0.000000,0.000000,1
231,4.620000,4,gripper_r_palm,0.460000,0.363551,0.000000,0.460000,0.363551,-0.000000,0.460000,0.363551,-0.000000,0.000000,0.000000,0.000000,0
231,4.620000,5,gripper_r_finger1,0.460000,0.343551,0.000000,0.460000,0.343551,-0.000000,0.460000,0.343551,-0.000000,0.000000,0.000000,0.000000,0
231,4.620000,6,gripper_r_finger2,0.460000,0.343551,-0.000000,0.460000,0.343551,-0.000000,0.460000,0.343551,-0.000000,0.000000,0.000000,0.000000,1
232,4.640000,0,base,0.000000,0.150000,0.000000,0.000000,0.150000,0.000000,0.000000,0.150000,0.000000,0.000000,0.000000,0.000000,0
232,4.640000,1,gripper_l_palm,-0.460000,0.363551,0.000000,-0.460000,0.363551,-0.000000,-0.460000,0.363551,-0.000000,0.000000,0.000000,0.000000,0
232,4.640000,2,gripper_l_finger1,-0.460000,0.343551,-0.000000,-0.460000,0.343551,-0.000000,-0.460000,0.343551,-0.000000,0.000000,0.000000,0.000000,0
232,4.640000,3,gripper_l_finger2,-0.460000,0.343551,0.000000,-0.460000,0.343551,-0.000000,-0.460000,0.343551,-0.000000,0.000000,0.000000,0.000000,1
232,4.640000,4,gripper_r_palm,0.460000,0.363551,0.000000,0.460000,0.363551,-0.000000,0.460000,0.363551,-0.000000,0.000000,0.000000,0.000000,0
232,4.640000,5,gripper_r_finger1,0.460000,0.343551,-0.000000,0.460000,0.343551,-0.000000,0.460000,0.343551,-0.000000,0.000000,0.000000,0.000000,0
232,4.640000,6,gripper_r_finger2,0.460000,0.343551,0.000000,0.460000,0.343551,-0.000000,0.460000,0.343551,-0.000000,0.000000,0.000000,0.000000,1
233,4.660000,0,base,0.000000,0.150000,0.000000,0.000000,0.150000,0.000000,0.000000,0.150000,0.000000,0.000000,0.000000,0.000000,0
233,4.660000,1,gripper_l_palm,-0.460000,0.363551,0.000000,-0.460000,0.363551,-0.000000,-0.460000,0.363551,-0.000000,0.000000,0.000000,0.000000,0
233,4.660000,2,gripper_l_finger1,-0.460000,0.343551,-0.000000,-0.460000,0.343551,-0.000000,-0.460000,0.343551,-0.000000,0.000000,0.000000,0.000000,0
233,4.660000,3,gripper_l_finger2,-0.460000,0.343551,0.000000,-0.460000,0.343551,-0.000000,-0.460000,0.343551,-0.000000,0.000000,0.000000,0.000000,1
233,4.660000,4,gripper_r_palm,0.460000,0.363551,0.000000,0.460000,0.363551,-0.000000,0.460000,0.363551,-0.000000,0.000000,0.000000,0.000000,0
233,4.660000,5,gripper_r_finger1,0.460000,0.343551,-0.000000,0.460000,0.343551,-0.000000,0.460000,0.343551,-0.000000,0.000000,0.000000,0.000000,0
233,4.660000,6,gripper_r_finger2,0.460000,0.343551,0.000000,0.460000,0.343551,-0.000000,0.460000,0.343551,-0.000000,0.000000,0.000000,0.000000,1
234,4.680000,0,base,0.000000,0.150000,0.000000,0.000000,0.150000,0.000000,0.000000,0.150000,0.000000,0.000000,0.000000,0.000000,0
234,4.680000,1,gripper_l_palm,-0.460000,0.363551,0.000000,-0.460000,0.363551,-0.000000,-0.460000,0.363551,-0.000000,0.000000,0.000000,0.000000,0
234,4.680000,2,gripper_l_finger1,-0.460000,0.343551,-0.000000,-0.460000,0.343551,-0.000000,-0.460000,0.343551,-0.000000,0.000000,0.000000,0.000000,0
234,4.680000,3,gripper_l_finger2,-0.460000,0.343551,0.000000,-0.460000,0.343551,-0.000000,-0.460000,0.343551,-0.000000,0.000000,0.000000,0.000000,1
234,4.680000,4,gripper_r_palm,0.460000,0.363551,0.000000,0.460000,0.363551,-0.000000,0.460000,0.363551,-0.000000,0.000000,0.000000,0.000000,0
234,4.680000,5,gripper_r_finger1,0.460000,0.343551,-0.000000,0.460000,0.343551,-0.000000,0.460000,0.343551,-0.000000,0.000000,0.000000,0.000000,0
234,4.680000,6,gripper_r_finger2,0.460000,0.343551,0.000000,0.460000,0.343551,-0.000000,0.460000,0.343551,-0.000000,0.000000,0.000000,0.000000,1
235,4.700000,0,base,0.000000,0.150000,0.000000,0.000000,0.150000,0.000000,0.000000,0.150000,0.000000,0.000000,0.000000,0.000000,0
235,4.700000,1,gripper_l_palm,-0.460000,0.363551,0.000000,-0.460000,0.363551,-0.000000,-0.460000,0.363551,-0.000000,0.000000,0.000000,0.000000,0
235,4.700000,2,gripper_l_finger1,-0.460000,0.343551,0.000000,-0.460000,0.343551,-0.000000,-0.460000,0.343551,-0.000000,0.000000,0.000000,0.000000,0
235,4.700000,3,gripper_l_finger2,-0.460000,0.343551,-0.000000,-0.460000,0.343551,-0.000000,-0.460000,0.343551,-0.000000,0.000000,0.000000,0.000000,1
235,4.700000,4,gripper_r_palm,0.460000,0.363551,0.000000,0.460000,0.363551,-0.000000,0.460000,0.363551,-0.000000,0.000000,0.000000,0.000000,0
235,4.700000,5,gripper_r_finger1,0.460000,0.343551,0.000000,0.460000,0.343551,-0.000000,0.460000,0.343551,-0.000000,0.000000,0.000000,0.000000,0
235,4.700000,6,gripper_r_finger2,0.460000,0.343551,-0.000000,0.460000,0.343551,-0.000000,0.460000,0.343551,-0.000000,0.000000,0.000000,0.000000,1
236,4.720000,0,base,0.000000,0.150000,0.000000,0.000000,0.150000,0.000000,0.000000,0.150000,0.000000,0.000000,0.000000,0.000000,0
236,4.720000,1,gripper_l_palm,-0.460000,0.363551,0.000000,-0.460000,0.363551,-0.000000,-0.460000,0.363551,-0.000000,0.000000,0.000000,0.000000,0
236,4.720000,2,gripper_l_finger1,-0.460000,0.343551,-0.000000,-0.460000,0.343551,-0.000000,-0.460000,0.343551,-0.000000,0.000000,0.000000,0.000000,0
236,4.720000,3,gripper_l_finger2,-0.460000,0.343551,0.000000,-0.460000,0.343551,-0.000000,-0.460000,0.343551,-0.000000,0.000000,0.000000,0.000000,1
236,4.720000,4,gripper_r_palm,0.460000,0.363551,0.000000,0.460000,0.363551,-0.000000,0.460000,0.363551,-0.000000,0.000000,0.000000,0.000000,0
236,4.720000,5,gripper_r_finger1,0.460000,0.343551,-0.000000,0.460000,0.343551,-0.000000,0.460000,0.343551,-0.000000,0.000000,0.000000,0.000000,0
236,4.720000,6,gripper_r_finger2,0.460000,0.343551,0.000000,0.460000,0.343551,-0.000000,0.460000,0.343551,-0.000000,0.000000,0.000000,0.000000,1
237,4.740000,0,base,0.000000,0.150000,0.000000,0.000000,0.150000,0.000000,0.000000,0.150000,0.000000,0.000000,0.000000,0.000000,0
237,4.740000,1,gripper_l_palm,-0.460000,0.363551,0.000000,-0.460000,0.363551,-0.000000,-0.460000,0.363551,-0.000000,0.000000,0.000000,0.000000,0
237,4.740000,2,gripper_l_finger1,-0.460000,0.343551,-0.000000,-0.460000,0.343551,-0.000000,-0.460000,0.343551,-0.000000,0.000000,0.000000,0.000000,0
237,4.740000,3,gripper_l_finger2,-0.460000,0.343551,0.000000,-0.460000,0.343551,-0.000000,-0.460000,0.343551,-0.000000,0.000000,0.000000,0.000000,1
237,4.740000,4,gripper_r_palm,0.460000,0.363551,0.000000,0.460000,0.363551,-0.000000,0.460000,0.363551,-0.000000,0.000000,0.000000,0.000000,0
237,4.740000,5,gripper_r_finger1,0.460000,0.343551,-0.000000,0.460000,0.343551,-0.000000,0.460000,0.343551,-0.000000,0.000000,0.000000,0.000000,0
237,4.740000,6,gripper_r_finger2,0.460000,0.343551,0.000000,0.460000,0.343551,-0.000000,0.460000,0.343551,-0.000000,0.000000,0.000000,0.000000,1
238,4.760000,0,base,0.000000,0.150000,0.000000,0.000000,0.150000,0.000000,0.000000,0.150000,0.000000,0.000000,0.000000,0.000000,0
238,4.760000,1,gripper_l_palm,-0.460000,0.363551,0.000000,-0.460000,0.363551,-0.000000,-0.460000,0.363551,-0.000000,0.000000,0.000000,0.000000,0
238,4.760000,2,gripper_l_finger1,-0.460000,0.343551,-0.000000,-0.460000,0.343551,-0.000000,-0.460000,0.343551,-0.000000,0.000000,0.000000,0.000000,0
238,4.760000,3,gripper_l_finger2,-0.460000,0.343551,0.000000,-0.460000,0.343551,-0.000000,-0.460000,0.343551,-0.000000,0.000000,0.000000,0.000000,1
238,4.760000,4,gripper_r_palm,0.460000,0.363551,0.000000,0.460000,0.363551,-0.000000,0.460000,0.363551,-0.000000,0.000000,0.000000,0.000000,0
238,4.760000,5,gripper_r_finger1,0.460000,0.343551,-0.000000,0.460000,0.343551,-0.000000,0.460000,0.343551,-0.000000,0.000000,0.000000,0.000000,0
238,4.760000,6,gripper_r_finger2,0.460000,0.343551,0.000000,0.460000,0.343551,-0.000000,0.460000,0.343551,-0.000000,0.000000,0.000000,0.000000,1
239,4.780000,0,base,0.000000,0.150000,0.000000,0.000000,0.150000,0.000000,0.000000,0.150000,0.000000,0.000000,0.000000,0.000000,0
239,4.780000,1,gripper_l_palm,-0.460000,0.363551,0.000000,-0.460000,0.363551,-0.000000,-0.460000,0.363551,-0.000000,0.000000,0.000000,0.000000,0
239,4.780000,2,gripper_l_finger1,-0.460000,0.343551,-0.000000,-0.460000,0.343551,-0.000000,-0.460000,0.343551,-0.000000,0.000000,0.000000,0.000000,0
239,4.780000,3,gripper_l_finger2,-0.460000,0.343551,0.000000,-0.460000,0.343551,-0.000000,-0.460000,0.343551,-0.000000,0.000000,0.000000,0.000000,1
239,4.780000,4,gripper_r_palm,0.460000,0.363551,0.000000,0.460000,0.363551,-0.000000,0.460000,0.363551,-0.000000,0.000000,0.000000,0.000000,0
239,4.780000,5,gripper_r_finger1,0.460000,0.343551,-0.000000,0.460000,0.343551,-0.000000,0.460000,0.343551,-0.000000,0.000000,0.000000,0.000000,0
239,4.780000,6,gripper_r_finger2,0.460000,0.343551,0.000000,0.460000,0.343551,-0.000000,0.460000,0.343551,-0.000000,0.000000,0.000000,0.000000,1
240,4.800000,0,base,0.000000,0.150000,0.000000,0.000000,0.150000,0.000000,0.000000,0.150000,0.000000,0.000000,0.000000,0.000000,0
240,4.800000,1,gripper_l_palm,-0.460000,0.363551,0.000000,-0.460000,0.363551,-0.000000,-0.460000,0.363551,-0.000000,0.000000,0.000000,0.000000,0
240,4.800000,2,gripper_l_finger1,-0.460000,0.343551,0.000000,-0.460000,0.343551,-0.000000,-0.460000,0.343551,-0.000000,0.000000,0.000000,0.000000,0
240,4.800000,3,gripper_l_finger2,-0.460000,0.343551,-0.000000,-0.460000,0.343551,-0.000000,-0.460000,0.343551,-0.000000,0.000000,0.000000,0.000000,1
240,4.800000,4,gripper_r_palm,0.460000,0.363551,0.000000,0.460000,0.363551,-0.000000,0.460000,0.363551,-0.000000,0.000000,0.000000,0.000000,0
240,4.800000,5,gripper_r_finger1,0.460000,0.343551,0.000000,0.460000,0.343551,-0.000000,0.460000,0.343551,-0.000000,0.000000,0.000000,0.000000,0
240,4.800000,6,gripper_r_finger2,0.460000,0.343551,-0.000000,0.460000,0.343551,-0.000000,0.460000,0.343551,-0.000000,0.000000,0.000000,0.000000,1
241,4.820000,0,base,0.000000,0.150000,0.000000,0.000000,0.150000,0.000000,0.000000,0.150000,0.000000,0.000000,0.000000,0.000000,0
241,4.820000,1,gripper_l_palm,-0.460000,0.363551,0.000000,-0.460000,0.363551,-0.000000,-0.460000,0.363551,-0.000000,0.000000,0.000000,0.000000,0
241,4.820000,2,gripper_l_finger1,-0.460000,0.343551,-0.000000,-0.460000,0.343551,-0.000000,-0.460000,0.343551,-0.000000,0.000000,0.000000,0.000000,0
241,4.820000,3,gripper_l_finger2,-0.460000,0.343551,0.000000,-0.460000,0.343551,-0.000000,-0.460000,0.343551,-0.000000,0.000000,0.000000,0.000000,1
241,4.820000,4,gripper_r_palm,0.460000,0.363551,0.000000,0.460000,0.363551,-0.000000,0.460000,0.363551,-0.000000,0.000000,0.000000,0.000000,0
241,4.820000,5,gripper_r_finger1,0.460000,0.343551,-0.000000,0.460000,0.343551,-0.000000,0.460000,0.343551,-0.000000,0.000000,0.000000,0.000000,0
241,4.820000,6,gripper_r_finger2,0.460000,0.343551,0.000000,0.460000,0.343551,-0.000000,0.460000,0.343551,-0.000000,0.000000,0.000000,0.000000,1
242,4.840000,0,base,0.000000,0.150000,0.000000,0.000000,0.150000,0.000000,0.000000,0.150000,0.000000,0.000000,0.000000,0.000000,0
242,4.840000,1,gripper_l_palm,-0.460000,0.363551,0.000000,-0.460000,0.363551,-0.000000,-0.460000,0.363551,-0.000000,0.000000,0.000000,0.000000,0
242,4.840000,2,gripper_l_finger1,-0.460000,0.343551,-0.000000,-0.460000,0.343551,-0.000000,-0.460000,0.343551,-0.000000,0.000000,0.000000,0.000000,0
242,4.840000,3,gripper_l_finger2,-0.460000,0.343551,0.000000,-0.460000,0.343551,-0.000000,-0.460000,0.343551,-0.000000,0.000000,0.000000,0.000000,1
242,4.840000,4,gripper_r_palm,0.460000,0.363551,0.000000,0.460000,0.363551,-0.000000,0.460000,0.363551,-0.000000,0.000000,0.000000,0.000000,0
242,4.840000,5,gripper_r_finger1,0.460000,0.343551,-0.000000,0.460000,0.343551,-0.000000,0.460000,0.343551,-0.000000,0.000000,0.000000,0.000000,0
242,4.840000,6,gripper_r_finger2,0.460000,0.343551,0.000000,0.460000,0.343551,-0.000000,0.460000,0.343551,-0.000000,0.000000,0.000000,0.000000,1
243,4.860000,0,base,0.000000,0.150000,0.000000,0.000000,0.150000,0.000000,0.000000,0.150000,0.000000,0.000000,0.000000,0.000000,0
243,4.860000,1,gripper_l_palm,-0.460000,0.363551,0.000000,-0.460000,0.363551,-0.000000,-0.460000,0.363551,-0.000000,0.000000,0.000000,0.000000,0
243,4.860000,2,gripper_l_finger1,-0.460000,0.343551,-0.000000,-0.460000,0.343551,-0.000000,-0.460000,0.343551,-0.000000,0.000000,0.000000,0.000000,0
243,4.860000,3,gripper_l_finger2,-0.460000,0.343551,0.000000,-0.460000,0.343551,-0.000000,-0.460000,0.343551,-0.000000,0.000000,0.000000,0.000000,1
243,4.860000,4,gripper_r_palm,0.460000,0.363551,0.000000,0.460000,0.363551,-0.000000,0.460000,0.363551,-0.000000,0.000000,0.000000,0.000000,0
243,4.860000,5,gripper_r_finger1,0.460000,0.343551,-0.000000,0.460000,0.343551,-0.000000,0.460000,0.343551,-0.000000,0.000000,0.000000,0.000000,0
243,4.860000,6,gripper_r_finger2,0.460000,0.343551,0.000000,0.460000,0.343551,-0.000000,0.460000,0.343551,-0.000000,0.000000,0.000000,0.000000,1
244,4.880000,0,base,0.000000,0.150000,0.000000,0.000000,0.150000,0.000000,0.000000,0.150000,0.000000,0.000000,0.000000,0.000000,0
244,4.880000,1,gripper_l_palm,-0.460000,0.363551,0.000000,-0.460000,0.363551,-0.000000,-0.460000,0.363551,-0.000000,0.000000,0.000000,0.000000,0
244,4.880000,2,gripper_l_finger1,-0.460000,0.343551,0.000000,-0.460000,0.343551,-0.000000,-0.460000,0.343551,-0.000000,0.000000,0.000000,0.000000,0
244,4.880000,3,gripper_l_finger2,-0.460000,0.343551,-0.000000,-0.460000,0.343551,-0.000000,-0.460000,0.343551,-0.000000,0.000000,0.000000,0.000000,1
244,4.880000,4,gripper_r_palm,0.460000,0.363551,0.000000,0.460000,0.363551,-0.000000,0.460000,0.363551,-0.000000,0.000000,0.000000,0.000000,0
244,4.880000,5,gripper_r_finger1,0.460000,0.343551,0.000000,0.460000,0.343551,-0.000000,0.460000,0.343551,-0.000000,0.000000,0.000000,0.000000,0
244,4.880000,6,gripper_r_finger2,0.460000,0.343551,-0.000000,0.460000,0.343551,-0.000000,0.460000,0.343551,-0.000000,0.000000,0.000000,0.000000,1
245,4.900000,0,base,0.000000,0.150000,0.000000,0.000000,0.150000,0.000000,0.000000,0.150000,0.000000,0.000000,0.000000,0.000000,0
245,4.900000,1,gripper_l_palm,-0.460000,0.363551,0.000000,-0.460000,0.363551,-0.000000,-0.460000,0.363551,-0.000000,0.000000,0.000000,0.000000,0
245,4.900000,2,gripper_l_finger1,-0.460000,0.343551,0.000000,-0.460000,0.343551,-0.000000,-0.460000,0.343551,-0.000000,0.000000,0.000000,0.000000,0
245,4.900000,3,gripper_l_finger2,-0.460000,0.343551,-0.000000,-0.460000,0.343551,-0.000000,-0.460000,0.343551,-0.000000,0.000000,0.000000,0.000000,1
245,4.900000,4,gripper_r_palm,0.460000,0.363551,0.000000,0.460000,0.363551,-0.000000,0.460000,0.363551,-0.000000,0.000000,0.000000,0.000000,0
245,4.900000,5,gripper_r_finger1,0.460000,0.343551,0.000000,0.460000,0.343551,-0.000000,0.460000,0.343551,-0.000000,0.000000,0.000000,0.000000,0
245,4.900000,6,gripper_r_finger2,0.460000,0.343551,-0.000000,0.460000,0.343551,-0.000000,0.460000,0.343551,-0.000000,0.000000,0.000000,0.000000,1
246,4.920000,0,base,0.000000,0.150000,0.000000,0.000000,0.150000,0.000000,0.000000,0.150000,0.000000,0.000000,0.000000,0.000000,0
246,4.920000,1,gripper_l_palm,-0.460000,0.363551,0.000000,-0.460000,0.363551,-0.000000,-0.460000,0.363551,-0.000000,0.000000,0.000000,0.000000,0
246,4.920000,2,gripper_l_finger1,-0.460000,0.343551,0.000000,-0.460000,0.343551,-0.000000,-0.460000,0.343551,-0.000000,0.000000,0.000000,0.000000,0
246,4.920000,3,gripper_l_finger2,-0.460000,0.343551,-0.000000,-0.460000,0.343551,-0.000000,-0.460000,0.343551,-0.000000,0.000000,0.000000,0.000000,1
246,4.920000,4,gripper_r_palm,0.460000,0.363551,0.000000,0.460000,0.363551,-0.000000,0.460000,0.363551,-0.000000,0.000000,0.000000,0.000000,0
246,4.920000,5,gripper_r_finger1,0.460000,0.343551,0.000000,0.460000,0.343551,-0.000000,0.460000,0.343551,-0.000000,0.000000,0.000000,0.000000,0
246,4.920000,6,gripper_r_finger2,0.460000,0.343551,-0.000000,0.460000,0.343551,-0.000000,0.460000,0.343551,-0.000000,0.000000,0.000000,0.000000,1
247,4.940000,0,base,0.000000,0.150000,0.000000,0.000000,0.150000,0.000000,0.000000,0.150000,0.000000,0.000000,0.000000,0.000000,0
247,4.940000,1,gripper_l_palm,-0.460000,0.363551,0.000000,-0.460000,0.363551,-0.000000,-0.460000,0.363551,-0.000000,0.000000,0.000000,0.000000,0
247,4.940000,2,gripper_l_finger1,-0.460000,0.343551,-0.000000,-0.460000,0.343551,-0.000000,-0.460000,0.343551,-0.000000,0.000000,0.000000,0.000000,0
247,4.940000,3,gripper_l_finger2,-0.460000,0.343551,0.000000,-0.460000,0.343551,-0.000000,-0.460000,0.343551,-0.000000,0.000000,0.000000,0.000000,1
247,4.940000,4,gripper_r_palm,0.460000,0.363551,0.000000,0.460000,0.363551,-0.000000,0.460000,0.363551,-0.000000,0.000000,0.000000,0.000000,0
247,4.940000,5,gripper_r_finger1,0.460000,0.343551,-0.000000,0.460000,0.343551,-0.000000,0.460000,0.343551,-0.000000,0.000000,0.000000,0.000000,0
247,4.940000,6,gripper_r_finger2,0.460000,0.343551,0.000000,0.460000,0.343551,-0.000000,0.460000,0.343551,-0.000000,0.000000,0.000000,0.000000,1
248,4.960000,0,base,0.000000,0.150000,0.000000,0.000000,0.150000,0.000000,0.000000,0.150000,0.000000,0.000000,0.000000,0.000000,0
248,4.960000,1,gripper_l_palm,-0.460000,0.363551,0.000000,-0.460000,0.363551,-0.000000,-0.460000,0.363551,-0.000000,0.000000,0.000000,0.000000,0
248,4.960000,2,gripper_l_finger1,-0.460000,0.343551,-0.000000,-0.460000,0.343551,-0.000000,-0.460000,0.343551,-0.000000,0.000000,0.000000,0.000000,3
248,4.960000,3,gripper_l_finger2,-0.460000,0.343551,0.000000,-0.460000,0.343551,-0.000000,-0.460000,0.343551,-0.000000,0.000000,0.000000,0.000000,2
248,4.960000,4,gripper_r_palm,0.460000,0.363551,0.000000,0.460000,0.363551,-0.000000,0.460000,0.363551,-0.000000,0.000000,0.000000,0.000000,0
248,4.960000,5,gripper_r_finger1,0.460000,0.343551,-0.000000,0.460000,0.343551,-0.000000,0.460000,0.343551,-0.000000,0.000000,0.000000,0.000000,3
248,4.960000,6,gripper_r_finger2,0.460000,0.343551,0.000000,0.460000,0.343551,-0.000000,0.460000,0.343551,-0.000000,0.000000,0.000000,0.000000,2
249,4.980000,0,base,0.000000,0.150000,0.000000,0.000000,0.150000,0.000000,0.000000,0.150000,0.000000,0.000000,0.000000,0.000000,0
249,4.980000,1,gripper_l_palm,-0.460000,0.363551,0.000000,-0.460000,0.363551,-0.000000,-0.460000,0.363551,-0.000000,0.000000,0.000000,0.000000,0
249,4.980000,2,gripper_l_finger1,-0.460000,0.343551,0.000000,-0.460000,0.343551,-0.000000,-0.460000,0.343551,-0.000000,0.000000,0.000000,0.000000,0
249,4.980000,3,gripper_l_finger2,-0.460000,0.343551,-0.000000,-0.460000,0.343551,-0.000000,-0.460000,0.343551,-0.000000,0.000000,0.000000,0.000000,1
249,4.980000,4,gripper_r_palm,0.460000,0.363551,0.000000,0.460000,0.363551,-0.000000,0.460000,0.363551,-0.000000,0.000000,0.000000,0.000000,0
249,4.980000,5,gripper_r_finger1,0.460000,0.343551,0.000000,0.460000,0.343551,-0.000000,0.460000,0.343551,-0.000000,0.000000,0.000000,0.000000,0
249,4.980000,6,gripper_r_finger2,0.460000,0.343551,-0.000000,0.460000,0.343551,-0.000000,0.460000,0.343551,-0.000000,0.000000,0.000000,0.000000,1
250,5.000000,0,base,0.000000,0.150000,0.000000,0.000000,0.150000,0.000000,0.000000,0.150000,0.000000,0.000000,0.000000,0.000000,0
250,5.000000,1,gripper_l_palm,-0.460000,0.363551,0.000000,-0.460000,0.363551,-0.000000,-0.460000,0.363551,-0.000000,0.000000,0.000000,0.000000,0
250,5.000000,2,gripper_l_finger1,-0.460000,0.343551,-0.000000,-0.460000,0.343551,-0.000000,-0.460000,0.343551,-0.000000,0.000000,0.000000,0.000000,0
250,5.000000,3,gripper_l_finger2,-0.460000,0.343551,0.000000,-0.460000,0.343551,-0.000000,-0.460000,0.343551,-0.000000,0.000000,0.000000,0.000000,1
250,5.000000,4,gripper_r_palm,0.460000,0.363551,0.000000,0.460000,0.363551,-0.000000,0.460000,0.363551,-0.000000,0.000000,0.000000,0.000000,0
250,5.000000,5,gripper_r_finger1,0.460000,0.343551,-0.000000,0.460000,0.343551,-0.000000,0.460000,0.343551,-0.000000,0.000000,0.000000,0.000000,0
250,5.000000,6,gripper_r_finger2,0.460000,0.343551,0.000000,0.460000,0.343551,-0.000000,0.460000,0.343551,-0.000000,0.000000,0.000000,0.000000,1
251,5.020000,0,base,0.000000,0.150000,0.000000,0.000000,0.150000,0.000000,0.000000,0.150000,0.000000,0.000000,0.000000,0.000000,0
251,5.020000,1,gripper_l_palm,-0.460000,0.363551,0.000000,-0.460000,0.363551,-0.000000,-0.460000,0.363551,-0.000000,0.000000,0.000000,0.000000,0
251,5.020000,2,gripper_l_finger1,-0.460000,0.343551,-0.000000,-0.460000,0.343551,-0.000000,-0.460000,0.343551,-0.000000,0.000000,0.000000,0.000000,0
251,5.020000,3,gripper_l_finger2,-0.460000,0.343551,0.000000,-0.460000,0.343551,-0.000000,-0.460000,0.343551,-0.000000,0.000000,0.000000,0.000000,1
251,5.020000,4,gripper_r_palm,0.460000,0.363551,0.000000,0.460000,0.363551,-0.000000,0.460000,0.363551,-0.000000,0.000000,0.000000,0.000000,0
251,5.020000,5,gripper_r_finger1,0.460000,0.343551,-0.000000,0.460000,0.343551,-0.000000,0.460000,0.343551,-0.000000,0.000000,0.000000,0.000000,0
251,5.020000,6,gripper_r_finger2,0.460000,0.343551,0.000000,0.460000,0.343551,-0.000000,0.460000,0.343551,-0.000000,0.000000,0.000000,0.000000,1
252,5.040000,0,base,0.000000,0.150000,0.000000,0.000000,0.150000,0.000000,0.000000,0.150000,0.000000,0.000000,0.000000,0.000000,0
252,5.040000,1,gripper_l_palm,-0.460000,0.363551,0.000000,-0.460000,0.363551,-0.000000,-0.460000,0.363551,-0.000000,0.000000,0.000000,0.000000,0
252,5.040000,2,gripper_l_finger1,-0.460000,0.343551,-0.000000,-0.460000,0.343551,-0.000000,-0.460000,0.343551,-0.000000,0.000000,0.000000,0.000000,0
252,5.040000,3,gripper_l_finger2,-0.460000,0.343551,0.000000,-0.460000,0.343551,-0.000000,-0.460000,0.343551,-0.000000,0.000000,0.000000,0.000000,1
252,5.040000,4,gripper_r_palm,0.460000,0.363551,0.000000,0.460000,0.363551,-0.000000,0.460000,0.363551,-0.000000,0.000000,0.000000,0.000000,0
252,5.040000,5,gripper_r_finger1,0.460000,0.343551,-0.000000,0.460000,0.343551,-0.000000,0.460000,0.343551,-0.000000,0.000000,0.000000,0.000000,0
252,5.040000,6,gripper_r_finger2,0.460000,0.343551,0.000000,0.460000,0.343551,-0.000000,0.460000,0.343551,-0.000000,0.000000,0.000000,0.000000,1
253,5.060000,0,base,0.000000,0.150000,0.000000,0.000000,0.150000,0.000000,0.000000,0.150000,0.000000,0.000000,0.000000,0.000000,0
253,5.060000,1,gripper_l_palm,-0.460000,0.363551,0.000000,-0.460000,0.363551,-0.000000,-0.460000,0.363551,-0.000000,0.000000,0.000000,0.000000,0
253,5.060000,2,gripper_l_finger1,-0.460000,0.343551,0.000000,-0.460000,0.343551,-0.000000,-0.460000,0.343551,-0.000000,0.000000,0.000000,0.000000,0
253,5.060000,3,gripper_l_finger2,-0.460000,0.343551,-0.000000,-0.460000,0.343551,-0.000000,-0.460000,0.343551,-0.000000,0.000000,0.000000,0.000000,1
253,5.060000,4,gripper_r_palm,0.460000,0.363551,0.000000,0.460000,0.363551,-0.000000,0.460000,0.363551,-0.000000,0.000000,0.000000,0.000000,0
253,5.060000,5,gripper_r_finger1,0.460000,0.343551,0.000000,0.460000,0.343551,-0.000000,0.460000,0.343551,-0.000000,0.000000,0.000000,0.000000,0
253,5.060000,6,gripper_r_finger2,0.460000,0.343551,-0.000000,0.460000,0.343551,-0.000000,0.460000,0.343551,-0.000000,0.000000,0.000000,0.000000,1
254,5.080000,0,base,0.000000,0.150000,0.000000,0.000000,0.150000,0.000000,0.000000,0.150000,0.000000,0.000000,0.000000,0.000000,0
254,5.080000,1,gripper_l_palm,-0.460000,0.363551,0.000000,-0.460000,0.363551,-0.000000,-0.460000,0.363551,-0.000000,0.000000,0.000000,0.000000,0
254,5.080000,2,gripper_l_finger1,-0.460000,0.343551,0.000000,-0.460000,0.343551,-0.000000,-0.460000,0.343551,-0.000000,0.000000,0.000000,0.000000,0
254,5.080000,3,gripper_l_finger2,-0.460000,0.343551,-0.000000,-0.460000,0.343551,-0.000000,-0.460000,0.343551,-0.000000,0.000000,0.000000,0.000000,1
254,5.080000,4,gripper_r_palm,0.460000,0.363551,0.000000,0.460000,0.363551,-0.000000,0.460000,0.363551,-0.000000,0.000000,0.000000,0.000000,0
254,5.080000,5,gripper_r_finger1,0.460000,0.343551,0.000000,0.460000,0.343551,-0.000000,0.460000,0.343551,-0.000000,0.000000,0.000000,0.000000,0
254,5.080000,6,gripper_r_finger2,0.460000,0.343551,-0.000000,0.460000,0.343551,-0.000000,0.460000,0.343551,-0.000000,0.000000,0.000000,0.000000,1
255,5.100000,0,base,0.000000,0.150000,0.000000,0.000000,0.150000,0.000000,0.000000,0.150000,0.000000,0.000000,0.000000,0.000000,0
255,5.100000,1,gripper_l_palm,-0.460000,0.363551,0.000000,-0.460000,0.363551,-0.000000,-0.460000,0.363551,-0.000000,0.000000,0.000000,0.000000,0
255,5.100000,2,gripper_l_finger1,-0.460000,0.343551,-0.000000,-0.460000,0.343551,-0.000000,-0.460000,0.343551,-0.000000,0.000000,0.000000,0.000000,0
255,5.100000,3,gripper_l_finger2,-0.460000,0.343551,0.000000,-0.460000,0.343551,-0.000000,-0.460000,0.343551,-0.000000,0.000000,0.000000,0.000000,1
255,5.100000,4,gripper_r_palm,0.460000,0.363551,0.000000,0.460000,0.363551,-0.000000,0.460000,0.363551,-0.000000,0.000000,0.000000,0.000000,0
255,5.100000,5,gripper_r_finger1,0.460000,0.343551,-0.000000,0.460000,0.343551,-0.000000,0.460000,0.343551,-0.000000,0.000000,0.000000,0.000000,0
255,5.100000,6,gripper_r_finger2,0.460000,0.343551,0.000000,0.460000,0.343551,-0.000000,0.460000,0.343551,-0.000000,0.000000,0.000000,0.000000,1
256,5.120000,0,base,0.000000,0.150000,0.000000,0.000000,0.150000,0.000000,0.000000,0.150000,0.000000,0.000000,0.000000,0.000000,0
256,5.120000,1,gripper_l_palm,-0.460000,0.363551,0.000000,-0.460000,0.363551,-0.000000,-0.460000,0.363551,-0.000000,0.000000,0.000000,0.000000,0
256,5.120000,2,gripper_l_finger1,-0.460000,0.343551,-0.000000,-0.460000,0.343551,-0.000000,-0.460000,0.343551,-0.000000,0.000000,0.000000,0.000000,0
256,5.120000,3,gripper_l_finger2,-0.460000,0.343551,0.000000,-0.460000,0.343551,-0.000000,-0.460000,0.343551,-0.000000,0.000000,0.000000,0.000000,1
256,5.120000,4,gripper_r_palm,0.460000,0.363551,0.000000,0.460000,0.363551,-0.000000,0.460000,0.363551,-0.000000,0.000000,0.000000,0.000000,0
256,5.120000,5,gripper_r_finger1,0.460000,0.343551,-0.000000,0.460000,0.343551,-0.000000,0.460000,0.343551,-0.000000,0.000000,0.000000,0.000000,0
256,5.120000,6,gripper_r_finger2,0.460000,0.343551,0.000000,0.460000,0.343551,-0.000000,0.460000,0.343551,-0.000000,0.000000,0.000000,0.000000,1
257,5.140000,0,base,0.000000,0.150000,0.000000,0.000000,0.150000,0.000000,0.000000,0.150000,0.000000,0.000000,0.000000,0.000000,0
257,5.140000,1,gripper_l_palm,-0.460000,0.363551,0.000000,-0.460000,0.363551,-0.000000,-0.460000,0.363551,-0.000000,0.000000,0.000000,0.000000,0
257,5.140000,2,gripper_l_finger1,-0.460000,0.343551,-0.000000,-0.460000,0.343551,-0.000000,-0.460000,0.343551,-0.000000,0.000000,0.000000,0.000000,0
257,5.140000,3,gripper_l_finger2,-0.460000,0.343551,0.000000,-0.460000,0.343551,-0.000000,-0.460000,0.343551,-0.000000,0.000000,0.000000,0.000000,1
257,5.140000,4,gripper_r_palm,0.460000,0.363551,0.000000,0.460000,0.363551,-0.000000,0.460000,0.363551,-0.000000,0.000000,0.000000,0.000000,0
257,5.140000,5,gripper_r_finger1,0.460000,0.343551,-0.000000,0.460000,0.343551,-0.000000,0.460000,0.343551,-0.000000,0.000000,0.000000,0.000000,0
257,5.140000,6,gripper_r_finger2,0.460000,0.343551,0.000000,0.460000,0.343551,-0.000000,0.460000,0.343551,-0.000000,0.000000,0.000000,0.000000,1
258,5.160000,0,base,0.000000,0.150000,0.000000,0.000000,0.150000,0.000000,0.000000,0.150000,0.000000,0.000000,0.000000,0.000000,0
258,5.160000,1,gripper_l_palm,-0.460000,0.363551,0.000000,-0.460000,0.363551,-0.000000,-0.460000,0.363551,-0.000000,0.000000,0.000000,0.000000,0
258,5.160000,2,gripper_l_finger1,-0.460000,0.343551,0.000000,-0.460000,0.343551,-0.000000,-0.460000,0.343551,-0.000000,0.000000,0.000000,0.000000,0
258,5.160000,3,gripper_l_finger2,-0.460000,0.343551,-0.000000,-0.460000,0.343551,-0.000000,-0.460000,0.343551,-0.000000,0.000000,0.000000,0.000000,1
258,5.160000,4,gripper_r_palm,0.460000,0.363551,0.000000,0.460000,0.363551,-0.000000,0.460000,0.363551,-0.000000,0.000000,0.000000,0.000000,0
258,5.160000,5,gripper_r_finger1,0.460000,0.343551,0.000000,0.460000,0.343551,-0.000000,0.460000,0.343551,-0.000000,0.000000,0.000000,0.000000,0
258,5.160000,6,gripper_r_finger2,0.460000,0.343551,-0.000000,0.460000,0.343551,-0.000000,0.460000,0.343551,-0.000000,0.000000,0.000000,0.000000,1
259,5.180000,0,base,0.000000,0.150000,0.000000,0.000000,0.150000,0.000000,0.000000,0.150000,0.000000,0.000000,0.000000,0.000000,0
259,5.180000,1,gripper_l_palm,-0.460000,0.363551,0.000000,-0.460000,0.363551,-0.000000,-0.460000,0.363551,-0.000000,0.000000,0.000000,0.000000,0
259,5.180000,2,gripper_l_finger1,-0.460000,0.343551,0.000000,-0.460000,0.343551,-0.000000,-0.460000,0.343551,-0.000000,0.000000,0.000000,0.000000,0
259,5.180000,3,gripper_l_finger2,-0.460000,0.343551,-0.000000,-0.460000,0.343551,-0.000000,-0.460000,0.343551,-0.000000,0.000000,0.000000,0.000000,1
259,5.180000,4,gripper_r_palm,0.460000,0.363551,0.000000,0.460000,0.363551,-0.000000,0.460000,0.363551,-0.000000,0.000000,0.000000,0.000000,0
259,5.180000,5,gripper_r_finger1,0.460000,0.343551,0.000000,0.460000,0.343551,-0.000000,0.460000,0.343551,-0.000000,0.000000,0.000000,0.000000,0
259,5.180000,6,gripper_r_finger2,0.460000,0.343551,-0.000000,0.460000,0.343551,-0.000000,0.460000,0.343551,-0.000000,0.000000,0.000000,0.000000,1
260,5.200000,0,base,0.000000,0.150000,0.000000,0.000000,0.150000,0.000000,0.000000,0.150000,0.000000,0.000000,0.000000,0.000000,0
260,5.200000,1,gripper_l_palm,-0.460000,0.363551,0.000000,-0.460000,0.363551,-0.000000,-0.460000,0.363551,-0.000000,0.000000,0.000000,0.000000,0
260,5.200000,2,gripper_l_finger1,-0.460000,0.343551,0.000000,-0.460000,0.343551,-0.000000,-0.460000,0.343551,-0.000000,0.000000,0.000000,0.000000,0
260,5.200000,3,gripper_l_finger2,-0.460000,0.343551,-0.000000,-0.460000,0.343551,-0.000000,-0.460000,0.343551,-0.000000,0.000000,0.000000,0.000000,1
260,5.200000,4,gripper_r_palm,0.460000,0.363551,0.000000,0.460000,0.363551,-0.000000,0.460000,0.363551,-0.000000,0.000000,0.000000,0.000000,0
260,5.200000,5,gripper_r_finger1,0.460000,0.343551,0.000000,0.460000,0.343551,-0.000000,0.460000,0.343551,-0.000000,0.000000,0.000000,0.000000,0
260,5.200000,6,gripper_r_finger2,0.460000,0.343551,-0.000000,0.460000,0.343551,-0.000000,0.460000,0.343551,-0.000000,0.000000,0.000000,0.000000,1
261,5.220000,0,base,0.000000,0.150000,0.000000,0.000000,0.150000,0.000000,0.000000,0.150000,0.000000,0.000000,0.000000,0.000000,0
261,5.220000,1,gripper_l_palm,-0.460000,0.363551,0.000000,-0.460000,0.363551,-0.000000,-0.460000,0.363551,-0.000000,0.000000,0.000000,0.000000,0
261,5.220000,2,gripper_l_finger1,-0.460000,0.343551,0.000000,-0.460000,0.343551,-0.000000,-0.460000,0.343551,-0.000000,0.000000,0.000000,0.000000,0
261,5.220000,3,gripper_l_finger2,-0.460000,0.343551,-0.000000,-0.460000,0.343551,-0.000000,-0.460000,0.343551,-0.000000,0.000000,0.000000,0.000000,1
261,5.220000,4,gripper_r_palm,0.460000,0.363551,0.000000,0.460000,0.363551,-0.000000,0.460000,0.363551,-0.000000,0.000000,0.000000,0.000000,0
261,5.220000,5,gripper_r_finger1,0.460000,0.343551,0.000000,0.460000,0.343551,-0.000000,0.460000,0.343551,-0.000000,0.000000,0.000000,0.000000,0
261,5.220000,6,gripper_r_finger2,0.460000,0.343551,-0.000000,0.460000,0.343551,-0.000000,0.460000,0.343551,-0.000000,0.000000,0.000000,0.000000,1
262,5.240000,0,base,0.000000,0.150000,0.000000,0.000000,0.150000,0.000000,0.000000,0.150000,0.000000,0.000000,0.000000,0.000000,0
262,5.240000,1,gripper_l_palm,-0.460000,0.363551,0.000000,-0.460000,0.363551,-0.000000,-0.460000,0.363551,-0.000000,0.000000,0.000000,0.000000,0
262,5.240000,2,gripper_l_finger1,-0.460000,0.343551,-0.000000,-0.460000,0.343551,-0.000000,-0.460000,0.343551,-0.000000,0.000000,0.000000,0.000000,0
262,5.240000,3,gripper_l_finger2,-0.460000,0.343551,0.000000,-0.460000,0.343551,-0.000000,-0.460000,0.343551,-0.000000,0.000000,0.000000,0.000000,1
262,5.240000,4,gripper_r_palm,0.460000,0.363551,0.000000,0.460000,0.363551,-0.000000,0.460000,0.363551,-0.000000,0.000000,0.000000,0.000000,0
262,5.240000,5,gripper_r_finger1,0.460000,0.343551,-0.000000,0.460000,0.343551,-0.000000,0.460000,0.343551,-0.000000,0.000000,0.000000,0.000000,0
262,5.240000,6,gripper_r_finger2,0.460000,0.343551,0.000000,0.460000,0.343551,-0.000000,0.460000,0.343551,-0.000000,0.000000,0.000000,0.000000,1
263,5.260000,0,base,0.000000,0.150000,0.000000,0.000000,0.150000,0.000000,0.000000,0.150000,0.000000,0.000000,0.000000,0.000000,0
263,5.260000,1,gripper_l_palm,-0.460000,0.363551,0.000000,-0.460000,0.363551,-0.000000,-0.460000,0.363551,-0.000000,0.000000,0.000000,0.000000,0
263,5.260000,2,gripper_l_finger1,-0.460000,0.343551,0.000000,-0.460000,0.343551,-0.000000,-0.460000,0.343551,-0.000000,0.000000,0.000000,0.000000,0
263,5.260000,3,gripper_l_finger2,-0.460000,0.343551,-0.000000,-0.460000,0.343551,-0.000000,-0.460000,0.343551,-0.000000,0.000000,0.000000,0.000000,1
263,5.260000,4,gripper_r_palm,0.460000,0.363551,0.000000,0.460000,0.363551,-0.000000,0.460000,0.363551,-0.000000,0.000000,0.000000,0.000000,0
263,5.260000,5,gripper_r_finger1,0.460000,0.343551,0.000000,0.460000,0.343551,-0.000000,0.460000,0.343551,-0.000000,0.000000,0.000000,0.000000,0
263,5.260000,6,gripper_r_finger2,0.460000,0.343551,-0.000000,0.460000,0.343551,-0.000000,0.460000,0.343551,-0.000000,0.000000,0.000000,0.000000,1
264,5.280000,0,base,0.000000,0.150000,0.000000,0.000000,0.150000,0.000000,0.000000,0.150000,0.000000,0.000000,0.000000,0.000000,0
264,5.280000,1,gripper_l_palm,-0.460000,0.363551,0.000000,-0.460000,0.363551,-0.000000,-0.460000,0.363551,-0.000000,0.000000,0.000000,0.000000,0
264,5.280000,2,gripper_l_finger1,-0.460000,0.343551,0.000000,-0.460000,0.343551,-0.000000,-0.460000,0.343551,-0.000000,0.000000,0.000000,0.000000,0
264,5.280000,3,gripper_l_finger2,-0.460000,0.343551,-0.000000,-0.460000,0.343551,-0.000000,-0.460000,0.343551,-0.000000,0.000000,0.000000,0.000000,1
264,5.280000,4,gripper_r_palm,0.460000,0.363551,0.000000,0.460000,0.363551,-0.000000,0.460000,0.363551,-0.000000,0.000000,0.000000,0.000000,0
264,5.280000,5,gripper_r_finger1,0.460000,0.343551,0.000000,0.460000,0.343551,-0.000000,0.460000,0.343551,-0.000000,0.000000,0.000000,0.000000,0
264,5.280000,6,gripper_r_finger2,0.460000,0.343551,-0.000000,0.460000,0.343551,-0.000000,0.460000,0.343551,-0.000000,0.000000,0.000000,0.000000,1
265,5.300000,0,base,0.000000,0.150000,0.000000,0.000000,0.150000,0.000000,0.000000,0.150000,0.000000,0.000000,0.000000,0.000000,0
265,5.300000,1,gripper_l_palm,-0.460000,0.363551,0.000000,-0.460000,0.363551,-0.000000,-0.460000,0.363551,-0.000000,0.000000,0.000000,0.000000,0
265,5.300000,2,gripper_l_finger1,-0.460000,0.343551,-0.000000,-0.460000,0.343551,-0.000000,-0.460000,0.343551,-0.000000,0.000000,0.000000,0.000000,0
265,5.300000,3,gripper_l_finger2,-0.460000,0.343551,0.000000,-0.460000,0.343551,-0.000000,-0.460000,0.343551,-0.000000,0.000000,0.000000,0.000000,1
265,5.300000,4,gripper_r_palm,0.460000,0.363551,0.000000,0.460000,0.363551,-0.000000,0.460000,0.363551,-0.000000,0.000000,0.000000,0.000000,0
265,5.300000,5,gripper_r_finger1,0.460000,0.343551,-0.000000,0.460000,0.343551,-0.000000,0.460000,0.343551,-0.000000,0.000000,0.000000,0.000000,0
265,5.300000,6,gripper_r_finger2,0.460000,0.343551,0.000000,0.460000,0.343551,-0.000000,0.460000,0.343551,-0.000000,0.000000,0.000000,0.000000,1
266,5.320000,0,base,0.000000,0.150000,0.000000,0.000000,0.150000,0.000000,0.000000,0.150000,0.000000,0.000000,0.000000,0.000000,0
266,5.320000,1,gripper_l_palm,-0.460000,0.363551,0.000000,-0.460000,0.363551,-0.000000,-0.460000,0.363551,-0.000000,0.000000,0.000000,0.000000,0
266,5.320000,2,gripper_l_finger1,-0.460000,0.343551,0.000000,-0.460000,0.343551,-0.000000,-0.460000,0.343551,-0.000000,0.000000,0.000000,0.000000,0
266,5.320000,3,gripper_l_finger2,-0.460000,0.343551,-0.000000,-0.460000,0.343551,-0.000000,-0.460000,0.343551,-0.000000,0.000000,0.000000,0.000000,1
266,5.320000,4,gripper_r_palm,0.460000,0.363551,0.000000,0.460000,0.363551,-0.000000,0.460000,0.363551,-0.000000,0.000000,0.000000,0.000000,0
266,5.320000,5,gripper_r_finger1,0.460000,0.343551,0.000000,0.460000,0.343551,-0.000000,0.460000,0.343551,-0.000000,0.000000,0.000000,0.000000,0
266,5.320000,6,gripper_r_finger2,0.460000,0.343551,-0.000000,0.460000,0.343551,-0.000000,0.460000,0.343551,-0.000000,0.000000,0.000000,0.000000,1
267,5.340000,0,base,0.000000,0.150000,0.000000,0.000000,0.150000,0.000000,0.000000,0.150000,0.000000,0.000000,0.000000,0.000000,0
267,5.340000,1,gripper_l_palm,-0.460000,0.363551,0.000000,-0.460000,0.363551,-0.000000,-0.460000,0.363551,-0.000000,0.000000,0.000000,0.000000,0
267,5.340000,2,gripper_l_finger1,-0.460000,0.343551,-0.000000,-0.460000,0.343551,-0.000000,-0.460000,0.343551,-0.000000,0.000000,0.000000,0.000000,0
267,5.340000,3,gripper_l_finger2,-0.460000,0.343551,0.000000,-0.460000,0.343551,-0.000000,-0.460000,0.343551,-0.000000,0.000000,0.000000,0.000000,1
267,5.340000,4,gripper_r_palm,0.460000,0.363551,0.000000,0.460000,0.363551,-0.000000,0.460000,0.363551,-0.000000,0.000000,0.000000,0.000000,0
267,5.340000,5,gripper_r_finger1,0.460000,0.343551,-0.000000,0.460000,0.343551,-0.000000,0.460000,0.343551,-0.000000,0.000000,0.000000,0.000000,0
267,5.340000,6,gripper_r_finger2,0.460000,0.343551,0.000000,0.460000,0.343551,-0.000000,0.460000,0.343551,-0.000000,0.000000,0.000000,0.000000,1
268,5.360000,0,base,0.000000,0.150000,0.000000,0.000000,0.150000,0.000000,0.000000,0.150000,0.000000,0.000000,0.000000,0.000000,0
268,5.360000,1,gripper_l_palm,-0.460000,0.363551,0.000000,-0.460000,0.363551,-0.000000,-0.460000,0.363551,-0.000000,0.000000,0.000000,0.000000,0
268,5.360000,2,gripper_l_finger1,-0.460000,0.343551,-0.000000,-0.460000,0.343551,-0.000000,-0.460000,0.343551,-0.000000,0.000000,0.000000,0.000000,0
268,5.360000,3,gripper_l_finger2,-0.460000,0.343551,0.000000,-0.460000,0.343551,-0.000000,-0.460000,0.343551,-0.000000,0.000000,0.000000,0.000000,1
268,5.360000,4,gripper_r_palm,0.460000,0.363551,0.000000,0.460000,0.363551,-0.000000,0.460000,0.363551,-0.000000,0.000000,0.000000,0.000000,0
268,5.360000,5,gripper_r_finger1,0.460000,0.343551,-0.000000,0.460000,0.343551,-0.000000,0.460000,0.343551,-0.000000,0.000000,0.000000,0.000000,0
268,5.360000,6,gripper_r_finger2,0.460000,0.343551,0.000000,0.460000,0.343551,-0.000000,0.460000,0.343551,-0.000000,0.000000,0.000000,0.000000,1
269,5.380000,0,base,0.000000,0.150000,0.000000,0.000000,0.150000,0.000000,0.000000,0.150000,0.000000,0.000000,0.000000,0.000000,0
269,5.380000,1,gripper_l_palm,-0.460000,0.363551,0.000000,-0.460000,0.363551,-0.000000,-0.460000,0.363551,-0.000000,0.000000,0.000000,0.000000,0
269,5.380000,2,gripper_l_finger1,-0.460000,0.343551,-0.000000,-0.460000,0.343551,-0.000000,-0.460000,0.343551,-0.000000,0.000000,0.000000,0.000000,0
269,5.380000,3,gripper_l_finger2,-0.460000,0.343551,0.000000,-0.460000,0.343551,-0.000000,-0.460000,0.343551,-0.000000,0.000000,0.000000,0.000000,1
269,5.380000,4,gripper_r_palm,0.460000,0.363551,0.000000,0.460000,0.363551,-0.000000,0.460000,0.363551,-0.000000,0.000000,0.000000,0.000000,0
269,5.380000,5,gripper_r_finger1,0.460000,0.343551,-0.000000,0.460000,0.343551,-0.000000,0.460000,0.343551,-0.000000,0.000000,0.000000,0.000000,0
269,5.380000,6,gripper_r_finger2,0.460000,0.343551,0.000000,0.460000,0.343551,-0.000000,0.460000,0.343551,-0.000000,0.000000,0.000000,0.000000,1
270,5.400000,0,base,0.000000,0.150000,0.000000,0.000000,0.150000,0.000000,0.000000,0.150000,0.000000,0.000000,0.000000,0.000000,0
270,5.400000,1,gripper_l_palm,-0.460000,0.363551,0.000000,-0.460000,0.363551,-0.000000,-0.460000,0.363551,-0.000000,0.000000,0.000000,0.000000,0
270,5.400000,2,gripper_l_finger1,-0.460000,0.343551,0.000000,-0.460000,0.343551,-0.000000,-0.460000,0.343551,-0.000000,0.000000,0.000000,0.000000,0
270,5.400000,3,gripper_l_finger2,-0.460000,0.343551,-0.000000,-0.460000,0.343551,-0.000000,-0.460000,0.343551,-0.000000,0.000000,0.000000,0.000000,1
270,5.400000,4,gripper_r_palm,0.460000,0.363551,0.000000,0.460000,0.363551,-0.000000,0.460000,0.363551,-0.000000,0.000000,0.000000,0.000000,0
270,5.400000,5,gripper_r_finger1,0.460000,0.343551,0.000000,0.460000,0.343551,-0.000000,0.460000,0.343551,-0.000000,0.000000,0.000000,0.000000,0
270,5.400000,6,gripper_r_finger2,0.460000,0.343551,-0.000000,0.460000,0.343551,-0.000000,0.460000,0.343551,-0.000000,0.000000,0.000000,0.000000,1
271,5.420000,0,base,0.000000,0.150000,0.000000,0.000000,0.150000,0.000000,0.000000,0.150000,0.000000,0.000000,0.000000,0.000000,0
271,5.420000,1,gripper_l_palm,-0.460000,0.363551,0.000000,-0.460000,0.363551,-0.000000,-0.460000,0.363551,-0.000000,0.000000,0.000000,0.000000,0
271,5.420000,2,gripper_l_finger1,-0.460000,0.343551,0.000000,-0.460000,0.343551,-0.000000,-0.460000,0.343551,-0.000000,0.000000,0.000000,0.000000,0
271,5.420000,3,gripper_l_finger2,-0.460000,0.343551,-0.000000,-0.460000,0.343551,-0.000000,-0.460000,0.343551,-0.000000,0.000000,0.000000,0.000000,1
271,5.420000,4,gripper_r_palm,0.460000,0.363551,0.000000,0.460000,0.363551,-0.000000,0.460000,0.363551,-0.000000,0.000000,0.000000,0.000000,0
271,5.420000,5,gripper_r_finger1,0.460000,0.343551,0.000000,0.460000,0.343551,-0.000000,0.460000,0.343551,-0.000000,0.000000,0.000000,0.000000,0
271,5.420000,6,gripper_r_finger2,0.460000,0.343551,-0.000000,0.460000,0.343551,-0.000000,0.460000,0.343551,-0.000000,0.000000,0.000000,0.000000,1
272,5.440000,0,base,0.000000,0.150000,0.000000,0.000000,0.150000,0.000000,0.000000,0.150000,0.000000,0.000000,0.000000,0.000000,0
272,5.440000,1,gripper_l_palm,-0.460000,0.363551,0.000000,-0.460000,0.363551,-0.000000,-0.460000,0.363551,-0.000000,0.000000,0.000000,0.000000,0
272,5.440000,2,gripper_l_finger1,-0.460000,0.343551,0.000000,-0.460000,0.343551,-0.000000,-0.460000,0.343551,-0.000000,0.000000,0.000000,0.000000,0
272,5.440000,3,gripper_l_finger2,-0.460000,0.343551,-0.000000,-0.460000,0.343551,-0.000000,-0.460000,0.343551,-0.000000,0.000000,0.000000,0.000000,1
272,5.440000,4,gripper_r_palm,0.460000,0.363551,0.000000,0.460000,0.363551,-0.000000,0.460000,0.363551,-0.000000,0.000000,0.000000,0.000000,0
272,5.440000,5,gripper_r_finger1,0.460000,0.343551,0.000000,0.460000,0.343551,-0.000000,0.460000,0.343551,-0.000000,0.000000,0.000000,0.000000,0
272,5.440000,6,gripper_r_finger2,0.460000,0.343551,-0.000000,0.460000,0.343551,-0.000000,0.460000,0.343551,-0.000000,0.000000,0.000000,0.000000,1
273,5.460000,0,base,0.000000,0.150000,0.000000,0.000000,0.150000,0.000000,0.000000,0.150000,0.000000,0.000000,0.000000,0.000000,0
273,5.460000,1,gripper_l_palm,-0.460000,0.363551,0.000000,-0.460000,0.363551,-0.000000,-0.460000,0.363551,-0.000000,0.000000,0.000000,0.000000,0
273,5.460000,2,gripper_l_finger1,-0.460000,0.343551,-0.000000,-0.460000,0.343551,-0.000000,-0.460000,0.343551,-0.000000,0.000000,0.000000,0.000000,0
273,5.460000,3,gripper_l_finger2,-0.460000,0.343551,0.000000,-0.460000,0.343551,-0.000000,-0.460000,0.343551,-0.000000,0.000000,0.000000,0.000000,1
273,5.460000,4,gripper_r_palm,0.460000,0.363551,0.000000,0.460000,0.363551,-0.000000,0.460000,0.363551,-0.000000,0.000000,0.000000,0.000000,0
273,5.460000,5,gripper_r_finger1,0.460000,0.343551,-0.000000,0.460000,0.343551,-0.000000,0.460000,0.343551,-0.000000,0.000000,0.000000,0.000000,0
273,5.460000,6,gripper_r_finger2,0.460000,0.343551,0.000000,0.460000,0.343551,-0.000000,0.460000,0.343551,-0.000000,0.000000,0.000000,0.000000,1
274,5.480000,0,base,0.000000,0.150000,0.000000,0.000000,0.150000,0.000000,0.000000,0.150000,0.000000,0.000000,0.000000,0.000000,0
274,5.480000,1,gripper_l_palm,-0.460000,0.363551,0.000000,-0.460000,0.363551,-0.000000,-0.460000,0.363551,-0.000000,0.000000,0.000000,0.000000,0
274,5.480000,2,gripper_l_finger1,-0.460000,0.343551,-0.000000,-0.460000,0.343551,-0.000000,-0.460000,0.343551,-0.000000,0.000000,0.000000,0.000000,0
274,5.480000,3,gripper_l_finger2,-0.460000,0.343551,0.000000,-0.460000,0.343551,-0.000000,-0.460000,0.343551,-0.000000,0.000000,0.000000,0.000000,1
274,5.480000,4,gripper_r_palm,0.460000,0.363551,0.000000,0.460000,0.363551,-0.000000,0.460000,0.363551,-0.000000,0.000000,0.000000,0.000000,0
274,5.480000,5,gripper_r_finger1,0.460000,0.343551,-0.000000,0.460000,0.343551,-0.000000,0.460000,0.343551,-0.000000,0.000000,0.000000,0.000000,0
274,5.480000,6,gripper_r_finger2,0.460000,0.343551,0.000000,0.460000,0.343551,-0.000000,0.460000,0.343551,-0.000000,0.000000,0.000000,0.000000,1
275,5.500000,0,base,0.000000,0.150000,0.000000,0.000000,0.150000,0.000000,0.000000,0.150000,0.000000,0.000000,0.000000,0.000000,0
275,5.500000,1,gripper_l_palm,-0.460000,0.363551,0.000000,-0.460000,0.363551,-0.000000,-0.460000,0.363551,-0.000000,0.000000,0.000000,0.000000,0
275,5.500000,2,gripper_l_finger1,-0.460000,0.343551,0.000000,-0.460000,0.343551,-0.000000,-0.460000,0.343551,-0.000000,0.000000,0.000000,0.000000,0
275,5.500000,3,gripper_l_finger2,-0.460000,0.343551,-0.000000,-0.460000,0.343551,-0.000000,-0.460000,0.343551,-0.000000,0.000000,0.000000,0.000000,1
275,5.500000,4,gripper_r_palm,0.460000,0.363551,0.000000,0.460000,0.363551,-0.000000,0.460000,0.363551,-0.000000,0.000000,0.000000,0.000000,0
275,5.500000,5,gripper_r_finger1,0.460000,0.343551,0.000000,0.460000,0.343551,-0.000000,0.460000,0.343551,-0.000000,0.000000,0.000000,0.000000,0
275,5.500000,6,gripper_r_finger2,0.460000,0.343551,-0.000000,0.460000,0.343551,-0.000000,0.460000,0.343551,-0.000000,0.000000,0.000000,0.000000,1
276,5.520000,0,base,0.000000,0.150000,0.000000,0.000000,0.150000,0.000000,0.000000,0.150000,0.000000,0.000000,0.000000,0.000000,0
276,5.520000,1,gripper_l_palm,-0.460000,0.363551,0.000000,-0.460000,0.363551,-0.000000,-0.460000,0.363551,-0.000000,0.000000,0.000000,0.000000,0
276,5.520000,2,gripper_l_finger1,-0.460000,0.343551,0.000000,-0.460000,0.343551,-0.000000,-0.460000,0.343551,-0.000000,0.000000,0.000000,0.000000,0
276,5.520000,3,gripper_l_finger2,-0.460000,0.343551,-0.000000,-0.460000,0.343551,-0.000000,-0.460000,0.343551,-0.000000,0.000000,0.000000,0.000000,1
276,5.520000,4,gripper_r_palm,0.460000,0.363551,0.000000,0.460000,0.363551,-0.000000,0.460000,0.363551,-0.000000,0.000000,0.000000,0.000000,0
276,5.520000,5,gripper_r_finger1,0.460000,0.343551,0.000000,0.460000,0.343551,-0.000000,0.460000,0.343551,-0.000000,0.000000,0.000000,0.000000,0
276,5.520000,6,gripper_r_finger2,0.460000,0.343551,-0.000000,0.460000,0.343551,-0.000000,0.460000,0.343551,-0.000000,0.000000,0.000000,0.000000,1
277,5.540000,0,base,0.000000,0.150000,0.000000,0.000000,0.150000,0.000000,0.000000,0.150000,0.000000,0.000000,0.000000,0.000000,0
277,5.540000,1,gripper_l_palm,-0.460000,0.363551,0.000000,-0.460000,0.363551,-0.000000,-0.460000,0.363551,-0.000000,0.000000,0.000000,0.000000,0
277,5.540000,2,gripper_l_finger1,-0.460000,0.343551,-0.000000,-0.460000,0.343551,-0.000000,-0.460000,0.343551,-0.000000,0.000000,0.000000,0.000000,0
277,5.540000,3,gripper_l_finger2,-0.460000,0.343551,0.000000,-0.460000,0.343551,-0.000000,-0.460000,0.343551,-0.000000,0.000000,0.000000,0.000000,1
277,5.540000,4,gripper_r_palm,0.460000,0.363551,0.000000,0.460000,0.363551,-0.000000,0.460000,0.363551,-0.000000,0.000000,0.000000,0.000000,0
277,5.540000,5,gripper_r_finger1,0.460000,0.343551,-0.000000,0.460000,0.343551,-0.000000,0.460000,0.343551,-0.000000,0.000000,0.000000,0.000000,0
277,5.540000,6,gripper_r_finger2,0.460000,0.343551,0.000000,0.460000,0.343551,-0.000000,0.460000,0.343551,-0.000000,0.000000,0.000000,0.000000,1
278,5.560000,0,base,0.000000,0.150000,0.000000,0.000000,0.150000,0.000000,0.000000,0.150000,0.000000,0.000000,0.000000,0.000000,0
278,5.560000,1,gripper_l_palm,-0.460000,0.363551,0.000000,-0.460000,0.363551,-0.000000,-0.460000,0.363551,-0.000000,0.000000,0.000000,0.000000,0
278,5.560000,2,gripper_l_finger1,-0.460000,0.343551,-0.000000,-0.460000,0.343551,-0.000000,-0.460000,0.343551,-0.000000,0.000000,0.000000,0.000000,0
278,5.560000,3,gripper_l_finger2,-0.460000,0.343551,0.000000,-0.460000,0.343551,-0.000000,-0.460000,0.343551,-0.000000,0.000000,0.000000,0.000000,1
278,5.560000,4,gripper_r_palm,0.460000,0.363551,0.000000,0.460000,0.363551,-0.000000,0.460000,0.363551,-0.000000,0.000000,0.000000,0.000000,0
278,5.560000,5,gripper_r_finger1,0.460000,0.343551,-0.000000,0.460000,0.343551,-0.000000,0.460000,0.343551,-0.000000,0.000000,0.000000,0.000000,0
278,5.560000,6,gripper_r_finger2,0.460000,0.343551,0.000000,0.460000,0.343551,-0.000000,0.460000,0.343551,-0.000000,0.000000,0.000000,0.000000,1
279,5.580000,0,base,0.000000,0.150000,0.000000,0.000000,0.150000,0.000000,0.000000,0.150000,0.000000,0.000000,0.000000,0.000000,0
279,5.580000,1,gripper_l_palm,-0.460000,0.363551,0.000000,-0.460000,0.363551,-0.000000,-0.460000,0.363551,-0.000000,0.000000,0.000000,0.000000,0
279,5.580000,2,gripper_l_finger1,-0.460000,0.343551,0.000000,-0.460000,0.343551,-0.000000,-0.460000,0.343551,-0.000000,0.000000,0.000000,0.000000,0
279,5.580000,3,gripper_l_finger2,-0.460000,0.343551,-0.000000,-0.460000,0.343551,-0.000000,-0.460000,0.343551,-0.000000,0.000000,0.000000,0.000000,1
279,5.580000,4,gripper_r_palm,0.460000,0.363551,0.000000,0.460000,0.363551,-0.000000,0.460000,0.363551,-0.000000,0.000000,0.000000,0.000000,0
279,5.580000,5,gripper_r_finger1,0.460000,0.343551,0.000000,0.460000,0.343551,-0.000000,0.460000,0.343551,-0.000000,0.000000,0.000000,0.000000,0
279,5.580000,6,gripper_r_finger2,0.460000,0.343551,-0.000000,0.460000,0.343551,-0.000000,0.460000,0.343551,-0.000000,0.000000,0.000000,0.000000,1
280,5.600000,0,base,0.000000,0.150000,0.000000,0.000000,0.150000,0.000000,0.000000,0.150000,0.000000,0.000000,0.000000,0.000000,0
280,5.600000,1,gripper_l_palm,-0.460000,0.363551,0.000000,-0.460000,0.363551,-0.000000,-0.460000,0.363551,-0.000000,0.000000,0.000000,0.000000,0
280,5.600000,2,gripper_l_finger1,-0.460000,0.343551,0.000000,-0.460000,0.343551,-0.000000,-0.460000,0.343551,-0.000000,0.000000,0.000000,0.000000,0
280,5.600000,3,gripper_l_finger2,-0.460000,0.343551,-0.000000,-0.460000,0.343551,-0.000000,-0.460000,0.343551,-0.000000,0.000000,0.000000,0.000000,1
280,5.600000,4,gripper_r_palm,0.460000,0.363551,0.000000,0.460000,0.363551,-0.000000,0.460000,0.363551,-0.000000,0.000000,0.000000,0.000000,0
280,5.600000,5,gripper_r_finger1,0.460000,0.343551,0.000000,0.460000,0.343551,-0.000000,0.460000,0.343551,-0.000000,0.000000,0.000000,0.000000,0
280,5.600000,6,gripper_r_finger2,0.460000,0.343551,-0.000000,0.460000,0.343551,-0.000000,0.460000,0.343551,-0.000000,0.000000,0.000000,0.000000,1
281,5.620000,0,base,0.000000,0.150000,0.000000,0.000000,0.150000,0.000000,0.000000,0.150000,0.000000,0.000000,0.000000,0.000000,0
281,5.620000,1,gripper_l_palm,-0.460000,0.363551,0.000000,-0.460000,0.363551,-0.000000,-0.460000,0.363551,-0.000000,0.000000,0.000000,0.000000,0
281,5.620000,2,gripper_l_finger1,-0.460000,0.343551,0.000000,-0.460000,0.343551,-0.000000,-0.460000,0.343551,-0.000000,0.000000,0.000000,0.000000,0
281,5.620000,3,gripper_l_finger2,-0.460000,0.343551,-0.000000,-0.460000,0.343551,-0.000000,-0.460000,0.343551,-0.000000,0.000000,0.000000,0.000000,1
281,5.620000,4,gripper_r_palm,0.460000,0.363551,0.000000,0.460000,0.363551,-0.000000,0.460000,0.363551,-0.000000,0.000000,0.000000,0.000000,0
281,5.620000,5,gripper_r_finger1,0.460000,0.343551,0.000000,0.460000,0.343551,-0.000000,0.460000,0.343551,-0.000000,0.000000,0.000000,0.000000,0
281,5.620000,6,gripper_r_finger2,0.460000,0.343551,-0.000000,0.460000,0.343551,-0.000000,0.460000,0.343551,-0.000000,0.000000,0.000000,0.000000,1
282,5.640000,0,base,0.000000,0.150000,0.000000,0.000000,0.150000,0.000000,0.000000,0.150000,0.000000,0.000000,0.000000,0.000000,0
282,5.640000,1,gripper_l_palm,-0.460000,0.363551,0.000000,-0.460000,0.363551,-0.000000,-0.460000,0.363551,-0.000000,0.000000,0.000000,0.000000,0
282,5.640000,2,gripper_l_finger1,-0.460000,0.343551,0.000000,-0.460000,0.343551,-0.000000,-0.460000,0.343551,-0.000000,0.000000,0.000000,0.000000,0
282,5.640000,3,gripper_l_finger2,-0.460000,0.343551,-0.000000,-0.460000,0.343551,-0.000000,-0.460000,0.343551,-0.000000,0.000000,0.000000,0.000000,1
282,5.640000,4,gripper_r_palm,0.460000,0.363551,0.000000,0.460000,0.363551,-0.000000,0.460000,0.363551,-0.000000,0.000000,0.000000,0.000000,0
282,5.640000,5,gripper_r_finger1,0.460000,0.343551,0.000000,0.460000,0.343551,-0.000000,0.460000,0.343551,-0.000000,0.000000,0.000000,0.000000,0
282,5.640000,6,gripper_r_finger2,0.460000,0.343551,-0.000000,0.460000,0.343551,-0.000000,0.460000,0.343551,-0.000000,0.000000,0.000000,0.000000,1
283,5.660000,0,base,0.000000,0.150000,0.000000,0.000000,0.150000,0.000000,0.000000,0.150000,0.000000,0.000000,0.000000,0.000000,0
283,5.660000,1,gripper_l_palm,-0.460000,0.363551,0.000000,-0.460000,0.363551,-0.000000,-0.460000,0.363551,-0.000000,0.000000,0.000000,0.000000,0
283,5.660000,2,gripper_l_finger1,-0.460000,0.343551,-0.000000,-0.460000,0.343551,-0.000000,-0.460000,0.343551,-0.000000,0.000000,0.000000,0.000000,0
283,5.660000,3,gripper_l_finger2,-0.460000,0.343551,0.000000,-0.460000,0.343551,-0.000000,-0.460000,0.343551,-0.000000,0.000000,0.000000,0.000000,1
283,5.660000,4,gripper_r_palm,0.460000,0.363551,0.000000,0.460000,0.363551,-0.000000,0.460000,0.363551,-0.000000,0.000000,0.000000,0.000000,0
283,5.660000,5,gripper_r_finger1,0.460000,0.343551,-0.000000,0.460000,0.343551,-0.000000,0.460000,0.343551,-0.000000,0.000000,0.000000,0.000000,0
283,5.660000,6,gripper_r_finger2,0.460000,0.343551,0.000000,0.460000,0.343551,-0.000000,0.460000,0.343551,-0.000000,0.000000,0.000000,0.000000,1
284,5.680000,0,base,0.000000,0.150000,0.000000,0.000000,0.150000,0.000000,0.000000,0.150000,0.000000,0.000000,0.000000,0.000000,0
284,5.680000,1,gripper_l_palm,-0.460000,0.363551,0.000000,-0.460000,0.363551,-0.000000,-0.460000,0.363551,-0.000000,0.000000,0.000000,0.000000,0
284,5.680000,2,gripper_l_finger1,-0.460000,0.343551,-0.000000,-0.460000,0.343551,-0.000000,-0.460000,0.343551,-0.000000,0.000000,0.000000,0.000000,0
284,5.680000,3,gripper_l_finger2,-0.460000,0.343551,0.000000,-0.460000,0.343551,-0.000000,-0.460000,0.343551,-0.000000,0.000000,0.000000,0.000000,1
284,5.680000,4,gripper_r_palm,0.460000,0.363551,0.000000,0.460000,0.363551,-0.000000,0.460000,0.363551,-0.000000,0.000000,0.000000,0.000000,0
284,5.680000,5,gripper_r_finger1,0.460000,0.343551,-0.000000,0.460000,0.343551,-0.000000,0.460000,0.343551,-0.000000,0.000000,0.000000,0.000000,0
284,5.680000,6,gripper_r_finger2,0.460000,0.343551,0.000000,0.460000,0.343551,-0.000000,0.460000,0.343551,-0.000000,0.000000,0.000000,0.000000,1
285,5.700000,0,base,0.000000,0.150000,0.000000,0.000000,0.150000,0.000000,0.000000,0.150000,0.000000,0.000000,0.000000,0.000000,0
285,5.700000,1,gripper_l_palm,-0.460000,0.363551,0.000000,-0.460000,0.363551,-0.000000,-0.460000,0.363551,-0.000000,0.000000,0.000000,0.000000,0
285,5.700000,2,gripper_l_finger1,-0.460000,0.343551,0.000000,-0.460000,0.343551,-0.000000,-0.460000,0.343551,-0.000000,0.000000,0.000000,0.000000,0
285,5.700000,3,gripper_l_finger2,-0.460000,0.343551,-0.000000,-0.460000,0.343551,-0.000000,-0.460000,0.343551,-0.000000,0.000000,0.000000,0.000000,1
285,5.700000,4,gripper_r_palm,0.460000,0.363551,0.000000,0.460000,0.363551,-0.000000,0.460000,0.363551,-0.000000,0.000000,0.000000,0.000000,0
285,5.700000,5,gripper_r_finger1,0.460000,0.343551,0.000000,0.460000,0.343551,-0.000000,0.460000,0.343551,-0.000000,0.000000,0.000000,0.000000,0
285,5.700000,6,gripper_r_finger2,0.460000,0.343551,-0.000000,0.460000,0.343551,-0.000000,0.460000,0.343551,-0.000000,0.000000,0.000000,0.000000,1
286,5.720000,0,base,0.000000,0.150000,0.000000,0.000000,0.150000,0.000000,0.000000,0.150000,0.000000,0.000000,0.000000,0.000000,0
286,5.720000,1,gripper_l_palm,-0.460000,0.363551,0.000000,-0.460000,0.363551,-0.000000,-0.460000,0.363551,-0.000000,0.000000,0.000000,0.000000,0
286,5.720000,2,gripper_l_finger1,-0.460000,0.343551,0.000000,-0.460000,0.343551,-0.000000,-0.460000,0.343551,-0.000000,0.000000,0.000000,0.000000,0
286,5.720000,3,gripper_l_finger2,-0.460000,0.343551,-0.000000,-0.460000,0.343551,-0.000000,-0.460000,0.343551,-0.000000,0.000000,0.000000,0.000000,1
286,5.720000,4,gripper_r_palm,0.460000,0.363551,0.000000,0.460000,0.363551,-0.000000,0.460000,0.363551,-0.000000,0.000000,0.000000,0.000000,0
286,5.720000,5,gripper_r_finger1,0.460000,0.343551,0.000000,0.460000,0.343551,-0.000000,0.460000,0.343551,-0.000000,0.000000,0.000000,0.000000,0
286,5.720000,6,gripper_r_finger2,0.460000,0.343551,-0.000000,0.460000,0.343551,-0.000000,0.460000,0.343551,-0.000000,0.000000,0.000000,0.000000,1
287,5.740000,0,base,0.000000,0.150000,0.000000,0.000000,0.150000,0.000000,0.000000,0.150000,0.000000,0.000000,0.000000,0.000000,0
287,5.740000,1,gripper_l_palm,-0.460000,0.363551,0.000000,-0.460000,0.363551,-0.000000,-0.460000,0.363551,-0.000000,0.000000,0.000000,0.000000,0
287,5.740000,2,gripper_l_finger1,-0.460000,0.343551,-0.000000,-0.460000,0.343551,-0.000000,-0.460000,0.343551,-0.000000,0.000000,0.000000,0.000000,0
287,5.740000,3,gripper_l_finger2,-0.460000,0.343551,0.000000,-0.460000,0.343551,-0.000000,-0.460000,0.343551,-0.000000,0.000000,0.000000,0.000000,1
287,5.740000,4,gripper_r_palm,0.460000,0.363551,0.000000,0.460000,0.363551,-0.000000,0.460000,0.363551,-0.000000,0.000000,0.000000,0.000000,0
287,5.740000,5,gripper_r_finger1,0.460000,0.343551,-0.000000,0.460000,0.343551,-0.000000,0.460000,0.343551,-0.000000,0.000000,0.000000,0.000000,0
287,5.740000,6,gripper_r_finger2,0.460000,0.343551,0.000000,0.460000,0.343551,-0.000000,0.460000,0.343551,-0.000000,0.000000,0.000000,0.000000,1
288,5.760000,0,base,0.000000,0.150000,0.000000,0.000000,0.150000,0.000000,0.000000,0.150000,0.000000,0.000000,0.000000,0.000000,0
288,5.760000,1,gripper_l_palm,-0.460000,0.363551,0.000000,-0.460000,0.363551,-0.000000,-0.460000,0.363551,-0.000000,0.000000,0.000000,0.000000,0
288,5.760000,2,gripper_l_finger1,-0.460000,0.343551,-0.000000,-0.460000,0.343551,-0.000000,-0.460000,0.343551,-0.000000,0.000000,0.000000,0.000000,0
288,5.760000,3,gripper_l_finger2,-0.460000,0.343551,0.000000,-0.460000,0.343551,-0.000000,-0.460000,0.343551,-0.000000,0.000000,0.000000,0.000000,1
288,5.760000,4,gripper_r_palm,0.460000,0.363551,0.000000,0.460000,0.363551,-0.000000,0.460000,0.363551,-0.000000,0.000000,0.000000,0.000000,0
288,5.760000,5,gripper_r_finger1,0.460000,0.343551,-0.000000,0.460000,0.343551,-0.000000,0.460000,0.343551,-0.000000,0.000000,0.000000,0.000000,0
288,5.760000,6,gripper_r_finger2,0.460000,0.343551,0.000000,0.460000,0.343551,-0.000000,0.460000,0.343551,-0.000000,0.000000,0.000000,0.000000,1
289,5.780000,0,base,0.000000,0.150000,0.000000,0.000000,0.150000,0.000000,0.000000,0.150000,0.000000,0.000000,0.000000,0.000000,0
289,5.780000,1,gripper_l_palm,-0.460000,0.363551,0.000000,-0.460000,0.363551,-0.000000,-0.460000,0.363551,-0.000000,0.000000,0.000000,0.000000,0
289,5.780000,2,gripper_l_finger1,-0.460000,0.343551,-0.000000,-0.460000,0.343551,-0.000000,-0.460000,0.343551,-0.000000,0.000000,0.000000,0.000000,0
289,5.780000,3,gripper_l_finger2,-0.460000,0.343551,0.000000,-0.460000,0.343551,-0.000000,-0.460000,0.343551,-0.000000,0.000000,0.000000,0.000000,1
289,5.780000,4,gripper_r_palm,0.460000,0.363551,0.000000,0.460000,0.363551,-0.000000,0.460000,0.363551,-0.000000,0.000000,0.000000,0.000000,0
289,5.780000,5,gripper_r_finger1,0.460000,0.343551,-0.000000,0.460000,0.343551,-0.000000,0.460000,0.343551,-0.000000,0.000000,0.000000,0.000000,0
289,5.780000,6,gripper_r_finger2,0.460000,0.343551,0.000000,0.460000,0.343551,-0.000000,0.460000,0.343551,-0.000000,0.000000,0.000000,0.000000,1
290,5.800000,0,base,0.000000,0.150000,0.000000,0.000000,0.150000,0.000000,0.000000,0.150000,0.000000,0.000000,0.000000,0.000000,0
290,5.800000,1,gripper_l_palm,-0.460000,0.363551,0.000000,-0.460000,0.363551,-0.000000,-0.460000,0.363551,-0.000000,0.000000,0.000000,0.000000,0
290,5.800000,2,gripper_l_finger1,-0.460000,0.343551,0.000000,-0.460000,0.343551,-0.000000,-0.460000,0.343551,-0.000000,0.000000,0.000000,0.000000,0
290,5.800000,3,gripper_l_finger2,-0.460000,0.343551,-0.000000,-0.460000,0.343551,-0.000000,-0.460000,0.343551,-0.000000,0.000000,0.000000,0.000000,1
290,5.800000,4,gripper_r_palm,0.460000,0.363551,0.000000,0.460000,0.363551,-0.000000,0.460000,0.363551,-0.000000,0.000000,0.000000,0.000000,0
290,5.800000,5,gripper_r_finger1,0.460000,0.343551,0.000000,0.460000,0.343551,-0.000000,0.460000,0.343551,-0.000000,0.000000,0.000000,0.000000,0
290,5.800000,6,gripper_r_finger2,0.460000,0.343551,-0.000000,0.460000,0.343551,-0.000000,0.460000,0.343551,-0.000000,0.000000,0.000000,0.000000,1
291,5.820000,0,base,0.000000,0.150000,0.000000,0.000000,0.150000,0.000000,0.000000,0.150000,0.000000,0.000000,0.000000,0.000000,0
291,5.820000,1,gripper_l_palm,-0.460000,0.363551,0.000000,-0.460000,0.363551,-0.000000,-0.460000,0.363551,-0.000000,0.000000,0.000000,0.000000,0
291,5.820000,2,gripper_l_finger1,-0.460000,0.343551,0.000000,-0.460000,0.343551,-0.000000,-0.460000,0.343551,-0.000000,0.000000,0.000000,0.000000,0
291,5.820000,3,gripper_l_finger2,-0.460000,0.343551,-0.000000,-0.460000,0.343551,-0.000000,-0.460000,0.343551,-0.000000,0.000000,0.000000,0.000000,1
291,5.820000,4,gripper_r_palm,0.460000,0.363551,0.000000,0.460000,0.363551,-0.000000,0.460000,0.363551,-0.000000,0.000000,0.000000,0.000000,0
291,5.820000,5,gripper_r_finger1,0.460000,0.343551,0.000000,0.460000,0.343551,-0.000000,0.460000,0.343551,-0.000000,0.000000,0.000000,0.000000,0
291,5.820000,6,gripper_r_finger2,0.460000,0.343551,-0.000000,0.460000,0.343551,-0.000000,0.460000,0.343551,-0.000000,0.000000,0.000000,0.000000,1
292,5.840000,0,base,0.000000,0.150000,0.000000,0.000000,0.150000,0.000000,0.000000,0.150000,0.000000,0.000000,0.000000,0.000000,0
292,5.840000,1,gripper_l_palm,-0.460000,0.363551,0.000000,-0.460000,0.363551,-0.000000,-0.460000,0.363551,-0.000000,0.000000,0.000000,0.000000,0
292,5.840000,2,gripper_l_finger1,-0.460000,0.343551,0.000000,-0.460000,0.343551,-0.000000,-0.460000,0.343551,-0.000000,0.000000,0.000000,0.000000,0
292,5.840000,3,gripper_l_finger2,-0.460000,0.343551,-0.000000,-0.460000,0.343551,-0.000000,-0.460000,0.343551,-0.000000,0.000000,0.000000,0.000000,1
292,5.840000,4,gripper_r_palm,0.460000,0.363551,0.000000,0.460000,0.363551,-0.000000,0.460000,0.363551,-0.000000,0.000000,0.000000,0.000000,0
292,5.840000,5,gripper_r_finger1,0.460000,0.343551,0.000000,0.460000,0.343551,-0.000000,0.460000,0.343551,-0.000000,0.000000,0.000000,0.000000,0
292,5.840000,6,gripper_r_finger2,0.460000,0.343551,-0.000000,0.460000,0.343551,-0.000000,0.460000,0.343551,-0.000000,0.000000,0.000000,0.000000,1
293,5.860000,0,base,0.000000,0.150000,0.000000,0.000000,0.150000,0.000000,0.000000,0.150000,0.000000,0.000000,0.000000,0.000000,0
293,5.860000,1,gripper_l_palm,-0.460000,0.363551,0.000000,-0.460000,0.363551,-0.000000,-0.460000,0.363551,-0.000000,0.000000,0.000000,0.000000,0
293,5.860000,2,gripper_l_finger1,-0.460000,0.343551,0.000000,-0.460000,0.343551,-0.000000,-0.460000,0.343551,-0.000000,0.000000,0.000000,0.000000,0
293,5.860000,3,gripper_l_finger2,-0.460000,0.343551,-0.000000,-0.460000,0.343551,-0.000000,-0.460000,0.343551,-0.000000,0.000000,0.000000,0.000000,1
293,5.860000,4,gripper_r_palm,0.460000,0.363551,0.000000,0.460000,0.363551,-0.000000,0.460000,0.363551,-0.000000,0.000000,0.000000,0.000000,0
293,5.860000,5,gripper_r_finger1,0.460000,0.343551,0.000000,0.460000,0.343551,-0.000000,0.460000,0.343551,-0.000000,0.000000,0.000000,0.000000,0
293,5.860000,6,gripper_r_finger2,0.460000,0.343551,-0.000000,0.460000,0.343551,-0.000000,0.460000,0.343551,-0.000000,0.000000,0.000000,0.000000,1
294,5.880000,0,base,0.000000,0.150000,0.000000,0.000000,0.150000,0.000000,0.000000,0.150000,0.000000,0.000000,0.000000,0.000000,0
294,5.880000,1,gripper_l_palm,-0.460000,0.363551,0.000000,-0.460000,0.363551,-0.000000,-0.460000,0.363551,-0.000000,0.000000,0.000000,0.000000,0
294,5.880000,2,gripper_l_finger1,-0.460000,0.343551,-0.000000,-0.460000,0.343551,-0.000000,-0.460000,0.343551,-0.000000,0.000000,0.000000,0.000000,0
294,5.880000,3,gripper_l_finger2,-0.460000,0.343551,0.000000,-0.460000,0.343551,-0.000000,-0.460000,0.343551,-0.000000,0.000000,0.000000,0.000000,1
294,5.880000,4,gripper_r_palm,0.460000,0.363551,0.000000,0.460000,0.363551,-0.000000,0.460000,0.363551,-0.000000,0.000000,0.000000,0.000000,0
294,5.880000,5,gripper_r_finger1,0.460000,0.343551,-0.000000,0.460000,0.343551,-0.000000,0.460000,0.343551,-0.000000,0.000000,0.000000,0.000000,0
294,5.880000,6,gripper_r_finger2,0.460000,0.343551,0.000000,0.460000,0.343551,-0.000000,0.460000,0.343551,-0.000000,0.000000,0.000000,0.000000,1
295,5.900000,0,base,0.000000,0.150000,0.000000,0.000000,0.150000,0.000000,0.000000,0.150000,0.000000,0.000000,0.000000,0.000000,0
295,5.900000,1,gripper_l_palm,-0.460000,0.363551,0.000000,-0.460000,0.363551,-0.000000,-0.460000,0.363551,-0.000000,0.000000,0.000000,0.000000,0
295,5.900000,2,gripper_l_finger1,-0.460000,0.343551,0.000000,-0.460000,0.343551,-0.000000,-0.460000,0.343551,-0.000000,0.000000,0.000000,0.000000,0
295,5.900000,3,gripper_l_finger2,-0.460000,0.343551,-0.000000,-0.460000,0.343551,-0.000000,-0.460000,0.343551,-0.000000,0.000000,0.000000,0.000000,1
295,5.900000,4,gripper_r_palm,0.460000,0.363551,0.000000,0.460000,0.363551,-0.000000,0.460000,0.363551,-0.000000,0.000000,0.000000,0.000000,0
295,5.900000,5,gripper_r_finger1,0.460000,0.343551,0.000000,0.460000,0.343551,-0.000000,0.460000,0.343551,-0.000000,0.000000,0.000000,0.000000,0
295,5.900000,6,gripper_r_finger2,0.460000,0.343551,-0.000000,0.460000,0.343551,-0.000000,0.460000,0.343551,-0.000000,0.000000,0.000000,0.000000,1
296,5.920000,0,base,0.000000,0.150000,0.000000,0.000000,0.150000,0.000000,0.000000,0.150000,0.000000,0.000000,0.000000,0.000000,0
296,5.920000,1,gripper_l_palm,-0.460000,0.363551,0.000000,-0.460000,0.363551,-0.000000,-0.460000,0.363551,-0.000000,0.000000,0.000000,0.000000,0
296,5.920000,2,gripper_l_finger1,-0.460000,0.343551,0.000000,-0.460000,0.343551,-0.000000,-0.460000,0.343551,-0.000000,0.000000,0.000000,0.000000,0
296,5.920000,3,gripper_l_finger2,-0.460000,0.343551,-0.000000,-0.460000,0.343551,-0.000000,-0.460000,0.343551,-0.000000,0.000000,0.000000,0.000000,1
296,5.920000,4,gripper_r_palm,0.460000,0.363551,0.000000,0.460000,0.363551,-0.000000,0.460000,0.363551,-0.000000,0.000000,0.000000,0.000000,0
296,5.920000,5,gripper_r_finger1,0.460000,0.343551,0.000000,0.460000,0.343551,-0.000000,0.460000,0.343551,-0.000000,0.000000,0.000000,0.000000,0
296,5.920000,6,gripper_r_finger2,0.460000,0.343551,-0.000000,0.460000,0.343551,-0.000000,0.460000,0.343551,-0.000000,0.000000,0.000000,0.000000,1
297,5.940000,0,base,0.000000,0.150000,0.000000,0.000000,0.150000,0.000000,0.000000,0.150000,0.000000,0.000000,0.000000,0.000000,0
297,5.940000,1,gripper_l_palm,-0.460000,0.363551,0.000000,-0.460000,0.363551,-0.000000,-0.460000,0.363551,-0.000000,0.000000,0.000000,0.000000,0
297,5.940000,2,gripper_l_finger1,-0.460000,0.343551,0.000000,-0.460000,0.343551,-0.000000,-0.460000,0.343551,-0.000000,0.000000,0.000000,0.000000,0
297,5.940000,3,gripper_l_finger2,-0.460000,0.343551,-0.000000,-0.460000,0.343551,-0.000000,-0.460000,0.343551,-0.000000,0.000000,0.000000,0.000000,1
297,5.940000,4,gripper_r_palm,0.460000,0.363551,0.000000,0.460000,0.363551,-0.000000,0.460000,0.363551,-0.000000,0.000000,0.000000,0.000000,0
297,5.940000,5,gripper_r_finger1,0.460000,0.343551,0.000000,0.460000,0.343551,-0.000000,0.460000,0.343551,-0.000000,0.000000,0.000000,0.000000,0
297,5.940000,6,gripper_r_finger2,0.460000,0.343551,-0.000000,0.460000,0.343551,-0.000000,0.460000,0.343551,-0.000000,0.000000,0.000000,0.000000,1
298,5.960000,0,base,0.000000,0.150000,0.000000,0.000000,0.150000,0.000000,0.000000,0.150000,0.000000,0.000000,0.000000,0.000000,0
298,5.960000,1,gripper_l_palm,-0.460000,0.363551,0.000000,-0.460000,0.363551,-0.000000,-0.460000,0.363551,-0.000000,0.000000,0.000000,0.000000,0
298,5.960000,2,gripper_l_finger1,-0.460000,0.343551,0.000000,-0.460000,0.343551,-0.000000,-0.460000,0.343551,-0.000000,0.000000,0.000000,0.000000,0
298,5.960000,3,gripper_l_finger2,-0.460000,0.343551,-0.000000,-0.460000,0.343551,-0.000000,-0.460000,0.343551,-0.000000,0.000000,0.000000,0.000000,1
298,5.960000,4,gripper_r_palm,0.460000,0.363551,0.000000,0.460000,0.363551,-0.000000,0.460000,0.363551,-0.000000,0.000000,0.000000,0.000000,0
298,5.960000,5,gripper_r_finger1,0.460000,0.343551,0.000000,0.460000,0.343551,-0.000000,0.460000,0.343551,-0.000000,0.000000,0.000000,0.000000,0
298,5.960000,6,gripper_r_finger2,0.460000,0.343551,-0.000000,0.460000,0.343551,-0.000000,0.460000,0.343551,-0.000000,0.000000,0.000000,0.000000,1
299,5.980000,0,base,0.000000,0.150000,0.000000,0.000000,0.150000,0.000000,0.000000,0.150000,0.000000,0.000000,0.000000,0.000000,0
299,5.980000,1,gripper_l_palm,-0.460000,0.363551,0.000000,-0.460000,0.363551,-0.000000,-0.460000,0.363551,-0.000000,0.000000,0.000000,0.000000,0
299,5.980000,2,gripper_l_finger1,-0.460000,0.343551,-0.000000,-0.460000,0.343551,-0.000000,-0.460000,0.343551,-0.000000,0.000000,0.000000,0.000000,0
299,5.980000,3,gripper_l_finger2,-0.460000,0.343551,0.000000,-0.460000,0.343551,-0.000000,-0.460000,0.343551,-0.000000,0.000000,0.000000,0.000000,1
299,5.980000,4,gripper_r_palm,0.460000,0.363551,0.000000,0.460000,0.363551,-0.000000,0.460000,0.363551,-0.000000,0.000000,0.000000,0.000000,0
299,5.980000,5,gripper_r_finger1,0.460000,0.343551,-0.000000,0.460000,0.343551,-0.000000,0.460000,0.343551,-0.000000,0.000000,0.000000,0.000000,0
299,5.980000,6,gripper_r_finger2,0.460000,0.343551,0.000000,0.460000,0.343551,-0.000000,0.460000,0.343551,-0.000000,0.000000,0.000000,0.000000,1
300,6.000000,0,base,0.000000,0.150000,0.000000,0.000000,0.150000,0.000000,0.000000,0.150000,0.000000,0.000000,0.000000,0.000000,0
300,6.000000,1,gripper_l_palm,-0.460000,0.363551,0.000000,-0.460000,0.363551,-0.000000,-0.460000,0.363551,-0.000000,0.000000,0.000000,0.000000,0
300,6.000000,2,gripper_l_finger1,-0.460000,0.343551,-0.000000,-0.460000,0.343551,-0.000000,-0.460000,0.343551,-0.000000,0.000000,0.000000,0.000000,0
300,6.000000,3,gripper_l_finger2,-0.460000,0.343551,0.000000,-0.460000,0.343551,-0.000000,-0.460000,0.343551,-0.000000,0.000000,0.000000,0.000000,1
300,6.000000,4,gripper_r_palm,0.460000,0.363551,0.000000,0.460000,0.363551,-0.000000,0.460000,0.363551,-0.000000,0.000000,0.000000,0.000000,0
300,6.000000,5,gripper_r_finger1,0.460000,0.343551,-0.000000,0.460000,0.343551,-0.000000,0.460000,0.343551,-0.000000,0.000000,0.000000,0.000000,0
300,6.000000,6,gripper_r_finger2,0.460000,0.343551,0.000000,0.460000,0.343551,-0.000000,0.460000,0.343551,-0.000000,0.000000,0.000000,0.000000,1
301,6.020000,0,base,0.000000,0.150000,0.000000,0.000000,0.150000,0.000000,0.000000,0.150000,0.000000,0.000000,0.000000,0.000000,0
301,6.020000,1,gripper_l_palm,-0.460000,0.363551,0.000000,-0.460000,0.363551,-0.000000,-0.460000,0.363551,-0.000000,0.000000,0.000000,0.000000,0
301,6.020000,2,gripper_l_finger1,-0.460000,0.343551,0.000000,-0.460000,0.343551,-0.000000,-0.460000,0.343551,-0.000000,0.000000,0.000000,0.000000,0
301,6.020000,3,gripper_l_finger2,-0.460000,0.343551,-0.000000,-0.460000,0.343551,-0.000000,-0.460000,0.343551,-0.000000,0.000000,0.000000,0.000000,1
301,6.020000,4,gripper_r_palm,0.460000,0.363551,0.000000,0.460000,0.363551,-0.000000,0.460000,0.363551,-0.000000,0.000000,0.000000,0.000000,0
301,6.020000,5,gripper_r_finger1,0.460000,0.343551,0.000000,0.460000,0.343551,-0.000000,0.460000,0.343551,-0.000000,0.000000,0.000000,0.000000,0
301,6.020000,6,gripper_r_finger2,0.460000,0.343551,-0.000000,0.460000,0.343551,-0.000000,0.460000,0.343551,-0.000000,0.000000,0.000000,0.000000,1
302,6.040000,0,base,0.000000,0.150000,0.000000,0.000000,0.150000,0.000000,0.000000,0.150000,0.000000,0.000000,0.000000,0.000000,0
302,6.040000,1,gripper_l_palm,-0.459999,0.363551,0.000000,-0.459999,0.363551,-0.000000,-0.459999,0.363551,-0.000000,0.000000,0.000000,0.000000,4
302,6.040000,2,gripper_l_finger1,-0.459999,0.343551,0.000000,-0.459999,0.343551,-0.000000,-0.459999,0.343551,-0.000000,0.000000,0.000000,0.000001,7
302,6.040000,3,gripper_l_finger2,-0.459999,0.343551,-0.000000,-0.459999,0.343551,-0.000000,-0.459999,0.343551,-0.000000,0.000000,0.000000,0.000001,6
302,6.040000,4,gripper_r_palm,0.459999,0.363551,0.000000,0.459999,0.363551,-0.000000,0.459999,0.363551,-0.000000,0.000000,0.000000,0.000000,0
302,6.040000,5,gripper_r_finger1,0.459999,0.343551,0.000000,0.459999,0.343551,-0.000000,0.459999,0.343551,-0.000000,0.000000,0.000000,0.000001,3
302,6.040000,6,gripper_r_finger2,0.459999,0.343551,-0.000000,0.459999,0.343551,-0.000000,0.459999,0.343551,-0.000000,0.000000,0.000000,0.000001,2
303,6.060000,0,base,0.000000,0.150000,0.000000,0.000000,0.150000,0.000000,0.000000,0.150000,0.000000,0.000000,0.000000,0.000000,0
303,6.060000,1,gripper_l_palm,-0.459996,0.363552,0.000000,-0.459995,0.363552,-0.000000,-0.459995,0.363552,-0.000000,0.000001,0.000001,0.000001,4
303,6.060000,2,gripper_l_finger1,-0.459996,0.343552,-0.000000,-0.459996,0.343552,-0.000000,-0.459996,0.343552,-0.000000,0.000000,0.000000,0.000001,6
303,6.060000,3,gripper_l_finger2,-0.459996,0.343552,0.000000,-0.459996,0.343552,-0.000000,-0.459996,0.343552,-0.000000,0.000000,0.000000,0.000001,7
303,6.060000,4,gripper_r_palm,0.459996,0.363552,0.000000,0.459995,0.363552,-0.000000,0.459995,0.363552,-0.000000,0.000001,0.000001,0.000001,0
303,6.060000,5,gripper_r_finger1,0.459996,0.343552,-0.000000,0.459996,0.343552,-0.000000,0.459996,0.343552,-0.000000,0.000000,0.000000,0.000001,2
303,6.060000,6,gripper_r_finger2,0.459996,0.343552,0.000000,0.459996,0.343552,-0.000000,0.459996,0.343552,-0.000000,0.000000,0.000000,0.000001,3
304,6.080000,0,base,0.000000,0.150000,0.000000,0.000000,0.150000,0.000000,0.000000,0.150000,0.000000,0.000000,0.000000,0.000000,0
304,6.080000,1,gripper_l_palm,-0.459988,0.363554,0.000000,-0.459987,0.363554,-0.000000,-0.459987,0.363554,-0.000000,0.000001,0.000001,0.000001,4
304,6.080000,2,gripper_l_finger1,-0.459988,0.343554,-0.000000,-0.459988,0.343554,-0.000000,-0.459988,0.343554,-0.000000,0.000001,0.000001,0.000001,6
304,6.080000,3,gripper_l_finger2,-0.459988,0.343554,0.000000,-0.459988,0.343554,-0.000000,-0.459988,0.343554,-0.000000,0.000001,0.000001,0.000001,7
304,6.080000,4,gripper_r_palm,0.459988,0.363554,0.000000,0.459987,0.363554,-0.000000,0.459987,0.363554,-0.000000,0.000001,0.000001,0.000001,0
304,6.080000,5,gripper_r_finger1,0.459988,0.343554,-0.000000,0.459988,0.343554,-0.000000,0.459988,0.343554,-0.000000,0.000001,0.000001,0.000001,2
304,6.080000,6,gripper_r_finger2,0.459988,0.343554,0.000000,0.459988,0.343554,-0.000000,0.459988,0.343554,-0.000000,0.000001,0.000001,0.000001,3
305,6.100000,0,base,0.000000,0.150000,0.000000,0.000000,0.150000,0.000000,0.000000,0.150000,0.000000,0.000000,0.000000,0.000000,0
305,6.100000,1,gripper_l_palm,-0.459974,0.363558,0.000000,-0.459973,0.363558,-0.000000,-0.459973,0.363558,-0.000000,0.000002,0.000002,0.000002,4
305,6.100000,2,gripper_l_finger1,-0.459975,0.343558,-0.000000,-0.459973,0.343558,-0.000000,-0.459973,0.343558,-0.000000,0.000001,0.000001,0.000001,6
305,6.100000,3,gripper_l_finger2,-0.459975,0.343558,0.000000,-0.459973,0.343558,-0.000000,-0.459973,0.343558,-0.000000,0.000001,0.000001,0.000001,7
305,6.100000,4,gripper_r_palm,0.459974,0.363558,0.000000,0.459973,0.363558,-0.000000,0.459973,0.363558,-0.000000,0.000002,0.000002,0.000002,0
305,6.100000,5,gripper_r_finger1,0.459975,0.343558,-0.000000,0.459973,0.343558,-0.000000,0.459973,0.343558,-0.000000,0.000001,0.000001,0.000001,2
305,6.100000,6,gripper_r_finger2,0.459975,0.343558,0.000000,0.459973,0.343558,-0.000000,0.459973,0.343558,-0.000000,0.000001,0.000001,0.000001,3
306,6.120000,0,base,0.000000,0.150000,0.000000,0.000000,0.150000,0.000000,0.000000,0.150000,0.000000,0.000000,0.000000,0.000000,0
306,6.120000,1,gripper_l_palm,-0.459954,0.363563,0.000000,-0.459952,0.363564,-0.000000,-0.459952,0.363564,-0.000000,0.000002,0.000002,0.000002,4
306,6.120000,2,gripper_l_finger1,-0.459954,0.343563,0.000001,-0.459953,0.343564,-0.000000,-0.459953,0.343564,-0.000000,0.000002,0.000002,0.000002,2
306,6.120000,3,gripper_l_finger2,-0.459954,0.343563,-0.000001,-0.459953,0.343564,-0.000000,-0.459953,0.343564,-0.000000,0.000002,0.000002,0.000002,3
306,6.120000,4,gripper_r_palm,0.459954,0.363563,0.000000,0.459952,0.363564,-0.000000,0.459952,0.363564,-0.000000,0.000002,0.000002,0.000002,0
306,6.120000,5,gripper_r_finger1,0.459954,0.343563,-0.000000,0.459953,0.343564,-0.000000,0.459953,0.343564,-0.000000,0.000002,0.000002,0.000002,2
306,6.120000,6,gripper_r_finger2,0.459954,0.343563,0.000000,0.459953,0.343564,-0.000000,0.459953,0.343564,-0.000000,0.000002,0.000002,0.000002,3
307,6.140000,0,base,0.000000,0.150000,0.000000,0.000000,0.150000,0.000000,0.000000,0.150000,0.000000,0.000000,0.000000,0.000000,0
307,6.140000,1,gripper_l_palm,-0.459926,0.363570,0.000000,-0.459924,0.363571,-0.000000,-0.459924,0.363571,-0.000000,0.000002,0.000002,0.000002,2
307,6.140000,2,gripper_l_finger1,-0.459927,0.343570,0.000001,-0.459925,0.343571,-0.000000,-0.459925,0.343571,-0.000000,0.000002,0.000002,0.000002,1
307,6.140000,3,gripper_l_finger2,-0.459927,0.343570,-0.000001,-0.459925,0.343571,-0.000000,-0.459925,0.343571,-0.000000,0.000002,0.000002,0.000002,0
307,6.140000,4,gripper_r_palm,0.459926,0.363570,0.000000,0.459924,0.363571,-0.000000,0.459924,0.363571,-0.000000,0.000002,0.000002,0.000002,6
307,6.140000,5,gripper_r_finger1,0.459927,0.343570,-0.000000,0.459925,0.343571,-0.000000,0.459925,0.343571,-0.000000,0.000002,0.000002,0.000002,5
307,6.140000,6,gripper_r_finger2,0.459927,0.343570,0.000000,0.459925,0.343571,-0.000000,0.459925,0.343571,-0.000000,0.000002,0.000002,0.000002,4
308,6.160000,0,base,0.000000,0.150000,0.000000,0.000000,0.150000,0.000000,0.000000,0.150000,0.000000,0.000000,0.000000,0.000000,0
308,6.160000,1,gripper_l_palm,-0.459892,0.363579,0.000000,-0.459889,0.363580,-0.000000,-0.459889,0.363580,-0.000000,0.000003,0.000003,0.000003,2
308,6.160000,2,gripper_l_finger1,-0.459893,0.343579,-0.000000,-0.459891,0.343580,-0.000000,-0.459891,0.343580,-0.000000,0.000003,0.000003,0.000003,0
308,6.160000,3,gripper_l_finger2,-0.459893,0.343579,0.000000,-0.459891,0.343580,-0.000000,-0.459891,0.343580,-0.000000,0.000003,0.000003,0.000003,1
308,6.160000,4,gripper_r_palm,0.459892,0.363579,0.000000,0.459889,0.363580,-0.000000,0.459889,0.363580,-0.000000,0.000003,0.000003,0.000003,6
308,6.160000,5,gripper_r_finger1,0.459893,0.343579,-0.000000,0.459891,0.343580,-0.000000,0.459891,0.343580,-0.000000,0.000003,0.000003,0.000003,4
308,6.160000,6,gripper_r_finger2,0.459893,0.343579,0.000000,0.459891,0.343580,-0.000000,0.459891,0.343580,-0.000000,0.000003,0.000003,0.000003,5
309,6.180000,0,base,0.000000,0.150000,0.000000,0.000000,0.150000,0.000000,0.000000,0.150000,0.000000,0.000000,0.000000,0.000000,0
309,6.180000,1,gripper_l_palm,-0.459851,0.363590,0.000000,-0.459848,0.363590,-0.000000,-0.459848,0.363590,-0.000000,0.000003,0.000003,0.000003,2
309,6.180000,2,gripper_l_finger1,-0.459852,0.343590,-0.000000,-0.459849,0.343590,-0.000000,-0.459849,0.343590,-0.000000,0.000003,0.000003,0.000003,1
309,6.180000,3,gripper_l_finger2,-0.459852,0.343590,0.000000,-0.459849,0.343590,-0.000000,-0.459849,0.343590,-0.000000,0.000003,0.000003,0.000003,0
309,6.180000,4,gripper_r_palm,0.459851,0.363590,0.000000,0.459848,0.363590,-0.000000,0.459848,0.363590,-0.000000,0.000003,0.000003,0.000003,6
309,6.180000,5,gripper_r_finger1,0.459852,0.343590,-0.000000,0.459849,0.343590,-0.000000,0.459849,0.343590,-0.000000,0.000003,0.000003,0.000003,5
309,6.180000,6,gripper_r_finger2,0.459852,0.343590,0.000000,0.459849,0.343590,-0.000000,0.459849,0.343590,-0.000000,0.000003,0.000003,0.000003,4
310,6.200000,0,base,0.000000,0.150000,0.000000,0.000000,0.150000,0.000000,0.000000,0.150000,0.000000,0.000000,0.000000,0.000000,0
310,6.200000,1,gripper_l_palm,-0.459803,0.363602,0.000000,-0.459800,0.363603,-0.000000,-0.459800,0.363603,-0.000000,0.000003,0.000003,0.000004,2
310,6.200000,2,gripper_l_finger1,-0.459805,0.343602,-0.000000,-0.459801,0.343603,-0.000000,-0.459801,0.343603,-0.000000,0.000003,0.000003,0.000004,1
310,6.200000,3,gripper_l_finger2,-0.459805,0.343602,0.000000,-0.459801,0.343603,-0.000000,-0.459801,0.343603,-0.000000,0.000003,0.000003,0.000004,0
310,6.200000,4,gripper_r_palm,0.459803,0.363602,0.000000,0.459800,0.363603,-0.000000,0.459800,0.363603,-0.000000,0.000003,0.000003,0.000004,6
310,6.200000,5,gripper_r_finger1,0.459805,0.343602,0.000001,0.459801,0.343603,-0.000000,0.459801,0.343603,-0.000000,0.000004,0.000004,0.000004,5
310,6.200000,6,gripper_r_finger2,0.459805,0.343602,-0.000001,0.459801,0.343603,-0.000000,0.459801,0.343603,-0.000000,0.000004,0.000004,0.000004,4
311,6.220000,0,base,0.000000,0.150000,0.000000,0.000000,0.150000,0.000000,0.000000,0.150000,0.000000,0.000000,0.000000,0.000000,0
311,6.220000,1,gripper_l_palm,-0.459749,0.363616,0.000000,-0.459745,0.363617,-0.000000,-0.459745,0.363617,-0.000000,0.000004,0.000004,0.000004,2
311,6.220000,2,gripper_l_finger1,-0.459750,0.343616,-0.000000,-0.459746,0.343617,-0.000000,-0.459746,0.343617,-0.000000,0.000004,0.000004,0.000004,1
311,6.220000,3,gripper_l_finger2,-0.459750,0.343616,0.000000,-0.459746,0.343617,-0.000000,-0.459746,0.343617,-0.000000,0.000004,0.000004,0.000004,0
311,6.220000,4,gripper_r_palm,0.459749,0.363616,0.000000,0.459745,0.363617,-0.000000,0.459745,0.363617,-0.000000,0.000004,0.000004,0.000004,6
311,6.220000,5,gripper_r_finger1,0.459750,0.343616,0.000004,0.459746,0.343617,-0.000000,0.459746,0.343617,-0.000000,0.000005,0.000005,0.000006,5
311,6.220000,6,gripper_r_finger2,0.459750,0.343616,-0.000004,0.459746,0.343617,-0.000000,0.459746,0.343617,-0.000000,0.000005,0.000005,0.000006,4
312,6.240000,0,base,0.000000,0.150000,0.000000,0.000000,0.150000,0.000000,0.000000,0.150000,0.000000,0.000000,0.000000,0.000000,0
312,6.240000,1,gripper_l_palm,-0.459687,0.363632,0.000000,-0.459683,0.363633,-0.000000,-0.459683,0.363633,-0.000000,0.000004,0.000004,0.000005,2
312,6.240000,2,gripper_l_finger1,-0.459689,0.343632,-0.000000,-0.459685,0.343633,-0.000000,-0.459685,0.343633,-0.000000,0.000004,0.000004,0.000004,1
312,6.240000,3,gripper_l_finger2,-0.459689,0.343632,0.000000,-0.459685,0.343633,-0.000000,-0.459685,0.343633,-0.000000,0.000004,0.000004,0.000004,0
312,6.240000,4,gripper_r_palm,0.459687,0.363632,0.000000,0.459683,0.363633,-0.000000,0.459683,0.363633,-0.000000,0.000004,0.000004,0.000005,6
312,6.240000,5,gripper_r_finger1,0.459689,0.343632,0.000004,0.459685,0.343633,-0.000000,0.459685,0.343633,-0.000000,0.000006,0.000006,0.000006,7
312,6.240000,6,gripper_r_finger2,0.459689,0.343632,-0.000004,0.459685,0.343633,-0.000000,0.459685,0.343633,-0.000000,0.000006,0.000006,0.000006,6
313,6.260000,0,base,0.000000,0.150000,0.000000,0.000000,0.150000,0.000000,0.000000,0.150000,0.000000,0.000000,0.000000,0.000000,0
313,6.260000,1,gripper_l_palm,-0.459620,0.363650,0.000000,-0.459615,0.363651,-0.000000,-0.459615,0.363651,-0.000000,0.000005,0.000005,0.000005,2
313,6.260000,2,gripper_l_finger1,-0.459621,0.343650,-0.000000,-0.459616,0.343651,-0.000000,-0.459616,0.343651,-0.000000,0.000005,0.000005,0.000005,1
313,6.260000,3,gripper_l_finger2,-0.459621,0.343650,0.000000,-0.459616,0.343651,-0.000000,-0.459616,0.343651,-0.000000,0.000005,0.000005,0.000005,0
313,6.260000,4,gripper_r_palm,0.459620,0.363650,0.000000,0.459615,0.363651,-0.000000,0.459615,0.363651,-0.000000,0.000005,0.000005,0.000005,6
313,6.260000,5,gripper_r_finger1,0.459621,0.343650,0.000006,0.459616,0.343651,-0.000000,0.459616,0.343651,-0.000000,0.000007,0.000007,0.000010,5
313,6.260000,6,gripper_r_finger2,0.459621,0.343650,-0.000006,0.459616,0.343651,-0.000000,0.459616,0.343651,-0.000000,0.000007,0.000007,0.000010,4
314,6.280000,0,base,0.000000,0.150000,0.000000,0.000000,0.150000,0.000000,0.000000,0.150000,0.000000,0.000000,0.000000,0.000000,0
314,6.280000,1,gripper_l_palm,-0.459545,0.363669,0.000000,-0.459540,0.363670,-0.000000,-0.459540,0.363670,-0.000000,0.000005,0.000005,0.000005,2
314,6.280000,2,gripper_l_finger1,-0.459546,0.343669,-0.000000,-0.459541,0.343670,-0.000000,-0.459541,0.343670,-0.000000,0.000005,0.000005,0.000005,1
314,6.280000,3,gripper_l_finger2,-0.459546,0.343669,0.000000,-0.459541,0.343670,-0.000000,-0.459541,0.343670,-0.000000,0.000005,0.000005,0.000005,0
314,6.280000,4,gripper_r_palm,0.459545,0.363669,0.000000,0.459540,0.363670,-0.000000,0.459540,0.363670,-0.000000,0.000005,0.000005,0.000005,6
314,6.280000,5,gripper_r_finger1,0.459546,0.343669,0.000008,0.459541,0.343670,-0.000000,0.459541,0.343670,-0.000000,0.000010,0.000010,0.000010,5
314,6.280000,6,gripper_r_finger2,0.459546,0.343669,-0.000008,0.459541,0.343670,-0.000000,0.459541,0.343670,-0.000000,0.000010,0.000010,0.000010,4
315,6.300000,0,base,0.000000,0.150000,0.000000,0.000000,0.150000,0.000000,0.000000,0.150000,0.000000,0.000000,0.000000,0.000000,0
315,6.300000,1,gripper_l_palm,-0.459464,0.363690,0.000000,-0.459458,0.363691,-0.000000,-0.459458,0.363691,-0.000000,0.000005,0.000005,0.000006,2
315,6.300000,2,gripper_l_finger1,-0.459465,0.343690,-0.000000,-0.459460,0.343691,-0.000000,-0.459460,0.343691,-0.000000,0.000005,0.000005,0.000006,1
315,6.300000,3,gripper_l_finger2,-0.459465,0.343690,0.000000,-0.459460,0.343691,-0.000000,-0.459460,0.343691,-0.000000,0.000005,0.000005,0.000006,0
315,6.300000,4,gripper_r_palm,0.459464,0.363690,0.000000,0.459458,0.363691,-0.000000,0.459458,0.363691,-0.000000,0.000005,0.000005,0.000006,6
315,6.300000,5,gripper_r_finger1,0.459465,0.343690,0.000009,0.459460,0.343691,-0.000000,0.459460,0.343691,-0.000000,0.000011,0.000011,0.000011,5
315,6.300000,6,gripper_r_finger2,0.459465,0.343690,-0.000009,0.459460,0.343691,-0.000000,0.459460,0.343691,-0.000000,0.000011,0.000011,0.000011,4
316,6.320000,0,base,0.000000,0.150000,0.000000,0.000000,0.150000,0.000000,0.000000,0.150000,0.000000,0.000000,0.000000,0.000000,0
316,6.320000,1,gripper_l_palm,-0.459376,0.363713,0.000000,-0.459370,0.363714,-0.000000,-0.459370,0.363714,-0.000000,0.000006,0.000006,0.000006,2
316,6.320000,2,gripper_l_finger1,-0.459377,0.343713,-0.000000,-0.459371,0.343714,-0.000000,-0.459371,0.343714,-0.000000,0.000006,0.000006,0.000006,1
316,6.320000,3,gripper_l_finger2,-0.459377,0.343713,0.000000,-0.459371,0.343714,-0.000000,-0.459371,0.343714,-0.000000,0.000006,0.000006,0.000006,0
316,6.320000,4,gripper_r_palm,0.459376,0.363713,0.000000,0.459370,0.363714,-0.000000,0.459370,0.363714,-0.000000,0.000006,0.000006,0.000006,6
316,6.320000,5,gripper_r_finger1,0.459377,0.343713,0.000006,0.459371,0.343714,-0.000000,0.459371,0.343714,-0.000000,0.000009,0.000009,0.000009,6
316,6.320000,6,gripper_r_finger2,0.459377,0.343713,-0.000006,0.459371,0.343714,-0.000000,0.459371,0.343714,-0.000000,0.000009,0.000009,0.000009,7
317,6.340000,0,base,0.000000,0.150000,0.000000,0.000000,0.150000,0.000000,0.000000,0.150000,0.000000,0.000000,0.000000,0.000000,0
317,6.340000,1,gripper_l_palm,-0.459281,0.363737,0.000000,-0.459275,0.363739,-0.000000,-0.459275,0.363739,-0.000000,0.000006,0.000006,0.000007,2
317,6.340000,2,gripper_l_finger1,-0.459282,0.343737,-0.000000,-0.459277,0.343739,-0.000000,-0.459277,0.343739,-0.000000,0.000006,0.000006,0.000006,1
317,6.340000,3,gripper_l_finger2,-0.459282,0.343737,0.000000,-0.459277,0.343739,-0.000000,-0.459277,0.343739,-0.000000,0.000006,0.000006,0.000006,0
317,6.340000,4,gripper_r_palm,0.459281,0.363737,0.000000,0.459275,0.363738,-0.000000,0.459275,0.363738,-0.000000,0.000006,0.000006,0.000007,6
317,6.340000,5,gripper_r_finger1,0.459282,0.343737,-0.000002,0.459277,0.343738,-0.000000,0.459277,0.343738,-0.000000,0.000006,0.000006,0.000007,5
317,6.340000,6,gripper_r_finger2,0.459282,0.343737,0.000002,0.459277,0.343738,-0.000000,0.459277,0.343738,-0.000000,0.000006,0.000006,0.000007,4
318,6.360000,0,base,0.000000,0.150000,0.000000,0.000000,0.150000,0.000000,0.000000,0.150000,0.000000,0.000000,0.000000,0.000000,0
318,6.360000,1,gripper_l_palm,-0.459180,0.363763,0.000000,-0.459174,0.363765,-0.000000,-0.459174,0.363765,-0.000000,0.000006,0.000006,0.000007,2
318,6.360000,2,gripper_l_finger1,-0.459181,0.343763,-0.000000,-0.459175,0.343765,-0.000000,-0.459175,0.343765,-0.000000,0.000006,0.000006,0.000007,1
318,6.360000,3,gripper_l_finger2,-0.459181,0.343763,0.000000,-0.459175,0.343765,-0.000000,-0.459175,0.343765,-0.000000,0.000006,0.000006,0.000007,0
318,6.360000,4,gripper_r_palm,0.459180,0.363763,0.000000,0.459174,0.363765,-0.000000,0.459174,0.363765,-0.000000,0.000006,0.000006,0.000007,6
318,6.360000,5,gripper_r_finger1,0.459181,0.343763,0.000001,0.459175,0.343765,-0.000000,0.459175,0.343765,-0.000000,0.000007,0.000007,0.000007,4
318,6.360000,6,gripper_r_finger2,0.459181,0.343763,-0.000001,0.459175,0.343765,-0.000000,0.459175,0.343765,-0.000000,0.000007,0.000007,0.000007,5
319,6.380000,0,base,0.000000,0.150000,0.000000,0.000000,0.150000,0.000000,0.000000,0.150000,0.000000,0.000000,0.000000,0.000000,0
319,6.380000,1,gripper_l_palm,-0.459073,0.363791,0.000000,-0.459066,0.363793,-0.000000,-0.459066,0.363793,-0.000000,0.000007,0.000007,0.000007,2
319,6.380000,2,gripper_l_finger1,-0.459074,0.343791,-0.000000,-0.459067,0.343793,-0.000000,-0.459067,0.343793,-0.000000,0.000007,0.000007,0.000007,1
319,6.380000,3,gripper_l_finger2,-0.459074,0.343791,0.000000,-0.459067,0.343793,-0.000000,-0.459067,0.343793,-0.000000,0.000007,0.000007,0.000007,0
319,6.380000,4,gripper_r_palm,0.459073,0.363791,0.000000,0.459066,0.363793,-0.000000,0.459066,0.363793,-0.000000,0.000007,0.000007,0.000007,6
319,6.380000,5,gripper_r_finger1,0.459074,0.343791,0.000001,0.459067,0.343793,-0.000000,0.459067,0.343793,-0.000000,0.000007,0.000007,0.000007,5
319,6.380000,6,gripper_r_finger2,0.459074,0.343791,-0.000001,0.459067,0.343793,-0.000000,0.459067,0.343793,-0.000000,0.000007,0.000007,0.000007,4
320,6.400000,0,base,0.000000,0.150000,0.000000,0.000000,0.150000,0.000000,0.000000,0.150000,0.000000,0.000000,0.000000,0.000000,0
320,6.400000,1,gripper_l_palm,-0.458959,0.363820,0.000000,-0.458952,0.363822,-0.000000,-0.458952,0.363822,-0.000000,0.000007,0.000007,0.000008,2
320,6.400000,2,gripper_l_finger1,-0.458960,0.343820,-0.000000,-0.458953,0.343822,-0.000000,-0.458953,0.343822,-0.000000,0.000007,0.000007,0.000008,1
320,6.400000,3,gripper_l_finger2,-0.458960,0.343820,0.000000,-0.458953,0.343822,-0.000000,-0.458953,0.343822,-0.000000,0.000007,0.000007,0.000008,0
320,6.400000,4,gripper_r_palm,0.458959,0.363820,0.000000,0.458952,0.363822,-0.000000,0.458952,0.363822,-0.000000,0.000007,0.000007,0.000008,6
320,6.400000,5,gripper_r_finger1,0.458960,0.343820,-0.000006,0.458953,0.343822,-0.000000,0.458953,0.343822,-0.000000,0.000009,0.000009,0.000010,5
320,6.400000,6,gripper_r_finger2,0.458960,0.343820,0.000006,0.458953,0.343822,-0.000000,0.458953,0.343822,-0.000000,0.000009,0.000009,0.000010,4
321,6.420000,0,base,0.000000,0.150000,0.000000,0.000000,0.150000,0.000000,0.000000,0.150000,0.000000,0.000000,0.000000,0.000000,0
321,6.420000,1,gripper_l_palm,-0.458838,0.363852,0.000000,-0.458831,0.363854,-0.000000,-0.458831,0.363854,-0.000000,0.000008,0.000008,0.000008,2
321,6.420000,2,gripper_l_finger1,-0.458839,0.343852,-0.000000,-0.458832,0.343854,-0.000000,-0.458832,0.343854,-0.000000,0.000008,0.000008,0.000008,1
321,6.420000,3,gripper_l_finger2,-0.458839,0.343852,0.000000,-0.458832,0.343854,-0.000000,-0.458832,0.343854,-0.000000,0.000008,0.000008,0.000008,0
321,6.420000,4,gripper_r_palm,0.458838,0.363851,0.000000,0.458831,0.363853,-0.000000,0.458831,0.363853,-0.000000,0.000008,0.000008,0.000008,6
321,6.420000,5,gripper_r_finger1,0.458839,0.343851,-0.000007,0.458832,0.343853,-0.000000,0.458832,0.343853,-0.000000,0.000011,0.000011,0.000011,4
321,6.420000,6,gripper_r_finger2,0.458839,0.343851,0.000007,0.458832,0.343853,-0.000000,0.458832,0.343853,-0.000000,0.000011,0.000011,0.000011,5
322,6.440000,0,base,0.000000,0.150000,0.000000,0.000000,0.150000,0.000000,0.000000,0.150000,0.000000,0.000000,0.000000,0.000000,0
322,6.440000,1,gripper_l_palm,-0.458711,0.363884,0.000000,-0.458703,0.363886,-0.000000,-0.458703,0.363886,-0.000000,0.000008,0.000008,0.000008,2
322,6.440000,2,gripper_l_finger1,-0.458712,0.343884,-0.000000,-0.458705,0.343886,-0.000000,-0.458705,0.343886,-0.000000,0.000008,0.000008,0.000008,1
322,6.440000,3,gripper_l_finger2,-0.458712,0.343884,0.000000,-0.458705,0.343886,-0.000000,-0.458705,0.343886,-0.000000,0.000008,0.000008,0.000008,0
322,6.440000,4,gripper_r_palm,0.458711,0.363884,0.000000,0.458703,0.363887,-0.000000,0.458703,0.363887,-0.000000,0.000008,0.000008,0.000009,6
322,6.440000,5,gripper_r_finger1,0.458712,0.343884,-0.000003,0.458705,0.343887,-0.000000,0.458705,0.343887,-0.000000,0.000008,0.000008,0.000009,5
322,6.440000,6,gripper_r_finger2,0.458712,0.343884,0.000003,0.458705,0.343887,-0.000000,0.458705,0.343887,-0.000000,0.000008,0.000008,0.000009,4
323,6.460000,0,base,0.000000,0.150000,0.000000,0.000000,0.150000,0.000000,0.000000,0.150000,0.000000,0.000000,0.000000,0.000000,0
323,6.460000,1,gripper_l_palm,-0.458578,0.363919,0.000000,-0.458570,0.363921,-0.000000,-0.458570,0.363921,-0.000000,0.000008,0.000008,0.000009,2
323,6.460000,2,gripper_l_finger1,-0.458579,0.343919,-0.000000,-0.458571,0.343921,-0.000000,-0.458571,0.343921,-0.000000,0.000008,0.000008,0.000009,1
323,6.460000,3,gripper_l_finger2,-0.458579,0.343919,0.000000,-0.458571,0.343921,-0.000000,-0.458571,0.343921,-0.000000,0.000008,0.000008,0.000009,0
323,6.460000,4,gripper_r_palm,0.458578,0.363919,0.000000,0.458570,0.363921,-0.000000,0.458570,0.363921,-0.000000,0.000008,0.000008,0.000009,6
323,6.460000,5,gripper_r_finger1,0.458579,0.343919,0.000001,0.458571,0.343921,-0.000000,0.458571,0.343921,-0.000000,0.000008,0.000008,0.000009,5
323,6.460000,6,gripper_r_finger2,0.458579,0.343919,-0.000001,0.458571,0.343921,-0.000000,0.458571,0.343921,-0.000000,0.000008,0.000008,0.000009,4
324,6.480000,0,base,0.000000,0.150000,0.000000,0.000000,0.150000,0.000000,0.000000,0.150000,0.000000,0.000000,0.000000,0.000000,0
324,6.480000,1,gripper_l_palm,-0.458438,0.363955,0.000000,-0.458430,0.363957,-0.000000,-0.458430,0.363957,-0.000000,0.000009,0.000009,0.000009,2
324,6.480000,2,gripper_l_finger1,-0.458439,0.343955,0.000002,-0.458431,0.343957,-0.000000,-0.458431,0.343957,-0.000000,0.000009,0.000009,0.000010,1
324,6.480000,3,gripper_l_finger2,-0.458439,0.343955,-0.000002,-0.458431,0.343957,-0.000000,-0.458431,0.343957,-0.000000,0.000009,0.000009,0.000010,0
324,6.480000,4,gripper_r_palm,0.458438,0.363955,0.000000,0.458430,0.363957,-0.000000,0.458430,0.363957,-0.000000,0.000009,0.000009,0.000009,6
324,6.480000,5,gripper_r_finger1,0.458439,0.343955,0.000002,0.458431,0.343957,-0.000000,0.458431,0.343957,-0.000000,0.000009,0.000009,0.000009,5
324,6.480000,6,gripper_r_finger2,0.458439,0.343955,-0.000002,0.458431,0.343957,-0.000000,0.458431,0.343957,-0.000000,0.000009,0.000009,0.000009,4
325,6.500000,0,base,0.000000,0.150000,0.000000,0.000000,0.150000,0.000000,0.000000,0.150000,0.000000,0.000000,0.000000,0.000000,0
325,6.500000,1,gripper_l_palm,-0.458292,0.363993,0.000000,-0.458283,0.363995,-0.000000,-0.458283,0.363995,-0.000000,0.000009,0.000009,0.000010,2
325,6.500000,2,gripper_l_finger1,-0.458293,0.343993,0.000003,-0.458284,0.343995,-0.000000,-0.458284,0.343995,-0.000000,0.000009,0.000009,0.000010,1
325,6.500000,3,gripper_l_finger2,-0.458293,0.343993,-0.000003,-0.458284,0.343995,-0.000000,-0.458284,0.343995,-0.000000,0.000009,0.000009,0.000010,0
325,6.500000,4,gripper_r_palm,0.458292,0.363993,0.000000,0.458283,0.363995,-0.000000,0.458283,0.363995,-0.000000,0.000009,0.000009,0.000010,6
325,6.500000,5,gripper_r_finger1,0.458293,0.343993,-0.000001,0.458284,0.343995,-0.000000,0.458284,0.343995,-0.000000,0.000009,0.000009,0.000010,5
325,6.500000,6,gripper_r_finger2,0.458293,0.343993,0.000001,0.458284,0.343995,-0.000000,0.458284,0.343995,-0.000000,0.000009,0.000009,0.000010,4
326,6.520000,0,base,0.000000,0.150000,0.000000,0.000000,0.150000,0.000000,0.000000,0.150000,0.000000,0.000000,0.000000,0.000000,0
326,6.520000,1,gripper_l_palm,-0.458139,0.364032,0.000000,-0.458130,0.364035,-0.000000,-0.458130,0.364035,-0.000000,0.000009,0.000009,0.000010,2
326,6.520000,2,gripper_l_finger1,-0.458140,0.344032,-0.000000,-0.458131,0.344035,-0.000000,-0.458131,0.344035,-0.000000,0.000009,0.000009,0.000010,1
326,6.520000,3,gripper_l_finger2,-0.458140,0.344032,0.000000,-0.458131,0.344035,-0.000000,-0.458131,0.344035,-0.000000,0.000009,0.000009,0.000010,0
326,6.520000,4,gripper_r_palm,0.458139,0.364032,0.000000,0.458130,0.364035,-0.000000,0.458130,0.364035,-0.000000,0.000009,0.000009,0.000010,6
326,6.520000,5,gripper_r_finger1,0.458140,0.344032,-0.000005,0.458131,0.344035,-0.000000,0.458131,0.344035,-0.000000,0.000010,0.000010,0.000011,5
326,6.520000,6,gripper_r_finger2,0.458140,0.344032,0.000005,0.458131,0.344035,-0.000000,0.458131,0.344035,-0.000000,0.000010,0.000010,0.000011,4
327,6.540000,0,base,0.000000,0.150000,0.000000,0.000000,0.150000,0.000000,0.000000,0.150000,0.000000,0.000000,0.000000,0.000000,0
327,6.540000,1,gripper_l_palm,-0.457980,0.364073,0.000000,-0.457971,0.364076,-0.000000,-0.457971,0.364076,-0.000000,0.000010,0.000010,0.000010,2
327,6.540000,2,gripper_l_finger1,-0.457981,0.344073,-0.000001,-0.457972,0.344076,-0.000000,-0.457972,0.344076,-0.000000,0.000010,0.000010,0.000010,1
327,6.540000,3,gripper_l_finger2,-0.457981,0.344073,0.000001,-0.457972,0.344076,-0.000000,-0.457972,0.344076,-0.000000,0.000010,0.000010,0.000010,0
327,6.540000,4,gripper_r_palm,0.457980,0.364073,0.000000,0.457971,0.364076,-0.000000,0.457971,0.364076,-0.000000,0.000010,0.000010,0.000010,6
327,6.540000,5,gripper_r_finger1,0.457981,0.344073,-0.000004,0.457972,0.344076,-0.000000,0.457972,0.344076,-0.000000,0.000010,0.000010,0.000011,5
327,6.540000,6,gripper_r_finger2,0.457981,0.344073,0.000004,0.457972,0.344076,-0.000000,0.457972,0.344076,-0.000000,0.000010,0.000010,0.000011,4
328,6.560000,0,base,0.000000,0.150000,0.000000,0.000000,0.150000,0.000000,0.000000,0.150000,0.000000,0.000000,0.000000,0.000000,0
328,6.560000,1,gripper_l_palm,-0.457815,0.364116,0.000000,-0.457806,0.364119,-0.000000,-0.457806,0.364119,-0.000000,0.000010,0.000010,0.000011,2
328,6.560000,2,gripper_l_finger1,-0.457816,0.344116,0.000001,-0.457807,0.344119,-0.000000,-0.457807,0.344119,-0.000000,0.000010,0.000010,0.000011,1
328,6.560000,3,gripper_l_finger2,-0.457816,0.344116,-0.000001,-0.457807,0.344119,-0.000000,-0.457807,0.344119,-0.000000,0.000010,0.000010,0.000011,0
328,6.560000,4,gripper_r_palm,0.457815,0.364116,0.000000,0.457806,0.364119,-0.000000,0.457806,0.364119,-0.000000,0.000010,0.000010,0.000011,6
328,6.560000,5,gripper_r_finger1,0.457816,0.344116,-0.000003,0.457807,0.344119,-0.000000,0.457807,0.344119,-0.000000,0.000010,0.000010,0.000011,5
328,6.560000,6,gripper_r_finger2,0.457816,0.344116,0.000003,0.457807,0.344119,-0.000000,0.457807,0.344119,-0.000000,0.000010,0.000010,0.000011,4
329,6.580000,0,base,0.000000,0.150000,0.000000,0.000000,0.150000,0.000000,0.000000,0.150000,0.000000,0.000000,0.000000,0.000000,0
329,6.580000,1,gripper_l_palm,-0.457644,0.364160,0.000000,-0.457634,0.364163,-0.000000,-0.457634,0.364163,-0.000000,0.000010,0.000010,0.000011,2
329,6.580000,2,gripper_l_finger1,-0.457645,0.344160,0.000002,-0.457635,0.344163,-0.000000,-0.457635,0.344163,-0.000000,0.000011,0.000011,0.000011,1
329,6.580000,3,gripper_l_finger2,-0.457645,0.344160,-0.000002,-0.457635,0.344163,-0.000000,-0.457635,0.344163,-0.000000,0.000011,0.000011,0.000011,0
329,6.580000,4,gripper_r_palm,0.457644,0.364160,0.000000,0.457634,0.364163,-0.000000,0.457634,0.364163,-0.000000,0.000010,0.000010,0.000011,6
329,6.580000,5,gripper_r_finger1,0.457645,0.344160,-0.000002,0.457635,0.344163,-0.000000,0.457635,0.344163,-0.000000,0.000011,0.000011,0.000011,5
329,6.580000,6,gripper_r_finger2,0.457645,0.344160,0.000002,0.457635,0.344163,-0.000000,0.457635,0.344163,-0.000000,0.000011,0.000011,0.000011,4
330,6.600000,0,base,0.000000,0.150000,0.000000,0.000000,0.150000,0.000000,0.000000,0.150000,0.000000,0.000000,0.000000,0.000000,0
330,6.600000,1,gripper_l_palm,-0.457466,0.364206,0.000000,-0.457456,0.364209,-0.000000,-0.457456,0.364209,-0.000000,0.000011,0.000011,0.000011,2
330,6.600000,2,gripper_l_finger1,-0.457467,0.344206,0.000006,-0.457457,0.344209,-0.000000,-0.457457,0.344209,-0.000000,0.000012,0.000012,0.000013,1
330,6.600000,3,gripper_l_finger2,-0.457467,0.344206,-0.000006,-0.457457,0.344209,-0.000000,-0.457457,0.344209,-0.000000,0.000012,0.000012,0.000013,0
330,6.600000,4,gripper_r_palm,0.457466,0.364206,0.000000,0.457456,0.364209,-0.000000,0.457456,0.364209,-0.000000,0.000011,0.000011,0.000011,6
330,6.600000,5,gripper_r_finger1,0.457467,0.344206,-0.000001,0.457457,0.344209,-0.000000,0.457457,0.344209,-0.000000,0.000011,0.000011,0.000011,5
330,6.600000,6,gripper_r_finger2,0.457467,0.344206,0.000001,0.457457,0.344209,-0.000000,0.457457,0.344209,-0.000000,0.000011,0.000011,0.000011,4
331,6.620000,0,base,0.000000,0.150000,0.000000,0.000000,0.150000,0.000000,0.000000,0.150000,0.000000,0.000000,0.000000,0.000000,0
331,6.620000,1,gripper_l_palm,-0.457283,0.364254,0.000000,-0.457272,0.364257,-0.000000,-0.457272,0.364257,-0.000000,0.000011,0.000011,0.000012,2
331,6.620000,2,gripper_l_finger1,-0.457284,0.344254,0.000010,-0.457273,0.344257,-0.000000,-0.457273,0.344257,-0.000000,0.000015,0.000015,0.000016,2
331,6.620000,3,gripper_l_finger2,-0.457284,0.344254,-0.000010,-0.457273,0.344257,-0.000000,-0.457273,0.344257,-0.000000,0.000015,0.000015,0.000016,3
331,6.620000,4,gripper_r_palm,0.457283,0.364254,0.000000,0.457272,0.364257,-0.000000,0.457272,0.364257,-0.000000,0.000011,0.000011,0.000012,6
331,6.620000,5,gripper_r_finger1,0.457284,0.344254,-0.000001,0.457273,0.344257,-0.000000,0.457273,0.344257,-0.000000,0.000011,0.000011,0.000012,5
331,6.620000,6,gripper_r_finger2,0.457284,0.344254,0.000001,0.457273,0.344257,-0.000000,0.457273,0.344257,-0.000000,0.000011,0.000011,0.000012,4
332,6.640000,0,base,0.000000,0.150000,0.000000,0.000000,0.150000,0.000000,0.000000,0.150000,0.000000,0.000000,0.000000,0.000000,0
332,6.640000,1,gripper_l_palm,-0.457093,0.364303,0.000000,-0.457082,0.364306,-0.000000,-0.457082,0.364306,-0.000000,0.000011,0.000011,0.000012,2
332,6.640000,2,gripper_l_finger1,-0.457094,0.344303,0.000010,-0.457083,0.344306,-0.000000,-0.457083,0.344306,-0.000000,0.000015,0.000015,0.000016,1
332,6.640000,3,gripper_l_finger2,-0.457094,0.344303,-0.000010,-0.457083,0.344306,-0.000000,-0.457083,0.344306,-0.000000,0.000015,0.000015,0.000016,0
332,6.640000,4,gripper_r_palm,0.457093,0.364303,0.000000,0.457082,0.364306,-0.000000,0.457082,0.364306,-0.000000,0.000011,0.000011,0.000012,6
332,6.640000,5,gripper_r_finger1,0.457094,0.344303,-0.000000,0.457083,0.344306,-0.000000,0.457083,0.344306,-0.000000,0.000011,0.000011,0.000012,5
332,6.640000,6,gripper_r_finger2,0.457094,0.344303,0.000000,0.457083,0.344306,-0.000000,0.457083,0.344306,-0.000000,0.000011,0.000011,0.000012,4
333,6.660000,0,base,0.000000,0.150000,0.000000,0.000000,0.150000,0.000000,0.000000,0.150000,0.000000,0.000000,0.000000,0.000000,0
333,6.660000,1,gripper_l_palm,-0.456897,0.364354,0.000000,-0.456885,0.364357,-0.000000,-0.456885,0.364357,-0.000000,0.000012,0.000012,0.000013,2
333,6.660000,2,gripper_l_finger1,-0.456898,0.344354,0.000004,-0.456886,0.344357,-0.000000,-0.456886,0.344357,-0.000000,0.000012,0.000012,0.000013,3
333,6.660000,3,gripper_l_finger2,-0.456898,0.344354,-0.000004,-0.456886,0.344357,-0.000000,-0.456886,0.344357,-0.000000,0.000012,0.000012,0.000013,2
333,6.660000,4,gripper_r_palm,0.456897,0.364354,0.000000,0.456885,0.364357,-0.000000,0.456885,0.364357,-0.000000,0.000012,0.000012,0.000013,6
333,6.660000,5,gripper_r_finger1,0.456898,0.344354,-0.000000,0.456886,0.344357,-0.000000,0.456886,0.344357,-0.000000,0.000012,0.000012,0.000012,5
333,6.660000,6,gripper_r_finger2,0.456898,0.344354,0.000000,0.456886,0.344357,-0.000000,0.456886,0.344357,-0.000000,0.000012,0.000012,0.000012,4
334,6.680000,0,base,0.000000,0.150000,0.000000,0.000000,0.150000,0.000000,0.000000,0.150000,0.000000,0.000000,0.000000,0.000000,0
334,6.680000,1,gripper_l_palm,-0.456695,0.364406,0.000000,-0.456683,0.364409,-0.000000,-0.456683,0.364409,-0.000000,0.000012,0.000012,0.000013,2
334,6.680000,2,gripper_l_finger1,-0.456696,0.344406,-0.000006,-0.456684,0.344409,-0.000000,-0.456684,0.344409,-0.000000,0.000013,0.000013,0.000014,1
334,6.680000,3,gripper_l_finger2,-0.456696,0.344406,0.000006,-0.456684,0.344409,-0.000000,-0.456684,0.344409,-0.000000,0.000013,0.000013,0.000014,0
334,6.680000,4,gripper_r_palm,0.456695,0.364406,0.000000,0.456683,0.364409,-0.000000,0.456683,0.364409,-0.000000,0.000012,0.000012,0.000013,6
334,6.680000,5,gripper_r_finger1,0.456696,0.344406,-0.000000,0.456684,0.344409,-0.000000,0.456684,0.344409,-0.000000,0.000012,0.000012,0.000013,5
334,6.680000,6,gripper_r_finger2,0.456696,0.344406,0.000000,0.456684,0.344409,-0.000000,0.456684,0.344409,-0.000000,0.000012,0.000012,0.000013,4
335,6.700000,0,base,0.000000,0.150000,0.000000,0.000000,0.150000,0.000000,0.000000,0.150000,0.000000,0.000000,0.000000,0.000000,0
335,6.700000,1,gripper_l_palm,-0.456486,0.364460,0.000000,-0.456474,0.364463,-0.000000,-0.456474,0.364463,-0.000000,0.000012,0.000012,0.000013,2
335,6.700000,2,gripper_l_finger1,-0.456487,0.344460,-0.000007,-0.456475,0.344463,-0.000000,-0.456475,0.344463,-0.000000,0.000014,0.000014,0.000015,0
335,6.700000,3,gripper_l_finger2,-0.456487,0.344460,0.000007,-0.456475,0.344463,-0.000000,-0.456475,0.344463,-0.000000,0.000014,0.000014,0.000015,1
335,6.700000,4,gripper_r_palm,0.456486,0.364460,0.000000,0.456474,0.364463,-0.000000,0.456474,0.364463,-0.000000,0.000012,0.000012,0.000013,6
335,6.700000,5,gripper_r_finger1,0.456487,0.344460,-0.000000,0.456475,0.344463,-0.000000,0.456475,0.344463,-0.000000,0.000012,0.000012,0.000013,5
335,6.700000,6,gripper_r_finger2,0.456487,0.344460,0.000000,0.456475,0.344463,-0.000000,0.456475,0.344463,-0.000000,0.000012,0.000012,0.000013,4
336,6.720000,0,base,0.000000,0.150000,0.000000,0.000000,0.150000,0.000000,0.000000,0.150000,0.000000,0.000000,0.000000,0.000000,0
336,6.720000,1,gripper_l_palm,-0.456272,0.364515,0.000000,-0.456260,0.364518,-0.000000,-0.456260,0.364518,-0.000000,0.000013,0.000013,0.000014,2
336,6.720000,2,gripper_l_finger1,-0.456273,0.344515,-0.000005,-0.456261,0.344518,-0.000000,-0.456261,0.344518,-0.000000,0.000014,0.000014,0.000014,1
336,6.720000,3,gripper_l_finger2,-0.456273,0.344515,0.000005,-0.456261,0.344518,-0.000000,-0.456261,0.344518,-0.000000,0.000014,0.000014,0.000014,0
336,6.720000,4,gripper_r_palm,0.456272,0.364515,0.000000,0.456260,0.364519,-0.000000,0.456260,0.364519,-0.000000,0.000013,0.000013,0.000014,6
336,6.720000,5,gripper_r_finger1,0.456273,0.344515,-0.000000,0.456261,0.344519,-0.000000,0.456261,0.344519,-0.000000,0.000013,0.000013,0.000013,5
336,6.720000,6,gripper_r_finger2,0.456273,0.344515,0.000000,0.456261,0.344519,-0.000000,0.456261,0.344519,-0.000000,0.000013,0.000013,0.000013,4
337,6.740000,0,base,0.000000,0.150000,0.000000,0.000000,0.150000,0.000000,0.000000,0.150000,0.000000,0.000000,0.000000,0.000000,0
337,6.740000,1,gripper_l_palm,-0.456052,0.364572,0.000000,-0.456039,0.364576,-0.000000,-0.456039,0.364576,-0.000000,0.000013,0.000013,0.000014,2
337,6.740000,2,gripper_l_finger1,-0.456053,0.344572,0.000000,-0.456040,0.344576,-0.000000,-0.456040,0.344576,-0.000000,0.000013,0.000013,0.000014,1
337,6.740000,3,gripper_l_finger2,-0.456053,0.344572,-0.000000,-0.456040,0.344576,-0.000000,-0.456040,0.344576,-0.000000,0.000013,0.000013,0.000014,0
337,6.740000,4,gripper_r_palm,0.456052,0.364572,0.000000,0.456039,0.364576,-0.000000,0.456039,0.364576,-0.000000,0.000013,0.000013,0.000014,6
337,6.740000,5,gripper_r_finger1,0.456053,0.344572,-0.000000,0.456040,0.344576,-0.000000,0.456040,0.344576,-0.000000,0.000013,0.000013,0.000014,5
337,6.740000,6,gripper_r_finger2,0.456053,0.344572,0.000000,0.456040,0.344576,-0.000000,0.456040,0.344576,-0.000000,0.000013,0.000013,0.000014,4
338,6.760000,0,base,0.000000,0.150000,0.000000,0.000000,0.150000,0.000000,0.000000,0.150000,0.000000,0.000000,0.000000,0.000000,0
338,6.760000,1,gripper_l_palm,-0.455825,0.364631,0.000000,-0.455812,0.364634,-0.000000,-0.455812,0.364634,-0.000000,0.000013,0.000013,0.000014,2
338,6.760000,2,gripper_l_finger1,-0.455826,0.344631,0.000009,-0.455813,0.344635,-0.000000,-0.455813,0.344635,-0.000000,0.000016,0.000016,0.000017,1
338,6.760000,3,gripper_l_finger2,-0.455826,0.344631,-0.000009,-0.455813,0.344635,-0.000000,-0.455813,0.344635,-0.000000,0.000016,0.000016,0.000017,0
338,6.760000,4,gripper_r_palm,0.455825,0.364631,0.000000,0.455812,0.364634,-0.000000,0.455812,0.364634,-0.000000,0.000013,0.000013,0.000014,6
338,6.760000,5,gripper_r_finger1,0.455826,0.344631,-0.000000,0.455813,0.344634,-0.000000,0.455813,0.344634,-0.000000,0.000013,0.000013,0.000014,5
338,6.760000,6,gripper_r_finger2,0.455826,0.344631,0.000000,0.455813,0.344634,-0.000000,0.455813,0.344634,-0.000000,0.000013,0.000013,0.000014,4
339,6.780000,0,base,0.000000,0.150000,0.000000,0.000000,0.150000,0.000000,0.000000,0.150000,0.000000,0.000000,0.000000,0.000000,0
339,6.780000,1,gripper_l_palm,-0.455593,0.364691,0.000000,-0.455580,0.364694,-0.000000,-0.455580,0.364694,-0.000000,0.000014,0.000014,0.000015,2
339,6.780000,2,gripper_l_finger1,-0.455594,0.344691,0.000008,-0.455581,0.344694,-0.000000,-0.455581,0.344694,-0.000000,0.000016,0.000016,0.000017,1
339,6.780000,3,gripper_l_finger2,-0.455594,0.344691,-0.000008,-0.455581,0.344694,-0.000000,-0.455581,0.344694,-0.000000,0.000016,0.000016,0.000017,0
339,6.780000,4,gripper_r_palm,0.455593,0.364691,0.000000,0.455580,0.364694,-0.000000,0.455580,0.364694,-0.000000,0.000014,0.000014,0.000015,6
339,6.780000,5,gripper_r_finger1,0.455594,0.344691,-0.000000,0.455581,0.344694,-0.000000,0.455581,0.344694,-0.000000,0.000014,0.000014,0.000014,5
339,6.780000,6,gripper_r_finger2,0.455594,0.344691,0.000000,0.455581,0.344694,-0.000000,0.455581,0.344694,-0.000000,0.000014,0.000014,0.000014,4
340,6.800000,0,base,0.000000,0.150000,0.000000,0.000000,0.150000,0.000000,0.000000,0.150000,0.000000,0.000000,0.000000,0.000000,0
340,6.800000,1,gripper_l_palm,-0.455355,0.364752,0.000000,-0.455341,0.364756,-0.000000,-0.455341,0.364756,-0.000000,0.000014,0.000014,0.000015,2
340,6.800000,2,gripper_l_finger1,-0.455356,0.344752,0.000004,-0.455342,0.344756,-0.000000,-0.455342,0.344756,-0.000000,0.000015,0.000015,0.000016,1
340,6.800000,3,gripper_l_finger2,-0.455356,0.344752,-0.000004,-0.455342,0.344756,-0.000000,-0.455342,0.344756,-0.000000,0.000015,0.000015,0.000016,0
340,6.800000,4,gripper_r_palm,0.455355,0.364752,0.000000,0.455341,0.364756,-0.000000,0.455341,0.364756,-0.000000,0.000014,0.000014,0.000015,6
340,6.800000,5,gripper_r_finger1,0.455356,0.344752,-0.000000,0.455342,0.344756,-0.000000,0.455342,0.344756,-0.000000,0.000014,0.000014,0.000015,5
340,6.800000,6,gripper_r_finger2,0.455356,0.344752,0.000000,0.455342,0.344756,-0.000000,0.455342,0.344756,-0.000000,0.000014,0.000014,0.000015,4
341,6.820000,0,base,0.000000,0.150000,0.000000,0.000000,0.150000,0.000000,0.000000,0.150000,0.000000,0.000000,0.000000,0.000000,0
341,6.820000,1,gripper_l_palm,-0.455111,0.364815,0.000000,-0.455097,0.364819,-0.000000,-0.455097,0.364819,-0.000000,0.000014,0.000014,0.000015,2
341,6.820000,2,gripper_l_finger1,-0.455112,0.344815,0.000003,-0.455098,0.344819,-0.000000,-0.455098,0.344819,-0.000000,0.000015,0.000015,0.000015,1
341,6.820000,3,gripper_l_finger2,-0.455112,0.344815,-0.000003,-0.455098,0.344819,-0.000000,-0.455098,0.344819,-0.000000,0.000015,0.000015,0.000015,0
341,6.820000,4,gripper_r_palm,0.455111,0.364816,0.000000,0.455097,0.364819,-0.000000,0.455097,0.364819,-0.000000,0.000014,0.000014,0.000015,6
341,6.820000,5,gripper_r_finger1,0.455112,0.344816,-0.000000,0.455098,0.344819,-0.000000,0.455098,0.344819,-0.000000,0.000014,0.000014,0.000015,5
341,6.820000,6,gripper_r_finger2,0.455112,0.344816,0.000000,0.455098,0.344819,-0.000000,0.455098,0.344819,-0.000000,0.000014,0.000014,0.000015,4
342,6.840000,0,base,0.000000,0.150000,0.000000,0.000000,0.150000,0.000000,0.000000,0.150000,0.000000,0.000000,0.000000,0.000000,0
342,6.840000,1,gripper_l_palm,-0.454861,0.364880,0.000000,-0.454846,0.364884,-0.000000,-0.454846,0.364884,-0.000000,0.000015,0.000015,0.000016,2
342,6.840000,2,gripper_l_finger1,-0.454861,0.344880,-0.000001,-0.454847,0.344884,-0.000000,-0.454847,0.344884,-0.000000,0.000015,0.000015,0.000016,1
342,6.840000,3,gripper_l_finger2,-0.454861,0.344880,0.000001,-0.454847,0.344884,-0.000000,-0.454847,0.344884,-0.000000,0.000015,0.000015,0.000016,0
342,6.840000,4,gripper_r_palm,0.454861,0.364880,0.000000,0.454846,0.364884,-0.000000,0.454846,0.364884,-0.000000,0.000015,0.000015,0.000016,6
342,6.840000,5,gripper_r_finger1,0.454861,0.344880,-0.000000,0.454847,0.344884,-0.000000,0.454847,0.344884,-0.000000,0.000015,0.000015,0.000016,5
342,6.840000,6,gripper_r_finger2,0.454861,0.344880,0.000000,0.454847,0.344884,-0.000000,0.454847,0.344884,-0.000000,0.000015,0.000015,0.000016,4
343,6.860000,0,base,0.000000,0.150000,0.000000,0.000000,0.150000,0.000000,0.000000,0.150000,0.000000,0.000000,0.000000,0.000000,0
343,6.860000,1,gripper_l_palm,-0.454605,0.364946,0.000000,-0.454590,0.364950,-0.000000,-0.454590,0.364950,-0.000000,0.000015,0.000015,0.000016,2
343,6.860000,2,gripper_l_finger1,-0.454606,0.344946,0.000000,-0.454591,0.344950,-0.000000,-0.454591,0.344950,-0.000000,0.000015,0.000015,0.000016,1
343,6.860000,3,gripper_l_finger2,-0.454606,0.344946,-0.000000,-0.454591,0.344950,-0.000000,-0.454591,0.344950,-0.000000,0.000015,0.000015,0.000016,0
343,6.860000,4,gripper_r_palm,0.454605,0.364946,0.000000,0.454590,0.364950,-0.000000,0.454590,0.364950,-0.000000,0.000015,0.000015,0.000016,6
343,6.860000,5,gripper_r_finger1,0.454606,0.344946,0.000000,0.454591,0.344950,-0.000000,0.454591,0.344950,-0.000000,0.000015,0.000015,0.000016,5
343,6.860000,6,gripper_r_finger2,0.454606,0.344946,-0.000000,0.454591,0.344950,-0.000000,0.454591,0.344950,-0.000000,0.000015,0.000015,0.000016,4
344,6.880000,0,base,0.000000,0.150000,0.000000,0.000000,0.150000,0.000000,0.000000,0.150000,0.000000,0.000000,0.000000,0.000000,0
344,6.880000,1,gripper_l_palm,-0.454343,0.365014,0.000000,-0.454328,0.365018,-0.000000,-0.454328,0.365018,-0.000000,0.000015,0.000015,0.000016,2
344,6.880000,2,gripper_l_finger1,-0.454344,0.345014,-0.000002,-0.454329,0.345018,-0.000000,-0.454329,0.345018,-0.000000,0.000015,0.000015,0.000016,1
344,6.880000,3,gripper_l_finger2,-0.454344,0.345014,0.000002,-0.454329,0.345018,-0.000000,-0.454329,0.345018,-0.000000,0.000015,0.000015,0.000016,0
344,6.880000,4,gripper_r_palm,0.454343,0.365014,0.000000,0.454328,0.365018,-0.000000,0.454328,0.365018,-0.000000,0.000015,0.000015,0.000016,6
344,6.880000,5,gripper_r_finger1,0.454344,0.345014,0.000007,0.454329,0.345018,-0.000000,0.454329,0.345018,-0.000000,0.000017,0.000017,0.000019,5
344,6.880000,6,gripper_r_finger2,0.454344,0.345014,-0.000007,0.454329,0.345018,-0.000000,0.454329,0.345018,-0.000000,0.000017,0.000017,0.000019,4
345,6.900000,0,base,0.000000,0.150000,0.000000,0.000000,0.150000,0.000000,0.000000,0.150000,0.000000,0.000000,0.000000,0.000000,0
345,6.900000,1,gripper_l_palm,-0.454075,0.365083,0.000000,-0.454060,0.365087,-0.000000,-0.454060,0.365087,-0.000000,0.000016,0.000016,0.000017,2
345,6.900000,2,gripper_l_finger1,-0.454076,0.345083,-0.000010,-0.454061,0.345087,-0.000000,-0.454061,0.345087,-0.000000,0.000019,0.000019,0.000019,1
345,6.900000,3,gripper_l_finger2,-0.454076,0.345083,0.000010,-0.454061,0.345087,-0.000000,-0.454061,0.345087,-0.000000,0.000019,0.000019,0.000019,0
345,6.900000,4,gripper_r_palm,0.454075,0.365084,0.000000,0.454060,0.365088,-0.000000,0.454060,0.365088,-0.000000,0.000016,0.000016,0.000017,6
345,6.900000,5,gripper_r_finger1,0.454076,0.345084,0.000016,0.454061,0.345088,-0.000000,0.454061,0.345088,-0.000000,0.000022,0.000022,0.000023,7
345,6.900000,6,gripper_r_finger2,0.454076,0.345084,-0.000016,0.454061,0.345088,-0.000000,0.454061,0.345088,-0.000000,0.000022,0.000022,0.000023,6
346,6.920000,0,base,0.000000,0.150000,0.000000,0.000000,0.150000,0.000000,0.000000,0.150000,0.000000,0.000000,0.000000,0.000000,0
346,6.920000,1,gripper_l_palm,-0.453802,0.365154,0.000000,-0.453787,0.365158,-0.000000,-0.453787,0.365158,-0.000000,0.000016,0.000016,0.000017,2
346,6.920000,2,gripper_l_finger1,-0.453803,0.345154,-0.000008,-0.453787,0.345158,-0.000000,-0.453787,0.345158,-0.000000,0.000018,0.000018,0.000019,0
346,6.920000,3,gripper_l_finger2,-0.453803,0.345154,0.000008,-0.453787,0.345158,-0.000000,-0.453787,0.345158,-0.000000,0.000018,0.000018,0.000019,1
346,6.920000,4,gripper_r_palm,0.453802,0.365154,0.000000,0.453787,0.365158,-0.000000,0.453787,0.365158,-0.000000,0.000016,0.000016,0.000017,6
346,6.920000,5,gripper_r_finger1,0.453803,0.345154,0.000011,0.453787,0.345158,-0.000000,0.453787,0.345158,-0.000000,0.000020,0.000020,0.000020,7
346,6.920000,6,gripper_r_finger2,0.453803,0.345154,-0.000011,0.453787,0.345158,-0.000000,0.453787,0.345158,-0.000000,0.000020,0.000020,0.000020,6
347,6.940000,0,base,0.000000,0.150000,0.000000,0.000000,0.150000,0.000000,0.000000,0.150000,0.000000,0.000000,0.000000,0.000000,0
347,6.940000,1,gripper_l_palm,-0.453523,0.365226,0.000000,-0.453507,0.365230,-0.000000,-0.453507,0.365230,-0.000000,0.000016,0.000016,0.000018,2
347,6.940000,2,gripper_l_finger1,-0.453524,0.345226,-0.000006,-0.453508,0.345230,-0.000000,-0.453508,0.345230,-0.000000,0.000017,0.000017,0.000018,1
347,6.940000,3,gripper_l_finger2,-0.453524,0.345226,0.000006,-0.453508,0.345230,-0.000000,-0.453508,0.345230,-0.000000,0.000017,0.000017,0.000018,0
347,6.940000,4,gripper_r_palm,0.453523,0.365226,0.000000,0.453507,0.365230,-0.000000,0.453507,0.365230,-0.000000,0.000016,0.000016,0.000018,6
347,6.940000,5,gripper_r_finger1,0.453524,0.345226,0.000003,0.453508,0.345230,-0.000000,0.453508,0.345230,-0.000000,0.000017,0.000017,0.000017,5
347,6.940000,6,gripper_r_finger2,0.453524,0.345226,-0.000003,0.453508,0.345230,-0.000000,0.453508,0.345230,-0.000000,0.000017,0.000017,0.000017,4
348,6.960000,0,base,0.000000,0.150000,0.000000,0.000000,0.150000,0.000000,0.000000,0.150000,0.000000,0.000000,0.000000,0.000000,0
348,6.960000,1,gripper_l_palm,-0.453238,0.365300,0.000000,-0.453222,0.365304,-0.000000,-0.453222,0.365304,-0.000000,0.000017,0.000017,0.000018,2
348,6.960000,2,gripper_l_finger1,-0.453239,0.345300,-0.000005,-0.453223,0.345304,-0.000000,-0.453223,0.345304,-0.000000,0.000017,0.000017,0.000018,1
348,6.960000,3,gripper_l_finger2,-0.453239,0.345300,0.000005,-0.453223,0.345304,-0.000000,-0.453223,0.345304,-0.000000,0.000017,0.000017,0.000018,0
348,6.960000,4,gripper_r_palm,0.453238,0.365300,0.000000,0.453222,0.365304,-0.000000,0.453222,0.365304,-0.000000,0.000017,0.000017,0.000018,6
348,6.960000,5,gripper_r_finger1,0.453239,0.345300,-0.000005,0.453223,0.345304,-0.000000,0.453223,0.345304,-0.000000,0.000017,0.000017,0.000018,5
348,6.960000,6,gripper_r_finger2,0.453239,0.345300,0.000005,0.453223,0.345304,-0.000000,0.453223,0.345304,-0.000000,0.000017,0.000017,0.000018,4
349,6.980000,0,base,0.000000,0.150000,0.000000,0.000000,0.150000,0.000000,0.000000,0.150000,0.000000,0.000000,0.000000,0.000000,0
349,6.980000,1,gripper_l_palm,-0.452948,0.365375,0.000000,-0.452931,0.365379,-0.000000,-0.452931,0.365379,-0.000000,0.000017,0.000017,0.000018,2
349,6.980000,2,gripper_l_finger1,-0.452949,0.345375,-0.000003,-0.452932,0.345379,-0.000000,-0.452932,0.345379,-0.000000,0.000017,0.000017,0.000018,1
349,6.980000,3,gripper_l_finger2,-0.452949,0.345375,0.000003,-0.452932,0.345379,-0.000000,-0.452932,0.345379,-0.000000,0.000017,0.000017,0.000018,0
349,6.980000,4,gripper_r_palm,0.452948,0.365375,0.000000,0.452931,0.365379,-0.000000,0.452931,0.365379,-0.000000,0.000017,0.000017,0.000018,6
349,6.980000,5,gripper_r_finger1,0.452949,0.345375,-0.000011,0.452932,0.345379,-0.000000,0.452932,0.345379,-0.000000,0.000020,0.000020,0.000021,5
349,6.980000,6,gripper_r_finger2,0.452949,0.345375,0.000011,0.452932,0.345379,-0.000000,0.452932,0.345379,-0.000000,0.000020,0.000020,0.000021,4
350,7.000000,0,base,0.000000,0.150000,0.000000,0.000000,0.150000,0.000000,0.000000,0.150000,0.000000,0.000000,0.000000,0.000000,0
350,7.000000,1,gripper_l_palm,-0.452652,0.365452,0.000000,-0.452635,0.365456,-0.000000,-0.452635,0.365456,-0.000000,0.000017,0.000017,0.000019,2
350,7.000000,2,gripper_l_finger1,-0.452652,0.345452,-0.000003,-0.452636,0.345456,-0.000000,-0.452636,0.345456,-0.000000,0.000018,0.000018,0.000018,1
350,7.000000,3,gripper_l_finger2,-0.452652,0.345452,0.000003,-0.452636,0.345456,-0.000000,-0.452636,0.345456,-0.000000,0.000018,0.000018,0.000018,0
350,7.000000,4,gripper_r_palm,0.452652,0.365452,0.000000,0.452635,0.365456,-0.000000,0.452635,0.365456,-0.000000,0.000017,0.000017,0.000019,6
350,7.000000,5,gripper_r_finger1,0.452652,0.345452,-0.000009,0.452636,0.345456,-0.000000,0.452636,0.345456,-0.000000,0.000019,0.000019,0.000020,5
350,7.000000,6,gripper_r_finger2,0.452652,0.345452,0.000009,0.452636,0.345456,-0.000000,0.452636,0.345456,-0.000000,0.000019,0.000019,0.000020,4
351,7.020000,0,base,0.000000,0.150000,0.000000,0.000000,0.150000,0.000000,0.000000,0.150000,0.000000,0.000000,0.000000,0.000000,0
351,7.020000,1,gripper_l_palm,-0.452350,0.365530,0.000000,-0.452333,0.365534,-0.000000,-0.452333,0.365534,-0.000000,0.000018,0.000018,0.000019,2
351,7.020000,2,gripper_l_finger1,-0.452351,0.345530,-0.000002,-0.452333,0.345534,-0.000000,-0.452333,0.345534,-0.000000,0.000018,0.000018,0.000019,1
351,7.020000,3,gripper_l_finger2,-0.452351,0.345530,0.000002,-0.452333,0.345534,-0.000000,-0.452333,0.345534,-0.000000,0.000018,0.000018,0.000019,0
351,7.020000,4,gripper_r_palm,0.452350,0.365530,0.000000,0.452333,0.365534,-0.000000,0.452333,0.365534,-0.000000,0.000018,0.000018,0.000019,6
351,7.020000,5,gripper_r_finger1,0.452351,0.345530,-0.000006,0.452333,0.345534,-0.000000,0.452333,0.345534,-0.000000,0.000019,0.000019,0.000019,5
351,7.020000,6,gripper_r_finger2,0.452351,0.345530,0.000006,0.452333,0.345534,-0.000000,0.452333,0.345534,-0.000000,0.000019,0.000019,0.000019,4
352,7.040000,0,base,0.000000,0.150000,0.000000,0.000000,0.150000,0.000000,0.000000,0.150000,0.000000,0.000000,0.000000,0.000000,0
352,7.040000,1,gripper_l_palm,-0.452042,0.365609,0.000000,-0.452025,0.365614,-0.000000,-0.452025,0.365614,-0.000000,0.000018,0.000018,0.000019,2
352,7.040000,2,gripper_l_finger1,-0.452043,0.345609,-0.000001,-0.452026,0.345614,-0.000000,-0.452026,0.345614,-0.000000,0.000018,0.000018,0.000019,1
352,7.040000,3,gripper_l_finger2,-0.452043,0.345609,0.000001,-0.452026,0.345614,-0.000000,-0.452026,0.345614,-0.000000,0.000018,0.000018,0.000019,0
352,7.040000,4,gripper_r_palm,0.452042,0.365609,0.000000,0.452025,0.365614,-0.000000,0.452025,0.365614,-0.000000,0.000018,0.000018,0.000019,6
352,7.040000,5,gripper_r_finger1,0.452043,0.345609,-0.000004,0.452026,0.345614,-0.000000,0.452026,0.345614,-0.000000,0.000018,0.000018,0.000019,5
352,7.040000,6,gripper_r_finger2,0.452043,0.345609,0.000004,0.452026,0.345614,-0.000000,0.452026,0.345614,-0.000000,0.000018,0.000018,0.000019,4
353,7.060000,0,base,0.000000,0.150000,0.000000,0.000000,0.150000,0.000000,0.000000,0.150000,0.000000,0.000000,0.000000,0.000000,0
353,7.060000,1,gripper_l_palm,-0.451729,0.365690,0.000000,-0.451712,0.365695,-0.000000,-0.451712,0.365695,-0.000000,0.000018,0.000018,0.000019,2
353,7.060000,2,gripper_l_finger1,-0.451730,0.345690,-0.000001,-0.451712,0.345695,-0.000000,-0.451712,0.345695,-0.000000,0.000018,0.000018,0.000019,1
353,7.060000,3,gripper_l_finger2,-0.451730,0.345690,0.000001,-0.451712,0.345695,-0.000000,-0.451712,0.345695,-0.000000,0.000018,0.000018,0.000019,0
353,7.060000,4,gripper_r_palm,0.451729,0.365690,0.000000,0.451712,0.365695,-0.000000,0.451712,0.365695,-0.000000,0.000018,0.000018,0.000020,6
353,7.060000,5,gripper_r_finger1,0.451730,0.345690,-0.000002,0.451712,0.345695,-0.000000,0.451712,0.345695,-0.000000,0.000018,0.000018,0.000019,5
353,7.060000,6,gripper_r_finger2,0.451730,0.345690,0.000002,0.451712,0.345695,-0.000000,0.451712,0.345695,-0.000000,0.000018,0.000018,0.000019,4
354,7.080000,0,base,0.000000,0.150000,0.000000,0.000000,0.150000,0.000000,0.000000,0.150000,0.000000,0.000000,0.000000,0.000000,0
354,7.080000,1,gripper_l_palm,-0.451411,0.365772,0.000000,-0.451393,0.365777,-0.000000,-0.451393,0.365777,-0.000000,0.000018,0.000018,0.000020,2
354,7.080000,2,gripper_l_finger1,-0.451411,0.345772,-0.000000,-0.451394,0.345777,-0.000000,-0.451394,0.345777,-0.000000,0.000018,0.000018,0.000019,1
354,7.080000,3,gripper_l_finger2,-0.451411,0.345772,0.000000,-0.451394,0.345777,-0.000000,-0.451394,0.345777,-0.000000,0.000018,0.000018,0.000019,0
354,7.080000,4,gripper_r_palm,0.451411,0.365772,0.000000,0.451393,0.365777,-0.000000,0.451393,0.365777,-0.000000,0.000018,0.000018,0.000020,6
354,7.080000,5,gripper_r_finger1,0.451411,0.345772,-0.000001,0.451394,0.345777,-0.000000,0.451394,0.345777,-0.000000,0.000019,0.000019,0.000020,5
354,7.080000,6,gripper_r_finger2,0.451411,0.345772,0.000001,0.451394,0.345777,-0.000000,0.451394,0.345777,-0.000000,0.000019,0.000019,0.000020,4
355,7.100000,0,base,0.000000,0.150000,0.000000,0.000000,0.150000,0.000000,0.000000,0.150000,0.000000,0.000000,0.000000,0.000000,0
355,7.100000,1,gripper_l_palm,-0.451087,0.365856,0.000000,-0.451068,0.365861,-0.000000,-0.451068,0.365861,-0.000000,0.000019,0.000019,0.000020,2
355,7.100000,2,gripper_l_finger1,-0.451087,0.345856,-0.000000,-0.451069,0.345861,-0.000000,-0.451069,0.345861,-0.000000,0.000019,0.000019,0.000020,1
355,7.100000,3,gripper_l_finger2,-0.451087,0.345856,0.000000,-0.451069,0.345861,-0.000000,-0.451069,0.345861,-0.000000,0.000019,0.000019,0.000020,0
355,7.100000,4,gripper_r_palm,0.451087,0.365856,0.000000,0.451068,0.365861,-0.000000,0.451068,0.365861,-0.000000,0.000019,0.000019,0.000020,6
355,7.100000,5,gripper_r_finger1,0.451087,0.345856,-0.000001,0.451069,0.345861,-0.000000,0.451069,0.345861,-0.000000,0.000019,0.000019,0.000020,5
355,7.100000,6,gripper_r_finger2,0.451087,0.345856,0.000001,0.451069,0.345861,-0.000000,0.451069,0.345861,-0.000000,0.000019,0.000019,0.000020,4
356,7.120000,0,base,0.000000,0.150000,0.000000,0.000000,0.150000,0.000000,0.000000,0.150000,0.000000,0.000000,0.000000,0.000000,0
356,7.120000,1,gripper_l_palm,-0.450757,0.365941,0.000000,-0.450738,0.365946,-0.000000,-0.450738,0.365946,-0.000000,0.000019,0.000019,0.000021,2
356,7.120000,2,gripper_l_finger1,-0.450758,0.345941,-0.000000,-0.450739,0.345946,-0.000000,-0.450739,0.345946,-0.000000,0.000019,0.000019,0.000020,1
356,7.120000,3,gripper_l_finger2,-0.450758,0.345941,0.000000,-0.450739,0.345946,-0.000000,-0.450739,0.345946,-0.000000,0.000019,0.000019,0.000020,0
356,7.120000,4,gripper_r_palm,0.450757,0.365941,0.000000,0.450738,0.365946,-0.000000,0.450738,0.365946,-0.000000,0.000019,0.000019,0.000021,6
356,7.120000,5,gripper_r_finger1,0.450758,0.345941,-0.000000,0.450739,0.345946,-0.000000,0.450739,0.345946,-0.000000,0.000019,0.000019,0.000020,5
356,7.120000,6,gripper_r_finger2,0.450758,0.345941,0.000000,0.450739,0.345946,-0.000000,0.450739,0.345946,-0.000000,0.000019,0.000019,0.000020,4
357,7.140000,0,base,0.000000,0.150000,0.000000,0.000000,0.150000,0.000000,0.000000,0.150000,0.000000,0.000000,0.000000,0.000000,0
357,7.140000,1,gripper_l_palm,-0.450422,0.366028,0.000000,-0.450403,0.366033,-0.000000,-0.450403,0.366033,-0.000000,0.000019,0.000019,0.000021,2
357,7.140000,2,gripper_l_finger1,-0.450423,0.346028,-0.000000,-0.450404,0.346033,-0.000000,-0.450404,0.346033,-0.000000,0.000019,0.000019,0.000020,1
357,7.140000,3,gripper_l_finger2,-0.450423,0.346028,0.000000,-0.450404,0.346033,-0.000000,-0.450404,0.346033,-0.000000,0.000019,0.000019,0.000020,0
357,7.140000,4,gripper_r_palm,0.450422,0.366028,0.000000,0.450403,0.366033,-0.000000,0.450403,0.366033,-0.000000,0.000019,0.000019,0.000021,6
357,7.140000,5,gripper_r_finger1,0.450423,0.346028,-0.000000,0.450404,0.346033,-0.000000,0.450404,0.346033,-0.000000,0.000019,0.000019,0.000020,5
357,7.140000,6,gripper_r_finger2,0.450423,0.346028,0.000000,0.450404,0.346033,-0.000000,0.450404,0.346033,-0.000000,0.000019,0.000019,0.000020,4
358,7.160000,0,base,0.000000,0.150000,0.000000,0.000000,0.150000,0.000000,0.000000,0.150000,0.000000,0.000000,0.000000,0.000000,0
358,7.160000,1,gripper_l_palm,-0.450081,0.366116,0.000000,-0.450062,0.366121,-0.000000,-0.450062,0.366121,-0.000000,0.000020,0.000020,0.000021,2
358,7.160000,2,gripper_l_finger1,-0.450082,0.346116,-0.000000,-0.450063,0.346121,-0.000000,-0.450063,0.346121,-0.000000,0.000020,0.000020,0.000021,1
358,7.160000,3,gripper_l_finger2,-0.450082,0.346116,0.000000,-0.450063,0.346121,-0.000000,-0.450063,0.346121,-0.000000,0.000020,0.000020,0.000021,0
358,7.160000,4,gripper_r_palm,0.450081,0.366116,0.000000,0.450062,0.366121,-0.000000,0.450062,0.366121,-0.000000,0.000020,0.000020,0.000021,6
358,7.160000,5,gripper_r_finger1,0.450082,0.346116,-0.000000,0.450063,0.346121,-0.000000,0.450063,0.346121,-0.000000,0.000020,0.000020,0.000021,5
358,7.160000,6,gripper_r_finger2,0.450082,0.346116,0.000000,0.450063,0.346121,-0.000000,0.450063,0.346121,-0.000000,0.000020,0.000020,0.000021,4
359,7.180000,0,base,0.000000,0.150000,0.000000,0.000000,0.150000,0.000000,0.000000,0.150000,0.000000,0.000000,0.000000,0.000000,0
359,7.180000,1,gripper_l_palm,-0.449736,0.366206,0.000000,-0.449716,0.366211,-0.000000,-0.449716,0.366211,-0.000000,0.000020,0.000020,0.000021,2
359,7.180000,2,gripper_l_finger1,-0.449736,0.346206,0.000004,-0.449717,0.346211,-0.000000,-0.449717,0.346211,-0.000000,0.000020,0.000020,0.000022,1
359,7.180000,3,gripper_l_finger2,-0.449736,0.346206,-0.000004,-0.449717,0.346211,-0.000000,-0.449717,0.346211,-0.000000,0.000020,0.000020,0.000022,0
359,7.180000,4,gripper_r_palm,0.449736,0.366206,0.000000,0.449716,0.366211,-0.000000,0.449716,0.366211,-0.000000,0.000020,0.000020,0.000021,6
359,7.180000,5,gripper_r_finger1,0.449736,0.346206,-0.000000,0.449717,0.346211,-0.000000,0.449717,0.346211,-0.000000,0.000020,0.000020,0.000021,5
359,7.180000,6,gripper_r_finger2,0.449736,0.346206,0.000000,0.449717,0.346211,-0.000000,0.449717,0.346211,-0.000000,0.000020,0.000020,0.000021,4
360,7.200000,0,base,0.000000,0.150000,0.000000,0.000000,0.150000,0.000000,0.000000,0.150000,0.000000,0.000000,0.000000,0.000000,0
360,7.200000,1,gripper_l_palm,-0.449384,0.366297,0.000000,-0.449365,0.366302,-0.000000,-0.449365,0.366302,-0.000000,0.000020,0.000020,0.000022,2
360,7.200000,2,gripper_l_finger1,-0.449385,0.346297,0.000004,-0.449365,0.346302,-0.000000,-0.449365,0.346302,-0.000000,0.000021,0.000021,0.000022,1
360,7.200000,3,gripper_l_finger2,-0.449385,0.346297,-0.000004,-0.449365,0.346302,-0.000000,-0.449365,0.346302,-0.000000,0.000021,0.000021,0.000022,0
360,7.200000,4,gripper_r_palm,0.449384,0.366297,0.000000,0.449365,0.366302,-0.000000,0.449365,0.366302,-0.000000,0.000020,0.000020,0.000022,6
360,7.200000,5,gripper_r_finger1,0.449385,0.346297,0.000001,0.449365,0.346302,-0.000000,0.449365,0.346302,-0.000000,0.000020,0.000020,0.000021,5
360,7.200000,6,gripper_r_finger2,0.449385,0.346297,-0.000001,0.449365,0.346302,-0.000000,0.449365,0.346302,-0.000000,0.000020,0.000020,0.000021,4
361,7.220000,0,base,0.000000,0.150000,0.000000,0.000000,0.150000,0.000000,0.000000,0.150000,0.000000,0.000000,0.000000,0.000000,0
361,7.220000,1,gripper_l_palm,-0.449028,0.366389,0.000000,-0.449008,0.366394,-0.000000,-0.449008,0.366394,-0.000000,0.000021,0.000021,0.000022,2
361,7.220000,2,gripper_l_finger1,-0.449028,0.346389,-0.000001,-0.449008,0.346394,-0.000000,-0.449008,0.346394,-0.000000,0.000021,0.000021,0.000022,1
361,7.220000,3,gripper_l_finger2,-0.449028,0.346389,0.000001,-0.449008,0.346394,-0.000000,-0.449008,0.346394,-0.000000,0.000021,0.000021,0.000022,0
361,7.220000,4,gripper_r_palm,0.449028,0.366389,0.000000,0.449008,0.366394,-0.000000,0.449008,0.366394,-0.000000,0.000021,0.000021,0.000022,6
361,7.220000,5,gripper_r_finger1,0.449028,0.346389,0.000001,0.449008,0.346394,-0.000000,0.449008,0.346394,-0.000000,0.000021,0.000021,0.000022,5
361,7.220000,6,gripper_r_finger2,0.449028,0.346389,-0.000001,0.449008,0.346394,-0.000000,0.449008,0.346394,-0.000000,0.000021,0.000021,0.000022,4
362,7.240000,0,base,0.000000,0.150000,0.000000,0.000000,0.150000,0.000000,0.000000,0.150000,0.000000,0.000000,0.000000,0.000000,0
362,7.240000,1,gripper_l_palm,-0.448666,0.366482,0.000000,-0.448645,0.366488,-0.000000,-0.448645,0.366488,-0.000000,0.000021,0.000021,0.000022,2
362,7.240000,2,gripper_l_finger1,-0.448666,0.346482,0.000000,-0.448646,0.346488,-0.000000,-0.448646,0.346488,-0.000000,0.000021,0.000021,0.000022,1
362,7.240000,3,gripper_l_finger2,-0.448666,0.346482,-0.000000,-0.448646,0.346488,-0.000000,-0.448646,0.346488,-0.000000,0.000021,0.000021,0.000022,0
362,7.240000,4,gripper_r_palm,0.448666,0.366482,0.000000,0.448645,0.366488,-0.000000,0.448645,0.366488,-0.000000,0.000021,0.000021,0.000022,6
362,7.240000,5,gripper_r_finger1,0.448666,0.346482,-0.000000,0.448646,0.346488,-0.000000,0.448646,0.346488,-0.000000,0.000021,0.000021,0.000022,5
362,7.240000,6,gripper_r_finger2,0.448666,0.346482,0.000000,0.448646,0.346488,-0.000000,0.448646,0.346488,-0.000000,0.000021,0.000021,0.000022,4
363,7.260000,0,base,0.000000,0.150000,0.000000,0.000000,0.150000,0.000000,0.000000,0.150000,0.000000,0.000000,0.000000,0.000000,0
363,7.260000,1,gripper_l_palm,-0.448298,0.366577,0.000000,-0.448278,0.366583,-0.000000,-0.448278,0.366583,-0.000000,0.000021,0.000021,0.000023,2
363,7.260000,2,gripper_l_finger1,-0.448299,0.346577,0.000002,-0.448278,0.346583,-0.000000,-0.448278,0.346583,-0.000000,0.000021,0.000021,0.000022,1
363,7.260000,3,gripper_l_finger2,-0.448299,0.346577,-0.000002,-0.448278,0.346583,-0.000000,-0.448278,0.346583,-0.000000,0.000021,0.000021,0.000022,0
363,7.260000,4,gripper_r_palm,0.448298,0.366577,0.000000,0.448278,0.366583,-0.000000,0.448278,0.366583,-0.000000,0.000021,0.000021,0.000023,6
363,7.260000,5,gripper_r_finger1,0.448299,0.346577,-0.000000,0.448278,0.346583,-0.000000,0.448278,0.346583,-0.000000,0.000021,0.000021,0.000022,5
363,7.260000,6,gripper_r_finger2,0.448299,0.346577,0.000000,0.448278,0.346583,-0.000000,0.448278,0.346583,-0.000000,0.000021,0.000021,0.000022,4
364,7.280000,0,base,0.000000,0.150000,0.000000,0.000000,0.150000,0.000000,0.000000,0.150000,0.000000,0.000000,0.000000,0.000000,0
364,7.280000,1,gripper_l_palm,-0.447926,0.366674,0.000000,-0.447905,0.366679,-0.000000,-0.447905,0.366679,-0.000000,0.000021,0.000021,0.000023,2
364,7.280000,2,gripper_l_finger1,-0.447926,0.346674,-0.000000,-0.447906,0.346679,-0.000000,-0.447906,0.346679,-0.000000,0.000021,0.000021,0.000023,1
364,7.280000,3,gripper_l_finger2,-0.447926,0.346674,0.000000,-0.447906,0.346679,-0.000000,-0.447906,0.346679,-0.000000,0.000021,0.000021,0.000023,0
364,7.280000,4,gripper_r_palm,0.447926,0.366674,0.000000,0.447905,0.366679,-0.000000,0.447905,0.366679,-0.000000,0.000021,0.000021,0.000023,6
364,7.280000,5,gripper_r_finger1,0.447926,0.346674,-0.000000,0.447906,0.346679,-0.000000,0.447906,0.346679,-0.000000,0.000021,0.000021,0.000023,5
364,7.280000,6,gripper_r_finger2,0.447926,0.346674,0.000000,0.447906,0.346679,-0.000000,0.447906,0.346679,-0.000000,0.000021,0.000021,0.000023,4
365,7.300000,0,base,0.000000,0.150000,0.000000,0.000000,0.150000,0.000000,0.000000,0.150000,0.000000,0.000000,0.000000,0.000000,0
365,7.300000,1,gripper_l_palm,-0.447548,0.366771,0.000000,-0.447527,0.366777,-0.000000,-0.447527,0.366777,-0.000000,0.000022,0.000022,0.000023,2
365,7.300000,2,gripper_l_finger1,-0.447549,0.346771,-0.000001,-0.447528,0.346777,-0.000000,-0.447528,0.346777,-0.000000,0.000022,0.000022,0.000023,1
365,7.300000,3,gripper_l_finger2,-0.447549,0.346771,0.000001,-0.447528,0.346777,-0.000000,-0.447528,0.346777,-0.000000,0.000022,0.000022,0.000023,0
365,7.300000,4,gripper_r_palm,0.447548,0.366771,0.000000,0.447527,0.366777,-0.000000,0.447527,0.366777,-0.000000,0.000022,0.000022,0.000023,6
365,7.300000,5,gripper_r_finger1,0.447549,0.346771,-0.000000,0.447528,0.346777,-0.000000,0.447528,0.346777,-0.000000,0.000022,0.000022,0.000023,5
365,7.300000,6,gripper_r_finger2,0.447549,0.346771,0.000000,0.447528,0.346777,-0.000000,0.447528,0.346777,-0.000000,0.000022,0.000022,0.000023,4
366,7.320000,0,base,0.000000,0.150000,0.000000,0.000000,0.150000,0.000000,0.000000,0.150000,0.000000,0.000000,0.000000,0.000000,0
366,7.320000,1,gripper_l_palm,-0.447165,0.366870,0.000000,-0.447143,0.366876,-0.000000,-0.447143,0.366876,-0.000000,0.000022,0.000022,0.000024,2
366,7.320000,2,gripper_l_finger1,-0.447166,0.346870,-0.000000,-0.447144,0.346876,-0.000000,-0.447144,0.346876,-0.000000,0.000022,0.000022,0.000023,1
366,7.320000,3,gripper_l_finger2,-0.447166,0.346870,0.000000,-0.447144,0.346876,-0.000000,-0.447144,0.346876,-0.000000,0.000022,0.000022,0.000023,0
366,7.320000,4,gripper_r_palm,0.447165,0.366870,0.000000,0.447143,0.366876,-0.000000,0.447143,0.366876,-0.000000,0.000022,0.000022,0.000024,6
366,7.320000,5,gripper_r_finger1,0.447166,0.346870,-0.000000,0.447144,0.346876,-0.000000,0.447144,0.346876,-0.000000,0.000022,0.000022,0.000023,5
366,7.320000,6,gripper_r_finger2,0.447166,0.346870,0.000000,0.447144,0.346876,-0.000000,0.447144,0.346876,-0.000000,0.000022,0.000022,0.000023,4
367,7.340000,0,base,0.000000,0.150000,0.000000,0.000000,0.150000,0.000000,0.000000,0.150000,0.000000,0.000000,0.000000,0.000000,0
367,7.340000,1,gripper_l_palm,-0.446777,0.366971,0.000000,-0.446755,0.366976,-0.000000,-0.446755,0.366976,-0.000000,0.000022,0.000022,0.000024,2
367,7.340000,2,gripper_l_finger1,-0.446777,0.346971,-0.000001,-0.446756,0.346976,-0.000000,-0.446756,0.346976,-0.000000,0.000022,0.000022,0.000024,1
367,7.340000,3,gripper_l_finger2,-0.446777,0.346971,0.000001,-0.446756,0.346976,-0.000000,-0.446756,0.346976,-0.000000,0.000022,0.000022,0.000024,0
367,7.340000,4,gripper_r_palm,0.446777,0.366971,0.000000,0.446755,0.366977,-0.000000,0.446755,0.366977,-0.000000,0.000022,0.000022,0.000024,6
367,7.340000,5,gripper_r_finger1,0.446777,0.346971,-0.000000,0.446756,0.346977,-0.000000,0.446756,0.346977,-0.000000,0.000022,0.000022,0.000024,5
367,7.340000,6,gripper_r_finger2,0.446777,0.346971,0.000000,0.446756,0.346977,-0.000000,0.446756,0.346977,-0.000000,0.000022,0.000022,0.000024,4
368,7.360000,0,base,0.000000,0.150000,0.000000,0.000000,0.150000,0.000000,0.000000,0.150000,0.000000,0.000000,0.000000,0.000000,0
368,7.360000,1,gripper_l_palm,-0.446383,0.367073,0.000000,-0.446361,0.367078,-0.000000,-0.446361,0.367078,-0.000000,0.000023,0.000023,0.000024,2
368,7.360000,2,gripper_l_finger1,-0.446384,0.347073,0.000002,-0.446362,0.347078,-0.000000,-0.446362,0.347078,-0.000000,0.000023,0.000023,0.000024,1
368,7.360000,3,gripper_l_finger2,-0.446384,0.347073,-0.000002,-0.446362,0.347078,-0.000000,-0.446362,0.347078,-0.000000,0.000023,0.000023,0.000024,0
368,7.360000,4,gripper_r_palm,0.446383,0.367073,0.000000,0.446361,0.367078,-0.000000,0.446361,0.367078,-0.000000,0.000023,0.000023,0.000024,6
368,7.360000,5,gripper_r_finger1,0.446384,0.347073,-0.000000,0.446362,0.347078,-0.000000,0.446362,0.347078,-0.000000,0.000023,0.000023,0.000024,5
368,7.360000,6,gripper_r_finger2,0.446384,0.347073,0.000000,0.446362,0.347078,-0.000000,0.446362,0.347078,-0.000000,0.000023,0.000023,0.000024,4
369,7.380000,0,base,0.000000,0.150000,0.000000,0.000000,0.150000,0.000000,0.000000,0.150000,0.000000,0.000000,0.000000,0.000000,0
369,7.380000,1,gripper_l_palm,-0.445985,0.367176,0.000000,-0.445962,0.367182,-0.000000,-0.445962,0.367182,-0.000000,0.000023,0.000023,0.000025,2
369,7.380000,2,gripper_l_finger1,-0.445985,0.347176,0.000006,-0.445963,0.347182,-0.000000,-0.445963,0.347182,-0.000000,0.000024,0.000024,0.000025,1
369,7.380000,3,gripper_l_finger2,-0.445985,0.347176,-0.000006,-0.445963,0.347182,-0.000000,-0.445963,0.347182,-0.000000,0.000024,0.000024,0.000025,0
369,7.380000,4,gripper_r_palm,0.445985,0.367176,0.000000,0.445962,0.367182,-0.000000,0.445962,0.367182,-0.000000,0.000023,0.000023,0.000025,6
369,7.380000,5,gripper_r_finger1,0.445985,0.347176,-0.000000,0.445963,0.347182,-0.000000,0.445963,0.347182,-0.000000,0.000023,0.000023,0.000024,5
369,7.380000,6,gripper_r_finger2,0.445985,0.347176,0.000000,0.445963,0.347182,-0.000000,0.445963,0.347182,-0.000000,0.000023,0.000023,0.000024,4
370,7.400000,0,base,0.000000,0.150000,0.000000,0.000000,0.150000,0.000000,0.000000,0.150000,0.000000,0.000000,0.000000,0.000000,0
370,7.400000,1,gripper_l_palm,-0.445581,0.367280,0.000000,-0.445559,0.367286,-0.000000,-0.445559,0.367286,-0.000000,0.000023,0.000023,0.000025,2
370,7.400000,2,gripper_l_finger1,-0.445582,0.347280,0.000010,-0.445559,0.347286,-0.000000,-0.445559,0.347286,-0.000000,0.000025,0.000025,0.000027,1
370,7.400000,3,gripper_l_finger2,-0.445582,0.347280,-0.000010,-0.445559,0.347286,-0.000000,-0.445559,0.347286,-0.000000,0.000025,0.000025,0.000027,0
370,7.400000,4,gripper_r_palm,0.445581,0.367280,0.000000,0.445559,0.367286,-0.000000,0.445559,0.367286,-0.000000,0.000023,0.000023,0.000025,6
370,7.400000,5,gripper_r_finger1,0.445582,0.347280,-0.000000,0.445559,0.347286,-0.000000,0.445559,0.347286,-0.000000,0.000023,0.000023,0.000024,5
370,7.400000,6,gripper_r_finger2,0.445582,0.347280,0.000000,0.445559,0.347286,-0.000000,0.445559,0.347286,-0.000000,0.000023,0.000023,0.000024,4
371,7.420000,0,base,0.000000,0.150000,0.000000,0.000000,0.150000,0.000000,0.000000,0.150000,0.000000,0.000000,0.000000,0.000000,0
371,7.420000,1,gripper_l_palm,-0.445172,0.367386,0.000000,-0.445150,0.367392,-0.000000,-0.445150,0.367392,-0.000000,0.000023,0.000023,0.000025,2
371,7.420000,2,gripper_l_finger1,-0.445173,0.347386,0.000009,-0.445150,0.347392,-0.000000,-0.445150,0.347392,-0.000000,0.000025,0.000025,0.000026,1
371,7.420000,3,gripper_l_finger2,-0.445173,0.347386,-0.000009,-0.445150,0.347392,-0.000000,-0.445150,0.347392,-0.000000,0.000025,0.000025,0.000026,0
371,7.420000,4,gripper_r_palm,0.445172,0.367386,0.000000,0.445150,0.367392,-0.000000,0.445150,0.367392,-0.000000,0.000024,0.000024,0.000025,6
371,7.420000,5,gripper_r_finger1,0.445173,0.347386,-0.000000,0.445150,0.347392,-0.000000,0.445150,0.347392,-0.000000,0.000024,0.000024,0.000025,5
371,7.420000,6,gripper_r_finger2,0.445173,0.347386,0.000000,0.445150,0.347392,-0.000000,0.445150,0.347392,-0.000000,0.000024,0.000024,0.000025,4
372,7.440000,0,base,0.000000,0.150000,0.000000,0.000000,0.150000,0.000000,0.000000,0.150000,0.000000,0.000000,0.000000,0.000000,0
372,7.440000,1,gripper_l_palm,-0.444758,0.367493,0.000000,-0.444736,0.367499,-0.000000,-0.444736,0.367499,-0.000000,0.000024,0.000024,0.000025,2
372,7.440000,2,gripper_l_finger1,-0.444759,0.347493,-0.000002,-0.444736,0.347499,-0.000000,-0.444736,0.347499,-0.000000,0.000024,0.000024,0.000025,1
372,7.440000,3,gripper_l_finger2,-0.444759,0.347493,0.000002,-0.444736,0.347499,-0.000000,-0.444736,0.347499,-0.000000,0.000024,0.000024,0.000025,0
372,7.440000,4,gripper_r_palm,0.444758,0.367493,0.000000,0.444736,0.367499,-0.000000,0.444736,0.367499,-0.000000,0.000024,0.000024,0.000025,6
372,7.440000,5,gripper_r_finger1,0.444759,0.347493,-0.000000,0.444736,0.347499,-0.000000,0.444736,0.347499,-0.000000,0.000024,0.000024,0.000025,5
372,7.440000,6,gripper_r_finger2,0.444759,0.347493,0.000000,0.444736,0.347499,-0.000000,0.444736,0.347499,-0.000000,0.000024,0.000024,0.000025,4
373,7.460000,0,base,0.000000,0.150000,0.000000,0.000000,0.150000,0.000000,0.000000,0.150000,0.000000,0.000000,0.000000,0.000000,0
373,7.460000,1,gripper_l_palm,-0.444340,0.367601,0.000000,-0.444316,0.367607,-0.000000,-0.444316,0.367607,-0.000000,0.000024,0.000024,0.000026,2
373,7.460000,2,gripper_l_finger1,-0.444340,0.347601,-0.000008,-0.444317,0.347607,-0.000000,-0.444317,0.347607,-0.000000,0.000025,0.000025,0.000026,1
373,7.460000,3,gripper_l_finger2,-0.444340,0.347601,0.000008,-0.444317,0.347607,-0.000000,-0.444317,0.347607,-0.000000,0.000025,0.000025,0.000026,0
373,7.460000,4,gripper_r_palm,0.444340,0.367601,0.000000,0.444316,0.367607,-0.000000,0.444316,0.367607,-0.000000,0.000024,0.000024,0.000026,6
373,7.460000,5,gripper_r_finger1,0.444340,0.347601,-0.000000,0.444317,0.347607,-0.000000,0.444317,0.347607,-0.000000,0.000024,0.000024,0.000025,5
373,7.460000,6,gripper_r_finger2,0.444340,0.347601,0.000000,0.444317,0.347607,-0.000000,0.444317,0.347607,-0.000000,0.000024,0.000024,0.000025,4
374,7.480000,0,base,0.000000,0.150000,0.000000,0.000000,0.150000,0.000000,0.000000,0.150000,0.000000,0.000000,0.000000,0.000000,0
374,7.480000,1,gripper_l_palm,-0.443916,0.367711,0.000000,-0.443892,0.367717,-0.000000,-0.443892,0.367717,-0.000000,0.000024,0.000024,0.000026,2
374,7.480000,2,gripper_l_finger1,-0.443917,0.347711,-0.000006,-0.443893,0.347717,-0.000000,-0.443893,0.347717,-0.000000,0.000025,0.000025,0.000026,1
374,7.480000,3,gripper_l_finger2,-0.443917,0.347711,0.000006,-0.443893,0.347717,-0.000000,-0.443893,0.347717,-0.000000,0.000025,0.000025,0.000026,0
374,7.480000,4,gripper_r_palm,0.443916,0.367711,0.000000,0.443892,0.367717,-0.000000,0.443892,0.367717,-0.000000,0.000024,0.000024,0.000026,6
374,7.480000,5,gripper_r_finger1,0.443917,0.347711,-0.000000,0.443893,0.347717,-0.000000,0.443893,0.347717,-0.000000,0.000024,0.000024,0.000026,5
374,7.480000,6,gripper_r_finger2,0.443917,0.347711,0.000000,0.443893,0.347717,-0.000000,0.443893,0.347717,-0.000000,0.000024,0.000024,0.000026,4
375,7.500000,0,base,0.000000,0.150000,0.000000,0.000000,0.150000,0.000000,0.000000,0.150000,0.000000,0.000000,0.000000,0.000000,0
375,7.500000,1,gripper_l_palm,-0.443487,0.367822,0.000000,-0.443463,0.367828,-0.000000,-0.443463,0.367828,-0.000000,0.000025,0.000025,0.000026,2
375,7.500000,2,gripper_l_finger1,-0.443488,0.347822,-0.000005,-0.443464,0.347828,-0.000000,-0.443464,0.347828,-0.000000,0.000025,0.000025,0.000027,1
375,7.500000,3,gripper_l_finger2,-0.443488,0.347822,0.000005,-0.443464,0.347828,-0.000000,-0.443464,0.347828,-0.000000,0.000025,0.000025,0.000027,0
375,7.500000,4,gripper_r_palm,0.443487,0.367822,0.000000,0.443463,0.367828,-0.000000,0.443463,0.367828,-0.000000,0.000025,0.000025,0.000026,6
375,7.500000,5,gripper_r_finger1,0.443488,0.347822,-0.000000,0.443464,0.347828,-0.000000,0.443464,0.347828,-0.000000,0.000025,0.000025,0.000026,5
375,7.500000,6,gripper_r_finger2,0.443488,0.347822,0.000000,0.443464,0.347828,-0.000000,0.443464,0.347828,-0.000000,0.000025,0.000025,0.000026,4
376,7.520000,0,base,0.000000,0.150000,0.000000,0.000000,0.150000,0.000000,0.000000,0.150000,0.000000,0.000000,0.000000,0.000000,0
376,7.520000,1,gripper_l_palm,-0.443053,0.367934,0.000000,-0.443029,0.367940,-0.000000,-0.443029,0.367940,-0.000000,0.000025,0.000025,0.000027,2
376,7.520000,2,gripper_l_finger1,-0.443054,0.347934,-0.000004,-0.443030,0.347940,-0.000000,-0.443030,0.347940,-0.000000,0.000025,0.000025,0.000026,1
376,7.520000,3,gripper_l_finger2,-0.443054,0.347934,0.000004,-0.443030,0.347940,-0.000000,-0.443030,0.347940,-0.000000,0.000025,0.000025,0.000026,0
376,7.520000,4,gripper_r_palm,0.443053,0.367934,0.000000,0.443029,0.367940,-0.000000,0.443029,0.367940,-0.000000,0.000025,0.000025,0.000027,6
376,7.520000,5,gripper_r_finger1,0.443054,0.347934,-0.000000,0.443030,0.347940,-0.000000,0.443030,0.347940,-0.000000,0.000025,0.000025,0.000026,5
376,7.520000,6,gripper_r_finger2,0.443054,0.347934,0.000000,0.443030,0.347940,-0.000000,0.443030,0.347940,-0.000000,0.000025,0.000025,0.000026,4
377,7.540000,0,base,0.000000,0.150000,0.000000,0.000000,0.150000,0.000000,0.000000,0.150000,0.000000,0.000000,0.000000,0.000000,0
377,7.540000,1,gripper_l_palm,-0.442615,0.368047,0.000000,-0.442590,0.368054,-0.000000,-0.442590,0.368054,-0.000000,0.000025,0.000025,0.000027,2
377,7.540000,2,gripper_l_finger1,-0.442615,0.348047,-0.000002,-0.442591,0.348054,-0.000000,-0.442591,0.348054,-0.000000,0.000025,0.000025,0.000027,1
377,7.540000,3,gripper_l_finger2,-0.442615,0.348047,0.000002,-0.442591,0.348054,-0.000000,-0.442591,0.348054,-0.000000,0.000025,0.000025,0.000027,0
377,7.540000,4,gripper_r_palm,0.442615,0.368047,0.000000,0.442590,0.368054,-0.000000,0.442590,0.368054,-0.000000,0.000025,0.000025,0.000027,6
377,7.540000,5,gripper_r_finger1,0.442615,0.348047,-0.000000,0.442591,0.348054,-0.000000,0.442591,0.348054,-0.000000,0.000025,0.000025,0.000027,5
377,7.540000,6,gripper_r_finger2,0.442615,0.348047,0.000000,0.442591,0.348054,-0.000000,0.442591,0.348054,-0.000000,0.000025,0.000025,0.000027,4
378,7.560000,0,base,0.000000,0.150000,0.000000,0.000000,0.150000,0.000000,0.000000,0.150000,0.000000,0.000000,0.000000,0.000000,0
378,7.560000,1,gripper_l_palm,-0.442171,0.368162,0.000000,-0.442147,0.368168,-0.000000,-0.442147,0.368168,-0.000000,0.000025,0.000025,0.000027,2
378,7.560000,2,gripper_l_finger1,-0.442172,0.348162,-0.000001,-0.442147,0.348168,-0.000000,-0.442147,0.348168,-0.000000,0.000025,0.000025,0.000027,1
378,7.560000,3,gripper_l_finger2,-0.442172,0.348162,0.000001,-0.442147,0.348168,-0.000000,-0.442147,0.348168,-0.000000,0.000025,0.000025,0.000027,0
378,7.560000,4,gripper_r_palm,0.442171,0.368162,0.000000,0.442147,0.368168,-0.000000,0.442147,0.368168,-0.000000,0.000025,0.000025,0.000027,6
378,7.560000,5,gripper_r_finger1,0.442172,0.348162,-0.000000,0.442147,0.348168,-0.000000,0.442147,0.348168,-0.000000,0.000025,0.000025,0.000027,5
378,7.560000,6,gripper_r_finger2,0.442172,0.348162,0.000000,0.442147,0.348168,-0.000000,0.442147,0.348168,-0.000000,0.000025,0.000025,0.000027,4
379,7.580000,0,base,0.000000,0.150000,0.000000,0.000000,0.150000,0.000000,0.000000,0.150000,0.000000,0.000000,0.000000,0.000000,0
379,7.580000,1,gripper_l_palm,-0.441723,0.368278,0.000000,-0.441698,0.368284,-0.000000,-0.441698,0.368284,-0.000000,0.000026,0.000026,0.000028,2
379,7.580000,2,gripper_l_finger1,-0.441723,0.348278,-0.000001,-0.441699,0.348284,-0.000000,-0.441699,0.348284,-0.000000,0.000026,0.000026,0.000027,1
379,7.580000,3,gripper_l_finger2,-0.441723,0.348278,0.000001,-0.441699,0.348284,-0.000000,-0.441699,0.348284,-0.000000,0.000026,0.000026,0.000027,0
379,7.580000,4,gripper_r_palm,0.441723,0.368278,0.000000,0.441698,0.368284,-0.000000,0.441698,0.368284,-0.000000,0.000026,0.000026,0.000028,6
379,7.580000,5,gripper_r_finger1,0.441723,0.348278,-0.000000,0.441699,0.348284,-0.000000,0.441699,0.348284,-0.000000,0.000026,0.000026,0.000027,5
379,7.580000,6,gripper_r_finger2,0.441723,0.348278,0.000000,0.441699,0.348284,-0.000000,0.441699,0.348284,-0.000000,0.000026,0.000026,0.000027,4
380,7.600000,0,base,0.000000,0.150000,0.000000,0.000000,0.150000,0.000000,0.000000,0.150000,0.000000,0.000000,0.000000,0.000000,0
380,7.600000,1,gripper_l_palm,-0.441270,0.368395,0.000000,-0.441245,0.368402,-0.000000,-0.441245,0.368402,-0.000000,0.000026,0.000026,0.000028,2
380,7.600000,2,gripper_l_finger1,-0.441270,0.348395,-0.000001,-0.441245,0.348402,-0.000000,-0.441245,0.348402,-0.000000,0.000026,0.000026,0.000027,1
380,7.600000,3,gripper_l_finger2,-0.441270,0.348395,0.000001,-0.441245,0.348402,-0.000000,-0.441245,0.348402,-0.000000,0.000026,0.000026,0.000027,0
380,7.600000,4,gripper_r_palm,0.441270,0.368395,0.000000,0.441245,0.368402,-0.000000,0.441245,0.368402,-0.000000,0.000026,0.000026,0.000028,6
380,7.600000,5,gripper_r_finger1,0.441270,0.348395,-0.000000,0.441245,0.348402,-0.000000,0.441245,0.348402,-0.000000,0.000026,0.000026,0.000027,5
380,7.600000,6,gripper_r_finger2,0.441270,0.348395,0.000000,0.441245,0.348402,-0.000000,0.441245,0.348402,-0.000000,0.000026,0.000026,0.000027,4
381,7.620000,0,base,0.000000,0.150000,0.000000,0.000000,0.150000,0.000000,0.000000,0.150000,0.000000,0.000000,0.000000,0.000000,0
381,7.620000,1,gripper_l_palm,-0.440812,0.368514,0.000000,-0.440786,0.368520,-0.000000,-0.440786,0.368520,-0.000000,0.000026,0.000026,0.000028,2
381,7.620000,2,gripper_l_finger1,-0.440812,0.348514,-0.000000,-0.440787,0.348520,-0.000000,-0.440787,0.348520,-0.000000,0.000026,0.000026,0.000028,1
381,7.620000,3,gripper_l_finger2,-0.440812,0.348514,0.000000,-0.440787,0.348520,-0.000000,-0.440787,0.348520,-0.000000,0.000026,0.000026,0.000028,0
381,7.620000,4,gripper_r_palm,0.440812,0.368514,0.000000,0.440786,0.368520,-0.000000,0.440786,0.368520,-0.000000,0.000026,0.000026,0.000028,6
381,7.620000,5,gripper_r_finger1,0.440812,0.348514,-0.000000,0.440787,0.348520,-0.000000,0.440787,0.348520,-0.000000,0.000026,0.000026,0.000028,5
381,7.620000,6,gripper_r_finger2,0.440812,0.348514,0.000000,0.440787,0.348520,-0.000000,0.440787,0.348520,-0.000000,0.000026,0.000026,0.000028,4
382,7.640000,0,base,0.000000,0.150000,0.000000,0.000000,0.150000,0.000000,0.000000,0.150000,0.000000,0.000000,0.000000,0.000000,0
382,7.640000,1,gripper_l_palm,-0.440349,0.368633,0.000000,-0.440323,0.368640,-0.000000,-0.440323,0.368640,-0.000000,0.000026,0.000026,0.000028,2
382,7.640000,2,gripper_l_finger1,-0.440349,0.348633,-0.000000,-0.440324,0.348640,-0.000000,-0.440324,0.348640,-0.000000,0.000027,0.000027,0.000028,1
382,7.640000,3,gripper_l_finger2,-0.440349,0.348633,0.000000,-0.440324,0.348640,-0.000000,-0.440324,0.348640,-0.000000,0.000027,0.000027,0.000028,0
382,7.640000,4,gripper_r_palm,0.440349,0.368633,0.000000,0.440323,0.368640,-0.000000,0.440323,0.368640,-0.000000,0.000026,0.000026,0.000028,6
382,7.640000,5,gripper_r_finger1,0.440349,0.348633,-0.000000,0.440324,0.348640,-0.000000,0.440324,0.348640,-0.000000,0.000026,0.000026,0.000028,5
382,7.640000,6,gripper_r_finger2,0.440349,0.348633,0.000000,0.440324,0.348640,-0.000000,0.440324,0.348640,-0.000000,0.000026,0.000026,0.000028,4
383,7.660000,0,base,0.000000,0.150000,0.000000,0.000000,0.150000,0.000000,0.000000,0.150000,0.000000,0.000000,0.000000,0.000000,0
383,7.660000,1,gripper_l_palm,-0.439881,0.368754,0.000000,-0.439855,0.368761,-0.000000,-0.439855,0.368761,-0.000000,0.000027,0.000027,0.000029,2
383,7.660000,2,gripper_l_finger1,-0.439882,0.348754,-0.000000,-0.439856,0.348761,-0.000000,-0.439856,0.348761,-0.000000,0.000027,0.000027,0.000028,1
383,7.660000,3,gripper_l_finger2,-0.439882,0.348754,0.000000,-0.439856,0.348761,-0.000000,-0.439856,0.348761,-0.000000,0.000027,0.000027,0.000028,0
383,7.660000,4,gripper_r_palm,0.439881,0.368754,0.000000,0.439855,0.368761,-0.000000,0.439855,0.368761,-0.000000,0.000027,0.000027,0.000029,6
383,7.660000,5,gripper_r_finger1,0.439882,0.348754,-0.000000,0.439856,0.348761,-0.000000,0.439856,0.348761,-0.000000,0.000027,0.000027,0.000028,5
383,7.660000,6,gripper_r_finger2,0.439882,0.348754,0.000000,0.439856,0.348761,-0.000000,0.439856,0.348761,-0.000000,0.000027,0.000027,0.000028,4
384,7.680000,0,base,0.000000,0.150000,0.000000,0.000000,0.150000,0.000000,0.000000,0.150000,0.000000,0.000000,0.000000,0.000000,0
384,7.680000,1,gripper_l_palm,-0.439409,0.368876,0.000000,-0.439383,0.368883,-0.000000,-0.439383,0.368883,-0.000000,0.000027,0.000027,0.000029,2
384,7.680000,2,gripper_l_finger1,-0.439410,0.348876,-0.000000,-0.439383,0.348883,-0.000000,-0.439383,0.348883,-0.000000,0.000027,0.000027,0.000028,1
384,7.680000,3,gripper_l_finger2,-0.439410,0.348876,0.000000,-0.439383,0.348883,-0.000000,-0.439383,0.348883,-0.000000,0.000027,0.000027,0.000028,0
384,7.680000,4,gripper_r_palm,0.439409,0.368876,0.000000,0.439383,0.368883,-0.000000,0.439383,0.368883,-0.000000,0.000027,0.000027,0.000029,6
384,7.680000,5,gripper_r_finger1,0.439410,0.348876,-0.000000,0.439383,0.348883,-0.000000,0.439383,0.348883,-0.000000,0.000027,0.000027,0.000028,5
384,7.680000,6,gripper_r_finger2,0.439410,0.348876,0.000000,0.439383,0.348883,-0.000000,0.439383,0.348883,-0.000000,0.000027,0.000027,0.000028,4
385,7.700000,0,base,0.000000,0.150000,0.000000,0.000000,0.150000,0.000000,0.000000,0.150000,0.000000,0.000000,0.000000,0.000000,0
385,7.700000,1,gripper_l_palm,-0.438932,0.369000,0.000000,-0.438906,0.369007,-0.000000,-0.438906,0.369007,-0.000000,0.000027,0.000027,0.000029,2
385,7.700000,2,gripper_l_finger1,-0.438933,0.349000,-0.000000,-0.438906,0.349007,-0.000000,-0.438906,0.349007,-0.000000,0.000027,0.000027,0.000029,1
385,7.700000,3,gripper_l_finger2,-0.438933,0.349000,0.000000,-0.438906,0.349007,-0.000000,-0.438906,0.349007,-0.000000,0.000027,0.000027,0.000029,0
385,7.700000,4,gripper_r_palm,0.438932,0.369000,0.000000,0.438906,0.369007,-0.000000,0.438906,0.369007,-0.000000,0.000027,0.000027,0.000029,6
385,7.700000,5,gripper_r_finger1,0.438933,0.349000,-0.000000,0.438906,0.349007,-0.000000,0.438906,0.349007,-0.000000,0.000027,0.000027,0.000029,5
385,7.700000,6,gripper_r_finger2,0.438933,0.349000,0.000000,0.438906,0.349007,-0.000000,0.438906,0.349007,-0.000000,0.000027,0.000027,0.000029,4
386,7.720000,0,base,0.000000,0.150000,0.000000,0.000000,0.150000,0.000000,0.000000,0.150000,0.000000,0.000000,0.000000,0.000000,0
386,7.720000,1,gripper_l_palm,-0.438450,0.369124,0.000000,-0.438424,0.369131,-0.000000,-0.438424,0.369131,-0.000000,0.000028,0.000028,0.000030,2
386,7.720000,2,gripper_l_finger1,-0.438451,0.349124,-0.000000,-0.438424,0.349131,-0.000000,-0.438424,0.349131,-0.000000,0.000028,0.000028,0.000029,1
386,7.720000,3,gripper_l_finger2,-0.438451,0.349124,0.000000,-0.438424,0.349131,-0.000000,-0.438424,0.349131,-0.000000,0.000028,0.000028,0.000029,0
386,7.720000,4,gripper_r_palm,0.438450,0.369124,0.000000,0.438424,0.369131,-0.000000,0.438424,0.369131,-0.000000,0.000028,0.000028,0.000030,6
386,7.720000,5,gripper_r_finger1,0.438451,0.349124,-0.000000,0.438424,0.349131,-0.000000,0.438424,0.349131,-0.000000,0.000028,0.000028,0.000029,5
386,7.720000,6,gripper_r_finger2,0.438451,0.349124,0.000000,0.438424,0.349131,-0.000000,0.438424,0.349131,-0.000000,0.000028,0.000028,0.000029,4
387,7.740000,0,base,0.000000,0.150000,0.000000,0.000000,0.150000,0.000000,0.000000,0.150000,0.000000,0.000000,0.000000,0.000000,0
387,7.740000,1,gripper_l_palm,-0.437964,0.369250,0.000000,-0.437937,0.369257,-0.000000,-0.437937,0.369257,-0.000000,0.000028,0.000028,0.000030,2
387,7.740000,2,gripper_l_finger1,-0.437965,0.349250,-0.000000,-0.437938,0.349257,-0.000000,-0.437938,0.349257,-0.000000,0.000028,0.000028,0.000029,1
387,7.740000,3,gripper_l_finger2,-0.437965,0.349250,0.000000,-0.437938,0.349257,-0.000000,-0.437938,0.349257,-0.000000,0.000028,0.000028,0.000029,0
387,7.740000,4,gripper_r_palm,0.437964,0.369250,0.000000,0.437937,0.369257,-0.000000,0.437937,0.369257,-0.000000,0.000028,0.000028,0.000030,6
387,7.740000,5,gripper_r_finger1,0.437965,0.349250,0.000000,0.437938,0.349257,-0.000000,0.437938,0.349257,-0.000000,0.000028,0.000028,0.000029,5
387,7.740000,6,gripper_r_finger2,0.437965,0.349250,-0.000000,0.437938,0.349257,-0.000000,0.437938,0.349257,-0.000000,0.000028,0.000028,0.000029,4
388,7.760000,0,base,0.000000,0.150000,0.000000,0.000000,0.150000,0.000000,0.000000,0.150000,0.000000,0.000000,0.000000,0.000000,0
388,7.760000,1,gripper_l_palm,-0.437473,0.369377,0.000000,-0.437446,0.369384,-0.000000,-0.437446,0.369384,-0.000000,0.000028,0.000028,0.000030,2
388,7.760000,2,gripper_l_finger1,-0.437474,0.349377,-0.000000,-0.437447,0.349384,-0.000000,-0.437447,0.349384,-0.000000,0.000028,0.000028,0.000030,1
388,7.760000,3,gripper_l_finger2,-0.437474,0.349377,0.000000,-0.437447,0.349384,-0.000000,-0.437447,0.349384,-0.000000,0.000028,0.000028,0.000030,0
388,7.760000,4,gripper_r_palm,0.437473,0.369377,0.000000,0.437446,0.369384,-0.000000,0.437446,0.369384,-0.000000,0.000028,0.000028,0.000030,6
388,7.760000,5,gripper_r_finger1,0.437474,0.349377,0.000002,0.437447,0.349384,-0.000000,0.437447,0.349384,-0.000000,0.000028,0.000028,0.000030,5
388,7.760000,6,gripper_r_finger2,0.437474,0.349377,-0.000002,0.437447,0.349384,-0.000000,0.437447,0.349384,-0.000000,0.000028,0.000028,0.000030,4
389,7.780000,0,base,0.000000,0.150000,0.000000,0.000000,0.150000,0.000000,0.000000,0.150000,0.000000,0.000000,0.000000,0.000000,0
389,7.780000,1,gripper_l_palm,-0.436978,0.369505,0.000000,-0.436951,0.369512,-0.000000,-0.436951,0.369512,-0.000000,0.000028,0.000028,0.000030,2
389,7.780000,2,gripper_l_finger1,-0.436978,0.349505,-0.000000,-0.436951,0.349512,-0.000000,-0.436951,0.349512,-0.000000,0.000028,0.000028,0.000030,1
389,7.780000,3,gripper_l_finger2,-0.436978,0.349505,0.000000,-0.436951,0.349512,-0.000000,-0.436951,0.349512,-0.000000,0.000028,0.000028,0.000030,0
389,7.780000,4,gripper_r_palm,0.436978,0.369505,0.000000,0.436951,0.369512,-0.000000,0.436951,0.369512,-0.000000,0.000028,0.000028,0.000030,6
389,7.780000,5,gripper_r_finger1,0.436978,0.349505,0.000001,0.436951,0.349512,-0.000000,0.436951,0.349512,-0.000000,0.000028,0.000028,0.000030,5
389,7.780000,6,gripper_r_finger2,0.436978,0.349505,-0.000001,0.436951,0.349512,-0.000000,0.436951,0.349512,-0.000000,0.000028,0.000028,0.000030,4
390,7.800000,0,base,0.000000,0.150000,0.000000,0.000000,0.150000,0.000000,0.000000,0.150000,0.000000,0.000000,0.000000,0.000000,0
390,7.800000,1,gripper_l_palm,-0.436478,0.369634,0.000000,-0.436450,0.369642,-0.000000,-0.436450,0.369642,-0.000000,0.000029,0.000029,0.000031,2
390,7.800000,2,gripper_l_finger1,-0.436478,0.349634,-0.000000,-0.436451,0.349642,-0.000000,-0.436451,0.349642,-0.000000,0.000029,0.000029,0.000030,1
390,7.800000,3,gripper_l_finger2,-0.436478,0.349634,0.000000,-0.436451,0.349642,-0.000000,-0.436451,0.349642,-0.000000,0.000029,0.000029,0.000030,0
390,7.800000,4,gripper_r_palm,0.436478,0.369634,0.000000,0.436450,0.369642,-0.000000,0.436450,0.369642,-0.000000,0.000029,0.000029,0.000031,6
390,7.800000,5,gripper_r_finger1,0.436478,0.349634,-0.000001,0.436451,0.349642,-0.000000,0.436451,0.349642,-0.000000,0.000029,0.000029,0.000030,5
390,7.800000,6,gripper_r_finger2,0.436478,0.349634,0.000001,0.436451,0.349642,-0.000000,0.436451,0.349642,-0.000000,0.000029,0.000029,0.000030,4
391,7.820000,0,base,0.000000,0.150000,0.000000,0.000000,0.150000,0.000000,0.000000,0.150000,0.000000,0.000000,0.000000,0.000000,0
391,7.820000,1,gripper_l_palm,-0.435973,0.369765,0.000000,-0.435946,0.369772,-0.000000,-0.435946,0.369772,-0.000000,0.000029,0.000029,0.000031,2
391,7.820000,2,gripper_l_finger1,-0.435974,0.349765,-0.000000,-0.435946,0.349772,-0.000000,-0.435946,0.349772,-0.000000,0.000029,0.000029,0.000030,1
391,7.820000,3,gripper_l_finger2,-0.435974,0.349765,0.000000,-0.435946,0.349772,-0.000000,-0.435946,0.349772,-0.000000,0.000029,0.000029,0.000030,0
391,7.820000,4,gripper_r_palm,0.435973,0.369765,0.000000,0.435946,0.369772,-0.000000,0.435946,0.369772,-0.000000,0.000029,0.000029,0.000031,6
391,7.820000,5,gripper_r_finger1,0.435974,0.349765,-0.000001,0.435946,0.349772,-0.000000,0.435946,0.349772,-0.000000,0.000029,0.000029,0.000030,5
391,7.820000,6,gripper_r_finger2,0.435974,0.349765,0.000001,0.435946,0.349772,-0.000000,0.435946,0.349772,-0.000000,0.000029,0.000029,0.000030,4
392,7.840000,0,base,0.000000,0.150000,0.000000,0.000000,0.150000,0.000000,0.000000,0.150000,0.000000,0.000000,0.000000,0.000000,0
392,7.840000,1,gripper_l_palm,-0.435464,0.369896,0.000000,-0.435436,0.369904,-0.000000,-0.435436,0.369904,-0.000000,0.000029,0.000029,0.000031,2
392,7.840000,2,gripper_l_finger1,-0.435465,0.349896,0.000001,-0.435437,0.349904,-0.000000,-0.435437,0.349904,-0.000000,0.000029,0.000029,0.000031,1
392,7.840000,3,gripper_l_finger2,-0.435465,0.349896,-0.000001,-0.435437,0.349904,-0.000000,-0.435437,0.349904,-0.000000,0.000029,0.000029,0.000031,0
392,7.840000,4,gripper_r_palm,0.435464,0.369897,0.000000,0.435436,0.369904,-0.000000,0.435436,0.369904,-0.000000,0.000029,0.000029,0.000031,6
392,7.840000,5,gripper_r_finger1,0.435465,0.349897,0.000005,0.435437,0.349904,-0.000000,0.435437,0.349904,-0.000000,0.000029,0.000029,0.000031,5
392,7.840000,6,gripper_r_finger2,0.435465,0.349897,-0.000005,0.435437,0.349904,-0.000000,0.435437,0.349904,-0.000000,0.000029,0.000029,0.000031,4
393,7.860000,0,base,0.000000,0.150000,0.000000,0.000000,0.150000,0.000000,0.000000,0.150000,0.000000,0.000000,0.000000,0.000000,0
393,7.860000,1,gripper_l_palm,-0.434951,0.370029,0.000000,-0.434923,0.370037,-0.000000,-0.434923,0.370037,-0.000000,0.000029,0.000029,0.000031,2
393,7.860000,2,gripper_l_finger1,-0.434951,0.350029,0.000006,-0.434923,0.350037,-0.000000,-0.434923,0.350037,-0.000000,0.000030,0.000030,0.000032,1
393,7.860000,3,gripper_l_finger2,-0.434951,0.350029,-0.000006,-0.434923,0.350037,-0.000000,-0.434923,0.350037,-0.000000,0.000030,0.000030,0.000032,0
393,7.860000,4,gripper_r_palm,0.434951,0.370029,0.000000,0.434923,0.370037,-0.000000,0.434923,0.370037,-0.000000,0.000029,0.000029,0.000031,6
393,7.860000,5,gripper_r_finger1,0.434951,0.350029,0.000007,0.434923,0.350037,-0.000000,0.434923,0.350037,-0.000000,0.000030,0.000030,0.000032,5
393,7.860000,6,gripper_r_finger2,0.434951,0.350029,-0.000007,0.434923,0.350037,-0.000000,0.434923,0.350037,-0.000000,0.000030,0.000030,0.000032,4
394,7.880000,0,base,0.000000,0.150000,0.000000,0.000000,0.150000,0.000000,0.000000,0.150000,0.000000,0.000000,0.000000,0.000000,0
394,7.880000,1,gripper_l_palm,-0.434433,0.370163,0.000000,-0.434404,0.370171,-0.000000,-0.434404,0.370171,-0.000000,0.000029,0.000029,0.000032,2
394,7.880000,2,gripper_l_finger1,-0.434433,0.350163,0.000004,-0.434405,0.350171,-0.000000,-0.434405,0.350171,-0.000000,0.000030,0.000030,0.000031,1
394,7.880000,3,gripper_l_finger2,-0.434433,0.350163,-0.000004,-0.434405,0.350171,-0.000000,-0.434405,0.350171,-0.000000,0.000030,0.000030,0.000031,0
394,7.880000,4,gripper_r_palm,0.434433,0.370163,0.000000,0.434404,0.370171,-0.000000,0.434404,0.370171,-0.000000,0.000030,0.000030,0.000032,6
394,7.880000,5,gripper_r_finger1,0.434433,0.350163,0.000006,0.434405,0.350171,-0.000000,0.434405,0.350171,-0.000000,0.000030,0.000030,0.000031,5
394,7.880000,6,gripper_r_finger2,0.434433,0.350163,-0.000006,0.434405,0.350171,-0.000000,0.434405,0.350171,-0.000000,0.000030,0.000030,0.000031,4
395,7.900000,0,base,0.000000,0.150000,0.000000,0.000000,0.150000,0.000000,0.000000,0.150000,0.000000,0.000000,0.000000,0.000000,0
395,7.900000,1,gripper_l_palm,-0.433911,0.370298,0.000000,-0.433882,0.370306,-0.000000,-0.433882,0.370306,-0.000000,0.000030,0.000030,0.000032,2
395,7.900000,2,gripper_l_finger1,-0.433911,0.350298,0.000001,-0.433882,0.350306,-0.000000,-0.433882,0.350306,-0.000000,0.000030,0.000030,0.000031,1
395,7.900000,3,gripper_l_finger2,-0.433911,0.350298,-0.000001,-0.433882,0.350306,-0.000000,-0.433882,0.350306,-0.000000,0.000030,0.000030,0.000031,0
395,7.900000,4,gripper_r_palm,0.433911,0.370298,0.000000,0.433882,0.370306,-0.000000,0.433882,0.370306,-0.000000,0.000030,0.000030,0.000032,6
395,7.900000,5,gripper_r_finger1,0.433911,0.350298,0.000011,0.433882,0.350306,-0.000000,0.433882,0.350306,-0.000000,0.000032,0.000032,0.000034,5
395,7.900000,6,gripper_r_finger2,0.433911,0.350298,-0.000011,0.433882,0.350306,-0.000000,0.433882,0.350306,-0.000000,0.000032,0.000032,0.000034,4
396,7.920000,0,base,0.000000,0.150000,0.000000,0.000000,0.150000,0.000000,0.000000,0.150000,0.000000,0.000000,0.000000,0.000000,0
396,7.920000,1,gripper_l_palm,-0.433384,0.370434,0.000000,-0.433355,0.370442,-0.000000,-0.433355,0.370442,-0.000000,0.000030,0.000030,0.000032,2
396,7.920000,2,gripper_l_finger1,-0.433384,0.350435,0.000002,-0.433355,0.350442,-0.000000,-0.433355,0.350442,-0.000000,0.000030,0.000030,0.000032,1
396,7.920000,3,gripper_l_finger2,-0.433384,0.350435,-0.000002,-0.433355,0.350442,-0.000000,-0.433355,0.350442,-0.000000,0.000030,0.000030,0.000032,0
396,7.920000,4,gripper_r_palm,0.433384,0.370434,0.000000,0.433355,0.370442,-0.000000,0.433355,0.370442,-0.000000,0.000030,0.000030,0.000032,6
396,7.920000,5,gripper_r_finger1,0.433384,0.350434,0.000005,0.433355,0.350442,-0.000000,0.433355,0.350442,-0.000000,0.000030,0.000030,0.000032,5
396,7.920000,6,gripper_r_finger2,0.433384,0.350434,-0.000005,0.433355,0.350442,-0.000000,0.433355,0.350442,-0.000000,0.000030,0.000030,0.000032,4
397,7.940000,0,base,0.000000,0.150000,0.000000,0.000000,0.150000,0.000000,0.000000,0.150000,0.000000,0.000000,0.000000,0.000000,0
397,7.940000,1,gripper_l_palm,-0.432853,0.370572,0.000000,-0.432824,0.370580,-0.000000,-0.432824,0.370580,-0.000000,0.000030,0.000030,0.000033,2
397,7.940000,2,gripper_l_finger1,-0.432853,0.350572,0.000002,-0.432824,0.350580,-0.000000,-0.432824,0.350580,-0.000000,0.000030,0.000030,0.000032,1
397,7.940000,3,gripper_l_finger2,-0.432853,0.350572,-0.000002,-0.432824,0.350580,-0.000000,-0.432824,0.350580,-0.000000,0.000030,0.000030,0.000032,0
397,7.940000,4,gripper_r_palm,0.432853,0.370571,0.000000,0.432824,0.370579,-0.000000,0.432824,0.370579,-0.000000,0.000030,0.000030,0.000032,6
397,7.940000,5,gripper_r_finger1,0.432853,0.350571,-0.000008,0.432824,0.350579,-0.000000,0.432824,0.350579,-0.000000,0.000031,0.000031,0.000033,5
397,7.940000,6,gripper_r_finger2,0.432853,0.350571,0.000008,0.432824,0.350579,-0.000000,0.432824,0.350579,-0.000000,0.000031,0.000031,0.000033,4
398,7.960000,0,base,0.000000,0.150000,0.000000,0.000000,0.150000,0.000000,0.000000,0.150000,0.000000,0.000000,0.000000,0.000000,0
398,7.960000,1,gripper_l_palm,-0.432317,0.370710,0.000000,-0.432288,0.370718,-0.000000,-0.432288,0.370718,-0.000000,0.000030,0.000030,0.000033,2
398,7.960000,2,gripper_l_finger1,-0.432318,0.350710,0.000001,-0.432288,0.350718,-0.000000,-0.432288,0.350718,-0.000000,0.000030,0.000030,0.000032,1
398,7.960000,3,gripper_l_finger2,-0.432318,0.350710,-0.000001,-0.432288,0.350718,-0.000000,-0.432288,0.350718,-0.000000,0.000030,0.000030,0.000032,0
398,7.960000,4,gripper_r_palm,0.432317,0.370710,0.000000,0.432288,0.370718,-0.000000,0.432288,0.370718,-0.000000,0.000030,0.000030,0.000033,6
398,7.960000,5,gripper_r_finger1,0.432318,0.350710,-0.000010,0.432288,0.350718,-0.000000,0.432288,0.350718,-0.000000,0.000032,0.000032,0.000033,5
398,7.960000,6,gripper_r_finger2,0.432318,0.350710,0.000010,0.432288,0.350718,-0.000000,0.432288,0.350718,-0.000000,0.000032,0.000032,0.000033,4
399,7.980000,0,base,0.000000,0.150000,0.000000,0.000000,0.150000,0.000000,0.000000,0.150000,0.000000,0.000000,0.000000,0.000000,0
399,7.980000,1,gripper_l_palm,-0.431778,0.370850,0.000000,-0.431748,0.370858,-0.000000,-0.431748,0.370858,-0.000000,0.000031,0.000031,0.000033,2
399,7.980000,2,gripper_l_finger1,-0.431778,0.350850,-0.000002,-0.431748,0.350858,-0.000000,-0.431748,0.350858,-0.000000,0.000031,0.000031,0.000032,1
399,7.980000,3,gripper_l_finger2,-0.431778,0.350850,0.000002,-0.431748,0.350858,-0.000000,-0.431748,0.350858,-0.000000,0.000031,0.000031,0.000032,0
399,7.980000,4,gripper_r_palm,0.431778,0.370850,0.000000,0.431748,0.370858,-0.000000,0.431748,0.370858,-0.000000,0.000031,0.000031,0.000033,6
399,7.980000,5,gripper_r_finger1,0.431778,0.350850,-0.000006,0.431748,0.350858,-0.000000,0.431748,0.350858,-0.000000,0.000031,0.000031,0.000033,5
399,7.980000,6,gripper_r_finger2,0.431778,0.350850,0.000006,0.431748,0.350858,-0.000000,0.431748,0.350858,-0.000000,0.000031,0.000031,0.000033,4
400,8.000000,0,base,0.000000,0.150000,0.000000,0.000000,0.150000,0.000000,0.000000,0.150000,0.000000,0.000000,0.000000,0.000000,0
400,8.000000,1,gripper_l_palm,-0.431234,0.370990,0.000000,-0.431204,0.370998,-0.000000,-0.431204,0.370998,-0.000000,0.000031,0.000031,0.000033,2
400,8.000000,2,gripper_l_finger1,-0.431234,0.350990,-0.000004,-0.431204,0.350998,-0.000000,-0.431204,0.350998,-0.000000,0.000031,0.000031,0.000033,1
400,8.000000,3,gripper_l_finger2,-0.431234,0.350990,0.000004,-0.431204,0.350998,-0.000000,-0.431204,0.350998,-0.000000,0.000031,0.000031,0.000033,0
400,8.000000,4,gripper_r_palm,0.431234,0.370991,0.000000,0.431204,0.370998,-0.000000,0.431204,0.370998,-0.000000,0.000031,0.000031,0.000033,6
400,8.000000,5,gripper_r_finger1,0.431234,0.350991,-0.000004,0.431204,0.350998,-0.000000,0.431204,0.350998,-0.000000,0.000031,0.000031,0.000033,5
400,8.000000,6,gripper_r_finger2,0.431234,0.350991,0.000004,0.431204,0.350998,-0.000000,0.431204,0.350998,-0.000000,0.000031,0.000031,0.000033,4
401,8.020000,0,base,0.000000,0.150000,0.000000,0.000000,0.150000,0.000000,0.000000,0.150000,0.000000,0.000000,0.000000,0.000000,0
401,8.020000,1,gripper_l_palm,-0.430685,0.371132,0.000000,-0.430655,0.371140,-0.000000,-0.430655,0.371140,-0.000000,0.000031,0.000031,0.000033,2
401,8.020000,2,gripper_l_finger1,-0.430686,0.351132,-0.000003,-0.430656,0.351140,-0.000000,-0.430656,0.351140,-0.000000,0.000031,0.000031,0.000033,1
401,8.020000,3,gripper_l_finger2,-0.430686,0.351132,0.000003,-0.430656,0.351140,-0.000000,-0.430656,0.351140,-0.000000,0.000031,0.000031,0.000033,0
401,8.020000,4,gripper_r_palm,0.430685,0.371132,0.000000,0.430655,0.371140,-0.000000,0.430655,0.371140,-0.000000,0.000031,0.000031,0.000034,6
401,8.020000,5,gripper_r_finger1,0.430686,0.351132,-0.000004,0.430656,0.351140,-0.000000,0.430656,0.351140,-0.000000,0.000031,0.000031,0.000033,5
401,8.020000,6,gripper_r_finger2,0.430686,0.351132,0.000004,0.430656,0.351140,-0.000000,0.430656,0.351140,-0.000000,0.000031,0.000031,0.000033,4
402,8.040000,0,base,0.000000,0.150000,0.000000,0.000000,0.150000,0.000000,0.000000,0.150000,0.000000,0.000000,0.000000,0.000000,0
402,8.040000,1,gripper_l_palm,-0.430133,0.371275,0.000000,-0.430103,0.371283,-0.000000,-0.430103,0.371283,-0.000000,0.000031,0.000031,0.000034,2
402,8.040000,2,gripper_l_finger1,-0.430133,0.351275,-0.000001,-0.430103,0.351283,-0.000000,-0.430103,0.351283,-0.000000,0.000031,0.000031,0.000033,1
402,8.040000,3,gripper_l_finger2,-0.430133,0.351275,0.000001,-0.430103,0.351283,-0.000000,-0.430103,0.351283,-0.000000,0.000031,0.000031,0.000033,0
402,8.040000,4,gripper_r_palm,0.430133,0.371275,0.000000,0.430103,0.371283,-0.000000,0.430103,0.371283,-0.000000,0.000031,0.000031,0.000034,6
402,8.040000,5,gripper_r_finger1,0.430133,0.351275,-0.000002,0.430103,0.351283,-0.000000,0.430103,0.351283,-0.000000,0.000031,0.000031,0.000033,5
402,8.040000,6,gripper_r_finger2,0.430133,0.351275,0.000002,0.430103,0.351283,-0.000000,0.430103,0.351283,-0.000000,0.000031,0.000031,0.000033,4
403,8.060000,0,base,0.000000,0.150000,0.000000,0.000000,0.150000,0.000000,0.000000,0.150000,0.000000,0.000000,0.000000,0.000000,0
403,8.060000,1,gripper_l_palm,-0.429576,0.371419,0.000000,-0.429546,0.371427,-0.000000,-0.429546,0.371427,-0.000000,0.000032,0.000032,0.000034,2
403,8.060000,2,gripper_l_finger1,-0.429577,0.351419,0.000002,-0.429546,0.351427,-0.000000,-0.429546,0.351427,-0.000000,0.000032,0.000032,0.000034,1
403,8.060000,3,gripper_l_finger2,-0.429577,0.351419,-0.000002,-0.429546,0.351427,-0.000000,-0.429546,0.351427,-0.000000,0.000032,0.000032,0.000034,0
403,8.060000,4,gripper_r_palm,0.429576,0.371419,0.000000,0.429546,0.371427,-0.000000,0.429546,0.371427,-0.000000,0.000032,0.000032,0.000034,6
403,8.060000,5,gripper_r_finger1,0.429577,0.351419,-0.000002,0.429546,0.351427,-0.000000,0.429546,0.351427,-0.000000,0.000032,0.000032,0.000033,5
403,8.060000,6,gripper_r_finger2,0.429577,0.351419,0.000002,0.429546,0.351427,-0.000000,0.429546,0.351427,-0.000000,0.000032,0.000032,0.000033,4
404,8.080000,0,base,0.000000,0.150000,0.000000,0.000000,0.150000,0.000000,0.000000,0.150000,0.000000,0.000000,0.000000,0.000000,0
404,8.080000,1,gripper_l_palm,-0.429016,0.371564,0.000000,-0.428985,0.371572,-0.000000,-0.428985,0.371572,-0.000000,0.000032,0.000032,0.000034,2
404,8.080000,2,gripper_l_finger1,-0.429016,0.351564,0.000001,-0.428985,0.351572,-0.000000,-0.428985,0.351572,-0.000000,0.000032,0.000032,0.000034,1
404,8.080000,3,gripper_l_finger2,-0.429016,0.351564,-0.000001,-0.428985,0.351572,-0.000000,-0.428985,0.351572,-0.000000,0.000032,0.000032,0.000034,0
404,8.080000,4,gripper_r_palm,0.429016,0.371564,0.000000,0.428985,0.371572,-0.000000,0.428985,0.371572,-0.000000,0.000032,0.000032,0.000034,6
404,8.080000,5,gripper_r_finger1,0.429016,0.351564,-0.000001,0.428985,0.351572,-0.000000,0.428985,0.351572,-0.000000,0.000032,0.000032,0.000034,5
404,8.080000,6,gripper_r_finger2,0.429016,0.351564,0.000001,0.428985,0.351572,-0.000000,0.428985,0.351572,-0.000000,0.000032,0.000032,0.000034,4
405,8.100000,0,base,0.000000,0.150000,0.000000,0.000000,0.150000,0.000000,0.000000,0.150000,0.000000,0.000000,0.000000,0.000000,0
405,8.100000,1,gripper_l_palm,-0.428451,0.371710,0.000000,-0.428420,0.371718,-0.000000,-0.428420,0.371718,-0.000000,0.000032,0.000032,0.000034,2
405,8.100000,2,gripper_l_finger1,-0.428451,0.351710,0.000001,-0.428420,0.351718,-0.000000,-0.428420,0.351718,-0.000000,0.000032,0.000032,0.000034,1
405,8.100000,3,gripper_l_finger2,-0.428451,0.351710,-0.000001,-0.428420,0.351718,-0.000000,-0.428420,0.351718,-0.000000,0.000032,0.000032,0.000034,0
405,8.100000,4,gripper_r_palm,0.428451,0.371710,0.000000,0.428420,0.371718,-0.000000,0.428420,0.371718,-0.000000,0.000032,0.000032,0.000034,6
405,8.100000,5,gripper_r_finger1,0.428451,0.351710,-0.000001,0.428420,0.351719,-0.000000,0.428420,0.351719,-0.000000,0.000032,0.000032,0.000034,5
405,8.100000,6,gripper_r_finger2,0.428451,0.351710,0.000001,0.428420,0.351719,-0.000000,0.428420,0.351719,-0.000000,0.000032,0.000032,0.000034,4
406,8.120000,0,base,0.000000,0.150000,0.000000,0.000000,0.150000,0.000000,0.000000,0.150000,0.000000,0.000000,0.000000,0.000000,0
406,8.120000,1,gripper_l_palm,-0.427882,0.371858,0.000000,-0.427850,0.371866,-0.000000,-0.427850,0.371866,-0.000000,0.000032,0.000032,0.000035,2
406,8.120000,2,gripper_l_finger1,-0.427882,0.351858,0.000006,-0.427851,0.351866,-0.000000,-0.427851,0.351866,-0.000000,0.000033,0.000033,0.000035,1
406,8.120000,3,gripper_l_finger2,-0.427882,0.351858,-0.000006,-0.427851,0.351866,-0.000000,-0.427851,0.351866,-0.000000,0.000033,0.000033,0.000035,0
406,8.120000,4,gripper_r_palm,0.427882,0.371857,0.000000,0.427850,0.371866,-0.000000,0.427850,0.371866,-0.000000,0.000032,0.000032,0.000035,6
406,8.120000,5,gripper_r_finger1,0.427882,0.351858,-0.000000,0.427851,0.351866,-0.000000,0.427851,0.351866,-0.000000,0.000032,0.000032,0.000034,5
406,8.120000,6,gripper_r_finger2,0.427882,0.351858,0.000000,0.427851,0.351866,-0.000000,0.427851,0.351866,-0.000000,0.000032,0.000032,0.000034,4
407,8.140000,0,base,0.000000,0.150000,0.000000,0.000000,0.150000,0.000000,0.000000,0.150000,0.000000,0.000000,0.000000,0.000000,0
407,8.140000,1,gripper_l_palm,-0.427308,0.372006,0.000000,-0.427277,0.372014,-0.000000,-0.427277,0.372014,-0.000000,0.000033,0.000033,0.000035,2
407,8.140000,2,gripper_l_finger1,-0.427309,0.352006,0.000007,-0.427277,0.352014,-0.000000,-0.427277,0.352014,-0.000000,0.000033,0.000033,0.000035,1
407,8.140000,3,gripper_l_finger2,-0.427309,0.352006,-0.000007,-0.427277,0.352014,-0.000000,-0.427277,0.352014,-0.000000,0.000033,0.000033,0.000035,0
407,8.140000,4,gripper_r_palm,0.427308,0.372006,0.000000,0.427277,0.372014,-0.000000,0.427277,0.372014,-0.000000,0.000033,0.000033,0.000035,6
407,8.140000,5,gripper_r_finger1,0.427309,0.352006,-0.000000,0.427277,0.352014,-0.000000,0.427277,0.352014,-0.000000,0.000033,0.000033,0.000034,5
407,8.140000,6,gripper_r_finger2,0.427309,0.352006,0.000000,0.427277,0.352014,-0.000000,0.427277,0.352014,-0.000000,0.000033,0.000033,0.000034,4
408,8.160000,0,base,0.000000,0.150000,0.000000,0.000000,0.150000,0.000000,0.000000,0.150000,0.000000,0.000000,0.000000,0.000000,0
408,8.160000,1,gripper_l_palm,-0.426731,0.372155,0.000000,-0.426700,0.372163,-0.000000,-0.426700,0.372163,-0.000000,0.000033,0.000033,0.000035,2
408,8.160000,2,gripper_l_finger1,-0.426732,0.352155,0.000004,-0.426700,0.352163,-0.000000,-0.426700,0.352163,-0.000000,0.000033,0.000033,0.000035,1
408,8.160000,3,gripper_l_finger2,-0.426732,0.352155,-0.000004,-0.426700,0.352163,-0.000000,-0.426700,0.352163,-0.000000,0.000033,0.000033,0.000035,0
408,8.160000,4,gripper_r_palm,0.426731,0.372155,0.000000,0.426700,0.372163,-0.000000,0.426700,0.372163,-0.000000,0.000033,0.000033,0.000035,6
408,8.160000,5,gripper_r_finger1,0.426732,0.352155,-0.000000,0.426700,0.352163,-0.000000,0.426700,0.352163,-0.000000,0.000033,0.000033,0.000035,5
408,8.160000,6,gripper_r_finger2,0.426732,0.352155,0.000000,0.426700,0.352163,-0.000000,0.426700,0.352163,-0.000000,0.000033,0.000033,0.000035,4
409,8.180000,0,base,0.000000,0.150000,0.000000,0.000000,0.150000,0.000000,0.000000,0.150000,0.000000,0.000000,0.000000,0.000000,0
409,8.180000,1,gripper_l_palm,-0.426150,0.372305,0.000000,-0.426118,0.372314,-0.000000,-0.426118,0.372314,-0.000000,0.000033,0.000033,0.000035,2
409,8.180000,2,gripper_l_finger1,-0.426150,0.352305,0.000002,-0.426118,0.352314,-0.000000,-0.426118,0.352314,-0.000000,0.000033,0.000033,0.000035,1
409,8.180000,3,gripper_l_finger2,-0.426150,0.352305,-0.000002,-0.426118,0.352314,-0.000000,-0.426118,0.352314,-0.000000,0.000033,0.000033,0.000035,0
409,8.180000,4,gripper_r_palm,0.426150,0.372305,0.000000,0.426118,0.372314,-0.000000,0.426118,0.372314,-0.000000,0.000033,0.000033,0.000035,6
409,8.180000,5,gripper_r_finger1,0.426150,0.352305,0.000001,0.426118,0.352314,-0.000000,0.426118,0.352314,-0.000000,0.000033,0.000033,0.000035,5
409,8.180000,6,gripper_r_finger2,0.426150,0.352305,-0.000001,0.426118,0.352314,-0.000000,0.426118,0.352314,-0.000000,0.000033,0.000033,0.000035,4
410,8.200000,0,base,0.000000,0.150000,0.000000,0.000000,0.150000,0.000000,0.000000,0.150000,0.000000,0.000000,0.000000,0.000000,0
410,8.200000,1,gripper_l_palm,-0.425565,0.372457,0.000000,-0.425533,0.372465,-0.000000,-0.425533,0.372465,-0.000000,0.000033,0.000033,0.000036,2
410,8.200000,2,gripper_l_finger1,-0.425565,0.352457,0.000004,-0.425533,0.352465,-0.000000,-0.425533,0.352465,-0.000000,0.000033,0.000033,0.000035,1
410,8.200000,3,gripper_l_finger2,-0.425565,0.352457,-0.000004,-0.425533,0.352465,-0.000000,-0.425533,0.352465,-0.000000,0.000033,0.000033,0.000035,0
410,8.200000,4,gripper_r_palm,0.425565,0.372457,0.000000,0.425533,0.372465,-0.000000,0.425533,0.372465,-0.000000,0.000033,0.000033,0.000036,6
410,8.200000,5,gripper_r_finger1,0.425565,0.352457,0.000001,0.425533,0.352465,-0.000000,0.425533,0.352465,-0.000000,0.000033,0.000033,0.000035,5
410,8.200000,6,gripper_r_finger2,0.425565,0.352457,-0.000001,0.425533,0.352465,-0.000000,0.425533,0.352465,-0.000000,0.000033,0.000033,0.000035,4
411,8.220000,0,base,0.000000,0.150000,0.000000,0.000000,0.150000,0.000000,0.000000,0.150000,0.000000,0.000000,0.000000,0.000000,0
411,8.220000,1,gripper_l_palm,-0.424976,0.372609,0.000000,-0.424943,0.372618,-0.000000,-0.424943,0.372618,-0.000000,0.000033,0.000033,0.000036,2
411,8.220000,2,gripper_l_finger1,-0.424976,0.352609,0.000004,-0.424944,0.352618,-0.000000,-0.424944,0.352618,-0.000000,0.000034,0.000034,0.000036,1
411,8.220000,3,gripper_l_finger2,-0.424976,0.352609,-0.000004,-0.424944,0.352618,-0.000000,-0.424944,0.352618,-0.000000,0.000034,0.000034,0.000036,0
411,8.220000,4,gripper_r_palm,0.424976,0.372609,0.000000,0.424943,0.372618,-0.000000,0.424943,0.372618,-0.000000,0.000033,0.000033,0.000036,6
411,8.220000,5,gripper_r_finger1,0.424976,0.352609,0.000000,0.424944,0.352618,-0.000000,0.424944,0.352618,-0.000000,0.000033,0.000033,0.000035,5
411,8.220000,6,gripper_r_finger2,0.424976,0.352609,-0.000000,0.424944,0.352618,-0.000000,0.424944,0.352618,-0.000000,0.000033,0.000033,0.000035,4
412,8.240000,0,base,0.000000,0.150000,0.000000,0.000000,0.150000,0.000000,0.000000,0.150000,0.000000,0.000000,0.000000,0.000000,0
412,8.240000,1,gripper_l_palm,-0.424383,0.372763,0.000000,-0.424350,0.372771,-0.000000,-0.424350,0.372771,-0.000000,0.000034,0.000034,0.000036,2
412,8.240000,2,gripper_l_finger1,-0.424383,0.352763,0.000006,-0.424350,0.352771,-0.000000,-0.424350,0.352771,-0.000000,0.000034,0.000034,0.000036,1
412,8.240000,3,gripper_l_finger2,-0.424383,0.352763,-0.000006,-0.424350,0.352771,-0.000000,-0.424350,0.352771,-0.000000,0.000034,0.000034,0.000036,0
412,8.240000,4,gripper_r_palm,0.424383,0.372762,0.000000,0.424350,0.372771,-0.000000,0.424350,0.372771,-0.000000,0.000034,0.000034,0.000036,6
412,8.240000,5,gripper_r_finger1,0.424383,0.352762,-0.000000,0.424350,0.352771,-0.000000,0.424350,0.352771,-0.000000,0.000034,0.000034,0.000035,5
412,8.240000,6,gripper_r_finger2,0.424383,0.352762,0.000000,0.424350,0.352771,-0.000000,0.424350,0.352771,-0.000000,0.000034,0.000034,0.000035,4
413,8.260000,0,base,0.000000,0.150000,0.000000,0.000000,0.150000,0.000000,0.000000,0.150000,0.000000,0.000000,0.000000,0.000000,0
413,8.260000,1,gripper_l_palm,-0.423786,0.372917,0.000000,-0.423753,0.372925,-0.000000,-0.423753,0.372925,-0.000000,0.000034,0.000034,0.000036,2
413,8.260000,2,gripper_l_finger1,-0.423786,0.352917,0.000005,-0.423753,0.352926,-0.000000,-0.423753,0.352926,-0.000000,0.000034,0.000034,0.000036,1
413,8.260000,3,gripper_l_finger2,-0.423786,0.352917,-0.000005,-0.423753,0.352926,-0.000000,-0.423753,0.352926,-0.000000,0.000034,0.000034,0.000036,0
413,8.260000,4,gripper_r_palm,0.423786,0.372917,0.000000,0.423753,0.372925,-0.000000,0.423753,0.372925,-0.000000,0.000034,0.000034,0.000036,6
413,8.260000,5,gripper_r_finger1,0.423786,0.352917,-0.000001,0.423753,0.352925,-0.000000,0.423753,0.352925,-0.000000,0.000034,0.000034,0.000036,5
413,8.260000,6,gripper_r_finger2,0.423786,0.352917,0.000001,0.423753,0.352925,-0.000000,0.423753,0.352925,-0.000000,0.000034,0.000034,0.000036,4
414,8.280000,0,base,0.000000,0.150000,0.000000,0.000000,0.150000,0.000000,0.000000,0.150000,0.000000,0.000000,0.000000,0.000000,0
414,8.280000,1,gripper_l_palm,-0.423185,0.373072,0.000000,-0.423152,0.373081,-0.000000,-0.423152,0.373081,-0.000000,0.000034,0.000034,0.000037,2
414,8.280000,2,gripper_l_finger1,-0.423185,0.353072,0.000003,-0.423152,0.353081,-0.000000,-0.423152,0.353081,-0.000000,0.000034,0.000034,0.000036,1
414,8.280000,3,gripper_l_finger2,-0.423185,0.353072,-0.000003,-0.423152,0.353081,-0.000000,-0.423152,0.353081,-0.000000,0.000034,0.000034,0.000036,0
414,8.280000,4,gripper_r_palm,0.423185,0.373072,0.000000,0.423152,0.373081,-0.000000,0.423152,0.373081,-0.000000,0.000034,0.000034,0.000037,6
414,8.280000,5,gripper_r_finger1,0.423185,0.353072,-0.000001,0.423152,0.353081,-0.000000,0.423152,0.353081,-0.000000,0.000034,0.000034,0.000036,5
414,8.280000,6,gripper_r_finger2,0.423185,0.353072,0.000001,0.423152,0.353081,-0.000000,0.423152,0.353081,-0.000000,0.000034,0.000034,0.000036,4
415,8.300000,0,base,0.000000,0.150000,0.000000,0.000000,0.150000,0.000000,0.000000,0.150000,0.000000,0.000000,0.000000,0.000000,0
415,8.300000,1,gripper_l_palm,-0.422580,0.373228,0.000000,-0.422547,0.373237,-0.000000,-0.422547,0.373237,-0.000000,0.000034,0.000034,0.000037,2
415,8.300000,2,gripper_l_finger1,-0.422580,0.353228,-0.000004,-0.422547,0.353237,-0.000000,-0.422547,0.353237,-0.000000,0.000035,0.000035,0.000036,1
415,8.300000,3,gripper_l_finger2,-0.422580,0.353228,0.000004,-0.422547,0.353237,-0.000000,-0.422547,0.353237,-0.000000,0.000035,0.000035,0.000036,0
415,8.300000,4,gripper_r_palm,0.422580,0.373229,0.000000,0.422547,0.373237,-0.000000,0.422547,0.373237,-0.000000,0.000034,0.000034,0.000037,6
415,8.300000,5,gripper_r_finger1,0.422580,0.353229,-0.000000,0.422547,0.353237,-0.000000,0.422547,0.353237,-0.000000,0.000034,0.000034,0.000036,5
415,8.300000,6,gripper_r_finger2,0.422580,0.353229,0.000000,0.422547,0.353237,-0.000000,0.422547,0.353237,-0.000000,0.000034,0.000034,0.000036,4
416,8.320000,0,base,0.000000,0.150000,0.000000,0.000000,0.150000,0.000000,0.000000,0.150000,0.000000,0.000000,0.000000,0.000000,0
416,8.320000,1,gripper_l_palm,-0.421971,0.373386,0.000000,-0.421938,0.373394,-0.000000,-0.421938,0.373394,-0.000000,0.000034,0.000034,0.000037,2
416,8.320000,2,gripper_l_finger1,-0.421972,0.353386,-0.000011,-0.421938,0.353394,-0.000000,-0.421938,0.353394,-0.000000,0.000036,0.000036,0.000038,1
416,8.320000,3,gripper_l_finger2,-0.421972,0.353386,0.000011,-0.421938,0.353394,-0.000000,-0.421938,0.353394,-0.000000,0.000036,0.000036,0.000038,0
416,8.320000,4,gripper_r_palm,0.421971,0.373386,0.000000,0.421938,0.373395,-0.000000,0.421938,0.373395,-0.000000,0.000035,0.000035,0.000037,6
416,8.320000,5,gripper_r_finger1,0.421972,0.353386,-0.000000,0.421938,0.353395,-0.000000,0.421938,0.353395,-0.000000,0.000035,0.000035,0.000036,5
416,8.320000,6,gripper_r_finger2,0.421972,0.353386,0.000000,0.421938,0.353395,-0.000000,0.421938,0.353395,-0.000000,0.000035,0.000035,0.000036,4
417,8.340000,0,base,0.000000,0.150000,0.000000,0.000000,0.150000,0.000000,0.000000,0.150000,0.000000,0.000000,0.000000,0.000000,0
417,8.340000,1,gripper_l_palm,-0.421359,0.373544,0.000000,-0.421325,0.373553,-0.000000,-0.421325,0.373553,-0.000000,0.000035,0.000035,0.000037,2
417,8.340000,2,gripper_l_finger1,-0.421359,0.353544,-0.000009,-0.421326,0.353553,-0.000000,-0.421326,0.353553,-0.000000,0.000036,0.000036,0.000038,1
417,8.340000,3,gripper_l_finger2,-0.421359,0.353544,0.000009,-0.421326,0.353553,-0.000000,-0.421326,0.353553,-0.000000,0.000036,0.000036,0.000038,0
417,8.340000,4,gripper_r_palm,0.421359,0.373544,0.000000,0.421325,0.373553,-0.000000,0.421325,0.373553,-0.000000,0.000035,0.000035,0.000037,6
417,8.340000,5,gripper_r_finger1,0.421359,0.353544,0.000001,0.421326,0.353553,-0.000000,0.421326,0.353553,-0.000000,0.000035,0.000035,0.000037,5
417,8.340000,6,gripper_r_finger2,0.421359,0.353544,-0.000001,0.421326,0.353553,-0.000000,0.421326,0.353553,-0.000000,0.000035,0.000035,0.000037,4
418,8.360000,0,base,0.000000,0.150000,0.000000,0.000000,0.150000,0.000000,0.000000,0.150000,0.000000,0.000000,0.000000,0.000000,0
418,8.360000,1,gripper_l_palm,-0.420743,0.373704,0.000000,-0.420709,0.373713,-0.000000,-0.420709,0.373713,-0.000000,0.000035,0.000035,0.000038,2
418,8.360000,2,gripper_l_finger1,-0.420743,0.353704,-0.000006,-0.420709,0.353713,-0.000000,-0.420709,0.353713,-0.000000,0.000036,0.000036,0.000037,1
418,8.360000,3,gripper_l_finger2,-0.420743,0.353704,0.000006,-0.420709,0.353713,-0.000000,-0.420709,0.353713,-0.000000,0.000036,0.000036,0.000037,0
418,8.360000,4,gripper_r_palm,0.420743,0.373704,0.000000,0.420709,0.373713,-0.000000,0.420709,0.373713,-0.000000,0.000035,0.000035,0.000038,6
418,8.360000,5,gripper_r_finger1,0.420743,0.353704,0.000003,0.420709,0.353713,-0.000000,0.420709,0.353713,-0.000000,0.000035,0.000035,0.000037,5
418,8.360000,6,gripper_r_finger2,0.420743,0.353704,-0.000003,0.420709,0.353713,-0.000000,0.420709,0.353713,-0.000000,0.000035,0.000035,0.000037,4
419,8.380000,0,base,0.000000,0.150000,0.000000,0.000000,0.150000,0.000000,0.000000,0.150000,0.000000,0.000000,0.000000,0.000000,0
419,8.380000,1,gripper_l_palm,-0.420123,0.373864,0.000000,-0.420089,0.373873,-0.000000,-0.420089,0.373873,-0.000000,0.000035,0.000035,0.000038,2
419,8.380000,2,gripper_l_finger1,-0.420123,0.353864,-0.000004,-0.420089,0.353873,-0.000000,-0.420089,0.353873,-0.000000,0.000035,0.000035,0.000037,1
419,8.380000,3,gripper_l_finger2,-0.420123,0.353864,0.000004,-0.420089,0.353873,-0.000000,-0.420089,0.353873,-0.000000,0.000035,0.000035,0.000037,0
419,8.380000,4,gripper_r_palm,0.420123,0.373864,0.000000,0.420089,0.373873,-0.000000,0.420089,0.373873,-0.000000,0.000035,0.000035,0.000038,6
419,8.380000,5,gripper_r_finger1,0.420123,0.353864,0.000001,0.420089,0.353873,-0.000000,0.420089,0.353873,-0.000000,0.000035,0.000035,0.000037,5
419,8.380000,6,gripper_r_finger2,0.420123,0.353864,-0.000001,0.420089,0.353873,-0.000000,0.420089,0.353873,-0.000000,0.000035,0.000035,0.000037,4
420,8.400000,0,base,0.000000,0.150000,0.000000,0.000000,0.150000,0.000000,0.000000,0.150000,0.000000,0.000000,0.000000,0.000000,0
420,8.400000,1,gripper_l_palm,-0.419499,0.374025,0.000000,-0.419465,0.374034,-0.000000,-0.419465,0.374034,-0.000000,0.000035,0.000035,0.000038,2
420,8.400000,2,gripper_l_finger1,-0.419499,0.354025,-0.000002,-0.419465,0.354034,-0.000000,-0.419465,0.354034,-0.000000,0.000035,0.000035,0.000037,1
420,8.400000,3,gripper_l_finger2,-0.419499,0.354025,0.000002,-0.419465,0.354034,-0.000000,-0.419465,0.354034,-0.000000,0.000035,0.000035,0.000037,0
420,8.400000,4,gripper_r_palm,0.419499,0.374025,0.000000,0.419465,0.374034,-0.000000,0.419465,0.374034,-0.000000,0.000035,0.000035,0.000038,6
420,8.400000,5,gripper_r_finger1,0.419499,0.354025,-0.000002,0.419465,0.354034,-0.000000,0.419465,0.354034,-0.000000,0.000035,0.000035,0.000037,5
420,8.400000,6,gripper_r_finger2,0.419499,0.354025,0.000002,0.419465,0.354034,-0.000000,0.419465,0.354034,-0.000000,0.000035,0.000035,0.000037,4
421,8.420000,0,base,0.000000,0.150000,0.000000,0.000000,0.150000,0.000000,0.000000,0.150000,0.000000,0.000000,0.000000,0.000000,0
421,8.420000,1,gripper_l_palm,-0.418872,0.374188,0.000000,-0.418838,0.374197,-0.000000,-0.418838,0.374197,-0.000000,0.000036,0.000036,0.000038,2
421,8.420000,2,gripper_l_finger1,-0.418872,0.354188,-0.000001,-0.418838,0.354197,-0.000000,-0.418838,0.354197,-0.000000,0.000036,0.000036,0.000037,1
421,8.420000,3,gripper_l_finger2,-0.418872,0.354188,0.000001,-0.418838,0.354197,-0.000000,-0.418838,0.354197,-0.000000,0.000036,0.000036,0.000037,0
421,8.420000,4,gripper_r_palm,0.418872,0.374187,0.000000,0.418838,0.374197,-0.000000,0.418838,0.374197,-0.000000,0.000036,0.000036,0.000038,6
421,8.420000,5,gripper_r_finger1,0.418872,0.354187,-0.000002,0.418838,0.354197,-0.000000,0.418838,0.354197,-0.000000,0.000036,0.000036,0.000037,5
421,8.420000,6,gripper_r_finger2,0.418872,0.354187,0.000002,0.418838,0.354197,-0.000000,0.418838,0.354197,-0.000000,0.000036,0.000036,0.000037,4
422,8.440000,0,base,0.000000,0.150000,0.000000,0.000000,0.150000,0.000000,0.000000,0.150000,0.000000,0.000000,0.000000,0.000000,0
422,8.440000,1,gripper_l_palm,-0.418241,0.374351,0.000000,-0.418206,0.374360,-0.000000,-0.418206,0.374360,-0.000000,0.000036,0.000036,0.000038,2
422,8.440000,2,gripper_l_finger1,-0.418241,0.354351,-0.000001,-0.418207,0.354360,-0.000000,-0.418207,0.354360,-0.000000,0.000036,0.000036,0.000038,1
422,8.440000,3,gripper_l_finger2,-0.418241,0.354351,0.000001,-0.418207,0.354360,-0.000000,-0.418207,0.354360,-0.000000,0.000036,0.000036,0.000038,0
422,8.440000,4,gripper_r_palm,0.418241,0.374351,0.000000,0.418206,0.374360,-0.000000,0.418206,0.374360,-0.000000,0.000036,0.000036,0.000038,6
422,8.440000,5,gripper_r_finger1,0.418241,0.354351,-0.000001,0.418207,0.354360,-0.000000,0.418207,0.354360,-0.000000,0.000036,0.000036,0.000038,5
422,8.440000,6,gripper_r_finger2,0.418241,0.354351,0.000001,0.418207,0.354360,-0.000000,0.418207,0.354360,-0.000000,0.000036,0.000036,0.000038,4
423,8.460000,0,base,0.000000,0.150000,0.000000,0.000000,0.150000,0.000000,0.000000,0.150000,0.000000,0.000000,0.000000,0.000000,0
423,8.460000,1,gripper_l_palm,-0.417606,0.374515,0.000000,-0.417572,0.374524,-0.000000,-0.417572,0.374524,-0.000000,0.000036,0.000036,0.000039,2
423,8.460000,2,gripper_l_finger1,-0.417607,0.354515,-0.000000,-0.417572,0.354524,-0.000000,-0.417572,0.354524,-0.000000,0.000036,0.000036,0.000038,1
423,8.460000,3,gripper_l_finger2,-0.417607,0.354515,0.000000,-0.417572,0.354524,-0.000000,-0.417572,0.354524,-0.000000,0.000036,0.000036,0.000038,0
423,8.460000,4,gripper_r_palm,0.417606,0.374515,0.000000,0.417572,0.374524,-0.000000,0.417572,0.374524,-0.000000,0.000036,0.000036,0.000039,6
423,8.460000,5,gripper_r_finger1,0.417607,0.354515,-0.000001,0.417572,0.354524,-0.000000,0.417572,0.354524,-0.000000,0.000036,0.000036,0.000038,5
423,8.460000,6,gripper_r_finger2,0.417607,0.354515,0.000001,0.417572,0.354524,-0.000000,0.417572,0.354524,-0.000000,0.000036,0.000036,0.000038,4
424,8.480000,0,base,0.000000,0.150000,0.000000,0.000000,0.150000,0.000000,0.000000,0.150000,0.000000,0.000000,0.000000,0.000000,0
424,8.480000,1,gripper_l_palm,-0.416968,0.374680,0.000000,-0.416933,0.374689,-0.000000,-0.416933,0.374689,-0.000000,0.000036,0.000036,0.000039,2
424,8.480000,2,gripper_l_finger1,-0.416968,0.354680,-0.000000,-0.416933,0.354689,-0.000000,-0.416933,0.354689,-0.000000,0.000036,0.000036,0.000038,1
424,8.480000,3,gripper_l_finger2,-0.416968,0.354680,0.000000,-0.416933,0.354689,-0.000000,-0.416933,0.354689,-0.000000,0.000036,0.000036,0.000038,0
424,8.480000,4,gripper_r_palm,0.416968,0.374680,0.000000,0.416933,0.374689,-0.000000,0.416933,0.374689,-0.000000,0.000036,0.000036,0.000039,6
424,8.480000,5,gripper_r_finger1,0.416968,0.354680,0.000001,0.416933,0.354689,-0.000000,0.416933,0.354689,-0.000000,0.000036,0.000036,0.000038,5
424,8.480000,6,gripper_r_finger2,0.416968,0.354680,-0.000001,0.416933,0.354689,-0.000000,0.416933,0.354689,-0.000000,0.000036,0.000036,0.000038,4
425,8.500000,0,base,0.000000,0.150000,0.000000,0.000000,0.150000,0.000000,0.000000,0.150000,0.000000,0.000000,0.000000,0.000000,0
425,8.500000,1,gripper_l_palm,-0.416326,0.374846,0.000000,-0.416291,0.374855,-0.000000,-0.416291,0.374855,-0.000000,0.000036,0.000036,0.000039,2
425,8.500000,2,gripper_l_finger1,-0.416326,0.354846,0.000000,-0.416291,0.354855,-0.000000,-0.416291,0.354855,-0.000000,0.000036,0.000036,0.000038,1
425,8.500000,3,gripper_l_finger2,-0.416326,0.354846,-0.000000,-0.416291,0.354855,-0.000000,-0.416291,0.354855,-0.000000,0.000036,0.000036,0.000038,0
425,8.500000,4,gripper_r_palm,0.416326,0.374846,0.000000,0.416291,0.374855,-0.000000,0.416291,0.374855,-0.000000,0.000036,0.000036,0.000039,6
425,8.500000,5,gripper_r_finger1,0.416326,0.354846,0.000002,0.416291,0.354855,-0.000000,0.416291,0.354855,-0.000000,0.000036,0.000036,0.000038,5
425,8.500000,6,gripper_r_finger2,0.416326,0.354846,-0.000002,0.416291,0.354855,-0.000000,0.416291,0.354855,-0.000000,0.000036,0.000036,0.000038,4
426,8.520000,0,base,0.000000,0.150000,0.000000,0.000000,0.150000,0.000000,0.000000,0.150000,0.000000,0.000000,0.000000,0.000000,0
426,8.520000,1,gripper_l_palm,-0.415681,0.375013,0.000000,-0.415646,0.375022,-0.000000,-0.415646,0.375022,-0.000000,0.000037,0.000037,0.000039,2
426,8.520000,2,gripper_l_finger1,-0.415681,0.355013,0.000000,-0.415646,0.355022,-0.000000,-0.415646,0.355022,-0.000000,0.000037,0.000037,0.000039,1
426,8.520000,3,gripper_l_finger2,-0.415681,0.355013,-0.000000,-0.415646,0.355022,-0.000000,-0.415646,0.355022,-0.000000,0.000037,0.000037,0.000039,0
426,8.520000,4,gripper_r_palm,0.415681,0.375013,0.000000,0.415646,0.375022,-0.000000,0.415646,0.375022,-0.000000,0.000037,0.000037,0.000039,6
426,8.520000,5,gripper_r_finger1,0.415681,0.355013,0.000001,0.415646,0.355022,-0.000000,0.415646,0.355022,-0.000000,0.000037,0.000037,0.000038,5
426,8.520000,6,gripper_r_finger2,0.415681,0.355013,-0.000001,0.415646,0.355022,-0.000000,0.415646,0.355022,-0.000000,0.000037,0.000037,0.000038,4
427,8.540000,0,base,0.000000,0.150000,0.000000,0.000000,0.150000,0.000000,0.000000,0.150000,0.000000,0.000000,0.000000,0.000000,0
427,8.540000,1,gripper_l_palm,-0.415032,0.375181,0.000000,-0.414997,0.375190,-0.000000,-0.414997,0.375190,-0.000000,0.000037,0.000037,0.000039,2
427,8.540000,2,gripper_l_finger1,-0.415032,0.355181,-0.000000,-0.414997,0.355190,-0.000000,-0.414997,0.355190,-0.000000,0.000037,0.000037,0.000039,1
427,8.540000,3,gripper_l_finger2,-0.415032,0.355181,0.000000,-0.414997,0.355190,-0.000000,-0.414997,0.355190,-0.000000,0.000037,0.000037,0.000039,0
427,8.540000,4,gripper_r_palm,0.415032,0.375181,0.000000,0.414997,0.375190,-0.000000,0.414997,0.375190,-0.000000,0.000037,0.000037,0.000039,6
427,8.540000,5,gripper_r_finger1,0.415032,0.355181,0.000001,0.414997,0.355190,-0.000000,0.414997,0.355190,-0.000000,0.000037,0.000037,0.000039,5
427,8.540000,6,gripper_r_finger2,0.415032,0.355181,-0.000001,0.414997,0.355190,-0.000000,0.414997,0.355190,-0.000000,0.000037,0.000037,0.000039,4
428,8.560000,0,base,0.000000,0.150000,0.000000,0.000000,0.150000,0.000000,0.000000,0.150000,0.000000,0.000000,0.000000,0.000000,0
428,8.560000,1,gripper_l_palm,-0.414380,0.375349,0.000000,-0.414344,0.375359,-0.000000,-0.414344,0.375359,-0.000000,0.000037,0.000037,0.000040,2
428,8.560000,2,gripper_l_finger1,-0.414380,0.355349,-0.000000,-0.414344,0.355359,-0.000000,-0.414344,0.355359,-0.000000,0.000037,0.000037,0.000039,1
428,8.560000,3,gripper_l_finger2,-0.414380,0.355349,0.000000,-0.414344,0.355359,-0.000000,-0.414344,0.355359,-0.000000,0.000037,0.000037,0.000039,0
428,8.560000,4,gripper_r_palm,0.414380,0.375349,0.000000,0.414344,0.375359,-0.000000,0.414344,0.375359,-0.000000,0.000037,0.000037,0.000040,6
428,8.560000,5,gripper_r_finger1,0.414380,0.355349,-0.000002,0.414344,0.355359,-0.000000,0.414344,0.355359,-0.000000,0.000037,0.000037,0.000039,5
428,8.560000,6,gripper_r_finger2,0.414380,0.355349,0.000002,0.414344,0.355359,-0.000000,0.414344,0.355359,-0.000000,0.000037,0.000037,0.000039,4
429,8.580000,0,base,0.000000,0.150000,0.000000,0.000000,0.150000,0.000000,0.000000,0.150000,0.000000,0.000000,0.000000,0.000000,0
429,8.580000,1,gripper_l_palm,-0.413724,0.375519,0.000000,-0.413688,0.375528,-0.000000,-0.413688,0.375528,-0.000000,0.000037,0.000037,0.000040,2
429,8.580000,2,gripper_l_finger1,-0.413724,0.355519,-0.000000,-0.413688,0.355528,-0.000000,-0.413688,0.355528,-0.000000,0.000037,0.000037,0.000039,1
429,8.580000,3,gripper_l_finger2,-0.413724,0.355519,0.000000,-0.413688,0.355528,-0.000000,-0.413688,0.355528,-0.000000,0.000037,0.000037,0.000039,0
429,8.580000,4,gripper_r_palm,0.413724,0.375519,0.000000,0.413688,0.375528,-0.000000,0.413688,0.375528,-0.000000,0.000037,0.000037,0.000040,6
429,8.580000,5,gripper_r_finger1,0.413724,0.355519,-0.000003,0.413688,0.355528,-0.000000,0.413688,0.355528,-0.000000,0.000037,0.000037,0.000039,5
429,8.580000,6,gripper_r_finger2,0.413724,0.355519,0.000003,0.413688,0.355528,-0.000000,0.413688,0.355528,-0.000000,0.000037,0.000037,0.000039,4
430,8.600000,0,base,0.000000,0.150000,0.000000,0.000000,0.150000,0.000000,0.000000,0.150000,0.000000,0.000000,0.000000,0.000000,0
430,8.600000,1,gripper_l_palm,-0.413065,0.375689,0.000000,-0.413029,0.375699,-0.000000,-0.413029,0.375699,-0.000000,0.000037,0.000037,0.000040,2
430,8.600000,2,gripper_l_finger1,-0.413065,0.355689,-0.000000,-0.413029,0.355699,-0.000000,-0.413029,0.355699,-0.000000,0.000037,0.000037,0.000039,1
430,8.600000,3,gripper_l_finger2,-0.413065,0.355689,0.000000,-0.413029,0.355699,-0.000000,-0.413029,0.355699,-0.000000,0.000037,0.000037,0.000039,0
430,8.600000,4,gripper_r_palm,0.413065,0.375689,0.000000,0.413029,0.375699,-0.000000,0.413029,0.375699,-0.000000,0.000037,0.000037,0.000040,6
430,8.600000,5,gripper_r_finger1,0.413065,0.355689,-0.000003,0.413029,0.355699,-0.000000,0.413029,0.355699,-0.000000,0.000037,0.000037,0.000039,5
430,8.600000,6,gripper_r_finger2,0.413065,0.355689,0.000003,0.413029,0.355699,-0.000000,0.413029,0.355699,-0.000000,0.000037,0.000037,0.000039,4
431,8.620000,0,base,0.000000,0.150000,0.000000,0.000000,0.150000,0.000000,0.000000,0.150000,0.000000,0.000000,0.000000,0.000000,0
431,8.620000,1,gripper_l_palm,-0.412402,0.375861,0.000000,-0.412366,0.375870,-0.000000,-0.412366,0.375870,-0.000000,0.000037,0.000037,0.000040,2
431,8.620000,2,gripper_l_finger1,-0.412402,0.355861,-0.000000,-0.412366,0.355870,-0.000000,-0.412366,0.355870,-0.000000,0.000037,0.000037,0.000039,1
431,8.620000,3,gripper_l_finger2,-0.412402,0.355861,0.000000,-0.412366,0.355870,-0.000000,-0.412366,0.355870,-0.000000,0.000037,0.000037,0.000039,0
431,8.620000,4,gripper_r_palm,0.412402,0.375861,0.000000,0.412366,0.375870,-0.000000,0.412366,0.375870,-0.000000,0.000037,0.000037,0.000040,6
431,8.620000,5,gripper_r_finger1,0.412402,0.355861,-0.000002,0.412366,0.355870,-0.000000,0.412366,0.355870,-0.000000,0.000038,0.000038,0.000040,5
431,8.620000,6,gripper_r_finger2,0.412402,0.355861,0.000002,0.412366,0.355870,-0.000000,0.412366,0.355870,-0.000000,0.000038,0.000038,0.000040,4
432,8.640000,0,base,0.000000,0.150000,0.000000,0.000000,0.150000,0.000000,0.000000,0.150000,0.000000,0.000000,0.000000,0.000000,0
432,8.640000,1,gripper_l_palm,-0.411736,0.376033,0.000000,-0.411699,0.376043,-0.000000,-0.411699,0.376043,-0.000000,0.000038,0.000038,0.000040,2
432,8.640000,2,gripper_l_finger1,-0.411736,0.356033,-0.000000,-0.411700,0.356043,-0.000000,-0.411700,0.356043,-0.000000,0.000038,0.000038,0.000040,1
432,8.640000,3,gripper_l_finger2,-0.411736,0.356033,0.000000,-0.411700,0.356043,-0.000000,-0.411700,0.356043,-0.000000,0.000038,0.000038,0.000040,0
432,8.640000,4,gripper_r_palm,0.411736,0.376033,0.000000,0.411699,0.376043,-0.000000,0.411699,0.376043,-0.000000,0.000038,0.000038,0.000040,6
432,8.640000,5,gripper_r_finger1,0.411736,0.356033,0.000000,0.411700,0.356043,-0.000000,0.411700,0.356043,-0.000000,0.000038,0.000038,0.000040,5
432,8.640000,6,gripper_r_finger2,0.411736,0.356033,-0.000000,0.411700,0.356043,-0.000000,0.411700,0.356043,-0.000000,0.000038,0.000038,0.000040,4
433,8.660000,0,base,0.000000,0.150000,0.000000,0.000000,0.150000,0.000000,0.000000,0.150000,0.000000,0.000000,0.000000,0.000000,0
433,8.660000,1,gripper_l_palm,-0.411066,0.376206,0.000000,-0.411030,0.376216,-0.000000,-0.411030,0.376216,-0.000000,0.000038,0.000038,0.000041,2
433,8.660000,2,gripper_l_finger1,-0.411067,0.356206,-0.000000,-0.411030,0.356216,-0.000000,-0.411030,0.356216,-0.000000,0.000038,0.000038,0.000040,1
433,8.660000,3,gripper_l_finger2,-0.411067,0.356206,0.000000,-0.411030,0.356216,-0.000000,-0.411030,0.356216,-0.000000,0.000038,0.000038,0.000040,0
433,8.660000,4,gripper_r_palm,0.411066,0.376206,0.000000,0.411030,0.376216,-0.000000,0.411030,0.376216,-0.000000,0.000038,0.000038,0.000041,6
433,8.660000,5,gripper_r_finger1,0.411067,0.356206,0.000005,0.411030,0.356216,-0.000000,0.411030,0.356216,-0.000000,0.000038,0.000038,0.000040,5
433,8.660000,6,gripper_r_finger2,0.411067,0.356206,-0.000005,0.411030,0.356216,-0.000000,0.411030,0.356216,-0.000000,0.000038,0.000038,0.000040,4
434,8.680000,0,base,0.000000,0.150000,0.000000,0.000000,0.150000,0.000000,0.000000,0.150000,0.000000,0.000000,0.000000,0.000000,0
434,8.680000,1,gripper_l_palm,-0.410394,0.376380,0.000000,-0.410357,0.376390,-0.000000,-0.410357,0.376390,-0.000000,0.000038,0.000038,0.000041,2
434,8.680000,2,gripper_l_finger1,-0.410394,0.356380,-0.000000,-0.410357,0.356390,-0.000000,-0.410357,0.356390,-0.000000,0.000038,0.000038,0.000040,1
434,8.680000,3,gripper_l_finger2,-0.410394,0.356380,0.000000,-0.410357,0.356390,-0.000000,-0.410357,0.356390,-0.000000,0.000038,0.000038,0.000040,0
434,8.680000,4,gripper_r_palm,0.410394,0.376380,0.000000,0.410357,0.376390,-0.000000,0.410357,0.376390,-0.000000,0.000038,0.000038,0.000041,6
434,8.680000,5,gripper_r_finger1,0.410394,0.356380,0.000006,0.410357,0.356390,-0.000000,0.410357,0.356390,-0.000000,0.000039,0.000039,0.000040,5
434,8.680000,6,gripper_r_finger2,0.410394,0.356380,-0.000006,0.410357,0.356390,-0.000000,0.410357,0.356390,-0.000000,0.000039,0.000039,0.000040,4
435,8.700000,0,base,0.000000,0.150000,0.000000,0.000000,0.150000,0.000000,0.000000,0.150000,0.000000,0.000000,0.000000,0.000000,0
435,8.700000,1,gripper_l_palm,-0.409718,0.376555,0.000000,-0.409681,0.376565,-0.000000,-0.409681,0.376565,-0.000000,0.000038,0.000038,0.000041,2
435,8.700000,2,gripper_l_finger1,-0.409718,0.356555,0.000002,-0.409681,0.356565,-0.000000,-0.409681,0.356565,-0.000000,0.000038,0.000038,0.000040,1
435,8.700000,3,gripper_l_finger2,-0.409718,0.356555,-0.000002,-0.409681,0.356565,-0.000000,-0.409681,0.356565,-0.000000,0.000038,0.000038,0.000040,0
435,8.700000,4,gripper_r_palm,0.409718,0.376555,0.000000,0.409681,0.376565,-0.000000,0.409681,0.376565,-0.000000,0.000038,0.000038,0.000041,6
435,8.700000,5,gripper_r_finger1,0.409718,0.356555,0.000007,0.409681,0.356565,-0.000000,0.409681,0.356565,-0.000000,0.000039,0.000039,0.000041,5
435,8.700000,6,gripper_r_finger2,0.409718,0.356555,-0.000007,0.409681,0.356565,-0.000000,0.409681,0.356565,-0.000000,0.000039,0.000039,0.000041,4
436,8.720000,0,base,0.000000,0.150000,0.000000,0.000000,0.150000,0.000000,0.000000,0.150000,0.000000,0.000000,0.000000,0.000000,0
436,8.720000,1,gripper_l_palm,-0.409038,0.376731,0.000000,-0.409001,0.376741,-0.000000,-0.409001,0.376741,-0.000000,0.000038,0.000038,0.000041,2
436,8.720000,2,gripper_l_finger1,-0.409038,0.356731,0.000002,-0.409001,0.356741,-0.000000,-0.409001,0.356741,-0.000000,0.000038,0.000038,0.000041,1
436,8.720000,3,gripper_l_finger2,-0.409038,0.356731,-0.000002,-0.409001,0.356741,-0.000000,-0.409001,0.356741,-0.000000,0.000038,0.000038,0.000041,0
436,8.720000,4,gripper_r_palm,0.409038,0.376731,0.000000,0.409001,0.376741,-0.000000,0.409001,0.376741,-0.000000,0.000038,0.000038,0.000041,6
436,8.720000,5,gripper_r_finger1,0.409038,0.356731,0.000006,0.409001,0.356741,-0.000000,0.409001,0.356741,-0.000000,0.000039,0.000039,0.000041,5
436,8.720000,6,gripper_r_finger2,0.409038,0.356731,-0.000006,0.409001,0.356741,-0.000000,0.409001,0.356741,-0.000000,0.000039,0.000039,0.000041,4
437,8.740000,0,base,0.000000,0.150000,0.000000,0.000000,0.150000,0.000000,0.000000,0.150000,0.000000,0.000000,0.000000,0.000000,0
437,8.740000,1,gripper_l_palm,-0.408356,0.376907,0.000000,-0.408318,0.376917,-0.000000,-0.408318,0.376917,-0.000000,0.000039,0.000039,0.000041,2
437,8.740000,2,gripper_l_finger1,-0.408356,0.356907,0.000000,-0.408319,0.356917,-0.000000,-0.408319,0.356917,-0.000000,0.000039,0.000039,0.000041,1
437,8.740000,3,gripper_l_finger2,-0.408356,0.356907,-0.000000,-0.408319,0.356917,-0.000000,-0.408319,0.356917,-0.000000,0.000039,0.000039,0.000041,0
437,8.740000,4,gripper_r_palm,0.408356,0.376907,0.000000,0.408318,0.376917,-0.000000,0.408318,0.376917,-0.000000,0.000039,0.000039,0.000041,6
437,8.740000,5,gripper_r_finger1,0.408356,0.356907,0.000005,0.408319,0.356917,-0.000000,0.408319,0.356917,-0.000000,0.000039,0.000039,0.000041,5
437,8.740000,6,gripper_r_finger2,0.408356,0.356907,-0.000005,0.408319,0.356917,-0.000000,0.408319,0.356917,-0.000000,0.000039,0.000039,0.000041,4
438,8.760000,0,base,0.000000,0.150000,0.000000,0.000000,0.150000,0.000000,0.000000,0.150000,0.000000,0.000000,0.000000,0.000000,0
438,8.760000,1,gripper_l_palm,-0.407670,0.377085,0.000000,-0.407632,0.377094,-0.000000,-0.407632,0.377094,-0.000000,0.000039,0.000039,0.000042,2
438,8.760000,2,gripper_l_finger1,-0.407670,0.357085,-0.000000,-0.407633,0.357094,-0.000000,-0.407633,0.357094,-0.000000,0.000039,0.000039,0.000041,1
438,8.760000,3,gripper_l_finger2,-0.407670,0.357085,0.000000,-0.407633,0.357094,-0.000000,-0.407633,0.357094,-0.000000,0.000039,0.000039,0.000041,0
438,8.760000,4,gripper_r_palm,0.407670,0.377085,0.000000,0.407632,0.377094,-0.000000,0.407632,0.377094,-0.000000,0.000039,0.000039,0.000042,6
438,8.760000,5,gripper_r_finger1,0.407670,0.357085,0.000007,0.407633,0.357094,-0.000000,0.407633,0.357094,-0.000000,0.000039,0.000039,0.000042,5
438,8.760000,6,gripper_r_finger2,0.407670,0.357085,-0.000007,0.407633,0.357094,-0.000000,0.407633,0.357094,-0.000000,0.000039,0.000039,0.000042,4
439,8.780000,0,base,0.000000,0.150000,0.000000,0.000000,0.150000,0.000000,0.000000,0.150000,0.000000,0.000000,0.000000,0.000000,0
439,8.780000,1,gripper_l_palm,-0.406981,0.377263,0.000000,-0.406943,0.377273,-0.000000,-0.406943,0.377273,-0.000000,0.000039,0.000039,0.000042,2
439,8.780000,2,gripper_l_finger1,-0.406981,0.357263,-0.000001,-0.406943,0.357273,-0.000000,-0.406943,0.357273,-0.000000,0.000039,0.000039,0.000041,1
439,8.780000,3,gripper_l_finger2,-0.406981,0.357263,0.000001,-0.406943,0.357273,-0.000000,-0.406943,0.357273,-0.000000,0.000039,0.000039,0.000041,0
439,8.780000,4,gripper_r_palm,0.406981,0.377263,0.000000,0.406943,0.377273,-0.000000,0.406943,0.377273,-0.000000,0.000039,0.000039,0.000042,6
439,8.780000,5,gripper_r_finger1,0.406981,0.357263,0.000006,0.406943,0.357273,-0.000000,0.406943,0.357273,-0.000000,0.000039,0.000039,0.000042,5
439,8.780000,6,gripper_r_finger2,0.406981,0.357263,-0.000006,0.406943,0.357273,-0.000000,0.406943,0.357273,-0.000000,0.000039,0.000039,0.000042,4
440,8.800000,0,base,0.000000,0.150000,0.000000,0.000000,0.150000,0.000000,0.000000,0.150000,0.000000,0.000000,0.000000,0.000000,0
440,8.800000,1,gripper_l_palm,-0.406289,0.377442,0.000000,-0.406251,0.377452,-0.000000,-0.406251,0.377452,-0.000000,0.000039,0.000039,0.000042,2
440,8.800000,2,gripper_l_finger1,-0.406289,0.357442,-0.000001,-0.406251,0.357452,-0.000000,-0.406251,0.357452,-0.000000,0.000039,0.000039,0.000041,1
440,8.800000,3,gripper_l_finger2,-0.406289,0.357442,0.000001,-0.406251,0.357452,-0.000000,-0.406251,0.357452,-0.000000,0.000039,0.000039,0.000041,0
440,8.800000,4,gripper_r_palm,0.406289,0.377442,0.000000,0.406251,0.377452,-0.000000,0.406251,0.377452,-0.000000,0.000039,0.000039,0.000042,6
440,8.800000,5,gripper_r_finger1,0.406289,0.357442,-0.000003,0.406251,0.357451,-0.000000,0.406251,0.357451,-0.000000,0.000039,0.000039,0.000041,5
440,8.800000,6,gripper_r_finger2,0.406289,0.357442,0.000003,0.406251,0.357451,-0.000000,0.406251,0.357451,-0.000000,0.000039,0.000039,0.000041,4
441,8.820000,0,base,0.000000,0.150000,0.000000,0.000000,0.150000,0.000000,0.000000,0.150000,0.000000,0.000000,0.000000,0.000000,0
441,8.820000,1,gripper_l_palm,-0.405594,0.377622,0.000000,-0.405556,0.377632,-0.000000,-0.405556,0.377632,-0.000000,0.000039,0.000039,0.000042,2
441,8.820000,2,gripper_l_finger1,-0.405594,0.357622,-0.000001,-0.405556,0.357632,-0.000000,-0.405556,0.357632,-0.000000,0.000039,0.000039,0.000041,1
441,8.820000,3,gripper_l_finger2,-0.405594,0.357622,0.000001,-0.405556,0.357632,-0.000000,-0.405556,0.357632,-0.000000,0.000039,0.000039,0.000041,0
441,8.820000,4,gripper_r_palm,0.405594,0.377621,0.000000,0.405556,0.377631,-0.000000,0.405556,0.377631,-0.000000,0.000039,0.000039,0.000042,6
441,8.820000,5,gripper_r_finger1,0.405594,0.357621,-0.000009,0.405556,0.357631,-0.000000,0.405556,0.357631,-0.000000,0.000040,0.000040,0.000042,5
441,8.820000,6,gripper_r_finger2,0.405594,0.357621,0.000009,0.405556,0.357631,-0.000000,0.405556,0.357631,-0.000000,0.000040,0.000040,0.000042,4
442,8.840000,0,base,0.000000,0.150000,0.000000,0.000000,0.150000,0.000000,0.000000,0.150000,0.000000,0.000000,0.000000,0.000000,0
442,8.840000,1,gripper_l_palm,-0.404895,0.377802,0.000000,-0.404857,0.377812,-0.000000,-0.404857,0.377812,-0.000000,0.000039,0.000039,0.000042,2
442,8.840000,2,gripper_l_finger1,-0.404895,0.357802,0.000003,-0.404857,0.357812,-0.000000,-0.404857,0.357812,-0.000000,0.000040,0.000040,0.000042,1
442,8.840000,3,gripper_l_finger2,-0.404895,0.357802,-0.000003,-0.404857,0.357812,-0.000000,-0.404857,0.357812,-0.000000,0.000040,0.000040,0.000042,0
442,8.840000,4,gripper_r_palm,0.404895,0.377802,0.000000,0.404857,0.377812,-0.000000,0.404857,0.377812,-0.000000,0.000039,0.000039,0.000042,6
442,8.840000,5,gripper_r_finger1,0.404895,0.357802,-0.000005,0.404857,0.357812,-0.000000,0.404857,0.357812,-0.000000,0.000040,0.000040,0.000042,5
442,8.840000,6,gripper_r_finger2,0.404895,0.357802,0.000005,0.404857,0.357812,-0.000000,0.404857,0.357812,-0.000000,0.000040,0.000040,0.000042,4
443,8.860000,0,base,0.000000,0.150000,0.000000,0.000000,0.150000,0.000000,0.000000,0.150000,0.000000,0.000000,0.000000,0.000000,0
443,8.860000,1,gripper_l_palm,-0.404194,0.377984,0.000000,-0.404155,0.377994,-0.000000,-0.404155,0.377994,-0.000000,0.000040,0.000040,0.000043,2
443,8.860000,2,gripper_l_finger1,-0.404194,0.357984,0.000007,-0.404155,0.357994,-0.000000,-0.404155,0.357994,-0.000000,0.000040,0.000040,0.000043,1
443,8.860000,3,gripper_l_finger2,-0.404194,0.357984,-0.000007,-0.404155,0.357994,-0.000000,-0.404155,0.357994,-0.000000,0.000040,0.000040,0.000043,0
443,8.860000,4,gripper_r_palm,0.404194,0.377984,0.000000,0.404155,0.377994,-0.000000,0.404155,0.377994,-0.000000,0.000040,0.000040,0.000043,6
443,8.860000,5,gripper_r_finger1,0.404194,0.357984,-0.000001,0.404155,0.357994,-0.000000,0.404155,0.357994,-0.000000,0.000040,0.000040,0.000042,5
443,8.860000,6,gripper_r_finger2,0.404194,0.357984,0.000001,0.404155,0.357994,-0.000000,0.404155,0.357994,-0.000000,0.000040,0.000040,0.000042,4
444,8.880000,0,base,0.000000,0.150000,0.000000,0.000000,0.150000,0.000000,0.000000,0.150000,0.000000,0.000000,0.000000,0.000000,0
444,8.880000,1,gripper_l_palm,-0.403489,0.378166,0.000000,-0.403451,0.378176,-0.000000,-0.403451,0.378176,-0.000000,0.000040,0.000040,0.000043,2
444,8.880000,2,gripper_l_finger1,-0.403489,0.358166,0.000012,-0.403451,0.358176,-0.000000,-0.403451,0.358176,-0.000000,0.000041,0.000041,0.000044,1
444,8.880000,3,gripper_l_finger2,-0.403489,0.358166,-0.000012,-0.403451,0.358176,-0.000000,-0.403451,0.358176,-0.000000,0.000041,0.000041,0.000044,0
444,8.880000,4,gripper_r_palm,0.403489,0.378166,0.000000,0.403451,0.378176,-0.000000,0.403451,0.378176,-0.000000,0.000040,0.000040,0.000043,6
444,8.880000,5,gripper_r_finger1,0.403489,0.358166,0.000002,0.403451,0.358176,-0.000000,0.403451,0.358176,-0.000000,0.000040,0.000040,0.000042,5
444,8.880000,6,gripper_r_finger2,0.403489,0.358166,-0.000002,0.403451,0.358176,-0.000000,0.403451,0.358176,-0.000000,0.000040,0.000040,0.000042,4
445,8.900000,0,base,0.000000,0.150000,0.000000,0.000000,0.150000,0.000000,0.000000,0.150000,0.000000,0.000000,0.000000,0.000000,0
445,8.900000,1,gripper_l_palm,-0.402782,0.378349,0.000000,-0.402743,0.378359,-0.000000,-0.402743,0.378359,-0.000000,0.000040,0.000040,0.000043,2
445,8.900000,2,gripper_l_finger1,-0.402782,0.358349,0.000009,-0.402743,0.358359,-0.000000,-0.402743,0.358359,-0.000000,0.000041,0.000041,0.000042,1
445,8.900000,3,gripper_l_finger2,-0.402782,0.358349,-0.000009,-0.402743,0.358359,-0.000000,-0.402743,0.358359,-0.000000,0.000041,0.000041,0.000042,0
445,8.900000,4,gripper_r_palm,0.402782,0.378349,0.000000,0.402743,0.378359,-0.000000,0.402743,0.378359,-0.000000,0.000040,0.000040,0.000043,6
445,8.900000,5,gripper_r_finger1,0.402782,0.358349,-0.000001,0.402743,0.358359,-0.000000,0.402743,0.358359,-0.000000,0.000040,0.000040,0.000042,5
445,8.900000,6,gripper_r_finger2,0.402782,0.358349,0.000001,0.402743,0.358359,-0.000000,0.402743,0.358359,-0.000000,0.000040,0.000040,0.000042,4
446,8.920000,0,base,0.000000,0.150000,0.000000,0.000000,0.150000,0.000000,0.000000,0.150000,0.000000,0.000000,0.000000,0.000000,0
446,8.920000,1,gripper_l_palm,-0.402071,0.378532,0.000000,-0.402032,0.378543,-0.000000,-0.402032,0.378543,-0.000000,0.000040,0.000040,0.000043,2
446,8.920000,2,gripper_l_finger1,-0.402071,0.358532,-0.000003,-0.402032,0.358543,-0.000000,-0.402032,0.358543,-0.000000,0.000040,0.000040,0.000042,1
446,8.920000,3,gripper_l_finger2,-0.402071,0.358532,0.000003,-0.402032,0.358543,-0.000000,-0.402032,0.358543,-0.000000,0.000040,0.000040,0.000042,0
446,8.920000,4,gripper_r_palm,0.402071,0.378532,0.000000,0.402032,0.378543,-0.000000,0.402032,0.378543,-0.000000,0.000040,0.000040,0.000043,6
446,8.920000,5,gripper_r_finger1,0.402071,0.358532,-0.000005,0.402032,0.358543,-0.000000,0.402032,0.358543,-0.000000,0.000040,0.000040,0.000043,5
446,8.920000,6,gripper_r_finger2,0.402071,0.358532,0.000005,0.402032,0.358543,-0.000000,0.402032,0.358543,-0.000000,0.000040,0.000040,0.000043,4
447,8.940000,0,base,0.000000,0.150000,0.000000,0.000000,0.150000,0.000000,0.000000,0.150000,0.000000,0.000000,0.000000,0.000000,0
447,8.940000,1,gripper_l_palm,-0.401358,0.378717,0.000000,-0.401319,0.378727,-0.000000,-0.401319,0.378727,-0.000000,0.000040,0.000040,0.000043,2
447,8.940000,2,gripper_l_finger1,-0.401358,0.358717,-0.000007,-0.401319,0.358727,-0.000000,-0.401319,0.358727,-0.000000,0.000041,0.000041,0.000043,1
447,8.940000,3,gripper_l_finger2,-0.401358,0.358717,0.000007,-0.401319,0.358727,-0.000000,-0.401319,0.358727,-0.000000,0.000041,0.000041,0.000043,0
447,8.940000,4,gripper_r_palm,0.401358,0.378717,0.000000,0.401319,0.378727,-0.000000,0.401319,0.378727,-0.000000,0.000040,0.000040,0.000043,6
447,8.940000,5,gripper_r_finger1,0.401358,0.358717,-0.000005,0.401319,0.358727,-0.000000,0.401319,0.358727,-0.000000,0.000041,0.000041,0.000043,5
447,8.940000,6,gripper_r_finger2,0.401358,0.358717,0.000005,0.401319,0.358727,-0.000000,0.401319,0.358727,-0.000000,0.000041,0.000041,0.000043,4
448,8.960000,0,base,0.000000,0.150000,0.000000,0.000000,0.150000,0.000000,0.000000,0.150000,0.000000,0.000000,0.000000,0.000000,0
448,8.960000,1,gripper_l_palm,-0.400641,0.378902,0.000000,-0.400602,0.378913,-0.000000,-0.400602,0.378913,-0.000000,0.000040,0.000040,0.000043,2
448,8.960000,2,gripper_l_finger1,-0.400641,0.358902,-0.000004,-0.400602,0.358913,-0.000000,-0.400602,0.358913,-0.000000,0.000041,0.000041,0.000043,1
448,8.960000,3,gripper_l_finger2,-0.400641,0.358902,0.000004,-0.400602,0.358913,-0.000000,-0.400602,0.358913,-0.000000,0.000041,0.000041,0.000043,0
448,8.960000,4,gripper_r_palm,0.400641,0.378902,0.000000,0.400602,0.378913,-0.000000,0.400602,0.378913,-0.000000,0.000040,0.000040,0.000043,6
448,8.960000,5,gripper_r_finger1,0.400641,0.358902,-0.000004,0.400602,0.358913,-0.000000,0.400602,0.358913,-0.000000,0.000041,0.000041,0.000043,5
448,8.960000,6,gripper_r_finger2,0.400641,0.358902,0.000004,0.400602,0.358913,-0.000000,0.400602,0.358913,-0.000000,0.000041,0.000041,0.000043,4
449,8.980000,0,base,0.000000,0.150000,0.000000,0.000000,0.150000,0.000000,0.000000,0.150000,0.000000,0.000000,0.000000,0.000000,0
449,8.980000,1,gripper_l_palm,-0.399922,0.379088,0.000000,-0.399883,0.379099,-0.000000,-0.399883,0.379099,-0.000000,0.000041,0.000041,0.000044,2
449,8.980000,2,gripper_l_finger1,-0.399922,0.359088,-0.000003,-0.399883,0.359099,-0.000000,-0.399883,0.359099,-0.000000,0.000041,0.000041,0.000043,1
449,8.980000,3,gripper_l_finger2,-0.399922,0.359088,0.000003,-0.399883,0.359099,-0.000000,-0.399883,0.359099,-0.000000,0.000041,0.000041,0.000043,0
449,8.980000,4,gripper_r_palm,0.399922,0.379088,0.000000,0.399883,0.379099,-0.000000,0.399883,0.379099,-0.000000,0.000041,0.000041,0.000044,6
449,8.980000,5,gripper_r_finger1,0.399922,0.359088,-0.000003,0.399883,0.359099,-0.000000,0.399883,0.359099,-0.000000,0.000041,0.000041,0.000043,5
449,8.980000,6,gripper_r_finger2,0.399922,0.359088,0.000003,0.399883,0.359099,-0.000000,0.399883,0.359099,-0.000000,0.000041,0.000041,0.000043,4
450,9.000000,0,base,0.000000,0.150000,0.000000,0.000000,0.150000,0.000000,0.000000,0.150000,0.000000,0.000000,0.000000,0.000000,0
450,9.000000,1,gripper_l_palm,-0.399200,0.379275,0.000000,-0.399160,0.379286,-0.000000,-0.399160,0.379286,-0.000000,0.000041,0.000041,0.000044,2
450,9.000000,2,gripper_l_finger1,-0.399200,0.359275,-0.000004,-0.399160,0.359286,-0.000000,-0.399160,0.359286,-0.000000,0.000041,0.000041,0.000043,1
450,9.000000,3,gripper_l_finger2,-0.399200,0.359275,0.000004,-0.399160,0.359286,-0.000000,-0.399160,0.359286,-0.000000,0.000041,0.000041,0.000043,0
450,9.000000,4,gripper_r_palm,0.399200,0.379275,0.000000,0.399160,0.379286,-0.000000,0.399160,0.379286,-0.000000,0.000041,0.000041,0.000044,6
450,9.000000,5,gripper_r_finger1,0.399200,0.359275,-0.000002,0.399160,0.359286,-0.000000,0.399160,0.359286,-0.000000,0.000041,0.000041,0.000043,5
450,9.000000,6,gripper_r_finger2,0.399200,0.359275,0.000002,0.399160,0.359286,-0.000000,0.399160,0.359286,-0.000000,0.000041,0.000041,0.000043,4
451,9.020000,0,base,0.000000,0.150000,0.000000,0.000000,0.150000,0.000000,0.000000,0.150000,0.000000,0.000000,0.000000,0.000000,0
451,9.020000,1,gripper_l_palm,-0.398475,0.379463,0.000000,-0.398435,0.379473,-0.000000,-0.398435,0.379473,-0.000000,0.000041,0.000041,0.000044,2
451,9.020000,2,gripper_l_finger1,-0.398475,0.359463,-0.000002,-0.398435,0.359473,-0.000000,-0.398435,0.359473,-0.000000,0.000041,0.000041,0.000043,1
451,9.020000,3,gripper_l_finger2,-0.398475,0.359463,0.000002,-0.398435,0.359473,-0.000000,-0.398435,0.359473,-0.000000,0.000041,0.000041,0.000043,0
451,9.020000,4,gripper_r_palm,0.398475,0.379463,0.000000,0.398435,0.379473,-0.000000,0.398435,0.379473,-0.000000,0.000041,0.000041,0.000044,6
451,9.020000,5,gripper_r_finger1,0.398475,0.359463,-0.000001,0.398435,0.359473,-0.000000,0.398435,0.359473,-0.000000,0.000041,0.000041,0.000043,5
451,9.020000,6,gripper_r_finger2,0.398475,0.359463,0.000001,0.398435,0.359473,-0.000000,0.398435,0.359473,-0.000000,0.000041,0.000041,0.000043,4
452,9.040000,0,base,0.000000,0.150000,0.000000,0.000000,0.150000,0.000000,0.000000,0.150000,0.000000,0.000000,0.000000,0.000000,0
452,9.040000,1,gripper_l_palm,-0.397747,0.379651,0.000000,-0.397707,0.379661,-0.000000,-0.397707,0.379661,-0.000000,0.000041,0.000041,0.000044,2
452,9.040000,2,gripper_l_finger1,-0.397747,0.359651,-0.000001,-0.397707,0.359661,-0.000000,-0.397707,0.359661,-0.000000,0.000041,0.000041,0.000043,1
452,9.040000,3,gripper_l_finger2,-0.397747,0.359651,0.000001,-0.397707,0.359661,-0.000000,-0.397707,0.359661,-0.000000,0.000041,0.000041,0.000043,0
452,9.040000,4,gripper_r_palm,0.397747,0.379651,0.000000,0.397707,0.379661,-0.000000,0.397707,0.379661,-0.000000,0.000041,0.000041,0.000044,6
452,9.040000,5,gripper_r_finger1,0.397747,0.359651,-0.000001,0.397707,0.359661,-0.000000,0.397707,0.359661,-0.000000,0.000041,0.000041,0.000043,5
452,9.040000,6,gripper_r_finger2,0.397747,0.359651,0.000001,0.397707,0.359661,-0.000000,0.397707,0.359661,-0.000000,0.000041,0.000041,0.000043,4
453,9.060000,0,base,0.000000,0.150000,0.000000,0.000000,0.150000,0.000000,0.000000,0.150000,0.000000,0.000000,0.000000,0.000000,0
453,9.060000,1,gripper_l_palm,-0.397016,0.379840,0.000000,-0.396976,0.379850,-0.000000,-0.396976,0.379850,-0.000000,0.000041,0.000041,0.000044,2
453,9.060000,2,gripper_l_finger1,-0.397016,0.359840,-0.000002,-0.396976,0.359850,-0.000000,-0.396976,0.359850,-0.000000,0.000041,0.000041,0.000044,1
453,9.060000,3,gripper_l_finger2,-0.397016,0.359840,0.000002,-0.396976,0.359850,-0.000000,-0.396976,0.359850,-0.000000,0.000041,0.000041,0.000044,0
453,9.060000,4,gripper_r_palm,0.397016,0.379840,0.000000,0.396976,0.379850,-0.000000,0.396976,0.379850,-0.000000,0.000041,0.000041,0.000044,6
453,9.060000,5,gripper_r_finger1,0.397016,0.359840,-0.000000,0.396976,0.359850,-0.000000,0.396976,0.359850,-0.000000,0.000041,0.000041,0.000043,5
453,9.060000,6,gripper_r_finger2,0.397016,0.359840,0.000000,0.396976,0.359850,-0.000000,0.396976,0.359850,-0.000000,0.000041,0.000041,0.000043,4
454,9.080000,0,base,0.000000,0.150000,0.000000,0.000000,0.150000,0.000000,0.000000,0.150000,0.000000,0.000000,0.000000,0.000000,0
454,9.080000,1,gripper_l_palm,-0.396283,0.380030,0.000000,-0.396243,0.380040,-0.000000,-0.396243,0.380040,-0.000000,0.000041,0.000041,0.000044,2
454,9.080000,2,gripper_l_finger1,-0.396283,0.360030,-0.000002,-0.396243,0.360040,-0.000000,-0.396243,0.360040,-0.000000,0.000041,0.000041,0.000044,1
454,9.080000,3,gripper_l_finger2,-0.396283,0.360030,0.000002,-0.396243,0.360040,-0.000000,-0.396243,0.360040,-0.000000,0.000041,0.000041,0.000044,0
454,9.080000,4,gripper_r_palm,0.396283,0.380030,0.000000,0.396243,0.380040,-0.000000,0.396243,0.380040,-0.000000,0.000041,0.000041,0.000044,6
454,9.080000,5,gripper_r_finger1,0.396283,0.360030,0.000000,0.396243,0.360040,-0.000000,0.396243,0.360040,-0.000000,0.000041,0.000041,0.000044,5
454,9.080000,6,gripper_r_finger2,0.396283,0.360030,-0.000000,0.396243,0.360040,-0.000000,0.396243,0.360040,-0.000000,0.000041,0.000041,0.000044,4
455,9.100000,0,base,0.000000,0.150000,0.000000,0.000000,0.150000,0.000000,0.000000,0.150000,0.000000,0.000000,0.000000,0.000000,0
455,9.100000,1,gripper_l_palm,-0.395546,0.380220,0.000000,-0.395506,0.380231,-0.000000,-0.395506,0.380231,-0.000000,0.000042,0.000042,0.000045,2
455,9.100000,2,gripper_l_finger1,-0.395546,0.360220,-0.000000,-0.395506,0.360231,-0.000000,-0.395506,0.360231,-0.000000,0.000042,0.000042,0.000044,1
455,9.100000,3,gripper_l_finger2,-0.395546,0.360220,0.000000,-0.395506,0.360231,-0.000000,-0.395506,0.360231,-0.000000,0.000042,0.000042,0.000044,0
455,9.100000,4,gripper_r_palm,0.395546,0.380220,0.000000,0.395506,0.380231,-0.000000,0.395506,0.380231,-0.000000,0.000042,0.000042,0.000045,6
455,9.100000,5,gripper_r_finger1,0.395546,0.360220,0.000000,0.395506,0.360231,-0.000000,0.395506,0.360231,-0.000000,0.000042,0.000042,0.000044,5
455,9.100000,6,gripper_r_finger2,0.395546,0.360220,-0.000000,0.395506,0.360231,-0.000000,0.395506,0.360231,-0.000000,0.000042,0.000042,0.000044,4
456,9.120000,0,base,0.000000,0.150000,0.000000,0.000000,0.150000,0.000000,0.000000,0.150000,0.000000,0.000000,0.000000,0.000000,0
456,9.120000,1,gripper_l_palm,-0.394808,0.380411,0.000000,-0.394767,0.380422,-0.000000,-0.394767,0.380422,-0.000000,0.000042,0.000042,0.000045,2
456,9.120000,2,gripper_l_finger1,-0.394808,0.360411,-0.000000,-0.394767,0.360422,-0.000000,-0.394767,0.360422,-0.000000,0.000042,0.000042,0.000044,1
456,9.120000,3,gripper_l_finger2,-0.394808,0.360411,0.000000,-0.394767,0.360422,-0.000000,-0.394767,0.360422,-0.000000,0.000042,0.000042,0.000044,0
456,9.120000,4,gripper_r_palm,0.394808,0.380411,0.000000,0.394767,0.380422,-0.000000,0.394767,0.380422,-0.000000,0.000042,0.000042,0.000045,6
456,9.120000,5,gripper_r_finger1,0.394808,0.360411,-0.000000,0.394767,0.360422,-0.000000,0.394767,0.360422,-0.000000,0.000042,0.000042,0.000044,5
456,9.120000,6,gripper_r_finger2,0.394808,0.360411,0.000000,0.394767,0.360422,-0.000000,0.394767,0.360422,-0.000000,0.000042,0.000042,0.000044,4
457,9.140000,0,base,0.000000,0.150000,0.000000,0.000000,0.150000,0.000000,0.000000,0.150000,0.000000,0.000000,0.000000,0.000000,0
457,9.140000,1,gripper_l_palm,-0.394066,0.380603,0.000000,-0.394025,0.380613,-0.000000,-0.394025,0.380613,-0.000000,0.000042,0.000042,0.000045,2
457,9.140000,2,gripper_l_finger1,-0.394066,0.360603,-0.000001,-0.394025,0.360613,-0.000000,-0.394025,0.360613,-0.000000,0.000042,0.000042,0.000044,1
457,9.140000,3,gripper_l_finger2,-0.394066,0.360603,0.000001,-0.394025,0.360613,-0.000000,-0.394025,0.360613,-0.000000,0.000042,0.000042,0.000044,0
457,9.140000,4,gripper_r_palm,0.394066,0.380603,0.000000,0.394025,0.380613,-0.000000,0.394025,0.380613,-0.000000,0.000042,0.000042,0.000045,6
457,9.140000,5,gripper_r_finger1,0.394066,0.360603,-0.000000,0.394025,0.360613,-0.000000,0.394025,0.360613,-0.000000,0.000042,0.000042,0.000044,5
457,9.140000,6,gripper_r_finger2,0.394066,0.360603,0.000000,0.394025,0.360613,-0.000000,0.394025,0.360613,-0.000000,0.000042,0.000042,0.000044,4
458,9.160000,0,base,0.000000,0.150000,0.000000,0.000000,0.150000,0.000000,0.000000,0.150000,0.000000,0.000000,0.000000,0.000000,0
458,9.160000,1,gripper_l_palm,-0.393322,0.380795,0.000000,-0.393281,0.380806,-0.000000,-0.393281,0.380806,-0.000000,0.000042,0.000042,0.000045,2
458,9.160000,2,gripper_l_finger1,-0.393322,0.360795,-0.000001,-0.393281,0.360806,-0.000000,-0.393281,0.360806,-0.000000,0.000042,0.000042,0.000044,1
458,9.160000,3,gripper_l_finger2,-0.393322,0.360795,0.000001,-0.393281,0.360806,-0.000000,-0.393281,0.360806,-0.000000,0.000042,0.000042,0.000044,0
458,9.160000,4,gripper_r_palm,0.393322,0.380795,0.000000,0.393281,0.380806,-0.000000,0.393281,0.380806,-0.000000,0.000042,0.000042,0.000045,6
458,9.160000,5,gripper_r_finger1,0.393322,0.360795,-0.000000,0.393281,0.360806,-0.000000,0.393281,0.360806,-0.000000,0.000042,0.000042,0.000044,5
458,9.160000,6,gripper_r_finger2,0.393322,0.360795,0.000000,0.393281,0.360806,-0.000000,0.393281,0.360806,-0.000000,0.000042,0.000042,0.000044,4
459,9.180000,0,base,0.000000,0.150000,0.000000,0.000000,0.150000,0.000000,0.000000,0.150000,0.000000,0.000000,0.000000,0.000000,0
459,9.180000,1,gripper_l_palm,-0.392575,0.380988,0.000000,-0.392534,0.380999,-0.000000,-0.392534,0.380999,-0.000000,0.000042,0.000042,0.000045,2
459,9.180000,2,gripper_l_finger1,-0.392575,0.360988,-0.000000,-0.392534,0.360999,-0.000000,-0.392534,0.360999,-0.000000,0.000042,0.000042,0.000044,1
459,9.180000,3,gripper_l_finger2,-0.392575,0.360988,0.000000,-0.392534,0.360999,-0.000000,-0.392534,0.360999,-0.000000,0.000042,0.000042,0.000044,0
459,9.180000,4,gripper_r_palm,0.392575,0.380988,0.000000,0.392534,0.380999,-0.000000,0.392534,0.380999,-0.000000,0.000042,0.000042,0.000045,6
459,9.180000,5,gripper_r_finger1,0.392575,0.360988,-0.000000,0.392534,0.360999,-0.000000,0.392534,0.360999,-0.000000,0.000042,0.000042,0.000044,5
459,9.180000,6,gripper_r_finger2,0.392575,0.360988,0.000000,0.392534,0.360999,-0.000000,0.392534,0.360999,-0.000000,0.000042,0.000042,0.000044,4
460,9.200000,0,base,0.000000,0.150000,0.000000,0.000000,0.150000,0.000000,0.000000,0.150000,0.000000,0.000000,0.000000,0.000000,0
460,9.200000,1,gripper_l_palm,-0.391825,0.381182,0.000000,-0.391784,0.381193,-0.000000,-0.391784,0.381193,-0.000000,0.000042,0.000042,0.000045,2
460,9.200000,2,gripper_l_finger1,-0.391825,0.361182,-0.000000,-0.391784,0.361193,-0.000000,-0.391784,0.361193,-0.000000,0.000042,0.000042,0.000045,1
460,9.200000,3,gripper_l_finger2,-0.391825,0.361182,0.000000,-0.391784,0.361193,-0.000000,-0.391784,0.361193,-0.000000,0.000042,0.000042,0.000045,0
460,9.200000,4,gripper_r_palm,0.391825,0.381182,0.000000,0.391784,0.381193,-0.000000,0.391784,0.381193,-0.000000,0.000042,0.000042,0.000045,6
460,9.200000,5,gripper_r_finger1,0.391825,0.361182,-0.000000,0.391784,0.361193,-0.000000,0.391784,0.361193,-0.000000,0.000042,0.000042,0.000045,5
460,9.200000,6,gripper_r_finger2,0.391825,0.361182,0.000000,0.391784,0.361193,-0.000000,0.391784,0.361193,-0.000000,0.000042,0.000042,0.000045,4
461,9.220000,0,base,0.000000,0.150000,0.000000,0.000000,0.150000,0.000000,0.000000,0.150000,0.000000,0.000000,0.000000,0.000000,0
461,9.220000,1,gripper_l_palm,-0.391073,0.381377,0.000000,-0.391032,0.381388,-0.000000,-0.391032,0.381388,-0.000000,0.000042,0.000042,0.000045,2
461,9.220000,2,gripper_l_finger1,-0.391073,0.361377,-0.000000,-0.391032,0.361388,-0.000000,-0.391032,0.361388,-0.000000,0.000042,0.000042,0.000045,1
461,9.220000,3,gripper_l_finger2,-0.391073,0.361377,0.000000,-0.391032,0.361388,-0.000000,-0.391032,0.361388,-0.000000,0.000042,0.000042,0.000045,0
461,9.220000,4,gripper_r_palm,0.391073,0.381377,0.000000,0.391032,0.381388,-0.000000,0.391032,0.381388,-0.000000,0.000042,0.000042,0.000046,6
461,9.220000,5,gripper_r_finger1,0.391073,0.361377,-0.000000,0.391032,0.361388,-0.000000,0.391032,0.361388,-0.000000,0.000042,0.000042,0.000045,5
461,9.220000,6,gripper_r_finger2,0.391073,0.361377,0.000000,0.391032,0.361388,-0.000000,0.391032,0.361388,-0.000000,0.000042,0.000042,0.000045,4
462,9.240000,0,base,0.000000,0.150000,0.000000,0.000000,0.150000,0.000000,0.000000,0.150000,0.000000,0.000000,0.000000,0.000000,0
462,9.240000,1,gripper_l_palm,-0.390319,0.381572,0.000000,-0.390277,0.381583,-0.000000,-0.390277,0.381583,-0.000000,0.000043,0.000043,0.000046,2
462,9.240000,2,gripper_l_finger1,-0.390318,0.361572,-0.000000,-0.390277,0.361583,-0.000000,-0.390277,0.361583,-0.000000,0.000042,0.000042,0.000045,1
462,9.240000,3,gripper_l_finger2,-0.390318,0.361572,0.000000,-0.390277,0.361583,-0.000000,-0.390277,0.361583,-0.000000,0.000042,0.000042,0.000045,0
462,9.240000,4,gripper_r_palm,0.390319,0.381572,0.000000,0.390277,0.381583,-0.000000,0.390277,0.381583,-0.000000,0.000043,0.000043,0.000046,6
462,9.240000,5,gripper_r_finger1,0.390318,0.361572,-0.000000,0.390277,0.361583,-0.000000,0.390277,0.361583,-0.000000,0.000043,0.000043,0.000045,5
462,9.240000,6,gripper_r_finger2,0.390318,0.361572,0.000000,0.390277,0.361583,-0.000000,0.390277,0.361583,-0.000000,0.000043,0.000043,0.000045,4
463,9.260000,0,base,0.000000,0.150000,0.000000,0.000000,0.150000,0.000000,0.000000,0.150000,0.000000,0.000000,0.000000,0.000000,0
463,9.260000,1,gripper_l_palm,-0.389561,0.381768,0.000000,-0.389520,0.381779,-0.000000,-0.389520,0.381779,-0.000000,0.000043,0.000043,0.000046,2
463,9.260000,2,gripper_l_finger1,-0.389561,0.361768,-0.000000,-0.389520,0.361779,-0.000000,-0.389520,0.361779,-0.000000,0.000043,0.000043,0.000045,1
463,9.260000,3,gripper_l_finger2,-0.389561,0.361768,0.000000,-0.389520,0.361779,-0.000000,-0.389520,0.361779,-0.000000,0.000043,0.000043,0.000045,0
463,9.260000,4,gripper_r_palm,0.389561,0.381768,0.000000,0.389520,0.381779,-0.000000,0.389520,0.381779,-0.000000,0.000043,0.000043,0.000046,6
463,9.260000,5,gripper_r_finger1,0.389561,0.361768,-0.000000,0.389520,0.361779,-0.000000,0.389520,0.361779,-0.000000,0.000043,0.000043,0.000045,5
463,9.260000,6,gripper_r_finger2,0.389561,0.361768,0.000000,0.389520,0.361779,-0.000000,0.389520,0.361779,-0.000000,0.000043,0.000043,0.000045,4
464,9.280000,0,base,0.000000,0.150000,0.000000,0.000000,0.150000,0.000000,0.000000,0.150000,0.000000,0.000000,0.000000,0.000000,0
464,9.280000,1,gripper_l_palm,-0.388802,0.381964,0.000000,-0.388760,0.381975,-0.000000,-0.388760,0.381975,-0.000000,0.000043,0.000043,0.000046,2
464,9.280000,2,gripper_l_finger1,-0.388802,0.361964,-0.000000,-0.388760,0.361975,-0.000000,-0.388760,0.361975,-0.000000,0.000043,0.000043,0.000045,1
464,9.280000,3,gripper_l_finger2,-0.388802,0.361964,0.000000,-0.388760,0.361975,-0.000000,-0.388760,0.361975,-0.000000,0.000043,0.000043,0.000045,0
464,9.280000,4,gripper_r_palm,0.388802,0.381964,0.000000,0.388760,0.381975,-0.000000,0.388760,0.381975,-0.000000,0.000043,0.000043,0.000046,6
464,9.280000,5,gripper_r_finger1,0.388802,0.361964,0.000000,0.388760,0.361975,-0.000000,0.388760,0.361975,-0.000000,0.000043,0.000043,0.000045,5
464,9.280000,6,gripper_r_finger2,0.388802,0.361964,-0.000000,0.388760,0.361975,-0.000000,0.388760,0.361975,-0.000000,0.000043,0.000043,0.000045,4
465,9.300000,0,base,0.000000,0.150000,0.000000,0.000000,0.150000,0.000000,0.000000,0.150000,0.000000,0.000000,0.000000,0.000000,0
465,9.300000,1,gripper_l_palm,-0.388040,0.382161,0.000000,-0.387998,0.382172,-0.000000,-0.387998,0.382172,-0.000000,0.000043,0.000043,0.000046,2
465,9.300000,2,gripper_l_finger1,-0.388040,0.362161,-0.000000,-0.387998,0.362172,-0.000000,-0.387998,0.362172,-0.000000,0.000043,0.000043,0.000045,1
465,9.300000,3,gripper_l_finger2,-0.388040,0.362161,0.000000,-0.387998,0.362172,-0.000000,-0.387998,0.362172,-0.000000,0.000043,0.000043,0.000045,0
465,9.300000,4,gripper_r_palm,0.388040,0.382161,0.000000,0.387998,0.382172,-0.000000,0.387998,0.382172,-0.000000,0.000043,0.000043,0.000046,6
465,9.300000,5,gripper_r_finger1,0.388040,0.362161,0.000000,0.387998,0.362172,-0.000000,0.387998,0.362172,-0.000000,0.000043,0.000043,0.000045,5
465,9.300000,6,gripper_r_finger2,0.388040,0.362161,-0.000000,0.387998,0.362172,-0.000000,0.387998,0.362172,-0.000000,0.000043,0.000043,0.000045,4
466,9.320000,0,base,0.000000,0.150000,0.000000,0.000000,0.150000,0.000000,0.000000,0.150000,0.000000,0.000000,0.000000,0.000000,0
466,9.320000,1,gripper_l_palm,-0.387275,0.382359,0.000000,-0.387233,0.382370,-0.000000,-0.387233,0.382370,-0.000000,0.000043,0.000043,0.000046,2
466,9.320000,2,gripper_l_finger1,-0.387275,0.362359,0.000004,-0.387233,0.362370,-0.000000,-0.387233,0.362370,-0.000000,0.000043,0.000043,0.000046,1
466,9.320000,3,gripper_l_finger2,-0.387275,0.362359,-0.000004,-0.387233,0.362370,-0.000000,-0.387233,0.362370,-0.000000,0.000043,0.000043,0.000046,0
466,9.320000,4,gripper_r_palm,0.387275,0.382359,0.000000,0.387233,0.382370,-0.000000,0.387233,0.382370,-0.000000,0.000043,0.000043,0.000046,6
466,9.320000,5,gripper_r_finger1,0.387275,0.362359,-0.000000,0.387233,0.362370,-0.000000,0.387233,0.362370,-0.000000,0.000043,0.000043,0.000045,5
466,9.320000,6,gripper_r_finger2,0.387275,0.362359,0.000000,0.387233,0.362370,-0.000000,0.387233,0.362370,-0.000000,0.000043,0.000043,0.000045,4
467,9.340000,0,base,0.000000,0.150000,0.000000,0.000000,0.150000,0.000000,0.000000,0.150000,0.000000,0.000000,0.000000,0.000000,0
467,9.340000,1,gripper_l_palm,-0.386508,0.382558,0.000000,-0.386466,0.382568,-0.000000,-0.386466,0.382568,-0.000000,0.000043,0.000043,0.000046,2
467,9.340000,2,gripper_l_finger1,-0.386508,0.362558,0.000005,-0.386466,0.362568,-0.000000,-0.386466,0.362568,-0.000000,0.000044,0.000044,0.000046,1
467,9.340000,3,gripper_l_finger2,-0.386508,0.362558,-0.000005,-0.386466,0.362568,-0.000000,-0.386466,0.362568,-0.000000,0.000044,0.000044,0.000046,0
467,9.340000,4,gripper_r_palm,0.386508,0.382558,0.000000,0.386466,0.382569,-0.000000,0.386466,0.382569,-0.000000,0.000043,0.000043,0.000046,6
467,9.340000,5,gripper_r_finger1,0.386508,0.362558,0.000005,0.386466,0.362569,-0.000000,0.386466,0.362569,-0.000000,0.000043,0.000043,0.000046,5
467,9.340000,6,gripper_r_finger2,0.386508,0.362558,-0.000005,0.386466,0.362569,-0.000000,0.386466,0.362569,-0.000000,0.000043,0.000043,0.000046,4
468,9.360000,0,base,0.000000,0.150000,0.000000,0.000000,0.150000,0.000000,0.000000,0.150000,0.000000,0.000000,0.000000,0.000000,0
468,9.360000,1,gripper_l_palm,-0.385739,0.382756,0.000000,-0.385697,0.382767,-0.000000,-0.385697,0.382767,-0.000000,0.000043,0.000043,0.000047,2
468,9.360000,2,gripper_l_finger1,-0.385739,0.362756,0.000001,-0.385697,0.362767,-0.000000,-0.385697,0.362767,-0.000000,0.000043,0.000043,0.000046,1
468,9.360000,3,gripper_l_finger2,-0.385739,0.362756,-0.000001,-0.385697,0.362767,-0.000000,-0.385697,0.362767,-0.000000,0.000043,0.000043,0.000046,0
468,9.360000,4,gripper_r_palm,0.385739,0.382757,0.000000,0.385697,0.382767,-0.000000,0.385697,0.382767,-0.000000,0.000043,0.000043,0.000046,6
468,9.360000,5,gripper_r_finger1,0.385739,0.362757,0.000004,0.385697,0.362767,-0.000000,0.385697,0.362767,-0.000000,0.000044,0.000044,0.000046,5
468,9.360000,6,gripper_r_finger2,0.385739,0.362757,-0.000004,0.385697,0.362767,-0.000000,0.385697,0.362767,-0.000000,0.000044,0.000044,0.000046,4
469,9.380000,0,base,0.000000,0.150000,0.000000,0.000000,0.150000,0.000000,0.000000,0.150000,0.000000,0.000000,0.000000,0.000000,0
469,9.380000,1,gripper_l_palm,-0.384967,0.382956,0.000000,-0.384925,0.382967,-0.000000,-0.384925,0.382967,-0.000000,0.000043,0.000043,0.000047,2
469,9.380000,2,gripper_l_finger1,-0.384967,0.362956,-0.000002,-0.384925,0.362967,-0.000000,-0.384925,0.362967,-0.000000,0.000044,0.000044,0.000046,1
469,9.380000,3,gripper_l_finger2,-0.384967,0.362956,0.000002,-0.384925,0.362967,-0.000000,-0.384925,0.362967,-0.000000,0.000044,0.000044,0.000046,0
469,9.380000,4,gripper_r_palm,0.384967,0.382956,0.000000,0.384925,0.382967,-0.000000,0.384925,0.382967,-0.000000,0.000043,0.000043,0.000047,6
469,9.380000,5,gripper_r_finger1,0.384967,0.362956,-0.000001,0.384925,0.362967,-0.000000,0.384925,0.362967,-0.000000,0.000043,0.000043,0.000046,5
469,9.380000,6,gripper_r_finger2,0.384967,0.362956,0.000001,0.384925,0.362967,-0.000000,0.384925,0.362967,-0.000000,0.000043,0.000043,0.000046,4
470,9.400000,0,base,0.000000,0.150000,0.000000,0.000000,0.150000,0.000000,0.000000,0.150000,0.000000,0.000000,0.000000,0.000000,0
470,9.400000,1,gripper_l_palm,-0.384193,0.383156,0.000000,-0.384151,0.383167,-0.000000,-0.384151,0.383167,-0.000000,0.000044,0.000044,0.000047,2
470,9.400000,2,gripper_l_finger1,-0.384193,0.363156,-0.000002,-0.384151,0.363167,-0.000000,-0.384151,0.363167,-0.000000,0.000044,0.000044,0.000046,1
470,9.400000,3,gripper_l_finger2,-0.384193,0.363156,0.000002,-0.384151,0.363167,-0.000000,-0.384151,0.363167,-0.000000,0.000044,0.000044,0.000046,0
470,9.400000,4,gripper_r_palm,0.384193,0.383156,0.000000,0.384151,0.383167,-0.000000,0.384151,0.383167,-0.000000,0.000044,0.000044,0.000047,6
470,9.400000,5,gripper_r_finger1,0.384193,0.363156,-0.000002,0.384151,0.363167,-0.000000,0.384151,0.363167,-0.000000,0.000044,0.000044,0.000046,5
470,9.400000,6,gripper_r_finger2,0.384193,0.363156,0.000002,0.384151,0.363167,-0.000000,0.384151,0.363167,-0.000000,0.000044,0.000044,0.000046,4
471,9.420000,0,base,0.000000,0.150000,0.000000,0.000000,0.150000,0.000000,0.000000,0.150000,0.000000,0.000000,0.000000,0.000000,0
471,9.420000,1,gripper_l_palm,-0.383417,0.383357,0.000000,-0.383375,0.383368,-0.000000,-0.383375,0.383368,-0.000000,0.000044,0.000044,0.000047,2
471,9.420000,2,gripper_l_finger1,-0.383417,0.363357,-0.000001,-0.383374,0.363368,-0.000000,-0.383374,0.363368,-0.000000,0.000044,0.000044,0.000046,1
471,9.420000,3,gripper_l_finger2,-0.383417,0.363357,0.000001,-0.383374,0.363368,-0.000000,-0.383374,0.363368,-0.000000,0.000044,0.000044,0.000046,0
471,9.420000,4,gripper_r_palm,0.383417,0.383357,0.000000,0.383375,0.383368,-0.000000,0.383375,0.383368,-0.000000,0.000044,0.000044,0.000047,6
471,9.420000,5,gripper_r_finger1,0.383417,0.363357,-0.000001,0.383374,0.363368,-0.000000,0.383374,0.363368,-0.000000,0.000044,0.000044,0.000046,5
471,9.420000,6,gripper_r_finger2,0.383417,0.363357,0.000001,0.383374,0.363368,-0.000000,0.383374,0.363368,-0.000000,0.000044,0.000044,0.000046,4
472,9.440000,0,base,0.000000,0.150000,0.000000,0.000000,0.150000,0.000000,0.000000,0.150000,0.000000,0.000000,0.000000,0.000000,0
472,9.440000,1,gripper_l_palm,-0.382638,0.383558,0.000000,-0.382596,0.383569,-0.000000,-0.382596,0.383569,-0.000000,0.000044,0.000044,0.000047,2
472,9.440000,2,gripper_l_finger1,-0.382638,0.363558,-0.000000,-0.382596,0.363569,-0.000000,-0.382596,0.363569,-0.000000,0.000044,0.000044,0.000046,1
472,9.440000,3,gripper_l_finger2,-0.382638,0.363558,0.000000,-0.382596,0.363569,-0.000000,-0.382596,0.363569,-0.000000,0.000044,0.000044,0.000046,0
472,9.440000,4,gripper_r_palm,0.382638,0.383558,0.000000,0.382596,0.383569,-0.000000,0.382596,0.383569,-0.000000,0.000044,0.000044,0.000047,6
472,9.440000,5,gripper_r_finger1,0.382638,0.363558,-0.000001,0.382596,0.363569,-0.000000,0.382596,0.363569,-0.000000,0.000044,0.000044,0.000046,5
472,9.440000,6,gripper_r_finger2,0.382638,0.363558,0.000001,0.382596,0.363569,-0.000000,0.382596,0.363569,-0.000000,0.000044,0.000044,0.000046,4
473,9.460000,0,base,0.000000,0.150000,0.000000,0.000000,0.150000,0.000000,0.000000,0.150000,0.000000,0.000000,0.000000,0.000000,0
473,9.460000,1,gripper_l_palm,-0.381857,0.383760,0.000000,-0.381815,0.383771,-0.000000,-0.381815,0.383771,-0.000000,0.000044,0.000044,0.000047,2
473,9.460000,2,gripper_l_finger1,-0.381857,0.363760,-0.000000,-0.381815,0.363771,-0.000000,-0.381815,0.363771,-0.000000,0.000044,0.000044,0.000046,1
473,9.460000,3,gripper_l_finger2,-0.381857,0.363760,0.000000,-0.381815,0.363771,-0.000000,-0.381815,0.363771,-0.000000,0.000044,0.000044,0.000046,0
473,9.460000,4,gripper_r_palm,0.381857,0.383760,0.000000,0.381815,0.383771,-0.000000,0.381815,0.383771,-0.000000,0.000044,0.000044,0.000047,6
473,9.460000,5,gripper_r_finger1,0.381857,0.363760,-0.000001,0.381815,0.363771,-0.000000,0.381815,0.363771,-0.000000,0.000044,0.000044,0.000046,5
473,9.460000,6,gripper_r_finger2,0.381857,0.363760,0.000001,0.381815,0.363771,-0.000000,0.381815,0.363771,-0.000000,0.000044,0.000044,0.000046,4
474,9.480000,0,base,0.000000,0.150000,0.000000,0.000000,0.150000,0.000000,0.000000,0.150000,0.000000,0.000000,0.000000,0.000000,0
474,9.480000,1,gripper_l_palm,-0.381074,0.383963,0.000000,-0.381032,0.383974,-0.000000,-0.381032,0.383974,-0.000000,0.000044,0.000044,0.000047,2
474,9.480000,2,gripper_l_finger1,-0.381074,0.363963,-0.000001,-0.381032,0.363974,-0.000000,-0.381032,0.363974,-0.000000,0.000044,0.000044,0.000046,1
474,9.480000,3,gripper_l_finger2,-0.381074,0.363963,0.000001,-0.381032,0.363974,-0.000000,-0.381032,0.363974,-0.000000,0.000044,0.000044,0.000046,0
474,9.480000,4,gripper_r_palm,0.381074,0.383963,0.000000,0.381032,0.383974,-0.000000,0.381032,0.383974,-0.000000,0.000044,0.000044,0.000047,6
474,9.480000,5,gripper_r_finger1,0.381074,0.363963,-0.000000,0.381032,0.363974,-0.000000,0.381032,0.363974,-0.000000,0.000044,0.000044,0.000046,5
474,9.480000,6,gripper_r_finger2,0.381074,0.363963,0.000000,0.381032,0.363974,-0.000000,0.381032,0.363974,-0.000000,0.000044,0.000044,0.000046,4
475,9.500000,0,base,0.000000,0.150000,0.000000,0.000000,0.150000,0.000000,0.000000,0.150000,0.000000,0.000000,0.000000,0.000000,0
475,9.500000,1,gripper_l_palm,-0.380289,0.384166,0.000000,-0.380246,0.384177,-0.000000,-0.380246,0.384177,-0.000000,0.000044,0.000044,0.000047,2
475,9.500000,2,gripper_l_finger1,-0.380289,0.364166,0.000000,-0.380246,0.364177,-0.000000,-0.380246,0.364177,-0.000000,0.000044,0.000044,0.000047,1
475,9.500000,3,gripper_l_finger2,-0.380289,0.364166,-0.000000,-0.380246,0.364177,-0.000000,-0.380246,0.364177,-0.000000,0.000044,0.000044,0.000047,0
475,9.500000,4,gripper_r_palm,0.380289,0.384166,0.000000,0.380246,0.384177,-0.000000,0.380246,0.384177,-0.000000,0.000044,0.000044,0.000047,6
475,9.500000,5,gripper_r_finger1,0.380289,0.364166,-0.000000,0.380246,0.364177,-0.000000,0.380246,0.364177,-0.000000,0.000044,0.000044,0.000047,5
475,9.500000,6,gripper_r_finger2,0.380289,0.364166,0.000000,0.380246,0.364177,-0.000000,0.380246,0.364177,-0.000000,0.000044,0.000044,0.000047,4
476,9.520000,0,base,0.000000,0.150000,0.000000,0.000000,0.150000,0.000000,0.000000,0.150000,0.000000,0.000000,0.000000,0.000000,0
476,9.520000,1,gripper_l_palm,-0.379502,0.384369,0.000000,-0.379459,0.384381,-0.000000,-0.379459,0.384381,-0.000000,0.000044,0.000044,0.000048,2
476,9.520000,2,gripper_l_finger1,-0.379502,0.364369,0.000000,-0.379459,0.364381,-0.000000,-0.379459,0.364381,-0.000000,0.000044,0.000044,0.000047,1
476,9.520000,3,gripper_l_finger2,-0.379502,0.364369,-0.000000,-0.379459,0.364381,-0.000000,-0.379459,0.364381,-0.000000,0.000044,0.000044,0.000047,0
476,9.520000,4,gripper_r_palm,0.379502,0.384369,0.000000,0.379459,0.384381,-0.000000,0.379459,0.384381,-0.000000,0.000044,0.000044,0.000048,6
476,9.520000,5,gripper_r_finger1,0.379502,0.364369,-0.000000,0.379459,0.364381,-0.000000,0.379459,0.364381,-0.000000,0.000044,0.000044,0.000047,5
476,9.520000,6,gripper_r_finger2,0.379502,0.364369,0.000000,0.379459,0.364381,-0.000000,0.379459,0.364381,-0.000000,0.000044,0.000044,0.000047,4
477,9.540000,0,base,0.000000,0.150000,0.000000,0.000000,0.150000,0.000000,0.000000,0.150000,0.000000,0.000000,0.000000,0.000000,0
477,9.540000,1,gripper_l_palm,-0.378712,0.384574,0.000000,-0.378669,0.384585,-0.000000,-0.378669,0.384585,-0.000000,0.000044,0.000044,0.000048,2
477,9.540000,2,gripper_l_finger1,-0.378712,0.364574,-0.000001,-0.378669,0.364585,-0.000000,-0.378669,0.364585,-0.000000,0.000044,0.000044,0.000047,1
477,9.540000,3,gripper_l_finger2,-0.378712,0.364574,0.000001,-0.378669,0.364585,-0.000000,-0.378669,0.364585,-0.000000,0.000044,0.000044,0.000047,0
477,9.540000,4,gripper_r_palm,0.378712,0.384574,0.000000,0.378669,0.384585,-0.000000,0.378669,0.384585,-0.000000,0.000044,0.000044,0.000048,6
477,9.540000,5,gripper_r_finger1,0.378712,0.364574,-0.000000,0.378669,0.364585,-0.000000,0.378669,0.364585,-0.000000,0.000044,0.000044,0.000047,5
477,9.540000,6,gripper_r_finger2,0.378712,0.364574,0.000000,0.378669,0.364585,-0.000000,0.378669,0.364585,-0.000000,0.000044,0.000044,0.000047,4
478,9.560000,0,base,0.000000,0.150000,0.000000,0.000000,0.150000,0.000000,0.000000,0.150000,0.000000,0.000000,0.000000,0.000000,0
478,9.560000,1,gripper_l_palm,-0.377921,0.384778,0.000000,-0.377878,0.384790,-0.000000,-0.377878,0.384790,-0.000000,0.000045,0.000045,0.000048,2
478,9.560000,2,gripper_l_finger1,-0.377921,0.364778,-0.000001,-0.377877,0.364790,-0.000000,-0.377877,0.364790,-0.000000,0.000045,0.000045,0.000047,1
478,9.560000,3,gripper_l_finger2,-0.377921,0.364778,0.000001,-0.377877,0.364790,-0.000000,-0.377877,0.364790,-0.000000,0.000045,0.000045,0.000047,0
478,9.560000,4,gripper_r_palm,0.377921,0.384778,0.000000,0.377878,0.384790,-0.000000,0.377878,0.384790,-0.000000,0.000045,0.000045,0.000048,6
478,9.560000,5,gripper_r_finger1,0.377921,0.364778,-0.000000,0.377877,0.364790,-0.000000,0.377877,0.364790,-0.000000,0.000045,0.000045,0.000047,5
478,9.560000,6,gripper_r_finger2,0.377921,0.364778,0.000000,0.377877,0.364790,-0.000000,0.377877,0.364790,-0.000000,0.000045,0.000045,0.000047,4
479,9.580000,0,base,0.000000,0.150000,0.000000,0.000000,0.150000,0.000000,0.000000,0.150000,0.000000,0.000000,0.000000,0.000000,0
479,9.580000,1,gripper_l_palm,-0.377127,0.384984,0.000000,-0.377084,0.384995,-0.000000,-0.377084,0.384995,-0.000000,0.000045,0.000045,0.000048,2
479,9.580000,2,gripper_l_finger1,-0.377127,0.364984,-0.000000,-0.377084,0.364995,-0.000000,-0.377084,0.364995,-0.000000,0.000045,0.000045,0.000047,1
479,9.580000,3,gripper_l_finger2,-0.377127,0.364984,0.000000,-0.377084,0.364995,-0.000000,-0.377084,0.364995,-0.000000,0.000045,0.000045,0.000047,0
479,9.580000,4,gripper_r_palm,0.377127,0.384984,0.000000,0.377084,0.384995,-0.000000,0.377084,0.384995,-0.000000,0.000045,0.000045,0.000048,6
479,9.580000,5,gripper_r_finger1,0.377127,0.364984,-0.000000,0.377084,0.364995,-0.000000,0.377084,0.364995,-0.000000,0.000045,0.000045,0.000047,5
479,9.580000,6,gripper_r_finger2,0.377127,0.364984,0.000000,0.377084,0.364995,-0.000000,0.377084,0.364995,-0.000000,0.000045,0.000045,0.000047,4
480,9.600000,0,base,0.000000,0.150000,0.000000,0.000000,0.150000,0.000000,0.000000,0.150000,0.000000,0.000000,0.000000,0.000000,0
480,9.600000,1,gripper_l_palm,-0.376331,0.385189,0.000000,-0.376288,0.385201,-0.000000,-0.376288,0.385201,-0.000000,0.000045,0.000045,0.000048,2
480,9.600000,2,gripper_l_finger1,-0.376331,0.365189,-0.000000,-0.376288,0.365201,-0.000000,-0.376288,0.365201,-0.000000,0.000045,0.000045,0.000047,1
480,9.600000,3,gripper_l_finger2,-0.376331,0.365189,0.000000,-0.376288,0.365201,-0.000000,-0.376288,0.365201,-0.000000,0.000045,0.000045,0.000047,0
480,9.600000,4,gripper_r_palm,0.376331,0.385189,0.000000,0.376288,0.385201,-0.000000,0.376288,0.385201,-0.000000,0.000045,0.000045,0.000048,6
480,9.600000,5,gripper_r_finger1,0.376331,0.365189,-0.000000,0.376288,0.365201,-0.000000,0.376288,0.365201,-0.000000,0.000045,0.000045,0.000047,5
480,9.600000,6,gripper_r_finger2,0.376331,0.365189,0.000000,0.376288,0.365201,-0.000000,0.376288,0.365201,-0.000000,0.000045,0.000045,0.000047,4
481,9.620000,0,base,0.000000,0.150000,0.000000,0.000000,0.150000,0.000000,0.000000,0.150000,0.000000,0.000000,0.000000,0.000000,0
481,9.620000,1,gripper_l_palm,-0.375534,0.385396,0.000000,-0.375490,0.385407,-0.000000,-0.375490,0.385407,-0.000000,0.000045,0.000045,0.000048,2
481,9.620000,2,gripper_l_finger1,-0.375533,0.365396,-0.000000,-0.375490,0.365407,-0.000000,-0.375490,0.365407,-0.000000,0.000045,0.000045,0.000047,1
481,9.620000,3,gripper_l_finger2,-0.375533,0.365396,0.000000,-0.375490,0.365407,-0.000000,-0.375490,0.365407,-0.000000,0.000045,0.000045,0.000047,0
481,9.620000,4,gripper_r_palm,0.375534,0.385396,0.000000,0.375490,0.385407,-0.000000,0.375490,0.385407,-0.000000,0.000045,0.000045,0.000048,6
481,9.620000,5,gripper_r_finger1,0.375533,0.365396,-0.000000,0.375490,0.365407,-0.000000,0.375490,0.365407,-0.000000,0.000045,0.000045,0.000047,5
481,9.620000,6,gripper_r_finger2,0.375533,0.365396,0.000000,0.375490,0.365407,-0.000000,0.375490,0.365407,-0.000000,0.000045,0.000045,0.000047,4
482,9.640000,0,base,0.000000,0.150000,0.000000,0.000000,0.150000,0.000000,0.000000,0.150000,0.000000,0.000000,0.000000,0.000000,0
482,9.640000,1,gripper_l_palm,-0.374734,0.385603,0.000000,-0.374690,0.385614,-0.000000,-0.374690,0.385614,-0.000000,0.000045,0.000045,0.000048,2
482,9.640000,2,gripper_l_finger1,-0.374734,0.365603,-0.000000,-0.374690,0.365614,-0.000000,-0.374690,0.365614,-0.000000,0.000045,0.000045,0.000047,1
482,9.640000,3,gripper_l_finger2,-0.374734,0.365603,0.000000,-0.374690,0.365614,-0.000000,-0.374690,0.365614,-0.000000,0.000045,0.000045,0.000047,0
482,9.640000,4,gripper_r_palm,0.374734,0.385603,0.000000,0.374690,0.385614,-0.000000,0.374690,0.385614,-0.000000,0.000045,0.000045,0.000048,6
482,9.640000,5,gripper_r_finger1,0.374734,0.365603,-0.000000,0.374690,0.365614,-0.000000,0.374690,0.365614,-0.000000,0.000045,0.000045,0.000047,5
482,9.640000,6,gripper_r_finger2,0.374734,0.365603,0.000000,0.374690,0.365614,-0.000000,0.374690,0.365614,-0.000000,0.000045,0.000045,0.000047,4
483,9.660000,0,base,0.000000,0.150000,0.000000,0.000000,0.150000,0.000000,0.000000,0.150000,0.000000,0.000000,0.000000,0.000000,0
483,9.660000,1,gripper_l_palm,-0.373932,0.385810,0.000000,-0.373888,0.385821,-0.000000,-0.373888,0.385821,-0.000000,0.000045,0.000045,0.000048,2
483,9.660000,2,gripper_l_finger1,-0.373932,0.365810,0.000001,-0.373888,0.365821,-0.000000,-0.373888,0.365821,-0.000000,0.000045,0.000045,0.000048,1
483,9.660000,3,gripper_l_finger2,-0.373932,0.365810,-0.000001,-0.373888,0.365821,-0.000000,-0.373888,0.365821,-0.000000,0.000045,0.000045,0.000048,0
483,9.660000,4,gripper_r_palm,0.373932,0.385810,0.000000,0.373888,0.385821,-0.000000,0.373888,0.385821,-0.000000,0.000045,0.000045,0.000048,6
483,9.660000,5,gripper_r_finger1,0.373932,0.365810,-0.000000,0.373888,0.365821,-0.000000,0.373888,0.365821,-0.000000,0.000045,0.000045,0.000048,5
483,9.660000,6,gripper_r_finger2,0.373932,0.365810,0.000000,0.373888,0.365821,-0.000000,0.373888,0.365821,-0.000000,0.000045,0.000045,0.000048,4
484,9.680000,0,base,0.000000,0.150000,0.000000,0.000000,0.150000,0.000000,0.000000,0.150000,0.000000,0.000000,0.000000,0.000000,0
484,9.680000,1,gripper_l_palm,-0.373128,0.386018,0.000000,-0.373085,0.386029,-0.000000,-0.373085,0.386029,-0.000000,0.000045,0.000045,0.000048,2
484,9.680000,2,gripper_l_finger1,-0.373128,0.366018,0.000004,-0.373084,0.366029,-0.000000,-0.373084,0.366029,-0.000000,0.000045,0.000045,0.000048,1
484,9.680000,3,gripper_l_finger2,-0.373128,0.366018,-0.000004,-0.373084,0.366029,-0.000000,-0.373084,0.366029,-0.000000,0.000045,0.000045,0.000048,0
484,9.680000,4,gripper_r_palm,0.373128,0.386018,0.000000,0.373085,0.386029,-0.000000,0.373085,0.386029,-0.000000,0.000045,0.000045,0.000048,6
484,9.680000,5,gripper_r_finger1,0.373128,0.366018,-0.000000,0.373084,0.366029,-0.000000,0.373084,0.366029,-0.000000,0.000045,0.000045,0.000048,5
484,9.680000,6,gripper_r_finger2,0.373128,0.366018,0.000000,0.373084,0.366029,-0.000000,0.373084,0.366029,-0.000000,0.000045,0.000045,0.000048,4
485,9.700000,0,base,0.000000,0.150000,0.000000,0.000000,0.150000,0.000000,0.000000,0.150000,0.000000,0.000000,0.000000,0.000000,0
485,9.700000,1,gripper_l_palm,-0.372323,0.386226,0.000000,-0.372279,0.386238,-0.000000,-0.372279,0.386238,-0.000000,0.000045,0.000045,0.000049,2
485,9.700000,2,gripper_l_finger1,-0.372323,0.366226,0.000008,-0.372279,0.366238,-0.000000,-0.372279,0.366238,-0.000000,0.000046,0.000046,0.000049,1
485,9.700000,3,gripper_l_finger2,-0.372323,0.366226,-0.000008,-0.372279,0.366238,-0.000000,-0.372279,0.366238,-0.000000,0.000046,0.000046,0.000049,0
485,9.700000,4,gripper_r_palm,0.372323,0.386226,0.000000,0.372279,0.386238,-0.000000,0.372279,0.386238,-0.000000,0.000045,0.000045,0.000049,6
485,9.700000,5,gripper_r_finger1,0.372323,0.366226,-0.000000,0.372279,0.366238,-0.000000,0.372279,0.366238,-0.000000,0.000045,0.000045,0.000048,5
485,9.700000,6,gripper_r_finger2,0.372323,0.366226,0.000000,0.372279,0.366238,-0.000000,0.372279,0.366238,-0.000000,0.000045,0.000045,0.000048,4
486,9.720000,0,base,0.000000,0.150000,0.000000,0.000000,0.150000,0.000000,0.000000,0.150000,0.000000,0.000000,0.000000,0.000000,0
486,9.720000,1,gripper_l_palm,-0.371515,0.386435,0.000000,-0.371472,0.386447,-0.000000,-0.371472,0.386447,-0.000000,0.000045,0.000045,0.000049,2
486,9.720000,2,gripper_l_finger1,-0.371515,0.366435,0.000011,-0.371471,0.366447,-0.000000,-0.371471,0.366447,-0.000000,0.000047,0.000047,0.000049,1
486,9.720000,3,gripper_l_finger2,-0.371515,0.366435,-0.000011,-0.371471,0.366447,-0.000000,-0.371471,0.366447,-0.000000,0.000047,0.000047,0.000049,0
486,9.720000,4,gripper_r_palm,0.371515,0.386435,0.000000,0.371472,0.386446,-0.000000,0.371472,0.386446,-0.000000,0.000045,0.000045,0.000049,6
486,9.720000,5,gripper_r_finger1,0.371515,0.366435,-0.000000,0.371471,0.366446,-0.000000,0.371471,0.366446,-0.000000,0.000045,0.000045,0.000048,5
486,9.720000,6,gripper_r_finger2,0.371515,0.366435,0.000000,0.371471,0.366446,-0.000000,0.371471,0.366446,-0.000000,0.000045,0.000045,0.000048,4
487,9.740000,0,base,0.000000,0.150000,0.000000,0.000000,0.150000,0.000000,0.000000,0.150000,0.000000,0.000000,0.000000,0.000000,0
487,9.740000,1,gripper_l_palm,-0.370706,0.386644,0.000000,-0.370662,0.386656,-0.000000,-0.370662,0.386656,-0.000000,0.000046,0.000046,0.000049,2
487,9.740000,2,gripper_l_finger1,-0.370706,0.366644,0.000005,-0.370662,0.366656,-0.000000,-0.370662,0.366656,-0.000000,0.000046,0.000046,0.000048,1
487,9.740000,3,gripper_l_finger2,-0.370706,0.366644,-0.000005,-0.370662,0.366656,-0.000000,-0.370662,0.366656,-0.000000,0.000046,0.000046,0.000048,0
487,9.740000,4,gripper_r_palm,0.370706,0.386644,0.000000,0.370662,0.386656,-0.000000,0.370662,0.386656,-0.000000,0.000046,0.000046,0.000049,6
487,9.740000,5,gripper_r_finger1,0.370706,0.366644,-0.000000,0.370662,0.366656,-0.000000,0.370662,0.366656,-0.000000,0.000046,0.000046,0.000048,5
487,9.740000,6,gripper_r_finger2,0.370706,0.366644,0.000000,0.370662,0.366656,-0.000000,0.370662,0.366656,-0.000000,0.000046,0.000046,0.000048,4
488,9.760000,0,base,0.000000,0.150000,0.000000,0.000000,0.150000,0.000000,0.000000,0.150000,0.000000,0.000000,0.000000,0.000000,0
488,9.760000,1,gripper_l_palm,-0.369895,0.386854,0.000000,-0.369851,0.386865,-0.000000,-0.369851,0.386865,-0.000000,0.000046,0.000046,0.000049,2
488,9.760000,2,gripper_l_finger1,-0.369895,0.366854,-0.000002,-0.369851,0.366865,-0.000000,-0.369851,0.366865,-0.000000,0.000046,0.000046,0.000048,1
488,9.760000,3,gripper_l_finger2,-0.369895,0.366854,0.000002,-0.369851,0.366865,-0.000000,-0.369851,0.366865,-0.000000,0.000046,0.000046,0.000048,0
488,9.760000,4,gripper_r_palm,0.369895,0.386854,0.000000,0.369851,0.386866,-0.000000,0.369851,0.386866,-0.000000,0.000046,0.000046,0.000049,6
488,9.760000,5,gripper_r_finger1,0.369895,0.366854,-0.000000,0.369851,0.366866,-0.000000,0.369851,0.366866,-0.000000,0.000046,0.000046,0.000048,5
488,9.760000,6,gripper_r_finger2,0.369895,0.366854,0.000000,0.369851,0.366866,-0.000000,0.369851,0.366866,-0.000000,0.000046,0.000046,0.000048,4
489,9.780000,0,base,0.000000,0.150000,0.000000,0.000000,0.150000,0.000000,0.000000,0.150000,0.000000,0.000000,0.000000,0.000000,0
489,9.780000,1,gripper_l_palm,-0.369082,0.387064,0.000000,-0.369038,0.387076,-0.000000,-0.369038,0.387076,-0.000000,0.000046,0.000046,0.000049,2
489,9.780000,2,gripper_l_finger1,-0.369082,0.367064,-0.000000,-0.369038,0.367076,-0.000000,-0.369038,0.367076,-0.000000,0.000046,0.000046,0.000048,1
489,9.780000,3,gripper_l_finger2,-0.369082,0.367064,0.000000,-0.369038,0.367076,-0.000000,-0.369038,0.367076,-0.000000,0.000046,0.000046,0.000048,0
489,9.780000,4,gripper_r_palm,0.369082,0.387064,0.000000,0.369038,0.387076,-0.000000,0.369038,0.387076,-0.000000,0.000046,0.000046,0.000049,6
489,9.780000,5,gripper_r_finger1,0.369082,0.367064,-0.000000,0.369038,0.367076,-0.000000,0.369038,0.367076,-0.000000,0.000046,0.000046,0.000048,5
489,9.780000,6,gripper_r_finger2,0.369082,0.367064,0.000000,0.369038,0.367076,-0.000000,0.369038,0.367076,-0.000000,0.000046,0.000046,0.000048,4
490,9.800000,0,base,0.000000,0.150000,0.000000,0.000000,0.150000,0.000000,0.000000,0.150000,0.000000,0.000000,0.000000,0.000000,0
490,9.800000,1,gripper_l_palm,-0.368267,0.387275,0.000000,-0.368223,0.387287,-0.000000,-0.368223,0.387287,-0.000000,0.000046,0.000046,0.000049,2
490,9.800000,2,gripper_l_finger1,-0.368267,0.367275,0.000007,-0.368223,0.367287,-0.000000,-0.368223,0.367287,-0.000000,0.000046,0.000046,0.000049,1
490,9.800000,3,gripper_l_finger2,-0.368267,0.367275,-0.000007,-0.368223,0.367287,-0.000000,-0.368223,0.367287,-0.000000,0.000046,0.000046,0.000049,0
490,9.800000,4,gripper_r_palm,0.368267,0.387275,0.000000,0.368223,0.387287,-0.000000,0.368223,0.387287,-0.000000,0.000046,0.000046,0.000049,6
490,9.800000,5,gripper_r_finger1,0.368267,0.367275,-0.000000,0.368223,0.367287,-0.000000,0.368223,0.367287,-0.000000,0.000046,0.000046,0.000048,5
490,9.800000,6,gripper_r_finger2,0.368267,0.367275,0.000000,0.368223,0.367287,-0.000000,0.368223,0.367287,-0.000000,0.000046,0.000046,0.000048,4
491,9.820000,0,base,0.000000,0.150000,0.000000,0.000000,0.150000,0.000000,0.000000,0.150000,0.000000,0.000000,0.000000,0.000000,0
491,9.820000,1,gripper_l_palm,-0.367451,0.387486,0.000000,-0.367407,0.387498,-0.000000,-0.367407,0.387498,-0.000000,0.000046,0.000046,0.000049,2
491,9.820000,2,gripper_l_finger1,-0.367451,0.367486,0.000003,-0.367406,0.367498,-0.000000,-0.367406,0.367498,-0.000000,0.000046,0.000046,0.000048,1
491,9.820000,3,gripper_l_finger2,-0.367451,0.367486,-0.000003,-0.367406,0.367498,-0.000000,-0.367406,0.367498,-0.000000,0.000046,0.000046,0.000048,0
491,9.820000,4,gripper_r_palm,0.367451,0.387486,0.000000,0.367407,0.387498,-0.000000,0.367407,0.387498,-0.000000,0.000046,0.000046,0.000049,6
491,9.820000,5,gripper_r_finger1,0.367451,0.367486,-0.000000,0.367406,0.367498,-0.000000,0.367406,0.367498,-0.000000,0.000046,0.000046,0.000048,5
491,9.820000,6,gripper_r_finger2,0.367451,0.367486,0.000000,0.367406,0.367498,-0.000000,0.367406,0.367498,-0.000000,0.000046,0.000046,0.000048,4
492,9.840000,0,base,0.000000,0.150000,0.000000,0.000000,0.150000,0.000000,0.000000,0.150000,0.000000,0.000000,0.000000,0.000000,0
492,9.840000,1,gripper_l_palm,-0.366633,0.387697,0.000000,-0.366588,0.387709,-0.000000,-0.366588,0.387709,-0.000000,0.000046,0.000046,0.000049,2
492,9.840000,2,gripper_l_finger1,-0.366633,0.367697,-0.000005,-0.366588,0.367709,-0.000000,-0.366588,0.367709,-0.000000,0.000046,0.000046,0.000049,1
492,9.840000,3,gripper_l_finger2,-0.366633,0.367697,0.000005,-0.366588,0.367709,-0.000000,-0.366588,0.367709,-0.000000,0.000046,0.000046,0.000049,0
492,9.840000,4,gripper_r_palm,0.366633,0.387698,0.000000,0.366588,0.387709,-0.000000,0.366588,0.387709,-0.000000,0.000046,0.000046,0.000049,6
492,9.840000,5,gripper_r_finger1,0.366633,0.367698,-0.000000,0.366588,0.367709,-0.000000,0.366588,0.367709,-0.000000,0.000046,0.000046,0.000048,5
492,9.840000,6,gripper_r_finger2,0.366633,0.367698,0.000000,0.366588,0.367709,-0.000000,0.366588,0.367709,-0.000000,0.000046,0.000046,0.000048,4
493,9.860000,0,base,0.000000,0.150000,0.000000,0.000000,0.150000,0.000000,0.000000,0.150000,0.000000,0.000000,0.000000,0.000000,0
493,9.860000,1,gripper_l_palm,-0.365813,0.387909,0.000000,-0.365769,0.387921,-0.000000,-0.365769,0.387921,-0.000000,0.000046,0.000046,0.000049,2
493,9.860000,2,gripper_l_finger1,-0.365813,0.367909,-0.000003,-0.365768,0.367921,-0.000000,-0.365768,0.367921,-0.000000,0.000046,0.000046,0.000049,1
493,9.860000,3,gripper_l_finger2,-0.365813,0.367909,0.000003,-0.365768,0.367921,-0.000000,-0.365768,0.367921,-0.000000,0.000046,0.000046,0.000049,0
493,9.860000,4,gripper_r_palm,0.365813,0.387910,0.000000,0.365769,0.387921,-0.000000,0.365769,0.387921,-0.000000,0.000046,0.000046,0.000049,6
493,9.860000,5,gripper_r_finger1,0.365813,0.367910,-0.000000,0.365768,0.367921,-0.000000,0.365768,0.367921,-0.000000,0.000046,0.000046,0.000049,5
493,9.860000,6,gripper_r_finger2,0.365813,0.367910,0.000000,0.365768,0.367921,-0.000000,0.365768,0.367921,-0.000000,0.000046,0.000046,0.000049,4
494,9.880000,0,base,0.000000,0.150000,0.000000,0.000000,0.150000,0.000000,0.000000,0.150000,0.000000,0.000000,0.000000,0.000000,0
494,9.880000,1,gripper_l_palm,-0.364992,0.388122,0.000000,-0.364947,0.388134,-0.000000,-0.364947,0.388134,-0.000000,0.000046,0.000046,0.000050,2
494,9.880000,2,gripper_l_finger1,-0.364991,0.368122,-0.000003,-0.364947,0.368134,-0.000000,-0.364947,0.368134,-0.000000,0.000046,0.000046,0.000049,1
494,9.880000,3,gripper_l_finger2,-0.364991,0.368122,0.000003,-0.364947,0.368134,-0.000000,-0.364947,0.368134,-0.000000,0.000046,0.000046,0.000049,0
494,9.880000,4,gripper_r_palm,0.364992,0.388122,0.000000,0.364947,0.388134,-0.000000,0.364947,0.388134,-0.000000,0.000046,0.000046,0.000050,6
494,9.880000,5,gripper_r_finger1,0.364991,0.368122,-0.000000,0.364947,0.368134,-0.000000,0.364947,0.368134,-0.000000,0.000046,0.000046,0.000049,5
494,9.880000,6,gripper_r_finger2,0.364991,0.368122,0.000000,0.364947,0.368134,-0.000000,0.364947,0.368134,-0.000000,0.000046,0.000046,0.000049,4
495,9.900000,0,base,0.000000,0.150000,0.000000,0.000000,0.150000,0.000000,0.000000,0.150000,0.000000,0.000000,0.000000,0.000000,0
495,9.900000,1,gripper_l_palm,-0.364168,0.388335,0.000000,-0.364124,0.388347,-0.000000,-0.364124,0.388347,-0.000000,0.000046,0.000046,0.000050,2
495,9.900000,2,gripper_l_finger1,-0.364168,0.368335,-0.000000,-0.364124,0.368347,-0.000000,-0.364124,0.368347,-0.000000,0.000046,0.000046,0.000049,1
495,9.900000,3,gripper_l_finger2,-0.364168,0.368335,0.000000,-0.364124,0.368347,-0.000000,-0.364124,0.368347,-0.000000,0.000046,0.000046,0.000049,0
495,9.900000,4,gripper_r_palm,0.364169,0.388335,0.000000,0.364124,0.388347,-0.000000,0.364124,0.388347,-0.000000,0.000046,0.000046,0.000050,6
495,9.900000,5,gripper_r_finger1,0.364168,0.368335,-0.000000,0.364124,0.368347,-0.000000,0.364124,0.368347,-0.000000,0.000046,0.000046,0.000049,5
495,9.900000,6,gripper_r_finger2,0.364168,0.368335,0.000000,0.364124,0.368347,-0.000000,0.364124,0.368347,-0.000000,0.000046,0.000046,0.000049,4
496,9.920000,0,base,0.000000,0.150000,0.000000,0.000000,0.150000,0.000000,0.000000,0.150000,0.000000,0.000000,0.000000,0.000000,0
496,9.920000,1,gripper_l_palm,-0.363344,0.388549,0.000000,-0.363299,0.388560,-0.000000,-0.363299,0.388560,-0.000000,0.000046,0.000046,0.000050,2
496,9.920000,2,gripper_l_finger1,-0.363344,0.368549,0.000009,-0.363299,0.368560,-0.000000,-0.363299,0.368560,-0.000000,0.000047,0.000047,0.000050,1
496,9.920000,3,gripper_l_finger2,-0.363344,0.368549,-0.000009,-0.363299,0.368560,-0.000000,-0.363299,0.368560,-0.000000,0.000047,0.000047,0.000050,0
496,9.920000,4,gripper_r_palm,0.363344,0.388548,0.000000,0.363299,0.388560,-0.000000,0.363299,0.388560,-0.000000,0.000046,0.000046,0.000050,6
496,9.920000,5,gripper_r_finger1,0.363344,0.368548,-0.000000,0.363299,0.368560,-0.000000,0.363299,0.368560,-0.000000,0.000046,0.000046,0.000049,5
496,9.920000,6,gripper_r_finger2,0.363344,0.368548,0.000000,0.363299,0.368560,-0.000000,0.363299,0.368560,-0.000000,0.000046,0.000046,0.000049,4
497,9.940000,0,base,0.000000,0.150000,0.000000,0.000000,0.150000,0.000000,0.000000,0.150000,0.000000,0.000000,0.000000,0.000000,0
497,9.940000,1,gripper_l_palm,-0.362518,0.388762,0.000000,-0.362473,0.388774,-0.000000,-0.362473,0.388774,-0.000000,0.000046,0.000046,0.000050,2
497,9.940000,2,gripper_l_finger1,-0.362517,0.368762,0.000003,-0.362472,0.368774,-0.000000,-0.362472,0.368774,-0.000000,0.000046,0.000046,0.000049,1
497,9.940000,3,gripper_l_finger2,-0.362517,0.368762,-0.000003,-0.362472,0.368774,-0.000000,-0.362472,0.368774,-0.000000,0.000046,0.000046,0.000049,0
497,9.940000,4,gripper_r_palm,0.362518,0.388762,0.000000,0.362473,0.388774,-0.000000,0.362473,0.388774,-0.000000,0.000046,0.000046,0.000050,6
497,9.940000,5,gripper_r_finger1,0.362517,0.368762,-0.000000,0.362472,0.368774,-0.000000,0.362472,0.368774,-0.000000,0.000046,0.000046,0.000049,5
497,9.940000,6,gripper_r_finger2,0.362517,0.368762,0.000000,0.362472,0.368774,-0.000000,0.362472,0.368774,-0.000000,0.000046,0.000046,0.000049,4
498,9.960000,0,base,0.000000,0.150000,0.000000,0.000000,0.150000,0.000000,0.000000,0.150000,0.000000,0.000000,0.000000,0.000000,0
498,9.960000,1,gripper_l_palm,-0.361690,0.388976,0.000000,-0.361645,0.388988,-0.000000,-0.361645,0.388988,-0.000000,0.000047,0.000047,0.000050,2
498,9.960000,2,gripper_l_finger1,-0.361689,0.368976,-0.000009,-0.361644,0.368988,-0.000000,-0.361644,0.368988,-0.000000,0.000047,0.000047,0.000050,1
498,9.960000,3,gripper_l_finger2,-0.361689,0.368976,0.000009,-0.361644,0.368988,-0.000000,-0.361644,0.368988,-0.000000,0.000047,0.000047,0.000050,0
498,9.960000,4,gripper_r_palm,0.361690,0.388976,0.000000,0.361645,0.388988,-0.000000,0.361645,0.388988,-0.000000,0.000047,0.000047,0.000050,6
498,9.960000,5,gripper_r_finger1,0.361689,0.368976,-0.000000,0.361644,0.368988,-0.000000,0.361644,0.368988,-0.000000,0.000047,0.000047,0.000049,5
498,9.960000,6,gripper_r_finger2,0.361689,0.368976,0.000000,0.361644,0.368988,-0.000000,0.361644,0.368988,-0.000000,0.000047,0.000047,0.000049,4
499,9.980000,0,base,0.000000,0.150000,0.000000,0.000000,0.150000,0.000000,0.000000,0.150000,0.000000,0.000000,0.000000,0.000000,0
499,9.980000,1,gripper_l_palm,-0.360860,0.389190,0.000000,-0.360815,0.389202,-0.000000,-0.360815,0.389202,-0.000000,0.000047,0.000047,0.000050,2
499,9.980000,2,gripper_l_finger1,-0.360860,0.369190,-0.000010,-0.360815,0.369202,-0.000000,-0.360815,0.369202,-0.000000,0.000048,0.000048,0.000050,1
499,9.980000,3,gripper_l_finger2,-0.360860,0.369190,0.000010,-0.360815,0.369202,-0.000000,-0.360815,0.369202,-0.000000,0.000048,0.000048,0.000050,0
499,9.980000,4,gripper_r_palm,0.360860,0.389190,0.000000,0.360815,0.389202,-0.000000,0.360815,0.389202,-0.000000,0.000047,0.000047,0.000050,6
499,9.980000,5,gripper_r_finger1,0.360860,0.369191,-0.000000,0.360815,0.369202,-0.000000,0.360815,0.369202,-0.000000,0.000047,0.000047,0.000049,5
499,9.980000,6,gripper_r_finger2,0.360860,0.369191,0.000000,0.360815,0.369202,-0.000000,0.360815,0.369202,-0.000000,0.000047,0.000047,0.000049,4
500,10.000000,0,base,0.000000,0.150000,0.000000,0.000000,0.150000,0.000000,0.000000,0.150000,0.000000,0.000000,0.000000,0.000000,0
500,10.000000,1,gripper_l_palm,-0.360030,0.389405,0.000000,-0.359984,0.389417,-0.000000,-0.359984,0.389417,-0.000000,0.000047,0.000047,0.000050,2
500,10.000000,2,gripper_l_finger1,-0.360029,0.369405,-0.000008,-0.359984,0.369417,-0.000000,-0.359984,0.369417,-0.000000,0.000047,0.000047,0.000050,1
500,10.000000,3,gripper_l_finger2,-0.360029,0.369405,0.000008,-0.359984,0.369417,-0.000000,-0.359984,0.369417,-0.000000,0.000047,0.000047,0.000050,0
500,10.000000,4,gripper_r_palm,0.360030,0.389405,0.000000,0.359984,0.389417,-0.000000,0.359984,0.389417,-0.000000,0.000047,0.000047,0.000050,6
500,10.000000,5,gripper_r_finger1,0.360029,0.369405,-0.000000,0.359984,0.369417,-0.000000,0.359984,0.369417,-0.000000,0.000047,0.000047,0.000049,5
500,10.000000,6,gripper_r_finger2,0.360029,0.369405,0.000000,0.359984,0.369417,-0.000000,0.359984,0.369417,-0.000000,0.000047,0.000047,0.000049,4
501,10.020000,0,base,0.000000,0.150000,0.000000,0.000000,0.150000,0.000000,0.000000,0.150000,0.000000,0.000000,0.000000,0.000000,0
501,10.020000,1,gripper_l_palm,-0.359197,0.389621,0.000000,-0.359152,0.389633,-0.000000,-0.359152,0.389633,-0.000000,0.000047,0.000047,0.000050,2
501,10.020000,2,gripper_l_finger1,-0.359197,0.369621,-0.000005,-0.359152,0.369633,-0.000000,-0.359152,0.369633,-0.000000,0.000047,0.000047,0.000049,1
501,10.020000,3,gripper_l_finger2,-0.359197,0.369621,0.000005,-0.359152,0.369633,-0.000000,-0.359152,0.369633,-0.000000,0.000047,0.000047,0.000049,0
501,10.020000,4,gripper_r_palm,0.359197,0.389621,0.000000,0.359152,0.389632,-0.000000,0.359152,0.389632,-0.000000,0.000047,0.000047,0.000050,6
501,10.020000,5,gripper_r_finger1,0.359197,0.369621,-0.000000,0.359152,0.369632,-0.000000,0.359152,0.369632,-0.000000,0.000047,0.000047,0.000049,5
501,10.020000,6,gripper_r_finger2,0.359197,0.369621,0.000000,0.359152,0.369632,-0.000000,0.359152,0.369632,-0.000000,0.000047,0.000047,0.000049,4
502,10.040000,0,base,0.000000,0.150000,0.000000,0.000000,0.150000,0.000000,0.000000,0.150000,0.000000,0.000000,0.000000,0.000000,0
502,10.040000,1,gripper_l_palm,-0.358364,0.389836,0.000000,-0.358318,0.389848,-0.000000,-0.358318,0.389848,-0.000000,0.000047,0.000047,0.000050,2
502,10.040000,2,gripper_l_finger1,-0.358363,0.369836,-0.000003,-0.358318,0.369848,-0.000000,-0.358318,0.369848,-0.000000,0.000047,0.000047,0.000049,1
502,10.040000,3,gripper_l_finger2,-0.358363,0.369836,0.000003,-0.358318,0.369848,-0.000000,-0.358318,0.369848,-0.000000,0.000047,0.000047,0.000049,0
502,10.040000,4,gripper_r_palm,0.358364,0.389836,0.000000,0.358318,0.389848,-0.000000,0.358318,0.389848,-0.000000,0.000047,0.000047,0.000050,6
502,10.040000,5,gripper_r_finger1,0.358363,0.369836,-0.000000,0.358318,0.369848,-0.000000,0.358318,0.369848,-0.000000,0.000047,0.000047,0.000049,5
502,10.040000,6,gripper_r_finger2,0.358363,0.369836,0.000000,0.358318,0.369848,-0.000000,0.358318,0.369848,-0.000000,0.000047,0.000047,0.000049,4
503,10.060000,0,base,0.000000,0.150000,0.000000,0.000000,0.150000,0.000000,0.000000,0.150000,0.000000,0.000000,0.000000,0.000000,0
503,10.060000,1,gripper_l_palm,-0.357528,0.390052,0.000000,-0.357483,0.390064,-0.000000,-0.357483,0.390064,-0.000000,0.000047,0.000047,0.000050,2
503,10.060000,2,gripper_l_finger1,-0.357528,0.370052,-0.000002,-0.357483,0.370064,-0.000000,-0.357483,0.370064,-0.000000,0.000047,0.000047,0.000050,1
503,10.060000,3,gripper_l_finger2,-0.357528,0.370052,0.000002,-0.357483,0.370064,-0.000000,-0.357483,0.370064,-0.000000,0.000047,0.000047,0.000050,0
503,10.060000,4,gripper_r_palm,0.357528,0.390052,0.000000,0.357483,0.390064,-0.000000,0.357483,0.390064,-0.000000,0.000047,0.000047,0.000050,6
503,10.060000,5,gripper_r_finger1,0.357528,0.370052,-0.000000,0.357483,0.370064,-0.000000,0.357483,0.370064,-0.000000,0.000047,0.000047,0.000049,5
503,10.060000,6,gripper_r_finger2,0.357528,0.370052,0.000000,0.357483,0.370064,-0.000000,0.357483,0.370064,-0.000000,0.000047,0.000047,0.000049,4
504,10.080000,0,base,0.000000,0.150000,0.000000,0.000000,0.150000,0.000000,0.000000,0.150000,0.000000,0.000000,0.000000,0.000000,0
504,10.080000,1,gripper_l_palm,-0.356692,0.390269,0.000000,-0.356646,0.390281,-0.000000,-0.356646,0.390281,-0.000000,0.000047,0.000047,0.000050,2
504,10.080000,2,gripper_l_finger1,-0.356692,0.370269,0.000002,-0.356646,0.370281,-0.000000,-0.356646,0.370281,-0.000000,0.000047,0.000047,0.000050,1
504,10.080000,3,gripper_l_finger2,-0.356692,0.370269,-0.000002,-0.356646,0.370281,-0.000000,-0.356646,0.370281,-0.000000,0.000047,0.000047,0.000050,0
504,10.080000,4,gripper_r_palm,0.356692,0.390269,0.000000,0.356646,0.390280,-0.000000,0.356646,0.390280,-0.000000,0.000047,0.000047,0.000050,6
504,10.080000,5,gripper_r_finger1,0.356692,0.370269,-0.000000,0.356646,0.370280,-0.000000,0.356646,0.370280,-0.000000,0.000047,0.000047,0.000049,5
504,10.080000,6,gripper_r_finger2,0.356692,0.370269,0.000000,0.356646,0.370280,-0.000000,0.356646,0.370280,-0.000000,0.000047,0.000047,0.000049,4
505,10.100000,0,base,0.000000,0.150000,0.000000,0.000000,0.150000,0.000000,0.000000,0.150000,0.000000,0.000000,0.000000,0.000000,0
505,10.100000,1,gripper_l_palm,-0.355854,0.390485,0.000000,-0.355809,0.390497,-0.000000,-0.355809,0.390497,-0.000000,0.000047,0.000047,0.000050,2
505,10.100000,2,gripper_l_finger1,-0.355854,0.370485,0.000006,-0.355808,0.370497,-0.000000,-0.355808,0.370497,-0.000000,0.000047,0.000047,0.000050,1
505,10.100000,3,gripper_l_finger2,-0.355854,0.370485,-0.000006,-0.355808,0.370497,-0.000000,-0.355808,0.370497,-0.000000,0.000047,0.000047,0.000050,0
505,10.100000,4,gripper_r_palm,0.355854,0.390485,0.000000,0.355809,0.390497,-0.000000,0.355809,0.390497,-0.000000,0.000047,0.000047,0.000050,6
505,10.100000,5,gripper_r_finger1,0.355854,0.370485,-0.000000,0.355808,0.370497,-0.000000,0.355808,0.370497,-0.000000,0.000047,0.000047,0.000050,5
505,10.100000,6,gripper_r_finger2,0.355854,0.370485,0.000000,0.355808,0.370497,-0.000000,0.355808,0.370497,-0.000000,0.000047,0.000047,0.000050,4
506,10.120000,0,base,0.000000,0.150000,0.000000,0.000000,0.150000,0.000000,0.000000,0.150000,0.000000,0.000000,0.000000,0.000000,0
506,10.120000,1,gripper_l_palm,-0.355015,0.390703,0.000000,-0.354969,0.390714,-0.000000,-0.354969,0.390714,-0.000000,0.000047,0.000047,0.000051,2
506,10.120000,2,gripper_l_finger1,-0.355015,0.370703,0.000011,-0.354969,0.370714,-0.000000,-0.354969,0.370714,-0.000000,0.000049,0.000049,0.000052,1
506,10.120000,3,gripper_l_finger2,-0.355015,0.370703,-0.000011,-0.354969,0.370714,-0.000000,-0.354969,0.370714,-0.000000,0.000049,0.000049,0.000052,0
506,10.120000,4,gripper_r_palm,0.355015,0.390702,0.000000,0.354969,0.390714,-0.000000,0.354969,0.390714,-0.000000,0.000047,0.000047,0.000051,6
506,10.120000,5,gripper_r_finger1,0.355015,0.370702,-0.000000,0.354969,0.370714,-0.000000,0.354969,0.370714,-0.000000,0.000047,0.000047,0.000050,5
506,10.120000,6,gripper_r_finger2,0.355015,0.370702,0.000000,0.354969,0.370714,-0.000000,0.354969,0.370714,-0.000000,0.000047,0.000047,0.000050,4
507,10.140000,0,base,0.000000,0.150000,0.000000,0.000000,0.150000,0.000000,0.000000,0.150000,0.000000,0.000000,0.000000,0.000000,0
507,10.140000,1,gripper_l_palm,-0.354174,0.390920,0.000000,-0.354129,0.390932,-0.000000,-0.354129,0.390932,-0.000000,0.000047,0.000047,0.000051,2
507,10.140000,2,gripper_l_finger1,-0.354174,0.370920,0.000017,-0.354128,0.370932,-0.000000,-0.354128,0.370932,-0.000000,0.000050,0.000050,0.000052,1
507,10.140000,3,gripper_l_finger2,-0.354174,0.370920,-0.000017,-0.354128,0.370932,-0.000000,-0.354128,0.370932,-0.000000,0.000050,0.000050,0.000052,0
507,10.140000,4,gripper_r_palm,0.354174,0.390920,0.000000,0.354129,0.390932,-0.000000,0.354129,0.390932,-0.000000,0.000047,0.000047,0.000051,6
507,10.140000,5,gripper_r_finger1,0.354174,0.370920,-0.000000,0.354128,0.370932,-0.000000,0.354128,0.370932,-0.000000,0.000047,0.000047,0.000050,5
507,10.140000,6,gripper_r_finger2,0.354174,0.370920,0.000000,0.354128,0.370932,-0.000000,0.354128,0.370932,-0.000000,0.000047,0.000047,0.000050,4
508,10.160000,0,base,0.000000,0.150000,0.000000,0.000000,0.150000,0.000000,0.000000,0.150000,0.000000,0.000000,0.000000,0.000000,0
508,10.160000,1,gripper_l_palm,-0.353333,0.391137,0.000000,-0.353287,0.391149,-0.000000,-0.353287,0.391149,-0.000000,0.000047,0.000047,0.000051,2
508,10.160000,2,gripper_l_finger1,-0.353332,0.371137,0.000011,-0.353287,0.371149,-0.000000,-0.353287,0.371149,-0.000000,0.000048,0.000048,0.000050,1
508,10.160000,3,gripper_l_finger2,-0.353332,0.371137,-0.000011,-0.353287,0.371149,-0.000000,-0.353287,0.371149,-0.000000,0.000048,0.000048,0.000050,0
508,10.160000,4,gripper_r_palm,0.353333,0.391137,0.000000,0.353287,0.391149,-0.000000,0.353287,0.391149,-0.000000,0.000047,0.000047,0.000051,6
508,10.160000,5,gripper_r_finger1,0.353332,0.371137,-0.000000,0.353287,0.371149,-0.000000,0.353287,0.371149,-0.000000,0.000047,0.000047,0.000050,5
508,10.160000,6,gripper_r_finger2,0.353332,0.371137,0.000000,0.353287,0.371149,-0.000000,0.353287,0.371149,-0.000000,0.000047,0.000047,0.000050,4
509,10.180000,0,base,0.000000,0.150000,0.000000,0.000000,0.150000,0.000000,0.000000,0.150000,0.000000,0.000000,0.000000,0.000000,0
509,10.180000,1,gripper_l_palm,-0.352490,0.391355,0.000000,-0.352444,0.391367,-0.000000,-0.352444,0.391367,-0.000000,0.000047,0.000047,0.000051,2
509,10.180000,2,gripper_l_finger1,-0.352489,0.371355,0.000000,-0.352443,0.371367,-0.000000,-0.352443,0.371367,-0.000000,0.000047,0.000047,0.000050,1
509,10.180000,3,gripper_l_finger2,-0.352489,0.371355,-0.000000,-0.352443,0.371367,-0.000000,-0.352443,0.371367,-0.000000,0.000047,0.000047,0.000050,0
509,10.180000,4,gripper_r_palm,0.352490,0.391355,0.000000,0.352444,0.391367,-0.000000,0.352444,0.391367,-0.000000,0.000047,0.000047,0.000051,6
509,10.180000,5,gripper_r_finger1,0.352489,0.371355,-0.000000,0.352443,0.371367,-0.000000,0.352443,0.371367,-0.000000,0.000047,0.000047,0.000050,5
509,10.180000,6,gripper_r_finger2,0.352489,0.371355,0.000000,0.352443,0.371367,-0.000000,0.352443,0.371367,-0.000000,0.000047,0.000047,0.000050,4
510,10.200000,0,base,0.000000,0.150000,0.000000,0.000000,0.150000,0.000000,0.000000,0.150000,0.000000,0.000000,0.000000,0.000000,0
510,10.200000,1,gripper_l_palm,-0.351645,0.391573,0.000000,-0.351600,0.391586,-0.000000,-0.351600,0.391586,-0.000000,0.000047,0.000047,0.000051,2
510,10.200000,2,gripper_l_finger1,-0.351645,0.371573,-0.000000,-0.351599,0.371586,-0.000000,-0.351599,0.371586,-0.000000,0.000047,0.000047,0.000050,1
510,10.200000,3,gripper_l_finger2,-0.351645,0.371573,0.000000,-0.351599,0.371586,-0.000000,-0.351599,0.371586,-0.000000,0.000047,0.000047,0.000050,0
510,10.200000,4,gripper_r_palm,0.351645,0.391574,0.000000,0.351600,0.391586,-0.000000,0.351600,0.391586,-0.000000,0.000047,0.000047,0.000051,6
510,10.200000,5,gripper_r_finger1,0.351645,0.371574,0.000000,0.351599,0.371586,-0.000000,0.351599,0.371586,-0.000000,0.000047,0.000047,0.000050,5
510,10.200000,6,gripper_r_finger2,0.351645,0.371574,-0.000000,0.351599,0.371586,-0.000000,0.351599,0.371586,-0.000000,0.000047,0.000047,0.000050,4
511,10.220000,0,base,0.000000,0.150000,0.000000,0.000000,0.150000,0.000000,0.000000,0.150000,0.000000,0.000000,0.000000,0.000000,0
511,10.220000,1,gripper_l_palm,-0.350800,0.391792,0.000000,-0.350754,0.391804,-0.000000,-0.350754,0.391804,-0.000000,0.000047,0.000047,0.000051,2
511,10.220000,2,gripper_l_finger1,-0.350800,0.371792,-0.000002,-0.350754,0.371804,-0.000000,-0.350754,0.371804,-0.000000,0.000048,0.000048,0.000050,1
511,10.220000,3,gripper_l_finger2,-0.350800,0.371792,0.000002,-0.350754,0.371804,-0.000000,-0.350754,0.371804,-0.000000,0.000048,0.000048,0.000050,0
511,10.220000,4,gripper_r_palm,0.350800,0.391792,0.000000,0.350754,0.391804,-0.000000,0.350754,0.391804,-0.000000,0.000047,0.000047,0.000051,6
511,10.220000,5,gripper_r_finger1,0.350800,0.371792,-0.000000,0.350754,0.371804,-0.000000,0.350754,0.371804,-0.000000,0.000047,0.000047,0.000050,5
511,10.220000,6,gripper_r_finger2,0.350800,0.371792,0.000000,0.350754,0.371804,-0.000000,0.350754,0.371804,-0.000000,0.000047,0.000047,0.000050,4
512,10.240000,0,base,0.000000,0.150000,0.000000,0.000000,0.150000,0.000000,0.000000,0.150000,0.000000,0.000000,0.000000,0.000000,0
512,10.240000,1,gripper_l_palm,-0.349954,0.392011,0.000000,-0.349908,0.392023,-0.000000,-0.349908,0.392023,-0.000000,0.000048,0.000048,0.000051,2
512,10.240000,2,gripper_l_finger1,-0.349953,0.372011,-0.000008,-0.349907,0.372023,-0.000000,-0.349907,0.372023,-0.000000,0.000048,0.000048,0.000051,1
512,10.240000,3,gripper_l_finger2,-0.349953,0.372011,0.000008,-0.349907,0.372023,-0.000000,-0.349907,0.372023,-0.000000,0.000048,0.000048,0.000051,0
512,10.240000,4,gripper_r_palm,0.349954,0.392011,0.000000,0.349908,0.392023,-0.000000,0.349908,0.392023,-0.000000,0.000048,0.000048,0.000051,6
512,10.240000,5,gripper_r_finger1,0.349953,0.372011,-0.000000,0.349907,0.372023,-0.000000,0.349907,0.372023,-0.000000,0.000048,0.000048,0.000050,5
512,10.240000,6,gripper_r_finger2,0.349953,0.372011,0.000000,0.349907,0.372023,-0.000000,0.349907,0.372023,-0.000000,0.000048,0.000048,0.000050,4
513,10.260000,0,base,0.000000,0.150000,0.000000,0.000000,0.150000,0.000000,0.000000,0.150000,0.000000,0.000000,0.000000,0.000000,0
513,10.260000,1,gripper_l_palm,-0.349106,0.392230,0.000000,-0.349060,0.392242,-0.000000,-0.349060,0.392242,-0.000000,0.000048,0.000048,0.000051,2
513,10.260000,2,gripper_l_finger1,-0.349105,0.372230,-0.000009,-0.349059,0.372242,-0.000000,-0.349059,0.372242,-0.000000,0.000048,0.000048,0.000051,1
513,10.260000,3,gripper_l_finger2,-0.349105,0.372230,0.000009,-0.349059,0.372242,-0.000000,-0.349059,0.372242,-0.000000,0.000048,0.000048,0.000051,0
513,10.260000,4,gripper_r_palm,0.349106,0.392230,0.000000,0.349060,0.392243,-0.000000,0.349060,0.392243,-0.000000,0.000048,0.000048,0.000051,6
513,10.260000,5,gripper_r_finger1,0.349105,0.372230,-0.000000,0.349059,0.372243,-0.000000,0.349059,0.372243,-0.000000,0.000048,0.000048,0.000050,5
513,10.260000,6,gripper_r_finger2,0.349105,0.372230,0.000000,0.349059,0.372243,-0.000000,0.349059,0.372243,-0.000000,0.000048,0.000048,0.000050,4
514,10.280000,0,base,0.000000,0.150000,0.000000,0.000000,0.150000,0.000000,0.000000,0.150000,0.000000,0.000000,0.000000,0.000000,0
514,10.280000,1,gripper_l_palm,-0.348257,0.392450,0.000000,-0.348211,0.392462,-0.000000,-0.348211,0.392462,-0.000000,0.000048,0.000048,0.000051,2
514,10.280000,2,gripper_l_finger1,-0.348257,0.372450,-0.000008,-0.348211,0.372462,-0.000000,-0.348211,0.372462,-0.000000,0.000048,0.000048,0.000051,1
514,10.280000,3,gripper_l_finger2,-0.348257,0.372450,0.000008,-0.348211,0.372462,-0.000000,-0.348211,0.372462,-0.000000,0.000048,0.000048,0.000051,0
514,10.280000,4,gripper_r_palm,0.348257,0.392450,0.000000,0.348211,0.392462,-0.000000,0.348211,0.392462,-0.000000,0.000048,0.000048,0.000051,6
514,10.280000,5,gripper_r_finger1,0.348257,0.372450,-0.000000,0.348211,0.372462,-0.000000,0.348211,0.372462,-0.000000,0.000048,0.000048,0.000050,5
514,10.280000,6,gripper_r_finger2,0.348257,0.372450,0.000000,0.348211,0.372462,-0.000000,0.348211,0.372462,-0.000000,0.000048,0.000048,0.000050,4
515,10.300000,0,base,0.000000,0.150000,0.000000,0.000000,0.150000,0.000000,0.000000,0.150000,0.000000,0.000000,0.000000,0.000000,0
515,10.300000,1,gripper_l_palm,-0.347407,0.392670,0.000000,-0.347361,0.392682,-0.000000,-0.347361,0.392682,-0.000000,0.000048,0.000048,0.000051,2
515,10.300000,2,gripper_l_finger1,-0.347407,0.372670,-0.000009,-0.347361,0.372682,-0.000000,-0.347361,0.372682,-0.000000,0.000048,0.000048,0.000051,1
515,10.300000,3,gripper_l_finger2,-0.347407,0.372670,0.000009,-0.347361,0.372682,-0.000000,-0.347361,0.372682,-0.000000,0.000048,0.000048,0.000051,0
515,10.300000,4,gripper_r_palm,0.347407,0.392670,0.000000,0.347361,0.392682,-0.000000,0.347361,0.392682,-0.000000,0.000048,0.000048,0.000051,6
515,10.300000,5,gripper_r_finger1,0.347407,0.372670,-0.000000,0.347361,0.372682,-0.000000,0.347361,0.372682,-0.000000,0.000048,0.000048,0.000050,5
515,10.300000,6,gripper_r_finger2,0.347407,0.372670,0.000000,0.347361,0.372682,-0.000000,0.347361,0.372682,-0.000000,0.000048,0.000048,0.000050,4
516,10.320000,0,base,0.000000,0.150000,0.000000,0.000000,0.150000,0.000000,0.000000,0.150000,0.000000,0.000000,0.000000,0.000000,0
516,10.320000,1,gripper_l_palm,-0.346556,0.392890,0.000000,-0.346510,0.392902,-0.000000,-0.346510,0.392902,-0.000000,0.000048,0.000048,0.000051,2
516,10.320000,2,gripper_l_finger1,-0.346556,0.372890,-0.000008,-0.346510,0.372902,-0.000000,-0.346510,0.372902,-0.000000,0.000048,0.000048,0.000051,1
516,10.320000,3,gripper_l_finger2,-0.346556,0.372890,0.000008,-0.346510,0.372902,-0.000000,-0.346510,0.372902,-0.000000,0.000048,0.000048,0.000051,0
516,10.320000,4,gripper_r_palm,0.346556,0.392890,0.000000,0.346510,0.392902,-0.000000,0.346510,0.392902,-0.000000,0.000048,0.000048,0.000051,6
516,10.320000,5,gripper_r_finger1,0.346556,0.372890,-0.000000,0.346510,0.372902,-0.000000,0.346510,0.372902,-0.000000,0.000048,0.000048,0.000050,5
516,10.320000,6,gripper_r_finger2,0.346556,0.372890,0.000000,0.346510,0.372902,-0.000000,0.346510,0.372902,-0.000000,0.000048,0.000048,0.000050,4
517,10.340000,0,base,0.000000,0.150000,0.000000,0.000000,0.150000,0.000000,0.000000,0.150000,0.000000,0.000000,0.000000,0.000000,0
517,10.340000,1,gripper_l_palm,-0.345704,0.393110,0.000000,-0.345658,0.393122,-0.000000,-0.345658,0.393122,-0.000000,0.000048,0.000048,0.000051,2
517,10.340000,2,gripper_l_finger1,-0.345704,0.373110,-0.000006,-0.345658,0.373122,-0.000000,-0.345658,0.373122,-0.000000,0.000048,0.000048,0.000051,1
517,10.340000,3,gripper_l_finger2,-0.345704,0.373110,0.000006,-0.345658,0.373122,-0.000000,-0.345658,0.373122,-0.000000,0.000048,0.000048,0.000051,0
517,10.340000,4,gripper_r_palm,0.345704,0.393110,0.000000,0.345658,0.393122,-0.000000,0.345658,0.393122,-0.000000,0.000048,0.000048,0.000051,6
517,10.340000,5,gripper_r_finger1,0.345704,0.373110,-0.000000,0.345658,0.373122,-0.000000,0.345658,0.373122,-0.000000,0.000048,0.000048,0.000050,5
517,10.340000,6,gripper_r_finger2,0.345704,0.373110,0.000000,0.345658,0.373122,-0.000000,0.345658,0.373122,-0.000000,0.000048,0.000048,0.000050,4
518,10.360000,0,base,0.000000,0.150000,0.000000,0.000000,0.150000,0.000000,0.000000,0.150000,0.000000,0.000000,0.000000,0.000000,0
518,10.360000,1,gripper_l_palm,-0.344851,0.393331,0.000000,-0.344805,0.393343,-0.000000,-0.344805,0.393343,-0.000000,0.000048,0.000048,0.000051,2
518,10.360000,2,gripper_l_finger1,-0.344851,0.373331,-0.000004,-0.344805,0.373343,-0.000000,-0.344805,0.373343,-0.000000,0.000048,0.000048,0.000051,1
518,10.360000,3,gripper_l_finger2,-0.344851,0.373331,0.000004,-0.344805,0.373343,-0.000000,-0.344805,0.373343,-0.000000,0.000048,0.000048,0.000051,0
518,10.360000,4,gripper_r_palm,0.344851,0.393331,0.000000,0.344805,0.393343,-0.000000,0.344805,0.393343,-0.000000,0.000048,0.000048,0.000051,6
518,10.360000,5,gripper_r_finger1,0.344851,0.373331,-0.000000,0.344805,0.373343,-0.000000,0.344805,0.373343,-0.000000,0.000048,0.000048,0.000050,5
518,10.360000,6,gripper_r_finger2,0.344851,0.373331,0.000000,0.344805,0.373343,-0.000000,0.344805,0.373343,-0.000000,0.000048,0.000048,0.000050,4
519,10.380000,0,base,0.000000,0.150000,0.000000,0.000000,0.150000,0.000000,0.000000,0.150000,0.000000,0.000000,0.000000,0.000000,0
519,10.380000,1,gripper_l_palm,-0.343998,0.393552,0.000000,-0.343951,0.393564,-0.000000,-0.343951,0.393564,-0.000000,0.000048,0.000048,0.000051,2
519,10.380000,2,gripper_l_finger1,-0.343997,0.373552,-0.000002,-0.343951,0.373564,-0.000000,-0.343951,0.373564,-0.000000,0.000048,0.000048,0.000051,1
519,10.380000,3,gripper_l_finger2,-0.343997,0.373552,0.000002,-0.343951,0.373564,-0.000000,-0.343951,0.373564,-0.000000,0.000048,0.000048,0.000051,0
519,10.380000,4,gripper_r_palm,0.343998,0.393552,0.000000,0.343951,0.393564,-0.000000,0.343951,0.393564,-0.000000,0.000048,0.000048,0.000051,6
519,10.380000,5,gripper_r_finger1,0.343997,0.373552,0.000001,0.343951,0.373564,-0.000000,0.343951,0.373564,-0.000000,0.000048,0.000048,0.000051,5
519,10.380000,6,gripper_r_finger2,0.343997,0.373552,-0.000001,0.343951,0.373564,-0.000000,0.343951,0.373564,-0.000000,0.000048,0.000048,0.000051,4
520,10.400000,0,base,0.000000,0.150000,0.000000,0.000000,0.150000,0.000000,0.000000,0.150000,0.000000,0.000000,0.000000,0.000000,0
520,10.400000,1,gripper_l_palm,-0.343143,0.393773,0.000000,-0.343096,0.393785,-0.000000,-0.343096,0.393785,-0.000000,0.000048,0.000048,0.000051,2
520,10.400000,2,gripper_l_finger1,-0.343142,0.373773,-0.000001,-0.343096,0.373785,-0.000000,-0.343096,0.373785,-0.000000,0.000048,0.000048,0.000051,1
520,10.400000,3,gripper_l_finger2,-0.343142,0.373773,0.000001,-0.343096,0.373785,-0.000000,-0.343096,0.373785,-0.000000,0.000048,0.000048,0.000051,0
520,10.400000,4,gripper_r_palm,0.343143,0.393773,0.000000,0.343096,0.393785,-0.000000,0.343096,0.393785,-0.000000,0.000048,0.000048,0.000051,6
520,10.400000,5,gripper_r_finger1,0.343142,0.373773,0.000002,0.343096,0.373785,-0.000000,0.343096,0.373785,-0.000000,0.000048,0.000048,0.000051,5
520,10.400000,6,gripper_r_finger2,0.343142,0.373773,-0.000002,0.343096,0.373785,-0.000000,0.343096,0.373785,-0.000000,0.000048,0.000048,0.000051,4
521,10.420000,0,base,0.000000,0.150000,0.000000,0.000000,0.150000,0.000000,0.000000,0.150000,0.000000,0.000000,0.000000,0.000000,0
521,10.420000,1,gripper_l_palm,-0.342287,0.393994,0.000000,-0.342241,0.394006,-0.000000,-0.342241,0.394006,-0.000000,0.000048,0.000048,0.000051,2
521,10.420000,2,gripper_l_finger1,-0.342287,0.373994,-0.000001,-0.342240,0.374006,-0.000000,-0.342240,0.374006,-0.000000,0.000048,0.000048,0.000051,1
521,10.420000,3,gripper_l_finger2,-0.342287,0.373994,0.000001,-0.342240,0.374006,-0.000000,-0.342240,0.374006,-0.000000,0.000048,0.000048,0.000051,0
521,10.420000,4,gripper_r_palm,0.342287,0.393994,0.000000,0.342241,0.394006,-0.000000,0.342241,0.394006,-0.000000,0.000048,0.000048,0.000051,6
521,10.420000,5,gripper_r_finger1,0.342287,0.373994,0.000001,0.342240,0.374006,-0.000000,0.342240,0.374006,-0.000000,0.000048,0.000048,0.000051,5
521,10.420000,6,gripper_r_finger2,0.342287,0.373994,-0.000001,0.342240,0.374006,-0.000000,0.342240,0.374006,-0.000000,0.000048,0.000048,0.000051,4
522,10.440000,0,base,0.000000,0.150000,0.000000,0.000000,0.150000,0.000000,0.000000,0.150000,0.000000,0.000000,0.000000,0.000000,0
522,10.440000,1,gripper_l_palm,-0.341431,0.394215,0.000000,-0.341384,0.394228,-0.000000,-0.341384,0.394228,-0.000000,0.000048,0.000048,0.000052,2
522,10.440000,2,gripper_l_finger1,-0.341430,0.374215,-0.000001,-0.341384,0.374228,-0.000000,-0.341384,0.374228,-0.000000,0.000048,0.000048,0.000051,1
522,10.440000,3,gripper_l_finger2,-0.341430,0.374215,0.000001,-0.341384,0.374228,-0.000000,-0.341384,0.374228,-0.000000,0.000048,0.000048,0.000051,0
522,10.440000,4,gripper_r_palm,0.341431,0.394215,0.000000,0.341384,0.394228,-0.000000,0.341384,0.394228,-0.000000,0.000048,0.000048,0.000052,6
522,10.440000,5,gripper_r_finger1,0.341430,0.374215,-0.000000,0.341384,0.374228,-0.000000,0.341384,0.374228,-0.000000,0.000048,0.000048,0.000051,5
522,10.440000,6,gripper_r_finger2,0.341430,0.374215,0.000000,0.341384,0.374228,-0.000000,0.341384,0.374228,-0.000000,0.000048,0.000048,0.000051,4
523,10.460000,0,base,0.000000,0.150000,0.000000,0.000000,0.150000,0.000000,0.000000,0.150000,0.000000,0.000000,0.000000,0.000000,0
523,10.460000,1,gripper_l_palm,-0.340573,0.394437,0.000000,-0.340527,0.394449,-0.000000,-0.340527,0.394449,-0.000000,0.000048,0.000048,0.000052,2
523,10.460000,2,gripper_l_finger1,-0.340573,0.374437,-0.000001,-0.340526,0.374449,-0.000000,-0.340526,0.374449,-0.000000,0.000048,0.000048,0.000051,1
523,10.460000,3,gripper_l_finger2,-0.340573,0.374437,0.000001,-0.340526,0.374449,-0.000000,-0.340526,0.374449,-0.000000,0.000048,0.000048,0.000051,0
523,10.460000,4,gripper_r_palm,0.340573,0.394437,0.000000,0.340527,0.394449,-0.000000,0.340527,0.394449,-0.000000,0.000048,0.000048,0.000052,6
523,10.460000,5,gripper_r_finger1,0.340573,0.374437,-0.000001,0.340526,0.374449,-0.000000,0.340526,0.374449,-0.000000,0.000048,0.000048,0.000051,5
523,10.460000,6,gripper_r_finger2,0.340573,0.374437,0.000001,0.340526,0.374449,-0.000000,0.340526,0.374449,-0.000000,0.000048,0.000048,0.000051,4
524,10.480000,0,base,0.000000,0.150000,0.000000,0.000000,0.150000,0.000000,0.000000,0.150000,0.000000,0.000000,0.000000,0.000000,0
524,10.480000,1,gripper_l_palm,-0.339715,0.394659,0.000000,-0.339668,0.394671,-0.000000,-0.339668,0.394671,-0.000000,0.000048,0.000048,0.000052,2
524,10.480000,2,gripper_l_finger1,-0.339714,0.374659,0.000001,-0.339668,0.374671,-0.000000,-0.339668,0.374671,-0.000000,0.000048,0.000048,0.000051,1
524,10.480000,3,gripper_l_finger2,-0.339714,0.374659,-0.000001,-0.339668,0.374671,-0.000000,-0.339668,0.374671,-0.000000,0.000048,0.000048,0.000051,0
524,10.480000,4,gripper_r_palm,0.339715,0.394659,0.000000,0.339668,0.394671,-0.000000,0.339668,0.394671,-0.000000,0.000048,0.000048,0.000052,6
524,10.480000,5,gripper_r_finger1,0.339714,0.374659,-0.000001,0.339668,0.374671,-0.000000,0.339668,0.374671,-0.000000,0.000048,0.000048,0.000051,5
524,10.480000,6,gripper_r_finger2,0.339714,0.374659,0.000001,0.339668,0.374671,-0.000000,0.339668,0.374671,-0.000000,0.000048,0.000048,0.000051,4
525,10.500000,0,base,0.000000,0.150000,0.000000,0.000000,0.150000,0.000000,0.000000,0.150000,0.000000,0.000000,0.000000,0.000000,0
525,10.500000,1,gripper_l_palm,-0.338856,0.394881,0.000000,-0.338809,0.394894,-0.000000,-0.338809,0.394894,-0.000000,0.000048,0.000048,0.000052,2
525,10.500000,2,gripper_l_finger1,-0.338855,0.374881,0.000001,-0.338809,0.374894,-0.000000,-0.338809,0.374894,-0.000000,0.000048,0.000048,0.000051,1
525,10.500000,3,gripper_l_finger2,-0.338855,0.374881,-0.000001,-0.338809,0.374894,-0.000000,-0.338809,0.374894,-0.000000,0.000048,0.000048,0.000051,0
525,10.500000,4,gripper_r_palm,0.338856,0.394881,0.000000,0.338809,0.394894,-0.000000,0.338809,0.394894,-0.000000,0.000048,0.000048,0.000052,6
525,10.500000,5,gripper_r_finger1,0.338855,0.374881,-0.000001,0.338809,0.374894,-0.000000,0.338809,0.374894,-0.000000,0.000048,0.000048,0.000051,5
525,10.500000,6,gripper_r_finger2,0.338855,0.374881,0.000001,0.338809,0.374894,-0.000000,0.338809,0.374894,-0.000000,0.000048,0.000048,0.000051,4
526,10.520000,0,base,0.000000,0.150000,0.000000,0.000000,0.150000,0.000000,0.000000,0.150000,0.000000,0.000000,0.000000,0.000000,0
526,10.520000,1,gripper_l_palm,-0.337996,0.395104,0.000000,-0.337949,0.395116,-0.000000,-0.337949,0.395116,-0.000000,0.000048,0.000048,0.000052,2
526,10.520000,2,gripper_l_finger1,-0.337996,0.375104,0.000005,-0.337949,0.375116,-0.000000,-0.337949,0.375116,-0.000000,0.000048,0.000048,0.000052,1
526,10.520000,3,gripper_l_finger2,-0.337996,0.375104,-0.000005,-0.337949,0.375116,-0.000000,-0.337949,0.375116,-0.000000,0.000048,0.000048,0.000052,0
526,10.520000,4,gripper_r_palm,0.337996,0.395104,0.000000,0.337949,0.395116,-0.000000,0.337949,0.395116,-0.000000,0.000048,0.000048,0.000052,6
526,10.520000,5,gripper_r_finger1,0.337996,0.375104,-0.000000,0.337949,0.375116,-0.000000,0.337949,0.375116,-0.000000,0.000048,0.000048,0.000051,5
526,10.520000,6,gripper_r_finger2,0.337996,0.375104,0.000000,0.337949,0.375116,-0.000000,0.337949,0.375116,-0.000000,0.000048,0.000048,0.000051,4
527,10.540000,0,base,0.000000,0.150000,0.000000,0.000000,0.150000,0.000000,0.000000,0.150000,0.000000,0.000000,0.000000,0.000000,0
527,10.540000,1,gripper_l_palm,-0.337135,0.395326,0.000000,-0.337089,0.395339,-0.000000,-0.337089,0.395339,-0.000000,0.000048,0.000048,0.000052,2
527,10.540000,2,gripper_l_finger1,-0.337135,0.375326,0.000006,-0.337088,0.375339,-0.000000,-0.337088,0.375339,-0.000000,0.000049,0.000049,0.000051,1
527,10.540000,3,gripper_l_finger2,-0.337135,0.375326,-0.000006,-0.337088,0.375339,-0.000000,-0.337088,0.375339,-0.000000,0.000049,0.000049,0.000051,0
527,10.540000,4,gripper_r_palm,0.337135,0.395326,0.000000,0.337089,0.395339,-0.000000,0.337089,0.395339,-0.000000,0.000048,0.000048,0.000052,6
527,10.540000,5,gripper_r_finger1,0.337135,0.375326,-0.000000,0.337088,0.375338,-0.000000,0.337088,0.375338,-0.000000,0.000048,0.000048,0.000051,5
527,10.540000,6,gripper_r_finger2,0.337135,0.375326,0.000000,0.337088,0.375338,-0.000000,0.337088,0.375338,-0.000000,0.000048,0.000048,0.000051,4
528,10.560000,0,base,0.000000,0.150000,0.000000,0.000000,0.150000,0.000000,0.000000,0.150000,0.000000,0.000000,0.000000,0.000000,0
528,10.560000,1,gripper_l_palm,-0.336274,0.395549,0.000000,-0.336228,0.395561,-0.000000,-0.336228,0.395561,-0.000000,0.000048,0.000048,0.000052,2
528,10.560000,2,gripper_l_finger1,-0.336274,0.375549,0.000004,-0.336227,0.375561,-0.000000,-0.336227,0.375561,-0.000000,0.000048,0.000048,0.000051,1
528,10.560000,3,gripper_l_finger2,-0.336274,0.375549,-0.000004,-0.336227,0.375561,-0.000000,-0.336227,0.375561,-0.000000,0.000048,0.000048,0.000051,0
528,10.560000,4,gripper_r_palm,0.336274,0.395549,0.000000,0.336228,0.395561,-0.000000,0.336228,0.395561,-0.000000,0.000048,0.000048,0.000052,6
528,10.560000,5,gripper_r_finger1,0.336274,0.375549,-0.000000,0.336227,0.375561,-0.000000,0.336227,0.375561,-0.000000,0.000048,0.000048,0.000051,5
528,10.560000,6,gripper_r_finger2,0.336274,0.375549,0.000000,0.336227,0.375561,-0.000000,0.336227,0.375561,-0.000000,0.000048,0.000048,0.000051,4
529,10.580000,0,base,0.000000,0.150000,0.000000,0.000000,0.150000,0.000000,0.000000,0.150000,0.000000,0.000000,0.000000,0.000000,0
529,10.580000,1,gripper_l_palm,-0.335412,0.395772,0.000000,-0.335366,0.395784,-0.000000,-0.335366,0.395784,-0.000000,0.000048,0.000048,0.000052,2
529,10.580000,2,gripper_l_finger1,-0.335412,0.375772,0.000000,-0.335365,0.375784,-0.000000,-0.335365,0.375784,-0.000000,0.000048,0.000048,0.000051,1
529,10.580000,3,gripper_l_finger2,-0.335412,0.375772,-0.000000,-0.335365,0.375784,-0.000000,-0.335365,0.375784,-0.000000,0.000048,0.000048,0.000051,0
529,10.580000,4,gripper_r_palm,0.335412,0.395772,0.000000,0.335366,0.395784,-0.000000,0.335366,0.395784,-0.000000,0.000048,0.000048,0.000052,6
529,10.580000,5,gripper_r_finger1,0.335412,0.375772,-0.000000,0.335365,0.375784,-0.000000,0.335365,0.375784,-0.000000,0.000048,0.000048,0.000051,5
529,10.580000,6,gripper_r_finger2,0.335412,0.375772,0.000000,0.335365,0.375784,-0.000000,0.335365,0.375784,-0.000000,0.000048,0.000048,0.000051,4
530,10.600000,0,base,0.000000,0.150000,0.000000,0.000000,0.150000,0.000000,0.000000,0.150000,0.000000,0.000000,0.000000,0.000000,0
530,10.600000,1,gripper_l_palm,-0.334550,0.395995,0.000000,-0.334503,0.396007,-0.000000,-0.334503,0.396007,-0.000000,0.000048,0.000048,0.000052,2
530,10.600000,2,gripper_l_finger1,-0.334549,0.375995,-0.000004,-0.334502,0.376007,-0.000000,-0.334502,0.376007,-0.000000,0.000049,0.000049,0.000051,1
530,10.600000,3,gripper_l_finger2,-0.334549,0.375995,0.000004,-0.334502,0.376007,-0.000000,-0.334502,0.376007,-0.000000,0.000049,0.000049,0.000051,0
530,10.600000,4,gripper_r_palm,0.334550,0.395995,0.000000,0.334503,0.396007,-0.000000,0.334503,0.396007,-0.000000,0.000048,0.000048,0.000052,6
530,10.600000,5,gripper_r_finger1,0.334549,0.375995,-0.000000,0.334502,0.376007,-0.000000,0.334502,0.376007,-0.000000,0.000048,0.000048,0.000051,5
530,10.600000,6,gripper_r_finger2,0.334549,0.375995,0.000000,0.334502,0.376007,-0.000000,0.334502,0.376007,-0.000000,0.000048,0.000048,0.000051,4
531,10.620000,0,base,0.000000,0.150000,0.000000,0.000000,0.150000,0.000000,0.000000,0.150000,0.000000,0.000000,0.000000,0.000000,0
531,10.620000,1,gripper_l_palm,-0.333686,0.396218,0.000000,-0.333640,0.396230,-0.000000,-0.333640,0.396230,-0.000000,0.000048,0.000048,0.000052,2
531,10.620000,2,gripper_l_finger1,-0.333686,0.376218,-0.000004,-0.333639,0.376230,-0.000000,-0.333639,0.376230,-0.000000,0.000049,0.000049,0.000051,1
531,10.620000,3,gripper_l_finger2,-0.333686,0.376218,0.000004,-0.333639,0.376230,-0.000000,-0.333639,0.376230,-0.000000,0.000049,0.000049,0.000051,0
531,10.620000,4,gripper_r_palm,0.333686,0.396218,0.000000,0.333640,0.396231,-0.000000,0.333640,0.396231,-0.000000,0.000048,0.000048,0.000052,6
531,10.620000,5,gripper_r_finger1,0.333686,0.376218,-0.000000,0.333639,0.376231,-0.000000,0.333639,0.376231,-0.000000,0.000048,0.000048,0.000051,5
531,10.620000,6,gripper_r_finger2,0.333686,0.376218,0.000000,0.333639,0.376231,-0.000000,0.333639,0.376231,-0.000000,0.000048,0.000048,0.000051,4
532,10.640000,0,base,0.000000,0.150000,0.000000,0.000000,0.150000,0.000000,0.000000,0.150000,0.000000,0.000000,0.000000,0.000000,0
532,10.640000,1,gripper_l_palm,-0.332823,0.396442,0.000000,-0.332776,0.396454,-0.000000,-0.332776,0.396454,-0.000000,0.000048,0.000048,0.000052,2
532,10.640000,2,gripper_l_finger1,-0.332822,0.376442,-0.000003,-0.332775,0.376454,-0.000000,-0.332775,0.376454,-0.000000,0.000048,0.000048,0.000051,1
532,10.640000,3,gripper_l_finger2,-0.332822,0.376442,0.000003,-0.332775,0.376454,-0.000000,-0.332775,0.376454,-0.000000,0.000048,0.000048,0.000051,0
532,10.640000,4,gripper_r_palm,0.332823,0.396442,0.000000,0.332776,0.396454,-0.000000,0.332776,0.396454,-0.000000,0.000048,0.000048,0.000052,6
532,10.640000,5,gripper_r_finger1,0.332822,0.376442,-0.000000,0.332775,0.376454,-0.000000,0.332775,0.376454,-0.000000,0.000048,0.000048,0.000051,5
532,10.640000,6,gripper_r_finger2,0.332822,0.376442,0.000000,0.332775,0.376454,-0.000000,0.332775,0.376454,-0.000000,0.000048,0.000048,0.000051,4
533,10.660000,0,base,0.000000,0.150000,0.000000,0.000000,0.150000,0.000000,0.000000,0.150000,0.000000,0.000000,0.000000,0.000000,0
533,10.660000,1,gripper_l_palm,-0.331958,0.396665,0.000000,-0.331911,0.396677,-0.000000,-0.331911,0.396677,-0.000000,0.000048,0.000048,0.000052,2
533,10.660000,2,gripper_l_finger1,-0.331958,0.376665,-0.000002,-0.331911,0.376678,-0.000000,-0.331911,0.376678,-0.000000,0.000048,0.000048,0.000051,1
533,10.660000,3,gripper_l_finger2,-0.331958,0.376665,0.000002,-0.331911,0.376678,-0.000000,-0.331911,0.376678,-0.000000,0.000048,0.000048,0.000051,0
533,10.660000,4,gripper_r_palm,0.331958,0.396665,0.000000,0.331911,0.396677,-0.000000,0.331911,0.396677,-0.000000,0.000048,0.000048,0.000052,6
533,10.660000,5,gripper_r_finger1,0.331958,0.376665,-0.000000,0.331911,0.376677,-0.000000,0.331911,0.376677,-0.000000,0.000048,0.000048,0.000051,5
533,10.660000,6,gripper_r_finger2,0.331958,0.376665,0.000000,0.331911,0.376677,-0.000000,0.331911,0.376677,-0.000000,0.000048,0.000048,0.000051,4
534,10.680000,0,base,0.000000,0.150000,0.000000,0.000000,0.150000,0.000000,0.000000,0.150000,0.000000,0.000000,0.000000,0.000000,0
534,10.680000,1,gripper_l_palm,-0.331093,0.396889,0.000000,-0.331046,0.396901,-0.000000,-0.331046,0.396901,-0.000000,0.000048,0.000048,0.000052,2
534,10.680000,2,gripper_l_finger1,-0.331093,0.376889,-0.000001,-0.331046,0.376901,-0.000000,-0.331046,0.376901,-0.000000,0.000048,0.000048,0.000051,1
534,10.680000,3,gripper_l_finger2,-0.331093,0.376889,0.000001,-0.331046,0.376901,-0.000000,-0.331046,0.376901,-0.000000,0.000048,0.000048,0.000051,0
534,10.680000,4,gripper_r_palm,0.331093,0.396889,0.000000,0.331046,0.396901,-0.000000,0.331046,0.396901,-0.000000,0.000048,0.000048,0.000052,6
534,10.680000,5,gripper_r_finger1,0.331093,0.376889,0.000004,0.331046,0.376901,-0.000000,0.331046,0.376901,-0.000000,0.000049,0.000049,0.000051,5
534,10.680000,6,gripper_r_finger2,0.331093,0.376889,-0.000004,0.331046,0.376901,-0.000000,0.331046,0.376901,-0.000000,0.000049,0.000049,0.000051,4
535,10.700000,0,base,0.000000,0.150000,0.000000,0.000000,0.150000,0.000000,0.000000,0.150000,0.000000,0.000000,0.000000,0.000000,0
535,10.700000,1,gripper_l_palm,-0.330228,0.397113,0.000000,-0.330181,0.397125,-0.000000,-0.330181,0.397125,-0.000000,0.000048,0.000048,0.000052,2
535,10.700000,2,gripper_l_finger1,-0.330227,0.377113,-0.000001,-0.330180,0.377125,-0.000000,-0.330180,0.377125,-0.000000,0.000048,0.000048,0.000051,1
535,10.700000,3,gripper_l_finger2,-0.330227,0.377113,0.000001,-0.330180,0.377125,-0.000000,-0.330180,0.377125,-0.000000,0.000048,0.000048,0.000051,0
535,10.700000,4,gripper_r_palm,0.330228,0.397113,0.000000,0.330181,0.397125,-0.000000,0.330181,0.397125,-0.000000,0.000048,0.000048,0.000052,6
535,10.700000,5,gripper_r_finger1,0.330227,0.377113,0.000004,0.330180,0.377125,-0.000000,0.330180,0.377125,-0.000000,0.000049,0.000049,0.000051,5
535,10.700000,6,gripper_r_finger2,0.330227,0.377113,-0.000004,0.330180,0.377125,-0.000000,0.330180,0.377125,-0.000000,0.000049,0.000049,0.000051,4
536,10.720000,0,base,0.000000,0.150000,0.000000,0.000000,0.150000,0.000000,0.000000,0.150000,0.000000,0.000000,0.000000,0.000000,0
536,10.720000,1,gripper_l_palm,-0.329362,0.397337,0.000000,-0.329315,0.397349,-0.000000,-0.329315,0.397349,-0.000000,0.000049,0.000049,0.000052,2
536,10.720000,2,gripper_l_finger1,-0.329361,0.377337,-0.000000,-0.329315,0.377349,-0.000000,-0.329315,0.377349,-0.000000,0.000049,0.000049,0.000051,1
536,10.720000,3,gripper_l_finger2,-0.329361,0.377337,0.000000,-0.329315,0.377349,-0.000000,-0.329315,0.377349,-0.000000,0.000049,0.000049,0.000051,0
536,10.720000,4,gripper_r_palm,0.329362,0.397337,0.000000,0.329315,0.397349,-0.000000,0.329315,0.397349,-0.000000,0.000049,0.000049,0.000052,6
536,10.720000,5,gripper_r_finger1,0.329361,0.377337,-0.000001,0.329315,0.377349,-0.000000,0.329315,0.377349,-0.000000,0.000049,0.000049,0.000051,5
536,10.720000,6,gripper_r_finger2,0.329361,0.377337,0.000001,0.329315,0.377349,-0.000000,0.329315,0.377349,-0.000000,0.000049,0.000049,0.000051,4
537,10.740000,0,base,0.000000,0.150000,0.000000,0.000000,0.150000,0.000000,0.000000,0.150000,0.000000,0.000000,0.000000,0.000000,0
537,10.740000,1,gripper_l_palm,-0.328496,0.397561,0.000000,-0.328449,0.397573,-0.000000,-0.328449,0.397573,-0.000000,0.000049,0.000049,0.000052,2
537,10.740000,2,gripper_l_finger1,-0.328495,0.377561,-0.000000,-0.328448,0.377573,-0.000000,-0.328448,0.377573,-0.000000,0.000049,0.000049,0.000051,1
537,10.740000,3,gripper_l_finger2,-0.328495,0.377561,0.000000,-0.328448,0.377573,-0.000000,-0.328448,0.377573,-0.000000,0.000049,0.000049,0.000051,0
537,10.740000,4,gripper_r_palm,0.328496,0.397561,0.000000,0.328449,0.397573,-0.000000,0.328449,0.397573,-0.000000,0.000049,0.000049,0.000052,6
537,10.740000,5,gripper_r_finger1,0.328495,0.377561,-0.000002,0.328448,0.377573,-0.000000,0.328448,0.377573,-0.000000,0.000049,0.000049,0.000051,5
537,10.740000,6,gripper_r_finger2,0.328495,0.377561,0.000002,0.328448,0.377573,-0.000000,0.328448,0.377573,-0.000000,0.000049,0.000049,0.000051,4
538,10.760000,0,base,0.000000,0.150000,0.000000,0.000000,0.150000,0.000000,0.000000,0.150000,0.000000,0.000000,0.000000,0.000000,0
538,10.760000,1,gripper_l_palm,-0.327629,0.397785,0.000000,-0.327582,0.397797,-0.000000,-0.327582,0.397797,-0.000000,0.000049,0.000049,0.000052,2
538,10.760000,2,gripper_l_finger1,-0.327628,0.377785,-0.000000,-0.327581,0.377797,-0.000000,-0.327581,0.377797,-0.000000,0.000049,0.000049,0.000051,1
538,10.760000,3,gripper_l_finger2,-0.327628,0.377785,0.000000,-0.327581,0.377797,-0.000000,-0.327581,0.377797,-0.000000,0.000049,0.000049,0.000051,0
538,10.760000,4,gripper_r_palm,0.327629,0.397785,0.000000,0.327582,0.397797,-0.000000,0.327582,0.397797,-0.000000,0.000049,0.000049,0.000052,6
538,10.760000,5,gripper_r_finger1,0.327628,0.377785,-0.000001,0.327581,0.377797,-0.000000,0.327581,0.377797,-0.000000,0.000049,0.000049,0.000051,5
538,10.760000,6,gripper_r_finger2,0.327628,0.377785,0.000001,0.327581,0.377797,-0.000000,0.327581,0.377797,-0.000000,0.000049,0.000049,0.000051,4
539,10.780000,0,base,0.000000,0.150000,0.000000,0.000000,0.150000,0.000000,0.000000,0.150000,0.000000,0.000000,0.000000,0.000000,0
539,10.780000,1,gripper_l_palm,-0.326761,0.398009,0.000000,-0.326714,0.398022,-0.000000,-0.326714,0.398022,-0.000000,0.000049,0.000049,0.000052,2
539,10.780000,2,gripper_l_finger1,-0.326761,0.378009,-0.000000,-0.326714,0.378022,-0.000000,-0.326714,0.378022,-0.000000,0.000049,0.000049,0.000051,1
539,10.780000,3,gripper_l_finger2,-0.326761,0.378009,0.000000,-0.326714,0.378022,-0.000000,-0.326714,0.378022,-0.000000,0.000049,0.000049,0.000051,0
539,10.780000,4,gripper_r_palm,0.326761,0.398009,0.000000,0.326714,0.398022,-0.000000,0.326714,0.398022,-0.000000,0.000049,0.000049,0.000052,6
539,10.780000,5,gripper_r_finger1,0.326761,0.378009,-0.000001,0.326714,0.378022,-0.000000,0.326714,0.378022,-0.000000,0.000049,0.000049,0.000051,5
539,10.780000,6,gripper_r_finger2,0.326761,0.378009,0.000001,0.326714,0.378022,-0.000000,0.326714,0.378022,-0.000000,0.000049,0.000049,0.000051,4
540,10.800000,0,base,0.000000,0.150000,0.000000,0.000000,0.150000,0.000000,0.000000,0.150000,0.000000,0.000000,0.000000,0.000000,0
540,10.800000,1,gripper_l_palm,-0.325894,0.398234,0.000000,-0.325847,0.398246,-0.000000,-0.325847,0.398246,-0.000000,0.000049,0.000049,0.000052,2
540,10.800000,2,gripper_l_finger1,-0.325893,0.378234,-0.000000,-0.325846,0.378246,-0.000000,-0.325846,0.378246,-0.000000,0.000049,0.000049,0.000051,1
540,10.800000,3,gripper_l_finger2,-0.325893,0.378234,0.000000,-0.325846,0.378246,-0.000000,-0.325846,0.378246,-0.000000,0.000049,0.000049,0.000051,0
540,10.800000,4,gripper_r_palm,0.325894,0.398234,0.000000,0.325847,0.398246,-0.000000,0.325847,0.398246,-0.000000,0.000049,0.000049,0.000052,6
540,10.800000,5,gripper_r_finger1,0.325893,0.378234,-0.000000,0.325846,0.378246,-0.000000,0.325846,0.378246,-0.000000,0.000049,0.000049,0.000051,5
540,10.800000,6,gripper_r_finger2,0.325893,0.378234,0.000000,0.325846,0.378246,-0.000000,0.325846,0.378246,-0.000000,0.000049,0.000049,0.000051,4
541,10.820000,0,base,0.000000,0.150000,0.000000,0.000000,0.150000,0.000000,0.000000,0.150000,0.000000,0.000000,0.000000,0.000000,0
541,10.820000,1,gripper_l_palm,-0.325026,0.398458,0.000000,-0.324979,0.398470,-0.000000,-0.324979,0.398470,-0.000000,0.000049,0.000049,0.000052,2
541,10.820000,2,gripper_l_finger1,-0.325025,0.378458,-0.000000,-0.324978,0.378470,-0.000000,-0.324978,0.378470,-0.000000,0.000049,0.000049,0.000051,1
541,10.820000,3,gripper_l_finger2,-0.325025,0.378458,0.000000,-0.324978,0.378470,-0.000000,-0.324978,0.378470,-0.000000,0.000049,0.000049,0.000051,0
541,10.820000,4,gripper_r_palm,0.325026,0.398458,0.000000,0.324979,0.398470,-0.000000,0.324979,0.398470,-0.000000,0.000049,0.000049,0.000052,6
541,10.820000,5,gripper_r_finger1,0.325025,0.378458,-0.000000,0.324978,0.378470,-0.000000,0.324978,0.378470,-0.000000,0.000049,0.000049,0.000051,5
541,10.820000,6,gripper_r_finger2,0.325025,0.378458,0.000000,0.324978,0.378470,-0.000000,0.324978,0.378470,-0.000000,0.000049,0.000049,0.000051,4
542,10.840000,0,base,0.000000,0.150000,0.000000,0.000000,0.150000,0.000000,0.000000,0.150000,0.000000,0.000000,0.000000,0.000000,0
542,10.840000,1,gripper_l_palm,-0.324158,0.398683,0.000000,-0.324111,0.398695,-0.000000,-0.324111,0.398695,-0.000000,0.000049,0.000049,0.000052,2
542,10.840000,2,gripper_l_finger1,-0.324157,0.378683,-0.000000,-0.324110,0.378695,-0.000000,-0.324110,0.378695,-0.000000,0.000049,0.000049,0.000051,1
542,10.840000,3,gripper_l_finger2,-0.324157,0.378683,0.000000,-0.324110,0.378695,-0.000000,-0.324110,0.378695,-0.000000,0.000049,0.000049,0.000051,0
542,10.840000,4,gripper_r_palm,0.324158,0.398683,0.000000,0.324111,0.398695,-0.000000,0.324111,0.398695,-0.000000,0.000049,0.000049,0.000052,6
542,10.840000,5,gripper_r_finger1,0.324157,0.378683,-0.000000,0.324110,0.378695,-0.000000,0.324110,0.378695,-0.000000,0.000049,0.000049,0.000051,5
542,10.840000,6,gripper_r_finger2,0.324157,0.378683,0.000000,0.324110,0.378695,-0.000000,0.324110,0.378695,-0.000000,0.000049,0.000049,0.000051,4
543,10.860000,0,base,0.000000,0.150000,0.000000,0.000000,0.150000,0.000000,0.000000,0.150000,0.000000,0.000000,0.000000,0.000000,0
543,10.860000,1,gripper_l_palm,-0.323289,0.398907,0.000000,-0.323242,0.398920,-0.000000,-0.323242,0.398920,-0.000000,0.000049,0.000049,0.000052,2
543,10.860000,2,gripper_l_finger1,-0.323289,0.378907,-0.000000,-0.323241,0.378920,-0.000000,-0.323241,0.378920,-0.000000,0.000049,0.000049,0.000051,1
543,10.860000,3,gripper_l_finger2,-0.323289,0.378907,0.000000,-0.323241,0.378920,-0.000000,-0.323241,0.378920,-0.000000,0.000049,0.000049,0.000051,0
543,10.860000,4,gripper_r_palm,0.323289,0.398907,0.000000,0.323242,0.398920,-0.000000,0.323242,0.398920,-0.000000,0.000049,0.000049,0.000052,6
543,10.860000,5,gripper_r_finger1,0.323289,0.378907,-0.000000,0.323241,0.378920,-0.000000,0.323241,0.378920,-0.000000,0.000049,0.000049,0.000051,5
543,10.860000,6,gripper_r_finger2,0.323289,0.378907,0.000000,0.323241,0.378920,-0.000000,0.323241,0.378920,-0.000000,0.000049,0.000049,0.000051,4
544,10.880000,0,base,0.000000,0.150000,0.000000,0.000000,0.150000,0.000000,0.000000,0.150000,0.000000,0.000000,0.000000,0.000000,0
544,10.880000,1,gripper_l_palm,-0.322420,0.399132,0.000000,-0.322373,0.399144,-0.000000,-0.322373,0.399144,-0.000000,0.000049,0.000049,0.000052,2
544,10.880000,2,gripper_l_finger1,-0.322420,0.379132,0.000001,-0.322373,0.379144,-0.000000,-0.322373,0.379144,-0.000000,0.000049,0.000049,0.000051,1
544,10.880000,3,gripper_l_finger2,-0.322420,0.379132,-0.000001,-0.322373,0.379144,-0.000000,-0.322373,0.379144,-0.000000,0.000049,0.000049,0.000051,0
544,10.880000,4,gripper_r_palm,0.322420,0.399132,0.000000,0.322373,0.399144,-0.000000,0.322373,0.399144,-0.000000,0.000049,0.000049,0.000052,6
544,10.880000,5,gripper_r_finger1,0.322420,0.379132,-0.000000,0.322373,0.379144,-0.000000,0.322373,0.379144,-0.000000,0.000049,0.000049,0.000051,5
544,10.880000,6,gripper_r_finger2,0.322420,0.379132,0.000000,0.322373,0.379144,-0.000000,0.322373,0.379144,-0.000000,0.000049,0.000049,0.000051,4
545,10.900000,0,base,0.000000,0.150000,0.000000,0.000000,0.150000,0.000000,0.000000,0.150000,0.000000,0.000000,0.000000,0.000000,0
545,10.900000,1,gripper_l_palm,-0.321551,0.399357,0.000000,-0.321504,0.399369,-0.000000,-0.321504,0.399369,-0.000000,0.000049,0.000049,0.000052,2
545,10.900000,2,gripper_l_finger1,-0.321550,0.379357,0.000003,-0.321503,0.379369,-0.000000,-0.321503,0.379369,-0.000000,0.000049,0.000049,0.000051,1
545,10.900000,3,gripper_l_finger2,-0.321550,0.379357,-0.000003,-0.321503,0.379369,-0.000000,-0.321503,0.379369,-0.000000,0.000049,0.000049,0.000051,0
545,10.900000,4,gripper_r_palm,0.321551,0.399357,0.000000,0.321504,0.399369,-0.000000,0.321504,0.399369,-0.000000,0.000049,0.000049,0.000052,6
545,10.900000,5,gripper_r_finger1,0.321550,0.379357,-0.000000,0.321503,0.379369,-0.000000,0.321503,0.379369,-0.000000,0.000049,0.000049,0.000051,5
545,10.900000,6,gripper_r_finger2,0.321550,0.379357,0.000000,0.321503,0.379369,-0.000000,0.321503,0.379369,-0.000000,0.000049,0.000049,0.000051,4
546,10.920000,0,base,0.000000,0.150000,0.000000,0.000000,0.150000,0.000000,0.000000,0.150000,0.000000,0.000000,0.000000,0.000000,0
546,10.920000,1,gripper_l_palm,-0.320682,0.399582,0.000000,-0.320635,0.399594,-0.000000,-0.320635,0.399594,-0.000000,0.000049,0.000049,0.000052,2
546,10.920000,2,gripper_l_finger1,-0.320681,0.379582,0.000003,-0.320634,0.379594,-0.000000,-0.320634,0.379594,-0.000000,0.000049,0.000049,0.000051,1
546,10.920000,3,gripper_l_finger2,-0.320681,0.379582,-0.000003,-0.320634,0.379594,-0.000000,-0.320634,0.379594,-0.000000,0.000049,0.000049,0.000051,0
546,10.920000,4,gripper_r_palm,0.320682,0.399582,0.000000,0.320635,0.399594,-0.000000,0.320635,0.399594,-0.000000,0.000049,0.000049,0.000052,6
546,10.920000,5,gripper_r_finger1,0.320681,0.379582,-0.000000,0.320634,0.379594,-0.000000,0.320634,0.379594,-0.000000,0.000049,0.000049,0.000051,5
546,10.920000,6,gripper_r_finger2,0.320681,0.379582,0.000000,0.320634,0.379594,-0.000000,0.320634,0.379594,-0.000000,0.000049,0.000049,0.000051,4
547,10.940000,0,base,0.000000,0.150000,0.000000,0.000000,0.150000,0.000000,0.000000,0.150000,0.000000,0.000000,0.000000,0.000000,0
547,10.940000,1,gripper_l_palm,-0.319812,0.399806,0.000000,-0.319765,0.399819,-0.000000,-0.319765,0.399819,-0.000000,0.000049,0.000049,0.000052,2
547,10.940000,2,gripper_l_finger1,-0.319812,0.379806,0.000005,-0.319765,0.379819,-0.000000,-0.319765,0.379819,-0.000000,0.000049,0.000049,0.000052,1
547,10.940000,3,gripper_l_finger2,-0.319812,0.379806,-0.000005,-0.319765,0.379819,-0.000000,-0.319765,0.379819,-0.000000,0.000049,0.000049,0.000052,0
547,10.940000,4,gripper_r_palm,0.319812,0.399806,0.000000,0.319765,0.399819,-0.000000,0.319765,0.399819,-0.000000,0.000049,0.000049,0.000052,6
547,10.940000,5,gripper_r_finger1,0.319812,0.379806,-0.000000,0.319765,0.379819,-0.000000,0.319765,0.379819,-0.000000,0.000049,0.000049,0.000051,5
547,10.940000,6,gripper_r_finger2,0.319812,0.379806,0.000000,0.319765,0.379819,-0.000000,0.319765,0.379819,-0.000000,0.000049,0.000049,0.000051,4
548,10.960000,0,base,0.000000,0.150000,0.000000,0.000000,0.150000,0.000000,0.000000,0.150000,0.000000,0.000000,0.000000,0.000000,0
548,10.960000,1,gripper_l_palm,-0.318943,0.400031,0.000000,-0.318896,0.400044,-0.000000,-0.318896,0.400044,-0.000000,0.000049,0.000049,0.000052,2
548,10.960000,2,gripper_l_finger1,-0.318942,0.380031,0.000003,-0.318895,0.380044,-0.000000,-0.318895,0.380044,-0.000000,0.000049,0.000049,0.000051,1
548,10.960000,3,gripper_l_finger2,-0.318942,0.380031,-0.000003,-0.318895,0.380044,-0.000000,-0.318895,0.380044,-0.000000,0.000049,0.000049,0.000051,0
548,10.960000,4,gripper_r_palm,0.318943,0.400031,0.000000,0.318896,0.400044,-0.000000,0.318896,0.400044,-0.000000,0.000049,0.000049,0.000052,6
548,10.960000,5,gripper_r_finger1,0.318942,0.380031,-0.000000,0.318895,0.380044,-0.000000,0.318895,0.380044,-0.000000,0.000049,0.000049,0.000051,5
548,10.960000,6,gripper_r_finger2,0.318942,0.380031,0.000000,0.318895,0.380044,-0.000000,0.318895,0.380044,-0.000000,0.000049,0.000049,0.000051,4
549,10.980000,0,base,0.000000,0.150000,0.000000,0.000000,0.150000,0.000000,0.000000,0.150000,0.000000,0.000000,0.000000,0.000000,0
549,10.980000,1,gripper_l_palm,-0.318073,0.400256,0.000000,-0.318026,0.400268,-0.000000,-0.318026,0.400268,-0.000000,0.000049,0.000049,0.000052,2
549,10.980000,2,gripper_l_finger1,-0.318072,0.380256,-0.000002,-0.318025,0.380268,-0.000000,-0.318025,0.380268,-0.000000,0.000049,0.000049,0.000051,1
549,10.980000,3,gripper_l_finger2,-0.318072,0.380256,0.000002,-0.318025,0.380268,-0.000000,-0.318025,0.380268,-0.000000,0.000049,0.000049,0.000051,0
549,10.980000,4,gripper_r_palm,0.318073,0.400256,0.000000,0.318026,0.400269,-0.000000,0.318026,0.400269,-0.000000,0.000049,0.000049,0.000052,6
549,10.980000,5,gripper_r_finger1,0.318072,0.380256,-0.000000,0.318025,0.380269,-0.000000,0.318025,0.380269,-0.000000,0.000049,0.000049,0.000051,5
549,10.980000,6,gripper_r_finger2,0.318072,0.380256,0.000000,0.318025,0.380269,-0.000000,0.318025,0.380269,-0.000000,0.000049,0.000049,0.000051,4
550,11.000000,0,base,0.000000,0.150000,0.000000,0.000000,0.150000,0.000000,0.000000,0.150000,0.000000,0.000000,0.000000,0.000000,0
550,11.000000,1,gripper_l_palm,-0.317203,0.400481,0.000000,-0.317156,0.400493,-0.000000,-0.317156,0.400493,-0.000000,0.000049,0.000049,0.000052,2
550,11.000000,2,gripper_l_finger1,-0.317203,0.380481,-0.000003,-0.317155,0.380493,-0.000000,-0.317155,0.380493,-0.000000,0.000049,0.000049,0.000051,1
550,11.000000,3,gripper_l_finger2,-0.317203,0.380481,0.000003,-0.317155,0.380493,-0.000000,-0.317155,0.380493,-0.000000,0.000049,0.000049,0.000051,0
550,11.000000,4,gripper_r_palm,0.317203,0.400481,0.000000,0.317156,0.400494,-0.000000,0.317156,0.400494,-0.000000,0.000049,0.000049,0.000052,6
550,11.000000,5,gripper_r_finger1,0.317203,0.380481,-0.000000,0.317155,0.380494,-0.000000,0.317155,0.380494,-0.000000,0.000049,0.000049,0.000051,5
550,11.000000,6,gripper_r_finger2,0.317203,0.380481,0.000000,0.317155,0.380494,-0.000000,0.317155,0.380494,-0.000000,0.000049,0.000049,0.000051,4
551,11.020000,0,base,0.000000,0.150000,0.000000,0.000000,0.150000,0.000000,0.000000,0.150000,0.000000,0.000000,0.000000,0.000000,0
551,11.020000,1,gripper_l_palm,-0.316333,0.400706,0.000000,-0.316286,0.400718,-0.000000,-0.316286,0.400718,-0.000000,0.000049,0.000049,0.000052,2
551,11.020000,2,gripper_l_finger1,-0.316333,0.380706,-0.000002,-0.316285,0.380718,-0.000000,-0.316285,0.380718,-0.000000,0.000049,0.000049,0.000051,1
551,11.020000,3,gripper_l_finger2,-0.316333,0.380706,0.000002,-0.316285,0.380718,-0.000000,-0.316285,0.380718,-0.000000,0.000049,0.000049,0.000051,0
551,11.020000,4,gripper_r_palm,0.316333,0.400706,0.000000,0.316286,0.400719,-0.000000,0.316286,0.400719,-0.000000,0.000049,0.000049,0.000052,6
551,11.020000,5,gripper_r_finger1,0.316333,0.380706,-0.000000,0.316285,0.380718,-0.000000,0.316285,0.380718,-0.000000,0.000049,0.000049,0.000051,5
551,11.020000,6,gripper_r_finger2,0.316333,0.380706,0.000000,0.316285,0.380718,-0.000000,0.316285,0.380718,-0.000000,0.000049,0.000049,0.000051,4
552,11.040000,0,base,0.000000,0.150000,0.000000,0.000000,0.150000,0.000000,0.000000,0.150000,0.000000,0.000000,0.000000,0.000000,0
552,11.040000,1,gripper_l_palm,-0.315463,0.400931,0.000000,-0.315416,0.400944,-0.000000,-0.315416,0.400944,-0.000000,0.000049,0.000049,0.000052,2
552,11.040000,2,gripper_l_finger1,-0.315463,0.380931,-0.000000,-0.315416,0.380944,-0.000000,-0.315416,0.380944,-0.000000,0.000049,0.000049,0.000051,1
552,11.040000,3,gripper_l_finger2,-0.315463,0.380931,0.000000,-0.315416,0.380944,-0.000000,-0.315416,0.380944,-0.000000,0.000049,0.000049,0.000051,0
552,11.040000,4,gripper_r_palm,0.315463,0.400931,0.000000,0.315416,0.400944,-0.000000,0.315416,0.400944,-0.000000,0.000049,0.000049,0.000052,6
552,11.040000,5,gripper_r_finger1,0.315463,0.380931,-0.000000,0.315416,0.380944,-0.000000,0.315416,0.380944,-0.000000,0.000049,0.000049,0.000051,5
552,11.040000,6,gripper_r_finger2,0.315463,0.380931,0.000000,0.315416,0.380944,-0.000000,0.315416,0.380944,-0.000000,0.000049,0.000049,0.000051,4
553,11.060000,0,base,0.000000,0.150000,0.000000,0.000000,0.150000,0.000000,0.000000,0.150000,0.000000,0.000000,0.000000,0.000000,0
553,11.060000,1,gripper_l_palm,-0.314593,0.401156,0.000000,-0.314546,0.401168,-0.000000,-0.314546,0.401168,-0.000000,0.000049,0.000049,0.000052,2
553,11.060000,2,gripper_l_finger1,-0.314593,0.381156,-0.000001,-0.314546,0.381169,-0.000000,-0.314546,0.381169,-0.000000,0.000049,0.000049,0.000051,1
553,11.060000,3,gripper_l_finger2,-0.314593,0.381156,0.000001,-0.314546,0.381169,-0.000000,-0.314546,0.381169,-0.000000,0.000049,0.000049,0.000051,0
553,11.060000,4,gripper_r_palm,0.314593,0.401156,0.000000,0.314546,0.401168,-0.000000,0.314546,0.401168,-0.000000,0.000049,0.000049,0.000052,6
553,11.060000,5,gripper_r_finger1,0.314593,0.381156,-0.000000,0.314546,0.381168,-0.000000,0.314546,0.381168,-0.000000,0.000049,0.000049,0.000051,5
553,11.060000,6,gripper_r_finger2,0.314593,0.381156,0.000000,0.314546,0.381168,-0.000000,0.314546,0.381168,-0.000000,0.000049,0.000049,0.000051,4
554,11.080000,0,base,0.000000,0.150000,0.000000,0.000000,0.150000,0.000000,0.000000,0.150000,0.000000,0.000000,0.000000,0.000000,0
554,11.080000,1,gripper_l_palm,-0.313723,0.401381,0.000000,-0.313676,0.401394,-0.000000,-0.313676,0.401394,-0.000000,0.000049,0.000049,0.000052,2
554,11.080000,2,gripper_l_finger1,-0.313723,0.381381,-0.000001,-0.313676,0.381394,-0.000000,-0.313676,0.381394,-0.000000,0.000049,0.000049,0.000051,1
554,11.080000,3,gripper_l_finger2,-0.313723,0.381381,0.000001,-0.313676,0.381394,-0.000000,-0.313676,0.381394,-0.000000,0.000049,0.000049,0.000051,0
554,11.080000,4,gripper_r_palm,0.313723,0.401381,0.000000,0.313676,0.401394,-0.000000,0.313676,0.401394,-0.000000,0.000049,0.000049,0.000052,6
554,11.080000,5,gripper_r_finger1,0.313723,0.381381,-0.000000,0.313676,0.381393,-0.000000,0.313676,0.381393,-0.000000,0.000049,0.000049,0.000051,5
554,11.080000,6,gripper_r_finger2,0.313723,0.381381,0.000000,0.313676,0.381393,-0.000000,0.313676,0.381393,-0.000000,0.000049,0.000049,0.000051,4
555,11.100000,0,base,0.000000,0.150000,0.000000,0.000000,0.150000,0.000000,0.000000,0.150000,0.000000,0.000000,0.000000,0.000000,0
555,11.100000,1,gripper_l_palm,-0.312853,0.401606,0.000000,-0.312806,0.401618,-0.000000,-0.312806,0.401618,-0.000000,0.000049,0.000049,0.000052,2
555,11.100000,2,gripper_l_finger1,-0.312853,0.381606,-0.000000,-0.312806,0.381618,-0.000000,-0.312806,0.381618,-0.000000,0.000049,0.000049,0.000051,1
555,11.100000,3,gripper_l_finger2,-0.312853,0.381606,0.000000,-0.312806,0.381618,-0.000000,-0.312806,0.381618,-0.000000,0.000049,0.000049,0.000051,0
555,11.100000,4,gripper_r_palm,0.312853,0.401606,0.000000,0.312806,0.401618,-0.000000,0.312806,0.401618,-0.000000,0.000049,0.000049,0.000052,6
555,11.100000,5,gripper_r_finger1,0.312853,0.381606,-0.000000,0.312806,0.381618,-0.000000,0.312806,0.381618,-0.000000,0.000049,0.000049,0.000051,5
555,11.100000,6,gripper_r_finger2,0.312853,0.381606,0.000000,0.312806,0.381618,-0.000000,0.312806,0.381618,-0.000000,0.000049,0.000049,0.000051,4
556,11.120000,0,base,0.000000,0.150000,0.000000,0.000000,0.150000,0.000000,0.000000,0.150000,0.000000,0.000000,0.000000,0.000000,0
556,11.120000,1,gripper_l_palm,-0.311983,0.401831,0.000000,-0.311936,0.401843,-0.000000,-0.311936,0.401843,-0.000000,0.000049,0.000049,0.000052,2
556,11.120000,2,gripper_l_finger1,-0.311983,0.381831,-0.000001,-0.311936,0.381843,-0.000000,-0.311936,0.381843,-0.000000,0.000049,0.000049,0.000051,1
556,11.120000,3,gripper_l_finger2,-0.311983,0.381831,0.000001,-0.311936,0.381843,-0.000000,-0.311936,0.381843,-0.000000,0.000049,0.000049,0.000051,0
556,11.120000,4,gripper_r_palm,0.311983,0.401831,0.000000,0.311936,0.401843,-0.000000,0.311936,0.401843,-0.000000,0.000049,0.000049,0.000052,6
556,11.120000,5,gripper_r_finger1,0.311983,0.381831,-0.000000,0.311936,0.381843,-0.000000,0.311936,0.381843,-0.000000,0.000049,0.000049,0.000051,5
556,11.120000,6,gripper_r_finger2,0.311983,0.381831,0.000000,0.311936,0.381843,-0.000000,0.311936,0.381843,-0.000000,0.000049,0.000049,0.000051,4
557,11.140000,0,base,0.000000,0.150000,0.000000,0.000000,0.150000,0.000000,0.000000,0.150000,0.000000,0.000000,0.000000,0.000000,0
557,11.140000,1,gripper_l_palm,-0.311114,0.402056,0.000000,-0.311067,0.402068,-0.000000,-0.311067,0.402068,-0.000000,0.000049,0.000049,0.000052,2
557,11.140000,2,gripper_l_finger1,-0.311113,0.382056,-0.000001,-0.311066,0.382068,-0.000000,-0.311066,0.382068,-0.000000,0.000049,0.000049,0.000051,1
557,11.140000,3,gripper_l_finger2,-0.311113,0.382056,0.000001,-0.311066,0.382068,-0.000000,-0.311066,0.382068,-0.000000,0.000049,0.000049,0.000051,0
557,11.140000,4,gripper_r_palm,0.311114,0.402056,0.000000,0.311067,0.402068,-0.000000,0.311067,0.402068,-0.000000,0.000049,0.000049,0.000052,6
557,11.140000,5,gripper_r_finger1,0.311113,0.382056,-0.000000,0.311066,0.382068,-0.000000,0.311066,0.382068,-0.000000,0.000049,0.000049,0.000051,5
557,11.140000,6,gripper_r_finger2,0.311113,0.382056,0.000000,0.311066,0.382068,-0.000000,0.311066,0.382068,-0.000000,0.000049,0.000049,0.000051,4
558,11.160000,0,base,0.000000,0.150000,0.000000,0.000000,0.150000,0.000000,0.000000,0.150000,0.000000,0.000000,0.000000,0.000000,0
558,11.160000,1,gripper_l_palm,-0.310244,0.402281,0.000000,-0.310197,0.402293,-0.000000,-0.310197,0.402293,-0.000000,0.000049,0.000049,0.000052,2
558,11.160000,2,gripper_l_finger1,-0.310243,0.382281,-0.000001,-0.310196,0.382293,-0.000000,-0.310196,0.382293,-0.000000,0.000049,0.000049,0.000051,1
558,11.160000,3,gripper_l_finger2,-0.310243,0.382281,0.000001,-0.310196,0.382293,-0.000000,-0.310196,0.382293,-0.000000,0.000049,0.000049,0.000051,0
558,11.160000,4,gripper_r_palm,0.310244,0.402281,0.000000,0.310197,0.402293,-0.000000,0.310197,0.402293,-0.000000,0.000049,0.000049,0.000052,6
558,11.160000,5,gripper_r_finger1,0.310243,0.382281,-0.000000,0.310196,0.382293,-0.000000,0.310196,0.382293,-0.000000,0.000049,0.000049,0.000051,5
558,11.160000,6,gripper_r_finger2,0.310243,0.382281,0.000000,0.310196,0.382293,-0.000000,0.310196,0.382293,-0.000000,0.000049,0.000049,0.000051,4
559,11.180000,0,base,0.000000,0.150000,0.000000,0.000000,0.150000,0.000000,0.000000,0.150000,0.000000,0.000000,0.000000,0.000000,0
559,11.180000,1,gripper_l_palm,-0.309375,0.402506,0.000000,-0.309328,0.402518,-0.000000,-0.309328,0.402518,-0.000000,0.000049,0.000049,0.000052,2
559,11.180000,2,gripper_l_finger1,-0.309374,0.382506,0.000002,-0.309327,0.382518,-0.000000,-0.309327,0.382518,-0.000000,0.000049,0.000049,0.000051,1
559,11.180000,3,gripper_l_finger2,-0.309374,0.382506,-0.000002,-0.309327,0.382518,-0.000000,-0.309327,0.382518,-0.000000,0.000049,0.000049,0.000051,0
559,11.180000,4,gripper_r_palm,0.309375,0.402506,0.000000,0.309328,0.402518,-0.000000,0.309328,0.402518,-0.000000,0.000049,0.000049,0.000052,6
559,11.180000,5,gripper_r_finger1,0.309374,0.382506,-0.000000,0.309327,0.382518,-0.000000,0.309327,0.382518,-0.000000,0.000049,0.000049,0.000051,5
559,11.180000,6,gripper_r_finger2,0.309374,0.382506,0.000000,0.309327,0.382518,-0.000000,0.309327,0.382518,-0.000000,0.000049,0.000049,0.000051,4
560,11.200000,0,base,0.000000,0.150000,0.000000,0.000000,0.150000,0.000000,0.000000,0.150000,0.000000,0.000000,0.000000,0.000000,0
560,11.200000,1,gripper_l_palm,-0.308505,0.402731,0.000000,-0.308458,0.402743,-0.000000,-0.308458,0.402743,-0.000000,0.000049,0.000049,0.000052,2
560,11.200000,2,gripper_l_finger1,-0.308505,0.382731,0.000008,-0.308458,0.382743,-0.000000,-0.308458,0.382743,-0.000000,0.000049,0.000049,0.000052,1
560,11.200000,3,gripper_l_finger2,-0.308505,0.382731,-0.000008,-0.308458,0.382743,-0.000000,-0.308458,0.382743,-0.000000,0.000049,0.000049,0.000052,0
560,11.200000,4,gripper_r_palm,0.308505,0.402731,0.000000,0.308458,0.402743,-0.000000,0.308458,0.402743,-0.000000,0.000049,0.000049,0.000052,6
560,11.200000,5,gripper_r_finger1,0.308505,0.382731,-0.000000,0.308458,0.382743,-0.000000,0.308458,0.382743,-0.000000,0.000049,0.000049,0.000051,5
560,11.200000,6,gripper_r_finger2,0.308505,0.382731,0.000000,0.308458,0.382743,-0.000000,0.308458,0.382743,-0.000000,0.000049,0.000049,0.000051,4
561,11.220000,0,base,0.000000,0.150000,0.000000,0.000000,0.150000,0.000000,0.000000,0.150000,0.000000,0.000000,0.000000,0.000000,0
561,11.220000,1,gripper_l_palm,-0.307636,0.402955,0.000000,-0.307589,0.402968,-0.000000,-0.307589,0.402968,-0.000000,0.000049,0.000049,0.000052,2
561,11.220000,2,gripper_l_finger1,-0.307636,0.382955,0.000005,-0.307589,0.382968,-0.000000,-0.307589,0.382968,-0.000000,0.000049,0.000049,0.000051,1
561,11.220000,3,gripper_l_finger2,-0.307636,0.382955,-0.000005,-0.307589,0.382968,-0.000000,-0.307589,0.382968,-0.000000,0.000049,0.000049,0.000051,0
561,11.220000,4,gripper_r_palm,0.307636,0.402955,0.000000,0.307589,0.402968,-0.000000,0.307589,0.402968,-0.000000,0.000049,0.000049,0.000052,6
561,11.220000,5,gripper_r_finger1,0.307636,0.382955,-0.000000,0.307589,0.382968,-0.000000,0.307589,0.382968,-0.000000,0.000049,0.000049,0.000051,5
561,11.220000,6,gripper_r_finger2,0.307636,0.382955,0.000000,0.307589,0.382968,-0.000000,0.307589,0.382968,-0.000000,0.000049,0.000049,0.000051,4
562,11.240000,0,base,0.000000,0.150000,0.000000,0.000000,0.150000,0.000000,0.000000,0.150000,0.000000,0.000000,0.000000,0.000000,0
562,11.240000,1,gripper_l_palm,-0.306767,0.403180,0.000000,-0.306720,0.403192,-0.000000,-0.306720,0.403192,-0.000000,0.000049,0.000049,0.000052,2
562,11.240000,2,gripper_l_finger1,-0.306767,0.383180,0.000000,-0.306720,0.383192,-0.000000,-0.306720,0.383192,-0.000000,0.000049,0.000049,0.000051,1
562,11.240000,3,gripper_l_finger2,-0.306767,0.383180,-0.000000,-0.306720,0.383192,-0.000000,-0.306720,0.383192,-0.000000,0.000049,0.000049,0.000051,0
562,11.240000,4,gripper_r_palm,0.306767,0.403180,0.000000,0.306720,0.403192,-0.000000,0.306720,0.403192,-0.000000,0.000049,0.000049,0.000052,6
562,11.240000,5,gripper_r_finger1,0.306767,0.383180,-0.000000,0.306720,0.383192,-0.000000,0.306720,0.383192,-0.000000,0.000049,0.000049,0.000051,5
562,11.240000,6,gripper_r_finger2,0.306767,0.383180,0.000000,0.306720,0.383192,-0.000000,0.306720,0.383192,-0.000000,0.000049,0.000049,0.000051,4
563,11.260000,0,base,0.000000,0.150000,0.000000,0.000000,0.150000,0.000000,0.000000,0.150000,0.000000,0.000000,0.000000,0.000000,0
563,11.260000,1,gripper_l_palm,-0.305899,0.403405,0.000000,-0.305852,0.403417,-0.000000,-0.305852,0.403417,-0.000000,0.000049,0.000049,0.000052,2
563,11.260000,2,gripper_l_finger1,-0.305898,0.383405,0.000000,-0.305851,0.383417,-0.000000,-0.305851,0.383417,-0.000000,0.000049,0.000049,0.000051,1
563,11.260000,3,gripper_l_finger2,-0.305898,0.383405,-0.000000,-0.305851,0.383417,-0.000000,-0.305851,0.383417,-0.000000,0.000049,0.000049,0.000051,0
563,11.260000,4,gripper_r_palm,0.305899,0.403405,0.000000,0.305852,0.403417,-0.000000,0.305852,0.403417,-0.000000,0.000049,0.000049,0.000052,6
563,11.260000,5,gripper_r_finger1,0.305898,0.383405,-0.000000,0.305851,0.383417,-0.000000,0.305851,0.383417,-0.000000,0.000049,0.000049,0.000051,5
563,11.260000,6,gripper_r_finger2,0.305898,0.383405,0.000000,0.305851,0.383417,-0.000000,0.305851,0.383417,-0.000000,0.000049,0.000049,0.000051,4
564,11.280000,0,base,0.000000,0.150000,0.000000,0.000000,0.150000,0.000000,0.000000,0.150000,0.000000,0.000000,0.000000,0.000000,0
564,11.280000,1,gripper_l_palm,-0.305030,0.403629,0.000000,-0.304983,0.403642,-0.000000,-0.304983,0.403642,-0.000000,0.000049,0.000049,0.000052,2
564,11.280000,2,gripper_l_finger1,-0.305030,0.383629,-0.000000,-0.304983,0.383642,-0.000000,-0.304983,0.383642,-0.000000,0.000049,0.000049,0.000051,1
564,11.280000,3,gripper_l_finger2,-0.305030,0.383629,0.000000,-0.304983,0.383642,-0.000000,-0.304983,0.383642,-0.000000,0.000049,0.000049,0.000051,0
564,11.280000,4,gripper_r_palm,0.305030,0.403629,0.000000,0.304983,0.403642,-0.000000,0.304983,0.403642,-0.000000,0.000049,0.000049,0.000052,6
564,11.280000,5,gripper_r_finger1,0.305030,0.383629,-0.000000,0.304983,0.383642,-0.000000,0.304983,0.383642,-0.000000,0.000049,0.000049,0.000051,5
564,11.280000,6,gripper_r_finger2,0.305030,0.383629,0.000000,0.304983,0.383642,-0.000000,0.304983,0.383642,-0.000000,0.000049,0.000049,0.000051,4
565,11.300000,0,base,0.000000,0.150000,0.000000,0.000000,0.150000,0.000000,0.000000,0.150000,0.000000,0.000000,0.000000,0.000000,0
565,11.300000,1,gripper_l_palm,-0.304162,0.403854,0.000000,-0.304116,0.403866,-0.000000,-0.304116,0.403866,-0.000000,0.000049,0.000049,0.000052,2
565,11.300000,2,gripper_l_finger1,-0.304162,0.383854,-0.000002,-0.304115,0.383866,-0.000000,-0.304115,0.383866,-0.000000,0.000049,0.000049,0.000051,1
565,11.300000,3,gripper_l_finger2,-0.304162,0.383854,0.000002,-0.304115,0.383866,-0.000000,-0.304115,0.383866,-0.000000,0.000049,0.000049,0.000051,0
565,11.300000,4,gripper_r_palm,0.304162,0.403854,0.000000,0.304116,0.403866,-0.000000,0.304116,0.403866,-0.000000,0.000049,0.000049,0.000052,6
565,11.300000,5,gripper_r_finger1,0.304162,0.383854,-0.000000,0.304115,0.383866,-0.000000,0.304115,0.383866,-0.000000,0.000049,0.000049,0.000051,5
565,11.300000,6,gripper_r_finger2,0.304162,0.383854,0.000000,0.304115,0.383866,-0.000000,0.304115,0.383866,-0.000000,0.000049,0.000049,0.000051,4
566,11.320000,0,base,0.000000,0.150000,0.000000,0.000000,0.150000,0.000000,0.000000,0.150000,0.000000,0.000000,0.000000,0.000000,0
566,11.320000,1,gripper_l_palm,-0.303295,0.404078,0.000000,-0.303248,0.404090,-0.000000,-0.303248,0.404090,-0.000000,0.000049,0.000049,0.000052,2
566,11.320000,2,gripper_l_finger1,-0.303294,0.384078,-0.000002,-0.303247,0.384090,-0.000000,-0.303247,0.384090,-0.000000,0.000049,0.000049,0.000051,1
566,11.320000,3,gripper_l_finger2,-0.303294,0.384078,0.000002,-0.303247,0.384090,-0.000000,-0.303247,0.384090,-0.000000,0.000049,0.000049,0.000051,0
566,11.320000,4,gripper_r_palm,0.303295,0.404078,0.000000,0.303248,0.404090,-0.000000,0.303248,0.404090,-0.000000,0.000049,0.000049,0.000052,6
566,11.320000,5,gripper_r_finger1,0.303294,0.384078,-0.000000,0.303247,0.384090,-0.000000,0.303247,0.384090,-0.000000,0.000049,0.000049,0.000051,5
566,11.320000,6,gripper_r_finger2,0.303294,0.384078,0.000000,0.303247,0.384090,-0.000000,0.303247,0.384090,-0.000000,0.000049,0.000049,0.000051,4
567,11.340000,0,base,0.000000,0.150000,0.000000,0.000000,0.150000,0.000000,0.000000,0.150000,0.000000,0.000000,0.000000,0.000000,0
567,11.340000,1,gripper_l_palm,-0.302428,0.404302,0.000000,-0.302381,0.404315,-0.000000,-0.302381,0.404315,-0.000000,0.000049,0.000049,0.000052,2
567,11.340000,2,gripper_l_finger1,-0.302427,0.384302,-0.000003,-0.302380,0.384315,-0.000000,-0.302380,0.384315,-0.000000,0.000049,0.000049,0.000051,1
567,11.340000,3,gripper_l_finger2,-0.302427,0.384302,0.000003,-0.302380,0.384315,-0.000000,-0.302380,0.384315,-0.000000,0.000049,0.000049,0.000051,0
567,11.340000,4,gripper_r_palm,0.302428,0.404302,0.000000,0.302381,0.404315,-0.000000,0.302381,0.404315,-0.000000,0.000048,0.000048,0.000052,6
567,11.340000,5,gripper_r_finger1,0.302427,0.384302,-0.000000,0.302380,0.384315,-0.000000,0.302380,0.384315,-0.000000,0.000049,0.000049,0.000051,5
567,11.340000,6,gripper_r_finger2,0.302427,0.384302,0.000000,0.302380,0.384315,-0.000000,0.302380,0.384315,-0.000000,0.000049,0.000049,0.000051,4
568,11.360000,0,base,0.000000,0.150000,0.000000,0.000000,0.150000,0.000000,0.000000,0.150000,0.000000,0.000000,0.000000,0.000000,0
568,11.360000,1,gripper_l_palm,-0.301561,0.404527,0.000000,-0.301514,0.404539,-0.000000,-0.301514,0.404539,-0.000000,0.000048,0.000048,0.000052,2
568,11.360000,2,gripper_l_finger1,-0.301560,0.384527,-0.000004,-0.301513,0.384539,-0.000000,-0.301513,0.384539,-0.000000,0.000049,0.000049,0.000051,1
568,11.360000,3,gripper_l_finger2,-0.301560,0.384527,0.000004,-0.301513,0.384539,-0.000000,-0.301513,0.384539,-0.000000,0.000049,0.000049,0.000051,0
568,11.360000,4,gripper_r_palm,0.301561,0.404527,0.000000,0.301514,0.404539,-0.000000,0.301514,0.404539,-0.000000,0.000049,0.000049,0.000052,6
568,11.360000,5,gripper_r_finger1,0.301560,0.384527,0.000001,0.301513,0.384539,-0.000000,0.301513,0.384539,-0.000000,0.000048,0.000048,0.000051,5
568,11.360000,6,gripper_r_finger2,0.301560,0.384527,-0.000001,0.301513,0.384539,-0.000000,0.301513,0.384539,-0.000000,0.000048,0.000048,0.000051,4
569,11.380000,0,base,0.000000,0.150000,0.000000,0.000000,0.150000,0.000000,0.000000,0.150000,0.000000,0.000000,0.000000,0.000000,0
569,11.380000,1,gripper_l_palm,-0.300694,0.404751,0.000000,-0.300647,0.404763,-0.000000,-0.300647,0.404763,-0.000000,0.000048,0.000048,0.000052,2
569,11.380000,2,gripper_l_finger1,-0.300694,0.384751,-0.000003,-0.300647,0.384763,-0.000000,-0.300647,0.384763,-0.000000,0.000048,0.000048,0.000051,1
569,11.380000,3,gripper_l_finger2,-0.300694,0.384751,0.000003,-0.300647,0.384763,-0.000000,-0.300647,0.384763,-0.000000,0.000048,0.000048,0.000051,0
569,11.380000,4,gripper_r_palm,0.300694,0.404751,0.000000,0.300647,0.404763,-0.000000,0.300647,0.404763,-0.000000,0.000048,0.000048,0.000052,6
569,11.380000,5,gripper_r_finger1,0.300694,0.384751,0.000002,0.300647,0.384763,-0.000000,0.300647,0.384763,-0.000000,0.000048,0.000048,0.000051,5
569,11.380000,6,gripper_r_finger2,0.300694,0.384751,-0.000002,0.300647,0.384763,-0.000000,0.300647,0.384763,-0.000000,0.000048,0.000048,0.000051,4
570,11.400000,0,base,0.000000,0.150000,0.000000,0.000000,0.150000,0.000000,0.000000,0.150000,0.000000,0.000000,0.000000,0.000000,0
570,11.400000,1,gripper_l_palm,-0.299828,0.404975,0.000000,-0.299781,0.404987,-0.000000,-0.299781,0.404987,-0.000000,0.000048,0.000048,0.000052,2
570,11.400000,2,gripper_l_finger1,-0.299828,0.384975,-0.000001,-0.299781,0.384987,-0.000000,-0.299781,0.384987,-0.000000,0.000048,0.000048,0.000051,1
570,11.400000,3,gripper_l_finger2,-0.299828,0.384975,0.000001,-0.299781,0.384987,-0.000000,-0.299781,0.384987,-0.000000,0.000048,0.000048,0.000051,0
570,11.400000,4,gripper_r_palm,0.299828,0.404975,0.000000,0.299781,0.404987,-0.000000,0.299781,0.404987,-0.000000,0.000048,0.000048,0.000052,6
570,11.400000,5,gripper_r_finger1,0.299828,0.384975,0.000002,0.299781,0.384987,-0.000000,0.299781,0.384987,-0.000000,0.000048,0.000048,0.000051,5
570,11.400000,6,gripper_r_finger2,0.299828,0.384975,-0.000002,0.299781,0.384987,-0.000000,0.299781,0.384987,-0.000000,0.000048,0.000048,0.000051,4
571,11.420000,0,base,0.000000,0.150000,0.000000,0.000000,0.150000,0.000000,0.000000,0.150000,0.000000,0.000000,0.000000,0.000000,0
571,11.420000,1,gripper_l_palm,-0.298963,0.405199,0.000000,-0.298916,0.405211,-0.000000,-0.298916,0.405211,-0.000000,0.000048,0.000048,0.000052,2
571,11.420000,2,gripper_l_finger1,-0.298962,0.385199,-0.000001,-0.298915,0.385211,-0.000000,-0.298915,0.385211,-0.000000,0.000048,0.000048,0.000051,1
571,11.420000,3,gripper_l_finger2,-0.298962,0.385199,0.000001,-0.298915,0.385211,-0.000000,-0.298915,0.385211,-0.000000,0.000048,0.000048,0.000051,0
571,11.420000,4,gripper_r_palm,0.298963,0.405198,0.000000,0.298916,0.405211,-0.000000,0.298916,0.405211,-0.000000,0.000048,0.000048,0.000052,6
571,11.420000,5,gripper_r_finger1,0.298962,0.385199,0.000001,0.298915,0.385211,-0.000000,0.298915,0.385211,-0.000000,0.000048,0.000048,0.000051,5
571,11.420000,6,gripper_r_finger2,0.298962,0.385199,-0.000001,0.298915,0.385211,-0.000000,0.298915,0.385211,-0.000000,0.000048,0.000048,0.000051,4
572,11.440000,0,base,0.000000,0.150000,0.000000,0.000000,0.150000,0.000000,0.000000,0.150000,0.000000,0.000000,0.000000,0.000000,0
572,11.440000,1,gripper_l_palm,-0.298098,0.405422,0.000000,-0.298051,0.405434,-0.000000,-0.298051,0.405434,-0.000000,0.000048,0.000048,0.000052,2
572,11.440000,2,gripper_l_finger1,-0.298097,0.385422,-0.000001,-0.298050,0.385434,-0.000000,-0.298050,0.385434,-0.000000,0.000048,0.000048,0.000051,1
572,11.440000,3,gripper_l_finger2,-0.298097,0.385422,0.000001,-0.298050,0.385434,-0.000000,-0.298050,0.385434,-0.000000,0.000048,0.000048,0.000051,0
572,11.440000,4,gripper_r_palm,0.298098,0.405422,0.000000,0.298051,0.405434,-0.000000,0.298051,0.405434,-0.000000,0.000048,0.000048,0.000052,6
572,11.440000,5,gripper_r_finger1,0.298097,0.385422,0.000000,0.298050,0.385434,-0.000000,0.298050,0.385434,-0.000000,0.000048,0.000048,0.000051,5
572,11.440000,6,gripper_r_finger2,0.298097,0.385422,-0.000000,0.298050,0.385434,-0.000000,0.298050,0.385434,-0.000000,0.000048,0.000048,0.000051,4
573,11.460000,0,base,0.000000,0.150000,0.000000,0.000000,0.150000,0.000000,0.000000,0.150000,0.000000,0.000000,0.000000,0.000000,0
573,11.460000,1,gripper_l_palm,-0.297233,0.405646,0.000000,-0.297187,0.405658,-0.000000,-0.297187,0.405658,-0.000000,0.000048,0.000048,0.000052,2
573,11.460000,2,gripper_l_finger1,-0.297233,0.385646,-0.000001,-0.297186,0.385658,-0.000000,-0.297186,0.385658,-0.000000,0.000048,0.000048,0.000051,1
573,11.460000,3,gripper_l_finger2,-0.297233,0.385646,0.000001,-0.297186,0.385658,-0.000000,-0.297186,0.385658,-0.000000,0.000048,0.000048,0.000051,0
573,11.460000,4,gripper_r_palm,0.297233,0.405646,0.000000,0.297187,0.405658,-0.000000,0.297187,0.405658,-0.000000,0.000048,0.000048,0.000052,6
573,11.460000,5,gripper_r_finger1,0.297233,0.385646,0.000001,0.297186,0.385658,-0.000000,0.297186,0.385658,-0.000000,0.000048,0.000048,0.000051,5
573,11.460000,6,gripper_r_finger2,0.297233,0.385646,-0.000001,0.297186,0.385658,-0.000000,0.297186,0.385658,-0.000000,0.000048,0.000048,0.000051,4
574,11.480000,0,base,0.000000,0.150000,0.000000,0.000000,0.150000,0.000000,0.000000,0.150000,0.000000,0.000000,0.000000,0.000000,0
574,11.480000,1,gripper_l_palm,-0.296370,0.405869,0.000000,-0.296323,0.405881,-0.000000,-0.296323,0.405881,-0.000000,0.000048,0.000048,0.000052,2
574,11.480000,2,gripper_l_finger1,-0.296369,0.385869,-0.000001,-0.296322,0.385881,-0.000000,-0.296322,0.385881,-0.000000,0.000048,0.000048,0.000051,1
574,11.480000,3,gripper_l_finger2,-0.296369,0.385869,0.000001,-0.296322,0.385881,-0.000000,-0.296322,0.385881,-0.000000,0.000048,0.000048,0.000051,0
574,11.480000,4,gripper_r_palm,0.296370,0.405869,0.000000,0.296323,0.405881,-0.000000,0.296323,0.405881,-0.000000,0.000048,0.000048,0.000052,6
574,11.480000,5,gripper_r_finger1,0.296369,0.385869,-0.000001,0.296322,0.385881,-0.000000,0.296322,0.385881,-0.000000,0.000048,0.000048,0.000051,5
574,11.480000,6,gripper_r_finger2,0.296369,0.385869,0.000001,0.296322,0.385881,-0.000000,0.296322,0.385881,-0.000000,0.000048,0.000048,0.000051,4
575,11.500000,0,base,0.000000,0.150000,0.000000,0.000000,0.150000,0.000000,0.000000,0.150000,0.000000,0.000000,0.000000,0.000000,0
575,11.500000,1,gripper_l_palm,-0.295506,0.406092,0.000000,-0.295460,0.406105,-0.000000,-0.295460,0.406105,-0.000000,0.000048,0.000048,0.000052,2
575,11.500000,2,gripper_l_finger1,-0.295506,0.386092,-0.000001,-0.295459,0.386105,-0.000000,-0.295459,0.386105,-0.000000,0.000048,0.000048,0.000051,1
575,11.500000,3,gripper_l_finger2,-0.295506,0.386092,0.000001,-0.295459,0.386105,-0.000000,-0.295459,0.386105,-0.000000,0.000048,0.000048,0.000051,0
575,11.500000,4,gripper_r_palm,0.295506,0.406092,0.000000,0.295460,0.406105,-0.000000,0.295460,0.406105,-0.000000,0.000048,0.000048,0.000052,6
575,11.500000,5,gripper_r_finger1,0.295506,0.386092,-0.000002,0.295459,0.386105,-0.000000,0.295459,0.386105,-0.000000,0.000048,0.000048,0.000051,5
575,11.500000,6,gripper_r_finger2,0.295506,0.386092,0.000002,0.295459,0.386105,-0.000000,0.295459,0.386105,-0.000000,0.000048,0.000048,0.000051,4
576,11.520000,0,base,0.000000,0.150000,0.000000,0.000000,0.150000,0.000000,0.000000,0.150000,0.000000,0.000000,0.000000,0.000000,0
576,11.520000,1,gripper_l_palm,-0.294644,0.406316,0.000000,-0.294597,0.406328,-0.000000,-0.294597,0.406328,-0.000000,0.000048,0.000048,0.000052,2
576,11.520000,2,gripper_l_finger1,-0.294643,0.386315,-0.000000,-0.294596,0.386328,-0.000000,-0.294596,0.386328,-0.000000,0.000048,0.000048,0.000051,1
576,11.520000,3,gripper_l_finger2,-0.294643,0.386315,0.000000,-0.294596,0.386328,-0.000000,-0.294596,0.386328,-0.000000,0.000048,0.000048,0.000051,0
576,11.520000,4,gripper_r_palm,0.294644,0.406315,0.000000,0.294597,0.406328,-0.000000,0.294597,0.406328,-0.000000,0.000048,0.000048,0.000052,6
576,11.520000,5,gripper_r_finger1,0.294643,0.386315,-0.000002,0.294596,0.386328,-0.000000,0.294596,0.386328,-0.000000,0.000048,0.000048,0.000051,5
576,11.520000,6,gripper_r_finger2,0.294643,0.386315,0.000002,0.294596,0.386328,-0.000000,0.294596,0.386328,-0.000000,0.000048,0.000048,0.000051,4
577,11.540000,0,base,0.000000,0.150000,0.000000,0.000000,0.150000,0.000000,0.000000,0.150000,0.000000,0.000000,0.000000,0.000000,0
577,11.540000,1,gripper_l_palm,-0.293782,0.406538,0.000000,-0.293735,0.406551,-0.000000,-0.293735,0.406551,-0.000000,0.000048,0.000048,0.000052,2
577,11.540000,2,gripper_l_finger1,-0.293781,0.386538,-0.000000,-0.293734,0.386551,-0.000000,-0.293734,0.386551,-0.000000,0.000048,0.000048,0.000051,1
577,11.540000,3,gripper_l_finger2,-0.293781,0.386538,0.000000,-0.293734,0.386551,-0.000000,-0.293734,0.386551,-0.000000,0.000048,0.000048,0.000051,0
577,11.540000,4,gripper_r_palm,0.293782,0.406538,0.000000,0.293735,0.406551,-0.000000,0.293735,0.406551,-0.000000,0.000048,0.000048,0.000052,6
577,11.540000,5,gripper_r_finger1,0.293781,0.386538,-0.000001,0.293734,0.386551,-0.000000,0.293734,0.386551,-0.000000,0.000048,0.000048,0.000051,5
577,11.540000,6,gripper_r_finger2,0.293781,0.386538,0.000001,0.293734,0.386551,-0.000000,0.293734,0.386551,-0.000000,0.000048,0.000048,0.000051,4
578,11.560000,0,base,0.000000,0.150000,0.000000,0.000000,0.150000,0.000000,0.000000,0.150000,0.000000,0.000000,0.000000,0.000000,0
578,11.560000,1,gripper_l_palm,-0.292920,0.406761,0.000000,-0.292874,0.406773,-0.000000,-0.292874,0.406773,-0.000000,0.000048,0.000048,0.000052,2
578,11.560000,2,gripper_l_finger1,-0.292920,0.386761,-0.000000,-0.292873,0.386773,-0.000000,-0.292873,0.386773,-0.000000,0.000048,0.000048,0.000051,1
578,11.560000,3,gripper_l_finger2,-0.292920,0.386761,0.000000,-0.292873,0.386773,-0.000000,-0.292873,0.386773,-0.000000,0.000048,0.000048,0.000051,0
578,11.560000,4,gripper_r_palm,0.292920,0.406761,0.000000,0.292874,0.406773,-0.000000,0.292874,0.406773,-0.000000,0.000048,0.000048,0.000052,6
578,11.560000,5,gripper_r_finger1,0.292920,0.386761,-0.000001,0.292873,0.386773,-0.000000,0.292873,0.386773,-0.000000,0.000048,0.000048,0.000051,5
578,11.560000,6,gripper_r_finger2,0.292920,0.386761,0.000001,0.292873,0.386773,-0.000000,0.292873,0.386773,-0.000000,0.000048,0.000048,0.000051,4
579,11.580000,0,base,0.000000,0.150000,0.000000,0.000000,0.150000,0.000000,0.000000,0.150000,0.000000,0.000000,0.000000,0.000000,0
579,11.580000,1,gripper_l_palm,-0.292060,0.406984,0.000000,-0.292013,0.406996,-0.000000,-0.292013,0.406996,-0.000000,0.000048,0.000048,0.000052,2
579,11.580000,2,gripper_l_finger1,-0.292059,0.386984,-0.000000,-0.292013,0.386996,-0.000000,-0.292013,0.386996,-0.000000,0.000048,0.000048,0.000051,1
579,11.580000,3,gripper_l_finger2,-0.292059,0.386984,0.000000,-0.292013,0.386996,-0.000000,-0.292013,0.386996,-0.000000,0.000048,0.000048,0.000051,0
579,11.580000,4,gripper_r_palm,0.292060,0.406984,0.000000,0.292013,0.406996,-0.000000,0.292013,0.406996,-0.000000,0.000048,0.000048,0.000052,6
579,11.580000,5,gripper_r_finger1,0.292059,0.386984,-0.000000,0.292013,0.386996,-0.000000,0.292013,0.386996,-0.000000,0.000048,0.000048,0.000051,5
579,11.580000,6,gripper_r_finger2,0.292059,0.386984,0.000000,0.292013,0.386996,-0.000000,0.292013,0.386996,-0.000000,0.000048,0.000048,0.000051,4
580,11.600000,0,base,0.000000,0.150000,0.000000,0.000000,0.150000,0.000000,0.000000,0.150000,0.000000,0.000000,0.000000,0.000000,0
580,11.600000,1,gripper_l_palm,-0.291200,0.407206,0.000000,-0.291153,0.407218,-0.000000,-0.291153,0.407218,-0.000000,0.000048,0.000048,0.000052,2
580,11.600000,2,gripper_l_finger1,-0.291199,0.387206,-0.000000,-0.291153,0.387218,-0.000000,-0.291153,0.387218,-0.000000,0.000048,0.000048,0.000051,1
580,11.600000,3,gripper_l_finger2,-0.291199,0.387206,0.000000,-0.291153,0.387218,-0.000000,-0.291153,0.387218,-0.000000,0.000048,0.000048,0.000051,0
580,11.600000,4,gripper_r_palm,0.291200,0.407206,0.000000,0.291153,0.407218,-0.000000,0.291153,0.407218,-0.000000,0.000048,0.000048,0.000052,6
580,11.600000,5,gripper_r_finger1,0.291199,0.387206,-0.000000,0.291153,0.387218,-0.000000,0.291153,0.387218,-0.000000,0.000048,0.000048,0.000051,5
580,11.600000,6,gripper_r_finger2,0.291199,0.387206,0.000000,0.291153,0.387218,-0.000000,0.291153,0.387218,-0.000000,0.000048,0.000048,0.000051,4
581,11.620000,0,base,0.000000,0.150000,0.000000,0.000000,0.150000,0.000000,0.000000,0.150000,0.000000,0.000000,0.000000,0.000000,0
581,11.620000,1,gripper_l_palm,-0.290341,0.407428,0.000000,-0.290294,0.407441,-0.000000,-0.290294,0.407441,-0.000000,0.000048,0.000048,0.000052,2
581,11.620000,2,gripper_l_finger1,-0.290340,0.387428,-0.000000,-0.290294,0.387441,-0.000000,-0.290294,0.387441,-0.000000,0.000048,0.000048,0.000051,1
581,11.620000,3,gripper_l_finger2,-0.290340,0.387428,0.000000,-0.290294,0.387441,-0.000000,-0.290294,0.387441,-0.000000,0.000048,0.000048,0.000051,0
581,11.620000,4,gripper_r_palm,0.290341,0.407428,0.000000,0.290294,0.407441,-0.000000,0.290294,0.407441,-0.000000,0.000048,0.000048,0.000052,6
581,11.620000,5,gripper_r_finger1,0.290340,0.387428,-0.000000,0.290294,0.387441,-0.000000,0.290294,0.387441,-0.000000,0.000048,0.000048,0.000051,5
581,11.620000,6,gripper_r_finger2,0.290340,0.387428,0.000000,0.290294,0.387441,-0.000000,0.290294,0.387441,-0.000000,0.000048,0.000048,0.000051,4
582,11.640000,0,base,0.000000,0.150000,0.000000,0.000000,0.150000,0.000000,0.000000,0.150000,0.000000,0.000000,0.000000,0.000000,0
582,11.640000,1,gripper_l_palm,-0.289482,0.407650,0.000000,-0.289436,0.407662,-0.000000,-0.289436,0.407662,-0.000000,0.000048,0.000048,0.000051,2
582,11.640000,2,gripper_l_finger1,-0.289482,0.387650,-0.000000,-0.289435,0.387662,-0.000000,-0.289435,0.387662,-0.000000,0.000048,0.000048,0.000051,1
582,11.640000,3,gripper_l_finger2,-0.289482,0.387650,0.000000,-0.289435,0.387662,-0.000000,-0.289435,0.387662,-0.000000,0.000048,0.000048,0.000051,0
582,11.640000,4,gripper_r_palm,0.289482,0.407650,0.000000,0.289436,0.407662,-0.000000,0.289436,0.407662,-0.000000,0.000048,0.000048,0.000051,6
582,11.640000,5,gripper_r_finger1,0.289482,0.387650,-0.000000,0.289435,0.387662,-0.000000,0.289435,0.387662,-0.000000,0.000048,0.000048,0.000051,5
582,11.640000,6,gripper_r_finger2,0.289482,0.387650,0.000000,0.289435,0.387662,-0.000000,0.289435,0.387662,-0.000000,0.000048,0.000048,0.000051,4
583,11.660000,0,base,0.000000,0.150000,0.000000,0.000000,0.150000,0.000000,0.000000,0.150000,0.000000,0.000000,0.000000,0.000000,0
583,11.660000,1,gripper_l_palm,-0.288625,0.407872,0.000000,-0.288579,0.407884,-0.000000,-0.288579,0.407884,-0.000000,0.000048,0.000048,0.000051,2
583,11.660000,2,gripper_l_finger1,-0.288624,0.387872,0.000002,-0.288578,0.387884,-0.000000,-0.288578,0.387884,-0.000000,0.000048,0.000048,0.000051,1
583,11.660000,3,gripper_l_finger2,-0.288624,0.387872,-0.000002,-0.288578,0.387884,-0.000000,-0.288578,0.387884,-0.000000,0.000048,0.000048,0.000051,0
583,11.660000,4,gripper_r_palm,0.288625,0.407872,0.000000,0.288579,0.407884,-0.000000,0.288579,0.407884,-0.000000,0.000048,0.000048,0.000051,6
583,11.660000,5,gripper_r_finger1,0.288624,0.387872,-0.000000,0.288578,0.387884,-0.000000,0.288578,0.387884,-0.000000,0.000048,0.000048,0.000050,5
583,11.660000,6,gripper_r_finger2,0.288624,0.387872,0.000000,0.288578,0.387884,-0.000000,0.288578,0.387884,-0.000000,0.000048,0.000048,0.000050,4
584,11.680000,0,base,0.000000,0.150000,0.000000,0.000000,0.150000,0.000000,0.000000,0.150000,0.000000,0.000000,0.000000,0.000000,0
584,11.680000,1,gripper_l_palm,-0.287768,0.408094,0.000000,-0.287722,0.408106,-0.000000,-0.287722,0.408106,-0.000000,0.000048,0.000048,0.000051,2
584,11.680000,2,gripper_l_finger1,-0.287768,0.388094,0.000002,-0.287721,0.388106,-0.000000,-0.287721,0.388106,-0.000000,0.000048,0.000048,0.000050,1
584,11.680000,3,gripper_l_finger2,-0.287768,0.388094,-0.000002,-0.287721,0.388106,-0.000000,-0.287721,0.388106,-0.000000,0.000048,0.000048,0.000050,0
584,11.680000,4,gripper_r_palm,0.287768,0.408094,0.000000,0.287722,0.408106,-0.000000,0.287722,0.408106,-0.000000,0.000048,0.000048,0.000051,6
584,11.680000,5,gripper_r_finger1,0.287768,0.388094,-0.000000,0.287721,0.388106,-0.000000,0.287721,0.388106,-0.000000,0.000048,0.000048,0.000050,5
584,11.680000,6,gripper_r_finger2,0.287768,0.388094,0.000000,0.287721,0.388106,-0.000000,0.287721,0.388106,-0.000000,0.000048,0.000048,0.000050,4
585,11.700000,0,base,0.000000,0.150000,0.000000,0.000000,0.150000,0.000000,0.000000,0.150000,0.000000,0.000000,0.000000,0.000000,0
585,11.700000,1,gripper_l_palm,-0.286913,0.408315,0.000000,-0.286866,0.408327,-0.000000,-0.286866,0.408327,-0.000000,0.000048,0.000048,0.000051,2
585,11.700000,2,gripper_l_finger1,-0.286912,0.388315,-0.000001,-0.286866,0.388327,-0.000000,-0.286866,0.388327,-0.000000,0.000048,0.000048,0.000050,1
585,11.700000,3,gripper_l_finger2,-0.286912,0.388315,0.000001,-0.286866,0.388327,-0.000000,-0.286866,0.388327,-0.000000,0.000048,0.000048,0.000050,0
585,11.700000,4,gripper_r_palm,0.286913,0.408315,0.000000,0.286866,0.408327,-0.000000,0.286866,0.408327,-0.000000,0.000048,0.000048,0.000051,6
585,11.700000,5,gripper_r_finger1,0.286912,0.388315,0.000002,0.286866,0.388327,-0.000000,0.286866,0.388327,-0.000000,0.000048,0.000048,0.000051,5
585,11.700000,6,gripper_r_finger2,0.286912,0.388315,-0.000002,0.286866,0.388327,-0.000000,0.286866,0.388327,-0.000000,0.000048,0.000048,0.000051,4
586,11.720000,0,base,0.000000,0.150000,0.000000,0.000000,0.150000,0.000000,0.000000,0.150000,0.000000,0.000000,0.000000,0.000000,0
586,11.720000,1,gripper_l_palm,-0.286058,0.408536,0.000000,-0.286012,0.408548,-0.000000,-0.286012,0.408548,-0.000000,0.000048,0.000048,0.000051,2
586,11.720000,2,gripper_l_finger1,-0.286057,0.388536,-0.000001,-0.286011,0.388548,-0.000000,-0.286011,0.388548,-0.000000,0.000048,0.000048,0.000050,1
586,11.720000,3,gripper_l_finger2,-0.286057,0.388536,0.000001,-0.286011,0.388548,-0.000000,-0.286011,0.388548,-0.000000,0.000048,0.000048,0.000050,0
586,11.720000,4,gripper_r_palm,0.286058,0.408536,0.000000,0.286012,0.408548,-0.000000,0.286012,0.408548,-0.000000,0.000048,0.000048,0.000051,6
586,11.720000,5,gripper_r_finger1,0.286057,0.388536,0.000009,0.286011,0.388548,-0.000000,0.286011,0.388548,-0.000000,0.000049,0.000049,0.000052,5
586,11.720000,6,gripper_r_finger2,0.286057,0.388536,-0.000009,0.286011,0.388548,-0.000000,0.286011,0.388548,-0.000000,0.000049,0.000049,0.000052,4
587,11.740000,0,base,0.000000,0.150000,0.000000,0.000000,0.150000,0.000000,0.000000,0.150000,0.000000,0.000000,0.000000,0.000000,0
587,11.740000,1,gripper_l_palm,-0.285204,0.408757,0.000000,-0.285158,0.408769,-0.000000,-0.285158,0.408769,-0.000000,0.000048,0.000048,0.000051,2
587,11.740000,2,gripper_l_finger1,-0.285203,0.388757,-0.000001,-0.285157,0.388769,-0.000000,-0.285157,0.388769,-0.000000,0.000048,0.000048,0.000050,1
587,11.740000,3,gripper_l_finger2,-0.285203,0.388757,0.000001,-0.285157,0.388769,-0.000000,-0.285157,0.388769,-0.000000,0.000048,0.000048,0.000050,0
587,11.740000,4,gripper_r_palm,0.285204,0.408757,0.000000,0.285158,0.408769,-0.000000,0.285158,0.408769,-0.000000,0.000048,0.000048,0.000051,6
587,11.740000,5,gripper_r_finger1,0.285203,0.388757,0.000012,0.285157,0.388769,-0.000000,0.285157,0.388769,-0.000000,0.000049,0.000049,0.000052,5
587,11.740000,6,gripper_r_finger2,0.285203,0.388757,-0.000012,0.285157,0.388769,-0.000000,0.285157,0.388769,-0.000000,0.000049,0.000049,0.000052,4
588,11.760000,0,base,0.000000,0.150000,0.000000,0.000000,0.150000,0.000000,0.000000,0.150000,0.000000,0.000000,0.000000,0.000000,0
588,11.760000,1,gripper_l_palm,-0.284351,0.408977,0.000000,-0.284305,0.408990,-0.000000,-0.284305,0.408990,-0.000000,0.000048,0.000048,0.000051,2
588,11.760000,2,gripper_l_finger1,-0.284350,0.388977,-0.000000,-0.284304,0.388990,-0.000000,-0.284304,0.388990,-0.000000,0.000048,0.000048,0.000050,1
588,11.760000,3,gripper_l_finger2,-0.284350,0.388977,0.000000,-0.284304,0.388990,-0.000000,-0.284304,0.388990,-0.000000,0.000048,0.000048,0.000050,0
588,11.760000,4,gripper_r_palm,0.284351,0.408977,0.000000,0.284305,0.408990,-0.000000,0.284305,0.408990,-0.000000,0.000048,0.000048,0.000051,6
588,11.760000,5,gripper_r_finger1,0.284350,0.388977,0.000009,0.284304,0.388990,-0.000000,0.284304,0.388990,-0.000000,0.000048,0.000048,0.000051,5
588,11.760000,6,gripper_r_finger2,0.284350,0.388977,-0.000009,0.284304,0.388990,-0.000000,0.284304,0.388990,-0.000000,0.000048,0.000048,0.000051,4
589,11.780000,0,base,0.000000,0.150000,0.000000,0.000000,0.150000,0.000000,0.000000,0.150000,0.000000,0.000000,0.000000,0.000000,0
589,11.780000,1,gripper_l_palm,-0.283499,0.409198,0.000000,-0.283453,0.409210,-0.000000,-0.283453,0.409210,-0.000000,0.000048,0.000048,0.000051,2
589,11.780000,2,gripper_l_finger1,-0.283498,0.389198,-0.000000,-0.283452,0.389210,-0.000000,-0.283452,0.389210,-0.000000,0.000048,0.000048,0.000050,1
589,11.780000,3,gripper_l_finger2,-0.283498,0.389198,0.000000,-0.283452,0.389210,-0.000000,-0.283452,0.389210,-0.000000,0.000048,0.000048,0.000050,0
589,11.780000,4,gripper_r_palm,0.283499,0.409198,0.000000,0.283453,0.409210,-0.000000,0.283453,0.409210,-0.000000,0.000048,0.000048,0.000051,6
589,11.780000,5,gripper_r_finger1,0.283498,0.389198,0.000003,0.283452,0.389210,-0.000000,0.283452,0.389210,-0.000000,0.000048,0.000048,0.000050,5
589,11.780000,6,gripper_r_finger2,0.283498,0.389198,-0.000003,0.283452,0.389210,-0.000000,0.283452,0.389210,-0.000000,0.000048,0.000048,0.000050,4
590,11.800000,0,base,0.000000,0.150000,0.000000,0.000000,0.150000,0.000000,0.000000,0.150000,0.000000,0.000000,0.000000,0.000000,0
590,11.800000,1,gripper_l_palm,-0.282648,0.409418,0.000000,-0.282602,0.409430,-0.000000,-0.282602,0.409430,-0.000000,0.000047,0.000047,0.000051,2
590,11.800000,2,gripper_l_finger1,-0.282647,0.389418,-0.000000,-0.282601,0.389430,-0.000000,-0.282601,0.389430,-0.000000,0.000048,0.000048,0.000050,1
590,11.800000,3,gripper_l_finger2,-0.282647,0.389418,0.000000,-0.282601,0.389430,-0.000000,-0.282601,0.389430,-0.000000,0.000048,0.000048,0.000050,0
590,11.800000,4,gripper_r_palm,0.282648,0.409418,0.000000,0.282602,0.409430,-0.000000,0.282602,0.409430,-0.000000,0.000047,0.000047,0.000051,6
590,11.800000,5,gripper_r_finger1,0.282647,0.389418,-0.000003,0.282601,0.389430,-0.000000,0.282601,0.389430,-0.000000,0.000048,0.000048,0.000050,5
590,11.800000,6,gripper_r_finger2,0.282647,0.389418,0.000003,0.282601,0.389430,-0.000000,0.282601,0.389430,-0.000000,0.000048,0.000048,0.000050,4
591,11.820000,0,base,0.000000,0.150000,0.000000,0.000000,0.150000,0.000000,0.000000,0.150000,0.000000,0.000000,0.000000,0.000000,0
591,11.820000,1,gripper_l_palm,-0.281798,0.409638,0.000000,-0.281752,0.409650,-0.000000,-0.281752,0.409650,-0.000000,0.000047,0.000047,0.000051,2
591,11.820000,2,gripper_l_finger1,-0.281797,0.389638,-0.000000,-0.281751,0.389650,-0.000000,-0.281751,0.389650,-0.000000,0.000047,0.000047,0.000050,1
591,11.820000,3,gripper_l_finger2,-0.281797,0.389638,0.000000,-0.281751,0.389650,-0.000000,-0.281751,0.389650,-0.000000,0.000047,0.000047,0.000050,0
591,11.820000,4,gripper_r_palm,0.281798,0.409637,0.000000,0.281752,0.409649,-0.000000,0.281752,0.409649,-0.000000,0.000047,0.000047,0.000051,6
591,11.820000,5,gripper_r_finger1,0.281797,0.389637,-0.000007,0.281751,0.389649,-0.000000,0.281751,0.389649,-0.000000,0.000048,0.000048,0.000050,5
591,11.820000,6,gripper_r_finger2,0.281797,0.389637,0.000007,0.281751,0.389649,-0.000000,0.281751,0.389649,-0.000000,0.000048,0.000048,0.000050,4
592,11.840000,0,base,0.000000,0.150000,0.000000,0.000000,0.150000,0.000000,0.000000,0.150000,0.000000,0.000000,0.000000,0.000000,0
592,11.840000,1,gripper_l_palm,-0.280949,0.409857,0.000000,-0.280903,0.409869,-0.000000,-0.280903,0.409869,-0.000000,0.000047,0.000047,0.000051,2
592,11.840000,2,gripper_l_finger1,-0.280948,0.389857,-0.000000,-0.280903,0.389869,-0.000000,-0.280903,0.389869,-0.000000,0.000047,0.000047,0.000050,1
592,11.840000,3,gripper_l_finger2,-0.280948,0.389857,0.000000,-0.280903,0.389869,-0.000000,-0.280903,0.389869,-0.000000,0.000047,0.000047,0.000050,0
592,11.840000,4,gripper_r_palm,0.280949,0.409857,0.000000,0.280903,0.409869,-0.000000,0.280903,0.409869,-0.000000,0.000047,0.000047,0.000051,6
592,11.840000,5,gripper_r_finger1,0.280948,0.389857,-0.000007,0.280903,0.389869,-0.000000,0.280903,0.389869,-0.000000,0.000048,0.000048,0.000050,5
592,11.840000,6,gripper_r_finger2,0.280948,0.389857,0.000007,0.280903,0.389869,-0.000000,0.280903,0.389869,-0.000000,0.000048,0.000048,0.000050,4
593,11.860000,0,base,0.000000,0.150000,0.000000,0.000000,0.150000,0.000000,0.000000,0.150000,0.000000,0.000000,0.000000,0.000000,0
593,11.860000,1,gripper_l_palm,-0.280101,0.410076,0.000000,-0.280056,0.410088,-0.000000,-0.280056,0.410088,-0.000000,0.000047,0.000047,0.000051,2
593,11.860000,2,gripper_l_finger1,-0.280101,0.390076,-0.000000,-0.280055,0.390088,-0.000000,-0.280055,0.390088,-0.000000,0.000047,0.000047,0.000050,1
593,11.860000,3,gripper_l_finger2,-0.280101,0.390076,0.000000,-0.280055,0.390088,-0.000000,-0.280055,0.390088,-0.000000,0.000047,0.000047,0.000050,0
593,11.860000,4,gripper_r_palm,0.280101,0.410076,0.000000,0.280056,0.410088,-0.000000,0.280056,0.410088,-0.000000,0.000047,0.000047,0.000051,6
593,11.860000,5,gripper_r_finger1,0.280101,0.390076,-0.000006,0.280055,0.390088,-0.000000,0.280055,0.390088,-0.000000,0.000048,0.000048,0.000050,5
593,11.860000,6,gripper_r_finger2,0.280101,0.390076,0.000006,0.280055,0.390088,-0.000000,0.280055,0.390088,-0.000000,0.000048,0.000048,0.000050,4
594,11.880000,0,base,0.000000,0.150000,0.000000,0.000000,0.150000,0.000000,0.000000,0.150000,0.000000,0.000000,0.000000,0.000000,0
594,11.880000,1,gripper_l_palm,-0.279255,0.410295,0.000000,-0.279209,0.410307,-0.000000,-0.279209,0.410307,-0.000000,0.000047,0.000047,0.000051,2
594,11.880000,2,gripper_l_finger1,-0.279254,0.390295,-0.000000,-0.279208,0.390307,-0.000000,-0.279208,0.390307,-0.000000,0.000047,0.000047,0.000050,1
594,11.880000,3,gripper_l_finger2,-0.279254,0.390295,0.000000,-0.279208,0.390307,-0.000000,-0.279208,0.390307,-0.000000,0.000047,0.000047,0.000050,0
594,11.880000,4,gripper_r_palm,0.279255,0.410295,0.000000,0.279209,0.410307,-0.000000,0.279209,0.410307,-0.000000,0.000047,0.000047,0.000051,6
594,11.880000,5,gripper_r_finger1,0.279254,0.390295,-0.000003,0.279208,0.390307,-0.000000,0.279208,0.390307,-0.000000,0.000047,0.000047,0.000050,5
594,11.880000,6,gripper_r_finger2,0.279254,0.390295,0.000003,0.279208,0.390307,-0.000000,0.279208,0.390307,-0.000000,0.000047,0.000047,0.000050,4
595,11.900000,0,base,0.000000,0.150000,0.000000,0.000000,0.150000,0.000000,0.000000,0.150000,0.000000,0.000000,0.000000,0.000000,0
595,11.900000,1,gripper_l_palm,-0.278409,0.410514,0.000000,-0.278364