macro_frame,sim_time,packet,coord_system,object_id,tag,v0,v1,v2,v3,v4,v5,v6,v7
0,0.000000,B,yup,gripper_l_finger1_body_p,pos,-0.460000038,0.689999938,-0.000000000,1.000000000,0.000000000,0.000000000,0.000000000,0.000000000
0,0.000000,B,yup,gripper_l_finger1_body_q,pos,0.000000000,0.000000000,-0.000000000,0.073415547,0.441994516,0.146491139,0.881924799,0.000000000
0,0.000000,B,yup,gripper_l_finger1_body_v,vel,0.000000000,0.000000000,-0.000000000,0.000000000,0.000000000,-0.000000000,0.000000000,0.000000000
0,0.000000,B,yup,gripper_l_finger1_body_w,vel,0.000000000,0.000000000,-0.000000000,0.000000000,0.000000000,-0.000000000,0.000000000,0.000000000
0,0.000000,B,yup,gripper_l_finger2_body_p,pos,-0.460000038,0.690000057,-0.000000000,1.000000000,0.000000000,0.000000000,0.000000000,0.000000000
0,0.000000,B,yup,gripper_l_finger2_body_q,pos,0.000000000,0.000000000,-0.000000000,0.881916404,-0.146489501,0.442011327,-0.073418461,0.000000000
0,0.000000,B,yup,gripper_l_finger2_body_v,vel,0.000000000,0.000000000,-0.000000000,0.000000000,0.000000000,-0.000000000,0.000000000,0.000000000
0,0.000000,B,yup,gripper_l_finger2_body_w,vel,0.000000000,0.000000000,-0.000000000,0.000000000,0.000000000,-0.000000000,0.000000000,0.000000000
0,0.000000,B,yup,gripper_l_palm_body_p,pos,-0.460000038,0.709999919,-0.000000000,1.000000000,0.000000000,0.000000000,0.000000000,0.000000000
0,0.000000,B,yup,gripper_l_palm_body_q,pos,0.000000000,0.000000000,-0.000000000,0.364463862,0.260634569,-0.520025249,0.727192860,0.000000000
0,0.000000,B,yup,gripper_l_palm_body_v,vel,0.000000000,0.000000000,-0.000000000,0.000000000,0.000000000,-0.000000000,0.000000000,0.000000000
0,0.000000,B,yup,gripper_l_palm_body_w,vel,0.000000000,0.000000000,-0.000000000,0.000000000,0.000000000,-0.000000000,0.000000000,0.000000000
0,0.000000,B,yup,gripper_r_finger1_body_p,pos,0.460000038,0.689999998,-0.000000000,1.000000000,0.000000000,0.000000000,0.000000000,0.000000000
0,0.000000,B,yup,gripper_r_finger1_body_q,pos,0.000000000,0.000000000,-0.000000000,-0.073421188,-0.442027364,0.146488444,0.881908314,0.000000000
0,0.000000,B,yup,gripper_r_finger1_body_v,vel,0.000000000,0.000000000,-0.000000000,0.000000000,0.000000000,-0.000000000,0.000000000,0.000000000
0,0.000000,B,yup,gripper_r_finger1_body_w,vel,0.000000000,0.000000000,-0.000000000,0.000000000,0.000000000,-0.000000000,0.000000000,0.000000000
0,0.000000,B,yup,gripper_r_finger2_body_p,pos,0.460000038,0.689999998,-0.000000000,1.000000000,0.000000000,0.000000000,0.000000000,0.000000000
0,0.000000,B,yup,gripper_r_finger2_body_q,pos,0.000000000,0.000000000,-0.000000000,0.881916783,-0.146489607,-0.442010527,0.073418514,0.000000000
0,0.000000,B,yup,gripper_r_finger2_body_v,vel,0.000000000,0.000000000,-0.000000000,0.000000000,0.000000000,-0.000000000,0.000000000,0.000000000
0,0.000000,B,yup,gripper_r_finger2_body_w,vel,0.000000000,0.000000000,-0.000000000,0.000000000,0.000000000,-0.000000000,0.000000000,0.000000000
0,0.000000,B,yup,gripper_r_palm_body_p,pos,0.460000038,0.709999979,-0.000000000,1.000000000,0.000000000,0.000000000,0.000000000,0.000000000
0,0.000000,B,yup,gripper_r_palm_body_q,pos,0.000000000,0.000000000,-0.000000000,-0.364463327,-0.260633944,-0.520025429,0.727193223,0.000000000
0,0.000000,B,yup,gripper_r_palm_body_v,vel,0.000000000,0.000000000,-0.000000000,0.000000000,0.000000000,-0.000000000,0.000000000,0.000000000
0,0.000000,B,yup,gripper_r_palm_body_w,vel,0.000000000,0.000000000,-0.000000000,0.000000000,0.000000000,-0.000000000,0.000000000,0.000000000
1,0.020000,B,yup,gripper_l_finger1_body_p,pos,-0.469211102,0.707578897,-0.024309158,1.000000000,0.000000000,0.000000000,0.000000000,0.000000000
1,0.020000,B,yup,gripper_l_finger1_body_q,pos,0.000000000,0.000000000,-0.000000000,0.107552216,0.418804708,0.162468509,0.886926784,0.000000000
1,0.020000,B,yup,gripper_l_finger1_body_v,vel,2.265455484,3.397786379,-1.536043763,0.000000000,0.000000000,-0.000000000,0.000000000,0.000000000
1,0.020000,B,yup,gripper_l_finger1_body_w,vel,0.000000000,0.000000000,-0.000000000,-3.441774368,5.082500935,3.325972795,0.000000000,0.000000000
1,0.020000,B,yup,gripper_l_finger2_body_p,pos,-0.473010540,0.700265288,-0.020198822,1.000000000,0.000000000,0.000000000,0.000000000,0.000000000
1,0.020000,B,yup,gripper_l_finger2_body_q,pos,0.000000000,0.000000000,-0.000000000,0.886921174,-0.162466810,0.418816657,-0.107554518,0.000000000
1,0.020000,B,yup,gripper_l_finger2_body_v,vel,2.265866995,3.397724152,-1.536255240,0.000000000,0.000000000,-0.000000000,0.000000000,0.000000000
1,0.020000,B,yup,gripper_l_finger2_body_w,vel,0.000000000,0.000000000,-0.000000000,-3.441867590,5.084074020,3.325328827,0.000000000,0.000000000
1,0.020000,B,yup,gripper_l_palm_body_p,pos,-0.468437672,0.724452615,-0.018804073,1.000000000,0.000000000,0.000000000,0.000000000,0.000000000
1,0.020000,B,yup,gripper_l_palm_body_q,pos,0.000000000,0.000000000,-0.000000000,0.372186277,0.220085742,-0.512270753,0.742036601,0.000000000
1,0.020000,B,yup,gripper_l_palm_body_v,vel,2.265249252,3.397803068,-1.535972834,0.000000000,0.000000000,-0.000000000,0.000000000,0.000000000
1,0.020000,B,yup,gripper_l_palm_body_w,vel,0.000000000,0.000000000,-0.000000000,-3.441731691,5.081778526,3.326268673,0.000000000,0.000000000
1,0.020000,B,yup,gripper_r_finger1_body_p,pos,0.470585823,0.684406579,-0.019247532,1.000000000,0.000000000,0.000000000,0.000000000,0.000000000
1,0.020000,B,yup,gripper_r_finger1_body_q,pos,0.000000000,0.000000000,-0.000000000,-0.104900502,-0.417594344,0.181594983,0.884100736,0.000000000
1,0.020000,B,yup,gripper_r_finger1_body_v,vel,-1.483490705,3.062271595,-0.650138736,0.000000000,0.000000000,-0.000000000,0.000000000,0.000000000
1,0.020000,B,yup,gripper_r_finger1_body_w,vel,0.000000000,0.000000000,-0.000000000,-6.628240585,-4.702457905,-0.904008925,0.000000000,0.000000000
1,0.020000,B,yup,gripper_r_finger2_body_p,pos,0.468065262,0.691742241,-0.026685238,1.000000000,0.000000000,0.000000000,0.000000000,0.000000000
1,0.020000,B,yup,gripper_r_finger2_body_q,pos,0.000000000,0.000000000,-0.000000000,0.884117093,-0.181598859,-0.417559778,0.104893522,0.000000000
1,0.020000,B,yup,gripper_r_finger2_body_v,vel,-1.484967470,3.062056303,-0.650741756,0.000000000,0.000000000,-0.000000000,0.000000000,0.000000000
1,0.020000,B,yup,gripper_r_finger2_body_w,vel,0.000000000,0.000000000,-0.000000000,-6.628435612,-4.707715034,-0.901653111,0.000000000,0.000000000
1,0.020000,B,yup,gripper_r_palm_body_p,pos,0.466494083,0.712665975,-0.020788670,1.000000000,0.000000000,0.000000000,0.000000000,0.000000000
1,0.020000,B,yup,gripper_r_palm_body_q,pos,0.000000000,0.000000000,-0.000000000,-0.369433314,-0.221090496,-0.496754408,0.753573538,0.000000000
1,0.020000,B,yup,gripper_r_palm_body_v,vel,-1.483675480,3.062241793,-0.650220513,0.000000000,0.000000000,-0.000000000,0.000000000,0.000000000
1,0.020000,B,yup,gripper_r_palm_body_w,vel,0.000000000,0.000000000,-0.000000000,-6.628264904,-4.703115940,-0.903714120,0.000000000,0.000000000
2,0.040000,B,yup,gripper_l_finger1_body_p,pos,-0.494966984,0.761862516,-0.082601547,1.000000000,0.000000000,0.000000000,0.000000000,0.000000000
2,0.040000,B,yup,gripper_l_finger1_body_q,pos,0.000000000,0.000000000,-0.000000000,0.158437060,0.368246082,0.151460008,0.903522212,0.000000000
2,0.040000,B,yup,gripper_l_finger1_body_v,vel,3.465889692,3.892858505,-4.138344765,0.000000000,0.000000000,-0.000000000,0.000000000,0.000000000
2,0.040000,B,yup,gripper_l_finger1_body_w,vel,0.000000000,0.000000000,-0.000000000,0.372726291,7.283641338,4.657762051,0.000000000,0.000000000
2,0.040000,B,yup,gripper_l_finger2_body_p,pos,-0.506281853,0.746956944,-0.069496632,1.000000000,0.000000000,0.000000000,0.000000000,0.000000000
2,0.040000,B,yup,gripper_l_finger2_body_q,pos,0.000000000,0.000000000,-0.000000000,0.903504379,-0.151452080,0.368289889,-0.158444509,0.000000000
2,0.040000,B,yup,gripper_l_finger2_body_v,vel,3.465133667,3.892789841,-4.138165474,0.000000000,0.000000000,-0.000000000,0.000000000,0.000000000
2,0.040000,B,yup,gripper_l_finger2_body_w,vel,0.000000000,0.000000000,-0.000000000,0.373199582,7.281193256,4.658819675,0.000000000,0.000000000
2,0.040000,B,yup,gripper_l_palm_body_p,pos,-0.490566730,0.770223022,-0.062679291,1.000000000,0.000000000,0.000000000,0.000000000,0.000000000
2,0.040000,B,yup,gripper_l_palm_body_q,pos,0.000000000,0.000000000,-0.000000000,0.372438696,0.148369773,-0.531784888,0.745976314,0.000000000
2,0.040000,B,yup,gripper_l_palm_body_v,vel,3.464495897,3.892752409,-4.137966633,0.000000000,0.000000000,-0.000000000,0.000000000,0.000000000
2,0.040000,B,yup,gripper_l_palm_body_w,vel,0.000000000,0.000000000,-0.000000000,0.373608589,7.279077530,4.659733295,0.000000000,0.000000000
2,0.040000,B,yup,gripper_r_finger1_body_p,pos,0.500055313,0.690714657,-0.069375515,1.000000000,0.000000000,0.000000000,0.000000000,0.000000000
2,0.040000,B,yup,gripper_r_finger1_body_q,pos,0.000000000,0.000000000,-0.000000000,-0.141304955,-0.358640553,0.219901488,0.896132356,0.000000000
2,0.040000,B,yup,gripper_r_finger1_body_v,vel,-2.030915499,3.170588493,-2.965190887,0.000000000,0.000000000,-0.000000000,0.000000000,0.000000000
2,0.040000,B,yup,gripper_r_finger1_body_w,vel,0.000000000,0.000000000,-0.000000000,-4.175465584,-7.213416576,-0.239651918,0.000000000,0.000000000
2,0.040000,B,yup,gripper_r_finger2_body_p,pos,0.491158485,0.704684675,-0.090570450,1.000000000,0.000000000,0.000000000,0.000000000,0.000000000
2,0.040000,B,yup,gripper_r_finger2_body_q,pos,0.000000000,0.000000000,-0.000000000,0.896155678,-0.219910415,-0.358582381,0.141290785,0.000000000
2,0.040000,B,yup,gripper_r_finger2_body_v,vel,-2.030857563,3.170585871,-2.965184212,0.000000000,0.000000000,-0.000000000,0.000000000,0.000000000
2,0.040000,B,yup,gripper_r_finger2_body_w,vel,0.000000000,0.000000000,-0.000000000,-4.175436974,-7.213161469,-0.239798158,0.000000000,0.000000000
2,0.040000,B,yup,gripper_r_palm_body_p,pos,0.484565258,0.729093254,-0.070824146,1.000000000,0.000000000,0.000000000,0.000000000,0.000000000
2,0.040000,B,yup,gripper_r_palm_body_q,pos,0.000000000,0.000000000,-0.000000000,-0.353491304,-0.153665139,-0.478172120,0.789165602,0.000000000
2,0.040000,B,yup,gripper_r_palm_body_v,vel,-2.030532360,3.170644283,-2.965019941,0.000000000,0.000000000,-0.000000000,0.000000000,0.000000000
2,0.040000,B,yup,gripper_r_palm_body_w,vel,0.000000000,0.000000000,-0.000000000,-4.175311089,-7.212022781,-0.240451828,0.000000000,0.000000000
3,0.060000,B,yup,gripper_l_finger1_body_p,pos,-0.532938957,0.851888776,-0.146073341,1.000000000,0.000000000,0.000000000,0.000000000,0.000000000
3,0.060000,B,yup,gripper_l_finger1_body_q,pos,0.000000000,0.000000000,-0.000000000,0.209148615,0.314229248,0.116669103,0.918643106,0.000000000
3,0.060000,B,yup,gripper_l_finger1_body_v,vel,3.765335560,5.159950733,-4.455894470,0.000000000,0.000000000,-0.000000000,0.000000000,0.000000000
3,0.060000,B,yup,gripper_l_finger1_body_w,vel,0.000000000,0.000000000,-0.000000000,1.655240655,6.524463654,5.335624218,0.000000000,0.000000000
3,0.060000,B,yup,gripper_l_finger2_body_p,pos,-0.550425053,0.830566049,-0.123109341,1.000000000,0.000000000,0.000000000,0.000000000,0.000000000
3,0.060000,B,yup,gripper_l_finger2_body_q,pos,0.000000000,0.000000000,-0.000000000,0.918614936,-0.116650090,0.314311626,-0.209159167,0.000000000
3,0.060000,B,yup,gripper_l_finger2_body_v,vel,3.760062456,5.158351421,-4.455247402,0.000000000,0.000000000,-0.000000000,0.000000000,0.000000000
3,0.060000,B,yup,gripper_l_finger2_body_w,vel,0.000000000,0.000000000,-0.000000000,1.660681486,6.508973122,5.341674805,0.000000000,0.000000000
3,0.060000,B,yup,gripper_l_palm_body_p,pos,-0.521613598,0.848538399,-0.110622883,1.000000000,0.000000000,0.000000000,0.000000000,0.000000000
3,0.060000,B,yup,gripper_l_palm_body_q,pos,0.000000000,0.000000000,-0.000000000,0.370116352,0.074328199,-0.567078053,0.732059893,0.000000000
3,0.060000,B,yup,gripper_l_palm_body_v,vel,3.762001514,5.158933640,-4.455500126,0.000000000,0.000000000,-0.000000000,0.000000000,0.000000000
3,0.060000,B,yup,gripper_l_palm_body_w,vel,0.000000000,0.000000000,-0.000000000,1.658687353,6.514650345,5.339457512,0.000000000,0.000000000
3,0.060000,B,yup,gripper_r_finger1_body_p,pos,0.539225578,0.723736346,-0.131148815,1.000000000,0.000000000,0.000000000,0.000000000,0.000000000
3,0.060000,B,yup,gripper_r_finger1_body_q,pos,0.000000000,0.000000000,-0.000000000,-0.177439170,-0.288599584,0.236131776,0.910751012,0.000000000
3,0.060000,B,yup,gripper_r_finger1_body_v,vel,-3.167083740,4.031404495,-3.939340591,0.000000000,0.000000000,-0.000000000,0.000000000,0.000000000
3,0.060000,B,yup,gripper_r_finger1_body_w,vel,0.000000000,0.000000000,-0.000000000,-2.078425646,-7.796819687,-1.915221214,0.000000000,0.000000000
3,0.060000,B,yup,gripper_r_finger2_body_p,pos,0.525096893,0.741960466,-0.167141438,1.000000000,0.000000000,0.000000000,0.000000000,0.000000000
3,0.060000,B,yup,gripper_r_finger2_body_q,pos,0.000000000,0.000000000,-0.000000000,0.910770186,-0.236143277,-0.288539232,0.177423597,0.000000000
3,0.060000,B,yup,gripper_r_finger2_body_v,vel,-3.166226625,4.031427860,-3.939003706,0.000000000,0.000000000,-0.000000000,0.000000000,0.000000000
3,0.060000,B,yup,gripper_r_finger2_body_w,vel,0.000000000,0.000000000,-0.000000000,-2.077771425,-7.793931007,-1.917084575,0.000000000,0.000000000
3,0.060000,B,yup,gripper_r_palm_body_p,pos,0.510169029,0.768249810,-0.131293774,1.000000000,0.000000000,0.000000000,0.000000000,0.000000000
3,0.060000,B,yup,gripper_r_palm_body_q,pos,0.000000000,0.000000000,-0.000000000,-0.329514293,-0.078587621,-0.477030363,0.810978637,0.000000000
3,0.060000,B,yup,gripper_r_palm_body_v,vel,-3.165306330,4.031419277,-3.938694000,0.000000000,0.000000000,-0.000000000,0.000000000,0.000000000
3,0.060000,B,yup,gripper_r_palm_body_w,vel,0.000000000,0.000000000,-0.000000000,-2.077089548,-7.790919304,-1.919027567,0.000000000,0.000000000
4,0.080000,B,yup,gripper_l_finger1_body_p,pos,-0.576389790,0.969485879,-0.189939976,1.000000000,0.000000000,0.000000000,0.000000000,0.000000000
4,0.080000,B,yup,gripper_l_finger1_body_q,pos,0.000000000,0.000000000,-0.000000000,0.256103040,0.273135514,0.071415358,0.924504230,0.000000000
4,0.080000,B,yup,gripper_l_finger1_body_v,vel,3.979240417,5.564005852,-4.030310631,0.000000000,0.000000000,-0.000000000,0.000000000,0.000000000
4,0.080000,B,yup,gripper_l_finger1_body_w,vel,0.000000000,0.000000000,-0.000000000,3.290164709,4.846979618,5.984805584,0.000000000,0.000000000
4,0.080000,B,yup,gripper_l_finger2_body_p,pos,-0.596564293,0.942094088,-0.159522533,1.000000000,0.000000000,0.000000000,0.000000000,0.000000000
4,0.080000,B,yup,gripper_l_finger2_body_q,pos,0.000000000,0.000000000,-0.000000000,0.924452608,-0.071366698,0.273310185,-0.256116600,0.000000000
4,0.080000,B,yup,gripper_l_finger2_body_v,vel,3.979682922,5.564435482,-4.029661655,0.000000000,0.000000000,-0.000000000,0.000000000,0.000000000
4,0.080000,B,yup,gripper_l_finger2_body_w,vel,0.000000000,0.000000000,-0.000000000,3.289970636,4.847362995,5.984683990,0.000000000,0.000000000
4,0.080000,B,yup,gripper_l_palm_body_p,pos,-0.556723595,0.952681899,-0.143270016,1.000000000,0.000000000,0.000000000,0.000000000,0.000000000
4,0.080000,B,yup,gripper_l_palm_body_q,pos,0.000000000,0.000000000,-0.000000000,0.374297019,0.012102688,-0.603223855,0.704184811,0.000000000
4,0.080000,B,yup,gripper_l_palm_body_v,vel,3.979960203,5.564602852,-4.029576302,0.000000000,0.000000000,-0.000000000,0.000000000,0.000000000
4,0.080000,B,yup,gripper_l_palm_body_w,vel,0.000000000,0.000000000,-0.000000000,3.289362431,4.848565102,5.984303474,0.000000000,0.000000000
4,0.080000,B,yup,gripper_r_finger1_body_p,pos,0.573159695,0.785249531,-0.180944920,1.000000000,0.000000000,0.000000000,0.000000000,0.000000000
4,0.080000,B,yup,gripper_r_finger1_body_q,pos,0.000000000,0.000000000,-0.000000000,-0.229384990,-0.233639898,0.218724208,0.919214145,0.000000000
4,0.080000,B,yup,gripper_r_finger1_body_v,vel,-4.313927174,4.314149380,-3.623761892,0.000000000,0.000000000,-0.000000000,0.000000000,0.000000000
4,0.080000,B,yup,gripper_r_finger1_body_w,vel,0.000000000,0.000000000,-0.000000000,0.990052938,-5.802022934,-5.587785244,0.000000000,0.000000000
4,0.080000,B,yup,gripper_r_finger2_body_p,pos,0.559886456,0.809555352,-0.227991581,1.000000000,0.000000000,0.000000000,0.000000000,0.000000000
4,0.080000,B,yup,gripper_r_finger2_body_q,pos,0.000000000,0.000000000,-0.000000000,0.919229197,-0.218738674,-0.233580856,0.229371010,0.000000000
4,0.080000,B,yup,gripper_r_finger2_body_v,vel,-4.315317154,4.314561844,-3.623986483,0.000000000,0.000000000,-0.000000000,0.000000000,0.000000000
4,0.080000,B,yup,gripper_r_finger2_body_w,vel,0.000000000,0.000000000,-0.000000000,0.988606691,-5.805640221,-5.585480213,0.000000000,0.000000000
4,0.080000,B,yup,gripper_r_palm_body_p,pos,0.535397053,0.829043806,-0.178216934,1.000000000,0.000000000,0.000000000,0.000000000,0.000000000
4,0.080000,B,yup,gripper_r_palm_body_q,pos,0.000000000,0.000000000,-0.000000000,-0.327386886,-0.002995603,-0.495321393,0.804652453,0.000000000
4,0.080000,B,yup,gripper_r_palm_body_v,vel,-4.315268040,4.314515591,-3.624028444,0.000000000,0.000000000,-0.000000000,0.000000000,0.000000000
4,0.080000,B,yup,gripper_r_palm_body_w,vel,0.000000000,0.000000000,-0.000000000,0.988650501,-5.805530548,-5.585549831,0.000000000,0.000000000
5,0.100000,B,yup,gripper_l_finger1_body_p,pos,-0.619164467,1.101505399,-0.198089123,1.000000000,0.000000000,0.000000000,0.000000000,0.000000000
5,0.100000,B,yup,gripper_l_finger1_body_q,pos,0.000000000,0.000000000,-0.000000000,0.312580496,0.247314379,-0.017359814,0.916966558,0.000000000
5,0.100000,B,yup,gripper_l_finger1_body_v,vel,6.561418056,3.934243441,-5.922341824,0.000000000,0.000000000,-0.000000000,0.000000000,0.000000000
5,0.100000,B,yup,gripper_l_finger1_body_w,vel,0.000000000,0.000000000,-0.000000000,7.908862591,4.611323357,8.657725334,0.000000000,0.000000000
5,0.100000,B,yup,gripper_l_finger2_body_p,pos,-0.638198853,1.067827106,-0.164555550,1.000000000,0.000000000,0.000000000,0.000000000,0.000000000
5,0.100000,B,yup,gripper_l_finger2_body_q,pos,0.000000000,0.000000000,-0.000000000,0.916923711,0.017414190,0.247473092,-0.312577547,0.000000000
5,0.100000,B,yup,gripper_l_finger2_body_v,vel,6.563741684,3.936068773,-5.921401501,0.000000000,0.000000000,-0.000000000,0.000000000,0.000000000
5,0.100000,B,yup,gripper_l_finger2_body_w,vel,0.000000000,0.000000000,-0.000000000,7.905774593,4.615590572,8.657073975,0.000000000,0.000000000
5,0.100000,B,yup,gripper_l_palm_body_p,pos,-0.587582111,1.061066628,-0.145672798,1.000000000,0.000000000,0.000000000,0.000000000,0.000000000
5,0.100000,B,yup,gripper_l_palm_body_q,pos,0.000000000,0.000000000,-0.000000000,-0.395969690,0.046083473,0.660673269,-0.636077943,0.000000000
5,0.100000,B,yup,gripper_l_palm_body_v,vel,6.561334610,3.934203148,-5.922210217,0.000000000,0.000000000,-0.000000000,0.000000000,0.000000000
5,0.100000,B,yup,gripper_l_palm_body_w,vel,0.000000000,0.000000000,-0.000000000,7.909065247,4.611043453,8.657768250,0.000000000,0.000000000
5,0.100000,B,yup,gripper_r_finger1_body_p,pos,0.599743843,0.859533966,-0.214272022,1.000000000,0.000000000,0.000000000,0.000000000,0.000000000
5,0.100000,B,yup,gripper_r_finger1_body_q,pos,0.000000000,0.000000000,-0.000000000,-0.293380977,-0.196431176,0.157608241,0.922226674,0.000000000
5,0.100000,B,yup,gripper_r_finger1_body_v,vel,-5.877786636,2.313424110,-4.944265842,0.000000000,0.000000000,-0.000000000,0.000000000,0.000000000
5,0.100000,B,yup,gripper_r_finger1_body_w,vel,0.000000000,0.000000000,-0.000000000,4.687294960,-6.318224430,-6.896255016,0.000000000,0.000000000
5,0.100000,B,yup,gripper_r_finger2_body_p,pos,0.592912197,0.891519845,-0.265496254,1.000000000,0.000000000,0.000000000,0.000000000,0.000000000
5,0.100000,B,yup,gripper_r_finger2_body_q,pos,0.000000000,0.000000000,-0.000000000,0.922247427,-0.157638939,-0.196333827,0.293364408,0.000000000
5,0.100000,B,yup,gripper_r_finger2_body_v,vel,-5.879591465,2.314717293,-4.943916798,0.000000000,0.000000000,-0.000000000,0.000000000,0.000000000
5,0.100000,B,yup,gripper_r_finger2_body_w,vel,0.000000000,0.000000000,-0.000000000,4.684682846,-6.322465897,-6.894042492,0.000000000,0.000000000
5,0.100000,B,yup,gripper_r_palm_body_p,pos,0.556583405,0.893465817,-0.204683781,1.000000000,0.000000000,0.000000000,0.000000000,0.000000000
5,0.100000,B,yup,gripper_r_palm_body_q,pos,0.000000000,0.000000000,-0.000000000,-0.346306412,0.068584405,-0.540663121,0.763578050,0.000000000
5,0.100000,B,yup,gripper_r_palm_body_v,vel,-5.878843784,2.314087868,-4.944240570,0.000000000,0.000000000,-0.000000000,0.000000000,0.000000000
5,0.100000,B,yup,gripper_r_palm_body_w,vel,0.000000000,0.000000000,-0.000000000,4.685820580,-6.320619106,-6.895006180,0.000000000,0.000000000
6,0.120000,B,yup,gripper_l_finger1_body_p,pos,-0.658535480,1.219772935,-0.175014019,1.000000000,0.000000000,0.000000000,0.000000000,0.000000000
6,0.120000,B,yup,gripper_l_finger1_body_q,pos,0.000000000,0.000000000,-0.000000000,0.366453024,0.231779353,-0.116669894,0.893520368,0.000000000
6,0.120000,B,yup,gripper_l_finger1_body_v,vel,5.873718262,3.323507309,-4.553750515,0.000000000,0.000000000,-0.000000000,0.000000000,0.000000000
6,0.120000,B,yup,gripper_l_finger1_body_w,vel,0.000000000,0.000000000,-0.000000000,6.902210712,2.815562248,7.599586010,0.000000000,0.000000000
6,0.120000,B,yup,gripper_l_finger2_body_p,pos,-0.673940659,1.180614948,-0.142147064,1.000000000,0.000000000,0.000000000,0.000000000,0.000000000
6,0.120000,B,yup,gripper_l_finger2_body_q,pos,0.000000000,0.000000000,-0.000000000,0.893492361,0.116714345,0.231887060,-0.366439018,0.000000000
6,0.120000,B,yup,gripper_l_finger2_body_v,vel,5.875837326,3.325553417,-4.552162170,0.000000000,0.000000000,-0.000000000,0.000000000,0.000000000
6,0.120000,B,yup,gripper_l_finger2_body_w,vel,0.000000000,0.000000000,-0.000000000,6.898905277,2.818845749,7.599766254,0.000000000,0.000000000
6,0.120000,B,yup,gripper_l_palm_body_p,pos,-0.612053871,1.154576063,-0.124275684,1.000000000,0.000000000,0.000000000,0.000000000,0.000000000
6,0.120000,B,yup,gripper_l_palm_body_q,pos,0.000000000,0.000000000,-0.000000000,-0.423063668,0.095164337,0.714321030,-0.549278024,0.000000000
6,0.120000,B,yup,gripper_l_palm_body_v,vel,5.874537468,3.324289560,-4.552976131,0.000000000,0.000000000,-0.000000000,0.000000000,0.000000000
6,0.120000,B,yup,gripper_l_palm_body_w,vel,0.000000000,0.000000000,-0.000000000,6.900832653,2.816931248,7.599660873,0.000000000,0.000000000
6,0.120000,B,yup,gripper_r_finger1_body_p,pos,0.624433041,0.928882897,-0.233129978,1.000000000,0.000000000,0.000000000,0.000000000,0.000000000
6,0.120000,B,yup,gripper_r_finger1_body_q,pos,0.000000000,0.000000000,-0.000000000,-0.351064178,-0.165965350,0.087073744,0.917402642,0.000000000
6,0.120000,B,yup,gripper_r_finger1_body_v,vel,-5.187859535,2.021061182,-4.042879105,0.000000000,0.000000000,-0.000000000,0.000000000,0.000000000
6,0.120000,B,yup,gripper_r_finger1_body_w,vel,0.000000000,0.000000000,-0.000000000,4.263952732,-4.918189049,-6.054198265,0.000000000,0.000000000
6,0.120000,B,yup,gripper_r_finger2_body_p,pos,0.625382900,0.967276633,-0.284706593,1.000000000,0.000000000,0.000000000,0.000000000,0.000000000
6,0.120000,B,yup,gripper_r_finger2_body_q,pos,0.000000000,0.000000000,-0.000000000,0.917429273,-0.087129809,-0.165818096,0.351050259,0.000000000
6,0.120000,B,yup,gripper_r_finger2_body_v,vel,-5.189104080,2.022285938,-4.042378426,0.000000000,0.000000000,-0.000000000,0.000000000,0.000000000
6,0.120000,B,yup,gripper_r_finger2_body_w,vel,0.000000000,0.000000000,-0.000000000,4.261958599,-4.920582771,-6.053302288,0.000000000,0.000000000
6,0.120000,B,yup,gripper_r_palm_body_p,pos,0.574933052,0.950857580,-0.217224121,1.000000000,0.000000000,0.000000000,0.000000000,0.000000000
6,0.120000,B,yup,gripper_r_palm_body_q,pos,0.000000000,0.000000000,-0.000000000,-0.365532816,0.130936146,-0.587119818,0.710304023,0.000000000
6,0.120000,B,yup,gripper_r_palm_body_v,vel,-5.188882828,2.022010088,-4.042622089,0.000000000,0.000000000,-0.000000000,0.000000000,0.000000000
6,0.120000,B,yup,gripper_r_palm_body_w,vel,0.000000000,0.000000000,-0.000000000,4.262271404,-4.920207024,-6.053442955,0.000000000,0.000000000
7,0.140000,B,yup,gripper_l_finger1_body_p,pos,-0.691376209,1.310428262,-0.134673595,1.000000000,0.000000000,0.000000000,0.000000000,0.000000000
7,0.140000,B,yup,gripper_l_finger1_body_q,pos,0.000000000,0.000000000,-0.000000000,0.409611253,0.226335465,-0.195139616,0.861923088,0.000000000
7,0.140000,B,yup,gripper_l_finger1_body_v,vel,4.852407932,2.758793831,-3.290631294,0.000000000,0.000000000,-0.000000000,0.000000000,0.000000000
7,0.140000,B,yup,gripper_l_finger1_body_w,vel,0.000000000,0.000000000,-0.000000000,5.769867420,1.425168037,6.297143936,0.000000000,0.000000000
7,0.140000,B,yup,gripper_l_finger2_body_p,pos,-0.702019215,1.267443776,-0.104890823,1.000000000,0.000000000,0.000000000,0.000000000,0.000000000
7,0.140000,B,yup,gripper_l_finger2_body_q,pos,0.000000000,0.000000000,-0.000000000,0.861904609,0.195173188,0.226405515,-0.409595427,0.000000000
7,0.140000,B,yup,gripper_l_finger2_body_v,vel,4.853476524,2.759950876,-3.289517164,0.000000000,0.000000000,-0.000000000,0.000000000,0.000000000
7,0.140000,B,yup,gripper_l_finger2_body_w,vel,0.000000000,0.000000000,-0.000000000,5.768120766,1.426461577,6.297475815,0.000000000,0.000000000
7,0.140000,B,yup,gripper_l_palm_body_p,pos,-0.631221771,1.226862431,-0.090517521,1.000000000,0.000000000,0.000000000,0.000000000,0.000000000
7,0.140000,B,yup,gripper_l_palm_body_q,pos,0.000000000,0.000000000,-0.000000000,-0.449714358,0.129544644,0.747465114,-0.471456344,0.000000000
7,0.140000,B,yup,gripper_l_palm_body_v,vel,4.853193760,2.759608030,-3.289669752,0.000000000,0.000000000,-0.000000000,0.000000000,0.000000000
7,0.140000,B,yup,gripper_l_palm_body_w,vel,0.000000000,0.000000000,-0.000000000,5.768429279,1.426233053,6.297417164,0.000000000,0.000000000
7,0.140000,B,yup,gripper_r_finger1_body_p,pos,0.646197319,0.989363372,-0.239176750,1.000000000,0.000000000,0.000000000,0.000000000,0.000000000
7,0.140000,B,yup,gripper_r_finger1_body_q,pos,0.000000000,0.000000000,-0.000000000,-0.398656997,-0.144475282,0.026285201,0.905267132,0.000000000
7,0.140000,B,yup,gripper_r_finger1_body_v,vel,-4.433928490,1.786383033,-3.235351801,0.000000000,0.000000000,-0.000000000,0.000000000,0.000000000
7,0.140000,B,yup,gripper_r_finger1_body_w,vel,0.000000000,0.000000000,-0.000000000,3.772120953,-3.703891277,-5.282395840,0.000000000,0.000000000
7,0.140000,B,yup,gripper_r_finger2_body_p,pos,0.654844284,1.032456636,-0.288980961,1.000000000,0.000000000,0.000000000,0.000000000,0.000000000
7,0.140000,B,yup,gripper_r_finger2_body_q,pos,0.000000000,0.000000000,-0.000000000,0.905291996,-0.026353577,-0.144319357,0.398652498,0.000000000
7,0.140000,B,yup,gripper_r_finger2_body_v,vel,-4.434311867,1.786839724,-3.235124826,0.000000000,0.000000000,-0.000000000,0.000000000,0.000000000
7,0.140000,B,yup,gripper_r_finger2_body_w,vel,0.000000000,0.000000000,-0.000000000,3.771615028,-3.704373837,-5.282280445,0.000000000,0.000000000
7,0.140000,B,yup,gripper_r_palm_body_p,pos,0.591010094,1.000975847,-0.219274044,1.000000000,0.000000000,0.000000000,0.000000000,0.000000000
7,0.140000,B,yup,gripper_r_palm_body_q,pos,0.000000000,0.000000000,-0.000000000,-0.383987128,0.179795325,-0.621516346,0.658744987,0.000000000
7,0.140000,B,yup,gripper_r_palm_body_v,vel,-4.434141159,1.786608219,-3.235344172,0.000000000,0.000000000,-0.000000000,0.000000000,0.000000000
7,0.140000,B,yup,gripper_r_palm_body_w,vel,0.000000000,0.000000000,-0.000000000,3.771875381,-3.704125404,-5.282340050,0.000000000,0.000000000
8,0.160000,B,yup,gripper_l_finger1_body_p,pos,-0.718669891,1.377910733,-0.087989330,1.000000000,0.000000000,0.000000000,0.000000000,0.000000000
8,0.160000,B,yup,gripper_l_finger1_body_q,pos,0.000000000,0.000000000,-0.000000000,0.443563104,0.228272244,-0.256755561,0.827780247,0.000000000
8,0.160000,B,yup,gripper_l_finger1_body_v,vel,3.916264534,2.197898626,-2.478666544,0.000000000,0.000000000,-0.000000000,0.000000000,0.000000000
8,0.160000,B,yup,gripper_l_finger1_body_w,vel,0.000000000,0.000000000,-0.000000000,4.902195930,0.531282902,5.154067516,0.000000000,0.000000000
8,0.160000,B,yup,gripper_l_finger2_body_p,pos,-0.724270821,1.332937360,-0.062573910,1.000000000,0.000000000,0.000000000,0.000000000,0.000000000
8,0.160000,B,yup,gripper_l_finger2_body_q,pos,0.000000000,0.000000000,-0.000000000,0.827765715,0.256783904,0.228324608,-0.443546864,0.000000000
8,0.160000,B,yup,gripper_l_finger2_body_v,vel,3.916699171,2.198417902,-2.478110552,0.000000000,0.000000000,-0.000000000,0.000000000,0.000000000
8,0.160000,B,yup,gripper_l_finger2_body_w,vel,0.000000000,0.000000000,-0.000000000,4.901505470,0.531667709,5.154247761,0.000000000,0.000000000
8,0.160000,B,yup,gripper_l_palm_body_p,pos,-0.646795273,1.281215787,-0.052607059,1.000000000,0.000000000,0.000000000,0.000000000,0.000000000
8,0.160000,B,yup,gripper_l_palm_body_q,pos,0.000000000,0.000000000,-0.000000000,-0.475079839,0.152194665,0.766890425,-0.403751168,0.000000000
8,0.160000,B,yup,gripper_l_palm_body_v,vel,3.916883469,2.198570251,-2.477730274,0.000000000,0.000000000,-0.000000000,0.000000000,0.000000000
8,0.160000,B,yup,gripper_l_palm_body_w,vel,0.000000000,0.000000000,-0.000000000,4.900973320,0.531964481,5.154386997,0.000000000,0.000000000
8,0.160000,B,yup,gripper_r_finger1_body_p,pos,0.665261269,1.041466713,-0.237015247,1.000000000,0.000000000,0.000000000,0.000000000,0.000000000
8,0.160000,B,yup,gripper_r_finger1_body_q,pos,0.000000000,0.000000000,-0.000000000,-0.437965389,-0.131006761,-0.025813458,0.889020366,0.000000000
8,0.160000,B,yup,gripper_r_finger1_body_v,vel,-3.722176313,1.520696044,-2.636801481,0.000000000,0.000000000,-0.000000000,0.000000000,0.000000000
8,0.160000,B,yup,gripper_r_finger1_body_w,vel,0.000000000,0.000000000,-0.000000000,3.402976990,-2.730720520,-4.599539280,0.000000000,0.000000000
8,0.160000,B,yup,gripper_r_finger2_body_p,pos,0.681139946,1.087710857,-0.283598423,1.000000000,0.000000000,0.000000000,0.000000000,0.000000000
8,0.160000,B,yup,gripper_r_finger2_body_q,pos,0.000000000,0.000000000,-0.000000000,0.889043727,0.025735503,-0.130847930,0.437970038,0.000000000
8,0.160000,B,yup,gripper_r_finger2_body_v,vel,-3.722760916,1.521502972,-2.636263371,0.000000000,0.000000000,-0.000000000,0.000000000,0.000000000
8,0.160000,B,yup,gripper_r_finger2_body_w,vel,0.000000000,0.000000000,-0.000000000,3.401885033,-2.731575251,-4.599443913,0.000000000,0.000000000
8,0.160000,B,yup,gripper_r_palm_body_p,pos,0.605407238,1.043981791,-0.214646339,1.000000000,0.000000000,0.000000000,0.000000000,0.000000000
8,0.160000,B,yup,gripper_r_palm_body_q,pos,0.000000000,0.000000000,-0.000000000,0.402262356,-0.217117963,0.646863322,-0.610420043,0.000000000
8,0.160000,B,yup,gripper_r_palm_body_v,vel,-3.722162008,1.520666599,-2.636902809,0.000000000,0.000000000,-0.000000000,0.000000000,0.000000000
8,0.160000,B,yup,gripper_r_palm_body_w,vel,0.000000000,0.000000000,-0.000000000,3.403130770,-2.730599880,-4.599553108,0.000000000,0.000000000
9,0.180000,B,yup,gripper_l_finger1_body_p,pos,-0.742017269,1.426905751,-0.041981220,1.000000000,0.000000000,0.000000000,0.000000000,0.000000000
9,0.180000,B,yup,gripper_l_finger1_body_q,pos,0.000000000,0.000000000,-0.000000000,0.470253347,0.233385220,-0.304948270,0.794606621,0.000000000
9,0.180000,B,yup,gripper_l_finger1_body_v,vel,3.166787148,1.750050187,-1.898699522,0.000000000,0.000000000,-0.000000000,0.000000000,0.000000000
9,0.180000,B,yup,gripper_l_finger1_body_w,vel,0.000000000,0.000000000,-0.000000000,4.084774017,0.083491050,4.219065189,0.000000000,0.000000000
9,0.180000,B,yup,gripper_l_finger2_body_p,pos,-0.742862225,1.381304860,-0.021087170,1.000000000,0.000000000,0.000000000,0.000000000,0.000000000
9,0.180000,B,yup,gripper_l_finger2_body_q,pos,0.000000000,0.000000000,-0.000000000,0.794596570,0.304968538,0.233419003,-0.470240418,0.000000000
9,0.180000,B,yup,gripper_l_finger2_body_v,vel,3.168132305,1.751659155,-1.896441102,0.000000000,0.000000000,-0.000000000,0.000000000,0.000000000
9,0.180000,B,yup,gripper_l_finger2_body_w,vel,0.000000000,0.000000000,-0.000000000,4.081987381,0.084655330,4.219895363,0.000000000,0.000000000
9,0.180000,B,yup,gripper_l_palm_body_p,pos,-0.660184860,1.321115494,-0.015611172,1.000000000,0.000000000,0.000000000,0.000000000,0.000000000
9,0.180000,B,yup,gripper_l_palm_body_q,pos,0.000000000,0.000000000,-0.000000000,-0.497559998,0.167463289,0.777508749,-0.346222820,0.000000000
9,0.180000,B,yup,gripper_l_palm_body_v,vel,3.167428970,1.750767231,-1.897550702,0.000000000,0.000000000,-0.000000000,0.000000000,0.000000000
9,0.180000,B,yup,gripper_l_palm_body_w,vel,0.000000000,0.000000000,-0.000000000,4.083406925,0.084062293,4.219472408,0.000000000,0.000000000
9,0.180000,B,yup,gripper_r_finger1_body_p,pos,0.682407856,1.085783243,-0.229877472,1.000000000,0.000000000,0.000000000,0.000000000,0.000000000
9,0.180000,B,yup,gripper_r_finger1_body_q,pos,0.000000000,0.000000000,-0.000000000,-0.470334883,-0.122712991,-0.070143073,0.871095040,0.000000000
9,0.180000,B,yup,gripper_r_finger1_body_v,vel,-3.114171743,1.287311316,-2.174666643,0.000000000,0.000000000,-0.000000000,0.000000000,0.000000000
9,0.180000,B,yup,gripper_r_finger1_body_w,vel,0.000000000,0.000000000,-0.000000000,3.030674934,-2.061167717,-3.966370583,0.000000000,0.000000000
9,0.180000,B,yup,gripper_r_finger2_body_p,pos,0.704771519,1.133891821,-0.272624969,1.000000000,0.000000000,0.000000000,0.000000000,0.000000000
9,0.180000,B,yup,gripper_r_finger2_body_q,pos,0.000000000,0.000000000,-0.000000000,0.871118602,0.070052825,-0.122545294,0.470348417,0.000000000
9,0.180000,B,yup,gripper_r_finger2_body_v,vel,-3.114724159,1.288147569,-2.174049377,0.000000000,0.000000000,-0.000000000,0.000000000,0.000000000
9,0.180000,B,yup,gripper_r_finger2_body_w,vel,0.000000000,0.000000000,-0.000000000,3.029539108,-2.061911345,-3.966379881,0.000000000,0.000000000
9,0.180000,B,yup,gripper_r_palm_body_p,pos,0.618625641,1.080400467,-0.206084251,1.000000000,0.000000000,0.000000000,0.000000000,0.000000000
9,0.180000,B,yup,gripper_r_palm_body_q,pos,0.000000000,0.000000000,-0.000000000,0.419289408,-0.245874881,0.665530434,-0.566401956,0.000000000
9,0.180000,B,yup,gripper_r_palm_body_v,vel,-3.114153385,1.287284255,-2.174762011,0.000000000,0.000000000,-0.000000000,0.000000000,0.000000000
9,0.180000,B,yup,gripper_r_palm_body_w,vel,0.000000000,0.000000000,-0.000000000,3.030811787,-2.061078310,-3.966369629,0.000000000,0.000000000
10,0.200000,B,yup,gripper_l_finger1_body_p,pos,-0.762796879,1.461680532,-0.000241756,1.000000000,0.000000000,0.000000000,0.000000000,0.000000000
10,0.200000,B,yup,gripper_l_finger1_body_q,pos,0.000000000,0.000000000,-0.000000000,0.492204990,0.239534286,-0.342474875,0.763589244,0.000000000
10,0.200000,B,yup,gripper_l_finger1_body_v,vel,2.607310057,1.422245383,-1.452254653,0.000000000,0.000000000,-0.000000000,0.000000000,0.000000000
10,0.200000,B,yup,gripper_l_finger1_body_w,vel,0.000000000,0.000000000,-0.000000000,3.359457731,-0.193778530,3.553493977,0.000000000,0.000000000
10,0.200000,B,yup,gripper_l_finger2_body_p,pos,-0.759222031,1.416202426,0.016448498,1.000000000,0.000000000,0.000000000,0.000000000,0.000000000
10,0.200000,B,yup,gripper_l_finger2_body_q,pos,0.000000000,0.000000000,-0.000000000,0.763586433,0.342480665,0.239542846,-0.492201157,0.000000000
10,0.200000,B,yup,gripper_l_finger2_body_v,vel,2.608399391,1.423592687,-1.450099587,0.000000000,0.000000000,-0.000000000,0.000000000,0.000000000
10,0.200000,B,yup,gripper_l_finger2_body_w,vel,0.000000000,0.000000000,-0.000000000,3.357000828,-0.193024889,3.554264545,0.000000000,0.000000000
10,0.200000,B,yup,gripper_l_palm_body_p,pos,-0.672394753,1.349678278,0.017784595,1.000000000,0.000000000,0.000000000,0.000000000,0.000000000
10,0.200000,B,yup,gripper_l_palm_body_q,pos,0.000000000,0.000000000,-0.000000000,0.517425031,-0.178646224,-0.782109807,0.297760162,0.000000000
10,0.200000,B,yup,gripper_l_palm_body_v,vel,2.607757092,1.422752261,-1.451325536,0.000000000,0.000000000,-0.000000000,0.000000000,0.000000000
10,0.200000,B,yup,gripper_l_palm_body_w,vel,0.000000000,0.000000000,-0.000000000,3.358437300,-0.193465546,3.553813934,0.000000000,0.000000000
10,0.200000,B,yup,gripper_r_finger1_body_p,pos,0.698066235,1.122956276,-0.219911575,1.000000000,0.000000000,0.000000000,0.000000000,0.000000000
10,0.200000,B,yup,gripper_r_finger1_body_q,pos,0.000000000,0.000000000,-0.000000000,-0.497265463,-0.117907689,-0.107602485,0.852787513,0.000000000
10,0.200000,B,yup,gripper_r_finger1_body_v,vel,-2.573081017,1.091596842,-1.765756130,0.000000000,0.000000000,-0.000000000,0.000000000,0.000000000
10,0.200000,B,yup,gripper_r_finger1_body_w,vel,0.000000000,0.000000000,-0.000000000,2.656656265,-1.513850451,-3.422735214,0.000000000,0.000000000
10,0.200000,B,yup,gripper_r_finger2_body_p,pos,0.726169109,1.171976089,-0.258695602,1.000000000,0.000000000,0.000000000,0.000000000,0.000000000
10,0.200000,B,yup,gripper_r_finger2_body_q,pos,0.000000000,0.000000000,-0.000000000,0.852811686,0.107500545,-0.117732346,0.497287599,0.000000000
10,0.200000,B,yup,gripper_r_finger2_body_v,vel,-2.573679209,1.092578173,-1.765013218,0.000000000,0.000000000,-0.000000000,0.000000000,0.000000000
10,0.200000,B,yup,gripper_r_finger2_body_w,vel,0.000000000,0.000000000,-0.000000000,2.655305147,-1.514596462,-3.422837734,0.000000000,0.000000000
10,0.200000,B,yup,gripper_r_palm_body_p,pos,0.630991936,1.110786200,-0.195398331,1.000000000,0.000000000,0.000000000,0.000000000,0.000000000
10,0.200000,B,yup,gripper_r_palm_body_q,pos,0.000000000,0.000000000,-0.000000000,0.434936226,-0.268319756,0.679069401,-0.526972235,0.000000000
10,0.200000,B,yup,gripper_r_palm_body_v,vel,-2.573463202,1.092232823,-1.765346885,0.000000000,0.000000000,-0.000000000,0.000000000,0.000000000
10,0.200000,B,yup,gripper_r_palm_body_w,vel,0.000000000,0.000000000,-0.000000000,2.655778646,-1.514335155,-3.422801971,0.000000000,0.000000000
11,0.220000,B,yup,gripper_l_finger1_body_p,pos,-0.782073498,1.485698342,0.035697460,1.000000000,0.000000000,0.000000000,0.000000000,0.000000000
11,0.220000,B,yup,gripper_l_finger1_body_q,pos,0.000000000,0.000000000,-0.000000000,0.511201319,0.245590493,-0.371553868,0.735055267,0.000000000
11,0.220000,B,yup,gripper_l_finger1_body_v,vel,2.186049938,1.182367206,-1.098869443,0.000000000,0.000000000,-0.000000000,0.000000000,0.000000000
11,0.220000,B,yup,gripper_l_finger1_body_w,vel,0.000000000,0.000000000,-0.000000000,2.728965282,-0.372585207,3.080702543,0.000000000,0.000000000
11,0.220000,B,yup,gripper_l_finger2_body_p,pos,-0.774351597,1.440669656,0.048666477,1.000000000,0.000000000,0.000000000,0.000000000,0.000000000
11,0.220000,B,yup,gripper_l_finger2_body_q,pos,0.000000000,0.000000000,-0.000000000,0.735058543,0.371547013,0.245580256,-0.511206507,0.000000000
11,0.220000,B,yup,gripper_l_finger2_body_v,vel,2.186856270,1.183402538,-1.097023726,0.000000000,0.000000000,-0.000000000,0.000000000,0.000000000
11,0.220000,B,yup,gripper_l_finger2_body_w,vel,0.000000000,0.000000000,-0.000000000,2.726985693,-0.372158676,3.081328154,0.000000000,0.000000000
11,0.220000,B,yup,gripper_l_palm_body_p,pos,-0.684145927,1.369504929,0.046425819,1.000000000,0.000000000,0.000000000,0.000000000,0.000000000
11,0.220000,B,yup,gripper_l_palm_body_q,pos,0.000000000,0.000000000,-0.000000000,0.535136760,-0.187802643,-0.782493890,0.257025540,0.000000000
11,0.220000,B,yup,gripper_l_palm_body_v,vel,2.186327457,1.182684660,-1.098207474,0.000000000,0.000000000,-0.000000000,0.000000000,0.000000000
11,0.220000,B,yup,gripper_l_palm_body_w,vel,0.000000000,0.000000000,-0.000000000,2.728287458,-0.372439116,3.080916882,0.000000000,0.000000000
11,0.220000,B,yup,gripper_r_finger1_body_p,pos,0.712114811,1.153616667,-0.208551884,1.000000000,0.000000000,0.000000000,0.000000000,0.000000000
11,0.220000,B,yup,gripper_r_finger1_body_q,pos,0.000000000,0.000000000,-0.000000000,0.520841725,0.116377794,0.138616175,-0.834245565,0.000000000
11,0.220000,B,yup,gripper_r_finger1_body_v,vel,-2.138491392,0.954534650,-1.400027752,0.000000000,0.000000000,-0.000000000,0.000000000,0.000000000
11,0.220000,B,yup,gripper_r_finger1_body_w,vel,0.000000000,0.000000000,-0.000000000,2.311956406,-1.008485675,-3.063089371,0.000000000,0.000000000
11,0.220000,B,yup,gripper_r_finger2_body_p,pos,0.745536804,1.202919722,-0.243441582,1.000000000,0.000000000,0.000000000,0.000000000,0.000000000
11,0.220000,B,yup,gripper_r_finger2_body_q,pos,0.000000000,0.000000000,-0.000000000,0.834270686,0.138503658,-0.116197089,0.520871766,0.000000000
11,0.220000,B,yup,gripper_r_finger2_body_v,vel,-2.139131546,0.955662966,-1.399082065,0.000000000,0.000000000,-0.000000000,0.000000000,0.000000000
11,0.220000,B,yup,gripper_r_finger2_body_w,vel,0.000000000,0.000000000,-0.000000000,2.310362339,-1.009226799,-3.063283920,0.000000000,0.000000000
11,0.220000,B,yup,gripper_r_palm_body_p,pos,0.642618179,1.135656118,-0.183760643,1.000000000,0.000000000,0.000000000,0.000000000,0.000000000
11,0.220000,B,yup,gripper_r_palm_body_q,pos,0.000000000,0.000000000,-0.000000000,0.450527910,-0.286075207,0.687885601,-0.491933916,0.000000000
11,0.220000,B,yup,gripper_r_palm_body_v,vel,-2.138831377,0.955148220,-1.399580479,0.000000000,0.000000000,-0.000000000,0.000000000,0.000000000
11,0.220000,B,yup,gripper_r_palm_body_w,vel,0.000000000,0.000000000,-0.000000000,2.311105251,-1.008881330,-3.063193321,0.000000000,0.000000000
12,0.240000,B,yup,gripper_l_finger1_body_p,pos,-0.800554752,1.501545310,0.065387249,1.000000000,0.000000000,0.000000000,0.000000000,0.000000000
12,0.240000,B,yup,gripper_l_finger1_body_q,pos,0.000000000,0.000000000,-0.000000000,0.528073386,0.250681938,-0.393946561,0.709297661,0.000000000
12,0.240000,B,yup,gripper_l_finger1_body_v,vel,1.823936939,0.985466540,-0.802890897,0.000000000,0.000000000,-0.000000000,0.000000000,0.000000000
12,0.240000,B,yup,gripper_l_finger1_body_w,vel,0.000000000,0.000000000,-0.000000000,2.167165995,-0.470612228,2.690294266,0.000000000,0.000000000
12,0.240000,B,yup,gripper_l_finger2_body_p,pos,-0.788977623,1.457032323,0.075207233,1.000000000,0.000000000,0.000000000,0.000000000,0.000000000
12,0.240000,B,yup,gripper_l_finger2_body_q,pos,0.000000000,0.000000000,-0.000000000,0.709305525,0.393930018,0.250659347,-0.528085888,0.000000000
12,0.240000,B,yup,gripper_l_finger2_body_v,vel,1.824399710,0.986074924,-0.801674247,0.000000000,0.000000000,-0.000000000,0.000000000,0.000000000
12,0.240000,B,yup,gripper_l_finger2_body_w,vel,0.000000000,0.000000000,-0.000000000,2.165944576,-0.470442086,2.690673828,0.000000000,0.000000000
12,0.240000,B,yup,gripper_l_palm_body_p,pos,-0.695924282,1.382594347,0.070028305,1.000000000,0.000000000,0.000000000,0.000000000,0.000000000
12,0.240000,B,yup,gripper_l_palm_body_q,pos,0.000000000,0.000000000,-0.000000000,0.550665385,-0.196137623,-0.780113461,0.222981290,0.000000000
12,0.240000,B,yup,gripper_l_palm_body_v,vel,1.824223280,0.985803902,-0.802120566,0.000000000,0.000000000,-0.000000000,0.000000000,0.000000000
12,0.240000,B,yup,gripper_l_palm_body_w,vel,0.000000000,0.000000000,-0.000000000,2.166406155,-0.470506400,2.690530300,0.000000000,0.000000000
12,0.240000,B,yup,gripper_r_finger1_body_p,pos,0.725032330,1.178346157,-0.196959019,1.000000000,0.000000000,0.000000000,0.000000000,0.000000000
12,0.240000,B,yup,gripper_r_finger1_body_q,pos,0.000000000,0.000000000,-0.000000000,0.541468985,0.116865486,0.163899735,-0.816266301,0.000000000
12,0.240000,B,yup,gripper_r_finger1_body_v,vel,-1.764413357,0.832675219,-1.095155478,0.000000000,0.000000000,-0.000000000,0.000000000,0.000000000
12,0.240000,B,yup,gripper_r_finger1_body_w,vel,0.000000000,0.000000000,-0.000000000,1.965766907,-0.657867312,-2.717890978,0.000000000,0.000000000
12,0.240000,B,yup,gripper_r_finger2_body_p,pos,0.763320446,1.227487087,-0.228262901,1.000000000,0.000000000,0.000000000,0.000000000,0.000000000
12,0.240000,B,yup,gripper_r_finger2_body_q,pos,0.000000000,0.000000000,-0.000000000,0.816292750,0.163777127,-0.116680197,0.541506168,0.000000000
12,0.240000,B,yup,gripper_r_finger2_body_v,vel,-1.764859438,0.833519161,-1.094391942,0.000000000,0.000000000,-0.000000000,0.000000000,0.000000000
12,0.240000,B,yup,gripper_r_finger2_body_w,vel,0.000000000,0.000000000,-0.000000000,1.964588046,-0.658327341,-2.718071222,0.000000000,0.000000000
12,0.240000,B,yup,gripper_r_palm_body_p,pos,0.653784275,1.155530930,-0.172155380,1.000000000,0.000000000,0.000000000,0.000000000,0.000000000
12,0.240000,B,yup,gripper_r_palm_body_q,pos,0.000000000,0.000000000,-0.000000000,0.465460387,-0.300318687,0.693048048,-0.461345551,0.000000000
12,0.240000,B,yup,gripper_r_palm_body_v,vel,-1.764529586,0.832913220,-1.095002651,0.000000000,0.000000000,-0.000000000,0.000000000,0.000000000
12,0.240000,B,yup,gripper_r_palm_body_w,vel,0.000000000,0.000000000,-0.000000000,1.965479374,-0.657979488,-2.717934847,0.000000000,0.000000000
13,0.260000,B,yup,gripper_l_finger1_body_p,pos,-0.818506241,1.511080623,0.089023590,1.000000000,0.000000000,0.000000000,0.000000000,0.000000000
13,0.260000,B,yup,gripper_l_finger1_body_q,pos,0.000000000,0.000000000,-0.000000000,0.543236044,0.254669997,-0.410759781,0.686523266,0.000000000
13,0.260000,B,yup,gripper_l_finger1_body_v,vel,1.496243119,0.816673875,-0.546714127,0.000000000,0.000000000,-0.000000000,0.000000000,0.000000000
13,0.260000,B,yup,gripper_l_finger1_body_w,vel,0.000000000,0.000000000,-0.000000000,1.669831872,-0.523550510,2.353758335,0.000000000,0.000000000
13,0.260000,B,yup,gripper_l_finger2_body_p,pos,-0.803365231,1.467009664,0.096251011,1.000000000,0.000000000,0.000000000,0.000000000,0.000000000
13,0.260000,B,yup,gripper_l_finger2_body_q,pos,0.000000000,0.000000000,-0.000000000,0.686534229,0.410736353,0.254640013,-0.543253959,0.000000000
13,0.260000,B,yup,gripper_l_finger2_body_v,vel,1.496699572,0.817299426,-0.545354068,0.000000000,0.000000000,-0.000000000,0.000000000,0.000000000
13,0.260000,B,yup,gripper_l_finger2_body_w,vel,0.000000000,0.000000000,-0.000000000,1.668500900,-0.523449719,2.354158640,0.000000000,0.000000000
13,0.260000,B,yup,gripper_l_palm_body_p,pos,-0.707944870,1.390392303,0.088801861,1.000000000,0.000000000,0.000000000,0.000000000,0.000000000
13,0.260000,B,yup,gripper_l_palm_body_q,pos,0.000000000,0.000000000,-0.000000000,0.564205782,-0.204043092,-0.775897329,0.194991247,0.000000000
13,0.260000,B,yup,gripper_l_palm_body_v,vel,1.496459365,0.816934466,-0.546060681,0.000000000,0.000000000,-0.000000000,0.000000000,0.000000000
13,0.260000,B,yup,gripper_l_palm_body_w,vel,0.000000000,0.000000000,-0.000000000,1.669213414,-0.523503661,2.353944302,0.000000000,0.000000000
13,0.260000,B,yup,gripper_r_finger1_body_p,pos,0.737298012,1.197669983,-0.185932159,1.000000000,0.000000000,0.000000000,0.000000000,0.000000000
13,0.260000,B,yup,gripper_r_finger1_body_q,pos,0.000000000,0.000000000,-0.000000000,0.559578774,0.118213393,0.184284150,-0.799335062,0.000000000
13,0.260000,B,yup,gripper_r_finger1_body_v,vel,-1.457328320,0.726524711,-0.844174266,0.000000000,0.000000000,-0.000000000,0.000000000,0.000000000
13,0.260000,B,yup,gripper_r_finger1_body_w,vel,0.000000000,0.000000000,-0.000000000,1.629217505,-0.430080384,-2.413348436,0.000000000,0.000000000
13,0.260000,B,yup,gripper_r_finger2_body_p,pos,0.779999733,1.246378899,-0.214106560,1.000000000,0.000000000,0.000000000,0.000000000,0.000000000
13,0.260000,B,yup,gripper_r_finger2_body_q,pos,0.000000000,0.000000000,-0.000000000,0.799362971,0.184152008,-0.118024164,0.559622351,0.000000000
13,0.260000,B,yup,gripper_r_finger2_body_v,vel,-1.457630754,0.727143526,-0.843592346,0.000000000,0.000000000,-0.000000000,0.000000000,0.000000000
13,0.260000,B,yup,gripper_r_finger2_body_w,vel,0.000000000,0.000000000,-0.000000000,1.628370047,-0.430356622,-2.413495064,0.000000000,0.000000000
13,0.260000,B,yup,gripper_r_palm_body_p,pos,0.664752960,1.170879364,-0.161263943,1.000000000,0.000000000,0.000000000,0.000000000,0.000000000
13,0.260000,B,yup,gripper_r_palm_body_q,pos,0.000000000,0.000000000,-0.000000000,0.479220564,-0.312173781,0.695487417,-0.434962566,0.000000000
13,0.260000,B,yup,gripper_r_palm_body_v,vel,-1.457445860,0.726784110,-0.843984067,0.000000000,0.000000000,-0.000000000,0.000000000,0.000000000
13,0.260000,B,yup,gripper_r_palm_body_w,vel,0.000000000,0.000000000,-0.000000000,1.628892541,-0.430186331,-2.413404703,0.000000000,0.000000000
14,0.280000,B,yup,gripper_l_finger1_body_p,pos,-0.836303711,1.515760779,0.107129097,1.000000000,0.000000000,0.000000000,0.000000000,0.000000000
14,0.280000,B,yup,gripper_l_finger1_body_q,pos,0.000000000,0.000000000,-0.000000000,0.557053327,0.257250905,-0.423178613,0.666658401,0.000000000
14,0.280000,B,yup,gripper_l_finger1_body_v,vel,1.229984641,0.681920946,-0.340046197,0.000000000,0.000000000,-0.000000000,0.000000000,0.000000000
14,0.280000,B,yup,gripper_l_finger1_body_w,vel,0.000000000,0.000000000,-0.000000000,1.240201235,-0.518570721,2.090696812,0.000000000,0.000000000
14,0.280000,B,yup,gripper_l_finger2_body_p,pos,-0.817895889,1.471951604,0.112298012,1.000000000,0.000000000,0.000000000,0.000000000,0.000000000
14,0.280000,B,yup,gripper_l_finger2_body_q,pos,0.000000000,0.000000000,-0.000000000,0.666671870,0.423149377,0.257215559,-0.557075738,0.000000000
14,0.280000,B,yup,gripper_l_finger2_body_v,vel,1.230246186,0.682293177,-0.339169830,0.000000000,0.000000000,-0.000000000,0.000000000,0.000000000
14,0.280000,B,yup,gripper_l_finger2_body_w,vel,0.000000000,0.000000000,-0.000000000,1.239383221,-0.518552661,2.090933323,0.000000000,0.000000000
14,0.280000,B,yup,gripper_l_palm_body_p,pos,-0.720452785,1.394038916,0.103199005,1.000000000,0.000000000,0.000000000,0.000000000,0.000000000
14,0.280000,B,yup,gripper_l_palm_body_q,pos,0.000000000,0.000000000,-0.000000000,0.575800219,-0.211991621,-0.770631366,0.172165497,0.000000000
14,0.280000,B,yup,gripper_l_palm_body_v,vel,1.230179071,0.682166398,-0.339392275,0.000000000,0.000000000,-0.000000000,0.000000000,0.000000000
14,0.280000,B,yup,gripper_l_palm_body_w,vel,0.000000000,0.000000000,-0.000000000,1.239595294,-0.518557370,2.090871811,0.000000000,0.000000000
14,0.280000,B,yup,gripper_r_finger1_body_p,pos,0.748538494,1.210957289,-0.175018311,1.000000000,0.000000000,0.000000000,0.000000000,0.000000000
14,0.280000,B,yup,gripper_r_finger1_body_q,pos,0.000000000,0.000000000,-0.000000000,0.575354984,0.123102039,0.197097345,-0.784197148,0.000000000
14,0.280000,B,yup,gripper_r_finger1_body_v,vel,-0.516362131,0.516662180,-0.094223671,0.000000000,0.000000000,-0.000000000,0.000000000,0.000000000
14,0.280000,B,yup,gripper_r_finger1_body_w,vel,0.000000000,0.000000000,-0.000000000,1.148994684,0.529603958,-1.859445930,0.000000000,0.000000000
14,0.280000,B,yup,gripper_r_finger2_body_p,pos,0.795358658,1.259132147,-0.200589657,1.000000000,0.000000000,0.000000000,0.000000000,0.000000000
14,0.280000,B,yup,gripper_r_finger2_body_q,pos,0.000000000,0.000000000,-0.000000000,0.784226946,0.196957796,-0.122911393,0.575402913,0.000000000
14,0.280000,B,yup,gripper_r_finger2_body_v,vel,-0.516447842,0.516865075,-0.094052143,0.000000000,0.000000000,-0.000000000,0.000000000,0.000000000
14,0.280000,B,yup,gripper_r_finger2_body_w,vel,0.000000000,0.000000000,-0.000000000,1.148759246,0.529539466,-1.859487295,0.000000000,0.000000000
14,0.280000,B,yup,gripper_r_palm_body_p,pos,0.676164150,1.181162119,-0.150439262,1.000000000,0.000000000,0.000000000,0.000000000,0.000000000
14,0.280000,B,yup,gripper_r_palm_body_q,pos,0.000000000,0.000000000,-0.000000000,0.493833364,-0.319875271,0.693841282,-0.415201993,0.000000000
14,0.280000,B,yup,gripper_r_palm_body_v,vel,-0.516441703,0.516858280,-0.094076462,0.000000000,0.000000000,-0.000000000,0.000000000,0.000000000
14,0.280000,B,yup,gripper_r_palm_body_w,vel,0.000000000,0.000000000,-0.000000000,1.148753881,0.529538035,-1.859488249,0.000000000,0.000000000
15,0.300000,B,yup,gripper_l_finger1_body_p,pos,-0.854284763,1.516646504,0.120462418,1.000000000,0.000000000,0.000000000,0.000000000,0.000000000
15,0.300000,B,yup,gripper_l_finger1_body_q,pos,0.000000000,0.000000000,-0.000000000,0.569804591,0.258198624,-0.432287343,0.649448883,0.000000000
15,0.300000,B,yup,gripper_l_finger1_body_v,vel,1.018464923,0.574845672,-0.177245915,0.000000000,0.000000000,-0.000000000,0.000000000,0.000000000
15,0.300000,B,yup,gripper_l_finger1_body_w,vel,0.000000000,0.000000000,-0.000000000,0.877608657,-0.470764816,1.891457319,0.000000000,0.000000000
15,0.300000,B,yup,gripper_l_finger2_body_p,pos,-0.832904816,1.472860694,0.124064922,1.000000000,0.000000000,0.000000000,0.000000000,0.000000000
15,0.300000,B,yup,gripper_l_finger2_body_q,pos,0.000000000,0.000000000,-0.000000000,0.649464362,0.432253091,0.258159249,-0.569830773,0.000000000
15,0.300000,B,yup,gripper_l_finger2_body_v,vel,1.018644452,0.575115740,-0.176575482,0.000000000,0.000000000,-0.000000000,0.000000000,0.000000000
15,0.300000,B,yup,gripper_l_finger2_body_w,vel,0.000000000,0.000000000,-0.000000000,0.877002597,-0.470779359,1.891625404,0.000000000,0.000000000
15,0.300000,B,yup,gripper_l_palm_body_p,pos,-0.733643532,1.394373655,0.113850117,1.000000000,0.000000000,0.000000000,0.000000000,0.000000000
15,0.300000,B,yup,gripper_l_palm_body_q,pos,0.000000000,0.000000000,-0.000000000,0.585486228,-0.220340803,-0.764902471,0.153557866,0.000000000
15,0.300000,B,yup,gripper_l_palm_body_v,vel,1.018605232,0.575028837,-0.176724568,0.000000000,0.000000000,-0.000000000,0.000000000,0.000000000
15,0.300000,B,yup,gripper_l_palm_body_w,vel,0.000000000,0.000000000,-0.000000000,0.877139628,-0.470776051,1.891587377,0.000000000,0.000000000
15,0.300000,B,yup,gripper_r_finger1_body_p,pos,0.759349823,1.217361927,-0.163290501,1.000000000,0.000000000,0.000000000,0.000000000,0.000000000
15,0.300000,B,yup,gripper_r_finger1_body_q,pos,0.000000000,0.000000000,-0.000000000,0.588356825,0.132805677,0.200251224,-0.772074055,0.000000000
15,0.300000,B,yup,gripper_r_finger1_body_v,vel,0.427780449,0.273526162,0.685317695,0.000000000,0.000000000,-0.000000000,0.000000000,0.000000000
15,0.300000,B,yup,gripper_r_finger1_body_w,vel,0.000000000,0.000000000,-0.000000000,0.644682288,1.343319058,-1.275927186,0.000000000,0.000000000
15,0.300000,B,yup,gripper_r_finger2_body_p,pos,0.809952259,1.265093565,-0.187003613,1.000000000,0.000000000,0.000000000,0.000000000,0.000000000
15,0.300000,B,yup,gripper_r_finger2_body_q,pos,0.000000000,0.000000000,-0.000000000,0.772107009,0.200105220,-0.132613659,0.588406564,0.000000000
15,0.300000,B,yup,gripper_r_finger2_body_v,vel,0.427661866,0.273841858,0.685593724,0.000000000,0.000000000,-0.000000000,0.000000000,0.000000000
15,0.300000,B,yup,gripper_r_finger2_body_w,vel,0.000000000,0.000000000,-0.000000000,0.644255638,1.343218207,-1.275995016,0.000000000,0.000000000
15,0.300000,B,yup,gripper_r_palm_body_p,pos,0.689229965,1.185658455,-0.138638496,1.000000000,0.000000000,0.000000000,0.000000000,0.000000000
15,0.300000,B,yup,gripper_r_palm_body_q,pos,0.000000000,0.000000000,-0.000000000,0.509887847,-0.322210040,0.687497251,-0.404404010,0.000000000
15,0.300000,B,yup,gripper_r_palm_body_v,vel,0.427596211,0.274001390,0.685769320,0.000000000,0.000000000,-0.000000000,0.000000000,0.000000000
15,0.300000,B,yup,gripper_r_palm_body_w,vel,0.000000000,0.000000000,-0.000000000,0.643999279,1.343157530,-1.276035786,0.000000000,0.000000000
16,0.320000,B,yup,gripper_l_finger1_body_p,pos,-0.872696400,1.514480710,0.129896164,1.000000000,0.000000000,0.000000000,0.000000000,0.000000000
16,0.320000,B,yup,gripper_l_finger1_body_q,pos,0.000000000,0.000000000,-0.000000000,0.581656389,0.257468640,-0.438949286,0.634593783,0.000000000
16,0.320000,B,yup,gripper_l_finger1_body_v,vel,0.825545669,0.479084074,-0.040209629,0.000000000,0.000000000,-0.000000000,0.000000000,0.000000000
16,0.320000,B,yup,gripper_l_finger1_body_w,vel,0.000000000,0.000000000,-0.000000000,0.573462725,-0.407082587,1.720971704,0.000000000,0.000000000
16,0.320000,B,yup,gripper_l_finger2_body_p,pos,-0.848631382,1.470467210,0.132367611,1.000000000,0.000000000,0.000000000,0.000000000,0.000000000
16,0.320000,B,yup,gripper_l_finger2_body_q,pos,0.000000000,0.000000000,-0.000000000,0.634610908,0.438910547,0.257426055,-0.581685786,0.000000000
16,0.320000,B,yup,gripper_l_finger2_body_v,vel,0.825707853,0.479343355,-0.039540205,0.000000000,0.000000000,-0.000000000,0.000000000,0.000000000
16,0.320000,B,yup,gripper_l_finger2_body_w,vel,0.000000000,0.000000000,-0.000000000,0.572863638,-0.407121122,1.721131802,0.000000000,0.000000000
16,0.320000,B,yup,gripper_l_palm_body_p,pos,-0.747661114,1.391993284,0.121473312,1.000000000,0.000000000,0.000000000,0.000000000,0.000000000
16,0.320000,B,yup,gripper_l_palm_body_q,pos,0.000000000,0.000000000,-0.000000000,0.593350171,-0.229239881,-0.759108245,0.138344943,0.000000000
16,0.320000,B,yup,gripper_l_palm_body_v,vel,0.825672030,0.479260057,-0.039694369,0.000000000,0.000000000,-0.000000000,0.000000000,0.000000000
16,0.320000,B,yup,gripper_l_palm_body_w,vel,0.000000000,0.000000000,-0.000000000,0.573003888,-0.407112092,1.721094251,0.000000000,0.000000000
16,0.320000,B,yup,gripper_r_finger1_body_p,pos,0.771257877,1.217184067,-0.150676727,1.000000000,0.000000000,0.000000000,0.000000000,0.000000000
16,0.320000,B,yup,gripper_r_finger1_body_q,pos,0.000000000,0.000000000,-0.000000000,0.598435921,0.144116564,0.196079640,-0.763320142,0.000000000
16,0.320000,B,yup,gripper_r_finger1_body_v,vel,0.913577914,0.092095748,1.134857178,0.000000000,0.000000000,-0.000000000,0.000000000,0.000000000
16,0.320000,B,yup,gripper_r_finger1_body_w,vel,0.000000000,0.000000000,-0.000000000,0.207098708,1.517512679,-0.870391369,0.000000000,0.000000000
16,0.320000,B,yup,gripper_r_finger2_body_p,pos,0.825086117,1.264723063,-0.173439026,1.000000000,0.000000000,0.000000000,0.000000000,0.000000000
16,0.320000,B,yup,gripper_r_finger2_body_q,pos,0.000000000,0.000000000,-0.000000000,0.763356800,0.195927262,-0.143921777,0.598485945,0.000000000
16,0.320000,B,yup,gripper_r_finger2_body_v,vel,0.913391650,0.092632689,1.135406017,0.000000000,0.000000000,-0.000000000,0.000000000,0.000000000
16,0.320000,B,yup,gripper_r_finger2_body_w,vel,0.000000000,0.000000000,-0.000000000,0.206293508,1.517341018,-0.870496631,0.000000000,0.000000000
16,0.320000,B,yup,gripper_r_palm_body_p,pos,0.704575062,1.184658527,-0.125887394,1.000000000,0.000000000,0.000000000,0.000000000,0.000000000
16,0.320000,B,yup,gripper_r_palm_body_q,pos,0.000000000,0.000000000,-0.000000000,0.525010586,-0.321342498,0.678355455,-0.401169241,0.000000000
16,0.320000,B,yup,gripper_r_palm_body_v,vel,0.913429081,0.092531480,1.135284901,0.000000000,0.000000000,-0.000000000,0.000000000,0.000000000
16,0.320000,B,yup,gripper_r_palm_body_w,vel,0.000000000,0.000000000,-0.000000000,0.206457481,1.517375946,-0.870475233,0.000000000,0.000000000
17,0.340000,B,yup,gripper_l_finger1_body_p,pos,-0.891674995,1.509768367,0.136318207,1.000000000,0.000000000,0.000000000,0.000000000,0.000000000
17,0.340000,B,yup,gripper_l_finger1_body_q,pos,0.000000000,0.000000000,-0.000000000,0.592638475,0.255271850,-0.443708625,0.621883089,0.000000000
17,0.340000,B,yup,gripper_l_finger1_body_v,vel,0.650429666,0.390563339,0.072424822,0.000000000,0.000000000,-0.000000000,0.000000000,0.000000000
17,0.340000,B,yup,gripper_l_finger1_body_w,vel,0.000000000,0.000000000,-0.000000000,0.325960129,-0.333825201,1.575654507,0.000000000,0.000000000
17,0.340000,B,yup,gripper_l_finger2_body_p,pos,-0.865202904,1.465301394,0.138028622,1.000000000,0.000000000,0.000000000,0.000000000,0.000000000
17,0.340000,B,yup,gripper_l_finger2_body_q,pos,0.000000000,0.000000000,-0.000000000,0.621901485,0.443665797,0.255226579,-0.592670732,0.000000000
17,0.340000,B,yup,gripper_l_finger2_body_v,vel,0.650573432,0.390815467,0.073077835,0.000000000,0.000000000,-0.000000000,0.000000000,0.000000000
17,0.340000,B,yup,gripper_l_finger2_body_w,vel,0.000000000,0.000000000,-0.000000000,0.325378090,-0.333883286,1.575805068,0.000000000,0.000000000
17,0.340000,B,yup,gripper_l_palm_body_p,pos,-0.762618542,1.387305498,0.126810074,1.000000000,0.000000000,0.000000000,0.000000000,0.000000000
17,0.340000,B,yup,gripper_l_palm_body_q,pos,0.000000000,0.000000000,-0.000000000,0.599562002,-0.238560976,-0.753485028,0.125993565,0.000000000
17,0.340000,B,yup,gripper_l_palm_body_v,vel,0.650492907,0.390649647,0.072702497,0.000000000,0.000000000,-0.000000000,0.000000000,0.000000000
17,0.340000,B,yup,gripper_l_palm_body_w,vel,0.000000000,0.000000000,-0.000000000,0.325726181,-0.333848536,1.575715065,0.000000000,0.000000000
17,0.340000,B,yup,gripper_r_finger1_body_p,pos,0.785620213,1.211832047,-0.138477802,1.000000000,0.000000000,0.000000000,0.000000000,0.000000000
17,0.340000,B,yup,gripper_r_finger1_body_q,pos,0.000000000,0.000000000,-0.000000000,0.606450666,0.152315675,0.189429819,-0.757056054,0.000000000
17,0.340000,B,yup,gripper_r_finger1_body_v,vel,0.880514264,0.042059261,1.158656478,0.000000000,0.000000000,-0.000000000,0.000000000,0.000000000
17,0.340000,B,yup,gripper_r_finger1_body_w,vel,0.000000000,0.000000000,-0.000000000,-0.136004716,1.084132910,-0.741899014,0.000000000,0.000000000
17,0.340000,B,yup,gripper_r_finger2_body_p,pos,0.842015266,1.259466171,-0.161110401,1.000000000,0.000000000,0.000000000,0.000000000,0.000000000
17,0.340000,B,yup,gripper_r_finger2_body_q,pos,0.000000000,0.000000000,-0.000000000,0.757095522,0.189272583,-0.152118996,0.606499853,0.000000000
17,0.340000,B,yup,gripper_r_finger2_body_v,vel,0.880410433,0.042398896,1.159008265,0.000000000,0.000000000,-0.000000000,0.000000000,0.000000000
17,0.340000,B,yup,gripper_r_finger2_body_w,vel,0.000000000,0.000000000,-0.000000000,-0.136517256,1.084031701,-0.741952658,0.000000000,0.000000000
17,0.340000,B,yup,gripper_r_palm_body_p,pos,0.722002983,1.179386377,-0.113593102,1.000000000,0.000000000,0.000000000,0.000000000,0.000000000
17,0.340000,B,yup,gripper_r_palm_body_q,pos,0.000000000,0.000000000,-0.000000000,0.536473394,-0.321214289,0.669222355,-0.401446283,0.000000000
17,0.340000,B,yup,gripper_r_palm_body_v,vel,0.880419612,0.042372204,1.158970714,0.000000000,0.000000000,-0.000000000,0.000000000,0.000000000
17,0.340000,B,yup,gripper_r_palm_body_w,vel,0.000000000,0.000000000,-0.000000000,-0.136477172,1.084039688,-0.741948426,0.000000000,0.000000000
18,0.360000,B,yup,gripper_l_finger1_body_p,pos,-0.911232471,1.502667069,0.140623569,1.000000000,0.000000000,0.000000000,0.000000000,0.000000000
18,0.360000,B,yup,gripper_l_finger1_body_q,pos,0.000000000,0.000000000,-0.000000000,0.602654203,0.252265481,-0.446720865,0.611236866,0.000000000
18,0.360000,B,yup,gripper_l_finger1_body_v,vel,0.372338116,0.237309918,0.209412992,0.000000000,0.000000000,-0.000000000,0.000000000,0.000000000
18,0.360000,B,yup,gripper_l_finger1_body_w,vel,0.000000000,0.000000000,-0.000000000,0.126567587,-0.334332556,1.350351214,0.000000000,0.000000000
18,0.360000,B,yup,gripper_l_finger2_body_p,pos,-0.882606030,1.457590699,0.141856194,1.000000000,0.000000000,0.000000000,0.000000000,0.000000000
18,0.360000,B,yup,gripper_l_finger2_body_q,pos,0.000000000,0.000000000,-0.000000000,0.611256184,0.446674556,0.252218187,-0.602688730,0.000000000
18,0.360000,B,yup,gripper_l_finger2_body_v,vel,0.372420222,0.237467393,0.209821030,0.000000000,0.000000000,-0.000000000,0.000000000,0.000000000
18,0.360000,B,yup,gripper_l_finger2_body_w,vel,0.000000000,0.000000000,-0.000000000,0.126215190,-0.334378511,1.350439906,0.000000000,0.000000000
18,0.360000,B,yup,gripper_l_palm_body_p,pos,-0.778616428,1.380390167,0.130611420,1.000000000,0.000000000,0.000000000,0.000000000,0.000000000
18,0.360000,B,yup,gripper_l_palm_body_q,pos,0.000000000,0.000000000,-0.000000000,0.604518177,-0.247770667,-0.748086334,0.116337039,0.000000000
18,0.360000,B,yup,gripper_l_palm_body_v,vel,0.372391611,0.237389460,0.209666908,0.000000000,0.000000000,-0.000000000,0.000000000,0.000000000
18,0.360000,B,yup,gripper_l_palm_body_w,vel,0.000000000,0.000000000,-0.000000000,0.126352787,-0.334360570,1.350405216,0.000000000,0.000000000
18,0.360000,B,yup,gripper_r_finger1_body_p,pos,0.802832603,1.202492476,-0.127935410,1.000000000,0.000000000,0.000000000,0.000000000,0.000000000
18,0.360000,B,yup,gripper_r_finger1_body_q,pos,0.000000000,0.000000000,-0.000000000,0.613849247,0.154816346,0.183727147,-0.751974293,0.000000000
18,0.360000,B,yup,gripper_r_finger1_body_v,vel,0.616140485,0.057459515,1.015099049,0.000000000,0.000000000,-0.000000000,0.000000000,0.000000000
18,0.360000,B,yup,gripper_r_finger1_body_w,vel,0.000000000,0.000000000,-0.000000000,-0.405218989,0.502539217,-0.810910702,0.000000000,0.000000000
18,0.360000,B,yup,gripper_r_finger2_body_p,pos,0.861297607,1.250465631,-0.151057243,1.000000000,0.000000000,0.000000000,0.000000000,0.000000000
18,0.360000,B,yup,gripper_r_finger2_body_q,pos,0.000000000,0.000000000,-0.000000000,0.752014890,0.183566020,-0.154618562,0.613897566,0.000000000
18,0.360000,B,yup,gripper_r_finger2_body_v,vel,0.616077244,0.057688441,1.015342355,0.000000000,0.000000000,-0.000000000,0.000000000,0.000000000
18,0.360000,B,yup,gripper_r_finger2_body_w,vel,0.000000000,0.000000000,-0.000000000,-0.405585289,0.502472401,-0.810942948,0.000000000,0.000000000
18,0.360000,B,yup,gripper_r_palm_body_p,pos,0.740986347,1.170811176,-0.102982998,1.000000000,0.000000000,0.000000000,0.000000000,0.000000000
18,0.360000,B,yup,gripper_r_palm_body_q,pos,0.000000000,0.000000000,-0.000000000,0.543471974,-0.324678627,0.661595101,-0.401887950,0.000000000
18,0.360000,B,yup,gripper_r_palm_body_v,vel,0.616078258,0.057684880,1.015338302,0.000000000,0.000000000,-0.000000000,0.000000000,0.000000000
18,0.360000,B,yup,gripper_r_palm_body_w,vel,0.000000000,0.000000000,-0.000000000,-0.405578643,0.502473593,-0.810942352,0.000000000,0.000000000
19,0.380000,B,yup,gripper_l_finger1_body_p,pos,-0.931528091,1.493428588,0.143675804,1.000000000,0.000000000,0.000000000,0.000000000,0.000000000
19,0.380000,B,yup,gripper_l_finger1_body_q,pos,0.000000000,0.000000000,-0.000000000,0.611649534,0.248510959,-0.448388610,0.602556890,0.000000000
19,0.380000,B,yup,gripper_l_finger1_body_v,vel,0.221269101,0.152140811,0.296136558,0.000000000,0.000000000,-0.000000000,0.000000000,0.000000000
19,0.380000,B,yup,gripper_l_finger1_body_w,vel,0.000000000,0.000000000,-0.000000000,-0.029148953,-0.248240277,1.241818905,0.000000000,0.000000000
19,0.380000,B,yup,gripper_l_finger2_body_p,pos,-0.901021957,1.447606444,0.144686699,1.000000000,0.000000000,0.000000000,0.000000000,0.000000000
19,0.380000,B,yup,gripper_l_finger2_body_q,pos,0.000000000,0.000000000,-0.000000000,0.602577452,0.448337884,0.248460681,-0.611686886,0.000000000
19,0.380000,B,yup,gripper_l_finger2_body_v,vel,0.221367002,0.152335078,0.296657771,0.000000000,0.000000000,-0.000000000,0.000000000,0.000000000
19,0.380000,B,yup,gripper_l_finger2_body_w,vel,0.000000000,0.000000000,-0.000000000,-0.029604966,-0.248311684,1.241931200,0.000000000,0.000000000
19,0.380000,B,yup,gripper_l_palm_body_p,pos,-0.795794487,1.371444702,0.133642673,1.000000000,0.000000000,0.000000000,0.000000000,0.000000000
19,0.380000,B,yup,gripper_l_palm_body_q,pos,0.000000000,0.000000000,-0.000000000,0.608223682,-0.256788880,-0.743126871,0.109022372,0.000000000
19,0.380000,B,yup,gripper_l_palm_body_v,vel,0.221322671,0.152225956,0.296408296,0.000000000,0.000000000,-0.000000000,0.000000000,0.000000000
19,0.380000,B,yup,gripper_l_palm_body_w,vel,0.000000000,0.000000000,-0.000000000,-0.029378178,-0.248276174,1.241875410,0.000000000,0.000000000
19,0.380000,B,yup,gripper_r_finger1_body_p,pos,0.822484016,1.189378023,-0.119174957,1.000000000,0.000000000,0.000000000,0.000000000,0.000000000
19,0.380000,B,yup,gripper_r_finger1_body_q,pos,0.000000000,0.000000000,-0.000000000,0.621616000,0.151569232,0.179629027,-0.747230707,0.000000000
19,0.380000,B,yup,gripper_r_finger1_body_v,vel,0.334536552,0.091291517,0.884199381,0.000000000,0.000000000,-0.000000000,0.000000000,0.000000000
19,0.380000,B,yup,gripper_r_finger1_body_w,vel,0.000000000,0.000000000,-0.000000000,-0.655322552,0.004345039,-0.952852428,0.000000000,0.000000000
19,0.380000,B,yup,gripper_r_finger2_body_p,pos,0.882761478,1.237894773,-0.143281460,1.000000000,0.000000000,0.000000000,0.000000000,0.000000000
19,0.380000,B,yup,gripper_r_finger2_body_q,pos,0.000000000,0.000000000,-0.000000000,0.747270468,0.179465667,-0.151372463,0.621663333,0.000000000
19,0.380000,B,yup,gripper_r_finger2_body_v,vel,0.334515780,0.091373116,0.884288847,0.000000000,0.000000000,-0.000000000,0.000000000,0.000000000
19,0.380000,B,yup,gripper_r_finger2_body_w,vel,0.000000000,0.000000000,-0.000000000,-0.655462921,0.004321820,-0.952863872,0.000000000,0.000000000
19,0.380000,B,yup,gripper_r_palm_body_p,pos,0.761076450,1.159058571,-0.094144821,1.000000000,0.000000000,0.000000000,0.000000000,0.000000000
19,0.380000,B,yup,gripper_r_palm_body_q,pos,0.000000000,0.000000000,-0.000000000,0.546667466,-0.332466455,0.655341628,-0.401432546,0.000000000
19,0.380000,B,yup,gripper_r_palm_body_v,vel,0.334516257,0.091370642,0.884287953,0.000000000,0.000000000,-0.000000000,0.000000000,0.000000000
19,0.380000,B,yup,gripper_r_palm_body_w,vel,0.000000000,0.000000000,-0.000000000,-0.655455887,0.004322987,-0.952863276,0.000000000,0.000000000
20,0.400000,B,yup,gripper_l_finger1_body_p,pos,-0.952906132,1.482382894,0.146088600,1.000000000,0.000000000,0.000000000,0.000000000,0.000000000
20,0.400000,B,yup,gripper_l_finger1_body_q,pos,0.000000000,0.000000000,-0.000000000,0.620435957,0.242955253,-0.449197859,0.595191778,0.000000000
20,0.400000,B,yup,gripper_l_finger1_body_v,vel,0.204311818,0.171870127,0.498398662,0.000000000,0.000000000,-0.000000000,0.000000000,0.000000000
20,0.400000,B,yup,gripper_l_finger1_body_w,vel,0.000000000,0.000000000,-0.000000000,-0.285113037,-0.154955819,1.271711349,0.000000000,0.000000000
20,0.400000,B,yup,gripper_l_finger2_body_p,pos,-0.920694828,1.435527444,0.147184849,1.000000000,0.000000000,0.000000000,0.000000000,0.000000000
20,0.400000,B,yup,gripper_l_finger2_body_q,pos,0.000000000,0.000000000,-0.000000000,0.595213159,0.449143109,0.242902426,-0.620475765,0.000000000
20,0.400000,B,yup,gripper_l_finger2_body_v,vel,0.204396427,0.172045499,0.498876214,0.000000000,0.000000000,-0.000000000,0.000000000,0.000000000
20,0.400000,B,yup,gripper_l_finger2_body_w,vel,0.000000000,0.000000000,-0.000000000,-0.285528928,-0.155031219,1.271812797,0.000000000,0.000000000
20,0.400000,B,yup,gripper_l_palm_body_p,pos,-0.814122200,1.360819817,0.136559010,1.000000000,0.000000000,0.000000000,0.000000000,0.000000000
20,0.400000,B,yup,gripper_l_palm_body_q,pos,0.000000000,0.000000000,-0.000000000,0.610507823,-0.266932872,-0.738490097,0.103244445,0.000000000
20,0.400000,B,yup,gripper_l_palm_body_v,vel,0.204357341,0.171945915,0.498641789,0.000000000,0.000000000,-0.000000000,0.000000000,0.000000000
20,0.400000,B,yup,gripper_l_palm_body_w,vel,0.000000000,0.000000000,-0.000000000,-0.285316110,-0.154992640,1.271760941,0.000000000,0.000000000
20,0.400000,B,yup,gripper_r_finger1_body_p,pos,0.844093323,1.172375202,-0.111958504,1.000000000,0.000000000,0.000000000,0.000000000,0.000000000
20,0.400000,B,yup,gripper_r_finger1_body_q,pos,0.000000000,0.000000000,-0.000000000,0.630077236,0.143135815,0.176624864,-0.742508230,0.000000000
20,0.400000,B,yup,gripper_r_finger1_body_v,vel,0.087263592,0.144233838,0.774137616,0.000000000,0.000000000,-0.000000000,0.000000000,0.000000000
20,0.400000,B,yup,gripper_r_finger1_body_w,vel,0.000000000,0.000000000,-0.000000000,-0.928131640,-0.429918945,-1.094633698,0.000000000,0.000000000
20,0.400000,B,yup,gripper_r_finger2_body_p,pos,0.906073093,1.221624613,-0.137528419,1.000000000,0.000000000,0.000000000,0.000000000,0.000000000
20,0.400000,B,yup,gripper_r_finger2_body_q,pos,0.000000000,0.000000000,-0.000000000,0.742545906,0.176458851,-0.142939776,0.630123855,0.000000000
20,0.400000,B,yup,gripper_r_finger2_body_v,vel,0.087231837,0.144368857,0.774283290,0.000000000,0.000000000,-0.000000000,0.000000000,0.000000000
20,0.400000,B,yup,gripper_r_finger2_body_w,vel,0.000000000,0.000000000,-0.000000000,-0.928365827,-0.429953039,-1.094653130,0.000000000,0.000000000
20,0.400000,B,yup,gripper_r_palm_body_p,pos,0.782021999,1.144053936,-0.086844921,1.000000000,0.000000000,0.000000000,0.000000000,0.000000000
20,0.400000,B,yup,gripper_r_palm_body_q,pos,0.000000000,0.000000000,-0.000000000,0.546686919,-0.344412591,0.649876050,-0.400218065,0.000000000
20,0.400000,B,yup,gripper_r_palm_body_v,vel,0.087238841,0.144338995,0.774251223,0.000000000,0.000000000,-0.000000000,0.000000000,0.000000000
20,0.400000,B,yup,gripper_r_palm_body_w,vel,0.000000000,0.000000000,-0.000000000,-0.928306043,-0.429944336,-1.094648123,0.000000000,0.000000000
21,0.420000,B,yup,gripper_l_finger1_body_p,pos,-0.975521564,1.469608188,0.148369312,1.000000000,0.000000000,0.000000000,0.000000000,0.000000000
21,0.420000,B,yup,gripper_l_finger1_body_q,pos,0.000000000,0.000000000,-0.000000000,0.629727637,0.235056851,-0.449112691,0.588633308,0.000000000
21,0.420000,B,yup,gripper_l_finger1_body_v,vel,0.234893605,0.220927641,0.711817503,0.000000000,0.000000000,-0.000000000,0.000000000,0.000000000
21,0.420000,B,yup,gripper_l_finger1_body_w,vel,0.000000000,0.000000000,-0.000000000,-0.520525575,-0.085330360,1.358539343,0.000000000,0.000000000
21,0.420000,B,yup,gripper_l_finger2_body_p,pos,-0.941635609,1.421323180,0.149888039,1.000000000,0.000000000,0.000000000,0.000000000,0.000000000
21,0.420000,B,yup,gripper_l_finger2_body_q,pos,0.000000000,0.000000000,-0.000000000,0.588655000,0.449054510,0.235002146,-0.629769267,0.000000000
21,0.420000,B,yup,gripper_l_finger2_body_v,vel,0.234964654,0.221077830,0.712235153,0.000000000,0.000000000,-0.000000000,0.000000000,0.000000000
21,0.420000,B,yup,gripper_l_finger2_body_w,vel,0.000000000,0.000000000,-0.000000000,-0.520886898,-0.085404918,1.358627677,0.000000000,0.000000000
21,0.420000,B,yup,gripper_l_palm_body_p,pos,-0.833521843,1.348641634,0.139935017,1.000000000,0.000000000,0.000000000,0.000000000,0.000000000
21,0.420000,B,yup,gripper_l_palm_body_q,pos,0.000000000,0.000000000,-0.000000000,0.611492808,-0.279090166,-0.733791290,0.098668977,0.000000000
21,0.420000,B,yup,gripper_l_palm_body_v,vel,0.234949201,0.221031159,0.712132454,0.000000000,0.000000000,-0.000000000,0.000000000,0.000000000
21,0.420000,B,yup,gripper_l_palm_body_w,vel,0.000000000,0.000000000,-0.000000000,-0.520795226,-0.085386001,1.358605266,0.000000000,0.000000000
21,0.420000,B,yup,gripper_r_finger1_body_p,pos,0.867460728,1.151718378,-0.106533051,1.000000000,0.000000000,0.000000000,0.000000000,0.000000000
21,0.420000,B,yup,gripper_r_finger1_body_q,pos,0.000000000,0.000000000,-0.000000000,0.639134848,0.129323245,0.174537839,-0.737779566,0.000000000
21,0.420000,B,yup,gripper_r_finger1_body_v,vel,-0.178557113,0.230319202,0.612824500,0.000000000,0.000000000,-0.000000000,0.000000000,0.000000000
21,0.420000,B,yup,gripper_r_finger1_body_w,vel,0.000000000,0.000000000,-0.000000000,-1.221872211,-0.902566671,-1.237482309,0.000000000,0.000000000
21,0.420000,B,yup,gripper_r_finger2_body_p,pos,0.931052208,1.201883078,-0.134076595,1.000000000,0.000000000,0.000000000,0.000000000,0.000000000
21,0.420000,B,yup,gripper_r_finger2_body_q,pos,0.000000000,0.000000000,-0.000000000,0.737814093,0.174367028,-0.129125656,0.639181562,0.000000000
21,0.420000,B,yup,gripper_r_finger2_body_v,vel,-0.178583562,0.230427742,0.612964272,0.000000000,0.000000000,-0.000000000,0.000000000,0.000000000
21,0.420000,B,yup,gripper_r_finger2_body_w,vel,0.000000000,0.000000000,-0.000000000,-1.222120881,-0.902597368,-1.237505436,0.000000000,0.000000000
21,0.420000,B,yup,gripper_r_palm_body_p,pos,0.803641319,1.126128197,-0.081374645,1.000000000,0.000000000,0.000000000,0.000000000,0.000000000
21,0.420000,B,yup,gripper_r_palm_body_q,pos,0.000000000,0.000000000,-0.000000000,0.543324000,-0.360585035,0.645053508,-0.398350896,0.000000000
21,0.420000,B,yup,gripper_r_palm_body_v,vel,-0.178574771,0.230384439,0.612927258,0.000000000,0.000000000,-0.000000000,0.000000000,0.000000000
21,0.420000,B,yup,gripper_r_palm_body_w,vel,0.000000000,0.000000000,-0.000000000,-1.222020626,-0.902584970,-1.237496138,0.000000000,0.000000000
22,0.440000,B,yup,gripper_l_finger1_body_p,pos,-0.999408722,1.455054641,0.151080608,1.000000000,0.000000000,0.000000000,0.000000000,0.000000000
22,0.440000,B,yup,gripper_l_finger1_body_q,pos,0.000000000,0.000000000,-0.000000000,0.639660542,0.225095451,-0.448444457,0.582292022,0.000000000
22,0.440000,B,yup,gripper_l_finger1_body_v,vel,0.286512107,0.267051786,0.866193295,0.000000000,0.000000000,-0.000000000,0.000000000,0.000000000
22,0.440000,B,yup,gripper_l_finger1_body_w,vel,0.000000000,0.000000000,-0.000000000,-0.675689638,-0.027844254,1.474003553,0.000000000,0.000000000
22,0.440000,B,yup,gripper_l_finger2_body_p,pos,-0.963786125,1.405028939,0.153291702,1.000000000,0.000000000,0.000000000,0.000000000,0.000000000
22,0.440000,B,yup,gripper_l_finger2_body_q,pos,0.000000000,0.000000000,-0.000000000,0.582313476,0.448383361,0.225039541,-0.639703512,0.000000000
22,0.440000,B,yup,gripper_l_finger2_body_v,vel,0.286570013,0.267181396,0.866549194,0.000000000,0.000000000,-0.000000000,0.000000000,0.000000000
22,0.440000,B,yup,gripper_l_finger2_body_w,vel,0.000000000,0.000000000,-0.000000000,-0.675997019,-0.027915847,1.474079609,0.000000000,0.000000000
22,0.440000,B,yup,gripper_l_palm_body_p,pos,-0.853942394,1.334887266,0.144182682,1.000000000,0.000000000,0.000000000,0.000000000,0.000000000
22,0.440000,B,yup,gripper_l_palm_body_q,pos,0.000000000,0.000000000,-0.000000000,0.611472543,-0.293159067,-0.728833853,0.094658889,0.000000000
22,0.440000,B,yup,gripper_l_palm_body_v,vel,0.286552131,0.267128885,0.866427600,0.000000000,0.000000000,-0.000000000,0.000000000,0.000000000
22,0.440000,B,yup,gripper_l_palm_body_w,vel,0.000000000,0.000000000,-0.000000000,-0.675888002,-0.027890457,1.474052668,0.000000000,0.000000000
22,0.440000,B,yup,gripper_r_finger1_body_p,pos,0.892243862,1.127849579,-0.102281570,1.000000000,0.000000000,0.000000000,0.000000000,0.000000000
22,0.440000,B,yup,gripper_r_finger1_body_q,pos,0.000000000,0.000000000,-0.000000000,0.648379132,0.108877196,0.172487079,-0.733483786,0.000000000
22,0.440000,B,yup,gripper_r_finger1_body_v,vel,-0.426964372,0.458623320,0.617965877,0.000000000,0.000000000,-0.000000000,0.000000000,0.000000000
22,0.440000,B,yup,gripper_r_finger1_body_w,vel,0.000000000,0.000000000,-0.000000000,-1.726890564,-1.379898667,-1.327794790,0.000000000,0.000000000
22,0.440000,B,yup,gripper_r_finger2_body_p,pos,0.957277775,1.179201841,-0.132581234,1.000000000,0.000000000,0.000000000,0.000000000,0.000000000
22,0.440000,B,yup,gripper_r_finger2_body_q,pos,0.000000000,0.000000000,-0.000000000,0.733512879,0.172313720,-0.108680695,0.648425281,0.000000000
22,0.440000,B,yup,gripper_r_finger2_body_v,vel,-0.427003264,0.458814383,0.618139386,0.000000000,0.000000000,-0.000000000,0.000000000,0.000000000
22,0.440000,B,yup,gripper_r_finger2_body_w,vel,0.000000000,0.000000000,-0.000000000,-1.727245092,-1.379934430,-1.327834845,0.000000000,0.000000000
22,0.440000,B,yup,gripper_r_palm_body_p,pos,0.825512886,1.106138229,-0.077221394,1.000000000,0.000000000,0.000000000,0.000000000,0.000000000
22,0.440000,B,yup,gripper_r_palm_body_q,pos,0.000000000,0.000000000,-0.000000000,0.535403440,-0.381578566,0.640562775,-0.396762253,0.000000000
22,0.440000,B,yup,gripper_r_palm_body_v,vel,-0.427001148,0.458793610,0.618139207,0.000000000,0.000000000,-0.000000000,0.000000000,0.000000000
22,0.440000,B,yup,gripper_r_palm_body_w,vel,0.000000000,0.000000000,-0.000000000,-1.727166772,-1.379926443,-1.327826023,0.000000000,0.000000000
23,0.460000,B,yup,gripper_l_finger1_body_p,pos,-1.024574757,1.438582301,0.154679298,1.000000000,0.000000000,0.000000000,0.000000000,0.000000000
23,0.460000,B,yup,gripper_l_finger1_body_q,pos,0.000000000,0.000000000,-0.000000000,0.650152603,0.213509155,-0.447695966,0.575572545,0.000000000
23,0.460000,B,yup,gripper_l_finger1_body_v,vel,0.354834795,0.301049501,0.935311675,0.000000000,0.000000000,-0.000000000,0.000000000,0.000000000
23,0.460000,B,yup,gripper_l_finger1_body_w,vel,0.000000000,0.000000000,-0.000000000,-0.737021148,0.031265911,1.611702800,0.000000000,0.000000000
23,0.460000,B,yup,gripper_l_finger2_body_p,pos,-0.987101078,1.386646152,0.157760143,1.000000000,0.000000000,0.000000000,0.000000000,0.000000000
23,0.460000,B,yup,gripper_l_finger2_body_q,pos,0.000000000,0.000000000,-0.000000000,0.575593358,0.447632433,0.213452593,-0.650196494,0.000000000
23,0.460000,B,yup,gripper_l_finger2_body_v,vel,0.354868621,0.301132172,0.935530961,0.000000000,0.000000000,-0.000000000,0.000000000,0.000000000
23,0.460000,B,yup,gripper_l_finger2_body_w,vel,0.000000000,0.000000000,-0.000000000,-0.737207711,0.031217024,1.611750007,0.000000000,0.000000000
23,0.460000,B,yup,gripper_l_palm_body_p,pos,-0.875337601,1.319437027,0.149536610,1.000000000,0.000000000,0.000000000,0.000000000,0.000000000
23,0.460000,B,yup,gripper_l_palm_body_q,pos,0.000000000,0.000000000,-0.000000000,0.610698748,-0.308771877,-0.723552342,0.090437687,0.000000000
23,0.460000,B,yup,gripper_l_palm_body_v,vel,0.354852855,0.301082879,0.935417652,0.000000000,0.000000000,-0.000000000,0.000000000,0.000000000
23,0.460000,B,yup,gripper_l_palm_body_w,vel,0.000000000,0.000000000,-0.000000000,-0.737106800,0.031243470,1.611724377,0.000000000,0.000000000
23,0.460000,B,yup,gripper_r_finger1_body_p,pos,0.917757511,1.101713181,-0.097847462,1.000000000,0.000000000,0.000000000,0.000000000,0.000000000
23,0.460000,B,yup,gripper_r_finger1_body_q,pos,0.000000000,0.000000000,-0.000000000,0.657920505,0.081012099,0.168730137,-0.729457188,0.000000000
23,0.460000,B,yup,gripper_r_finger1_body_v,vel,-0.667543232,0.846674204,0.793522358,0.000000000,0.000000000,-0.000000000,0.000000000,0.000000000
23,0.460000,B,yup,gripper_r_finger1_body_w,vel,0.000000000,0.000000000,-0.000000000,-2.392828703,-1.767690659,-1.446348190,0.000000000,0.000000000
23,0.460000,B,yup,gripper_r_finger2_body_p,pos,0.984226227,1.154585600,-0.132045269,1.000000000,0.000000000,0.000000000,0.000000000,0.000000000
23,0.460000,B,yup,gripper_r_finger2_body_q,pos,0.000000000,0.000000000,-0.000000000,0.729479126,0.168551355,-0.080813490,0.657966432,0.000000000
23,0.460000,B,yup,gripper_r_finger2_body_v,vel,-0.667586029,0.846889377,0.793705821,0.000000000,0.000000000,-0.000000000,0.000000000,0.000000000
23,0.460000,B,yup,gripper_r_finger2_body_w,vel,0.000000000,0.000000000,-0.000000000,-2.393218994,-1.767721295,-1.446403384,0.000000000,0.000000000
23,0.460000,B,yup,gripper_r_palm_body_p,pos,0.847169876,1.085519552,-0.073228359,1.000000000,0.000000000,0.000000000,0.000000000,0.000000000
23,0.460000,B,yup,gripper_r_palm_body_q,pos,0.000000000,0.000000000,-0.000000000,0.522445061,-0.408030626,0.635053569,-0.396571722,0.000000000
23,0.460000,B,yup,gripper_r_palm_body_v,vel,-0.667586327,0.846876085,0.793715477,0.000000000,0.000000000,-0.000000000,0.000000000,0.000000000
23,0.460000,B,yup,gripper_r_palm_body_w,vel,0.000000000,0.000000000,-0.000000000,-2.393144608,-1.767715454,-1.446392894,0.000000000,0.000000000
24,0.480000,B,yup,gripper_l_finger1_body_p,pos,-1.051054478,1.419986844,0.159411907,1.000000000,0.000000000,0.000000000,0.000000000,0.000000000
24,0.480000,B,yup,gripper_l_finger1_body_q,pos,0.000000000,0.000000000,-0.000000000,0.661005134,0.200648009,-0.447593211,0.567866980,0.000000000
24,0.480000,B,yup,gripper_l_finger1_body_v,vel,0.481306255,0.360195279,0.890619874,0.000000000,0.000000000,-0.000000000,0.000000000,0.000000000
24,0.480000,B,yup,gripper_l_finger1_body_w,vel,0.000000000,0.000000000,-0.000000000,-0.725780666,0.148605868,1.810774326,0.000000000,0.000000000
24,0.480000,B,yup,gripper_l_finger2_body_p,pos,-1.011600971,1.366127849,0.163435936,1.000000000,0.000000000,0.000000000,0.000000000,0.000000000
24,0.480000,B,yup,gripper_l_finger2_body_q,pos,0.000000000,0.000000000,-0.000000000,0.567886978,0.447527075,0.200590876,-0.661050073,0.000000000
24,0.480000,B,yup,gripper_l_finger2_body_v,vel,0.481360376,0.360329181,0.890978217,0.000000000,0.000000000,-0.000000000,0.000000000,0.000000000
24,0.480000,B,yup,gripper_l_finger2_body_w,vel,0.000000000,0.000000000,-0.000000000,-0.726090610,0.148514405,1.810855269,0.000000000,0.000000000
24,0.480000,B,yup,gripper_l_palm_body_p,pos,-0.897674561,1.302104473,0.155984402,1.000000000,0.000000000,0.000000000,0.000000000,0.000000000
24,0.480000,B,yup,gripper_l_palm_body_q,pos,0.000000000,0.000000000,-0.000000000,0.609278465,-0.325540904,-0.718030103,0.085062587,0.000000000
24,0.480000,B,yup,gripper_l_palm_body_v,vel,0.481348127,0.360288024,0.890884936,0.000000000,0.000000000,-0.000000000,0.000000000,0.000000000
24,0.480000,B,yup,gripper_l_palm_body_w,vel,0.000000000,0.000000000,-0.000000000,-0.726008356,0.148538679,1.810833812,0.000000000,0.000000000
24,0.480000,B,yup,gripper_r_finger1_body_p,pos,0.943287373,1.074541330,-0.092155457,1.000000000,0.000000000,0.000000000,0.000000000,0.000000000
24,0.480000,B,yup,gripper_r_finger1_body_q,pos,0.000000000,0.000000000,-0.000000000,0.667739206,0.046720937,0.162789359,-0.724873183,0.000000000
24,0.480000,B,yup,gripper_r_finger1_body_v,vel,-0.880221605,1.224179626,0.925308466,0.000000000,0.000000000,-0.000000000,0.000000000,0.000000000
24,0.480000,B,yup,gripper_r_finger1_body_w,vel,0.000000000,0.000000000,-0.000000000,-2.894798994,-2.032725334,-1.597539902,0.000000000,0.000000000
24,0.480000,B,yup,gripper_r_finger2_body_p,pos,1.011445522,1.129081249,-0.131348133,1.000000000,0.000000000,0.000000000,0.000000000,0.000000000
24,0.480000,B,yup,gripper_r_finger2_body_q,pos,0.000000000,0.000000000,-0.000000000,0.724886042,0.162604673,-0.046520069,0.667784268,0.000000000
24,0.480000,B,yup,gripper_r_finger2_body_v,vel,-0.880255342,1.224348426,0.925445914,0.000000000,0.000000000,-0.000000000,0.000000000,0.000000000
24,0.480000,B,yup,gripper_r_finger2_body_w,vel,0.000000000,0.000000000,-0.000000000,-2.895106316,-2.032742500,-1.597594142,0.000000000,0.000000000
24,0.480000,B,yup,gripper_r_palm_body_p,pos,0.868286610,1.065419436,-0.068577766,1.000000000,0.000000000,0.000000000,0.000000000,0.000000000
24,0.480000,B,yup,gripper_r_palm_body_q,pos,0.000000000,0.000000000,-0.000000000,0.505139105,-0.439221768,0.627605436,-0.397530048,0.000000000
24,0.480000,B,yup,gripper_r_palm_body_v,vel,-0.880246878,1.224299788,0.925413311,0.000000000,0.000000000,-0.000000000,0.000000000,0.000000000
24,0.480000,B,yup,gripper_r_palm_body_w,vel,0.000000000,0.000000000,-0.000000000,-2.894976854,-2.032735348,-1.597571254,0.000000000,0.000000000
25,0.500000,B,yup,gripper_l_finger1_body_p,pos,-1.079285145,1.399515271,0.165180206,1.000000000,0.000000000,0.000000000,0.000000000,0.000000000
25,0.500000,B,yup,gripper_l_finger1_body_q,pos,0.000000000,0.000000000,-0.000000000,0.672698659,0.185062034,-0.448999401,0.558236594,0.000000000
25,0.500000,B,yup,gripper_l_finger1_body_v,vel,0.828966558,0.624471605,0.814270318,0.000000000,0.000000000,-0.000000000,0.000000000,0.000000000
25,0.500000,B,yup,gripper_l_finger1_body_w,vel,0.000000000,0.000000000,-0.000000000,-0.768833876,0.374749929,2.246685982,0.000000000,0.000000000
25,0.500000,B,yup,gripper_l_finger2_body_p,pos,-1.037642956,1.343646169,0.170278072,1.000000000,0.000000000,0.000000000,0.000000000,0.000000000
25,0.500000,B,yup,gripper_l_finger2_body_q,pos,0.000000000,0.000000000,-0.000000000,0.558255222,0.448931431,0.185005324,-0.672744162,0.000000000
25,0.500000,B,yup,gripper_l_finger2_body_v,vel,0.828961790,0.624463677,0.814243257,0.000000000,0.000000000,-0.000000000,0.000000000,0.000000000
25,0.500000,B,yup,gripper_l_finger2_body_w,vel,0.000000000,0.000000000,-0.000000000,-0.768803656,0.374760091,2.246677637,0.000000000,0.000000000
25,0.500000,B,yup,gripper_l_palm_body_p,pos,-0.920952797,1.283304691,0.163380146,1.000000000,0.000000000,0.000000000,0.000000000,0.000000000
25,0.500000,B,yup,gripper_l_palm_body_q,pos,0.000000000,0.000000000,-0.000000000,0.606526222,-0.344830934,-0.712213882,0.077259012,0.000000000
25,0.500000,B,yup,gripper_l_palm_body_v,vel,0.828957260,0.624443591,0.814202249,0.000000000,0.000000000,-0.000000000,0.000000000,0.000000000
25,0.500000,B,yup,gripper_l_palm_body_w,vel,0.000000000,0.000000000,-0.000000000,-0.768768489,0.374771923,2.246668100,0.000000000,0.000000000
25,0.500000,B,yup,gripper_r_finger1_body_p,pos,0.968252182,1.047484159,-0.084720612,1.000000000,0.000000000,0.000000000,0.000000000,0.000000000
25,0.500000,B,yup,gripper_r_finger1_body_q,pos,0.000000000,0.000000000,-0.000000000,0.677527743,0.008441649,0.155667962,-0.718785351,0.000000000
25,0.500000,B,yup,gripper_r_finger1_body_v,vel,-1.039953709,1.477837920,0.920030773,0.000000000,0.000000000,-0.000000000,0.000000000,0.000000000
25,0.500000,B,yup,gripper_r_finger1_body_w,vel,0.000000000,0.000000000,-0.000000000,-3.106148243,-2.191796064,-1.741465330,0.000000000,0.000000000
25,0.500000,B,yup,gripper_r_finger2_body_p,pos,1.038543701,1.103512526,-0.129533768,1.000000000,0.000000000,0.000000000,0.000000000,0.000000000
25,0.500000,B,yup,gripper_r_finger2_body_q,pos,0.000000000,0.000000000,-0.000000000,0.718787663,0.155475705,-0.008237316,0.677571950,0.000000000
25,0.500000,B,yup,gripper_r_finger2_body_v,vel,-1.039973855,1.477934122,0.920108378,0.000000000,0.000000000,-0.000000000,0.000000000,0.000000000
25,0.500000,B,yup,gripper_r_finger2_body_w,vel,0.000000000,0.000000000,-0.000000000,-3.106329203,-2.191802263,-1.741504669,0.000000000,0.000000000
25,0.500000,B,yup,gripper_r_palm_body_p,pos,0.888682365,1.046355247,-0.062950134,1.000000000,0.000000000,0.000000000,0.000000000,0.000000000
25,0.500000,B,yup,gripper_r_palm_body_q,pos,0.000000000,0.000000000,-0.000000000,0.484991430,-0.473211824,0.618258114,-0.398259698,0.000000000
25,0.500000,B,yup,gripper_r_palm_body_v,vel,-1.039955139,1.477850437,0.920035422,0.000000000,0.000000000,-0.000000000,0.000000000,0.000000000
25,0.500000,B,yup,gripper_r_palm_body_w,vel,0.000000000,0.000000000,-0.000000000,-3.106160164,-2.191796303,-1.741467953,0.000000000,0.000000000
26,0.520000,B,yup,gripper_l_finger1_body_p,pos,-1.109380722,1.377362132,0.172224045,1.000000000,0.000000000,0.000000000,0.000000000,0.000000000
26,0.520000,B,yup,gripper_l_finger1_body_q,pos,0.000000000,0.000000000,-0.000000000,0.686061022,0.165564254,-0.452152818,0.545404970,0.000000000
26,0.520000,B,yup,gripper_l_finger1_body_v,vel,1.266503692,0.996980369,0.761330724,0.000000000,0.000000000,-0.000000000,0.000000000,0.000000000
26,0.520000,B,yup,gripper_l_finger1_body_w,vel,0.000000000,0.000000000,-0.000000000,-0.804336905,0.568227232,2.798516512,0.000000000,0.000000000
26,0.520000,B,yup,gripper_l_finger2_body_p,pos,-1.065087318,1.319331050,0.178557396,1.000000000,0.000000000,0.000000000,0.000000000,0.000000000
26,0.520000,B,yup,gripper_l_finger2_body_q,pos,0.000000000,0.000000000,-0.000000000,0.545421420,0.452084422,0.165509596,-0.686106205,0.000000000
26,0.520000,B,yup,gripper_l_finger2_body_v,vel,1.266469002,0.996893287,0.761099100,0.000000000,0.000000000,-0.000000000,0.000000000,0.000000000
26,0.520000,B,yup,gripper_l_finger2_body_w,vel,0.000000000,0.000000000,-0.000000000,-0.804133415,0.568306565,2.798456192,0.000000000,0.000000000
26,0.520000,B,yup,gripper_l_palm_body_p,pos,-0.944864273,1.263499975,0.171957970,1.000000000,0.000000000,0.000000000,0.000000000,0.000000000
26,0.520000,B,yup,gripper_l_palm_body_q,pos,0.000000000,0.000000000,-0.000000000,0.602188181,-0.368065806,-0.705370012,0.065955304,0.000000000
26,0.520000,B,yup,gripper_l_palm_body_v,vel,1.266490817,0.996945739,0.761241674,0.000000000,0.000000000,-0.000000000,0.000000000,0.000000000
26,0.520000,B,yup,gripper_l_palm_body_w,vel,0.000000000,0.000000000,-0.000000000,-0.804257691,0.568258107,2.798492908,0.000000000,0.000000000
26,0.520000,B,yup,gripper_r_finger1_body_p,pos,0.992304802,1.021235228,-0.075635910,1.000000000,0.000000000,0.000000000,0.000000000,0.000000000
26,0.520000,B,yup,gripper_r_finger1_body_q,pos,0.000000000,0.000000000,-0.000000000,0.686807532,-0.031094440,0.149016352,-0.710719830,0.000000000
26,0.520000,B,yup,gripper_r_finger1_body_v,vel,-1.140279293,1.543833017,0.735283554,0.000000000,0.000000000,-0.000000000,0.000000000,0.000000000
26,0.520000,B,yup,gripper_r_finger1_body_w,vel,0.000000000,0.000000000,-0.000000000,-3.008710384,-2.306317568,-1.827217340,0.000000000,0.000000000
26,0.520000,B,yup,gripper_r_finger2_body_p,pos,1.065185070,1.078316212,-0.126059532,1.000000000,0.000000000,0.000000000,0.000000000,0.000000000
26,0.520000,B,yup,gripper_r_finger2_body_q,pos,0.000000000,0.000000000,-0.000000000,0.710710760,0.148817166,0.031300928,0.686850725,0.000000000
26,0.520000,B,yup,gripper_r_finger2_body_v,vel,-1.140287042,1.543846488,0.735311985,0.000000000,0.000000000,-0.000000000,0.000000000,0.000000000
26,0.520000,B,yup,gripper_r_finger2_body_w,vel,0.000000000,0.000000000,-0.000000000,-3.008767605,-2.306318283,-1.827232361,0.000000000,0.000000000
26,0.520000,B,yup,gripper_r_palm_body_p,pos,0.908284187,1.028218508,-0.056412220,1.000000000,0.000000000,0.000000000,0.000000000,0.000000000
26,0.520000,B,yup,gripper_r_palm_body_q,pos,0.000000000,0.000000000,-0.000000000,0.463596102,-0.507729825,0.607844814,-0.397257802,0.000000000
26,0.520000,B,yup,gripper_r_palm_body_v,vel,-1.140267015,1.543765545,0.735239983,0.000000000,0.000000000,-0.000000000,0.000000000,0.000000000
26,0.520000,B,yup,gripper_r_palm_body_w,vel,0.000000000,0.000000000,-0.000000000,-3.008626223,-2.306316376,-1.827195168,0.000000000,0.000000000
27,0.540000,B,yup,gripper_l_finger1_body_p,pos,-1.140949726,1.353419423,0.181146145,1.000000000,0.000000000,0.000000000,0.000000000,0.000000000
27,0.540000,B,yup,gripper_l_finger1_body_q,pos,0.000000000,0.000000000,-0.000000000,0.701233494,0.142644554,-0.456954179,0.528315243,0.000000000
27,0.540000,B,yup,gripper_l_finger1_body_v,vel,1.697449327,1.383364677,0.669688404,0.000000000,0.000000000,-0.000000000,0.000000000,0.000000000
27,0.540000,B,yup,gripper_l_finger1_body_w,vel,0.000000000,0.000000000,-0.000000000,-0.734188259,0.702496111,3.364233732,0.000000000,0.000000000
27,0.540000,B,yup,gripper_l_finger2_body_p,pos,-1.093324661,1.293253303,0.188741207,1.000000000,0.000000000,0.000000000,0.000000000,0.000000000
27,0.540000,B,yup,gripper_l_finger2_body_q,pos,0.000000000,0.000000000,-0.000000000,0.528329421,0.456883875,0.142591267,-0.701279458,0.000000000
27,0.540000,B,yup,gripper_l_finger2_body_v,vel,1.697415948,1.383289337,0.669478655,0.000000000,0.000000000,-0.000000000,0.000000000,0.000000000
27,0.540000,B,yup,gripper_l_finger2_body_w,vel,0.000000000,0.000000000,-0.000000000,-0.734013796,0.702576399,3.364177227,0.000000000,0.000000000
27,0.540000,B,yup,gripper_l_palm_body_p,pos,-0.968993187,1.242792368,0.182130337,1.000000000,0.000000000,0.000000000,0.000000000,0.000000000
27,0.540000,B,yup,gripper_l_palm_body_q,pos,0.000000000,0.000000000,-0.000000000,0.596710595,-0.394999450,-0.696680854,0.050474633,0.000000000
27,0.540000,B,yup,gripper_l_palm_body_v,vel,1.697423339,1.383300304,0.669516861,0.000000000,0.000000000,-0.000000000,0.000000000,0.000000000
27,0.540000,B,yup,gripper_l_palm_body_w,vel,0.000000000,0.000000000,-0.000000000,-0.734046698,0.702561259,3.364187956,0.000000000,0.000000000
27,0.540000,B,yup,gripper_r_finger1_body_p,pos,1.015435696,0.996362269,-0.065491199,1.000000000,0.000000000,0.000000000,0.000000000,0.000000000
27,0.540000,B,yup,gripper_r_finger1_body_q,pos,0.000000000,0.000000000,-0.000000000,0.694695619,-0.068661698,0.145612614,-0.701056728,0.000000000
27,0.540000,B,yup,gripper_r_finger1_body_v,vel,-1.109689236,1.255383253,0.267267823,0.000000000,0.000000000,-0.000000000,0.000000000,0.000000000
27,0.540000,B,yup,gripper_r_finger1_body_w,vel,0.000000000,0.000000000,-0.000000000,-2.449552536,-2.412034512,-1.708370090,0.000000000,0.000000000
27,0.540000,B,yup,gripper_r_finger2_body_p,pos,1.091066360,1.053948402,-0.120644569,1.000000000,0.000000000,0.000000000,0.000000000,0.000000000
27,0.540000,B,yup,gripper_r_finger2_body_q,pos,0.000000000,0.000000000,-0.000000000,0.701036513,0.145409197,0.068867341,0.694738269,0.000000000
27,0.540000,B,yup,gripper_r_finger2_body_v,vel,-1.109631300,1.255099177,0.267076075,0.000000000,0.000000000,-0.000000000,0.000000000,0.000000000
27,0.540000,B,yup,gripper_r_finger2_body_w,vel,0.000000000,0.000000000,-0.000000000,-2.449202299,-2.412037373,-1.708260059,0.000000000,0.000000000
27,0.540000,B,yup,gripper_r_palm_body_p,pos,0.927090645,1.010520697,-0.049263477,1.000000000,0.000000000,0.000000000,0.000000000,0.000000000
27,0.540000,B,yup,gripper_r_palm_body_q,pos,0.000000000,0.000000000,-0.000000000,0.442609072,-0.539872230,0.598598185,-0.392829985,0.000000000
27,0.540000,B,yup,gripper_r_palm_body_v,vel,-1.109664321,1.255221367,0.267184556,0.000000000,0.000000000,-0.000000000,0.000000000,0.000000000
27,0.540000,B,yup,gripper_r_palm_body_w,vel,0.000000000,0.000000000,-0.000000000,-2.449371338,-2.412035942,-1.708313107,0.000000000,0.000000000
28,0.560000,B,yup,gripper_l_finger1_body_p,pos,-1.173054695,1.327625871,0.192469120,1.000000000,0.000000000,0.000000000,0.000000000,0.000000000
28,0.560000,B,yup,gripper_l_finger1_body_q,pos,0.000000000,0.000000000,-0.000000000,0.718011279,0.117391371,-0.463587884,0.505732481,0.000000000
28,0.560000,B,yup,gripper_l_finger1_body_v,vel,2.206418991,1.822876811,0.448812753,0.000000000,0.000000000,-0.000000000,0.000000000,0.000000000
28,0.560000,B,yup,gripper_l_finger1_body_w,vel,0.000000000,0.000000000,-0.000000000,-0.492721677,0.808825195,3.981196880,0.000000000,0.000000000
28,0.560000,B,yup,gripper_l_finger2_body_p,pos,-1.121263027,1.265682220,0.201106548,1.000000000,0.000000000,0.000000000,0.000000000,0.000000000
28,0.560000,B,yup,gripper_l_finger2_body_q,pos,0.000000000,0.000000000,-0.000000000,0.505745083,0.463510161,0.117336334,-0.718061575,0.000000000
28,0.560000,B,yup,gripper_l_finger2_body_v,vel,2.206480265,1.823083043,0.449299842,0.000000000,0.000000000,-0.000000000,0.000000000,0.000000000
28,0.560000,B,yup,gripper_l_finger2_body_w,vel,0.000000000,0.000000000,-0.000000000,-0.493114233,0.808608472,3.981338024,0.000000000,0.000000000
28,0.560000,B,yup,gripper_l_palm_body_p,pos,-0.992493153,1.221320152,0.194079399,1.000000000,0.000000000,0.000000000,0.000000000,0.000000000
28,0.560000,B,yup,gripper_l_palm_body_q,pos,0.000000000,0.000000000,-0.000000000,0.590718133,-0.424718377,-0.685403163,0.029814299,0.000000000
28,0.560000,B,yup,gripper_l_palm_body_v,vel,2.206375837,1.822771311,0.448530734,0.000000000,0.000000000,-0.000000000,0.000000000,0.000000000
28,0.560000,B,yup,gripper_l_palm_body_w,vel,0.000000000,0.000000000,-0.000000000,-0.492501587,0.808946669,3.981117725,0.000000000,0.000000000
28,0.560000,B,yup,gripper_r_finger1_body_p,pos,1.037685871,0.972695529,-0.054619312,1.000000000,0.000000000,0.000000000,0.000000000,0.000000000
28,0.560000,B,yup,gripper_r_finger1_body_q,pos,0.000000000,0.000000000,-0.000000000,0.700815807,-0.103768379,0.145816088,-0.690526608,0.000000000
28,0.560000,B,yup,gripper_r_finger1_body_v,vel,-1.080646515,1.051823139,-0.052055821,0.000000000,0.000000000,-0.000000000,0.000000000,0.000000000
28,0.560000,B,yup,gripper_r_finger1_body_w,vel,0.000000000,0.000000000,-0.000000000,-2.117608786,-2.515460014,-1.580787539,0.000000000,0.000000000
28,0.560000,B,yup,gripper_r_finger2_body_p,pos,1.115992546,1.030383587,-0.113495350,1.000000000,0.000000000,0.000000000,0.000000000,0.000000000
28,0.560000,B,yup,gripper_r_finger2_body_q,pos,0.000000000,0.000000000,-0.000000000,0.690495888,0.145609169,0.103972620,0.700858825,0.000000000
28,0.560000,B,yup,gripper_r_finger2_body_v,vel,-1.080598712,1.051594734,-0.052201450,0.000000000,0.000000000,-0.000000000,0.000000000,0.000000000
28,0.560000,B,yup,gripper_r_finger2_body_w,vel,0.000000000,0.000000000,-0.000000000,-2.117327452,-2.515467405,-1.580683470,0.000000000,0.000000000
28,0.560000,B,yup,gripper_r_palm_body_p,pos,0.945046902,0.992965400,-0.041656971,1.000000000,0.000000000,0.000000000,0.000000000,0.000000000
28,0.560000,B,yup,gripper_r_palm_body_q,pos,0.000000000,0.000000000,-0.000000000,0.422113598,-0.569023074,0.591291194,-0.385237039,0.000000000
28,0.560000,B,yup,gripper_r_palm_body_v,vel,-1.080610991,1.051639318,-0.052164968,0.000000000,0.000000000,-0.000000000,0.000000000,0.000000000
28,0.560000,B,yup,gripper_r_palm_body_w,vel,0.000000000,0.000000000,-0.000000000,-2.117391586,-2.515465736,-1.580707192,0.000000000,0.000000000
29,0.580000,B,yup,gripper_l_finger1_body_p,pos,-1.203605652,1.300794244,0.206000328,1.000000000,0.000000000,0.000000000,0.000000000,0.000000000
29,0.580000,B,yup,gripper_l_finger1_body_q,pos,0.000000000,0.000000000,-0.000000000,0.735441033,0.092749708,-0.470921160,0.478285731,0.000000000
29,0.580000,B,yup,gripper_l_finger1_body_v,vel,2.188593864,1.853492141,0.398570657,0.000000000,0.000000000,-0.000000000,0.000000000,0.000000000
29,0.580000,B,yup,gripper_l_finger1_body_w,vel,0.000000000,0.000000000,-0.000000000,-0.159572139,0.571412444,3.977888346,0.000000000,0.000000000
29,0.580000,B,yup,gripper_l_finger2_body_p,pos,-1.146909714,1.237811923,0.215198040,1.000000000,0.000000000,0.000000000,0.000000000,0.000000000
29,0.580000,B,yup,gripper_l_finger2_body_q,pos,0.000000000,0.000000000,-0.000000000,-0.478297115,-0.470830083,-0.092690200,0.735499443,0.000000000
29,0.580000,B,yup,gripper_l_finger2_body_v,vel,2.188646793,1.853676200,0.399011582,0.000000000,0.000000000,-0.000000000,0.000000000,0.000000000
29,0.580000,B,yup,gripper_l_finger2_body_w,vel,0.000000000,0.000000000,-0.000000000,-0.159902796,0.571192801,3.978019714,0.000000000,0.000000000
29,0.580000,B,yup,gripper_l_palm_body_p,pos,-1.014056683,1.199773908,0.207506657,1.000000000,0.000000000,0.000000000,0.000000000,0.000000000
29,0.580000,B,yup,gripper_l_palm_body_q,pos,0.000000000,0.000000000,-0.000000000,0.585619073,-0.454467382,-0.671179885,0.005221326,0.000000000
29,0.580000,B,yup,gripper_l_palm_body_v,vel,2.188583612,1.853466511,0.398501664,0.000000000,0.000000000,-0.000000000,0.000000000,0.000000000
29,0.580000,B,yup,gripper_l_palm_body_w,vel,0.000000000,0.000000000,-0.000000000,-0.159521192,0.571446240,3.977868080,0.000000000,0.000000000
29,0.580000,B,yup,gripper_r_finger1_body_p,pos,1.058871746,0.950057805,-0.042841911,1.000000000,0.000000000,0.000000000,0.000000000,0.000000000
29,0.580000,B,yup,gripper_r_finger1_body_q,pos,0.000000000,0.000000000,-0.000000000,0.705340968,-0.137472301,0.148202418,-0.679434712,0.000000000
29,0.580000,B,yup,gripper_r_finger1_body_v,vel,-1.060773849,0.953036606,-0.240520060,0.000000000,0.000000000,-0.000000000,0.000000000,0.000000000
29,0.580000,B,yup,gripper_r_finger1_body_w,vel,0.000000000,0.000000000,-0.000000000,-1.928342938,-2.577265978,-1.482183933,0.000000000,0.000000000
29,0.580000,B,yup,gripper_r_finger2_body_p,pos,1.139771938,1.007598400,-0.104791164,1.000000000,0.000000000,0.000000000,0.000000000,0.000000000
29,0.580000,B,yup,gripper_r_finger2_body_q,pos,0.000000000,0.000000000,-0.000000000,0.679393919,0.147993716,0.137673693,0.705384801,0.000000000
29,0.580000,B,yup,gripper_r_finger2_body_v,vel,-1.060706496,0.952787220,-0.240701005,0.000000000,0.000000000,-0.000000000,0.000000000,0.000000000
29,0.580000,B,yup,gripper_r_finger2_body_w,vel,0.000000000,0.000000000,-0.000000000,-1.928029895,-2.577279091,-1.482049108,0.000000000,0.000000000
29,0.580000,B,yup,gripper_r_palm_body_p,pos,0.962002754,0.975815117,-0.033443451,1.000000000,0.000000000,0.000000000,0.000000000,0.000000000
29,0.580000,B,yup,gripper_r_palm_body_q,pos,0.000000000,0.000000000,-0.000000000,-0.401482435,0.596054506,-0.585130635,0.375703367,0.000000000
29,0.580000,B,yup,gripper_r_palm_body_v,vel,-1.060741186,0.952906847,-0.240608662,0.000000000,0.000000000,-0.000000000,0.000000000,0.000000000
29,0.580000,B,yup,gripper_r_palm_body_w,vel,0.000000000,0.000000000,-0.000000000,-1.928182602,-2.577272654,-1.482114911,0.000000000,0.000000000
30,0.600000,B,yup,gripper_l_finger1_body_p,pos,-1.230571747,1.274397016,0.221102238,1.000000000,0.000000000,0.000000000,0.000000000,0.000000000
30,0.600000,B,yup,gripper_l_finger1_body_q,pos,0.000000000,0.000000000,-0.000000000,0.752168855,0.073144161,-0.476501917,0.449263696,0.000000000
30,0.600000,B,yup,gripper_l_finger1_body_v,vel,2.009713650,1.744801402,0.388182610,0.000000000,0.000000000,-0.000000000,0.000000000,0.000000000
30,0.600000,B,yup,gripper_l_finger1_body_w,vel,0.000000000,0.000000000,-0.000000000,0.241905227,0.219111592,3.742218494,0.000000000,0.000000000
30,0.600000,B,yup,gripper_l_finger2_body_p,pos,-1.168650627,1.211339831,0.230255604,1.000000000,0.000000000,0.000000000,0.000000000,0.000000000
30,0.600000,B,yup,gripper_l_finger2_body_q,pos,0.000000000,0.000000000,-0.000000000,-0.449273945,-0.476395370,-0.073080249,0.752236433,0.000000000
30,0.600000,B,yup,gripper_l_finger2_body_v,vel,2.009745836,1.744939566,0.388512552,0.000000000,0.000000000,-0.000000000,0.000000000,0.000000000
30,0.600000,B,yup,gripper_l_finger2_body_w,vel,0.000000000,0.000000000,-0.000000000,0.241674110,0.218930051,3.742316961,0.000000000,0.000000000
30,0.600000,B,yup,gripper_l_palm_body_p,pos,-1.033001423,1.178928971,0.222120285,1.000000000,0.000000000,0.000000000,0.000000000,0.000000000
30,0.600000,B,yup,gripper_l_palm_body_q,pos,0.000000000,0.000000000,-0.000000000,0.583584846,-0.480160356,-0.654602468,-0.019244988,0.000000000
30,0.600000,B,yup,gripper_l_palm_body_v,vel,2.009701729,1.744770408,0.388097733,0.000000000,0.000000000,-0.000000000,0.000000000,0.000000000
30,0.600000,B,yup,gripper_l_palm_body_w,vel,0.000000000,0.000000000,-0.000000000,0.241964474,0.219158128,3.742193222,0.000000000,0.000000000
30,0.600000,B,yup,gripper_r_finger1_body_p,pos,1.078708649,0.928915799,-0.029925823,1.000000000,0.000000000,0.000000000,0.000000000,0.000000000
30,0.600000,B,yup,gripper_r_finger1_body_q,pos,0.000000000,0.000000000,-0.000000000,0.708700175,-0.170162975,0.151687845,-0.667667149,0.000000000
30,0.600000,B,yup,gripper_r_finger1_body_v,vel,-1.063988686,0.966620445,-0.337071210,0.000000000,0.000000000,-0.000000000,0.000000000,0.000000000
30,0.600000,B,yup,gripper_r_finger1_body_w,vel,0.000000000,0.000000000,-0.000000000,-1.805736661,-2.586731672,-1.451573610,0.000000000,0.000000000
30,0.600000,B,yup,gripper_r_finger2_body_p,pos,1.162209511,0.986118376,-0.094509125,1.000000000,0.000000000,0.000000000,0.000000000,0.000000000
30,0.600000,B,yup,gripper_r_finger2_body_q,pos,0.000000000,0.000000000,-0.000000000,0.667616776,0.151478558,0.170360490,0.708744940,0.000000000
30,0.600000,B,yup,gripper_r_finger2_body_v,vel,-1.063883185,0.966266513,-0.337324053,0.000000000,0.000000000,-0.000000000,0.000000000,0.000000000
30,0.600000,B,yup,gripper_r_finger2_body_w,vel,0.000000000,0.000000000,-0.000000000,-1.805307627,-2.586755753,-1.451360822,0.000000000,0.000000000
30,0.600000,B,yup,gripper_r_palm_body_p,pos,0.977823734,0.959791839,-0.024393082,1.000000000,0.000000000,0.000000000,0.000000000,0.000000000
30,0.600000,B,yup,gripper_r_palm_body_q,pos,0.000000000,0.000000000,-0.000000000,-0.380743711,0.621544652,-0.579270123,0.364914506,0.000000000
30,0.600000,B,yup,gripper_r_palm_body_v,vel,-1.063925385,0.966406703,-0.337223023,0.000000000,0.000000000,-0.000000000,0.000000000,0.000000000
30,0.600000,B,yup,gripper_r_palm_body_w,vel,0.000000000,0.000000000,-0.000000000,-1.805474162,-2.586746454,-1.451443434,0.000000000,0.000000000
31,0.620000,B,yup,gripper_l_finger1_body_p,pos,-1.253486156,1.249608994,0.237139702,1.000000000,0.000000000,0.000000000,0.000000000,0.000000000
31,0.620000,B,yup,gripper_l_finger1_body_q,pos,0.000000000,0.000000000,-0.000000000,0.767555627,0.059540506,-0.480904960,0.419575626,0.000000000
31,0.620000,B,yup,gripper_l_finger1_body_v,vel,1.782705188,1.561179042,0.252026439,0.000000000,0.000000000,-0.000000000,0.000000000,0.000000000
31,0.620000,B,yup,gripper_l_finger1_body_w,vel,0.000000000,0.000000000,-0.000000000,0.691329479,-0.029967781,3.383990049,0.000000000,0.000000000
31,0.620000,B,yup,gripper_l_finger2_body_p,pos,-1.186371803,1.187517405,0.245608330,1.000000000,0.000000000,0.000000000,0.000000000,0.000000000
31,0.620000,B,yup,gripper_l_finger2_body_q,pos,0.000000000,0.000000000,-0.000000000,-0.419584694,-0.480786565,-0.059475523,0.767629875,0.000000000
31,0.620000,B,yup,gripper_l_finger2_body_v,vel,1.782666326,1.561107993,0.251792967,0.000000000,0.000000000,-0.000000000,0.000000000,0.000000000
31,0.620000,B,yup,gripper_l_finger2_body_w,vel,0.000000000,0.000000000,-0.000000000,0.691485524,-0.029825192,3.383920670,0.000000000,0.000000000
31,0.620000,B,yup,gripper_l_palm_body_p,pos,-1.049054146,1.159584165,0.237262249,1.000000000,0.000000000,0.000000000,0.000000000,0.000000000
31,0.620000,B,yup,gripper_l_palm_body_q,pos,0.000000000,0.000000000,-0.000000000,0.584846413,-0.500659712,-0.636722276,-0.043350541,0.000000000
31,0.620000,B,yup,gripper_l_palm_body_v,vel,1.782683492,1.561119318,0.251854837,0.000000000,0.000000000,-0.000000000,0.000000000,0.000000000
31,0.620000,B,yup,gripper_l_palm_body_w,vel,0.000000000,0.000000000,-0.000000000,0.691442192,-0.029864803,3.383939981,0.000000000,0.000000000
31,0.620000,B,yup,gripper_r_finger1_body_p,pos,1.096923828,0.909951985,-0.015769005,1.000000000,0.000000000,0.000000000,0.000000000,0.000000000
31,0.620000,B,yup,gripper_r_finger1_body_q,pos,0.000000000,0.000000000,-0.000000000,0.711573917,-0.201876582,0.155526863,-0.654766982,0.000000000
31,0.620000,B,yup,gripper_r_finger1_body_v,vel,-1.107443213,1.097432137,-0.379005730,0.000000000,0.000000000,-0.000000000,0.000000000,0.000000000
31,0.620000,B,yup,gripper_r_finger1_body_w,vel,0.000000000,0.000000000,-0.000000000,-1.700695992,-2.552947760,-1.522905946,0.000000000,0.000000000
31,0.620000,B,yup,gripper_r_finger2_body_p,pos,1.183195591,0.966621220,-0.082633018,1.000000000,0.000000000,0.000000000,0.000000000,0.000000000
31,0.620000,B,yup,gripper_r_finger2_body_q,pos,0.000000000,0.000000000,-0.000000000,0.654707627,0.155318053,0.202069075,0.711619502,0.000000000
31,0.620000,B,yup,gripper_r_finger2_body_v,vel,-1.107297182,1.096958756,-0.379323155,0.000000000,0.000000000,-0.000000000,0.000000000,0.000000000
31,0.620000,B,yup,gripper_r_finger2_body_w,vel,0.000000000,0.000000000,-0.000000000,-1.700153112,-2.552985907,-1.522599220,0.000000000,0.000000000
31,0.620000,B,yup,gripper_r_palm_body_p,pos,0.992437840,0.945722878,-0.014355183,1.000000000,0.000000000,0.000000000,0.000000000,0.000000000
31,0.620000,B,yup,gripper_r_palm_body_q,pos,0.000000000,0.000000000,-0.000000000,-0.360353384,0.645999511,-0.572860127,0.353074137,0.000000000
31,0.620000,B,yup,gripper_r_palm_body_v,vel,-1.107337236,1.097087741,-0.379236162,0.000000000,0.000000000,-0.000000000,0.000000000,0.000000000
31,0.620000,B,yup,gripper_r_palm_body_w,vel,0.000000000,0.000000000,-0.000000000,-1.700295806,-2.552975893,-1.522679925,0.000000000,0.000000000
32,0.640000,B,yup,gripper_l_finger1_body_p,pos,-1.272338390,1.227280021,0.253312111,1.000000000,0.000000000,0.000000000,0.000000000,0.000000000
32,0.640000,B,yup,gripper_l_finger1_body_q,pos,0.000000000,0.000000000,-0.000000000,0.780834248,0.051935166,-0.484973726,0.390385835,0.000000000
32,0.640000,B,yup,gripper_l_finger1_body_v,vel,1.523624539,1.326495290,0.039051168,0.000000000,0.000000000,-0.000000000,0.000000000,0.000000000
32,0.640000,B,yup,gripper_l_finger1_body_w,vel,0.000000000,0.000000000,-0.000000000,1.088856697,-0.155788988,2.935041189,0.000000000,0.000000000
32,0.640000,B,yup,gripper_l_finger2_body_p,pos,-1.200462341,1.167106152,0.260527611,1.000000000,0.000000000,0.000000000,0.000000000,0.000000000
32,0.640000,B,yup,gripper_l_finger2_body_q,pos,0.000000000,0.000000000,-0.000000000,-0.390393888,-0.484850741,-0.051873424,0.780910698,0.000000000
32,0.640000,B,yup,gripper_l_finger2_body_v,vel,1.523514748,1.326155782,0.038020600,0.000000000,0.000000000,-0.000000000,0.000000000,0.000000000
32,0.640000,B,yup,gripper_l_finger2_body_w,vel,0.000000000,0.000000000,-0.000000000,1.089495659,-0.155121207,2.934753180,0.000000000,0.000000000
32,0.640000,B,yup,gripper_l_palm_body_p,pos,-1.062251568,1.142251849,0.252100468,1.000000000,0.000000000,0.000000000,0.000000000,0.000000000
32,0.640000,B,yup,gripper_l_palm_body_q,pos,0.000000000,0.000000000,-0.000000000,0.588858587,-0.515425917,-0.618959065,-0.066868267,0.000000000
32,0.640000,B,yup,gripper_l_palm_body_v,vel,1.523601532,1.326426744,0.038841244,0.000000000,0.000000000,-0.000000000,0.000000000,0.000000000
32,0.640000,B,yup,gripper_l_palm_body_w,vel,0.000000000,0.000000000,-0.000000000,1.088987112,-0.155652776,2.934982300,0.000000000,0.000000000
32,0.640000,B,yup,gripper_r_finger1_body_p,pos,1.113271236,0.893780291,-0.000403404,1.000000000,0.000000000,0.000000000,0.000000000,0.000000000
32,0.640000,B,yup,gripper_r_finger1_body_q,pos,0.000000000,0.000000000,-0.000000000,0.714846716,-0.232527478,0.159198030,-0.639985259,0.000000000
32,0.640000,B,yup,gripper_r_finger1_body_v,vel,-1.207325220,1.349619389,-0.393170327,0.000000000,0.000000000,-0.000000000,0.000000000,0.000000000
32,0.640000,B,yup,gripper_r_finger1_body_w,vel,0.000000000,0.000000000,-0.000000000,-1.584678888,-2.489606142,-1.724217653,0.000000000,0.000000000
32,0.640000,B,yup,gripper_r_finger2_body_p,pos,1.202697754,0.949666321,-0.069196224,1.000000000,0.000000000,0.000000000,0.000000000,0.000000000
32,0.640000,B,yup,gripper_r_finger2_body_q,pos,0.000000000,0.000000000,-0.000000000,0.639917733,0.158990860,0.232713297,0.714892805,0.000000000
32,0.640000,B,yup,gripper_r_finger2_body_v,vel,-1.207138896,1.349029183,-0.393542528,0.000000000,0.000000000,-0.000000000,0.000000000,0.000000000
32,0.640000,B,yup,gripper_r_finger2_body_w,vel,0.000000000,0.000000000,-0.000000000,-1.584036589,-2.489661694,-1.723808050,0.000000000,0.000000000
32,0.640000,B,yup,gripper_r_palm_body_p,pos,1.005829334,0.934325993,-0.003275394,1.000000000,0.000000000,0.000000000,0.000000000,0.000000000
32,0.640000,B,yup,gripper_r_palm_body_q,pos,0.000000000,0.000000000,-0.000000000,-0.340997431,0.669984004,-0.565002149,0.340021703,0.000000000
32,0.640000,B,yup,gripper_r_palm_body_v,vel,-1.207176805,1.349148273,-0.393466949,0.000000000,0.000000000,-0.000000000,0.000000000,0.000000000
32,0.640000,B,yup,gripper_r_palm_body_w,vel,0.000000000,0.000000000,-0.000000000,-1.584163189,-2.489650726,-1.723888755,0.000000000,0.000000000
33,0.660000,B,yup,gripper_l_finger1_body_p,pos,-1.287415028,1.207931757,0.268829823,1.000000000,0.000000000,0.000000000,0.000000000,0.000000000
33,0.660000,B,yup,gripper_l_finger1_body_q,pos,0.000000000,0.000000000,-0.000000000,0.791624617,0.049486000,-0.489087286,0.362870814,0.000000000
33,0.660000,B,yup,gripper_l_finger1_body_v,vel,1.260016084,1.083665729,-0.164718300,0.000000000,0.000000000,-0.000000000,0.000000000,0.000000000
33,0.660000,B,yup,gripper_l_finger1_body_w,vel,0.000000000,0.000000000,-0.000000000,1.361522317,-0.200662971,2.453583717,0.000000000,0.000000000
33,0.660000,B,yup,gripper_l_finger2_body_p,pos,-1.211464405,1.150375605,0.274410248,1.000000000,0.000000000,0.000000000,0.000000000,0.000000000
33,0.660000,B,yup,gripper_l_finger2_body_q,pos,0.000000000,0.000000000,-0.000000000,-0.362878262,-0.488966136,-0.049430221,0.791699525,0.000000000
33,0.660000,B,yup,gripper_l_finger2_body_v,vel,1.259880185,1.083200216,-0.166256011,0.000000000,0.000000000,-0.000000000,0.000000000,0.000000000
33,0.660000,B,yup,gripper_l_finger2_body_w,vel,0.000000000,0.000000000,-0.000000000,1.362418532,-0.199610159,2.453185797,0.000000000,0.000000000
33,0.660000,B,yup,gripper_l_palm_body_p,pos,-1.072811127,1.127247572,0.265938282,1.000000000,0.000000000,0.000000000,0.000000000,0.000000000
33,0.660000,B,yup,gripper_l_palm_body_q,pos,0.000000000,0.000000000,-0.000000000,0.594757082,-0.524785698,-0.602412820,-0.089234404,0.000000000
33,0.660000,B,yup,gripper_l_palm_body_v,vel,1.259993434,1.083591342,-0.164966002,0.000000000,0.000000000,-0.000000000,0.000000000,0.000000000
33,0.660000,B,yup,gripper_l_palm_body_w,vel,0.000000000,0.000000000,-0.000000000,1.361667991,-0.200491771,2.453519106,0.000000000,0.000000000
33,0.660000,B,yup,gripper_r_finger1_body_p,pos,1.127502441,0.880804718,0.016067028,1.000000000,0.000000000,0.000000000,0.000000000,0.000000000
33,0.660000,B,yup,gripper_r_finger1_body_q,pos,0.000000000,0.000000000,-0.000000000,0.719535845,-0.261992546,0.162273259,-0.622330671,0.000000000
33,0.660000,B,yup,gripper_r_finger1_body_v,vel,-1.376400828,1.724711657,-0.394360870,0.000000000,0.000000000,-0.000000000,0.000000000,0.000000000
33,0.660000,B,yup,gripper_r_finger1_body_w,vel,0.000000000,0.000000000,-0.000000000,-1.440136075,-2.405560493,-2.076392174,0.000000000,0.000000000
33,0.660000,B,yup,gripper_r_finger2_body_p,pos,1.220716953,0.935553730,-0.054245472,1.000000000,0.000000000,0.000000000,0.000000000,0.000000000
33,0.660000,B,yup,gripper_r_finger2_body_q,pos,0.000000000,0.000000000,-0.000000000,0.622255716,0.162067784,0.262170580,0.719582132,0.000000000
33,0.660000,B,yup,gripper_r_finger2_body_v,vel,-1.376170039,1.723993540,-0.394793272,0.000000000,0.000000000,-0.000000000,0.000000000,0.000000000
33,0.660000,B,yup,gripper_r_finger2_body_w,vel,0.000000000,0.000000000,-0.000000000,-1.439398646,-2.405640602,-2.075865269,0.000000000,0.000000000
33,0.660000,B,yup,gripper_r_palm_body_p,pos,1.018011570,0.926100910,0.008864880,1.000000000,0.000000000,0.000000000,0.000000000,0.000000000
33,0.660000,B,yup,gripper_r_palm_body_q,pos,0.000000000,0.000000000,-0.000000000,-0.323481975,0.694130530,-0.554692325,0.325359253,0.000000000
33,0.660000,B,yup,gripper_r_palm_body_v,vel,-1.376212478,1.724124551,-0.394713849,0.000000000,0.000000000,-0.000000000,0.000000000,0.000000000
33,0.660000,B,yup,gripper_r_palm_body_w,vel,0.000000000,0.000000000,-0.000000000,-1.439530134,-2.405626297,-2.075959206,0.000000000,0.000000000
34,0.680000,B,yup,gripper_l_finger1_body_p,pos,-1.299342155,1.191360712,0.283291340,1.000000000,0.000000000,0.000000000,0.000000000,0.000000000
34,0.680000,B,yup,gripper_l_finger1_body_q,pos,0.000000000,0.000000000,-0.000000000,0.799940160,0.051326342,-0.493221132,0.337926416,0.000000000
34,0.680000,B,yup,gripper_l_finger1_body_v,vel,1.004480720,0.827038467,-0.328853309,0.000000000,0.000000000,-0.000000000,0.000000000,0.000000000
34,0.680000,B,yup,gripper_l_finger1_body_w,vel,0.000000000,0.000000000,-0.000000000,1.532815695,-0.199196756,2.005581617,0.000000000,0.000000000
34,0.680000,B,yup,gripper_l_finger2_body_p,pos,-1.220087528,1.136853576,0.287035942,1.000000000,0.000000000,0.000000000,0.000000000,0.000000000
34,0.680000,B,yup,gripper_l_finger2_body_q,pos,0.000000000,0.000000000,-0.000000000,-0.337933722,-0.493105088,-0.051277075,0.800011771,0.000000000
34,0.680000,B,yup,gripper_l_finger2_body_v,vel,1.004376650,0.826604784,-0.330421209,0.000000000,0.000000000,-0.000000000,0.000000000,0.000000000
34,0.680000,B,yup,gripper_l_finger2_body_w,vel,0.000000000,0.000000000,-0.000000000,1.533682227,-0.198073640,2.005213499,0.000000000,0.000000000
34,0.680000,B,yup,gripper_l_palm_body_p,pos,-1.081253052,1.114247084,0.278507233,1.000000000,0.000000000,0.000000000,0.000000000,0.000000000
34,0.680000,B,yup,gripper_l_palm_body_q,pos,0.000000000,0.000000000,-0.000000000,0.601938813,-0.529363699,-0.587697692,-0.109796004,0.000000000
34,0.680000,B,yup,gripper_l_palm_body_v,vel,1.004488826,0.827057123,-0.328777462,0.000000000,0.000000000,-0.000000000,0.000000000,0.000000000
34,0.680000,B,yup,gripper_l_palm_body_w,vel,0.000000000,0.000000000,-0.000000000,1.532779336,-0.199243799,2.005597115,0.000000000,0.000000000
34,0.680000,B,yup,gripper_r_finger1_body_p,pos,1.139103413,0.871190608,0.033361912,1.000000000,0.000000000,0.000000000,0.000000000,0.000000000
34,0.680000,B,yup,gripper_r_finger1_body_q,pos,0.000000000,0.000000000,-0.000000000,0.726718564,-0.290028455,0.164345326,-0.600628203,0.000000000
34,0.680000,B,yup,gripper_r_finger1_body_v,vel,-1.608213186,2.201646566,-0.349544585,0.000000000,0.000000000,-0.000000000,0.000000000,0.000000000
34,0.680000,B,yup,gripper_r_finger1_body_w,vel,0.000000000,0.000000000,-0.000000000,-1.245530009,-2.222471714,-2.572165251,0.000000000,0.000000000
34,0.680000,B,yup,gripper_r_finger2_body_p,pos,1.236989498,0.924286306,-0.037952900,1.000000000,0.000000000,0.000000000,0.000000000,0.000000000
34,0.680000,B,yup,gripper_r_finger2_body_q,pos,0.000000000,0.000000000,-0.000000000,0.600550051,0.164149880,0.290190309,0.726762711,0.000000000
34,0.680000,B,yup,gripper_r_finger2_body_v,vel,-1.607473373,2.199385166,-0.350876927,0.000000000,0.000000000,-0.000000000,0.000000000,0.000000000
34,0.680000,B,yup,gripper_r_finger2_body_w,vel,0.000000000,0.000000000,-0.000000000,-1.243344188,-2.222781658,-2.570425510,0.000000000,0.000000000
34,0.680000,B,yup,gripper_r_palm_body_p,pos,1.028778553,0.921286643,0.021951199,1.000000000,0.000000000,0.000000000,0.000000000,0.000000000
34,0.680000,B,yup,gripper_r_palm_body_q,pos,0.000000000,0.000000000,-0.000000000,-0.308741336,0.719027851,-0.540812859,0.308543657,0.000000000
34,0.680000,B,yup,gripper_r_palm_body_v,vel,-1.607831240,2.200474024,-0.350233346,0.000000000,0.000000000,-0.000000000,0.000000000,0.000000000
34,0.680000,B,yup,gripper_r_palm_body_w,vel,0.000000000,0.000000000,-0.000000000,-1.244387865,-2.222633600,-2.571256161,0.000000000,0.000000000
35,0.700000,B,yup,gripper_l_finger1_body_p,pos,-1.309153080,1.176586747,0.296632767,1.000000000,0.000000000,0.000000000,0.000000000,0.000000000
35,0.700000,B,yup,gripper_l_finger1_body_q,pos,0.000000000,0.000000000,-0.000000000,0.806090873,0.055712293,-0.497628416,0.315403876,0.000000000
35,0.700000,B,yup,gripper_l_finger1_body_v,vel,0.818283021,0.630970240,-0.460759163,0.000000000,0.000000000,-0.000000000,0.000000000,0.000000000
35,0.700000,B,yup,gripper_l_finger1_body_w,vel,0.000000000,0.000000000,-0.000000000,1.584239364,-0.133000180,1.676347971,0.000000000,0.000000000
35,0.700000,B,yup,gripper_l_finger2_body_p,pos,-1.227298260,1.125327945,0.298499584,1.000000000,0.000000000,0.000000000,0.000000000,0.000000000
35,0.700000,B,yup,gripper_l_finger2_body_q,pos,0.000000000,0.000000000,-0.000000000,-0.315411209,-0.497520445,-0.055669796,0.806157583,0.000000000
35,0.700000,B,yup,gripper_l_finger2_body_v,vel,0.818193972,0.630510688,-0.462613344,0.000000000,0.000000000,-0.000000000,0.000000000,0.000000000
35,0.700000,B,yup,gripper_l_finger2_body_w,vel,0.000000000,0.000000000,-0.000000000,1.585212231,-0.131628931,1.675961375,0.000000000,0.000000000
35,0.700000,B,yup,gripper_l_palm_body_p,pos,-1.088304520,1.102442980,0.289800167,1.000000000,0.000000000,0.000000000,0.000000000,0.000000000
35,0.700000,B,yup,gripper_l_palm_body_q,pos,0.000000000,0.000000000,-0.000000000,0.609389903,-0.530611754,-0.574887813,-0.128837556,0.000000000
35,0.700000,B,yup,gripper_l_palm_body_v,vel,0.818288505,0.630979955,-0.460710973,0.000000000,0.000000000,-0.000000000,0.000000000,0.000000000
35,0.700000,B,yup,gripper_l_palm_body_w,vel,0.000000000,0.000000000,-0.000000000,1.584219813,-0.133027658,1.676355720,0.000000000,0.000000000
35,0.700000,B,yup,gripper_r_finger1_body_p,pos,1.147372246,0.865243018,0.050443172,1.000000000,0.000000000,0.000000000,0.000000000,0.000000000
35,0.700000,B,yup,gripper_r_finger1_body_q,pos,0.000000000,0.000000000,-0.000000000,0.736766102,-0.313668430,0.164519444,-0.575952411,0.000000000
35,0.700000,B,yup,gripper_r_finger1_body_v,vel,-1.661754966,2.447649479,-0.235663339,0.000000000,0.000000000,-0.000000000,0.000000000,0.000000000
35,0.700000,B,yup,gripper_r_finger1_body_w,vel,0.000000000,0.000000000,-0.000000000,-0.822760522,-1.776279211,-2.867282152,0.000000000,0.000000000
35,0.700000,B,yup,gripper_r_finger2_body_p,pos,1.250576973,0.916133821,-0.021229267,1.000000000,0.000000000,0.000000000,0.000000000,0.000000000
35,0.700000,B,yup,gripper_r_finger2_body_q,pos,0.000000000,0.000000000,-0.000000000,0.575874058,0.164335640,0.313812409,0.736807057,0.000000000
35,0.700000,B,yup,gripper_r_finger2_body_v,vel,-1.661070943,2.445583820,-0.236888796,0.000000000,0.000000000,-0.000000000,0.000000000,0.000000000
35,0.700000,B,yup,gripper_r_finger2_body_w,vel,0.000000000,0.000000000,-0.000000000,-0.820859551,-1.776635647,-2.865620375,0.000000000,0.000000000
35,0.700000,B,yup,gripper_r_palm_body_p,pos,1.037818432,0.919805586,0.035565853,1.000000000,0.000000000,0.000000000,0.000000000,0.000000000
35,0.700000,B,yup,gripper_r_palm_body_q,pos,0.000000000,0.000000000,-0.000000000,-0.299136046,0.742839779,-0.523492879,0.290967170,0.000000000
35,0.700000,B,yup,gripper_r_palm_body_v,vel,-1.661432743,2.446680784,-0.236239702,0.000000000,0.000000000,-0.000000000,0.000000000,0.000000000
35,0.700000,B,yup,gripper_r_palm_body_w,vel,0.000000000,0.000000000,-0.000000000,-0.821861804,-1.776447773,-2.866496563,0.000000000,0.000000000
36,0.720000,B,yup,gripper_l_finger1_body_p,pos,-1.317828655,1.162415743,0.308935165,1.000000000,0.000000000,0.000000000,0.000000000,0.000000000
36,0.720000,B,yup,gripper_l_finger1_body_q,pos,0.000000000,0.000000000,-0.000000000,0.810731016,0.060862773,-0.502379602,0.294322405,0.000000000
36,0.720000,B,yup,gripper_l_finger1_body_v,vel,0.745712817,0.551437855,-0.550289571,0.000000000,0.000000000,-0.000000000,0.000000000,0.000000000
36,0.720000,B,yup,gripper_l_finger1_body_w,vel,0.000000000,0.000000000,-0.000000000,1.561946034,-0.044655159,1.544270635,0.000000000,0.000000000
36,0.720000,B,yup,gripper_l_finger2_body_p,pos,-1.233862877,1.114476204,0.308989525,1.000000000,0.000000000,0.000000000,0.000000000,0.000000000
36,0.720000,B,yup,gripper_l_finger2_body_q,pos,0.000000000,0.000000000,-0.000000000,-0.294329677,-0.502280898,-0.060826701,0.810792238,0.000000000
36,0.720000,B,yup,gripper_l_finger2_body_v,vel,0.745656490,0.551041901,-0.552090049,0.000000000,0.000000000,-0.000000000,0.000000000,0.000000000
36,0.720000,B,yup,gripper_l_finger2_body_w,vel,0.000000000,0.000000000,-0.000000000,1.562845588,-0.043286189,1.543941498,0.000000000,0.000000000
36,0.720000,B,yup,gripper_l_palm_body_p,pos,-1.094588280,1.090999842,0.299968719,1.000000000,0.000000000,0.000000000,0.000000000,0.000000000
36,0.720000,B,yup,gripper_l_palm_body_q,pos,0.000000000,0.000000000,-0.000000000,0.616313414,-0.530250732,-0.563340429,-0.147103698,0.000000000
36,0.720000,B,yup,gripper_l_palm_body_v,vel,0.745717764,0.551447153,-0.550237417,0.000000000,0.000000000,-0.000000000,0.000000000,0.000000000
36,0.720000,B,yup,gripper_l_palm_body_w,vel,0.000000000,0.000000000,-0.000000000,1.561925292,-0.044686805,1.544278264,0.000000000,0.000000000
36,0.720000,B,yup,gripper_r_finger1_body_p,pos,1.152668476,0.863133609,0.066229343,1.000000000,0.000000000,0.000000000,0.000000000,0.000000000
36,0.720000,B,yup,gripper_r_finger1_body_q,pos,0.000000000,0.000000000,-0.000000000,0.748977890,-0.330868571,0.163911998,-0.550173578,0.000000000
36,0.720000,B,yup,gripper_r_finger1_body_v,vel,-1.594931364,2.413530111,-0.237902984,0.000000000,0.000000000,-0.000000000,0.000000000,0.000000000
36,0.720000,B,yup,gripper_r_finger1_body_w,vel,0.000000000,0.000000000,-0.000000000,-0.252074450,-1.357204676,-2.881656408,0.000000000,0.000000000
36,0.720000,B,yup,gripper_r_finger2_body_p,pos,1.261286736,0.911410749,-0.004966736,1.000000000,0.000000000,0.000000000,0.000000000,0.000000000
36,0.720000,B,yup,gripper_r_finger2_body_q,pos,0.000000000,0.000000000,-0.000000000,0.550095036,0.163734497,0.330999287,0.749016647,0.000000000
36,0.720000,B,yup,gripper_r_finger2_body_v,vel,-1.594609499,2.412615538,-0.238481402,0.000000000,0.000000000,-0.000000000,0.000000000,0.000000000
36,0.720000,B,yup,gripper_r_finger2_body_w,vel,0.000000000,0.000000000,-0.000000000,-0.251261711,-1.357404113,-2.880888700,0.000000000,0.000000000
36,0.720000,B,yup,gripper_r_palm_body_p,pos,1.045150757,0.921271741,0.049092293,1.000000000,0.000000000,0.000000000,0.000000000,0.000000000
36,0.720000,B,yup,gripper_r_palm_body_q,pos,0.000000000,0.000000000,-0.000000000,-0.295612102,0.763632814,-0.504834960,0.273166751,0.000000000
36,0.720000,B,yup,gripper_r_palm_body_v,vel,-1.594967008,2.413703203,-0.237820238,0.000000000,0.000000000,-0.000000000,0.000000000,0.000000000
36,0.720000,B,yup,gripper_r_palm_body_w,vel,0.000000000,0.000000000,-0.000000000,-0.252216816,-1.357169747,-2.881790876,0.000000000,0.000000000
37,0.740000,B,yup,gripper_l_finger1_body_p,pos,-1.325916767,1.147995114,0.320289612,1.000000000,0.000000000,0.000000000,0.000000000,0.000000000
37,0.740000,B,yup,gripper_l_finger1_body_q,pos,0.000000000,0.000000000,-0.000000000,0.814351263,0.065876968,-0.507370711,0.273983956,0.000000000
37,0.740000,B,yup,gripper_l_finger1_body_v,vel,0.718210399,0.516380668,-0.602419019,0.000000000,0.000000000,-0.000000000,0.000000000,0.000000000
37,0.740000,B,yup,gripper_l_finger1_body_w,vel,0.000000000,0.000000000,-0.000000000,1.511617064,0.027193226,1.498683095,0.000000000,0.000000000
37,0.740000,B,yup,gripper_l_finger2_body_p,pos,-1.240166664,1.103395224,0.318643570,1.000000000,0.000000000,0.000000000,0.000000000,0.000000000
37,0.740000,B,yup,gripper_l_finger2_body_q,pos,0.000000000,0.000000000,-0.000000000,-0.273991195,-0.507279570,-0.065846063,0.814408104,0.000000000
37,0.740000,B,yup,gripper_l_finger2_body_v,vel,0.718198180,0.516225755,-0.603219151,0.000000000,0.000000000,-0.000000000,0.000000000,0.000000000
37,0.740000,B,yup,gripper_l_finger2_body_w,vel,0.000000000,0.000000000,-0.000000000,1.512000442,0.027821615,1.498555541,0.000000000,0.000000000
37,0.740000,B,yup,gripper_l_palm_body_p,pos,-1.100465298,1.079291821,0.309170246,1.000000000,0.000000000,0.000000000,0.000000000,0.000000000
37,0.740000,B,yup,gripper_l_palm_body_q,pos,0.000000000,0.000000000,-0.000000000,0.622419337,-0.529264922,-0.552488143,-0.165014131,0.000000000
37,0.740000,B,yup,gripper_l_palm_body_v,vel,0.718214691,0.516389370,-0.602363586,0.000000000,0.000000000,-0.000000000,0.000000000,0.000000000
37,0.740000,B,yup,gripper_l_palm_body_w,vel,0.000000000,0.000000000,-0.000000000,1.511595488,0.027157683,1.498690367,0.000000000,0.000000000
37,0.740000,B,yup,gripper_r_finger1_body_p,pos,1.155736446,0.864494026,0.080070019,1.000000000,0.000000000,0.000000000,0.000000000,0.000000000
37,0.740000,B,yup,gripper_r_finger1_body_q,pos,0.000000000,0.000000000,-0.000000000,0.762149769,-0.341372791,0.163569482,-0.525202219,0.000000000
37,0.740000,B,yup,gripper_r_finger1_body_v,vel,-1.443151236,2.207552910,-0.270490438,0.000000000,0.000000000,-0.000000000,0.000000000,0.000000000
37,0.740000,B,yup,gripper_r_finger1_body_w,vel,0.000000000,0.000000000,-0.000000000,0.268154502,-0.984602749,-2.683733225,0.000000000,0.000000000
37,0.740000,B,yup,gripper_r_finger2_body_p,pos,1.269361496,0.909982026,0.010113716,1.000000000,0.000000000,0.000000000,0.000000000,0.000000000
37,0.740000,B,yup,gripper_r_finger2_body_q,pos,0.000000000,0.000000000,-0.000000000,0.525124971,0.163397298,0.341491730,0.762186648,0.000000000
37,0.740000,B,yup,gripper_r_finger2_body_v,vel,-1.442875028,2.206777096,-0.271006525,0.000000000,0.000000000,-0.000000000,0.000000000,0.000000000
37,0.740000,B,yup,gripper_r_finger2_body_w,vel,0.000000000,0.000000000,-0.000000000,0.268823385,-0.984811723,-2.683061123,0.000000000,0.000000000
37,0.740000,B,yup,gripper_r_palm_body_p,pos,1.050918579,0.925053418,0.061957836,1.000000000,0.000000000,0.000000000,0.000000000,0.000000000
37,0.740000,B,yup,gripper_r_palm_body_q,pos,0.000000000,0.000000000,-0.000000000,-0.297500492,0.780372445,-0.486932428,0.255752057,0.000000000
37,0.740000,B,yup,gripper_r_palm_body_v,vel,-1.443217993,2.207827091,-0.270338655,0.000000000,0.000000000,-0.000000000,0.000000000,0.000000000
37,0.740000,B,yup,gripper_r_palm_body_w,vel,0.000000000,0.000000000,-0.000000000,0.267930120,-0.984532595,-2.683958769,0.000000000,0.000000000
38,0.760000,B,yup,gripper_l_finger1_body_p,pos,-1.333673477,1.132827878,0.330754280,1.000000000,0.000000000,0.000000000,0.000000000,0.000000000
38,0.760000,B,yup,gripper_l_finger1_body_q,pos,0.000000000,0.000000000,-0.000000000,0.817280609,0.070381374,-0.512447660,0.253961148,0.000000000
38,0.760000,B,yup,gripper_l_finger1_body_v,vel,0.715741873,0.505980253,-0.625554979,0.000000000,0.000000000,-0.000000000,0.000000000,0.000000000
38,0.760000,B,yup,gripper_l_finger1_body_w,vel,0.000000000,0.000000000,-0.000000000,1.453271151,0.074748978,1.503860950,0.000000000,0.000000000
38,0.760000,B,yup,gripper_l_finger2_body_p,pos,-1.246357918,1.091573358,0.327535152,1.000000000,0.000000000,0.000000000,0.000000000,0.000000000
38,0.760000,B,yup,gripper_l_finger2_body_q,pos,0.000000000,0.000000000,-0.000000000,-0.253968714,-0.512358066,-0.070353299,0.817336845,0.000000000
38,0.760000,B,yup,gripper_l_finger2_body_v,vel,0.715744436,0.505940616,-0.625781357,0.000000000,0.000000000,-0.000000000,0.000000000,0.000000000
38,0.760000,B,yup,gripper_l_finger2_body_w,vel,0.000000000,0.000000000,-0.000000000,1.453377485,0.074936837,1.503829241,0.000000000,0.000000000
38,0.760000,B,yup,gripper_l_palm_body_p,pos,-1.106105328,1.066943288,0.317519665,1.000000000,0.000000000,0.000000000,0.000000000,0.000000000
38,0.760000,B,yup,gripper_l_palm_body_q,pos,0.000000000,0.000000000,-0.000000000,0.627676309,-0.528151214,-0.541919589,-0.182761878,0.000000000
38,0.760000,B,yup,gripper_l_palm_body_v,vel,0.715746820,0.505998373,-0.625431240,0.000000000,0.000000000,-0.000000000,0.000000000,0.000000000
38,0.760000,B,yup,gripper_l_palm_body_w,vel,0.000000000,0.000000000,-0.000000000,1.453219771,0.074658312,1.503876209,0.000000000,0.000000000
38,0.760000,B,yup,gripper_r_finger1_body_p,pos,1.157155514,0.868618190,0.091689110,1.000000000,0.000000000,0.000000000,0.000000000,0.000000000
38,0.760000,B,yup,gripper_r_finger1_body_q,pos,0.000000000,0.000000000,-0.000000000,0.775534155,-0.345797062,0.163755566,-0.502150655,0.000000000
38,0.760000,B,yup,gripper_r_finger1_body_v,vel,-1.261445284,1.936223507,-0.301262647,0.000000000,0.000000000,-0.000000000,0.000000000,0.000000000
38,0.760000,B,yup,gripper_r_finger1_body_w,vel,0.000000000,0.000000000,-0.000000000,0.684597313,-0.657960355,-2.395305395,0.000000000,0.000000000
38,0.760000,B,yup,gripper_r_finger2_body_p,pos,1.275170326,0.911310852,0.023514748,1.000000000,0.000000000,0.000000000,0.000000000,0.000000000
38,0.760000,B,yup,gripper_r_finger2_body_q,pos,0.000000000,0.000000000,-0.000000000,0.502075639,0.163587643,0.345906074,0.775569548,0.000000000
38,0.760000,B,yup,gripper_r_finger2_body_v,vel,-1.261188865,1.935490012,-0.301774681,0.000000000,0.000000000,-0.000000000,0.000000000,0.000000000
38,0.760000,B,yup,gripper_r_finger2_body_w,vel,0.000000000,0.000000000,-0.000000000,0.685213685,-0.658197880,-2.394656420,0.000000000,0.000000000
38,0.760000,B,yup,gripper_r_palm_body_p,pos,1.055294514,0.930458128,0.073756695,1.000000000,0.000000000,0.000000000,0.000000000,0.000000000
38,0.760000,B,yup,gripper_r_palm_body_q,pos,0.000000000,0.000000000,-0.000000000,-0.303837987,0.792963756,-0.470761064,0.239321919,0.000000000
38,0.760000,B,yup,gripper_r_palm_body_v,vel,-1.261481047,1.936392665,-0.301166773,0.000000000,0.000000000,-0.000000000,0.000000000,0.000000000
38,0.760000,B,yup,gripper_r_palm_body_w,vel,0.000000000,0.000000000,-0.000000000,0.684463978,-0.657908916,-2.395445585,0.000000000,0.000000000
39,0.780000,B,yup,gripper_l_finger1_body_p,pos,-1.341217518,1.116601348,0.340366364,1.000000000,0.000000000,0.000000000,0.000000000,0.000000000
39,0.780000,B,yup,gripper_l_finger1_body_q,pos,0.000000000,0.000000000,-0.000000000,0.819726520,0.074201196,-0.517506955,0.233942657,0.000000000
39,0.780000,B,yup,gripper_l_finger1_body_v,vel,0.728721380,0.510331929,-0.638872504,0.000000000,0.000000000,-0.000000000,0.000000000,0.000000000
39,0.780000,B,yup,gripper_l_finger1_body_w,vel,0.000000000,0.000000000,-0.000000000,1.396088600,0.111911789,1.540675879,0.000000000,0.000000000
39,0.780000,B,yup,gripper_l_finger2_body_p,pos,-1.252487659,1.078702092,0.335704803,1.000000000,0.000000000,0.000000000,0.000000000,0.000000000
39,0.780000,B,yup,gripper_l_finger2_body_q,pos,0.000000000,0.000000000,-0.000000000,-0.233950673,-0.517416890,-0.074175245,0.819783433,0.000000000
39,0.780000,B,yup,gripper_l_finger2_body_v,vel,0.728727162,0.510299504,-0.639087439,0.000000000,0.000000000,-0.000000000,0.000000000,0.000000000
39,0.780000,B,yup,gripper_l_finger2_body_w,vel,0.000000000,0.000000000,-0.000000000,1.396183968,0.112094037,1.540650964,0.000000000,0.000000000
39,0.780000,B,yup,gripper_l_palm_body_p,pos,-1.111585140,1.053718686,0.325088024,1.000000000,0.000000000,0.000000000,0.000000000,0.000000000
39,0.780000,B,yup,gripper_l_palm_body_q,pos,0.000000000,0.000000000,-0.000000000,0.632107415,-0.527179772,-0.531341547,-0.200494049,0.000000000
39,0.780000,B,yup,gripper_l_palm_body_v,vel,0.728724599,0.510344565,-0.638768017,0.000000000,0.000000000,-0.000000000,0.000000000,0.000000000
39,0.780000,B,yup,gripper_l_palm_body_w,vel,0.000000000,0.000000000,-0.000000000,1.396047831,0.111833990,1.540686488,0.000000000,0.000000000
39,0.780000,B,yup,gripper_r_finger1_body_p,pos,1.157366753,0.874701798,0.101124763,1.000000000,0.000000000,0.000000000,0.000000000,0.000000000
39,0.780000,B,yup,gripper_r_finger1_body_q,pos,0.000000000,0.000000000,-0.000000000,0.788528967,-0.345335362,0.164287760,-0.481637922,0.000000000
39,0.780000,B,yup,gripper_r_finger1_body_v,vel,-1.075707197,1.656010270,-0.309177548,0.000000000,0.000000000,-0.000000000,0.000000000,0.000000000
39,0.780000,B,yup,gripper_r_finger1_body_w,vel,0.000000000,0.000000000,-0.000000000,0.962117791,-0.382104456,-2.075751066,0.000000000,0.000000000
39,0.780000,B,yup,gripper_r_finger2_body_p,pos,1.279102802,0.914709985,0.034996986,1.000000000,0.000000000,0.000000000,0.000000000,0.000000000
39,0.780000,B,yup,gripper_r_finger2_body_q,pos,0.000000000,0.000000000,-0.000000000,0.481565713,0.164123147,0.345436185,0.788563187,0.000000000
39,0.780000,B,yup,gripper_r_finger2_body_v,vel,-1.075502992,1.655425549,-0.309612751,0.000000000,0.000000000,-0.000000000,0.000000000,0.000000000
39,0.780000,B,yup,gripper_r_finger2_body_w,vel,0.000000000,0.000000000,-0.000000000,0.962601721,-0.382327318,-2.075224400,0.000000000,0.000000000
39,0.780000,B,yup,gripper_r_palm_body_p,pos,1.058462143,0.936857879,0.084249496,1.000000000,0.000000000,0.000000000,0.000000000,0.000000000
39,0.780000,B,yup,gripper_r_palm_body_q,pos,0.000000000,0.000000000,-0.000000000,-0.313354762,0.801824938,-0.456630054,0.224442766,0.000000000
39,0.780000,B,yup,gripper_r_palm_body_v,vel,-1.075742960,1.656175733,-0.309074610,0.000000000,0.000000000,-0.000000000,0.000000000,0.000000000
39,0.780000,B,yup,gripper_r_palm_body_w,vel,0.000000000,0.000000000,-0.000000000,0.961988568,-0.382044941,-2.075891495,0.000000000,0.000000000
40,0.800000,B,yup,gripper_l_finger1_body_p,pos,-1.348590374,1.099114060,0.349159718,1.000000000,0.000000000,0.000000000,0.000000000,0.000000000
40,0.800000,B,yup,gripper_l_finger1_body_q,pos,0.000000000,0.000000000,-0.000000000,0.821781083,0.077255912,-0.522532638,0.213698430,0.000000000
40,0.800000,B,yup,gripper_l_finger1_body_v,vel,0.752135217,0.524794579,-0.651659787,0.000000000,0.000000000,-0.000000000,0.000000000,0.000000000
40,0.800000,B,yup,gripper_l_finger1_body_w,vel,0.000000000,0.000000000,-0.000000000,1.344493508,0.145417675,1.599095106,0.000000000,0.000000000
40,0.800000,B,yup,gripper_l_finger2_body_p,pos,-1.258565903,1.064593077,0.343177319,1.000000000,0.000000000,0.000000000,0.000000000,0.000000000
40,0.800000,B,yup,gripper_l_finger2_body_q,pos,0.000000000,0.000000000,-0.000000000,-0.213706850,-0.522441683,-0.077232025,0.821838965,0.000000000
40,0.800000,B,yup,gripper_l_finger2_body_v,vel,0.752146900,0.524752080,-0.652003109,0.000000000,0.000000000,-0.000000000,0.000000000,0.000000000
40,0.800000,B,yup,gripper_l_finger2_body_w,vel,0.000000000,0.000000000,-0.000000000,1.344634771,0.145710751,1.599063635,0.000000000,0.000000000
40,0.800000,B,yup,gripper_l_palm_body_p,pos,-1.116923809,1.039466977,0.331915855,1.000000000,0.000000000,0.000000000,0.000000000,0.000000000
40,0.800000,B,yup,gripper_l_palm_body_q,pos,0.000000000,0.000000000,-0.000000000,0.635720851,-0.526472629,-0.520580054,-0.218362034,0.000000000
40,0.800000,B,yup,gripper_l_palm_body_v,vel,0.752137244,0.524804473,-0.651558459,0.000000000,0.000000000,-0.000000000,0.000000000,0.000000000
40,0.800000,B,yup,gripper_l_palm_body_w,vel,0.000000000,0.000000000,-0.000000000,1.344456315,0.145340383,1.599103451,0.000000000,0.000000000
40,0.800000,B,yup,gripper_r_finger1_body_p,pos,1.156693935,0.881971776,0.108603001,1.000000000,0.000000000,0.000000000,0.000000000,0.000000000
40,0.800000,B,yup,gripper_r_finger1_body_q,pos,0.000000000,0.000000000,-0.000000000,0.800684793,-0.341382322,0.164829283,-0.463889297,0.000000000
40,0.800000,B,yup,gripper_r_finger1_body_v,vel,-0.902556896,1.399115801,-0.287434340,0.000000000,0.000000000,-0.000000000,0.000000000,0.000000000
40,0.800000,B,yup,gripper_r_finger1_body_w,vel,0.000000000,0.000000000,-0.000000000,1.101332545,-0.157407597,-1.765085340,0.000000000,0.000000000
40,0.800000,B,yup,gripper_r_finger2_body_p,pos,1.281525612,0.919477880,0.044532776,1.000000000,0.000000000,0.000000000,0.000000000,0.000000000
40,0.800000,B,yup,gripper_r_finger2_body_q,pos,0.000000000,0.000000000,-0.000000000,0.463818223,0.164662868,0.341479034,0.800718968,0.000000000
40,0.800000,B,yup,gripper_r_finger2_body_v,vel,-0.902633607,1.399423957,-0.287216961,0.000000000,0.000000000,-0.000000000,0.000000000,0.000000000
40,0.800000,B,yup,gripper_r_finger2_body_w,vel,0.000000000,0.000000000,-0.000000000,1.101100802,-0.157283843,-1.765342593,0.000000000,0.000000000
40,0.800000,B,yup,gripper_r_palm_body_p,pos,1.060607433,0.943724573,0.093338490,1.000000000,0.000000000,0.000000000,0.000000000,0.000000000
40,0.800000,B,yup,gripper_r_palm_body_q,pos,0.000000000,0.000000000,-0.000000000,-0.324746791,0.807624360,-0.444460545,0.211511793,0.000000000
40,0.800000,B,yup,gripper_r_palm_body_v,vel,-0.902593195,1.399280310,-0.287322432,0.000000000,0.000000000,-0.000000000,0.000000000,0.000000000
40,0.800000,B,yup,gripper_r_palm_body_w,vel,0.000000000,0.000000000,-0.000000000,1.101204395,-0.157339156,-1.765227556,0.000000000,0.000000000
41,0.820000,B,yup,gripper_l_finger1_body_p,pos,-1.355783939,1.080217123,0.357163906,1.000000000,0.000000000,0.000000000,0.000000000,0.000000000
41,0.820000,B,yup,gripper_l_finger1_body_q,pos,0.000000000,0.000000000,-0.000000000,0.823473860,0.079511568,-0.527546105,0.193038388,0.000000000
41,0.820000,B,yup,gripper_l_finger1_body_v,vel,0.783763766,0.547428191,-0.667883396,0.000000000,0.000000000,-0.000000000,0.000000000,0.000000000
41,0.820000,B,yup,gripper_l_finger1_body_w,vel,0.000000000,0.000000000,-0.000000000,1.299975991,0.178424716,1.674969912,0.000000000,0.000000000
41,0.820000,B,yup,gripper_l_finger2_body_p,pos,-1.264575005,1.049115300,0.349969387,1.000000000,0.000000000,0.000000000,0.000000000,0.000000000
41,0.820000,B,yup,gripper_l_finger2_body_q,pos,0.000000000,0.000000000,-0.000000000,-0.193047123,-0.527454203,-0.079489791,0.823532783,0.000000000
41,0.820000,B,yup,gripper_l_finger2_body_v,vel,0.783776879,0.547396064,-0.668214381,0.000000000,0.000000000,-0.000000000,0.000000000,0.000000000
41,0.820000,B,yup,gripper_l_finger2_body_w,vel,0.000000000,0.000000000,-0.000000000,1.300102949,0.178713068,1.674947023,0.000000000,0.000000000
41,0.820000,B,yup,gripper_l_palm_body_p,pos,-1.122108459,1.024078488,0.338025093,1.000000000,0.000000000,0.000000000,0.000000000,0.000000000
41,0.820000,B,yup,gripper_l_palm_body_q,pos,0.000000000,0.000000000,-0.000000000,0.638513445,-0.526074707,-0.509515881,-0.236515432,0.000000000
41,0.820000,B,yup,gripper_l_palm_body_v,vel,0.783766448,0.547424853,-0.667910278,0.000000000,0.000000000,-0.000000000,0.000000000,0.000000000
41,0.820000,B,yup,gripper_l_palm_body_w,vel,0.000000000,0.000000000,-0.000000000,1.299988747,0.178453758,1.674967647,0.000000000,0.000000000
41,0.820000,B,yup,gripper_r_finger1_body_p,pos,1.155368328,0.889747083,0.114429951,1.000000000,0.000000000,0.000000000,0.000000000,0.000000000
41,0.820000,B,yup,gripper_r_finger1_body_q,pos,0.000000000,0.000000000,-0.000000000,0.811714294,-0.335284114,0.165041268,-0.448849470,0.000000000
41,0.820000,B,yup,gripper_r_finger1_body_v,vel,-0.751109064,1.180512190,-0.237185448,0.000000000,0.000000000,-0.000000000,0.000000000,0.000000000
41,0.820000,B,yup,gripper_r_finger1_body_w,vel,0.000000000,0.000000000,-0.000000000,1.121930003,0.019677905,-1.486864924,0.000000000,0.000000000
41,0.820000,B,yup,gripper_r_finger2_body_p,pos,1.282758713,0.924972236,0.052238464,1.000000000,0.000000000,0.000000000,0.000000000,0.000000000
41,0.820000,B,yup,gripper_r_finger2_body_q,pos,0.000000000,0.000000000,-0.000000000,0.448778573,0.164869831,0.335379186,0.811749058,0.000000000
41,0.820000,B,yup,gripper_r_finger2_body_v,vel,-0.751196206,1.180853844,-0.236924008,0.000000000,0.000000000,-0.000000000,0.000000000,0.000000000
41,0.820000,B,yup,gripper_r_finger2_body_w,vel,0.000000000,0.000000000,-0.000000000,1.121670008,0.019834515,-1.487156272,0.000000000,0.000000000
41,0.820000,B,yup,gripper_r_palm_body_p,pos,1.061911583,0.950634301,0.101036549,1.000000000,0.000000000,0.000000000,0.000000000,0.000000000
41,0.820000,B,yup,gripper_r_palm_body_q,pos,0.000000000,0.000000000,-0.000000000,-0.336859047,0.811110674,-0.433973670,0.200729445,0.000000000
41,0.820000,B,yup,gripper_r_palm_body_v,vel,-0.751143336,1.180667639,-0.237071291,0.000000000,0.000000000,-0.000000000,0.000000000,0.000000000
41,0.820000,B,yup,gripper_r_palm_body_w,vel,0.000000000,0.000000000,-0.000000000,1.121808767,0.019750947,-1.487000823,0.000000000,0.000000000
42,0.840000,B,yup,gripper_l_finger1_body_p,pos,-1.362765312,1.059760571,0.364401817,1.000000000,0.000000000,0.000000000,0.000000000,0.000000000
42,0.840000,B,yup,gripper_l_finger1_body_q,pos,0.000000000,0.000000000,-0.000000000,0.824797787,0.080947316,-0.532587463,0.171775250,0.000000000
42,0.840000,B,yup,gripper_l_finger1_body_v,vel,0.823744833,0.578255177,-0.690620005,0.000000000,0.000000000,-0.000000000,0.000000000,0.000000000
42,0.840000,B,yup,gripper_l_finger1_body_w,vel,0.000000000,0.000000000,-0.000000000,1.264528275,0.212956846,1.769081354,0.000000000,0.000000000
42,0.840000,B,yup,gripper_l_finger2_body_p,pos,-1.270481110,1.032141566,0.356091499,1.000000000,0.000000000,0.000000000,0.000000000,0.000000000
42,0.840000,B,yup,gripper_l_finger2_body_q,pos,0.000000000,0.000000000,-0.000000000,-0.171784282,-0.532494070,-0.080927648,0.824858135,0.000000000
42,0.840000,B,yup,gripper_l_finger2_body_v,vel,0.823776126,0.578206122,-0.691306531,0.000000000,0.000000000,-0.000000000,0.000000000,0.000000000
42,0.840000,B,yup,gripper_l_finger2_body_w,vel,0.000000000,0.000000000,-0.000000000,1.264769316,0.213561907,1.769049168,0.000000000,0.000000000
42,0.840000,B,yup,gripper_l_palm_body_p,pos,-1.127106667,1.007442474,0.343425751,1.000000000,0.000000000,0.000000000,0.000000000,0.000000000
42,0.840000,B,yup,gripper_l_palm_body_q,pos,0.000000000,0.000000000,-0.000000000,0.640465539,-0.525995727,-0.498044934,-0.255114941,0.000000000
42,0.840000,B,yup,gripper_l_palm_body_v,vel,0.823750138,0.578246772,-0.690737605,0.000000000,0.000000000,-0.000000000,0.000000000,0.000000000
42,0.840000,B,yup,gripper_l_palm_body_w,vel,0.000000000,0.000000000,-0.000000000,1.264571428,0.213065088,1.769075632,0.000000000,0.000000000
42,0.840000,B,yup,gripper_r_finger1_body_p,pos,1.153559685,0.897461832,0.118922710,1.000000000,0.000000000,0.000000000,0.000000000,0.000000000
42,0.840000,B,yup,gripper_r_finger1_body_q,pos,0.000000000,0.000000000,-0.000000000,0.821478580,-0.328201350,0.164648993,-0.436288351,0.000000000
42,0.840000,B,yup,gripper_r_finger1_body_v,vel,-0.625079334,1.004345179,-0.163364276,0.000000000,0.000000000,-0.000000000,0.000000000,0.000000000
42,0.840000,B,yup,gripper_r_finger1_body_w,vel,0.000000000,0.000000000,-0.000000000,1.050857186,0.155351087,-1.252401114,0.000000000,0.000000000
42,0.840000,B,yup,gripper_r_finger2_body_p,pos,1.283072472,0.930640996,0.058307171,1.000000000,0.000000000,0.000000000,0.000000000,0.000000000
42,0.840000,B,yup,gripper_r_finger2_body_q,pos,0.000000000,0.000000000,-0.000000000,0.436217816,0.164472700,0.328295232,0.821513839,0.000000000
42,0.840000,B,yup,gripper_r_finger2_body_v,vel,-0.625142753,1.004606605,-0.163153172,0.000000000,0.000000000,-0.000000000,0.000000000,0.000000000
42,0.840000,B,yup,gripper_r_finger2_body_w,vel,0.000000000,0.000000000,-0.000000000,1.050658226,0.155483142,-1.252624393,0.000000000,0.000000000
42,0.840000,B,yup,gripper_r_palm_body_p,pos,1.062544346,0.957256973,0.107425213,1.000000000,0.000000000,0.000000000,0.000000000,0.000000000
42,0.840000,B,yup,gripper_r_palm_body_q,pos,0.000000000,0.000000000,-0.000000000,-0.348772555,0.813006278,-0.424812554,0.192127019,0.000000000
42,0.840000,B,yup,gripper_r_palm_body_v,vel,-0.625108898,1.004482150,-0.163256913,0.000000000,0.000000000,-0.000000000,0.000000000,0.000000000
42,0.840000,B,yup,gripper_r_palm_body_w,vel,0.000000000,0.000000000,-0.000000000,1.050749779,0.155422345,-1.252521515,0.000000000,0.000000000
43,0.860000,B,yup,gripper_l_finger1_body_p,pos,-1.369485378,1.037539721,0.370891094,1.000000000,0.000000000,0.000000000,0.000000000,0.000000000
43,0.860000,B,yup,gripper_l_finger1_body_q,pos,0.000000000,0.000000000,-0.000000000,0.825718943,0.081512667,-0.537712217,0.149697975,0.000000000
43,0.860000,B,yup,gripper_l_finger1_body_v,vel,0.874385178,0.619135022,-0.721036494,0.000000000,0.000000000,-0.000000000,0.000000000,0.000000000
43,0.860000,B,yup,gripper_l_finger1_body_w,vel,0.000000000,0.000000000,-0.000000000,1.235511899,0.252192825,1.886865854,0.000000000,0.000000000
43,0.860000,B,yup,gripper_l_finger2_body_p,pos,-1.276244640,1.013491988,0.361548424,1.000000000,0.000000000,0.000000000,0.000000000,0.000000000
43,0.860000,B,yup,gripper_l_finger2_body_q,pos,0.000000000,0.000000000,-0.000000000,-0.149707183,-0.537617562,-0.081495277,0.825780622,0.000000000
43,0.860000,B,yup,gripper_l_finger2_body_v,vel,0.874433219,0.619093716,-0.721899986,0.000000000,0.000000000,-0.000000000,0.000000000,0.000000000
43,0.860000,B,yup,gripper_l_finger2_body_w,vel,0.000000000,0.000000000,-0.000000000,1.235788703,0.252971232,1.886844039,0.000000000,0.000000000
43,0.860000,B,yup,gripper_l_palm_body_p,pos,-1.131874561,0.989405036,0.348119259,1.000000000,0.000000000,0.000000000,0.000000000,0.000000000
43,0.860000,B,yup,gripper_l_palm_body_q,pos,0.000000000,0.000000000,-0.000000000,0.641517456,-0.526247381,-0.486057221,-0.274349093,0.000000000
43,0.860000,B,yup,gripper_l_palm_body_v,vel,0.874393463,0.619127572,-0.721197069,0.000000000,0.000000000,-0.000000000,0.000000000,0.000000000
43,0.860000,B,yup,gripper_l_palm_body_w,vel,0.000000000,0.000000000,-0.000000000,1.235565066,0.252342194,1.886861682,0.000000000,0.000000000
43,0.860000,B,yup,gripper_r_finger1_body_p,pos,1.151396275,0.904666364,0.122373581,1.000000000,0.000000000,0.000000000,0.000000000,0.000000000
43,0.860000,B,yup,gripper_r_finger1_body_q,pos,0.000000000,0.000000000,-0.000000000,0.829959863,-0.321046381,0.163459286,-0.425883679,0.000000000
43,0.860000,B,yup,gripper_r_finger1_body_v,vel,-0.524591744,0.868472815,-0.072139516,0.000000000,0.000000000,-0.000000000,0.000000000,0.000000000
43,0.860000,B,yup,gripper_r_finger1_body_w,vel,0.000000000,0.000000000,-0.000000000,0.916275382,0.256846905,-1.065237522,0.000000000,0.000000000
43,0.860000,B,yup,gripper_r_finger2_body_p,pos,1.282692909,0.936029851,0.062962055,1.000000000,0.000000000,0.000000000,0.000000000,0.000000000
43,0.860000,B,yup,gripper_r_finger2_body_q,pos,0.000000000,0.000000000,-0.000000000,0.425813709,0.163278656,0.321139339,0.829995356,0.000000000
43,0.860000,B,yup,gripper_r_finger2_body_v,vel,-0.524656475,0.868737042,-0.071912095,0.000000000,0.000000000,-0.000000000,0.000000000,0.000000000
43,0.860000,B,yup,gripper_r_finger2_body_w,vel,0.000000000,0.000000000,-0.000000000,0.916070998,0.256993294,-1.065465808,0.000000000,0.000000000
43,0.860000,B,yup,gripper_r_palm_body_p,pos,1.062662601,0.963339031,0.112633705,1.000000000,0.000000000,0.000000000,0.000000000,0.000000000
43,0.860000,B,yup,gripper_r_palm_body_q,pos,0.000000000,0.000000000,-0.000000000,-0.359829665,0.813943630,-0.416612686,0.185613171,0.000000000
43,0.860000,B,yup,gripper_r_palm_body_v,vel,-0.524616182,0.868589640,-0.072042681,0.000000000,0.000000000,-0.000000000,0.000000000,0.000000000
43,0.860000,B,yup,gripper_r_palm_body_w,vel,0.000000000,0.000000000,-0.000000000,0.916183054,0.256913036,-1.065340638,0.000000000,0.000000000
44,0.880000,B,yup,gripper_l_finger1_body_p,pos,-1.375884056,1.013224125,0.376638889,1.000000000,0.000000000,0.000000000,0.000000000,0.000000000
44,0.880000,B,yup,gripper_l_finger1_body_q,pos,0.000000000,0.000000000,-0.000000000,0.826186874,0.081129051,-0.542984361,0.126496284,0.000000000
44,0.880000,B,yup,gripper_l_finger1_body_v,vel,0.941197217,0.674547553,-0.761839807,0.000000000,0.000000000,-0.000000000,0.000000000,0.000000000
44,0.880000,B,yup,gripper_l_finger1_body_w,vel,0.000000000,0.000000000,-0.000000000,1.216238499,0.296830535,2.040826797,0.000000000,0.000000000
44,0.880000,B,yup,gripper_l_finger2_body_p,pos,-1.281815052,0.992874980,0.366335392,1.000000000,0.000000000,0.000000000,0.000000000,0.000000000
44,0.880000,B,yup,gripper_l_finger2_body_q,pos,0.000000000,0.000000000,-0.000000000,-0.126505674,-0.542887396,-0.081113980,0.826250635,0.000000000
44,0.880000,B,yup,gripper_l_finger2_body_v,vel,0.941286087,0.674515247,-0.763189137,0.000000000,0.000000000,-0.000000000,0.000000000,0.000000000
44,0.880000,B,yup,gripper_l_finger2_body_w,vel,0.000000000,0.000000000,-0.000000000,1.216625810,0.298074961,2.040822506,0.000000000,0.000000000
44,0.880000,B,yup,gripper_l_palm_body_p,pos,-1.136356831,0.969712377,0.352093697,1.000000000,0.000000000,0.000000000,0.000000000,0.000000000
44,0.880000,B,yup,gripper_l_palm_body_q,pos,0.000000000,0.000000000,-0.000000000,0.641578125,-0.526849982,-0.473378208,-0.294482051,0.000000000
44,0.880000,B,yup,gripper_l_palm_body_v,vel,0.941209733,0.674542964,-0.762050092,0.000000000,0.000000000,-0.000000000,0.000000000,0.000000000
44,0.880000,B,yup,gripper_l_palm_body_w,vel,0.000000000,0.000000000,-0.000000000,1.216300368,0.297029436,2.040826082,0.000000000,0.000000000
44,0.880000,B,yup,gripper_r_finger1_body_p,pos,1.149070740,0.910949528,0.125205517,1.000000000,0.000000000,0.000000000,0.000000000,0.000000000
44,0.880000,B,yup,gripper_r_finger1_body_q,pos,0.000000000,0.000000000,-0.000000000,0.837307968,-0.314298984,0.161384998,-0.417236622,0.000000000
44,0.880000,B,yup,gripper_r_finger1_body_v,vel,-0.448913813,0.763847291,0.027287202,0.000000000,0.000000000,-0.000000000,0.000000000,0.000000000
44,0.880000,B,yup,gripper_r_finger1_body_w,vel,0.000000000,0.000000000,-0.000000000,0.768209279,0.321446389,-0.939246535,0.000000000,0.000000000
44,0.880000,B,yup,gripper_r_finger2_body_p,pos,1.281904221,0.940699279,0.066621780,1.000000000,0.000000000,0.000000000,0.000000000,0.000000000
44,0.880000,B,yup,gripper_r_finger2_body_q,pos,0.000000000,0.000000000,-0.000000000,0.417167184,0.161200269,0.314391283,0.837343499,0.000000000
44,0.880000,B,yup,gripper_r_finger2_body_v,vel,-0.448966116,0.764068067,0.027486209,0.000000000,0.000000000,-0.000000000,0.000000000,0.000000000
44,0.880000,B,yup,gripper_r_finger2_body_w,vel,0.000000000,0.000000000,-0.000000000,0.768036485,0.321577847,-0.939437807,0.000000000,0.000000000
44,0.880000,B,yup,gripper_r_palm_body_p,pos,1.062511921,0.968583167,0.117018223,1.000000000,0.000000000,0.000000000,0.000000000,0.000000000
44,0.880000,B,yup,gripper_r_palm_body_q,pos,0.000000000,0.000000000,-0.000000000,-0.369797048,0.814367994,-0.409030136,0.180967568,0.000000000
44,0.880000,B,yup,gripper_r_palm_body_v,vel,-0.448935091,0.763951659,0.027378181,0.000000000,0.000000000,-0.000000000,0.000000000,0.000000000
44,0.880000,B,yup,gripper_r_palm_body_w,vel,0.000000000,0.000000000,-0.000000000,0.768125892,0.321509808,-0.939338863,0.000000000,0.000000000
45,0.900000,B,yup,gripper_l_finger1_body_p,pos,-1.381883621,0.986242533,0.381634235,1.000000000,0.000000000,0.000000000,0.000000000,0.000000000
45,0.900000,B,yup,gripper_l_finger1_body_q,pos,0.000000000,0.000000000,-0.000000000,0.826124784,0.079649702,-0.548485219,0.101674631,0.000000000
45,0.900000,B,yup,gripper_l_finger1_body_v,vel,1.034922481,0.753354371,-0.817729652,0.000000000,0.000000000,-0.000000000,0.000000000,0.000000000
45,0.900000,B,yup,gripper_l_finger1_body_w,vel,0.000000000,0.000000000,-0.000000000,1.210480452,0.349458069,2.255094767,0.000000000,0.000000000
45,0.900000,B,yup,gripper_l_finger2_body_p,pos,-1.287127495,0.969781280,0.370429993,1.000000000,0.000000000,0.000000000,0.000000000,0.000000000
45,0.900000,B,yup,gripper_l_finger2_body_q,pos,0.000000000,0.000000000,-0.000000000,-0.101684196,-0.548384481,-0.079637079,0.826191698,0.000000000
45,0.900000,B,yup,gripper_l_finger2_body_v,vel,1.035039663,0.753355563,-0.819278121,0.000000000,0.000000000,-0.000000000,0.000000000,0.000000000
45,0.900000,B,yup,gripper_l_finger2_body_w,vel,0.000000000,0.000000000,-0.000000000,1.210867643,0.350923717,2.255125046,0.000000000,0.000000000
45,0.900000,B,yup,gripper_l_palm_body_p,pos,-1.140481472,0.947920561,0.355316639,1.000000000,0.000000000,0.000000000,0.000000000,0.000000000
45,0.900000,B,yup,gripper_l_palm_body_q,pos,0.000000000,0.000000000,-0.000000000,0.640489869,-0.527853189,-0.459714590,-0.315921246,0.000000000
45,0.900000,B,yup,gripper_l_palm_body_v,vel,1.034942031,0.753355205,-0.818017423,0.000000000,0.000000000,-0.000000000,0.000000000,0.000000000
45,0.900000,B,yup,gripper_l_palm_body_w,vel,0.000000000,0.000000000,-0.000000000,1.210553646,0.349735320,2.255100489,0.000000000,0.000000000
45,0.900000,B,yup,gripper_r_finger1_body_p,pos,1.146862507,0.915922582,0.127909660,1.000000000,0.000000000,0.000000000,0.000000000,0.000000000
45,0.900000,B,yup,gripper_r_finger1_body_q,pos,0.000000000,0.000000000,-0.000000000,0.843661650,-0.308610944,0.158623173,-0.409674254,0.000000000
45,0.900000,B,yup,gripper_r_finger1_body_v,vel,-0.406050503,0.697315097,0.116886064,0.000000000,0.000000000,-0.000000000,0.000000000,0.000000000
45,0.900000,B,yup,gripper_r_finger1_body_w,vel,0.000000000,0.000000000,-0.000000000,0.592702270,0.332964092,-0.867714405,0.000000000,0.000000000
45,0.900000,B,yup,gripper_r_finger2_body_p,pos,1.281078815,0.944197476,0.069831848,1.000000000,0.000000000,0.000000000,0.000000000,0.000000000
45,0.900000,B,yup,gripper_r_finger2_body_q,pos,0.000000000,0.000000000,-0.000000000,0.409605351,0.158435046,0.308702556,0.843696939,0.000000000
45,0.900000,B,yup,gripper_r_finger2_body_v,vel,-0.406089753,0.697487056,0.117047071,0.000000000,0.000000000,-0.000000000,0.000000000,0.000000000
45,0.900000,B,yup,gripper_r_finger2_body_w,vel,0.000000000,0.000000000,-0.000000000,0.592566192,0.333072752,-0.867863595,0.000000000,0.000000000
45,0.900000,B,yup,gripper_r_palm_body_p,pos,1.062375069,0.972715437,0.120991230,1.000000000,0.000000000,0.000000000,0.000000000,0.000000000
45,0.900000,B,yup,gripper_r_palm_body_q,pos,0.000000000,0.000000000,-0.000000000,-0.378312081,0.814838168,-0.401728659,0.177574813,0.000000000
45,0.900000,B,yup,gripper_r_palm_body_v,vel,-0.406069905,0.697409868,0.116972789,0.000000000,0.000000000,-0.000000000,0.000000000,0.000000000
45,0.900000,B,yup,gripper_r_palm_body_w,vel,0.000000000,0.000000000,-0.000000000,0.592625558,0.333025336,-0.867798507,0.000000000,0.000000000
46,0.920000,B,yup,gripper_l_finger1_body_p,pos,-1.387338638,0.955600381,0.385835648,1.000000000,0.000000000,0.000000000,0.000000000,0.000000000
46,0.920000,B,yup,gripper_l_finger1_body_q,pos,0.000000000,0.000000000,-0.000000000,0.825373529,0.076924749,-0.554330945,0.074554168,0.000000000
46,0.920000,B,yup,gripper_l_finger1_body_v,vel,1.179338336,0.877437115,-0.898743451,0.000000000,0.000000000,-0.000000000,0.000000000,0.000000000
46,0.920000,B,yup,gripper_l_finger1_body_w,vel,0.000000000,0.000000000,-0.000000000,1.227404475,0.414720207,2.582450628,0.000000000,0.000000000
46,0.920000,B,yup,gripper_l_finger2_body_p,pos,-1.292069912,0.943310022,0.373774529,1.000000000,0.000000000,0.000000000,0.000000000,0.000000000
46,0.920000,B,yup,gripper_l_finger2_body_q,pos,0.000000000,0.000000000,-0.000000000,-0.074564182,-0.554221874,-0.076914676,0.825446806,0.000000000
46,0.920000,B,yup,gripper_l_finger2_body_v,vel,1.179528236,0.877496243,-0.900939882,0.000000000,0.000000000,-0.000000000,0.000000000,0.000000000
46,0.920000,B,yup,gripper_l_finger2_body_w,vel,0.000000000,0.000000000,-0.000000000,1.227860451,0.416858435,2.582547665,0.000000000,0.000000000
46,0.920000,B,yup,gripper_l_palm_body_p,pos,-1.144125938,0.923206925,0.357709408,1.000000000,0.000000000,0.000000000,0.000000000,0.000000000
46,0.920000,B,yup,gripper_l_palm_body_q,pos,0.000000000,0.000000000,-0.000000000,0.638034918,-0.529251332,-0.444667424,-0.339227584,0.000000000
46,0.920000,B,yup,gripper_l_palm_body_v,vel,1.179365754,0.877446890,-0.899087489,0.000000000,0.000000000,-0.000000000,0.000000000,0.000000000
46,0.920000,B,yup,gripper_l_palm_body_w,vel,0.000000000,0.000000000,-0.000000000,1.227477193,0.415061533,2.582466125,0.000000000,0.000000000
46,0.920000,B,yup,gripper_r_finger1_body_p,pos,1.144867897,0.919415534,0.130718231,1.000000000,0.000000000,0.000000000,0.000000000,0.000000000
46,0.920000,B,yup,gripper_r_finger1_body_q,pos,0.000000000,0.000000000,-0.000000000,0.849174783,-0.304355023,0.155224307,-0.402710345,0.000000000
46,0.920000,B,yup,gripper_r_finger1_body_v,vel,-0.389617056,0.668485343,0.207798585,0.000000000,0.000000000,-0.000000000,0.000000000,0.000000000
46,0.920000,B,yup,gripper_r_finger1_body_w,vel,0.000000000,0.000000000,-0.000000000,0.409783512,0.328962713,-0.843668282,0.000000000,0.000000000
46,0.920000,B,yup,gripper_r_finger2_body_p,pos,1.280382633,0.946298540,0.072858334,1.000000000,0.000000000,0.000000000,0.000000000,0.000000000
46,0.920000,B,yup,gripper_r_finger2_body_q,pos,0.000000000,0.000000000,-0.000000000,0.402641949,0.155033736,0.304445682,0.849209532,0.000000000
46,0.920000,B,yup,gripper_r_finger2_body_v,vel,-0.389642209,0.668584764,0.207897663,0.000000000,0.000000000,-0.000000000,0.000000000,0.000000000
46,0.920000,B,yup,gripper_r_finger2_body_w,vel,0.000000000,0.000000000,-0.000000000,0.409704149,0.329028726,-0.843754649,0.000000000,0.000000000
46,0.920000,B,yup,gripper_r_palm_body_p,pos,1.062377930,0.975640833,0.124752045,1.000000000,0.000000000,0.000000000,0.000000000,0.000000000
46,0.920000,B,yup,gripper_r_palm_body_q,pos,0.000000000,0.000000000,-0.000000000,-0.385220110,0.815726338,-0.394400417,0.175055191,0.000000000
46,0.920000,B,yup,gripper_r_palm_body_v,vel,-0.389624268,0.668514609,0.207827553,0.000000000,0.000000000,-0.000000000,0.000000000,0.000000000
46,0.920000,B,yup,gripper_r_palm_body_w,vel,0.000000000,0.000000000,-0.000000000,0.409759223,0.328982919,-0.843694687,0.000000000,0.000000000
47,0.940000,B,yup,gripper_l_finger1_body_p,pos,-1.391802311,0.919800282,0.389147282,1.000000000,0.000000000,0.000000000,0.000000000,0.000000000
47,0.940000,B,yup,gripper_l_finger1_body_q,pos,0.000000000,0.000000000,-0.000000000,0.823432743,0.073718712,-0.560737371,0.045800321,0.000000000
47,0.940000,B,yup,gripper_l_finger1_body_v,vel,1.234533191,0.746385396,-1.043984890,0.000000000,0.000000000,-0.000000000,0.000000000,0.000000000
47,0.940000,B,yup,gripper_l_finger1_body_w,vel,0.000000000,0.000000000,-0.000000000,1.276760221,0.528399825,2.739859343,0.000000000,0.000000000
47,0.940000,B,yup,gripper_l_finger2_body_p,pos,-1.296370506,0.911950588,0.376245022,1.000000000,0.000000000,0.000000000,0.000000000,0.000000000
47,0.940000,B,yup,gripper_l_finger2_body_q,pos,0.000000000,0.000000000,-0.000000000,-0.045811411,-0.560611849,-0.073711508,0.823518235,0.000000000
47,0.940000,B,yup,gripper_l_finger2_body_v,vel,1.234755278,0.746512353,-1.046271801,0.000000000,0.000000000,-0.000000000,0.000000000,0.000000000
47,0.940000,B,yup,gripper_l_finger2_body_w,vel,0.000000000,0.000000000,-0.000000000,1.277128696,0.530695260,2.740022659,0.000000000,0.000000000
47,0.940000,B,yup,gripper_l_palm_body_p,pos,-1.147005081,0.893857241,0.359074116,1.000000000,0.000000000,0.000000000,0.000000000,0.000000000
47,0.940000,B,yup,gripper_l_palm_body_q,pos,0.000000000,0.000000000,-0.000000000,0.634402362,-0.530152149,-0.428856944,-0.364079748,0.000000000
47,0.940000,B,yup,gripper_l_palm_body_v,vel,1.234565616,0.746404469,-1.044326186,0.000000000,0.000000000,-0.000000000,0.000000000,0.000000000
47,0.940000,B,yup,gripper_l_palm_body_w,vel,0.000000000,0.000000000,-0.000000000,1.276816487,0.528750837,2.739884377,0.000000000,0.000000000
47,0.940000,B,yup,gripper_r_finger1_body_p,pos,1.143042564,0.921480358,0.133728027,1.000000000,0.000000000,0.000000000,0.000000000,0.000000000
47,0.940000,B,yup,gripper_r_finger1_body_q,pos,0.000000000,0.000000000,-0.000000000,0.854046373,-0.301588769,0.151117993,-0.395995402,0.000000000
47,0.940000,B,yup,gripper_r_finger1_body_v,vel,-0.391708434,0.669876337,0.301793635,0.000000000,0.000000000,-0.000000000,0.000000000,0.000000000
47,0.940000,B,yup,gripper_r_finger1_body_w,vel,0.000000000,0.000000000,-0.000000000,0.239271536,0.330204487,-0.855056763,0.000000000,0.000000000
47,0.940000,B,yup,gripper_r_finger2_body_p,pos,1.279829025,0.947000325,0.075818539,1.000000000,0.000000000,0.000000000,0.000000000,0.000000000
47,0.940000,B,yup,gripper_r_finger2_body_q,pos,0.000000000,0.000000000,-0.000000000,0.395927400,0.150925666,0.301678211,0.854080321,0.000000000
47,0.940000,B,yup,gripper_r_finger2_body_v,vel,-0.391723633,0.669939339,0.301857680,0.000000000,0.000000000,-0.000000000,0.000000000,0.000000000
47,0.940000,B,yup,gripper_r_finger2_body_w,vel,0.000000000,0.000000000,-0.000000000,0.239221230,0.330247849,-0.855111301,0.000000000,0.000000000
47,0.940000,B,yup,gripper_r_palm_body_p,pos,1.062540531,0.977434099,0.128410339,1.000000000,0.000000000,0.000000000,0.000000000,0.000000000
47,0.940000,B,yup,gripper_r_palm_body_q,pos,0.000000000,0.000000000,-0.000000000,-0.390621120,0.817213985,-0.386748279,0.173211468,0.000000000
47,0.940000,B,yup,gripper_r_palm_body_v,vel,-0.391712755,0.669895589,0.301812887,0.000000000,0.000000000,-0.000000000,0.000000000,0.000000000
47,0.940000,B,yup,gripper_r_palm_body_w,vel,0.000000000,0.000000000,-0.000000000,0.239255562,0.330218256,-0.855074048,0.000000000,0.000000000
48,0.960000,B,yup,gripper_l_finger1_body_p,pos,-1.394272804,0.876451612,0.391329288,1.000000000,0.000000000,0.000000000,0.000000000,0.000000000
48,0.960000,B,yup,gripper_l_finger1_body_q,pos,0.000000000,0.000000000,-0.000000000,0.819475790,0.071338453,-0.568331962,0.019210281,0.000000000
48,0.960000,B,yup,gripper_l_finger1_body_v,vel,1.116810322,0.014012848,-1.261747360,0.000000000,0.000000000,-0.000000000,0.000000000,0.000000000
48,0.960000,B,yup,gripper_l_finger1_body_w,vel,0.000000000,0.000000000,-0.000000000,1.214883089,0.768585026,2.451017380,0.000000000,0.000000000
48,0.960000,B,yup,gripper_l_finger2_body_p,pos,-1.299407482,0.872838140,0.377565861,1.000000000,0.000000000,0.000000000,0.000000000,0.000000000
48,0.960000,B,yup,gripper_l_finger2_body_q,pos,0.000000000,0.000000000,-0.000000000,-0.019222315,-0.568192004,-0.071334950,0.819572861,0.000000000
48,0.960000,B,yup,gripper_l_finger2_body_v,vel,1.117058754,0.014219098,-1.264186859,0.000000000,0.000000000,-0.000000000,0.000000000,0.000000000
48,0.960000,B,yup,gripper_l_finger2_body_w,vel,0.000000000,0.000000000,-0.000000000,1.215169311,0.771100044,2.451259136,0.000000000,0.000000000
48,0.960000,B,yup,gripper_l_palm_body_p,pos,-1.148381233,0.856528521,0.358940125,1.000000000,0.000000000,0.000000000,0.000000000,0.000000000
48,0.960000,B,yup,gripper_l_palm_body_q,pos,0.000000000,0.000000000,-0.000000000,0.629929957,-0.529044329,-0.415415227,-0.388240307,0.000000000
48,0.960000,B,yup,gripper_l_palm_body_v,vel,1.116883397,0.014076303,-1.262493849,0.000000000,0.000000000,-0.000000000,0.000000000,0.000000000
48,0.960000,B,yup,gripper_l_palm_body_w,vel,0.000000000,0.000000000,-0.000000000,1.214971185,0.769359529,2.451092005,0.000000000,0.000000000
48,0.960000,B,yup,gripper_r_finger1_body_p,pos,1.141299248,0.922311485,0.136970997,1.000000000,0.000000000,0.000000000,0.000000000,0.000000000
48,0.960000,B,yup,gripper_r_finger1_body_q,pos,0.000000000,0.000000000,-0.000000000,0.858470271,-0.300167026,0.146257044,-0.389278086,0.000000000
48,0.960000,B,yup,gripper_r_finger1_body_v,vel,-0.405580819,0.690413773,0.391484708,0.000000000,0.000000000,-0.000000000,0.000000000,0.000000000
48,0.960000,B,yup,gripper_r_finger1_body_w,vel,0.000000000,0.000000000,-0.000000000,0.094266631,0.339553058,-0.887962639,0.000000000,0.000000000
48,0.960000,B,yup,gripper_r_finger2_body_p,pos,1.279369354,0.946450770,0.078771591,1.000000000,0.000000000,0.000000000,0.000000000,0.000000000
48,0.960000,B,yup,gripper_r_finger2_body_q,pos,0.000000000,0.000000000,-0.000000000,0.389210193,0.146063149,0.300255238,0.858503217,0.000000000
48,0.960000,B,yup,gripper_r_finger2_body_v,vel,-0.405595511,0.690478742,0.391551614,0.000000000,0.000000000,-0.000000000,0.000000000,0.000000000
48,0.960000,B,yup,gripper_r_finger2_body_w,vel,0.000000000,0.000000000,-0.000000000,0.094214000,0.339599907,-0.888019681,0.000000000,0.000000000
48,0.960000,B,yup,gripper_r_palm_body_p,pos,1.062835217,0.978267729,0.132036209,1.000000000,0.000000000,0.000000000,0.000000000,0.000000000
48,0.960000,B,yup,gripper_r_palm_body_q,pos,0.000000000,0.000000000,-0.000000000,-0.394754735,0.819335744,-0.378560689,0.171899511,0.000000000
48,0.960000,B,yup,gripper_r_palm_body_v,vel,-0.405586779,0.690443695,0.391514748,0.000000000,0.000000000,-0.000000000,0.000000000,0.000000000
48,0.960000,B,yup,gripper_r_palm_body_w,vel,0.000000000,0.000000000,-0.000000000,0.094241887,0.339575082,-0.887989461,0.000000000,0.000000000
49,0.980000,B,yup,gripper_l_finger1_body_p,pos,-1.394168377,0.825335383,0.391949177,1.000000000,0.000000000,0.000000000,0.000000000,0.000000000
49,0.980000,B,yup,gripper_l_finger1_body_q,pos,0.000000000,0.000000000,-0.000000000,0.815142866,0.059295237,-0.576214432,-0.001763741,0.000000000
49,0.980000,B,yup,gripper_l_finger1_body_v,vel,1.301138520,0.091346771,-0.684045613,0.000000000,0.000000000,-0.000000000,0.000000000,0.000000000
49,0.980000,B,yup,gripper_l_finger1_body_w,vel,0.000000000,0.000000000,-0.000000000,0.111133486,0.651098013,2.854662895,0.000000000,0.000000000
49,0.980000,B,yup,gripper_l_finger2_body_p,pos,-1.300219536,0.823851347,0.377618313,1.000000000,0.000000000,0.000000000,0.000000000,0.000000000
49,0.980000,B,yup,gripper_l_finger2_body_q,pos,0.000000000,0.000000000,-0.000000000,0.001756415,-0.576111620,-0.059295241,0.815215548,0.000000000
49,0.980000,B,yup,gripper_l_finger2_body_v,vel,1.301250100,0.091485180,-0.685512066,0.000000000,0.000000000,-0.000000000,0.000000000,0.000000000
49,0.980000,B,yup,gripper_l_finger2_body_w,vel,0.000000000,0.000000000,-0.000000000,0.111239135,0.652700663,2.854822159,0.000000000,0.000000000
49,0.980000,B,yup,gripper_l_palm_body_p,pos,-1.147481918,0.811539173,0.357561588,1.000000000,0.000000000,0.000000000,0.000000000,0.000000000
49,0.980000,B,yup,gripper_l_palm_body_q,pos,0.000000000,0.000000000,-0.000000000,0.618336083,-0.534479976,-0.406178266,-0.408669621,0.000000000
49,0.980000,B,yup,gripper_l_palm_body_v,vel,1.301273584,0.091466680,-0.685341537,0.000000000,0.000000000,-0.000000000,0.000000000,0.000000000
49,0.980000,B,yup,gripper_l_palm_body_w,vel,0.000000000,0.000000000,-0.000000000,0.111225620,0.652495563,2.854801655,0.000000000,0.000000000
49,0.980000,B,yup,gripper_r_finger1_body_p,pos,1.139587402,0.922146738,0.140479088,1.000000000,0.000000000,0.000000000,0.000000000,0.000000000
49,0.980000,B,yup,gripper_r_finger1_body_q,pos,0.000000000,0.000000000,-0.000000000,0.862637710,-0.299909802,0.140763239,-0.382225069,0.000000000
49,0.980000,B,yup,gripper_r_finger1_body_v,vel,-0.437080353,0.729767919,0.457069963,0.000000000,0.000000000,-0.000000000,0.000000000,0.000000000
49,0.980000,B,yup,gripper_r_finger1_body_w,vel,0.000000000,0.000000000,-0.000000000,-0.017900035,0.335920334,-0.945291221,0.000000000,0.000000000
49,0.980000,B,yup,gripper_r_finger2_body_p,pos,1.278986454,0.944831073,0.081813812,1.000000000,0.000000000,0.000000000,0.000000000,0.000000000
49,0.980000,B,yup,gripper_r_finger2_body_q,pos,0.000000000,0.000000000,-0.000000000,0.382157055,0.140567942,0.299996583,0.862669513,0.000000000
49,0.980000,B,yup,gripper_r_finger2_body_v,vel,-0.437041849,0.729624987,0.456913859,0.000000000,0.000000000,-0.000000000,0.000000000,0.000000000
49,0.980000,B,yup,gripper_r_finger2_body_w,vel,0.000000000,0.000000000,-0.000000000,-0.017779425,0.335809588,-0.945160091,0.000000000,0.000000000
49,0.980000,B,yup,gripper_r_palm_body_p,pos,1.063243866,0.978329599,0.135708332,1.000000000,0.000000000,0.000000000,0.000000000,0.000000000
49,0.980000,B,yup,gripper_r_palm_body_q,pos,0.000000000,0.000000000,-0.000000000,-0.397883658,0.822099353,-0.369688366,0.170797425,0.000000000
49,0.980000,B,yup,gripper_r_palm_body_v,vel,-0.437061399,0.729696810,0.456992447,0.000000000,0.000000000,-0.000000000,0.000000000,0.000000000
49,0.980000,B,yup,gripper_r_palm_body_w,vel,0.000000000,0.000000000,-0.000000000,-0.017839741,0.335864961,-0.945225656,0.000000000,0.000000000
50,1.000000,B,yup,gripper_l_finger1_body_p,pos,-1.391630173,0.771707058,0.392005920,1.000000000,0.000000000,0.000000000,0.000000000,0.000000000
50,1.000000,B,yup,gripper_l_finger1_body_q,pos,0.000000000,0.000000000,-0.000000000,0.813478964,0.028311471,-0.580255394,-0.027461108,0.000000000
50,1.000000,B,yup,gripper_l_finger1_body_v,vel,1.693257928,1.395707846,0.298463196,0.000000000,0.000000000,-0.000000000,0.000000000,0.000000000
50,1.000000,B,yup,gripper_l_finger1_body_w,vel,0.000000000,0.000000000,-0.000000000,-1.071638942,0.129197121,4.000255585,0.000000000,0.000000000
50,1.000000,B,yup,gripper_l_finger2_body_p,pos,-1.297384739,0.770796180,0.377714634,1.000000000,0.000000000,0.000000000,0.000000000,0.000000000
50,1.000000,B,yup,gripper_l_finger2_body_q,pos,0.000000000,0.000000000,-0.000000000,0.027456673,-0.580123543,-0.028315704,0.813573000,0.000000000
50,1.000000,B,yup,gripper_l_finger2_body_v,vel,1.693206072,1.395653963,0.299144477,0.000000000,0.000000000,-0.000000000,0.000000000,0.000000000
50,1.000000,B,yup,gripper_l_finger2_body_w,vel,0.000000000,0.000000000,-0.000000000,-1.071630955,0.128526762,4.000203133,0.000000000,0.000000000
50,1.000000,B,yup,gripper_l_palm_body_p,pos,-1.144107342,0.767426968,0.357189655,1.000000000,0.000000000,0.000000000,0.000000000,0.000000000
50,1.000000,B,yup,gripper_l_palm_body_q,pos,0.000000000,0.000000000,-0.000000000,0.595252966,-0.555213088,-0.390862163,-0.429696525,0.000000000
50,1.000000,B,yup,gripper_l_palm_body_v,vel,1.693189502,1.395617485,0.299608946,0.000000000,0.000000000,-0.000000000,0.000000000,0.000000000
50,1.000000,B,yup,gripper_l_palm_body_w,vel,0.000000000,0.000000000,-0.000000000,-1.071624637,0.128000617,4.000162125,0.000000000,0.000000000
50,1.000000,B,yup,gripper_r_finger1_body_p,pos,1.137871265,0.921229899,0.144246101,1.000000000,0.000000000,0.000000000,0.000000000,0.000000000
50,1.000000,B,yup,gripper_r_finger1_body_q,pos,0.000000000,0.000000000,-0.000000000,0.866643904,-0.300505936,0.134733885,-0.374795019,0.000000000
50,1.000000,B,yup,gripper_r_finger1_body_v,vel,-0.465082765,0.763956904,0.509299338,0.000000000,0.000000000,-0.000000000,0.000000000,0.000000000
50,1.000000,B,yup,gripper_r_finger1_body_w,vel,0.000000000,0.000000000,-0.000000000,-0.095869638,0.338149726,-0.997107267,0.000000000,0.000000000
50,1.000000,B,yup,gripper_r_finger2_body_p,pos,1.278638363,0.942371786,0.084982395,1.000000000,0.000000000,0.000000000,0.000000000,0.000000000
50,1.000000,B,yup,gripper_r_finger2_body_q,pos,0.000000000,0.000000000,-0.000000000,0.374726923,0.134537697,0.300591053,0.866674311,0.000000000
50,1.000000,B,yup,gripper_r_finger2_body_v,vel,-0.465045482,0.763823926,0.509150088,0.000000000,0.000000000,-0.000000000,0.000000000,0.000000000
50,1.000000,B,yup,gripper_r_finger2_body_w,vel,0.000000000,0.000000000,-0.000000000,-0.095757335,0.338043392,-0.996984482,0.000000000,0.000000000
50,1.000000,B,yup,gripper_r_palm_body_p,pos,1.063741684,0.977793634,0.139474869,1.000000000,0.000000000,0.000000000,0.000000000,0.000000000
50,1.000000,B,yup,gripper_r_palm_body_q,pos,0.000000000,0.000000000,-0.000000000,-0.400295046,0.825352296,-0.360170689,0.169807358,0.000000000
50,1.000000,B,yup,gripper_r_palm_body_v,vel,-0.465068102,0.763907790,0.509243429,0.000000000,0.000000000,-0.000000000,0.000000000,0.000000000
50,1.000000,B,yup,gripper_r_palm_body_w,vel,0.000000000,0.000000000,-0.000000000,-0.095827647,0.338109970,-0.997061372,0.000000000,0.000000000
51,1.019999,B,yup,gripper_l_finger1_body_p,pos,-1.387402534,0.730167985,0.393406868,1.000000000,0.000000000,0.000000000,0.000000000,0.000000000
51,1.019999,B,yup,gripper_l_finger1_body_q,pos,0.000000000,0.000000000,-0.000000000,0.812570129,-0.002941097,-0.580943637,-0.047176550,0.000000000
51,1.019999,B,yup,gripper_l_finger1_body_v,vel,1.129996896,1.079224467,0.564594805,0.000000000,0.000000000,-0.000000000,0.000000000,0.000000000
51,1.019999,B,yup,gripper_l_finger1_body_w,vel,0.000000000,0.000000000,-0.000000000,-1.286774874,-0.029021872,2.765246630,0.000000000,0.000000000
51,1.019999,B,yup,gripper_l_finger2_body_p,pos,-1.292379856,0.728846908,0.379426956,1.000000000,0.000000000,0.000000000,0.000000000,0.000000000
51,1.019999,B,yup,gripper_l_finger2_body_q,pos,0.000000000,0.000000000,-0.000000000,0.047177237,-0.580796369,0.002932765,0.812675387,0.000000000
51,1.019999,B,yup,gripper_l_finger2_body_v,vel,1.129990101,1.079165339,0.565762460,0.000000000,0.000000000,-0.000000000,0.000000000,0.000000000
51,1.019999,B,yup,gripper_l_finger2_body_w,vel,0.000000000,0.000000000,-0.000000000,-1.286671281,-0.030309564,2.765182018,0.000000000,0.000000000
51,1.019999,B,yup,gripper_l_palm_body_p,pos,-1.139695644,0.734148622,0.358747959,1.000000000,0.000000000,0.000000000,0.000000000,0.000000000
51,1.019999,B,yup,gripper_l_palm_body_q,pos,0.000000000,0.000000000,-0.000000000,0.572517033,-0.576673089,-0.377400487,-0.444118529,0.000000000
51,1.019999,B,yup,gripper_l_palm_body_v,vel,1.129852295,1.079092860,0.566982210,0.000000000,0.000000000,-0.000000000,0.000000000,0.000000000
51,1.019999,B,yup,gripper_l_palm_body_w,vel,0.000000000,0.000000000,-0.000000000,-1.286562562,-0.031660471,2.765114069,0.000000000,0.000000000
51,1.019999,B,yup,gripper_r_finger1_body_p,pos,1.136127949,0.919784367,0.148246765,1.000000000,0.000000000,0.000000000,0.000000000,0.000000000
51,1.019999,B,yup,gripper_r_finger1_body_q,pos,0.000000000,0.000000000,-0.000000000,0.870552778,-0.301652819,0.128291354,-0.366994232,0.000000000
51,1.019999,B,yup,gripper_r_finger1_body_v,vel,-0.488920182,0.791418850,0.545830488,0.000000000,0.000000000,-0.000000000,0.000000000,0.000000000
51,1.019999,B,yup,gripper_r_finger1_body_w,vel,0.000000000,0.000000000,-0.000000000,-0.143079147,0.341513395,-1.041684031,0.000000000,0.000000000
51,1.019999,B,yup,gripper_r_finger2_body_p,pos,1.278290272,0.939292490,0.088294506,1.000000000,0.000000000,0.000000000,0.000000000,0.000000000
51,1.019999,B,yup,gripper_r_finger2_body_q,pos,0.000000000,0.000000000,-0.000000000,0.366925808,0.128094167,0.301736208,0.870581758,0.000000000
51,1.019999,B,yup,gripper_r_finger2_body_v,vel,-0.488878220,0.791266978,0.545657933,0.000000000,0.000000000,-0.000000000,0.000000000,0.000000000
51,1.019999,B,yup,gripper_r_finger2_body_w,vel,0.000000000,0.000000000,-0.000000000,-0.142951220,0.341388404,-1.041543007,0.000000000,0.000000000
51,1.019999,B,yup,gripper_r_palm_body_p,pos,1.064303875,0.976812899,0.143361568,1.000000000,0.000000000,0.000000000,0.000000000,0.000000000
51,1.019999,B,yup,gripper_r_palm_body_q,pos,0.000000000,0.000000000,-0.000000000,-0.402248203,0.828925843,-0.350098460,0.168847262,0.000000000
51,1.019999,B,yup,gripper_r_palm_body_v,vel,-0.488901168,0.791352272,0.545754313,0.000000000,0.000000000,-0.000000000,0.000000000,0.000000000
51,1.019999,B,yup,gripper_r_palm_body_w,vel,0.000000000,0.000000000,-0.000000000,-0.143022567,0.341458112,-1.041621685,0.000000000,0.000000000
52,1.039999,B,yup,gripper_l_finger1_body_p,pos,-1.384128571,0.706698656,0.396192074,1.000000000,0.000000000,0.000000000,0.000000000,0.000000000
52,1.039999,B,yup,gripper_l_finger1_body_q,pos,0.000000000,0.000000000,-0.000000000,0.812055607,-0.027306848,-0.580320900,-0.055205789,0.000000000
52,1.039999,B,yup,gripper_l_finger1_body_v,vel,0.571991563,0.681135654,0.659606397,0.000000000,0.000000000,-0.000000000,0.000000000,0.000000000
52,1.039999,B,yup,gripper_l_finger1_body_w,vel,0.000000000,0.000000000,-0.000000000,-1.387475610,-0.071283594,1.472535729,0.000000000,0.000000000
52,1.039999,B,yup,gripper_l_finger2_body_p,pos,-1.288377285,0.703879237,0.382645130,1.000000000,0.000000000,0.000000000,0.000000000,0.000000000
52,1.039999,B,yup,gripper_l_finger2_body_q,pos,0.000000000,0.000000000,-0.000000000,0.055211164,-0.580165566,0.027296504,0.812166574,0.000000000
52,1.039999,B,yup,gripper_l_finger2_body_v,vel,0.571985066,0.681107104,0.661001563,0.000000000,0.000000000,-0.000000000,0.000000000,0.000000000
52,1.039999,B,yup,gripper_l_finger2_body_w,vel,0.000000000,0.000000000,-0.000000000,-1.387283444,-0.072855219,1.472504497,0.000000000,0.000000000
52,1.039999,B,yup,gripper_l_palm_body_p,pos,-1.136557102,0.715532660,0.361748219,1.000000000,0.000000000,0.000000000,0.000000000,0.000000000
52,1.039999,B,yup,gripper_l_palm_body_q,pos,0.000000000,0.000000000,-0.000000000,0.554928034,-0.593541212,-0.371276830,-0.449352002,0.000000000
52,1.039999,B,yup,gripper_l_palm_body_v,vel,0.571868956,0.681069851,0.662162066,0.000000000,0.000000000,-0.000000000,0.000000000,0.000000000
52,1.039999,B,yup,gripper_l_palm_body_w,vel,0.000000000,0.000000000,-0.000000000,-1.387123704,-0.074161388,1.472478509,0.000000000,0.000000000
52,1.039999,B,yup,gripper_r_finger1_body_p,pos,1.134352684,0.917998850,0.152456760,1.000000000,0.000000000,0.000000000,0.000000000,0.000000000
52,1.039999,B,yup,gripper_r_finger1_body_q,pos,0.000000000,0.000000000,-0.000000000,0.874408801,-0.303086880,0.121568443,-0.358843568,0.000000000
52,1.039999,B,yup,gripper_r_finger1_body_v,vel,-0.508336544,0.811709464,0.566749930,0.000000000,0.000000000,-0.000000000,0.000000000,0.000000000
52,1.039999,B,yup,gripper_r_finger1_body_w,vel,0.000000000,0.000000000,-0.000000000,-0.162818059,0.344056904,-1.078611016,0.000000000,0.000000000
52,1.039999,B,yup,gripper_r_finger2_body_p,pos,1.277921677,0.935782969,0.091766357,1.000000000,0.000000000,0.000000000,0.000000000,0.000000000
52,1.039999,B,yup,gripper_r_finger2_body_q,pos,0.000000000,0.000000000,-0.000000000,0.358774784,0.121370227,0.303168478,0.874436274,0.000000000
52,1.039999,B,yup,gripper_r_finger2_body_v,vel,-0.508296132,0.811562002,0.566580176,0.000000000,0.000000000,-0.000000000,0.000000000,0.000000000
52,1.039999,B,yup,gripper_r_finger2_body_w,vel,0.000000000,0.000000000,-0.000000000,-0.162694335,0.343932092,-1.078473091,0.000000000,0.000000000
52,1.039999,B,yup,gripper_r_palm_body_p,pos,1.064913273,0.975512803,0.147388458,1.000000000,0.000000000,0.000000000,0.000000000,0.000000000
52,1.039999,B,yup,gripper_r_palm_body_q,pos,0.000000000,0.000000000,-0.000000000,-0.403960918,0.832664987,-0.339580629,0.167837994,0.000000000
52,1.039999,B,yup,gripper_r_palm_body_v,vel,-0.508317947,0.811643422,0.566673458,0.000000000,0.000000000,-0.000000000,0.000000000,0.000000000
52,1.039999,B,yup,gripper_r_palm_body_w,vel,0.000000000,0.000000000,-0.000000000,-0.162762269,0.344000638,-1.078548789,0.000000000,0.000000000
53,1.059999,B,yup,gripper_l_finger1_body_p,pos,-1.382979393,0.698644638,0.399604797,1.000000000,0.000000000,0.000000000,0.000000000,0.000000000
53,1.059999,B,yup,gripper_l_finger1_body_q,pos,0.000000000,0.000000000,-0.000000000,0.811676162,-0.044870843,-0.579889004,-0.053825252,0.000000000
53,1.059999,B,yup,gripper_l_finger1_body_v,vel,0.143970385,0.361360639,0.617663205,0.000000000,0.000000000,-0.000000000,0.000000000,0.000000000
53,1.059999,B,yup,gripper_l_finger1_body_w,vel,0.000000000,0.000000000,-0.000000000,-1.386021018,-0.027232641,0.456063032,0.000000000,0.000000000
53,1.059999,B,yup,gripper_l_finger2_body_p,pos,-1.286765099,0.693563104,0.386534214,1.000000000,0.000000000,0.000000000,0.000000000,0.000000000
53,1.059999,B,yup,gripper_l_finger2_body_q,pos,0.000000000,0.000000000,-0.000000000,0.053834796,-0.579719072,0.044859790,0.811797519,0.000000000
53,1.059999,B,yup,gripper_l_finger2_body_v,vel,0.143970266,0.361376524,0.619175613,0.000000000,0.000000000,-0.000000000,0.000000000,0.000000000
53,1.059999,B,yup,gripper_l_finger2_body_w,vel,0.000000000,0.000000000,-0.000000000,-1.385779500,-0.028948005,0.456081092,0.000000000,0.000000000
53,1.059999,B,yup,gripper_l_palm_body_p,pos,-1.135517597,0.709427595,0.365226269,1.000000000,0.000000000,0.000000000,0.000000000,0.000000000
53,1.059999,B,yup,gripper_l_palm_body_q,pos,0.000000000,0.000000000,-0.000000000,0.542248072,-0.605699301,-0.371935964,-0.448061407,0.000000000
53,1.059999,B,yup,gripper_l_palm_body_v,vel,0.143877327,0.361375660,0.620335639,0.000000000,0.000000000,-0.000000000,0.000000000,0.000000000
53,1.059999,B,yup,gripper_l_palm_body_w,vel,0.000000000,0.000000000,-0.000000000,-1.385593772,-0.030267077,0.456094950,0.000000000,0.000000000
53,1.059999,B,yup,gripper_r_finger1_body_p,pos,1.132548332,0.916030347,0.156856060,1.000000000,0.000000000,0.000000000,0.000000000,0.000000000
53,1.059999,B,yup,gripper_r_finger1_body_q,pos,0.000000000,0.000000000,-0.000000000,0.878248981,-0.304577260,0.114692360,-0.350367068,0.000000000
53,1.059999,B,yup,gripper_r_finger1_body_v,vel,-0.523661435,0.825323284,0.573514044,0.000000000,0.000000000,-0.000000000,0.000000000,0.000000000
53,1.059999,B,yup,gripper_r_finger1_body_w,vel,0.000000000,0.000000000,-0.000000000,-0.158673689,0.344933540,-1.108395219,0.000000000,0.000000000
53,1.059999,B,yup,gripper_r_finger2_body_p,pos,1.277521610,0.932003915,0.095412254,1.000000000,0.000000000,0.000000000,0.000000000,0.000000000
53,1.059999,B,yup,gripper_r_finger2_body_q,pos,0.000000000,0.000000000,-0.000000000,0.350297869,0.114493028,0.304657042,0.878274921,0.000000000
53,1.059999,B,yup,gripper_r_finger2_body_v,vel,-0.523620844,0.825173676,0.573339760,0.000000000,0.000000000,-0.000000000,0.000000000,0.000000000
53,1.059999,B,yup,gripper_r_finger2_body_w,vel,0.000000000,0.000000000,-0.000000000,-0.158548772,0.344803244,-1.108254313,0.000000000,0.000000000
53,1.059999,B,yup,gripper_r_palm_body_p,pos,1.065559864,0.973995030,0.151576042,1.000000000,0.000000000,0.000000000,0.000000000,0.000000000
53,1.059999,B,yup,gripper_r_palm_body_q,pos,0.000000000,0.000000000,-0.000000000,-0.405622600,0.836432746,-0.328723995,0.166706636,0.000000000
53,1.059999,B,yup,gripper_r_palm_body_v,vel,-0.523642838,0.825256169,0.573435545,0.000000000,0.000000000,-0.000000000,0.000000000,0.000000000
53,1.059999,B,yup,gripper_r_palm_body_w,vel,0.000000000,0.000000000,-0.000000000,-0.158617333,0.344874769,-1.108331680,0.000000000,0.000000000
54,1.079999,B,yup,gripper_l_finger1_body_p,pos,-1.383779049,0.702034831,0.402896404,1.000000000,0.000000000,0.000000000,0.000000000,0.000000000
54,1.079999,B,yup,gripper_l_finger1_body_q,pos,0.000000000,0.000000000,-0.000000000,0.811042942,-0.056613288,-0.580418819,-0.046024736,0.000000000
54,1.079999,B,yup,gripper_l_finger1_body_v,vel,-0.160138547,0.126108751,0.484225005,0.000000000,0.000000000,-0.000000000,0.000000000,0.000000000
54,1.079999,B,yup,gripper_l_finger1_body_w,vel,0.000000000,0.000000000,-0.000000000,-1.294551492,0.064029537,-0.275777429,0.000000000,0.000000000
54,1.079999,B,yup,gripper_l_finger2_body_p,pos,-1.287510872,0.694281816,0.390280247,1.000000000,0.000000000,0.000000000,0.000000000,0.000000000
54,1.079999,B,yup,gripper_l_finger2_body_q,pos,0.000000000,0.000000000,-0.000000000,0.046037804,-0.580233812,0.056603003,0.811175286,0.000000000
54,1.079999,B,yup,gripper_l_finger2_body_v,vel,-0.160116330,0.126159638,0.485454828,0.000000000,0.000000000,-0.000000000,0.000000000,0.000000000
54,1.079999,B,yup,gripper_l_finger2_body_w,vel,0.000000000,0.000000000,-0.000000000,-1.294354081,0.062638283,-0.275723398,0.000000000,0.000000000
54,1.079999,B,yup,gripper_l_palm_body_p,pos,-1.136321545,0.712628961,0.368334293,1.000000000,0.000000000,0.000000000,0.000000000,0.000000000
54,1.079999,B,yup,gripper_l_palm_body_q,pos,0.000000000,0.000000000,-0.000000000,0.533506878,-0.613563778,-0.377811761,-0.442908765,0.000000000
54,1.079999,B,yup,gripper_l_palm_body_v,vel,-0.160193413,0.126198292,0.486732274,0.000000000,0.000000000,-0.000000000,0.000000000,0.000000000
54,1.079999,B,yup,gripper_l_palm_body_w,vel,0.000000000,0.000000000,-0.000000000,-1.294147253,0.061180558,-0.275666833,0.000000000,0.000000000
54,1.079999,B,yup,gripper_r_finger1_body_p,pos,1.132860184,0.914580047,0.160674572,1.000000000,0.000000000,0.000000000,0.000000000,0.000000000
54,1.079999,B,yup,gripper_r_finger1_body_q,pos,0.000000000,0.000000000,-0.000000000,0.880926829,-0.304607299,0.113447784,-0.343964991,0.000000000
54,1.079999,B,yup,gripper_r_finger1_body_v,vel,-0.212638110,0.160065383,-0.246481553,0.000000000,0.000000000,-0.000000000,0.000000000,0.000000000
54,1.079999,B,yup,gripper_r_finger1_body_w,vel,0.000000000,0.000000000,-0.000000000,0.294217914,-0.342643440,-0.390924901,0.000000000,0.000000000
54,1.079999,B,yup,gripper_r_finger2_body_p,pos,1.278639793,0.929358542,0.099453449,1.000000000,0.000000000,0.000000000,0.000000000,0.000000000
54,1.079999,B,yup,gripper_r_finger2_body_q,pos,0.000000000,0.000000000,-0.000000000,0.343893315,0.113240688,0.304688420,0.880953405,0.000000000
54,1.079999,B,yup,gripper_r_finger2_body_v,vel,-0.212751076,0.160486624,-0.245986953,0.000000000,0.000000000,-0.000000000,0.000000000,0.000000000
54,1.079999,B,yup,gripper_r_finger2_body_w,vel,0.000000000,0.000000000,-0.000000000,0.293878704,-0.342278391,-0.391313285,0.000000000,0.000000000
54,1.079999,B,yup,gripper_r_palm_body_p,pos,1.066902161,0.972407520,0.155567169,1.000000000,0.000000000,0.000000000,0.000000000,0.000000000
54,1.079999,B,yup,gripper_r_palm_body_q,pos,0.000000000,0.000000000,-0.000000000,-0.407494456,0.838348629,-0.323311746,0.163062439,0.000000000
54,1.079999,B,yup,gripper_r_palm_body_v,vel,-0.212722600,0.160348207,-0.246141911,0.000000000,0.000000000,-0.000000000,0.000000000,0.000000000
54,1.079999,B,yup,gripper_r_palm_body_w,vel,0.000000000,0.000000000,-0.000000000,0.293981403,-0.342388928,-0.391195685,0.000000000,0.000000000
55,1.099999,B,yup,gripper_l_finger1_body_p,pos,-1.385833740,0.713323832,0.405511856,1.000000000,0.000000000,0.000000000,0.000000000,0.000000000
55,1.099999,B,yup,gripper_l_finger1_body_q,pos,0.000000000,0.000000000,-0.000000000,0.809999654,-0.063552596,-0.581966880,-0.034295459,0.000000000
55,1.099999,B,yup,gripper_l_finger1_body_v,vel,-0.363382012,-0.040722389,0.329161197,0.000000000,0.000000000,-0.000000000,0.000000000,0.000000000
55,1.099999,B,yup,gripper_l_finger1_body_w,vel,0.000000000,0.000000000,-0.000000000,-1.142851472,0.143799976,-0.769803822,0.000000000,0.000000000
55,1.099999,B,yup,gripper_l_finger2_body_p,pos,-1.289934635,0.702783346,0.393295765,1.000000000,0.000000000,0.000000000,0.000000000,0.000000000
55,1.099999,B,yup,gripper_l_finger2_body_q,pos,0.000000000,0.000000000,-0.000000000,0.034310687,-0.581774706,0.063544668,0.810137669,0.000000000
55,1.099999,B,yup,gripper_l_finger2_body_v,vel,-0.363321453,-0.040752184,0.328569084,0.000000000,0.000000000,-0.000000000,0.000000000,0.000000000
55,1.099999,B,yup,gripper_l_finger2_body_w,vel,0.000000000,0.000000000,-0.000000000,-1.142940044,0.144477159,-0.769846976,0.000000000,0.000000000
55,1.099999,B,yup,gripper_l_palm_body_p,pos,-1.138315678,0.722251058,0.370548248,1.000000000,0.000000000,0.000000000,0.000000000,0.000000000
55,1.099999,B,yup,gripper_l_palm_body_q,pos,0.000000000,0.000000000,-0.000000000,0.527869730,-0.617741040,-0.387188340,-0.435700292,0.000000000
55,1.099999,B,yup,gripper_l_palm_body_v,vel,-0.363390088,-0.040669661,0.330005527,0.000000000,0.000000000,-0.000000000,0.000000000,0.000000000
55,1.099999,B,yup,gripper_l_palm_body_w,vel,0.000000000,0.000000000,-0.000000000,-1.142726541,0.142845735,-0.769743025,0.000000000,0.000000000
55,1.099999,B,yup,gripper_r_finger1_body_p,pos,1.135210991,0.913764536,0.164015770,1.000000000,0.000000000,0.000000000,0.000000000,0.000000000
55,1.099999,B,yup,gripper_r_finger1_body_q,pos,0.000000000,0.000000000,-0.000000000,0.882604419,-0.303173214,0.117652997,-0.339489639,0.000000000
55,1.099999,B,yup,gripper_r_finger1_body_v,vel,-0.161030456,0.047750846,-0.409488261,0.000000000,0.000000000,-0.000000000,0.000000000,0.000000000
55,1.099999,B,yup,gripper_r_finger1_body_w,vel,0.000000000,0.000000000,-0.000000000,0.415783316,-0.472980589,-0.273444772,0.000000000,0.000000000
55,1.099999,B,yup,gripper_r_finger2_body_p,pos,1.281252861,0.927940547,0.103972435,1.000000000,0.000000000,0.000000000,0.000000000,0.000000000
55,1.099999,B,yup,gripper_r_finger2_body_q,pos,0.000000000,0.000000000,-0.000000000,0.339418409,0.117445863,0.303253142,0.882631942,0.000000000
55,1.099999,B,yup,gripper_r_finger2_body_v,vel,-0.161007345,0.047598518,-0.409653157,0.000000000,0.000000000,-0.000000000,0.000000000,0.000000000
55,1.099999,B,yup,gripper_r_finger2_body_w,vel,0.000000000,0.000000000,-0.000000000,0.415908754,-0.473119736,-0.273298651,0.000000000,0.000000000
55,1.099999,B,yup,gripper_r_palm_body_p,pos,1.068912983,0.970906079,0.159474373,1.000000000,0.000000000,0.000000000,0.000000000,0.000000000
55,1.099999,B,yup,gripper_r_palm_body_q,pos,0.000000000,0.000000000,-0.000000000,-0.409695955,0.838520240,-0.323122086,0.156924025,0.000000000
55,1.099999,B,yup,gripper_r_palm_body_v,vel,-0.160999611,0.047558196,-0.409698188,0.000000000,0.000000000,-0.000000000,0.000000000,0.000000000
55,1.099999,B,yup,gripper_r_palm_body_w,vel,0.000000000,0.000000000,-0.000000000,0.415937573,-0.473151714,-0.273265064,0.000000000,0.000000000
56,1.119999,B,yup,gripper_l_finger1_body_p,pos,-1.388399124,0.729577780,0.407141685,1.000000000,0.000000000,0.000000000,0.000000000,0.000000000
56,1.119999,B,yup,gripper_l_finger1_body_q,pos,0.000000000,0.000000000,-0.000000000,0.808645301,-0.066673398,-0.584144113,-0.020569159,0.000000000
56,1.119999,B,yup,gripper_l_finger1_body_v,vel,-0.484341621,-0.149738610,0.198124990,0.000000000,0.000000000,-0.000000000,0.000000000,0.000000000
56,1.119999,B,yup,gripper_l_finger1_body_w,vel,0.000000000,0.000000000,-0.000000000,-0.961410582,0.180120394,-1.067985773,0.000000000,0.000000000
56,1.119999,B,yup,gripper_l_finger2_body_p,pos,-1.293196201,0.716356158,0.395268440,1.000000000,0.000000000,0.000000000,0.000000000,0.000000000
56,1.119999,B,yup,gripper_l_finger2_body_q,pos,0.000000000,0.000000000,-0.000000000,0.020584498,-0.583959938,0.066668928,0.808778290,0.000000000
56,1.119999,B,yup,gripper_l_finger2_body_v,vel,-0.484286070,-0.149854839,0.196677729,0.000000000,0.000000000,-0.000000000,0.000000000,0.000000000
56,1.119999,B,yup,gripper_l_finger2_body_w,vel,0.000000000,0.000000000,-0.000000000,-0.961593688,0.181751534,-1.068123817,0.000000000,0.000000000
56,1.119999,B,yup,gripper_l_palm_body_p,pos,-1.140820503,0.735901713,0.371674061,1.000000000,0.000000000,0.000000000,0.000000000,0.000000000
56,1.119999,B,yup,gripper_l_palm_body_q,pos,0.000000000,0.000000000,-0.000000000,0.524705645,-0.618992685,-0.398431777,-0.427532642,0.000000000
56,1.119999,B,yup,gripper_l_palm_body_v,vel,-0.484341174,-0.149737835,0.198133498,0.000000000,0.000000000,-0.000000000,0.000000000,0.000000000
56,1.119999,B,yup,gripper_l_palm_body_w,vel,0.000000000,0.000000000,-0.000000000,-0.961409628,0.180112079,-1.067985058,0.000000000,0.000000000
56,1.119999,B,yup,gripper_r_finger1_body_p,pos,1.137754917,0.913544476,0.167582512,1.000000000,0.000000000,0.000000000,0.000000000,0.000000000
56,1.119999,B,yup,gripper_r_finger1_body_q,pos,0.000000000,0.000000000,-0.000000000,0.884486338,-0.300754878,0.122620152,-0.334954802,0.000000000
56,1.119999,B,yup,gripper_r_finger1_body_v,vel,-0.169873387,0.065601029,-0.453761458,0.000000000,0.000000000,-0.000000000,0.000000000,0.000000000
56,1.119999,B,yup,gripper_r_finger1_body_w,vel,0.000000000,0.000000000,-0.000000000,0.561715364,-0.458901584,-0.298621178,0.000000000,0.000000000
56,1.119999,B,yup,gripper_r_finger2_body_p,pos,1.284010410,0.927116930,0.108908653,1.000000000,0.000000000,0.000000000,0.000000000,0.000000000
56,1.119999,B,yup,gripper_r_finger2_body_q,pos,0.000000000,0.000000000,-0.000000000,0.334884645,0.122414068,0.300833196,0.884514815,0.000000000
56,1.119999,B,yup,gripper_r_finger2_body_v,vel,-0.169838384,0.065462247,-0.453925401,0.000000000,0.000000000,-0.000000000,0.000000000,0.000000000
56,1.119999,B,yup,gripper_r_finger2_body_w,vel,0.000000000,0.000000000,-0.000000000,0.561828792,-0.459031641,-0.298486859,0.000000000,0.000000000
56,1.119999,B,yup,gripper_r_palm_body_p,pos,1.071005821,0.969764650,0.163787842,1.000000000,0.000000000,0.000000000,0.000000000,0.000000000
56,1.119999,B,yup,gripper_r_palm_body_q,pos,0.000000000,0.000000000,-0.000000000,-0.412738053,0.838140238,-0.323429791,0.150204568,0.000000000
56,1.119999,B,yup,gripper_r_palm_body_v,vel,-0.169837594,0.065455116,-0.453932971,0.000000000,0.000000000,-0.000000000,0.000000000,0.000000000
56,1.119999,B,yup,gripper_r_palm_body_w,vel,0.000000000,0.000000000,-0.000000000,0.561833084,-0.459036559,-0.298481792,0.000000000,0.000000000
57,1.139999,B,yup,gripper_l_finger1_body_p,pos,-1.390886784,0.748388767,0.407709599,1.000000000,0.000000000,0.000000000,0.000000000,0.000000000
57,1.139999,B,yup,gripper_l_finger1_body_q,pos,0.000000000,0.000000000,-0.000000000,0.807193347,-0.066866331,-0.586453023,-0.006375480,0.000000000
57,1.139999,B,yup,gripper_l_finger1_body_v,vel,-0.536987782,-0.208301708,0.106544644,0.000000000,0.000000000,-0.000000000,0.000000000,0.000000000
57,1.139999,B,yup,gripper_l_finger1_body_w,vel,0.000000000,0.000000000,-0.000000000,-0.766017675,0.168112278,-1.203436375,0.000000000,0.000000000
57,1.139999,B,yup,gripper_l_finger2_body_p,pos,-1.296563625,0.732761145,0.396123886,1.000000000,0.000000000,0.000000000,0.000000000,0.000000000
57,1.139999,B,yup,gripper_l_finger2_body_q,pos,0.000000000,0.000000000,-0.000000000,0.006389983,-0.586279805,0.066865175,0.807319148,0.000000000
57,1.139999,B,yup,gripper_l_finger2_body_v,vel,-0.536951780,-0.208412811,0.105416976,0.000000000,0.000000000,-0.000000000,0.000000000,0.000000000
57,1.139999,B,yup,gripper_l_finger2_body_w,vel,0.000000000,0.000000000,-0.000000000,-0.766130090,0.169367895,-1.203563690,0.000000000,0.000000000
57,1.139999,B,yup,gripper_l_palm_body_p,pos,-1.143297195,0.751624584,0.371759415,1.000000000,0.000000000,0.000000000,0.000000000,0.000000000
57,1.139999,B,yup,gripper_l_palm_body_q,pos,0.000000000,0.000000000,-0.000000000,0.523541626,-0.618103921,-0.410100847,-0.419128864,0.000000000
57,1.139999,B,yup,gripper_l_palm_body_v,vel,-0.536987722,-0.208306074,0.106501497,0.000000000,0.000000000,-0.000000000,0.000000000,0.000000000
57,1.139999,B,yup,gripper_l_palm_body_w,vel,0.000000000,0.000000000,-0.000000000,-0.766022086,0.168161348,-1.203441381,0.000000000,0.000000000
57,1.139999,B,yup,gripper_r_finger1_body_p,pos,1.140190601,0.914354146,0.171524525,1.000000000,0.000000000,0.000000000,0.000000000,0.000000000
57,1.139999,B,yup,gripper_r_finger1_body_q,pos,0.000000000,0.000000000,-0.000000000,0.886996395,-0.296724708,0.127856538,-0.329915972,0.000000000
57,1.139999,B,yup,gripper_r_finger1_body_v,vel,-0.185582504,0.093327805,-0.517747343,0.000000000,0.000000000,-0.000000000,0.000000000,0.000000000
57,1.139999,B,yup,gripper_r_finger1_body_w,vel,0.000000000,0.000000000,-0.000000000,0.769800425,-0.434362888,-0.338260561,0.000000000,0.000000000
57,1.139999,B,yup,gripper_r_finger2_body_p,pos,1.286692142,0.927195251,0.114376545,1.000000000,0.000000000,0.000000000,0.000000000,0.000000000
57,1.139999,B,yup,gripper_r_finger2_body_q,pos,0.000000000,0.000000000,-0.000000000,0.329847246,0.127651378,0.296801268,0.887025889,0.000000000
57,1.139999,B,yup,gripper_r_finger2_body_v,vel,-0.185547426,0.093193613,-0.517909765,0.000000000,0.000000000,-0.000000000,0.000000000,0.000000000
57,1.139999,B,yup,gripper_r_finger2_body_w,vel,0.000000000,0.000000000,-0.000000000,0.769908965,-0.434492052,-0.338130414,0.000000000,0.000000000
57,1.139999,B,yup,gripper_r_palm_body_p,pos,1.073081017,0.969306648,0.168745041,1.000000000,0.000000000,0.000000000,0.000000000,0.000000000
57,1.139999,B,yup,gripper_r_palm_body_q,pos,0.000000000,0.000000000,-0.000000000,-0.417364059,0.837064735,-0.323571293,0.142938762,0.000000000
57,1.139999,B,yup,gripper_r_palm_body_v,vel,-0.185547292,0.093190581,-0.517912924,0.000000000,0.000000000,-0.000000000,0.000000000,0.000000000
57,1.139999,B,yup,gripper_r_palm_body_w,vel,0.000000000,0.000000000,-0.000000000,0.769910574,-0.434493929,-0.338128567,0.000000000,0.000000000
58,1.159999,B,yup,gripper_l_finger1_body_p,pos,-1.392930031,0.767742991,0.407319069,1.000000000,0.000000000,0.000000000,0.000000000,0.000000000
58,1.159999,B,yup,gripper_l_finger1_body_q,pos,0.000000000,0.000000000,-0.000000000,0.805886611,-0.064967356,-0.588452275,0.007066350,0.000000000
58,1.159999,B,yup,gripper_l_finger1_body_v,vel,-0.531079352,-0.222649500,0.054766677,0.000000000,0.000000000,-0.000000000,0.000000000,0.000000000
58,1.159999,B,yup,gripper_l_finger1_body_w,vel,0.000000000,0.000000000,-0.000000000,-0.570194304,0.117607087,-1.200285077,0.000000000,0.000000000
58,1.159999,B,yup,gripper_l_finger2_body_p,pos,-1.299515247,0.750099659,0.395969391,1.000000000,0.000000000,0.000000000,0.000000000,0.000000000
58,1.159999,B,yup,gripper_l_finger2_body_q,pos,0.000000000,0.000000000,-0.000000000,-0.007052730,-0.588285267,0.064969033,0.806008516,0.000000000
58,1.159999,B,yup,gripper_l_finger2_body_v,vel,-0.531060576,-0.222697541,0.054334491,0.000000000,0.000000000,-0.000000000,0.000000000,0.000000000
58,1.159999,B,yup,gripper_l_finger2_body_w,vel,0.000000000,0.000000000,-0.000000000,-0.570225179,0.118077494,-1.200338721,0.000000000,0.000000000
58,1.159999,B,yup,gripper_l_palm_body_p,pos,-1.145397186,0.767788053,0.371005058,1.000000000,0.000000000,0.000000000,0.000000000,0.000000000
58,1.159999,B,yup,gripper_l_palm_body_q,pos,0.000000000,0.000000000,-0.000000000,0.523959324,-0.615838464,-0.421019701,-0.411037741,0.000000000
58,1.159999,B,yup,gripper_l_palm_body_v,vel,-0.531079948,-0.222657114,0.054700192,0.000000000,0.000000000,-0.000000000,0.000000000,0.000000000
58,1.159999,B,yup,gripper_l_palm_body_w,vel,0.000000000,0.000000000,-0.000000000,-0.570199132,0.117681213,-1.200293541,0.000000000,0.000000000
58,1.159999,B,yup,gripper_r_finger1_body_p,pos,1.142550468,0.916387856,0.175886631,1.000000000,0.000000000,0.000000000,0.000000000,0.000000000
58,1.159999,B,yup,gripper_r_finger1_body_q,pos,0.000000000,0.000000000,-0.000000000,0.890241985,-0.290666193,0.133559048,-0.324259699,0.000000000
58,1.159999,B,yup,gripper_r_finger1_body_v,vel,-0.200950414,0.113711752,-0.607470691,0.000000000,0.000000000,-0.000000000,0.000000000,0.000000000
58,1.159999,B,yup,gripper_r_finger1_body_w,vel,0.000000000,0.000000000,-0.000000000,1.010399580,-0.423731238,-0.374926448,0.000000000,0.000000000
58,1.159999,B,yup,gripper_r_finger2_body_p,pos,1.289326668,0.928339183,0.120479584,1.000000000,0.000000000,0.000000000,0.000000000,0.000000000
58,1.159999,B,yup,gripper_r_finger2_body_q,pos,0.000000000,0.000000000,-0.000000000,0.324192847,0.133354513,0.290740933,0.890272588,0.000000000
58,1.159999,B,yup,gripper_r_finger2_body_v,vel,-0.200916216,0.113578767,-0.607635617,0.000000000,0.000000000,-0.000000000,0.000000000,0.000000000
58,1.159999,B,yup,gripper_r_finger2_body_w,vel,0.000000000,0.000000000,-0.000000000,1.010506392,-0.423863918,-0.374797314,0.000000000,0.000000000
58,1.159999,B,yup,gripper_r_palm_body_p,pos,1.075153828,0.969620287,0.174452305,1.000000000,0.000000000,0.000000000,0.000000000,0.000000000
58,1.159999,B,yup,gripper_r_palm_body_q,pos,0.000000000,0.000000000,-0.000000000,-0.423944442,0.835075194,-0.323605596,0.134907186,0.000000000
58,1.159999,B,yup,gripper_r_palm_body_v,vel,-0.200918689,0.113586247,-0.607625902,0.000000000,0.000000000,-0.000000000,0.000000000,0.000000000
58,1.159999,B,yup,gripper_r_palm_body_w,vel,0.000000000,0.000000000,-0.000000000,1.010499835,-0.423855722,-0.374805272,0.000000000,0.000000000
59,1.179999,B,yup,gripper_l_finger1_body_p,pos,-1.394375324,0.785911322,0.406207561,1.000000000,0.000000000,0.000000000,0.000000000,0.000000000
59,1.179999,B,yup,gripper_l_finger1_body_q,pos,0.000000000,0.000000000,-0.000000000,0.804933120,-0.061708100,-0.589849946,0.018756956,0.000000000
59,1.179999,B,yup,gripper_l_finger1_body_v,vel,-0.476225406,-0.203187481,0.032624766,0.000000000,0.000000000,-0.000000000,0.000000000,0.000000000
59,1.179999,B,yup,gripper_l_finger1_body_w,vel,0.000000000,0.000000000,-0.000000000,-0.377398431,0.044923384,-1.082073331,0.000000000,0.000000000
59,1.179999,B,yup,gripper_l_finger2_body_p,pos,-1.301764011,0.766722322,0.395038128,1.000000000,0.000000000,0.000000000,0.000000000,0.000000000
59,1.179999,B,yup,gripper_l_finger2_body_q,pos,0.000000000,0.000000000,-0.000000000,-0.018744318,-0.589687160,0.061712104,0.805052371,0.000000000
59,1.179999,B,yup,gripper_l_finger2_body_v,vel,-0.476209044,-0.203225911,0.032305297,0.000000000,0.000000000,-0.000000000,0.000000000,0.000000000
59,1.179999,B,yup,gripper_l_finger2_body_w,vel,0.000000000,0.000000000,-0.000000000,-0.377413183,0.045266889,-1.082115293,0.000000000,0.000000000
59,1.179999,B,yup,gripper_l_palm_body_p,pos,-1.146954536,0.782983184,0.369700432,1.000000000,0.000000000,0.000000000,0.000000000,0.000000000
59,1.179999,B,yup,gripper_l_palm_body_q,pos,0.000000000,0.000000000,-0.000000000,0.525588757,-0.612860562,-0.430275084,-0.403759510,0.000000000
59,1.179999,B,yup,gripper_l_palm_body_v,vel,-0.476224899,-0.203186378,0.032633558,0.000000000,0.000000000,-0.000000000,0.000000000,0.000000000
59,1.179999,B,yup,gripper_l_palm_body_w,vel,0.000000000,0.000000000,-0.000000000,-0.377398044,0.044914700,-1.082072258,0.000000000,0.000000000
59,1.179999,B,yup,gripper_r_finger1_body_p,pos,1.144918442,0.919630229,0.180742264,1.000000000,0.000000000,0.000000000,0.000000000,0.000000000
59,1.179999,B,yup,gripper_r_finger1_body_q,pos,0.000000000,0.000000000,-0.000000000,0.894220048,-0.282388358,0.139924705,-0.317881106,0.000000000
59,1.179999,B,yup,gripper_r_finger1_body_v,vel,-0.218802512,0.130001590,-0.714999914,0.000000000,0.000000000,-0.000000000,0.000000000,0.000000000
59,1.179999,B,yup,gripper_r_finger1_body_w,vel,0.000000000,0.000000000,-0.000000000,1.268141150,-0.428091139,-0.415020943,0.000000000,0.000000000
59,1.179999,B,yup,gripper_r_finger2_body_p,pos,1.291989326,0.930504143,0.127332211,1.000000000,0.000000000,0.000000000,0.000000000,0.000000000
59,1.179999,B,yup,gripper_r_finger2_body_q,pos,0.000000000,0.000000000,-0.000000000,0.317816523,0.139720394,0.282461254,0.894251927,0.000000000
59,1.179999,B,yup,gripper_r_finger2_body_v,vel,-0.218771249,0.129876688,-0.715159893,0.000000000,0.000000000,-0.000000000,0.000000000,0.000000000
59,1.179999,B,yup,gripper_r_finger2_body_w,vel,0.000000000,0.000000000,-0.000000000,1.268241286,-0.428221881,-0.414899290,0.000000000,0.000000000
59,1.179999,B,yup,gripper_r_palm_body_p,pos,1.077270508,0.970621765,0.180995941,1.000000000,0.000000000,0.000000000,0.000000000,0.000000000
59,1.179999,B,yup,gripper_r_palm_body_q,pos,0.000000000,0.000000000,-0.000000000,-0.432612118,0.832034394,-0.323597935,0.125896378,0.000000000
59,1.179999,B,yup,gripper_r_palm_body_v,vel,-0.218773410,0.129883021,-0.715151310,0.000000000,0.000000000,-0.000000000,0.000000000,0.000000000
59,1.179999,B,yup,gripper_r_palm_body_w,vel,0.000000000,0.000000000,-0.000000000,1.268235683,-0.428214461,-0.414906174,0.000000000,0.000000000
60,1.199999,B,yup,gripper_l_finger1_body_p,pos,-1.395261288,0.801494241,0.404675961,1.000000000,0.000000000,0.000000000,0.000000000,0.000000000
60,1.199999,B,yup,gripper_l_finger1_body_q,pos,0.000000000,0.000000000,-0.000000000,0.804494206,-0.057555184,-0.590502204,0.027993232,0.000000000
60,1.199999,B,yup,gripper_l_finger1_body_v,vel,-0.393955857,-0.179155082,0.028406529,0.000000000,0.000000000,-0.000000000,0.000000000,0.000000000
60,1.199999,B,yup,gripper_l_finger1_body_w,vel,0.000000000,0.000000000,-0.000000000,-0.181694180,-0.038369305,-0.897729278,0.000000000,0.000000000
60,1.199999,B,yup,gripper_l_finger2_body_p,pos,-1.303250790,0.781282663,0.393620491,1.000000000,0.000000000,0.000000000,0.000000000,0.000000000
60,1.199999,B,yup,gripper_l_finger2_body_q,pos,0.000000000,0.000000000,-0.000000000,-0.027981784,-0.590344372,0.057560887,0.804610022,0.000000000
60,1.199999,B,yup,gripper_l_finger2_body_v,vel,-0.393945783,-0.179200187,0.028048720,0.000000000,0.000000000,-0.000000000,0.000000000,0.000000000
60,1.199999,B,yup,gripper_l_finger2_body_w,vel,0.000000000,0.000000000,-0.000000000,-0.181703046,-0.037986375,-0.897777796,0.000000000,0.000000000
60,1.199999,B,yup,gripper_l_palm_body_p,pos,-1.147975445,0.796027780,0.368162632,1.000000000,0.000000000,0.000000000,0.000000000,0.000000000
60,1.199999,B,yup,gripper_l_palm_body_q,pos,0.000000000,0.000000000,-0.000000000,0.528213727,-0.609614011,-0.437268434,-0.397689996,0.000000000
60,1.199999,B,yup,gripper_l_palm_body_v,vel,-0.393957794,-0.179170504,0.028285220,0.000000000,0.000000000,-0.000000000,0.000000000,0.000000000
60,1.199999,B,yup,gripper_l_palm_body_w,vel,0.000000000,0.000000000,-0.000000000,-0.181697235,-0.038237158,-0.897746027,0.000000000,0.000000000
60,1.199999,B,yup,gripper_r_finger1_body_p,pos,1.147405148,0.923936665,0.186244011,1.000000000,0.000000000,0.000000000,0.000000000,0.000000000
60,1.199999,B,yup,gripper_r_finger1_body_q,pos,0.000000000,0.000000000,-0.000000000,0.898819306,-0.271937129,0.147103174,-0.310700354,0.000000000
60,1.199999,B,yup,gripper_r_finger1_body_v,vel,-0.239260763,0.144653842,-0.831202924,0.000000000,0.000000000,-0.000000000,0.000000000,0.000000000
60,1.199999,B,yup,gripper_r_finger1_body_w,vel,0.000000000,0.000000000,-0.000000000,1.524849296,-0.451096475,-0.458917588,0.000000000,0.000000000
60,1.199999,B,yup,gripper_r_finger2_body_p,pos,1.294777393,0.933521211,0.135105133,1.000000000,0.000000000,0.000000000,0.000000000,0.000000000
60,1.199999,B,yup,gripper_r_finger2_body_q,pos,0.000000000,0.000000000,-0.000000000,0.310638726,0.146899655,0.272007734,0.898852527,0.000000000
60,1.199999,B,yup,gripper_r_finger2_body_v,vel,-0.239230290,0.144529283,-0.831369519,0.000000000,0.000000000,-0.000000000,0.000000000,0.000000000
60,1.199999,B,yup,gripper_r_finger2_body_w,vel,0.000000000,0.000000000,-0.000000000,1.524950027,-0.451235175,-0.458795458,0.000000000,0.000000000
60,1.199999,B,yup,gripper_r_palm_body_p,pos,1.079490185,0.972144544,0.188490391,1.000000000,0.000000000,0.000000000,0.000000000,0.000000000
60,1.199999,B,yup,gripper_r_palm_body_q,pos,0.000000000,0.000000000,-0.000000000,-0.443256134,0.827895734,-0.323598679,0.115743457,0.000000000
60,1.199999,B,yup,gripper_r_palm_body_v,vel,-0.239229843,0.144524321,-0.831375539,0.000000000,0.000000000,-0.000000000,0.000000000,0.000000000
60,1.199999,B,yup,gripper_r_palm_body_w,vel,0.000000000,0.000000000,-0.000000000,1.524952888,-0.451239169,-0.458791941,0.000000000,0.000000000
61,1.219999,B,yup,gripper_l_finger1_body_p,pos,-1.395715714,0.813290477,0.403080463,1.000000000,0.000000000,0.000000000,0.000000000,0.000000000
61,1.219999,B,yup,gripper_l_finger1_body_q,pos,0.000000000,0.000000000,-0.000000000,0.804623828,-0.052796460,-0.590449508,0.034094114,0.000000000
61,1.219999,B,yup,gripper_l_finger1_body_v,vel,-0.278638959,-0.137547120,0.010499043,0.000000000,0.000000000,-0.000000000,0.000000000,0.000000000
61,1.219999,B,yup,gripper_l_finger1_body_w,vel,0.000000000,0.000000000,-0.000000000,0.029890792,-0.100305222,-0.635489047,0.000000000,0.000000000
61,1.219999,B,yup,gripper_l_finger2_body_p,pos,-1.304049969,0.792645812,0.392048836,1.000000000,0.000000000,0.000000000,0.000000000,0.000000000
61,1.219999,B,yup,gripper_l_finger2_body_q,pos,0.000000000,0.000000000,-0.000000000,-0.034084003,-0.590297815,0.052803103,0.804735113,0.000000000
61,1.219999,B,yup,gripper_l_finger2_body_v,vel,-0.278636992,-0.137649983,0.009683960,0.000000000,0.000000000,-0.000000000,0.000000000,0.000000000
61,1.219999,B,yup,gripper_l_finger2_body_w,vel,0.000000000,0.000000000,-0.000000000,0.029884208,-0.099432021,-0.635599256,0.000000000,0.000000000
61,1.219999,B,yup,gripper_l_palm_body_p,pos,-1.148550987,0.805904269,0.366713047,1.000000000,0.000000000,0.000000000,0.000000000,0.000000000
61,1.219999,B,yup,gripper_l_palm_body_q,pos,0.000000000,0.000000000,-0.000000000,0.531668743,-0.606340056,-0.441547189,-0.393339757,0.000000000
61,1.219999,B,yup,gripper_l_palm_body_v,vel,-0.278647333,-0.137605742,0.010035088,0.000000000,0.000000000,-0.000000000,0.000000000,0.000000000
61,1.219999,B,yup,gripper_l_palm_body_w,vel,0.000000000,0.000000000,-0.000000000,0.029887034,-0.099806614,-0.635551989,0.000000000,0.000000000
61,1.219999,B,yup,gripper_r_finger1_body_p,pos,1.150098324,0.929156125,0.192579269,1.000000000,0.000000000,0.000000000,0.000000000,0.000000000
61,1.219999,B,yup,gripper_r_finger1_body_q,pos,0.000000000,0.000000000,-0.000000000,0.904007203,-0.259193600,0.155208946,-0.302489401,0.000000000
61,1.219999,B,yup,gripper_r_finger1_body_v,vel,-0.268250734,0.163137138,-0.963648915,0.000000000,0.000000000,-0.000000000,0.000000000,0.000000000
61,1.219999,B,yup,gripper_r_finger1_body_w,vel,0.000000000,0.000000000,-0.000000000,1.806493998,-0.486426800,-0.520233274,0.000000000,0.000000000
61,1.219999,B,yup,gripper_r_finger2_body_p,pos,1.297778606,0.937176883,0.144006729,1.000000000,0.000000000,0.000000000,0.000000000,0.000000000
61,1.219999,B,yup,gripper_r_finger2_body_q,pos,0.000000000,0.000000000,-0.000000000,0.302431167,0.155006066,0.259261758,0.904041951,0.000000000
61,1.219999,B,yup,gripper_r_finger2_body_v,vel,-0.268234432,0.163071066,-0.963742614,0.000000000,0.000000000,-0.000000000,0.000000000,0.000000000
61,1.219999,B,yup,gripper_r_finger2_body_w,vel,0.000000000,0.000000000,-0.000000000,1.806548238,-0.486506283,-0.520167768,0.000000000,0.000000000
61,1.219999,B,yup,gripper_r_palm_body_p,pos,1.081877708,0.973976672,0.197100163,1.000000000,0.000000000,0.000000000,0.000000000,0.000000000
61,1.219999,B,yup,gripper_r_palm_body_q,pos,0.000000000,0.000000000,-0.000000000,-0.455937415,0.822552380,-0.323526889,0.104206569,0.000000000
61,1.219999,B,yup,gripper_r_palm_body_v,vel,-0.268234432,0.163067952,-0.963746428,0.000000000,0.000000000,-0.000000000,0.000000000,0.000000000
61,1.219999,B,yup,gripper_r_palm_body_w,vel,0.000000000,0.000000000,-0.000000000,1.806549788,-0.486508518,-0.520165920,0.000000000,0.000000000
62,1.239999,B,yup,gripper_l_finger1_body_p,pos,-1.395864010,0.820545673,0.401757717,1.000000000,0.000000000,0.000000000,0.000000000,0.000000000
62,1.239999,B,yup,gripper_l_finger1_body_q,pos,0.000000000,0.000000000,-0.000000000,0.805262703,-0.047399056,-0.589844590,0.037264843,0.000000000
62,1.239999,B,yup,gripper_l_finger1_body_v,vel,-0.194691420,-0.196915016,-0.003770481,0.000000000,0.000000000,-0.000000000,0.000000000,0.000000000
62,1.239999,B,yup,gripper_l_finger1_body_w,vel,0.000000000,0.000000000,-0.000000000,0.233580068,-0.153387263,-0.453169435,0.000000000,0.000000000
62,1.239999,B,yup,gripper_l_finger2_body_p,pos,-1.304308891,0.800019860,0.390652180,1.000000000,0.000000000,0.000000000,0.000000000,0.000000000
62,1.239999,B,yup,gripper_l_finger2_body_q,pos,0.000000000,0.000000000,-0.000000000,-0.037256125,-0.589699201,0.047405995,0.805369173,0.000000000
62,1.239999,B,yup,gripper_l_finger2_body_v,vel,-0.194693908,-0.197038278,-0.004787805,0.000000000,0.000000000,-0.000000000,0.000000000,0.000000000
62,1.239999,B,yup,gripper_l_finger2_body_w,vel,0.000000000,0.000000000,-0.000000000,0.233584553,-0.152300209,-0.453301162,0.000000000,0.000000000
62,1.239999,B,yup,gripper_l_palm_body_p,pos,-1.148787498,0.811804771,0.365640640,1.000000000,0.000000000,0.000000000,0.000000000,0.000000000
62,1.239999,B,yup,gripper_l_palm_body_q,pos,0.000000000,0.000000000,-0.000000000,0.535935145,-0.602973755,-0.443364259,-0.390671608,0.000000000
62,1.239999,B,yup,gripper_l_palm_body_v,vel,-0.194701523,-0.196997270,-0.004449621,0.000000000,0.000000000,-0.000000000,0.000000000,0.000000000
62,1.239999,B,yup,gripper_l_palm_body_w,vel,0.000000000,0.000000000,-0.000000000,0.233583063,-0.152661189,-0.453257442,0.000000000,0.000000000
62,1.239999,B,yup,gripper_r_finger1_body_p,pos,1.153073788,0.935165584,0.199969769,1.000000000,0.000000000,0.000000000,0.000000000,0.000000000
62,1.239999,B,yup,gripper_r_finger1_body_q,pos,0.000000000,0.000000000,-0.000000000,0.909808687,-0.243822276,0.164362326,-0.292888849,0.000000000
62,1.239999,B,yup,gripper_r_finger1_body_v,vel,-0.310236096,0.189244375,-1.122194409,0.000000000,0.000000000,-0.000000000,0.000000000,0.000000000
62,1.239999,B,yup,gripper_r_finger1_body_w,vel,0.000000000,0.000000000,-0.000000000,2.139464855,-0.530616522,-0.608871579,0.000000000,0.000000000
62,1.239999,B,yup,gripper_r_finger2_body_p,pos,1.301075459,0.941247642,0.154291630,1.000000000,0.000000000,0.000000000,0.000000000,0.000000000
62,1.239999,B,yup,gripper_r_finger2_body_q,pos,0.000000000,0.000000000,-0.000000000,0.292834193,0.164158583,0.243888125,0.909845414,0.000000000
62,1.239999,B,yup,gripper_r_finger2_body_v,vel,-0.310223907,0.189193383,-1.122271657,0.000000000,0.000000000,-0.000000000,0.000000000,0.000000000
62,1.239999,B,yup,gripper_r_finger2_body_w,vel,0.000000000,0.000000000,-0.000000000,2.139507055,-0.530682683,-0.608821273,0.000000000,0.000000000
62,1.239999,B,yup,gripper_r_palm_body_p,pos,1.084500313,0.975879490,0.207042217,1.000000000,0.000000000,0.000000000,0.000000000,0.000000000
62,1.239999,B,yup,gripper_r_palm_body_q,pos,0.000000000,0.000000000,-0.000000000,-0.470910753,0.815785269,-0.323212054,0.090947381,0.000000000
62,1.239999,B,yup,gripper_r_palm_body_v,vel,-0.310228229,0.189209595,-1.122246623,0.000000000,0.000000000,-0.000000000,0.000000000,0.000000000
62,1.239999,B,yup,gripper_r_palm_body_w,vel,0.000000000,0.000000000,-0.000000000,2.139493227,-0.530661106,-0.608837664,0.000000000,0.000000000
63,1.259999,B,yup,gripper_l_finger1_body_p,pos,-1.395794868,0.822859526,0.400919914,1.000000000,0.000000000,0.000000000,0.000000000,0.000000000
63,1.259999,B,yup,gripper_l_finger1_body_q,pos,0.000000000,0.000000000,-0.000000000,0.806259019,-0.041704084,-0.588856156,0.038152218,0.000000000
63,1.259999,B,yup,gripper_l_finger1_body_v,vel,-0.107465841,-0.269945949,-0.014261691,0.000000000,0.000000000,-0.000000000,0.000000000,0.000000000
63,1.259999,B,yup,gripper_l_finger1_body_w,vel,0.000000000,0.000000000,-0.000000000,0.374246091,-0.175060481,-0.264928192,0.000000000,0.000000000
63,1.259999,B,yup,gripper_l_finger2_body_p,pos,-1.304167271,0.802856565,0.389675140,1.000000000,0.000000000,0.000000000,0.000000000,0.000000000
63,1.259999,B,yup,gripper_l_finger2_body_q,pos,0.000000000,0.000000000,-0.000000000,-0.038144835,-0.588716451,0.041710913,0.806361031,0.000000000
63,1.259999,B,yup,gripper_l_finger2_body_v,vel,-0.107471228,-0.270045936,-0.015148112,0.000000000,0.000000000,-0.000000000,0.000000000,0.000000000
63,1.259999,B,yup,gripper_l_finger2_body_w,vel,0.000000000,0.000000000,-0.000000000,0.374257892,-0.174114242,-0.265035033,0.000000000,0.000000000
63,1.259999,B,yup,gripper_l_palm_body_p,pos,-1.148769855,0.813225627,0.365116596,1.000000000,0.000000000,0.000000000,0.000000000,0.000000000
63,1.259999,B,yup,gripper_l_palm_body_q,pos,0.000000000,0.000000000,-0.000000000,0.540665690,-0.599650444,-0.443294347,-0.389345706,0.000000000
63,1.259999,B,yup,gripper_l_palm_body_v,vel,-0.107473016,-0.270029396,-0.015001576,0.000000000,0.000000000,-0.000000000,0.000000000,0.000000000
63,1.259999,B,yup,gripper_l_palm_body_w,vel,0.000000000,0.000000000,-0.000000000,0.374255925,-0.174271464,-0.265017301,0.000000000,0.000000000
63,1.259999,B,yup,gripper_r_finger1_body_p,pos,1.156288147,0.940833867,0.208117485,1.000000000,0.000000000,0.000000000,0.000000000,0.000000000
63,1.259999,B,yup,gripper_r_finger1_body_q,pos,0.000000000,0.000000000,-0.000000000,0.915826098,-0.226992236,0.173970298,-0.281906756,0.000000000
63,1.259999,B,yup,gripper_r_finger1_body_v,vel,-0.352119654,0.218219638,-1.079497695,0.000000000,0.000000000,-0.000000000,0.000000000,0.000000000
63,1.259999,B,yup,gripper_r_finger1_body_w,vel,0.000000000,0.000000000,-0.000000000,2.039804697,-0.534519017,-0.701081395,0.000000000,0.000000000
63,1.259999,B,yup,gripper_r_finger2_body_p,pos,1.304634094,0.944591701,0.165471077,1.000000000,0.000000000,0.000000000,0.000000000,0.000000000
63,1.259999,B,yup,gripper_r_finger2_body_q,pos,0.000000000,0.000000000,-0.000000000,0.281853110,0.173754111,0.227059037,0.915867090,0.000000000
63,1.259999,B,yup,gripper_r_finger2_body_v,vel,-0.352466792,0.219635084,-1.077169299,0.000000000,0.000000000,-0.000000000,0.000000000,0.000000000
63,1.259999,B,yup,gripper_r_finger2_body_w,vel,0.000000000,0.000000000,-0.000000000,2.038627386,-0.532532632,-0.702464521,0.000000000,0.000000000
63,1.259999,B,yup,gripper_r_palm_body_p,pos,1.087345123,0.976979077,0.217779160,1.000000000,0.000000000,0.000000000,0.000000000,0.000000000
63,1.259999,B,yup,gripper_r_palm_body_q,pos,0.000000000,0.000000000,-0.000000000,-0.487067910,0.808141360,-0.322236688,0.076393128,0.000000000
63,1.259999,B,yup,gripper_r_palm_body_v,vel,-0.352296621,0.218866378,-1.078418136,0.000000000,0.000000000,-0.000000000,0.000000000,0.000000000
63,1.259999,B,yup,gripper_r_palm_body_w,vel,0.000000000,0.000000000,-0.000000000,2.039258718,-0.533597827,-0.701722860,0.000000000,0.000000000
64,1.279999,B,yup,gripper_l_finger1_body_p,pos,-1.395536900,0.819872975,0.400702000,1.000000000,0.000000000,0.000000000,0.000000000,0.000000000
64,1.279999,B,yup,gripper_l_finger1_body_q,pos,0.000000000,0.000000000,-0.000000000,0.807363658,-0.036852383,-0.587724992,0.037217726,0.000000000
64,1.279999,B,yup,gripper_l_finger1_body_v,vel,0.000547148,-0.315149307,-0.008392618,0.000000000,0.000000000,-0.000000000,0.000000000,0.000000000
64,1.279999,B,yup,gripper_l_finger1_body_w,vel,0.000000000,0.000000000,-0.000000000,0.403456211,-0.158806205,-0.032978442,0.000000000,0.000000000
64,1.279999,B,yup,gripper_l_finger2_body_p,pos,-1.303703785,0.800588608,0.389304161,1.000000000,0.000000000,0.000000000,0.000000000,0.000000000
64,1.279999,B,yup,gripper_l_finger2_body_q,pos,0.000000000,0.000000000,-0.000000000,-0.037211325,-0.587588190,0.036858901,0.807463224,0.000000000
64,1.279999,B,yup,gripper_l_finger2_body_v,vel,0.000538181,-0.315226942,-0.009141945,0.000000000,0.000000000,-0.000000000,0.000000000,0.000000000
64,1.279999,B,yup,gripper_l_finger2_body_w,vel,0.000000000,0.000000000,-0.000000000,0.403469741,-0.158004031,-0.033061724,0.000000000,0.000000000
64,1.279999,B,yup,gripper_l_palm_body_p,pos,-1.148519516,0.809845805,0.365214348,1.000000000,0.000000000,0.000000000,0.000000000,0.000000000
64,1.279999,B,yup,gripper_l_palm_body_q,pos,0.000000000,0.000000000,-0.000000000,0.544876578,-0.596999705,-0.441835344,-0.389207393,0.000000000
64,1.279999,B,yup,gripper_l_palm_body_v,vel,0.000543944,-0.315229595,-0.009166552,0.000000000,0.000000000,-0.000000000,0.000000000,0.000000000
64,1.279999,B,yup,gripper_l_palm_body_w,vel,0.000000000,0.000000000,-0.000000000,0.403470129,-0.157981008,-0.033064116,0.000000000,0.000000000
64,1.279999,B,yup,gripper_r_finger1_body_p,pos,1.159629822,0.944081843,0.216269016,1.000000000,0.000000000,0.000000000,0.000000000,0.000000000
64,1.279999,B,yup,gripper_r_finger1_body_q,pos,0.000000000,0.000000000,-0.000000000,0.921161557,-0.212176400,0.182754623,-0.270265255,0.000000000
64,1.279999,B,yup,gripper_r_finger1_body_v,vel,-0.397278994,0.253538609,-0.973039806,0.000000000,0.000000000,-0.000000000,0.000000000,0.000000000
64,1.279999,B,yup,gripper_r_finger1_body_w,vel,0.000000000,0.000000000,-0.000000000,1.784960985,-0.551896691,-0.798400700,0.000000000,0.000000000
64,1.279999,B,yup,gripper_r_finger2_body_p,pos,1.308337212,0.945347250,0.176373482,1.000000000,0.000000000,0.000000000,0.000000000,0.000000000
64,1.279999,B,yup,gripper_r_finger2_body_q,pos,0.000000000,0.000000000,-0.000000000,0.270210770,0.182518346,0.212245969,0.921208360,0.000000000
64,1.279999,B,yup,gripper_r_finger2_body_v,vel,-0.397632241,0.254802138,-0.970765591,0.000000000,0.000000000,-0.000000000,0.000000000,0.000000000
64,1.279999,B,yup,gripper_r_finger2_body_w,vel,0.000000000,0.000000000,-0.000000000,1.783887267,-0.549945712,-0.799651384,0.000000000,0.000000000
64,1.279999,B,yup,gripper_r_palm_body_p,pos,1.090323925,0.976048172,0.228082657,1.000000000,0.000000000,0.000000000,0.000000000,0.000000000
64,1.279999,B,yup,gripper_r_palm_body_q,pos,0.000000000,0.000000000,-0.000000000,0.501318629,-0.801440059,0.320210725,-0.061956081,0.000000000
64,1.279999,B,yup,gripper_r_palm_body_v,vel,-0.397455841,0.253963232,-0.972225666,0.000000000,0.000000000,-0.000000000,0.000000000,0.000000000
64,1.279999,B,yup,gripper_r_palm_body_w,vel,0.000000000,0.000000000,-0.000000000,1.784584522,-0.551212668,-0.798839211,0.000000000,0.000000000
65,1.299999,B,yup,gripper_l_finger1_body_p,pos,-1.395069122,0.811456442,0.401144028,1.000000000,0.000000000,0.000000000,0.000000000,0.000000000
65,1.299999,B,yup,gripper_l_finger1_body_q,pos,0.000000000,0.000000000,-0.000000000,0.808352651,-0.034549501,-0.586692930,0.034113489,0.000000000
65,1.299999,B,yup,gripper_l_finger1_body_v,vel,0.175381988,-0.194574878,0.008722465,0.000000000,0.000000000,-0.000000000,0.000000000,0.000000000
65,1.299999,B,yup,gripper_l_finger1_body_w,vel,0.000000000,0.000000000,-0.000000000,0.324189812,-0.106522985,0.360380203,0.000000000,0.000000000
65,1.299999,B,yup,gripper_l_finger2_body_p,pos,-1.302906513,0.792944312,0.389626026,1.000000000,0.000000000,0.000000000,0.000000000,0.000000000
65,1.299999,B,yup,gripper_l_finger2_body_q,pos,0.000000000,0.000000000,-0.000000000,-0.034107775,-0.586562877,0.034555205,0.808447023,0.000000000
65,1.299999,B,yup,gripper_l_finger2_body_v,vel,0.175371468,-0.194656059,0.007878173,0.000000000,0.000000000,-0.000000000,0.000000000,0.000000000
65,1.299999,B,yup,gripper_l_finger2_body_w,vel,0.000000000,0.000000000,-0.000000000,0.324203104,-0.105616473,0.360292882,0.000000000,0.000000000
65,1.299999,B,yup,gripper_l_palm_body_p,pos,-1.147988796,0.801823020,0.365911007,1.000000000,0.000000000,0.000000000,0.000000000,0.000000000
65,1.299999,B,yup,gripper_l_palm_body_q,pos,0.000000000,0.000000000,-0.000000000,0.547200863,-0.596066237,-0.438916147,-0.390677453,0.000000000
65,1.299999,B,yup,gripper_l_palm_body_v,vel,0.175381750,-0.194663331,0.007804277,0.000000000,0.000000000,-0.000000000,0.000000000,0.000000000
65,1.299999,B,yup,gripper_l_palm_body_w,vel,0.000000000,0.000000000,-0.000000000,0.324204206,-0.105542637,0.360285759,0.000000000,0.000000000
65,1.299999,B,yup,gripper_r_finger1_body_p,pos,1.163132191,0.944927752,0.224374294,1.000000000,0.000000000,0.000000000,0.000000000,0.000000000
65,1.299999,B,yup,gripper_r_finger1_body_q,pos,0.000000000,0.000000000,-0.000000000,0.925913453,-0.199346602,0.190866813,-0.257905155,0.000000000
65,1.299999,B,yup,gripper_r_finger1_body_v,vel,-0.443343282,0.286684990,-0.903937399,0.000000000,0.000000000,-0.000000000,0.000000000,0.000000000
65,1.299999,B,yup,gripper_r_finger1_body_w,vel,0.000000000,0.000000000,-0.000000000,1.610861540,-0.568313718,-0.898420453,0.000000000,0.000000000
65,1.299999,B,yup,gripper_r_finger2_body_p,pos,1.312208652,0.943547428,0.186992645,1.000000000,0.000000000,0.000000000,0.000000000,0.000000000
65,1.299999,B,yup,gripper_r_finger2_body_q,pos,0.000000000,0.000000000,-0.000000000,0.257850589,0.190613644,0.199417369,0.925965564,0.000000000
65,1.299999,B,yup,gripper_r_finger2_body_v,vel,-0.443633676,0.287738830,-0.901913345,0.000000000,0.000000000,-0.000000000,0.000000000,0.000000000
65,1.299999,B,yup,gripper_r_finger2_body_w,vel,0.000000000,0.000000000,-0.000000000,1.609960556,-0.566546559,-0.899469733,0.000000000,0.000000000
65,1.299999,B,yup,gripper_r_palm_body_p,pos,1.093449593,0.973115504,0.237963200,1.000000000,0.000000000,0.000000000,0.000000000,0.000000000
65,1.299999,B,yup,gripper_r_palm_body_q,pos,0.000000000,0.000000000,-0.000000000,0.513752724,-0.795729466,0.317203316,-0.047484849,0.000000000
65,1.299999,B,yup,gripper_r_palm_body_v,vel,-0.443492174,0.287028044,-0.903231859,0.000000000,0.000000000,-0.000000000,0.000000000,0.000000000
65,1.299999,B,yup,gripper_r_palm_body_w,vel,0.000000000,0.000000000,-0.000000000,1.610554099,-0.567710817,-0.898778439,0.000000000,0.000000000
66,1.319999,B,yup,gripper_l_finger1_body_p,pos,-1.394404411,0.798214912,0.402164936,1.000000000,0.000000000,0.000000000,0.000000000,0.000000000
66,1.319999,B,yup,gripper_l_finger1_body_q,pos,0.000000000,0.000000000,-0.000000000,0.809065826,-0.036888816,-0.585937383,0.027001619,0.000000000
66,1.319999,B,yup,gripper_l_finger1_body_v,vel,0.454363495,0.269062549,0.011068572,0.000000000,0.000000000,-0.000000000,0.000000000,0.000000000
66,1.319999,B,yup,gripper_l_finger1_body_w,vel,0.000000000,0.000000000,-0.000000000,0.193596542,-0.026343606,1.042614579,0.000000000,0.000000000
66,1.319999,B,yup,gripper_l_finger2_body_p,pos,-1.301718235,0.780585885,0.390566826,1.000000000,0.000000000,0.000000000,0.000000000,0.000000000
66,1.319999,B,yup,gripper_l_finger2_body_q,pos,0.000000000,0.000000000,-0.000000000,-0.026995810,-0.585813406,0.036893171,0.809155593,0.000000000
66,1.319999,B,yup,gripper_l_finger2_body_v,vel,0.454351544,0.269005507,0.010446589,0.000000000,0.000000000,-0.000000000,0.000000000,0.000000000
66,1.319999,B,yup,gripper_l_finger2_body_w,vel,0.000000000,0.000000000,-0.000000000,0.193596855,-0.025671327,1.042552948,0.000000000,0.000000000
66,1.319999,B,yup,gripper_l_palm_body_p,pos,-1.147147179,0.790424705,0.367054939,1.000000000,0.000000000,0.000000000,0.000000000,0.000000000
66,1.319999,B,yup,gripper_l_palm_body_q,pos,0.000000000,0.000000000,-0.000000000,0.546046314,-0.598218440,-0.433360636,-0.395179301,0.000000000
66,1.319999,B,yup,gripper_l_palm_body_v,vel,0.454364955,0.268987328,0.010248381,0.000000000,0.000000000,-0.000000000,0.000000000,0.000000000
66,1.319999,B,yup,gripper_l_palm_body_w,vel,0.000000000,0.000000000,-0.000000000,0.193596959,-0.025462680,1.042533875,0.000000000,0.000000000
66,1.319999,B,yup,gripper_r_finger1_body_p,pos,1.166730404,0.943699896,0.232360363,1.000000000,0.000000000,0.000000000,0.000000000,0.000000000
66,1.319999,B,yup,gripper_r_finger1_body_q,pos,0.000000000,0.000000000,-0.000000000,0.930223319,-0.188079608,0.198422131,-0.244825032,0.000000000
66,1.319999,B,yup,gripper_r_finger1_body_v,vel,-0.484540969,0.316922784,-0.845082045,0.000000000,0.000000000,-0.000000000,0.000000000,0.000000000
66,1.319999,B,yup,gripper_r_finger1_body_w,vel,0.000000000,0.000000000,-0.000000000,1.468150616,-0.575018585,-0.988890290,0.000000000,0.000000000
66,1.319999,B,yup,gripper_r_finger2_body_p,pos,1.316172123,0.939522684,0.197297096,1.000000000,0.000000000,0.000000000,0.000000000,0.000000000
66,1.319999,B,yup,gripper_r_finger2_body_q,pos,0.000000000,0.000000000,-0.000000000,0.244770946,0.198154987,0.188150184,0.930280223,0.000000000
66,1.319999,B,yup,gripper_r_finger2_body_v,vel,-0.484785795,0.317841381,-0.843210399,0.000000000,0.000000000,-0.000000000,0.000000000,0.000000000
66,1.319999,B,yup,gripper_r_finger2_body_w,vel,0.000000000,0.000000000,-0.000000000,1.467367053,-0.573353291,-0.989810109,0.000000000,0.000000000
66,1.319999,B,yup,gripper_r_palm_body_p,pos,1.096661091,0.968429863,0.247437000,1.000000000,0.000000000,0.000000000,0.000000000,0.000000000
66,1.319999,B,yup,gripper_r_palm_body_q,pos,0.000000000,0.000000000,-0.000000000,0.524769379,-0.790810828,0.313293936,-0.032897473,0.000000000
66,1.319999,B,yup,gripper_r_palm_body_v,vel,-0.484670997,0.317228705,-0.844417393,0.000000000,0.000000000,-0.000000000,0.000000000,0.000000000
66,1.319999,B,yup,gripper_r_palm_body_w,vel,0.000000000,0.000000000,-0.000000000,1.467877388,-0.574437976,-0.989210963,0.000000000,0.000000000
67,1.339999,B,yup,gripper_l_finger1_body_p,pos,-1.393566132,0.782893300,0.403472900,1.000000000,0.000000000,0.000000000,0.000000000,0.000000000
67,1.339999,B,yup,gripper_l_finger1_body_q,pos,0.000000000,0.000000000,-0.000000000,0.809450625,-0.043968908,-0.585308790,0.016432960,0.000000000
67,1.339999,B,yup,gripper_l_finger1_body_v,vel,0.528755426,0.486769557,0.058360916,0.000000000,0.000000000,-0.000000000,0.000000000,0.000000000
67,1.339999,B,yup,gripper_l_finger1_body_w,vel,0.000000000,0.000000000,-0.000000000,0.024068540,-0.001552210,1.249698162,0.000000000,0.000000000
67,1.339999,B,yup,gripper_l_finger2_body_p,pos,-1.300179482,0.766169310,0.391860485,1.000000000,0.000000000,0.000000000,0.000000000,0.000000000
67,1.339999,B,yup,gripper_l_finger2_body_q,pos,0.000000000,0.000000000,-0.000000000,-0.016426174,-0.585186727,0.043971602,0.809538865,0.000000000
67,1.339999,B,yup,gripper_l_finger2_body_v,vel,0.528743029,0.486764371,0.058307391,0.000000000,0.000000000,-0.000000000,0.000000000,0.000000000
67,1.339999,B,yup,gripper_l_finger2_body_w,vel,0.000000000,0.000000000,-0.000000000,0.024066845,-0.001484292,1.249691963,0.000000000,0.000000000
67,1.339999,B,yup,gripper_l_palm_body_p,pos,-1.146085739,0.778297067,0.368391514,1.000000000,0.000000000,0.000000000,0.000000000,0.000000000
67,1.339999,B,yup,gripper_l_palm_body_q,pos,0.000000000,0.000000000,-0.000000000,0.541307470,-0.603490775,-0.425450269,-0.402215335,0.000000000
67,1.339999,B,yup,gripper_l_palm_body_v,vel,0.528757930,0.486746937,0.058111388,0.000000000,0.000000000,-0.000000000,0.000000000,0.000000000
67,1.339999,B,yup,gripper_l_palm_body_w,vel,0.000000000,0.000000000,-0.000000000,0.024061654,-0.001276499,1.249673128,0.000000000,0.000000000
67,1.339999,B,yup,gripper_r_finger1_body_p,pos,1.170330524,0.940723240,0.240127087,1.000000000,0.000000000,0.000000000,0.000000000,0.000000000
67,1.339999,B,yup,gripper_r_finger1_body_q,pos,0.000000000,0.000000000,-0.000000000,0.934165932,-0.178062810,0.205456523,-0.231117425,0.000000000
67,1.339999,B,yup,gripper_r_finger1_body_v,vel,-0.518410921,0.342734814,-0.794843376,0.000000000,0.000000000,-0.000000000,0.000000000,0.000000000
67,1.339999,B,yup,gripper_r_finger1_body_w,vel,0.000000000,0.000000000,-0.000000000,1.354048610,-0.570711136,-1.064563036,0.000000000,0.000000000
67,1.339999,B,yup,gripper_r_finger2_body_p,pos,1.320118904,0.933615744,0.207205296,1.000000000,0.000000000,0.000000000,0.000000000,0.000000000
67,1.339999,B,yup,gripper_r_finger2_body_q,pos,0.000000000,0.000000000,-0.000000000,0.231064214,0.205177812,0.178132026,0.934227154,0.000000000
67,1.339999,B,yup,gripper_r_finger2_body_v,vel,-0.518619895,0.343562454,-0.793062270,0.000000000,0.000000000,-0.000000000,0.000000000,0.000000000
67,1.339999,B,yup,gripper_r_finger2_body_w,vel,0.000000000,0.000000000,-0.000000000,1.353349805,-0.569094360,-1.065396309,0.000000000,0.000000000
67,1.339999,B,yup,gripper_r_palm_body_p,pos,1.099870205,0.962261856,0.256465912,1.000000000,0.000000000,0.000000000,0.000000000,0.000000000
67,1.339999,B,yup,gripper_r_palm_body_q,pos,0.000000000,0.000000000,-0.000000000,0.534642490,-0.786516061,0.308573183,-0.018234141,0.000000000
67,1.339999,B,yup,gripper_r_palm_body_v,vel,-0.518526256,0.343027204,-0.794179380,0.000000000,0.000000000,-0.000000000,0.000000000,0.000000000
67,1.339999,B,yup,gripper_r_palm_body_w,vel,0.000000000,0.000000000,-0.000000000,1.353791475,-0.570116282,-1.064869642,0.000000000,0.000000000
68,1.359999,B,yup,gripper_l_finger1_body_p,pos,-1.392685413,0.770647407,0.404587746,1.000000000,0.000000000,0.000000000,0.000000000,0.000000000
68,1.359999,B,yup,gripper_l_finger1_body_q,pos,0.000000000,0.000000000,-0.000000000,0.809763264,-0.051887930,-0.584398094,0.008364613,0.000000000
68,1.359999,B,yup,gripper_l_finger1_body_v,vel,0.388632476,0.433646917,0.147044584,0.000000000,0.000000000,-0.000000000,0.000000000,0.000000000
68,1.359999,B,yup,gripper_l_finger1_body_w,vel,0.000000000,0.000000000,-0.000000000,-0.162207469,-0.041174822,0.938299000,0.000000000,0.000000000
68,1.359999,B,yup,gripper_l_finger2_body_p,pos,-1.298639297,0.754338861,0.393090725,1.000000000,0.000000000,0.000000000,0.000000000,0.000000000
68,1.359999,B,yup,gripper_l_finger2_body_q,pos,0.000000000,0.000000000,-0.000000000,-0.008356399,-0.584272319,0.051889445,0.809854008,0.000000000
68,1.359999,B,yup,gripper_l_finger2_body_v,vel,0.388620406,0.433696151,0.147572443,0.000000000,0.000000000,-0.000000000,0.000000000,0.000000000
68,1.359999,B,yup,gripper_l_finger2_body_w,vel,0.000000000,0.000000000,-0.000000000,-0.162180454,-0.041745201,0.938352823,0.000000000,0.000000000
68,1.359999,B,yup,gripper_l_palm_body_p,pos,-1.145068169,0.768818855,0.369632721,1.000000000,0.000000000,0.000000000,0.000000000,0.000000000
68,1.359999,B,yup,gripper_l_palm_body_q,pos,0.000000000,0.000000000,-0.000000000,0.535924496,-0.609306038,-0.419107885,-0.407283277,0.000000000
68,1.359999,B,yup,gripper_l_palm_body_v,vel,0.388634324,0.433671653,0.147305772,0.000000000,0.000000000,-0.000000000,0.000000000,0.000000000
68,1.359999,B,yup,gripper_l_palm_body_w,vel,0.000000000,0.000000000,-0.000000000,-0.162194163,-0.041455824,0.938325524,0.000000000,0.000000000
68,1.359999,B,yup,gripper_r_finger1_body_p,pos,1.173833847,0.936323225,0.247573853,1.000000000,0.000000000,0.000000000,0.000000000,0.000000000
68,1.359999,B,yup,gripper_r_finger1_body_q,pos,0.000000000,0.000000000,-0.000000000,0.937782226,-0.169037640,0.211977884,-0.216924295,0.000000000
68,1.359999,B,yup,gripper_r_finger1_body_v,vel,-0.543439925,0.363273174,-0.749154747,0.000000000,0.000000000,-0.000000000,0.000000000,0.000000000
68,1.359999,B,yup,gripper_r_finger1_body_w,vel,0.000000000,0.000000000,-0.000000000,1.259766102,-0.555699885,-1.122440934,0.000000000,0.000000000
68,1.359999,B,yup,gripper_r_finger2_body_p,pos,1.323937893,0.926178515,0.216624737,1.000000000,0.000000000,0.000000000,0.000000000,0.000000000
68,1.359999,B,yup,gripper_r_finger2_body_q,pos,0.000000000,0.000000000,-0.000000000,0.216872960,0.211693569,0.169103667,0.937846417,0.000000000
68,1.359999,B,yup,gripper_r_finger2_body_v,vel,-0.543562233,0.363829494,-0.747900009,0.000000000,0.000000000,-0.000000000,0.000000000,0.000000000
68,1.359999,B,yup,gripper_r_finger2_body_w,vel,0.000000000,0.000000000,-0.000000000,1.259305000,-0.554532111,-1.123003721,0.000000000,0.000000000
68,1.359999,B,yup,gripper_r_palm_body_p,pos,1.102986813,0.954892814,0.264994621,1.000000000,0.000000000,0.000000000,0.000000000,0.000000000
68,1.359999,B,yup,gripper_r_palm_body_q,pos,0.000000000,0.000000000,-0.000000000,0.543583816,-0.782690944,0.303147883,-0.003589111,0.000000000
68,1.359999,B,yup,gripper_r_palm_body_v,vel,-0.543490350,0.363399029,-0.748852193,0.000000000,0.000000000,-0.000000000,0.000000000,0.000000000
68,1.359999,B,yup,gripper_r_palm_body_w,vel,0.000000000,0.000000000,-0.000000000,1.259657025,-0.555423677,-1.122574091,0.000000000,0.000000000
69,1.379999,B,yup,gripper_l_finger1_body_p,pos,-1.392205715,0.764529705,0.405145168,1.000000000,0.000000000,0.000000000,0.000000000,0.000000000
69,1.379999,B,yup,gripper_l_finger1_body_q,pos,0.000000000,0.000000000,-0.000000000,0.810170654,-0.058486708,-0.583250583,0.004644809,0.000000000
69,1.379999,B,yup,gripper_l_finger1_body_v,vel,0.172743976,0.293194383,0.209877729,0.000000000,0.000000000,-0.000000000,0.000000000,0.000000000
69,1.379999,B,yup,gripper_l_finger1_body_w,vel,0.000000000,0.000000000,-0.000000000,-0.287306041,-0.093959555,0.444830447,0.000000000,0.000000000
69,1.379999,B,yup,gripper_l_finger2_body_p,pos,-1.297630787,0.748087406,0.393871307,1.000000000,0.000000000,0.000000000,0.000000000,0.000000000
69,1.379999,B,yup,gripper_l_finger2_body_q,pos,0.000000000,0.000000000,-0.000000000,-0.004635261,-0.583120467,0.058487669,0.810264295,0.000000000
69,1.379999,B,yup,gripper_l_finger2_body_v,vel,0.172744066,0.293253779,0.210466295,0.000000000,0.000000000,-0.000000000,0.000000000,0.000000000
69,1.379999,B,yup,gripper_l_finger2_body_w,vel,0.000000000,0.000000000,-0.000000000,-0.287266940,-0.094599724,0.444895029,0.000000000,0.000000000
69,1.379999,B,yup,gripper_l_palm_body_p,pos,-1.144519806,0.764365911,0.370440960,1.000000000,0.000000000,0.000000000,0.000000000,0.000000000
69,1.379999,B,yup,gripper_l_palm_body_q,pos,0.000000000,0.000000000,-0.000000000,0.531544537,-0.614257805,-0.415668989,-0.409105177,0.000000000
69,1.379999,B,yup,gripper_l_palm_body_v,vel,0.172747269,0.293256879,0.210495263,0.000000000,0.000000000,-0.000000000,0.000000000,0.000000000
69,1.379999,B,yup,gripper_l_palm_body_w,vel,0.000000000,0.000000000,-0.000000000,-0.287264824,-0.094634302,0.444898516,0.000000000,0.000000000
69,1.379999,B,yup,gripper_r_finger1_body_p,pos,1.177154064,0.930805862,0.254610538,1.000000000,0.000000000,0.000000000,0.000000000,0.000000000
69,1.379999,B,yup,gripper_r_finger1_body_q,pos,0.000000000,0.000000000,-0.000000000,0.941091000,-0.160807148,0.217981577,-0.202417448,0.000000000
69,1.379999,B,yup,gripper_r_finger1_body_v,vel,-0.558857620,0.377698392,-0.706261933,0.000000000,0.000000000,-0.000000000,0.000000000,0.000000000
69,1.379999,B,yup,gripper_r_finger1_body_w,vel,0.000000000,0.000000000,-0.000000000,1.179358125,-0.531877697,-1.160956502,0.000000000,0.000000000
69,1.379999,B,yup,gripper_r_finger2_body_p,pos,1.327530861,0.917549908,0.225465298,1.000000000,0.000000000,0.000000000,0.000000000,0.000000000
69,1.379999,B,yup,gripper_r_finger2_body_q,pos,0.000000000,0.000000000,-0.000000000,0.202368468,0.217695355,0.160868958,0.941157221,0.000000000
69,1.379999,B,yup,gripper_r_finger2_body_v,vel,-0.558933735,0.378094882,-0.705322683,0.000000000,0.000000000,-0.000000000,0.000000000,0.000000000
69,1.379999,B,yup,gripper_r_finger2_body_w,vel,0.000000000,0.000000000,-0.000000000,1.179037571,-0.530984640,-1.161359549,0.000000000,0.000000000
69,1.379999,B,yup,gripper_r_palm_body_p,pos,1.105930805,0.946596801,0.272965431,1.000000000,0.000000000,0.000000000,0.000000000,0.000000000
69,1.379999,B,yup,gripper_r_palm_body_q,pos,0.000000000,0.000000000,-0.000000000,0.551745768,-0.779209612,0.297136157,0.010912877,0.000000000
69,1.379999,B,yup,gripper_r_palm_body_v,vel,-0.558876157,0.377722561,-0.706193566,0.000000000,0.000000000,-0.000000000,0.000000000,0.000000000
69,1.379999,B,yup,gripper_r_palm_body_w,vel,0.000000000,0.000000000,-0.000000000,1.179336190,-0.531816661,-1.160984039,0.000000000,0.000000000
70,1.399999,B,yup,gripper_l_finger1_body_p,pos,-1.392333031,0.765136242,0.404973507,1.000000000,0.000000000,0.000000000,0.000000000,0.000000000
70,1.399999,B,yup,gripper_l_finger1_body_q,pos,0.000000000,0.000000000,-0.000000000,0.810718313,-0.062642172,-0.582050507,0.005383506,0.000000000
70,1.399999,B,yup,gripper_l_finger1_body_v,vel,-0.035511062,0.141847730,0.228575394,0.000000000,0.000000000,-0.000000000,0.000000000,0.000000000
70,1.399999,B,yup,gripper_l_finger1_body_w,vel,0.000000000,0.000000000,-0.000000000,-0.337589651,-0.132536396,-0.038316149,0.000000000,0.000000000
70,1.399999,B,yup,gripper_l_finger2_body_p,pos,-1.297410965,0.748112082,0.393984318,1.000000000,0.000000000,0.000000000,0.000000000,0.000000000
70,1.399999,B,yup,gripper_l_finger2_body_q,pos,0.000000000,0.000000000,-0.000000000,-0.005372871,-0.581914903,0.062643290,0.810815636,0.000000000
70,1.399999,B,yup,gripper_l_finger2_body_v,vel,-0.035500627,0.141927525,0.229303196,0.000000000,0.000000000,-0.000000000,0.000000000,0.000000000
70,1.399999,B,yup,gripper_l_finger2_body_w,vel,0.000000000,0.000000000,-0.000000000,-0.337538153,-0.133332536,-0.038229611,0.000000000,0.000000000
70,1.399999,B,yup,gripper_l_palm_body_p,pos,-1.144608974,0.765364647,0.370617867,1.000000000,0.000000000,0.000000000,0.000000000,0.000000000
70,1.399999,B,yup,gripper_l_palm_body_q,pos,0.000000000,0.000000000,-0.000000000,0.528994324,-0.617584348,-0.415341109,-0.407733173,0.000000000
70,1.399999,B,yup,gripper_l_palm_body_v,vel,-0.035504617,0.141949207,0.229505047,0.000000000,0.000000000,-0.000000000,0.000000000,0.000000000
70,1.399999,B,yup,gripper_l_palm_body_w,vel,0.000000000,0.000000000,-0.000000000,-0.337523639,-0.133556664,-0.038205251,0.000000000,0.000000000
70,1.399999,B,yup,gripper_r_finger1_body_p,pos,1.180221558,0.924453199,0.261159420,1.000000000,0.000000000,0.000000000,0.000000000,0.000000000
70,1.399999,B,yup,gripper_r_finger1_body_q,pos,0.000000000,0.000000000,-0.000000000,0.944099379,-0.153227867,0.223459037,-0.187786163,0.000000000
70,1.399999,B,yup,gripper_r_finger1_body_v,vel,-0.564459920,0.385461301,-0.664748251,0.000000000,0.000000000,-0.000000000,0.000000000,0.000000000
70,1.399999,B,yup,gripper_r_finger1_body_w,vel,0.000000000,0.000000000,-0.000000000,1.107879758,-0.501104116,-1.179491878,0.000000000,0.000000000
70,1.399999,B,yup,gripper_r_finger2_body_p,pos,1.330820084,0.908050001,0.233649731,1.000000000,0.000000000,0.000000000,0.000000000,0.000000000
70,1.399999,B,yup,gripper_r_finger2_body_q,pos,0.000000000,0.000000000,-0.000000000,0.187739460,0.223171754,0.153285249,0.944167303,0.000000000
70,1.399999,B,yup,gripper_r_finger2_body_v,vel,-0.564529538,0.385891646,-0.663677394,0.000000000,0.000000000,-0.000000000,0.000000000,0.000000000
70,1.399999,B,yup,gripper_r_finger2_body_w,vel,0.000000000,0.000000000,-0.000000000,1.107542753,-0.500064611,-1.179931521,0.000000000,0.000000000
70,1.399999,B,yup,gripper_r_palm_body_p,pos,1.108639240,0.937634528,0.280323982,1.000000000,0.000000000,0.000000000,0.000000000,0.000000000
70,1.399999,B,yup,gripper_r_palm_body_q,pos,0.000000000,0.000000000,-0.000000000,0.559234706,-0.775976230,0.290664520,0.025131063,0.000000000
70,1.399999,B,yup,gripper_r_palm_body_v,vel,-0.564482808,0.385554105,-0.664511323,0.000000000,0.000000000,-0.000000000,0.000000000,0.000000000
70,1.399999,B,yup,gripper_r_palm_body_w,vel,0.000000000,0.000000000,-0.000000000,1.107805490,-0.500875294,-1.179588675,0.000000000,0.000000000
71,1.419999,B,yup,gripper_l_finger1_body_p,pos,-1.392950535,0.771376133,0.404072762,1.000000000,0.000000000,0.000000000,0.000000000,0.000000000
71,1.419999,B,yup,gripper_l_finger1_body_q,pos,0.000000000,0.000000000,-0.000000000,0.811358121,-0.064163037,-0.580938824,0.009549177,0.000000000
71,1.419999,B,yup,gripper_l_finger1_body_v,vel,-0.194013327,0.019244550,0.211077675,0.000000000,0.000000000,-0.000000000,0.000000000,0.000000000
71,1.419999,B,yup,gripper_l_finger1_body_w,vel,0.000000000,0.000000000,-0.000000000,-0.320233881,-0.154410169,-0.409861922,0.000000000,0.000000000
71,1.419999,B,yup,gripper_l_finger2_body_p,pos,-1.297869682,0.753506780,0.393380642,1.000000000,0.000000000,0.000000000,0.000000000,0.000000000
71,1.419999,B,yup,gripper_l_finger2_body_q,pos,0.000000000,0.000000000,-0.000000000,-0.009537813,-0.580797085,0.064164915,0.811459573,0.000000000
71,1.419999,B,yup,gripper_l_finger2_body_v,vel,-0.193996087,0.019331262,0.211815119,0.000000000,0.000000000,-0.000000000,0.000000000,0.000000000
71,1.419999,B,yup,gripper_l_finger2_body_w,vel,0.000000000,0.000000000,-0.000000000,-0.320185810,-0.155217588,-0.409768105,0.000000000,0.000000000
71,1.419999,B,yup,gripper_l_palm_body_p,pos,-1.145205975,0.770920634,0.370119572,1.000000000,0.000000000,0.000000000,0.000000000,0.000000000
71,1.419999,B,yup,gripper_l_palm_body_q,pos,0.000000000,0.000000000,-0.000000000,0.528374077,-0.619115353,-0.417495966,-0.403997690,0.000000000
71,1.419999,B,yup,gripper_l_palm_body_v,vel,-0.194004133,0.019363679,0.212098256,0.000000000,0.000000000,-0.000000000,0.000000000,0.000000000
71,1.419999,B,yup,gripper_l_palm_body_w,vel,0.000000000,0.000000000,-0.000000000,-0.320167243,-0.155529216,-0.409731895,0.000000000,0.000000000
71,1.419999,B,yup,gripper_r_finger1_body_p,pos,1.182987213,0.917525232,0.267158985,1.000000000,0.000000000,0.000000000,0.000000000,0.000000000
71,1.419999,B,yup,gripper_r_finger1_body_q,pos,0.000000000,0.000000000,-0.000000000,0.946809955,-0.146201119,0.228400917,-0.173231528,0.000000000
71,1.419999,B,yup,gripper_r_finger1_body_v,vel,-0.560274184,0.386301368,-0.622986615,0.000000000,0.000000000,-0.000000000,0.000000000,0.000000000
71,1.419999,B,yup,gripper_r_finger1_body_w,vel,0.000000000,0.000000000,-0.000000000,1.041335821,-0.464442819,-1.177942395,0.000000000,0.000000000
71,1.419999,B,yup,gripper_r_finger2_body_p,pos,1.333750725,0.897980392,0.241114616,1.000000000,0.000000000,0.000000000,0.000000000,0.000000000
71,1.419999,B,yup,gripper_r_finger2_body_q,pos,0.000000000,0.000000000,-0.000000000,0.173186866,0.228112158,0.146254210,0.946879538,0.000000000
71,1.419999,B,yup,gripper_r_finger2_body_v,vel,-0.560334206,0.386742800,-0.621829987,0.000000000,0.000000000,-0.000000000,0.000000000,0.000000000
71,1.419999,B,yup,gripper_r_finger2_body_w,vel,0.000000000,0.000000000,-0.000000000,1.041002989,-0.463299572,-1.178395987,0.000000000,0.000000000
71,1.419999,B,yup,gripper_r_palm_body_p,pos,1.111065865,0.928253472,0.287027359,1.000000000,0.000000000,0.000000000,0.000000000,0.000000000
71,1.419999,B,yup,gripper_r_palm_body_q,pos,0.000000000,0.000000000,-0.000000000,0.566122326,-0.772923043,0.283867952,0.038916152,0.000000000
71,1.419999,B,yup,gripper_r_palm_body_v,vel,-0.560297251,0.386434585,-0.622633934,0.000000000,0.000000000,-0.000000000,0.000000000,0.000000000
71,1.419999,B,yup,gripper_r_palm_body_w,vel,0.000000000,0.000000000,-0.000000000,1.041234255,-0.464093775,-1.178080916,0.000000000,0.000000000
72,1.439999,B,yup,gripper_l_finger1_body_p,pos,-1.393779278,0.781398892,0.402561188,1.000000000,0.000000000,0.000000000,0.000000000,0.000000000
72,1.439999,B,yup,gripper_l_finger1_body_q,pos,0.000000000,0.000000000,-0.000000000,0.812043980,-0.063402273,-0.579928760,0.015727671,0.000000000
72,1.439999,B,yup,gripper_l_finger1_body_v,vel,-0.288742125,-0.060673285,0.176713780,0.000000000,0.000000000,-0.000000000,0.000000000,0.000000000
72,1.439999,B,yup,gripper_l_finger1_body_w,vel,0.000000000,0.000000000,-0.000000000,-0.256114542,-0.168147609,-0.634798765,0.000000000,0.000000000
72,1.439999,B,yup,gripper_l_finger2_body_p,pos,-1.298690319,0.762611985,0.392141819,1.000000000,0.000000000,0.000000000,0.000000000,0.000000000
72,1.439999,B,yup,gripper_l_finger2_body_q,pos,0.000000000,0.000000000,-0.000000000,-0.015715929,-0.579780340,0.063405365,0.812149941,0.000000000
72,1.439999,B,yup,gripper_l_finger2_body_v,vel,-0.288722008,-0.060592119,0.177369729,0.000000000,0.000000000,-0.000000000,0.000000000,0.000000000
72,1.439999,B,yup,gripper_l_finger2_body_w,vel,0.000000000,0.000000000,-0.000000000,-0.256079882,-0.168863818,-0.634711206,0.000000000,0.000000000
72,1.439999,B,yup,gripper_l_palm_body_p,pos,-1.146040440,0.779533267,0.369037151,1.000000000,0.000000000,0.000000000,0.000000000,0.000000000
72,1.439999,B,yup,gripper_l_palm_body_q,pos,0.000000000,0.000000000,-0.000000000,0.529401047,-0.619067307,-0.421143767,-0.398908672,0.000000000
72,1.439999,B,yup,gripper_l_palm_body_v,vel,-0.288731784,-0.060554497,0.177681342,0.000000000,0.000000000,-0.000000000,0.000000000,0.000000000
72,1.439999,B,yup,gripper_l_palm_body_w,vel,0.000000000,0.000000000,-0.000000000,-0.256063402,-0.169204146,-0.634669602,0.000000000,0.000000000
72,1.439999,B,yup,gripper_r_finger1_body_p,pos,1.185419083,0.910264313,0.272564888,1.000000000,0.000000000,0.000000000,0.000000000,0.000000000
72,1.439999,B,yup,gripper_r_finger1_body_q,pos,0.000000000,0.000000000,-0.000000000,0.949225137,-0.139663384,0.232799650,-0.158965722,0.000000000
72,1.439999,B,yup,gripper_r_finger1_body_v,vel,-0.546262264,0.379651487,-0.580099940,0.000000000,0.000000000,-0.000000000,0.000000000,0.000000000
72,1.439999,B,yup,gripper_r_finger1_body_w,vel,0.000000000,0.000000000,-0.000000000,0.976802230,-0.423138052,-1.155829191,0.000000000,0.000000000
72,1.439999,B,yup,gripper_r_finger2_body_p,pos,1.336290836,0.887629092,0.247814655,1.000000000,0.000000000,0.000000000,0.000000000,0.000000000
72,1.439999,B,yup,gripper_r_finger2_body_q,pos,0.000000000,0.000000000,-0.000000000,0.158922969,0.232509507,0.139712228,0.949296220,0.000000000
72,1.439999,B,yup,gripper_r_finger2_body_v,vel,-0.546299100,0.379946172,-0.579283118,0.000000000,0.000000000,-0.000000000,0.000000000,0.000000000
72,1.439999,B,yup,gripper_r_finger2_body_w,vel,0.000000000,0.000000000,-0.000000000,0.976587951,-0.422314137,-1.156136036,0.000000000,0.000000000
72,1.439999,B,yup,gripper_r_palm_body_p,pos,1.113184452,0.918690622,0.293044567,1.000000000,0.000000000,0.000000000,0.000000000,0.000000000
72,1.439999,B,yup,gripper_r_palm_body_q,pos,0.000000000,0.000000000,-0.000000000,0.572455241,-0.770006780,0.276891323,0.052112866,0.000000000
72,1.439999,B,yup,gripper_r_palm_body_v,vel,-0.546281874,0.379785180,-0.579727352,0.000000000,0.000000000,-0.000000000,0.000000000,0.000000000
72,1.439999,B,yup,gripper_r_palm_body_w,vel,0.000000000,0.000000000,-0.000000000,0.976704657,-0.422762811,-1.155968904,0.000000000,0.000000000
73,1.459999,B,yup,gripper_l_finger1_body_p,pos,-1.394552708,0.793184519,0.400633335,1.000000000,0.000000000,0.000000000,0.000000000,0.000000000
73,1.459999,B,yup,gripper_l_finger1_body_q,pos,0.000000000,0.000000000,-0.000000000,0.812786499,-0.060895163,-0.578932876,0.022508034,0.000000000
73,1.459999,B,yup,gripper_l_finger1_body_v,vel,-0.322156489,-0.101324476,0.139760122,0.000000000,0.000000000,-0.000000000,0.000000000,0.000000000
73,1.459999,B,yup,gripper_l_finger1_body_w,vel,0.000000000,0.000000000,-0.000000000,-0.158592880,-0.182351679,-0.717874229,0.000000000,0.000000000
73,1.459999,B,yup,gripper_l_finger2_body_p,pos,-1.299535275,0.773579717,0.390436172,1.000000000,0.000000000,0.000000000,0.000000000,0.000000000
73,1.459999,B,yup,gripper_l_finger2_body_q,pos,0.000000000,0.000000000,-0.000000000,-0.022496311,-0.578778439,0.060899656,0.812896467,0.000000000
73,1.459999,B,yup,gripper_l_finger2_body_v,vel,-0.322137803,-0.101269476,0.140191227,0.000000000,0.000000000,-0.000000000,0.000000000,0.000000000
73,1.459999,B,yup,gripper_l_finger2_body_w,vel,0.000000000,0.000000000,-0.000000000,-0.158576861,-0.182820037,-0.717815161,0.000000000,0.000000000
73,1.459999,B,yup,gripper_l_palm_body_p,pos,-1.146852016,0.789556384,0.367558956,1.000000000,0.000000000,0.000000000,0.000000000,0.000000000
73,1.459999,B,yup,gripper_l_palm_body_q,pos,0.000000000,0.000000000,-0.000000000,0.531703348,-0.617825209,-0.425226389,-0.393403201,0.000000000
73,1.459999,B,yup,gripper_l_palm_body_v,vel,-0.322147906,-0.101229593,0.140510172,0.000000000,0.000000000,-0.000000000,0.000000000,0.000000000
73,1.459999,B,yup,gripper_l_palm_body_w,vel,0.000000000,0.000000000,-0.000000000,-0.158565030,-0.183165908,-0.717771530,0.000000000,0.000000000
73,1.459999,B,yup,gripper_r_finger1_body_p,pos,1.187501907,0.902901351,0.277348995,1.000000000,0.000000000,0.000000000,0.000000000,0.000000000
73,1.459999,B,yup,gripper_r_finger1_body_q,pos,0.000000000,0.000000000,-0.000000000,0.951349397,-0.133576856,0.236652511,-0.145214112,0.000000000
73,1.459999,B,yup,gripper_r_finger1_body_v,vel,-0.522234023,0.364715517,-0.535581768,0.000000000,0.000000000,-0.000000000,0.000000000,0.000000000
73,1.459999,B,yup,gripper_r_finger1_body_w,vel,0.000000000,0.000000000,-0.000000000,0.912099004,-0.378347427,-1.112237215,0.000000000,0.000000000
73,1.459999,B,yup,gripper_r_finger2_body_p,pos,1.338428497,0.877275407,0.253722191,1.000000000,0.000000000,0.000000000,0.000000000,0.000000000
73,1.459999,B,yup,gripper_r_finger2_body_q,pos,0.000000000,0.000000000,-0.000000000,0.145173192,0.236361624,0.133621499,0.951421685,0.000000000
73,1.459999,B,yup,gripper_r_finger2_body_v,vel,-0.522258401,0.364954650,-0.534882724,0.000000000,0.000000000,-0.000000000,0.000000000,0.000000000
73,1.459999,B,yup,gripper_r_finger2_body_w,vel,0.000000000,0.000000000,-0.000000000,0.911933541,-0.377631277,-1.112488031,0.000000000,0.000000000
73,1.459999,B,yup,gripper_r_palm_body_p,pos,1.114984035,0.909177005,0.298357487,1.000000000,0.000000000,0.000000000,0.000000000,0.000000000
73,1.459999,B,yup,gripper_r_palm_body_q,pos,0.000000000,0.000000000,-0.000000000,0.578263237,-0.767203931,0.269892128,0.064560019,0.000000000
73,1.459999,B,yup,gripper_r_palm_body_v,vel,-0.522249162,0.364847720,-0.535194159,0.000000000,0.000000000,-0.000000000,0.000000000,0.000000000
73,1.459999,B,yup,gripper_r_palm_body_w,vel,0.000000000,0.000000000,-0.000000000,0.912007332,-0.377950460,-1.112376213,0.000000000,0.000000000
74,1.479999,B,yup,gripper_l_finger1_body_p,pos,-1.395124435,0.804874778,0.398522854,1.000000000,0.000000000,0.000000000,0.000000000,0.000000000
74,1.479999,B,yup,gripper_l_finger1_body_q,pos,0.000000000,0.000000000,-0.000000000,0.813643520,-0.057134655,-0.577835978,0.028730394,0.000000000
74,1.479999,B,yup,gripper_l_finger1_body_v,vel,-0.308874160,-0.121189915,0.107862748,0.000000000,0.000000000,-0.000000000,0.000000000,0.000000000
74,1.479999,B,yup,gripper_l_finger1_body_w,vel,0.000000000,0.000000000,-0.000000000,-0.037261903,-0.201628163,-0.691629708,0.000000000,0.000000000
74,1.479999,B,yup,gripper_l_finger2_body_p,pos,-1.300177574,0.784686685,0.388482094,1.000000000,0.000000000,0.000000000,0.000000000,0.000000000
74,1.479999,B,yup,gripper_l_finger2_body_q,pos,0.000000000,0.000000000,-0.000000000,-0.028719230,-0.577679158,0.057140406,0.813754859,0.000000000
74,1.479999,B,yup,gripper_l_finger2_body_v,vel,-0.308859885,-0.121193051,0.107835904,0.000000000,0.000000000,-0.000000000,0.000000000,0.000000000
74,1.479999,B,yup,gripper_l_finger2_body_w,vel,0.000000000,0.000000000,-0.000000000,-0.037262481,-0.201598391,-0.691633463,0.000000000,0.000000000
74,1.479999,B,yup,gripper_l_palm_body_p,pos,-1.147488117,0.799445629,0.365921021,1.000000000,0.000000000,0.000000000,0.000000000,0.000000000
74,1.479999,B,yup,gripper_l_palm_body_q,pos,0.000000000,0.000000000,-0.000000000,0.534972213,-0.615777141,-0.428844098,-0.388221565,0.000000000
74,1.479999,B,yup,gripper_l_palm_body_v,vel,-0.308870167,-0.121144891,0.108216085,0.000000000,0.000000000,-0.000000000,0.000000000,0.000000000
74,1.479999,B,yup,gripper_l_palm_body_w,vel,0.000000000,0.000000000,-0.000000000,-0.037254501,-0.202009052,-0.691581249,0.000000000,0.000000000
74,1.479999,B,yup,gripper_r_finger1_body_p,pos,1.189237595,0.895660579,0.281497002,1.000000000,0.000000000,0.000000000,0.000000000,0.000000000
74,1.479999,B,yup,gripper_r_finger1_body_q,pos,0.000000000,0.000000000,-0.000000000,0.953190684,-0.127921849,0.239962414,-0.132217854,0.000000000
74,1.479999,B,yup,gripper_r_finger1_body_v,vel,-0.487829417,0.340643853,-0.488761902,0.000000000,0.000000000,-0.000000000,0.000000000,0.000000000
74,1.479999,B,yup,gripper_r_finger1_body_w,vel,0.000000000,0.000000000,-0.000000000,0.845524609,-0.330675632,-1.045997858,0.000000000,0.000000000
74,1.479999,B,yup,gripper_r_finger2_body_p,pos,1.340171337,0.867196262,0.258825302,1.000000000,0.000000000,0.000000000,0.000000000,0.000000000
74,1.479999,B,yup,gripper_r_finger2_body_q,pos,0.000000000,0.000000000,-0.000000000,0.132178573,0.239670289,0.127962618,0.953264153,0.000000000
74,1.479999,B,yup,gripper_r_finger2_body_v,vel,-0.487848312,0.340788692,-0.488310874,0.000000000,0.000000000,-0.000000000,0.000000000,0.000000000
74,1.479999,B,yup,gripper_r_finger2_body_w,vel,0.000000000,0.000000000,-0.000000000,0.845429659,-0.330211252,-1.046150923,0.000000000,0.000000000
74,1.479999,B,yup,gripper_r_palm_body_p,pos,1.116469383,0.899941027,0.302961349,1.000000000,0.000000000,0.000000000,0.000000000,0.000000000
74,1.479999,B,yup,gripper_r_palm_body_q,pos,0.000000000,0.000000000,-0.000000000,0.583565860,-0.764506171,0.263043049,0.076089130,0.000000000
74,1.479999,B,yup,gripper_r_palm_body_v,vel,-0.487843066,0.340696573,-0.488593549,0.000000000,0.000000000,-0.000000000,0.000000000,0.000000000
74,1.479999,B,yup,gripper_r_palm_body_w,vel,0.000000000,0.000000000,-0.000000000,0.845489323,-0.330503136,-1.046054721,0.000000000,0.000000000
75,1.499999,B,yup,gripper_l_finger1_body_p,pos,-1.395454884,0.814774394,0.396498680,1.000000000,0.000000000,0.000000000,0.000000000,0.000000000
75,1.499999,B,yup,gripper_l_finger1_body_q,pos,0.000000000,0.000000000,-0.000000000,0.814666180,-0.052524268,-0.576585522,0.033306937,0.000000000
75,1.499999,B,yup,gripper_l_finger1_body_v,vel,-0.245963499,-0.111417644,0.071777962,0.000000000,0.000000000,-0.000000000,0.000000000,0.000000000
75,1.499999,B,yup,gripper_l_finger1_body_w,vel,0.000000000,0.000000000,-0.000000000,0.110202618,-0.216202781,-0.550631940,0.000000000,0.000000000
75,1.499999,B,yup,gripper_l_finger2_body_p,pos,-1.300506115,0.794368625,0.386527538,1.000000000,0.000000000,0.000000000,0.000000000,0.000000000
75,1.499999,B,yup,gripper_l_finger2_body_q,pos,0.000000000,0.000000000,-0.000000000,-0.033296622,-0.576427939,0.052530926,0.814777680,0.000000000
75,1.499999,B,yup,gripper_l_finger2_body_v,vel,-0.245953053,-0.111457899,0.071455270,0.000000000,0.000000000,-0.000000000,0.000000000,0.000000000
75,1.499999,B,yup,gripper_l_finger2_body_w,vel,0.000000000,0.000000000,-0.000000000,0.110200413,-0.215855345,-0.550675333,0.000000000,0.000000000
75,1.499999,B,yup,gripper_l_palm_body_p,pos,-1.147891998,0.807790875,0.364380360,1.000000000,0.000000000,0.000000000,0.000000000,0.000000000
75,1.499999,B,yup,gripper_l_palm_body_q,pos,0.000000000,0.000000000,-0.000000000,0.538958966,-0.613245010,-0.431189835,-0.384095192,0.000000000
75,1.499999,B,yup,gripper_l_palm_body_v,vel,-0.245962918,-0.111411296,0.071828760,0.000000000,0.000000000,-0.000000000,0.000000000,0.000000000
75,1.499999,B,yup,gripper_l_palm_body_w,vel,0.000000000,0.000000000,-0.000000000,0.110202968,-0.216256946,-0.550625145,0.000000000,0.000000000
75,1.499999,B,yup,gripper_r_finger1_body_p,pos,1.190639973,0.888763607,0.285010338,1.000000000,0.000000000,0.000000000,0.000000000,0.000000000
75,1.499999,B,yup,gripper_r_finger1_body_q,pos,0.000000000,0.000000000,-0.000000000,0.954761212,-0.122688279,0.242739350,-0.120234028,0.000000000
75,1.499999,B,yup,gripper_r_finger1_body_v,vel,-0.442649215,0.306278646,-0.439904302,0.000000000,0.000000000,-0.000000000,0.000000000,0.000000000
75,1.499999,B,yup,gripper_r_finger1_body_w,vel,0.000000000,0.000000000,-0.000000000,0.776087999,-0.281369746,-0.955602348,0.000000000,0.000000000
75,1.499999,B,yup,gripper_r_finger2_body_p,pos,1.341543198,0.857668340,0.263129711,1.000000000,0.000000000,0.000000000,0.000000000,0.000000000
75,1.499999,B,yup,gripper_r_finger2_body_q,pos,0.000000000,0.000000000,-0.000000000,0.120196225,0.242445696,0.122725511,0.954835798,0.000000000
75,1.499999,B,yup,gripper_r_finger2_body_v,vel,-0.442661107,0.306431741,-0.439405143,0.000000000,0.000000000,-0.000000000,0.000000000,0.000000000
75,1.499999,B,yup,gripper_r_finger2_body_w,vel,0.000000000,0.000000000,-0.000000000,0.775993764,-0.280848324,-0.955764532,0.000000000,0.000000000
75,1.499999,B,yup,gripper_r_palm_body_p,pos,1.117657661,0.891210496,0.306863785,1.000000000,0.000000000,0.000000000,0.000000000,0.000000000
75,1.499999,B,yup,gripper_r_palm_body_q,pos,0.000000000,0.000000000,-0.000000000,0.588378858,-0.761914972,0.256533058,0.086525627,0.000000000
75,1.499999,B,yup,gripper_r_palm_body_v,vel,-0.442658961,0.306358725,-0.439641148,0.000000000,0.000000000,-0.000000000,0.000000000,0.000000000
75,1.499999,B,yup,gripper_r_palm_body_w,vel,0.000000000,0.000000000,-0.000000000,0.776038170,-0.281093985,-0.955688119,0.000000000,0.000000000
76,1.519999,B,yup,gripper_l_finger1_body_p,pos,-1.395584583,0.821412921,0.394829273,1.000000000,0.000000000,0.000000000,0.000000000,0.000000000
76,1.519999,B,yup,gripper_l_finger1_body_q,pos,0.000000000,0.000000000,-0.000000000,0.815863018,-0.047540054,-0.575206698,0.035280768,0.000000000
76,1.519999,B,yup,gripper_l_finger1_body_v,vel,-0.142110705,-0.074846558,0.026179630,0.000000000,0.000000000,-0.000000000,0.000000000,0.000000000
76,1.519999,B,yup,gripper_l_finger1_body_w,vel,0.000000000,0.000000000,-0.000000000,0.272995353,-0.217492208,-0.316076607,0.000000000,0.000000000
76,1.519999,B,yup,gripper_l_finger2_body_p,pos,-1.300505638,0.801256299,0.384826183,1.000000000,0.000000000,0.000000000,0.000000000,0.000000000
76,1.519999,B,yup,gripper_l_finger2_body_q,pos,0.000000000,0.000000000,-0.000000000,-0.035271604,-0.575052025,0.047546961,0.815972039,0.000000000
76,1.519999,B,yup,gripper_l_finger2_body_v,vel,-0.142104030,-0.074931271,0.025467854,0.000000000,0.000000000,-0.000000000,0.000000000,0.000000000
76,1.519999,B,yup,gripper_l_finger2_body_w,vel,0.000000000,0.000000000,-0.000000000,0.272997558,-0.216730312,-0.316167265,0.000000000,0.000000000
76,1.519999,B,yup,gripper_l_palm_body_p,pos,-1.148073196,0.813385367,0.363174438,1.000000000,0.000000000,0.000000000,0.000000000,0.000000000
76,1.519999,B,yup,gripper_l_palm_body_q,pos,0.000000000,0.000000000,-0.000000000,0.543331427,-0.610569294,-0.431607571,-0.381721106,0.000000000
76,1.519999,B,yup,gripper_l_palm_body_v,vel,-0.142112777,-0.074892141,0.025796462,0.000000000,0.000000000,-0.000000000,0.000000000,0.000000000
76,1.519999,B,yup,gripper_l_palm_body_w,vel,0.000000000,0.000000000,-0.000000000,0.272996545,-0.217082813,-0.316125304,0.000000000,0.000000000
76,1.519999,B,yup,gripper_r_finger1_body_p,pos,1.191735744,0.882427394,0.287901878,1.000000000,0.000000000,0.000000000,0.000000000,0.000000000
76,1.519999,B,yup,gripper_r_finger1_body_q,pos,0.000000000,0.000000000,-0.000000000,0.956078157,-0.117867901,0.245000659,-0.109528042,0.000000000
76,1.519999,B,yup,gripper_r_finger1_body_v,vel,-0.386622459,0.261161298,-0.388447821,0.000000000,0.000000000,-0.000000000,0.000000000,0.000000000
76,1.519999,B,yup,gripper_r_finger1_body_w,vel,0.000000000,0.000000000,-0.000000000,0.703253388,-0.230485454,-0.840722740,0.000000000,0.000000000
76,1.519999,B,yup,gripper_r_finger2_body_p,pos,1.342583179,0.848965108,0.266655445,1.000000000,0.000000000,0.000000000,0.000000000,0.000000000
76,1.519999,B,yup,gripper_r_finger2_body_q,pos,0.000000000,0.000000000,-0.000000000,0.109491535,0.244705083,0.117902019,0.956153826,0.000000000
76,1.519999,B,yup,gripper_r_finger2_body_v,vel,-0.386632651,0.261261046,-0.388103306,0.000000000,0.000000000,-0.000000000,0.000000000,0.000000000
76,1.519999,B,yup,gripper_r_finger2_body_w,vel,0.000000000,0.000000000,-0.000000000,0.703195632,-0.230124190,-0.840829015,0.000000000,0.000000000
76,1.519999,B,yup,gripper_r_palm_body_p,pos,1.118578911,0.883209050,0.310086250,1.000000000,0.000000000,0.000000000,0.000000000,0.000000000
76,1.519999,B,yup,gripper_r_palm_body_q,pos,0.000000000,0.000000000,-0.000000000,0.592720160,-0.759436789,0.250561864,0.095693924,0.000000000
76,1.519999,B,yup,gripper_r_palm_body_v,vel,-0.386632591,0.261203468,-0.388298988,0.000000000,0.000000000,-0.000000000,0.000000000,0.000000000
76,1.519999,B,yup,gripper_r_palm_body_w,vel,0.000000000,0.000000000,-0.000000000,0.703228414,-0.230329320,-0.840768695,0.000000000,0.000000000
77,1.539999,B,yup,gripper_l_finger1_body_p,pos,-1.395583153,0.823987365,0.393675804,1.000000000,0.000000000,0.000000000,0.000000000,0.000000000
77,1.539999,B,yup,gripper_l_finger1_body_q,pos,0.000000000,0.000000000,-0.000000000,0.817167153,-0.042924143,-0.573769746,0.034404076,0.000000000
77,1.539999,B,yup,gripper_l_finger1_body_v,vel,-0.020406500,-0.017968429,-0.013931165,0.000000000,0.000000000,-0.000000000,0.000000000,0.000000000
77,1.539999,B,yup,gripper_l_finger1_body_w,vel,0.000000000,0.000000000,-0.000000000,0.391962767,-0.201102510,-0.041111730,0.000000000,0.000000000
77,1.539999,B,yup,gripper_l_finger2_body_p,pos,-1.300230503,0.804502726,0.383563995,1.000000000,0.000000000,0.000000000,0.000000000,0.000000000
77,1.539999,B,yup,gripper_l_finger2_body_q,pos,0.000000000,0.000000000,-0.000000000,-0.034396064,-0.573620201,0.042930655,0.817272130,0.000000000
77,1.539999,B,yup,gripper_l_finger2_body_v,vel,-0.020404844,-0.018061141,-0.014771605,0.000000000,0.000000000,-0.000000000,0.000000000,0.000000000
77,1.539999,B,yup,gripper_l_finger2_body_w,vel,0.000000000,0.000000000,-0.000000000,0.391969055,-0.200203851,-0.041210853,0.000000000,0.000000000
77,1.539999,B,yup,gripper_l_palm_body_p,pos,-1.148077965,0.815571308,0.362441063,1.000000000,0.000000000,0.000000000,0.000000000,0.000000000
77,1.539999,B,yup,gripper_l_palm_body_q,pos,0.000000000,0.000000000,-0.000000000,0.547516527,-0.608226240,-0.429973394,-0.381325811,0.000000000
77,1.539999,B,yup,gripper_l_palm_body_v,vel,-0.020406730,-0.018047832,-0.014651061,0.000000000,0.000000000,-0.000000000,0.000000000,0.000000000
77,1.539999,B,yup,gripper_l_palm_body_w,vel,0.000000000,0.000000000,-0.000000000,0.391968161,-0.200334027,-0.041196495,0.000000000,0.000000000
77,1.539999,B,yup,gripper_r_finger1_body_p,pos,1.192561626,0.876853049,0.290199280,1.000000000,0.000000000,0.000000000,0.000000000,0.000000000
77,1.539999,B,yup,gripper_r_finger1_body_q,pos,0.000000000,0.000000000,-0.000000000,0.957164298,-0.113445648,0.246772946,-0.100347914,0.000000000
77,1.539999,B,yup,gripper_r_finger1_body_v,vel,-0.320847541,0.205753580,-0.335259467,0.000000000,0.000000000,-0.000000000,0.000000000,0.000000000
77,1.539999,B,yup,gripper_r_finger1_body_w,vel,0.000000000,0.000000000,-0.000000000,0.627783298,-0.179227054,-0.703379393,0.000000000,0.000000000
77,1.539999,B,yup,gripper_r_finger2_body_p,pos,1.343341351,0.841339290,0.269439220,1.000000000,0.000000000,0.000000000,0.000000000,0.000000000
77,1.539999,B,yup,gripper_r_finger2_body_q,pos,0.000000000,0.000000000,-0.000000000,0.100312612,0.246475723,0.113477057,0.957240855,0.000000000
77,1.539999,B,yup,gripper_r_finger2_body_v,vel,-0.320856035,0.205832213,-0.334973842,0.000000000,0.000000000,-0.000000000,0.000000000,0.000000000
77,1.539999,B,yup,gripper_r_finger2_body_w,vel,0.000000000,0.000000000,-0.000000000,0.627740324,-0.178925887,-0.703463554,0.000000000,0.000000000
77,1.539999,B,yup,gripper_r_palm_body_p,pos,1.119270802,0.876141727,0.312662125,1.000000000,0.000000000,0.000000000,0.000000000,0.000000000
77,1.539999,B,yup,gripper_r_palm_body_q,pos,0.000000000,0.000000000,-0.000000000,0.596616530,-0.757076927,0.245324033,0.103437715,0.000000000
77,1.539999,B,yup,gripper_r_palm_body_v,vel,-0.320857257,0.205776125,-0.335173845,0.000000000,0.000000000,-0.000000000,0.000000000,0.000000000
77,1.539999,B,yup,gripper_r_palm_body_w,vel,0.000000000,0.000000000,-0.000000000,0.627770543,-0.179137528,-0.703404367,0.000000000,0.000000000
78,1.559999,B,yup,gripper_l_finger1_body_p,pos,-1.395505428,0.822649002,0.393041134,1.000000000,0.000000000,0.000000000,0.000000000,0.000000000
78,1.559999,B,yup,gripper_l_finger1_body_q,pos,0.000000000,0.000000000,-0.000000000,0.818424100,-0.039702430,-0.572395740,0.031125970,0.000000000
78,1.559999,B,yup,gripper_l_finger1_body_v,vel,0.088578679,0.046066601,-0.027396159,0.000000000,0.000000000,-0.000000000,0.000000000,0.000000000
78,1.559999,B,yup,gripper_l_finger1_body_w,vel,0.000000000,0.000000000,-0.000000000,0.408274084,-0.169853032,0.204773813,0.000000000,0.000000000
78,1.559999,B,yup,gripper_l_finger2_body_p,pos,-1.299762249,0.804071665,0.382799625,1.000000000,0.000000000,0.000000000,0.000000000,0.000000000
78,1.559999,B,yup,gripper_l_finger2_body_q,pos,0.000000000,0.000000000,-0.000000000,-0.031118674,-0.572248454,0.039708245,0.818527086,0.000000000
78,1.559999,B,yup,gripper_l_finger2_body_v,vel,0.088576905,0.046002477,-0.028030321,0.000000000,0.000000000,-0.000000000,0.000000000,0.000000000
78,1.559999,B,yup,gripper_l_finger2_body_w,vel,0.000000000,0.000000000,-0.000000000,0.408277869,-0.169172049,0.204704940,0.000000000,0.000000000
78,1.559999,B,yup,gripper_l_palm_body_p,pos,-1.147953033,0.814535141,0.362163544,1.000000000,0.000000000,0.000000000,0.000000000,0.000000000
78,1.559999,B,yup,gripper_l_palm_body_q,pos,0.000000000,0.000000000,-0.000000000,0.550682900,-0.606835841,-0.426685065,-0.382672786,0.000000000
78,1.559999,B,yup,gripper_l_palm_body_v,vel,0.088582054,0.045999914,-0.028055366,0.000000000,0.000000000,-0.000000000,0.000000000,0.000000000
78,1.559999,B,yup,gripper_l_palm_body_w,vel,0.000000000,0.000000000,-0.000000000,0.408277988,-0.169147655,0.204702482,0.000000000,0.000000000
78,1.559999,B,yup,gripper_r_finger1_body_p,pos,1.193160057,0.872199476,0.291945934,1.000000000,0.000000000,0.000000000,0.000000000,0.000000000
78,1.559999,B,yup,gripper_r_finger1_body_q,pos,0.000000000,0.000000000,-0.000000000,0.958048416,-0.109390125,0.248096527,-0.092871667,0.000000000
78,1.559999,B,yup,gripper_r_finger1_body_v,vel,-0.248970777,0.143280223,-0.282173187,0.000000000,0.000000000,-0.000000000,0.000000000,0.000000000
78,1.559999,B,yup,gripper_r_finger1_body_w,vel,0.000000000,0.000000000,-0.000000000,0.552157521,-0.129426509,-0.551325202,0.000000000,0.000000000
78,1.559999,B,yup,gripper_r_finger2_body_p,pos,1.343875408,0.834985912,0.271538258,1.000000000,0.000000000,0.000000000,0.000000000,0.000000000
78,1.559999,B,yup,gripper_r_finger2_body_q,pos,0.000000000,0.000000000,-0.000000000,0.092837564,0.247798530,0.109419256,0.958125515,0.000000000
78,1.559999,B,yup,gripper_r_finger2_body_v,vel,-0.248981372,0.143304870,-0.282075614,0.000000000,0.000000000,-0.000000000,0.000000000,0.000000000
78,1.559999,B,yup,gripper_r_finger2_body_w,vel,0.000000000,0.000000000,-0.000000000,0.552143097,-0.129314646,-0.551355064,0.000000000,0.000000000
78,1.559999,B,yup,gripper_r_palm_body_p,pos,1.119777203,0.870164335,0.314641953,1.000000000,0.000000000,0.000000000,0.000000000,0.000000000
78,1.559999,B,yup,gripper_r_palm_body_q,pos,0.000000000,0.000000000,-0.000000000,0.600110415,-0.754833699,0.240973786,0.109659523,0.000000000
78,1.559999,B,yup,gripper_r_palm_body_v,vel,-0.248979107,0.143292800,-0.282121956,0.000000000,0.000000000,-0.000000000,0.000000000,0.000000000
78,1.559999,B,yup,gripper_r_palm_body_w,vel,0.000000000,0.000000000,-0.000000000,0.552150667,-0.129373267,-0.551339388,0.000000000,0.000000000
79,1.579999,B,yup,gripper_l_finger1_body_p,pos,-1.395366192,0.818654895,0.392772198,1.000000000,0.000000000,0.000000000,0.000000000,0.000000000
79,1.579999,B,yup,gripper_l_finger1_body_q,pos,0.000000000,0.000000000,-0.000000000,0.819532237,-0.038407304,-0.571118301,0.026752156,0.000000000
79,1.579999,B,yup,gripper_l_finger1_body_v,vel,0.152645171,0.097776383,-0.002393374,0.000000000,0.000000000,-0.000000000,0.000000000,0.000000000
79,1.579999,B,yup,gripper_l_finger1_body_w,vel,0.000000000,0.000000000,-0.000000000,0.316714138,-0.140483364,0.349732161,0.000000000,0.000000000
79,1.579999,B,yup,gripper_l_finger2_body_p,pos,-1.299175739,0.800948501,0.382443905,1.000000000,0.000000000,0.000000000,0.000000000,0.000000000
79,1.579999,B,yup,gripper_l_finger2_body_q,pos,0.000000000,0.000000000,-0.000000000,-0.026745305,-0.570975365,0.038412187,0.819631823,0.000000000
79,1.579999,B,yup,gripper_l_finger2_body_v,vel,0.152641848,0.097720765,-0.002985560,0.000000000,0.000000000,-0.000000000,0.000000000,0.000000000
79,1.579999,B,yup,gripper_l_finger2_body_w,vel,0.000000000,0.000000000,-0.000000000,0.316714108,-0.139843360,0.349672049,0.000000000,0.000000000
79,1.579999,B,yup,gripper_l_palm_body_p,pos,-1.147731781,0.811325073,0.362208366,1.000000000,0.000000000,0.000000000,0.000000000,0.000000000
79,1.579999,B,yup,gripper_l_palm_body_q,pos,0.000000000,0.000000000,-0.000000000,0.552379553,-0.606699826,-0.422693760,-0.384866387,0.000000000
79,1.579999,B,yup,gripper_l_palm_body_v,vel,0.152651504,0.097713560,-0.003062284,0.000000000,0.000000000,-0.000000000,0.000000000,0.000000000
79,1.579999,B,yup,gripper_l_palm_body_w,vel,0.000000000,0.000000000,-0.000000000,0.316714108,-0.139764696,0.349664658,0.000000000,0.000000000
79,1.579999,B,yup,gripper_r_finger1_body_p,pos,1.193579197,0.868532240,0.293208122,1.000000000,0.000000000,0.000000000,0.000000000,0.000000000
79,1.579999,B,yup,gripper_r_finger1_body_q,pos,0.000000000,0.000000000,-0.000000000,0.958764353,-0.105657941,0.249034268,-0.087116293,0.000000000
79,1.579999,B,yup,gripper_r_finger1_body_v,vel,-0.179203510,0.081910066,-0.233252674,0.000000000,0.000000000,-0.000000000,0.000000000,0.000000000
79,1.579999,B,yup,gripper_r_finger1_body_w,vel,0.000000000,0.000000000,-0.000000000,0.481624991,-0.084844314,-0.402244747,0.000000000,0.000000000
79,1.579999,B,yup,gripper_r_finger2_body_p,pos,1.344243050,0.829973757,0.273038864,1.000000000,0.000000000,0.000000000,0.000000000,0.000000000
79,1.579999,B,yup,gripper_r_finger2_body_q,pos,0.000000000,0.000000000,-0.000000000,0.087083384,0.248736306,0.105685271,0.958841675,0.000000000
79,1.579999,B,yup,gripper_r_finger2_body_v,vel,-0.179214746,0.081901334,-0.233281612,0.000000000,0.000000000,-0.000000000,0.000000000,0.000000000
79,1.579999,B,yup,gripper_r_finger2_body_w,vel,0.000000000,0.000000000,-0.000000000,0.481628299,-0.084872112,-0.402237654,0.000000000,0.000000000
79,1.579999,B,yup,gripper_r_palm_body_p,pos,1.120142460,0.865329921,0.316101074,1.000000000,0.000000000,0.000000000,0.000000000,0.000000000
79,1.579999,B,yup,gripper_r_palm_body_q,pos,0.000000000,0.000000000,-0.000000000,0.603256465,-0.752700329,0.237567619,0.114391774,0.000000000
79,1.579999,B,yup,gripper_r_palm_body_v,vel,-0.179213032,0.081899345,-0.233290195,0.000000000,0.000000000,-0.000000000,0.000000000,0.000000000
79,1.579999,B,yup,gripper_r_palm_body_w,vel,0.000000000,0.000000000,-0.000000000,0.481630117,-0.084887497,-0.402233720,0.000000000,0.000000000
80,1.599999,B,yup,gripper_l_finger1_body_p,pos,-1.395187855,0.813889623,0.392656803,1.000000000,0.000000000,0.000000000,0.000000000,0.000000000
80,1.599999,B,yup,gripper_l_finger1_body_q,pos,0.000000000,0.000000000,-0.000000000,0.820475094,-0.038837269,-0.569912849,0.022619290,0.000000000
80,1.599999,B,yup,gripper_l_finger1_body_v,vel,0.157674834,0.120863102,0.045665104,0.000000000,0.000000000,-0.000000000,0.000000000,0.000000000
80,1.599999,B,yup,gripper_l_finger1_body_w,vel,0.000000000,0.000000000,-0.000000000,0.174569041,-0.124676742,0.362183571,0.000000000,0.000000000
80,1.599999,B,yup,gripper_l_finger2_body_p,pos,-1.298547745,0.796821713,0.382318020,1.000000000,0.000000000,0.000000000,0.000000000,0.000000000
80,1.599999,B,yup,gripper_l_finger2_body_q,pos,0.000000000,0.000000000,-0.000000000,-0.022612583,-0.569774326,0.038841307,0.820571290,0.000000000
80,1.599999,B,yup,gripper_l_finger2_body_v,vel,0.157667771,0.120832607,0.045326397,0.000000000,0.000000000,-0.000000000,0.000000000,0.000000000
80,1.599999,B,yup,gripper_l_finger2_body_w,vel,0.000000000,0.000000000,-0.000000000,0.174566388,-0.124307007,0.362150341,0.000000000,0.000000000
80,1.599999,B,yup,gripper_l_palm_body_p,pos,-1.147465706,0.807515860,0.362393856,1.000000000,0.000000000,0.000000000,0.000000000,0.000000000
80,1.599999,B,yup,gripper_l_palm_body_q,pos,0.000000000,0.000000000,-0.000000000,0.552738272,-0.607665664,-0.418925438,-0.386942271,0.000000000
80,1.599999,B,yup,gripper_l_palm_body_v,vel,0.157681078,0.120818116,0.045164108,0.000000000,0.000000000,-0.000000000,0.000000000,0.000000000
80,1.599999,B,yup,gripper_l_palm_body_w,vel,0.000000000,0.000000000,-0.000000000,0.174565151,-0.124135643,0.362134933,0.000000000,0.000000000
80,1.599999,B,yup,gripper_r_finger1_body_p,pos,1.193864822,0.865769923,0.294078827,1.000000000,0.000000000,0.000000000,0.000000000,0.000000000
80,1.599999,B,yup,gripper_r_finger1_body_q,pos,0.000000000,0.000000000,-0.000000000,0.959352637,-0.102189572,0.249667394,-0.082861343,0.000000000
80,1.599999,B,yup,gripper_r_finger1_body_v,vel,-0.121938176,0.031562157,-0.192418396,0.000000000,0.000000000,-0.000000000,0.000000000,0.000000000
80,1.599999,B,yup,gripper_r_finger1_body_w,vel,0.000000000,0.000000000,-0.000000000,0.420139402,-0.049933720,-0.278818339,0.000000000,0.000000000
80,1.599999,B,yup,gripper_r_finger2_body_p,pos,1.344494343,0.826175869,0.274058819,1.000000000,0.000000000,0.000000000,0.000000000,0.000000000
80,1.599999,B,yup,gripper_r_finger2_body_q,pos,0.000000000,0.000000000,-0.000000000,0.082829551,0.249369595,0.102215545,0.959430067,0.000000000
80,1.599999,B,yup,gripper_r_finger2_body_v,vel,-0.121945947,0.031550862,-0.192460790,0.000000000,0.000000000,-0.000000000,0.000000000,0.000000000
80,1.599999,B,yup,gripper_r_finger2_body_w,vel,0.000000000,0.000000000,-0.000000000,0.420144439,-0.049978927,-0.278807223,0.000000000,0.000000000
80,1.599999,B,yup,gripper_r_palm_body_p,pos,1.120407104,0.861531436,0.317139149,1.000000000,0.000000000,0.000000000,0.000000000,0.000000000
80,1.599999,B,yup,gripper_r_palm_body_q,pos,0.000000000,0.000000000,-0.000000000,0.606125554,-0.750663347,0.235006960,0.117847704,0.000000000
80,1.599999,B,yup,gripper_r_palm_body_v,vel,-0.121944860,0.031555247,-0.192443460,0.000000000,0.000000000,-0.000000000,0.000000000,0.000000000
80,1.599999,B,yup,gripper_r_palm_body_w,vel,0.000000000,0.000000000,-0.000000000,0.420142621,-0.049962707,-0.278811187,0.000000000,0.000000000
81,1.619999,B,yup,gripper_l_finger1_body_p,pos,-1.395022869,0.810177922,0.392498970,1.000000000,0.000000000,0.000000000,0.000000000,0.000000000
81,1.619999,B,yup,gripper_l_finger1_body_q,pos,0.000000000,0.000000000,-0.000000000,0.821295985,-0.040182181,-0.568743052,0.019739265,0.000000000
81,1.619999,B,yup,gripper_l_finger1_body_v,vel,0.110835440,0.109987803,0.091849975,0.000000000,0.000000000,-0.000000000,0.000000000,0.000000000
81,1.619999,B,yup,gripper_l_finger1_body_w,vel,0.000000000,0.000000000,-0.000000000,0.044420190,-0.122451596,0.257661134,0.000000000,0.000000000
81,1.619999,B,yup,gripper_l_finger2_body_p,pos,-1.297976971,0.793440819,0.382223606,1.000000000,0.000000000,0.000000000,0.000000000,0.000000000
81,1.619999,B,yup,gripper_l_finger2_body_q,pos,0.000000000,0.000000000,-0.000000000,-0.019732467,-0.568607261,0.040185659,0.821389996,0.000000000
81,1.619999,B,yup,gripper_l_finger2_body_v,vel,0.110826910,0.109982811,0.091795079,0.000000000,0.000000000,-0.000000000,0.000000000,0.000000000
81,1.619999,B,yup,gripper_l_finger2_body_w,vel,0.000000000,0.000000000,-0.000000000,0.044419341,-0.122387953,0.257655472,0.000000000,0.000000000
81,1.619999,B,yup,gripper_l_palm_body_p,pos,-1.147229671,0.804612041,0.362547874,1.000000000,0.000000000,0.000000000,0.000000000,0.000000000
81,1.619999,B,yup,gripper_l_palm_body_q,pos,0.000000000,0.000000000,-0.000000000,0.552364199,-0.609192915,-0.416067367,-0.388156836,0.000000000
81,1.619999,B,yup,gripper_l_palm_body_v,vel,0.110838875,0.109968089,0.091627546,0.000000000,0.000000000,-0.000000000,0.000000000,0.000000000
81,1.619999,B,yup,gripper_l_palm_body_w,vel,0.000000000,0.000000000,-0.000000000,0.044416960,-0.122209385,0.257639617,0.000000000,0.000000000
81,1.619999,B,yup,gripper_r_finger1_body_p,pos,1.194063187,0.863650978,0.294676781,1.000000000,0.000000000,0.000000000,0.000000000,0.000000000
81,1.619999,B,yup,gripper_r_finger1_body_q,pos,0.000000000,0.000000000,-0.000000000,0.959854589,-0.098935209,0.250100581,-0.079628460,0.000000000
81,1.619999,B,yup,gripper_r_finger1_body_v,vel,-0.088608615,0.003404115,-0.164222687,0.000000000,0.000000000,-0.000000000,0.000000000,0.000000000
81,1.619999,B,yup,gripper_r_finger1_body_w,vel,0.000000000,0.000000000,-0.000000000,0.373423070,-0.028995123,-0.206161186,0.000000000,0.000000000
81,1.619999,B,yup,gripper_r_finger2_body_p,pos,1.344672680,0.823234260,0.274747849,1.000000000,0.000000000,0.000000000,0.000000000,0.000000000
81,1.619999,B,yup,gripper_r_finger2_body_q,pos,0.000000000,0.000000000,-0.000000000,0.079597720,0.249802995,0.098960148,0.959932058,0.000000000
81,1.619999,B,yup,gripper_r_finger2_body_v,vel,-0.088613525,0.003391218,-0.164274797,0.000000000,0.000000000,-0.000000000,0.000000000,0.000000000
81,1.619999,B,yup,gripper_r_finger2_body_w,vel,0.000000000,0.000000000,-0.000000000,0.373429239,-0.029052615,-0.206147537,0.000000000,0.000000000
81,1.619999,B,yup,gripper_r_palm_body_p,pos,1.120606422,0.858473122,0.317883492,1.000000000,0.000000000,0.000000000,0.000000000,0.000000000
81,1.619999,B,yup,gripper_r_palm_body_q,pos,0.000000000,0.000000000,-0.000000000,0.608782086,-0.748716763,0.233027649,0.120439595,0.000000000
81,1.619999,B,yup,gripper_r_palm_body_v,vel,-0.088612467,0.003401502,-0.164231956,0.000000000,0.000000000,-0.000000000,0.000000000,0.000000000
81,1.619999,B,yup,gripper_r_palm_body_w,vel,0.000000000,0.000000000,-0.000000000,0.373424262,-0.029006215,-0.206158549,0.000000000,0.000000000
82,1.639999,B,yup,gripper_l_finger1_body_p,pos,-1.394930363,0.808700919,0.392156124,1.000000000,0.000000000,0.000000000,0.000000000,0.000000000
82,1.639999,B,yup,gripper_l_finger1_body_q,pos,0.000000000,0.000000000,-0.000000000,0.822047234,-0.041501101,-0.567600191,0.018601809,0.000000000
82,1.639999,B,yup,gripper_l_finger1_body_v,vel,0.035182800,0.072112061,0.119600013,0.000000000,0.000000000,-0.000000000,0.000000000,0.000000000
82,1.639999,B,yup,gripper_l_finger1_body_w,vel,0.000000000,0.000000000,-0.000000000,-0.038729571,-0.127540380,0.087272108,0.000000000,0.000000000
82,1.639999,B,yup,gripper_l_finger2_body_p,pos,-1.297553062,0.792010427,0.381997108,1.000000000,0.000000000,0.000000000,0.000000000,0.000000000
82,1.639999,B,yup,gripper_l_finger2_body_q,pos,0.000000000,0.000000000,-0.000000000,-0.018594850,-0.567465371,0.041504372,0.822140299,0.000000000
82,1.639999,B,yup,gripper_l_finger2_body_v,vel,0.035176508,0.072123736,0.119731277,0.000000000,0.000000000,-0.000000000,0.000000000,0.000000000
82,1.639999,B,yup,gripper_l_finger2_body_w,vel,0.000000000,0.000000000,-0.000000000,-0.038727269,-0.127678990,0.087284543,0.000000000,0.000000000
82,1.639999,B,yup,gripper_l_palm_body_p,pos,-1.147093296,0.803567410,0.362535477,1.000000000,0.000000000,0.000000000,0.000000000,0.000000000
82,1.639999,B,yup,gripper_l_palm_body_q,pos,0.000000000,0.000000000,-0.000000000,0.551960672,-0.610654360,-0.414458130,-0.388156060,0.000000000
82,1.639999,B,yup,gripper_l_palm_body_v,vel,0.035183076,0.072115719,0.119640730,0.000000000,0.000000000,-0.000000000,0.000000000,0.000000000
82,1.639999,B,yup,gripper_l_palm_body_w,vel,0.000000000,0.000000000,-0.000000000,-0.038728874,-0.127582371,0.087275878,0.000000000,0.000000000
82,1.639999,B,yup,gripper_r_finger1_body_p,pos,1.194212914,0.861763895,0.295129776,1.000000000,0.000000000,0.000000000,0.000000000,0.000000000
82,1.639999,B,yup,gripper_r_finger1_body_q,pos,0.000000000,0.000000000,-0.000000000,0.960307570,-0.095883078,0.250433084,-0.076805449,0.000000000
82,1.639999,B,yup,gripper_r_finger1_body_v,vel,-0.083473593,0.000402890,-0.148834586,0.000000000,0.000000000,-0.000000000,0.000000000,0.000000000
82,1.639999,B,yup,gripper_r_finger1_body_w,vel,0.000000000,0.000000000,-0.000000000,0.341713548,-0.022467695,-0.194257200,0.000000000,0.000000000
82,1.639999,B,yup,gripper_r_finger2_body_p,pos,1.344808102,0.820616186,0.275264263,1.000000000,0.000000000,0.000000000,0.000000000,0.000000000
82,1.639999,B,yup,gripper_r_finger2_body_q,pos,0.000000000,0.000000000,-0.000000000,0.076775715,0.250135990,0.095907093,0.960384978,0.000000000
82,1.639999,B,yup,gripper_r_finger2_body_v,vel,-0.083476678,0.000379328,-0.148935840,0.000000000,0.000000000,-0.000000000,0.000000000,0.000000000
82,1.639999,B,yup,gripper_r_finger2_body_w,vel,0.000000000,0.000000000,-0.000000000,0.341724813,-0.022577755,-0.194231942,0.000000000,0.000000000
82,1.639999,B,yup,gripper_r_palm_body_p,pos,1.120767593,0.855714262,0.318466663,1.000000000,0.000000000,0.000000000,0.000000000,0.000000000
82,1.639999,B,yup,gripper_r_palm_body_q,pos,0.000000000,0.000000000,-0.000000000,0.611260950,-0.746878505,0.231267095,0.122670621,0.000000000
82,1.639999,B,yup,gripper_r_palm_body_v,vel,-0.083473995,0.000401062,-0.148842365,0.000000000,0.000000000,-0.000000000,0.000000000,0.000000000
82,1.639999,B,yup,gripper_r_palm_body_w,vel,0.000000000,0.000000000,-0.000000000,0.341714412,-0.022476295,-0.194255233,0.000000000,0.000000000
83,1.659999,B,yup,gripper_l_finger1_body_p,pos,-1.394932747,0.809754729,0.391562939,1.000000000,0.000000000,0.000000000,0.000000000,0.000000000
83,1.659999,B,yup,gripper_l_finger1_body_q,pos,0.000000000,0.000000000,-0.000000000,0.822771852,-0.042121671,-0.566484929,0.019159062,0.000000000
83,1.659999,B,yup,gripper_l_finger1_body_v,vel,-0.042152274,0.022975162,0.127747178,0.000000000,0.000000000,-0.000000000,0.000000000,0.000000000
83,1.659999,B,yup,gripper_l_finger1_body_w,vel,0.000000000,0.000000000,-0.000000000,-0.070638873,-0.135609865,-0.087871537,0.000000000,0.000000000
83,1.659999,B,yup,gripper_l_finger2_body_p,pos,-1.297308445,0.792908788,0.381544590,1.000000000,0.000000000,0.000000000,0.000000000,0.000000000
83,1.659999,B,yup,gripper_l_finger2_body_q,pos,0.000000000,0.000000000,-0.000000000,-0.019152003,-0.566349990,0.042125032,0.822864735,0.000000000
83,1.659999,B,yup,gripper_l_finger2_body_v,vel,-0.042155191,0.022993775,0.127951309,0.000000000,0.000000000,-0.000000000,0.000000000,0.000000000
83,1.659999,B,yup,gripper_l_finger2_body_w,vel,0.000000000,0.000000000,-0.000000000,-0.070635319,-0.135828316,-0.087851569,0.000000000,0.000000000
83,1.659999,B,yup,gripper_l_palm_body_p,pos,-1.147080421,0.804599881,0.362290859,1.000000000,0.000000000,0.000000000,0.000000000,0.000000000
83,1.659999,B,yup,gripper_l_palm_body_q,pos,0.000000000,0.000000000,-0.000000000,0.552033642,-0.611604983,-0.414064284,-0.386974123,0.000000000
83,1.659999,B,yup,gripper_l_palm_body_v,vel,-0.042153906,0.022993095,0.127943650,0.000000000,0.000000000,-0.000000000,0.000000000,0.000000000
83,1.659999,B,yup,gripper_l_palm_body_w,vel,0.000000000,0.000000000,-0.000000000,-0.070635445,-0.135820553,-0.087852284,0.000000000,0.000000000
83,1.659999,B,yup,gripper_r_finger1_body_p,pos,1.194343090,0.859647095,0.295546055,1.000000000,0.000000000,0.000000000,0.000000000,0.000000000
83,1.659999,B,yup,gripper_r_finger1_body_q,pos,0.000000000,0.000000000,-0.000000000,0.960742964,-0.093037367,0.250739427,-0.073802069,0.000000000
83,1.659999,B,yup,gripper_r_finger1_body_v,vel,-0.103322990,0.017821655,-0.144107044,0.000000000,0.000000000,-0.000000000,0.000000000,0.000000000
83,1.659999,B,yup,gripper_r_finger1_body_w,vel,0.000000000,0.000000000,-0.000000000,0.323902190,-0.027032768,-0.236999959,0.000000000,0.000000000
83,1.659999,B,yup,gripper_r_finger2_body_p,pos,1.344920635,0.817743719,0.275740623,1.000000000,0.000000000,0.000000000,0.000000000,0.000000000
83,1.659999,B,yup,gripper_r_finger2_body_q,pos,0.000000000,0.000000000,-0.000000000,0.073773317,0.250443278,0.093060366,0.960820186,0.000000000
83,1.659999,B,yup,gripper_r_finger2_body_v,vel,-0.103331022,0.017770767,-0.144332677,0.000000000,0.000000000,-0.000000000,0.000000000,0.000000000
83,1.659999,B,yup,gripper_r_finger2_body_w,vel,0.000000000,0.000000000,-0.000000000,0.323926300,-0.027278949,-0.236945301,0.000000000,0.000000000
83,1.659999,B,yup,gripper_r_palm_body_p,pos,1.120910645,0.852768958,0.319000721,1.000000000,0.000000000,0.000000000,0.000000000,0.000000000
83,1.659999,B,yup,gripper_r_palm_body_q,pos,0.000000000,0.000000000,-0.000000000,0.613581336,-0.745173744,0.229360667,0.125010877,0.000000000
83,1.659999,B,yup,gripper_r_palm_body_v,vel,-0.103326119,0.017803708,-0.144186482,0.000000000,0.000000000,-0.000000000,0.000000000,0.000000000
83,1.659999,B,yup,gripper_r_palm_body_w,vel,0.000000000,0.000000000,-0.000000000,0.323910773,-0.027120417,-0.236980498,0.000000000,0.000000000
84,1.679999,B,yup,gripper_l_finger1_body_p,pos,-1.395002842,0.812862039,0.390734196,1.000000000,0.000000000,0.000000000,0.000000000,0.000000000
84,1.679999,B,yup,gripper_l_finger1_body_q,pos,0.000000000,0.000000000,-0.000000000,0.823501846,-0.041729011,-0.565389937,0.020919347,0.000000000
84,1.679999,B,yup,gripper_l_finger1_body_v,vel,-0.099400327,-0.021862807,0.118999146,0.000000000,0.000000000,-0.000000000,0.000000000,0.000000000
84,1.679999,B,yup,gripper_l_finger1_body_w,vel,0.000000000,0.000000000,-0.000000000,-0.054325823,-0.144077748,-0.218132555,0.000000000,0.000000000
84,1.679999,B,yup,gripper_l_finger2_body_p,pos,-1.297203064,0.795773983,0.380853653,1.000000000,0.000000000,0.000000000,0.000000000,0.000000000
84,1.679999,B,yup,gripper_l_finger2_body_q,pos,0.000000000,0.000000000,-0.000000000,-0.020912318,-0.565254152,0.041732676,0.823595048,0.000000000
84,1.679999,B,yup,gripper_l_finger2_body_v,vel,-0.099400103,-0.021845147,0.119189434,0.000000000,0.000000000,-0.000000000,0.000000000,0.000000000
84,1.679999,B,yup,gripper_l_finger2_body_w,vel,0.000000000,0.000000000,-0.000000000,-0.054323211,-0.144282043,-0.218113601,0.000000000,0.000000000
84,1.679999,B,yup,gripper_l_palm_body_p,pos,-1.147159576,0.807295442,0.361823082,1.000000000,0.000000000,0.000000000,0.000000000,0.000000000
84,1.679999,B,yup,gripper_l_palm_body_q,pos,0.000000000,0.000000000,-0.000000000,0.552828145,-0.611844424,-0.414533409,-0.384953888,0.000000000
84,1.679999,B,yup,gripper_l_palm_body_v,vel,-0.099402674,-0.021840228,0.119242810,0.000000000,0.000000000,-0.000000000,0.000000000,0.000000000
84,1.679999,B,yup,gripper_l_palm_body_w,vel,0.000000000,0.000000000,-0.000000000,-0.054322474,-0.144339651,-0.218108252,0.000000000,0.000000000
84,1.679999,B,yup,gripper_r_finger1_body_p,pos,1.194467545,0.856877148,0.295999050,1.000000000,0.000000000,0.000000000,0.000000000,0.000000000
84,1.679999,B,yup,gripper_r_finger1_body_q,pos,0.000000000,0.000000000,-0.000000000,0.961186612,-0.090382562,0.251065824,-0.070123040,0.000000000
84,1.679999,B,yup,gripper_r_finger1_body_v,vel,-0.142703608,0.049473464,-0.148483977,0.000000000,0.000000000,-0.000000000,0.000000000,0.000000000
84,1.679999,B,yup,gripper_r_finger1_body_w,vel,0.000000000,0.000000000,-0.000000000,0.320654839,-0.038441576,-0.323123842,0.000000000,0.000000000
84,1.679999,B,yup,gripper_r_finger2_body_p,pos,1.345015526,0.814094126,0.276264668,1.000000000,0.000000000,0.000000000,0.000000000,0.000000000
84,1.679999,B,yup,gripper_r_finger2_body_q,pos,0.000000000,0.000000000,-0.000000000,0.070095293,0.250771494,0.090404287,0.961263425,0.000000000
84,1.679999,B,yup,gripper_r_finger2_body_v,vel,-0.142719492,0.049394865,-0.148843482,0.000000000,0.000000000,-0.000000000,0.000000000,0.000000000
84,1.679999,B,yup,gripper_r_finger2_body_w,vel,0.000000000,0.000000000,-0.000000000,0.320691049,-0.038836021,-0.323039204,0.000000000,0.000000000
84,1.679999,B,yup,gripper_r_palm_body_p,pos,1.121043682,0.849189222,0.319563389,1.000000000,0.000000000,0.000000000,0.000000000,0.000000000
84,1.679999,B,yup,gripper_r_palm_body_q,pos,0.000000000,0.000000000,-0.000000000,0.615772599,-0.743609486,0.226991295,0.127843618,0.000000000
84,1.679999,B,yup,gripper_r_palm_body_v,vel,-0.142712444,0.049435496,-0.148657143,0.000000000,0.000000000,-0.000000000,0.000000000,0.000000000
84,1.679999,B,yup,gripper_r_palm_body_w,vel,0.000000000,0.000000000,-0.000000000,0.320672452,-0.038633574,-0.323082626,0.000000000,0.000000000
85,1.699999,B,yup,gripper_l_finger1_body_p,pos,-1.395086765,0.817031026,0.389756203,1.000000000,0.000000000,0.000000000,0.000000000,0.000000000
85,1.699999,B,yup,gripper_l_finger1_body_q,pos,0.000000000,0.000000000,-0.000000000,0.824263632,-0.040327653,-0.564295351,0.023106305,0.000000000
85,1.699999,B,yup,gripper_l_finger1_body_v,vel,-0.122876354,-0.049775474,0.098831080,0.000000000,0.000000000,-0.000000000,0.000000000,0.000000000
85,1.699999,B,yup,gripper_l_finger1_body_w,vel,0.000000000,0.000000000,-0.000000000,-0.000306877,-0.151439488,-0.271966308,0.000000000,0.000000000
85,1.699999,B,yup,gripper_l_finger2_body_p,pos,-1.297150612,0.799742460,0.379986763,1.000000000,0.000000000,0.000000000,0.000000000,0.000000000
85,1.699999,B,yup,gripper_l_finger2_body_q,pos,0.000000000,0.000000000,-0.000000000,-0.023099447,-0.564158264,0.040331718,0.824357460,0.000000000
85,1.699999,B,yup,gripper_l_finger2_body_v,vel,-0.122873768,-0.049765855,0.098934330,0.000000000,0.000000000,-0.000000000,0.000000000,0.000000000
85,1.699999,B,yup,gripper_l_finger2_body_w,vel,0.000000000,0.000000000,-0.000000000,-0.000306050,-0.151550472,-0.271955997,0.000000000,0.000000000
85,1.699999,B,yup,gripper_l_palm_body_p,pos,-1.147270679,0.810828686,0.361211777,1.000000000,0.000000000,0.000000000,0.000000000,0.000000000
85,1.699999,B,yup,gripper_l_palm_body_q,pos,0.000000000,0.000000000,-0.000000000,0.554359204,-0.611394049,-0.415303202,-0.382630945,0.000000000
85,1.699999,B,yup,gripper_l_palm_body_v,vel,-0.122878395,-0.049757857,0.099020749,0.000000000,0.000000000,-0.000000000,0.000000000,0.000000000
85,1.699999,B,yup,gripper_l_palm_body_w,vel,0.000000000,0.000000000,-0.000000000,-0.000305358,-0.151643276,-0.271947354,0.000000000,0.000000000
85,1.699999,B,yup,gripper_r_finger1_body_p,pos,1.194584370,0.853090465,0.296528816,1.000000000,0.000000000,0.000000000,0.000000000,0.000000000
85,1.699999,B,yup,gripper_r_finger1_body_q,pos,0.000000000,0.000000000,-0.000000000,0.961660544,-0.087854414,0.251442192,-0.065325520,0.000000000
85,1.699999,B,yup,gripper_r_finger1_body_v,vel,-0.199020445,0.093003139,-0.161808431,0.000000000,0.000000000,-0.000000000,0.000000000,0.000000000
85,1.699999,B,yup,gripper_r_finger1_body_w,vel,0.000000000,0.000000000,-0.000000000,0.333061069,-0.054370508,-0.447336137,0.000000000,0.000000000
85,1.699999,B,yup,gripper_r_finger2_body_p,pos,1.345082283,0.809212506,0.276885033,1.000000000,0.000000000,0.000000000,0.000000000,0.000000000
85,1.699999,B,yup,gripper_r_finger2_body_q,pos,0.000000000,0.000000000,-0.000000000,0.065298759,0.251149956,0.087874526,0.961736887,0.000000000
85,1.699999,B,yup,gripper_r_finger2_body_v,vel,-0.199047148,0.092891067,-0.162339628,0.000000000,0.000000000,-0.000000000,0.000000000,0.000000000
85,1.699999,B,yup,gripper_r_finger2_body_w,vel,0.000000000,0.000000000,-0.000000000,0.333110005,-0.054956701,-0.447214931,0.000000000,0.000000000
85,1.699999,B,yup,gripper_r_palm_body_p,pos,1.121162415,0.844577372,0.320198059,1.000000000,0.000000000,0.000000000,0.000000000,0.000000000
85,1.699999,B,yup,gripper_r_palm_body_q,pos,0.000000000,0.000000000,-0.000000000,0.617895727,-0.742155971,0.223866806,0.131503001,0.000000000
85,1.699999,B,yup,gripper_r_palm_body_v,vel,-0.199036688,0.092943341,-0.162091076,0.000000000,0.000000000,-0.000000000,0.000000000,0.000000000
85,1.699999,B,yup,gripper_r_palm_body_w,vel,0.000000000,0.000000000,-0.000000000,0.333087355,-0.054685410,-0.447271019,0.000000000,0.000000000
86,1.719999,B,yup,gripper_l_finger1_body_p,pos,-1.395140648,0.821087003,0.388753414,1.000000000,0.000000000,0.000000000,0.000000000,0.000000000
86,1.719999,B,yup,gripper_l_finger1_body_q,pos,0.000000000,0.000000000,-0.000000000,0.825080641,-0.038108036,-0.563178661,0.024889957,0.000000000
86,1.719999,B,yup,gripper_l_finger1_body_v,vel,-0.110855781,-0.058365319,0.070757374,0.000000000,0.000000000,-0.000000000,0.000000000,0.000000000
86,1.719999,B,yup,gripper_l_finger1_body_w,vel,0.000000000,0.000000000,-0.000000000,0.081267774,-0.156291261,-0.245467454,0.000000000,0.000000000
86,1.719999,B,yup,gripper_l_finger2_body_p,pos,-1.297066212,0.803755164,0.379051208,1.000000000,0.000000000,0.000000000,0.000000000,0.000000000
86,1.719999,B,yup,gripper_l_finger2_body_q,pos,0.000000000,0.000000000,-0.000000000,-0.024883397,-0.563039832,0.038112442,0.825175379,0.000000000
86,1.719999,B,yup,gripper_l_finger2_body_v,vel,-0.110851385,-0.058367595,0.070732340,0.000000000,0.000000000,-0.000000000,0.000000000,0.000000000
86,1.719999,B,yup,gripper_l_finger2_body_w,vel,0.000000000,0.000000000,-0.000000000,0.081267722,-0.156264603,-0.245469898,0.000000000,0.000000000
86,1.719999,B,yup,gripper_l_palm_body_p,pos,-1.147357464,0.814225793,0.360572338,1.000000000,0.000000000,0.000000000,0.000000000,0.000000000
86,1.719999,B,yup,gripper_l_palm_body_q,pos,0.000000000,0.000000000,-0.000000000,0.556508401,-0.610404724,-0.415771391,-0.380576697,0.000000000
86,1.719999,B,yup,gripper_l_palm_body_v,vel,-0.110856794,-0.058358245,0.070834860,0.000000000,0.000000000,-0.000000000,0.000000000,0.000000000
86,1.719999,B,yup,gripper_l_palm_body_w,vel,0.000000000,0.000000000,-0.000000000,0.081267923,-0.156374544,-0.245459855,0.000000000,0.000000000
86,1.719999,B,yup,gripper_r_finger1_body_p,pos,1.194675446,0.847931445,0.297150612,1.000000000,0.000000000,0.000000000,0.000000000,0.000000000
86,1.719999,B,yup,gripper_r_finger1_body_q,pos,0.000000000,0.000000000,-0.000000000,0.962180231,-0.085362962,0.251892593,-0.058927826,0.000000000
86,1.719999,B,yup,gripper_r_finger1_body_v,vel,-0.275155962,0.152229205,-0.186237097,0.000000000,0.000000000,-0.000000000,0.000000000,0.000000000
86,1.719999,B,yup,gripper_r_finger1_body_w,vel,0.000000000,0.000000000,-0.000000000,0.364603817,-0.074740738,-0.616327047,0.000000000,0.000000000
86,1.719999,B,yup,gripper_r_finger2_body_p,pos,1.345088482,0.802642882,0.277624130,1.000000000,0.000000000,0.000000000,0.000000000,0.000000000
86,1.719999,B,yup,gripper_r_finger2_body_q,pos,0.000000000,0.000000000,-0.000000000,0.058902011,0.251602353,0.085380994,0.962256148,0.000000000
86,1.719999,B,yup,gripper_r_finger2_body_v,vel,-0.275197178,0.152081206,-0.186968759,0.000000000,0.000000000,-0.000000000,0.000000000,0.000000000
86,1.719999,B,yup,gripper_r_finger2_body_w,vel,0.000000000,0.000000000,-0.000000000,0.364662290,-0.075553603,-0.616165876,0.000000000,0.000000000
86,1.719999,B,yup,gripper_r_palm_body_p,pos,1.121243954,0.838535845,0.320925713,1.000000000,0.000000000,0.000000000,0.000000000,0.000000000
86,1.719999,B,yup,gripper_r_palm_body_q,pos,0.000000000,0.000000000,-0.000000000,0.620025393,-0.740760504,0.219663441,0.136346474,0.000000000
86,1.719999,B,yup,gripper_r_palm_body_v,vel,-0.275182068,0.152146086,-0.186646968,0.000000000,0.000000000,-0.000000000,0.000000000,0.000000000
86,1.719999,B,yup,gripper_r_palm_body_w,vel,0.000000000,0.000000000,-0.000000000,0.364636868,-0.075200260,-0.616235971,0.000000000,0.000000000
87,1.739999,B,yup,gripper_l_finger1_body_p,pos,-1.395147324,0.823976278,0.387856483,1.000000000,0.000000000,0.000000000,0.000000000,0.000000000
87,1.739999,B,yup,gripper_l_finger1_body_q,pos,0.000000000,0.000000000,-0.000000000,0.825951672,-0.035473381,-0.562040220,0.025617682,0.000000000
87,1.739999,B,yup,gripper_l_finger1_body_v,vel,-0.068797342,-0.046462625,0.041571695,0.000000000,0.000000000,-0.000000000,0.000000000,0.000000000
87,1.739999,B,yup,gripper_l_finger1_body_w,vel,0.000000000,0.000000000,-0.000000000,0.164677382,-0.155226797,-0.151044548,0.000000000,0.000000000
87,1.739999,B,yup,gripper_l_finger2_body_p,pos,-1.296896458,0.806822181,0.378173828,1.000000000,0.000000000,0.000000000,0.000000000,0.000000000
87,1.739999,B,yup,gripper_l_finger2_body_q,pos,0.000000000,0.000000000,-0.000000000,-0.025611496,-0.561899725,0.035477959,0.826047253,0.000000000
87,1.739999,B,yup,gripper_l_finger2_body_v,vel,-0.068791896,-0.046477381,0.041403633,0.000000000,0.000000000,-0.000000000,0.000000000,0.000000000
87,1.739999,B,yup,gripper_l_finger2_body_w,vel,0.000000000,0.000000000,-0.000000000,0.164677829,-0.155046776,-0.151060343,0.000000000,0.000000000
87,1.739999,B,yup,gripper_l_palm_body_p,pos,-1.147388935,0.816624880,0.360023975,1.000000000,0.000000000,0.000000000,0.000000000,0.000000000
87,1.739999,B,yup,gripper_l_palm_body_q,pos,0.000000000,0.000000000,-0.000000000,0.558989192,-0.609159774,-0.415477876,-0.379253988,0.000000000
87,1.739999,B,yup,gripper_l_palm_body_v,vel,-0.068796329,-0.046469241,0.041496299,0.000000000,0.000000000,-0.000000000,0.000000000,0.000000000
87,1.739999,B,yup,gripper_l_palm_body_w,vel,0.000000000,0.000000000,-0.000000000,0.164677590,-0.155146316,-0.151051611,0.000000000,0.000000000
87,1.739999,B,yup,gripper_r_finger1_body_p,pos,1.194694996,0.840977371,0.297864914,1.000000000,0.000000000,0.000000000,0.000000000,0.000000000
87,1.739999,B,yup,gripper_r_finger1_body_q,pos,0.000000000,0.000000000,-0.000000000,0.962751567,-0.082790405,0.252446413,-0.050259102,0.000000000
87,1.739999,B,yup,gripper_r_finger1_body_v,vel,-0.379854888,0.237890124,-0.225460425,0.000000000,0.000000000,-0.000000000,0.000000000,0.000000000
87,1.739999,B,yup,gripper_r_finger1_body_w,vel,0.000000000,0.000000000,-0.000000000,0.420286417,-0.101122163,-0.850094557,0.000000000,0.000000000
87,1.739999,B,yup,gripper_r_finger2_body_p,pos,1.344964981,0.793823779,0.278487682,1.000000000,0.000000000,0.000000000,0.000000000,0.000000000
87,1.739999,B,yup,gripper_r_finger2_body_q,pos,0.000000000,0.000000000,-0.000000000,0.050234392,0.252159860,0.082805617,0.962826641,0.000000000
87,1.739999,B,yup,gripper_r_finger2_body_v,vel,-0.379921705,0.237685025,-0.226529643,0.000000000,0.000000000,-0.000000000,0.000000000,0.000000000
87,1.739999,B,yup,gripper_r_finger2_body_w,vel,0.000000000,0.000000000,-0.000000000,0.420353472,-0.102318950,-0.849869192,0.000000000,0.000000000
87,1.739999,B,yup,gripper_r_palm_body_p,pos,1.121235371,0.830586135,0.321749210,1.000000000,0.000000000,0.000000000,0.000000000,0.000000000
87,1.739999,B,yup,gripper_r_palm_body_q,pos,0.000000000,0.000000000,-0.000000000,0.622249137,-0.739343885,0.213927628,0.142869175,0.000000000
87,1.739999,B,yup,gripper_r_palm_body_v,vel,-0.379895508,0.237779602,-0.226035163,0.000000000,0.000000000,-0.000000000,0.000000000,0.000000000
87,1.739999,B,yup,gripper_r_palm_body_w,vel,0.000000000,0.000000000,-0.000000000,0.420322835,-0.101771995,-0.849972188,0.000000000,0.000000000
88,1.759999,B,yup,gripper_l_finger1_body_p,pos,-1.395110607,0.825055480,0.387155533,1.000000000,0.000000000,0.000000000,0.000000000,0.000000000
88,1.759999,B,yup,gripper_l_finger1_body_q,pos,0.000000000,0.000000000,-0.000000000,0.826840989,-0.032980129,-0.560909567,0.025034906,0.000000000
88,1.759999,B,yup,gripper_l_finger1_body_v,vel,-0.011308355,-0.019350141,0.020267718,0.000000000,0.000000000,-0.000000000,0.000000000,0.000000000
88,1.759999,B,yup,gripper_l_finger1_body_w,vel,0.000000000,0.000000000,-0.000000000,0.218323335,-0.146142334,-0.021946697,0.000000000,0.000000000
88,1.759999,B,yup,gripper_l_finger2_body_p,pos,-1.296630383,0.808280468,0.377458572,1.000000000,0.000000000,0.000000000,0.000000000,0.000000000
88,1.759999,B,yup,gripper_l_finger2_body_q,pos,0.000000000,0.000000000,-0.000000000,-0.025029117,-0.560768182,0.032984625,0.826936881,0.000000000
88,1.759999,B,yup,gripper_l_finger2_body_v,vel,-0.011302846,-0.019373456,0.019986792,0.000000000,0.000000000,-0.000000000,0.000000000,0.000000000
88,1.759999,B,yup,gripper_l_finger2_body_w,vel,0.000000000,0.000000000,-0.000000000,0.218324676,-0.145840928,-0.021971686,0.000000000,0.000000000
88,1.759999,B,yup,gripper_l_palm_body_p,pos,-1.147356987,0.817509413,0.359646797,1.000000000,0.000000000,0.000000000,0.000000000,0.000000000
88,1.759999,B,yup,gripper_l_palm_body_q,pos,0.000000000,0.000000000,-0.000000000,0.561382133,-0.608026748,-0.414264593,-0.378864649,0.000000000
88,1.759999,B,yup,gripper_l_palm_body_v,vel,-0.011304493,-0.019368781,0.020043101,0.000000000,0.000000000,-0.000000000,0.000000000,0.000000000
88,1.759999,B,yup,gripper_l_palm_body_w,vel,0.000000000,0.000000000,-0.000000000,0.218324393,-0.145902038,-0.021966621,0.000000000,0.000000000
88,1.759999,B,yup,gripper_r_finger1_body_p,pos,1.194571018,0.831706583,0.298648357,1.000000000,0.000000000,0.000000000,0.000000000,0.000000000
88,1.759999,B,yup,gripper_r_finger1_body_q,pos,0.000000000,0.000000000,-0.000000000,0.963335989,-0.080057263,0.253168344,-0.038475931,0.000000000
88,1.759999,B,yup,gripper_r_finger1_body_v,vel,-0.518851817,0.357458204,-0.290821403,0.000000000,0.000000000,-0.000000000,0.000000000,0.000000000
88,1.759999,B,yup,gripper_r_finger1_body_w,vel,0.000000000,0.000000000,-0.000000000,0.500021040,-0.146642253,-1.162504554,0.000000000,0.000000000
88,1.759999,B,yup,gripper_r_finger2_body_p,pos,1.344592094,0.782064855,0.279463291,1.000000000,0.000000000,0.000000000,0.000000000,0.000000000
88,1.759999,B,yup,gripper_r_finger2_body_q,pos,0.000000000,0.000000000,-0.000000000,0.038452543,0.252887756,0.080068723,0.963409666,0.000000000
88,1.759999,B,yup,gripper_r_finger2_body_v,vel,-0.518957973,0.357187033,-0.292337149,0.000000000,0.000000000,-0.000000000,0.000000000,0.000000000
88,1.759999,B,yup,gripper_r_finger2_body_w,vel,0.000000000,0.000000000,-0.000000000,0.500079572,-0.148357272,-1.162201762,0.000000000,0.000000000
88,1.759999,B,yup,gripper_r_palm_body_p,pos,1.121041298,0.820153415,0.322646618,1.000000000,0.000000000,0.000000000,0.000000000,0.000000000
88,1.759999,B,yup,gripper_r_palm_body_q,pos,0.000000000,0.000000000,-0.000000000,0.624595910,-0.737822602,0.206108796,0.151713284,0.000000000
88,1.759999,B,yup,gripper_r_palm_body_v,vel,-0.518914342,0.357316256,-0.291613489,0.000000000,0.000000000,-0.000000000,0.000000000,0.000000000
88,1.759999,B,yup,gripper_r_palm_body_w,vel,0.000000000,0.000000000,-0.000000000,0.500051916,-0.147547990,-1.162344575,0.000000000,0.000000000
89,1.779999,B,yup,gripper_l_finger1_body_p,pos,-1.395040989,0.824272752,0.386667728,1.000000000,0.000000000,0.000000000,0.000000000,0.000000000
89,1.779999,B,yup,gripper_l_finger1_body_q,pos,0.000000000,0.000000000,-0.000000000,0.827700132,-0.031179903,-0.559816657,0.023358421,0.000000000
89,1.779999,B,yup,gripper_l_finger1_body_v,vel,0.042914249,0.013399088,0.016077893,0.000000000,0.000000000,-0.000000000,0.000000000,0.000000000
89,1.779999,B,yup,gripper_l_finger1_body_w,vel,0.000000000,0.000000000,-0.000000000,0.219504997,-0.131927222,0.099630930,0.000000000,0.000000000
89,1.779999,B,yup,gripper_l_finger2_body_p,pos,-1.296283245,0.807981133,0.376948833,1.000000000,0.000000000,0.000000000,0.000000000,0.000000000
89,1.779999,B,yup,gripper_l_finger2_body_q,pos,0.000000000,0.000000000,-0.000000000,-0.023352973,-0.559676052,0.031184092,0.827795209,0.000000000
89,1.779999,B,yup,gripper_l_finger2_body_v,vel,0.042918291,0.013374412,0.015761737,0.000000000,0.000000000,-0.000000000,0.000000000,0.000000000
89,1.779999,B,yup,gripper_l_finger2_body_w,vel,0.000000000,0.000000000,-0.000000000,0.219506279,-0.131587163,0.099604398,0.000000000,0.000000000
89,1.779999,B,yup,gripper_l_palm_body_p,pos,-1.147267342,0.816854477,0.359455585,1.000000000,0.000000000,0.000000000,0.000000000,0.000000000
89,1.779999,B,yup,gripper_l_palm_body_q,pos,0.000000000,0.000000000,-0.000000000,0.563262399,-0.607360839,-0.412306785,-0.379277467,0.000000000
89,1.779999,B,yup,gripper_l_palm_body_v,vel,0.042920712,0.013374272,0.015760062,0.000000000,0.000000000,-0.000000000,0.000000000,0.000000000
89,1.779999,B,yup,gripper_l_palm_body_w,vel,0.000000000,0.000000000,-0.000000000,0.219506279,-0.131586626,0.099604361,0.000000000,0.000000000
89,1.779999,B,yup,gripper_r_finger1_body_p,pos,1.194243908,0.819607198,0.299443722,1.000000000,0.000000000,0.000000000,0.000000000,0.000000000
89,1.779999,B,yup,gripper_r_finger1_body_q,pos,0.000000000,0.000000000,-0.000000000,0.963767344,-0.077210314,0.254305392,-0.022800017,0.000000000
89,1.779999,B,yup,gripper_r_finger1_body_v,vel,-0.684609652,0.505764961,-0.402938426,0.000000000,0.000000000,-0.000000000,0.000000000,0.000000000
89,1.779999,B,yup,gripper_r_finger1_body_w,vel,0.000000000,0.000000000,-0.000000000,0.590927839,-0.241512999,-1.537961960,0.000000000,0.000000000
89,1.779999,B,yup,gripper_r_finger2_body_p,pos,1.343820095,0.766712606,0.280533314,1.000000000,0.000000000,0.000000000,0.000000000,0.000000000
89,1.779999,B,yup,gripper_r_finger2_body_q,pos,0.000000000,0.000000000,-0.000000000,0.022778155,0.254033358,0.077216998,0.963839065,0.000000000
89,1.779999,B,yup,gripper_r_finger2_body_v,vel,-0.684771419,0.505432904,-0.404976845,0.000000000,0.000000000,-0.000000000,0.000000000,0.000000000
89,1.779999,B,yup,gripper_r_finger2_body_w,vel,0.000000000,0.000000000,-0.000000000,0.590938926,-0.243854433,-1.537581444,0.000000000,0.000000000
89,1.779999,B,yup,gripper_r_palm_body_p,pos,1.120516777,0.806709349,0.323549271,1.000000000,0.000000000,0.000000000,0.000000000,0.000000000
89,1.779999,B,yup,gripper_r_palm_body_q,pos,0.000000000,0.000000000,-0.000000000,0.626915146,-0.736112054,0.195831790,0.163604259,0.000000000
89,1.779999,B,yup,gripper_r_palm_body_v,vel,-0.684704542,0.505591094,-0.404005438,0.000000000,0.000000000,-0.000000000,0.000000000,0.000000000
89,1.779999,B,yup,gripper_r_palm_body_w,vel,0.000000000,0.000000000,-0.000000000,0.590933740,-0.242751285,-1.537760735,0.000000000,0.000000000
90,1.799999,B,yup,gripper_l_finger1_body_p,pos,-1.394945145,0.822143912,0.386348724,1.000000000,0.000000000,0.000000000,0.000000000,0.000000000
90,1.799999,B,yup,gripper_l_finger1_body_q,pos,0.000000000,0.000000000,-0.000000000,0.828489921,-0.030382118,-0.558779246,0.021145486,0.000000000
90,1.799999,B,yup,gripper_l_finger1_body_v,vel,0.076899730,0.040023521,0.031458069,0.000000000,0.000000000,-0.000000000,0.000000000,0.000000000
90,1.799999,B,yup,gripper_l_finger1_body_w,vel,0.000000000,0.000000000,-0.000000000,0.167846352,-0.117707722,0.175640315,0.000000000,0.000000000
90,1.799999,B,yup,gripper_l_finger2_body_p,pos,-1.295883179,0.806313753,0.376628876,1.000000000,0.000000000,0.000000000,0.000000000,0.000000000
90,1.799999,B,yup,gripper_l_finger2_body_q,pos,0.000000000,0.000000000,-0.000000000,-0.021140251,-0.558640597,0.030385876,0.828583412,0.000000000
90,1.799999,B,yup,gripper_l_finger2_body_v,vel,0.076901704,0.040001579,0.031162305,0.000000000,0.000000000,-0.000000000,0.000000000,0.000000000
90,1.799999,B,yup,gripper_l_finger2_body_w,vel,0.000000000,0.000000000,-0.000000000,0.167846695,-0.117388025,0.175616607,0.000000000,0.000000000
90,1.799999,B,yup,gripper_l_palm_body_p,pos,-1.147134781,0.815099597,0.359412670,1.000000000,0.000000000,0.000000000,0.000000000,0.000000000
90,1.799999,B,yup,gripper_l_palm_body_q,pos,0.000000000,0.000000000,-0.000000000,0.564383585,-0.607353394,-0.410010788,-0.380110744,0.000000000
90,1.799999,B,yup,gripper_l_palm_body_v,vel,0.076907665,0.039998010,0.031114280,0.000000000,0.000000000,-0.000000000,0.000000000,0.000000000
90,1.799999,B,yup,gripper_l_palm_body_w,vel,0.000000000,0.000000000,-0.000000000,0.167846754,-0.117338143,0.175612912,0.000000000,0.000000000
90,1.799999,B,yup,gripper_r_finger1_body_p,pos,1.193655968,0.804475605,0.300139904,1.000000000,0.000000000,0.000000000,0.000000000,0.000000000
90,1.799999,B,yup,gripper_r_finger1_body_q,pos,0.000000000,0.000000000,-0.000000000,0.963740091,-0.074474721,0.256221292,-0.003033683,0.000000000
90,1.799999,B,yup,gripper_r_finger1_body_v,vel,-0.847777069,0.659420609,-0.535333812,0.000000000,0.000000000,-0.000000000,0.000000000,0.000000000
90,1.799999,B,yup,gripper_r_finger1_body_w,vel,0.000000000,0.000000000,-0.000000000,0.662107527,-0.365737259,-1.913418412,0.000000000,0.000000000
90,1.799999,B,yup,gripper_r_finger2_body_p,pos,1.342467308,0.747555792,0.281640530,1.000000000,0.000000000,0.000000000,0.000000000,0.000000000
90,1.799999,B,yup,gripper_r_finger2_body_q,pos,0.000000000,0.000000000,-0.000000000,0.003013633,0.255962730,0.074475788,0.963808776,0.000000000
90,1.799999,B,yup,gripper_r_finger2_body_v,vel,-0.848009408,0.659048378,-0.537922382,0.000000000,0.000000000,-0.000000000,0.000000000,0.000000000
90,1.799999,B,yup,gripper_r_finger2_body_w,vel,0.000000000,0.000000000,-0.000000000,0.662008584,-0.368765771,-1.912974000,0.000000000,0.000000000
90,1.799999,B,yup,gripper_r_palm_body_p,pos,1.119475365,0.790110290,0.324321270,1.000000000,0.000000000,0.000000000,0.000000000,0.000000000
90,1.799999,B,yup,gripper_r_palm_body_q,pos,0.000000000,0.000000000,-0.000000000,0.628831322,-0.734155296,0.183214888,0.178939864,0.000000000
90,1.799999,B,yup,gripper_r_palm_body_v,vel,-0.847912490,0.659225345,-0.536694705,0.000000000,0.000000000,-0.000000000,0.000000000,0.000000000
90,1.799999,B,yup,gripper_r_palm_body_w,vel,0.000000000,0.000000000,-0.000000000,0.662055016,-0.367345214,-1.913182497,0.000000000,0.000000000
91,1.819999,B,yup,gripper_l_finger1_body_p,pos,-1.394834995,0.819527984,0.386120796,1.000000000,0.000000000,0.000000000,0.000000000,0.000000000
91,1.819999,B,yup,gripper_l_finger1_body_q,pos,0.000000000,0.000000000,-0.000000000,0.829198202,-0.030547912,-0.557795173,0.019018712,0.000000000
91,1.819999,B,yup,gripper_l_finger1_body_v,vel,0.083743349,0.054932233,0.057457782,0.000000000,0.000000000,-0.000000000,0.000000000,0.000000000
91,1.819999,B,yup,gripper_l_finger1_body_w,vel,0.000000000,0.000000000,-0.000000000,0.090262584,-0.107478820,0.190985605,0.000000000,0.000000000
91,1.819999,B,yup,gripper_l_finger2_body_p,pos,-1.295467377,0.804038286,0.376436234,1.000000000,0.000000000,0.000000000,0.000000000,0.000000000
91,1.819999,B,yup,gripper_l_finger2_body_q,pos,0.000000000,0.000000000,-0.000000000,-0.019013533,-0.557658666,0.030551262,0.829290009,0.000000000
91,1.819999,B,yup,gripper_l_finger2_body_v,vel,0.083742030,0.054919194,0.057276890,0.000000000,0.000000000,-0.000000000,0.000000000,0.000000000
91,1.819999,B,yup,gripper_l_finger2_body_w,vel,0.000000000,0.000000000,-0.000000000,0.090262085,-0.107281953,0.190971419,0.000000000,0.000000000
91,1.819999,B,yup,gripper_l_palm_body_p,pos,-1.146981716,0.812967181,0.359451771,1.000000000,0.000000000,0.000000000,0.000000000,0.000000000
91,1.819999,B,yup,gripper_l_palm_body_q,pos,0.000000000,0.000000000,-0.000000000,0.564765147,-0.607969043,-0.407814352,-0.380921810,0.000000000
91,1.819999,B,yup,gripper_l_palm_body_v,vel,0.083749987,0.054913044,0.057191294,0.000000000,0.000000000,-0.000000000,0.000000000,0.000000000
91,1.819999,B,yup,gripper_l_palm_body_w,vel,0.000000000,0.000000000,-0.000000000,0.090261854,-0.107191369,0.190964893,0.000000000,0.000000000
91,1.819999,B,yup,gripper_r_finger1_body_p,pos,1.192656994,0.786735237,0.300557137,1.000000000,0.000000000,0.000000000,0.000000000,0.000000000
91,1.819999,B,yup,gripper_r_finger1_body_q,pos,0.000000000,0.000000000,-0.000000000,0.962976167,-0.072119862,0.258983673,0.020076957,0.000000000
91,1.819999,B,yup,gripper_r_finger1_body_v,vel,-0.966939092,0.779665589,-0.651008248,0.000000000,0.000000000,-0.000000000,0.000000000,0.000000000
91,1.819999,B,yup,gripper_r_finger1_body_w,vel,0.000000000,0.000000000,-0.000000000,0.695454478,-0.480808049,-2.196271896,0.000000000,0.000000000
91,1.819999,B,yup,gripper_r_finger2_body_p,pos,1.340306759,0.725202382,0.282601833,1.000000000,0.000000000,0.000000000,0.000000000,0.000000000
91,1.819999,B,yup,gripper_r_finger2_body_q,pos,0.000000000,0.000000000,-0.000000000,-0.020095572,0.258736012,0.072114951,0.963042719,0.000000000
91,1.819999,B,yup,gripper_r_finger2_body_v,vel,-0.967215896,0.779334366,-0.653720558,0.000000000,0.000000000,-0.000000000,0.000000000,0.000000000
91,1.819999,B,yup,gripper_r_finger2_body_w,vel,0.000000000,0.000000000,-0.000000000,0.695204973,-0.484053671,-2.195850134,0.000000000,0.000000000
91,1.819999,B,yup,gripper_r_palm_body_p,pos,1.117712498,0.770899832,0.324762344,1.000000000,0.000000000,0.000000000,0.000000000,0.000000000
91,1.819999,B,yup,gripper_r_palm_body_q,pos,0.000000000,0.000000000,-0.000000000,0.629957117,-0.731946342,0.168833552,0.197240500,0.000000000
91,1.819999,B,yup,gripper_r_palm_body_v,vel,-0.967115104,0.779472649,-0.652596772,0.000000000,0.000000000,-0.000000000,0.000000000,0.000000000
91,1.819999,B,yup,gripper_r_palm_body_w,vel,0.000000000,0.000000000,-0.000000000,0.695307255,-0.482723236,-2.196023226,0.000000000,0.000000000
92,1.839999,B,yup,gripper_l_finger1_body_p,pos,-1.394731045,0.817320824,0.385901928,1.000000000,0.000000000,0.000000000,0.000000000,0.000000000
92,1.839999,B,yup,gripper_l_finger1_body_q,pos,0.000000000,0.000000000,-0.000000000,0.829835372,-0.031318363,-0.556854074,0.017491579,0.000000000
92,1.839999,B,yup,gripper_l_finger1_body_v,vel,0.064171635,0.053318266,0.082756318,0.000000000,0.000000000,-0.000000000,0.000000000,0.000000000
92,1.839999,B,yup,gripper_l_finger1_body_w,vel,0.000000000,0.000000000,-0.000000000,0.016041696,-0.102410726,0.147296250,0.000000000,0.000000000
92,1.839999,B,yup,gripper_l_finger2_body_p,pos,-1.295079231,0.802004933,0.376289845,1.000000000,0.000000000,0.000000000,0.000000000,0.000000000
92,1.839999,B,yup,gripper_l_finger2_body_q,pos,0.000000000,0.000000000,-0.000000000,-0.017486336,-0.556719063,0.031321429,0.829925949,0.000000000
92,1.839999,B,yup,gripper_l_finger2_body_v,vel,0.064168148,0.053314913,0.082709804,0.000000000,0.000000000,-0.000000000,0.000000000,0.000000000
92,1.839999,B,yup,gripper_l_finger2_body_w,vel,0.000000000,0.000000000,-0.000000000,0.016041391,-0.102358587,0.147292525,0.000000000,0.000000000
92,1.839999,B,yup,gripper_l_palm_body_p,pos,-1.146840572,0.811197281,0.359498024,1.000000000,0.000000000,0.000000000,0.000000000,0.000000000
92,1.839999,B,yup,gripper_l_palm_body_q,pos,0.000000000,0.000000000,-0.000000000,0.564669045,-0.608962171,-0.406072016,-0.381339039,0.000000000
92,1.839999,B,yup,gripper_l_palm_body_v,vel,0.064175092,0.053309102,0.082628116,0.000000000,0.000000000,-0.000000000,0.000000000,0.000000000
92,1.839999,B,yup,gripper_l_palm_body_w,vel,0.000000000,0.000000000,-0.000000000,0.016040880,-0.102271594,0.147286281,0.000000000,0.000000000
92,1.839999,B,yup,gripper_r_finger1_body_p,pos,1.191112995,0.767400205,0.300514698,1.000000000,0.000000000,0.000000000,0.000000000,0.000000000
92,1.839999,B,yup,gripper_r_finger1_body_q,pos,0.000000000,0.000000000,-0.000000000,0.961333983,-0.070245869,0.262426793,0.045107316,0.000000000
92,1.839999,B,yup,gripper_r_finger1_body_v,vel,-1.020388484,0.843520164,-0.731044233,0.000000000,0.000000000,-0.000000000,0.000000000,0.000000000
92,1.839999,B,yup,gripper_r_finger1_body_w,vel,0.000000000,0.000000000,-0.000000000,0.693216205,-0.562761962,-2.334523201,0.000000000,0.000000000
92,1.839999,B,yup,gripper_r_finger2_body_p,pos,1.337203503,0.700973928,0.283188820,1.000000000,0.000000000,0.000000000,0.000000000,0.000000000
92,1.839999,B,yup,gripper_r_finger2_body_q,pos,0.000000000,0.000000000,-0.000000000,-0.045124646,0.262190521,0.070235036,0.961398428,0.000000000
92,1.839999,B,yup,gripper_r_finger2_body_v,vel,-1.020701408,0.843249679,-0.733786285,0.000000000,0.000000000,-0.000000000,0.000000000,0.000000000
92,1.839999,B,yup,gripper_r_finger2_body_w,vel,0.000000000,0.000000000,-0.000000000,0.692795753,-0.566116214,-2.334144354,0.000000000,0.000000000
92,1.839999,B,yup,gripper_r_palm_body_p,pos,1.115120411,0.750199139,0.324682713,1.000000000,0.000000000,0.000000000,0.000000000,0.000000000
92,1.839999,B,yup,gripper_r_palm_body_q,pos,0.000000000,0.000000000,-0.000000000,0.630121709,-0.729456544,0.153576210,0.217380151,0.000000000
92,1.839999,B,yup,gripper_r_palm_body_v,vel,-1.020590186,0.843359649,-0.732689321,0.000000000,0.000000000,-0.000000000,0.000000000,0.000000000
92,1.839999,B,yup,gripper_r_palm_body_w,vel,0.000000000,0.000000000,-0.000000000,0.692962289,-0.564787626,-2.334294558,0.000000000,0.000000000
93,1.859999,B,yup,gripper_l_finger1_body_p,pos,-1.394653797,0.816162944,0.385622978,1.000000000,0.000000000,0.000000000,0.000000000,0.000000000
93,1.859999,B,yup,gripper_l_finger1_body_q,pos,0.000000000,0.000000000,-0.000000000,0.830422620,-0.032230295,-0.555945689,0.016848488,0.000000000
93,1.859999,B,yup,gripper_l_finger1_body_v,vel,0.027913047,0.037508838,0.100433469,0.000000000,0.000000000,-0.000000000,0.000000000,0.000000000
93,1.859999,B,yup,gripper_l_finger1_body_w,vel,0.000000000,0.000000000,-0.000000000,-0.037351027,-0.101673529,0.066306375,0.000000000,0.000000000
93,1.859999,B,yup,gripper_l_finger2_body_p,pos,-1.294755936,0.800857663,0.376111507,1.000000000,0.000000000,0.000000000,0.000000000,0.000000000
93,1.859999,B,yup,gripper_l_finger2_body_q,pos,0.000000000,0.000000000,-0.000000000,-0.016843127,-0.555811349,0.032233242,0.830512536,0.000000000
93,1.859999,B,yup,gripper_l_finger2_body_v,vel,0.027909396,0.037512325,0.100482009,0.000000000,0.000000000,-0.000000000,0.000000000,0.000000000
93,1.859999,B,yup,gripper_l_finger2_body_w,vel,0.000000000,0.000000000,-0.000000000,-0.037350629,-0.101724245,0.066310048,0.000000000,0.000000000
93,1.859999,B,yup,gripper_l_palm_body_p,pos,-1.146739483,0.810308337,0.359488010,1.000000000,0.000000000,0.000000000,0.000000000,0.000000000
93,1.859999,B,yup,gripper_l_palm_body_q,pos,0.000000000,0.000000000,-0.000000000,0.564438192,-0.610020764,-0.404976909,-0.381153379,0.000000000
93,1.859999,B,yup,gripper_l_palm_body_v,vel,0.027913325,0.037509099,0.100437030,0.000000000,0.000000000,-0.000000000,0.000000000,0.000000000
93,1.859999,B,yup,gripper_l_palm_body_w,vel,0.000000000,0.000000000,-0.000000000,-0.037351005,-0.101676345,0.066306576,0.000000000,0.000000000
93,1.859999,B,yup,gripper_r_finger1_body_p,pos,1.188999176,0.747658193,0.299896240,1.000000000,0.000000000,0.000000000,0.000000000,0.000000000
93,1.859999,B,yup,gripper_r_finger1_body_q,pos,0.000000000,0.000000000,-0.000000000,0.958836864,-0.068759375,0.266303958,0.070613161,0.000000000
93,1.859999,B,yup,gripper_r_finger1_body_v,vel,-1.016255856,0.857121706,-0.777808726,0.000000000,0.000000000,-0.000000000,0.000000000,0.000000000
93,1.859999,B,yup,gripper_r_finger1_body_w,vel,0.000000000,0.000000000,-0.000000000,0.670756757,-0.609619796,-2.342879534,0.000000000,0.000000000
93,1.859999,B,yup,gripper_r_finger2_body_p,pos,1.333194733,0.676348865,0.283228874,1.000000000,0.000000000,0.000000000,0.000000000,0.000000000
93,1.859999,B,yup,gripper_r_finger2_body_q,pos,0.000000000,0.000000000,-0.000000000,-0.070629484,0.266077277,0.068742930,0.958899770,0.000000000
93,1.859999,B,yup,gripper_r_finger2_body_v,vel,-1.016578674,0.856932998,-0.780361056,0.000000000,0.000000000,-0.000000000,0.000000000,0.000000000
93,1.859999,B,yup,gripper_r_finger2_body_w,vel,0.000000000,0.000000000,-0.000000000,0.670197129,-0.612809539,-2.342572927,0.000000000,0.000000000
93,1.859999,B,yup,gripper_r_palm_body_p,pos,1.111742020,0.729245484,0.323969841,1.000000000,0.000000000,0.000000000,0.000000000,0.000000000
93,1.859999,B,yup,gripper_r_palm_body_q,pos,0.000000000,0.000000000,-0.000000000,0.629407949,-0.726636770,0.138288111,0.238161788,0.000000000
93,1.859999,B,yup,gripper_r_palm_body_v,vel,-1.016466379,0.857008636,-0.779369652,0.000000000,0.000000000,-0.000000000,0.000000000,0.000000000
93,1.859999,B,yup,gripper_r_palm_body_w,vel,0.000000000,0.000000000,-0.000000000,0.670412540,-0.611581922,-2.342690945,0.000000000,0.000000000
94,1.879999,B,yup,gripper_l_finger1_body_p,pos,-1.394613266,0.816266418,0.385246277,1.000000000,0.000000000,0.000000000,0.000000000,0.000000000
94,1.879999,B,yup,gripper_l_finger1_body_q,pos,0.000000000,0.000000000,-0.000000000,0.830982210,-0.032876566,-0.555064023,0.017077148,0.000000000
94,1.879999,B,yup,gripper_l_finger1_body_v,vel,-0.011114709,0.014720005,0.106080554,0.000000000,0.000000000,-0.000000000,0.000000000,0.000000000
94,1.879999,B,yup,gripper_l_finger1_body_w,vel,0.000000000,0.000000000,-0.000000000,-0.059202064,-0.103406191,-0.020898538,0.000000000,0.000000000
94,1.879999,B,yup,gripper_l_finger2_body_p,pos,-1.294512749,0.800855160,0.375848293,1.000000000,0.000000000,0.000000000,0.000000000,0.000000000
94,1.879999,B,yup,gripper_l_finger2_body_q,pos,0.000000000,0.000000000,-0.000000000,-0.017071683,-0.554929663,0.032879546,0.831071935,0.000000000
94,1.879999,B,yup,gripper_l_finger2_body_v,vel,-0.011117075,0.014726937,0.106174745,0.000000000,0.000000000,-0.000000000,0.000000000,0.000000000
94,1.879999,B,yup,gripper_l_finger2_body_w,vel,0.000000000,0.000000000,-0.000000000,-0.059201244,-0.103506744,-0.020891117,0.000000000,0.000000000
94,1.879999,B,yup,gripper_l_palm_body_p,pos,-1.146689892,0.810460567,0.359382629,1.000000000,0.000000000,0.000000000,0.000000000,0.000000000
94,1.879999,B,yup,gripper_l_palm_body_q,pos,0.000000000,0.000000000,-0.000000000,0.564376390,-0.610872978,-0.404515769,-0.380368884,0.000000000
94,1.879999,B,yup,gripper_l_palm_body_v,vel,-0.011116644,0.014726970,0.106175162,0.000000000,0.000000000,-0.000000000,0.000000000,0.000000000
94,1.879999,B,yup,gripper_l_palm_body_w,vel,0.000000000,0.000000000,-0.000000000,-0.059201241,-0.103507437,-0.020891067,0.000000000,0.000000000
94,1.879999,B,yup,gripper_r_finger1_body_p,pos,1.186501980,0.728789747,0.298584938,1.000000000,0.000000000,0.000000000,0.000000000,0.000000000
94,1.879999,B,yup,gripper_r_finger1_body_q,pos,0.000000000,0.000000000,-0.000000000,0.955862856,-0.067771039,0.270075288,0.093769005,0.000000000
94,1.879999,B,yup,gripper_r_finger1_body_v,vel,-0.822757721,0.591927409,-0.697578311,0.000000000,0.000000000,-0.000000000,0.000000000,0.000000000
94,1.879999,B,yup,gripper_r_finger1_body_w,vel,0.000000000,0.000000000,-0.000000000,0.545580029,-0.529202461,-1.889583588,0.000000000,0.000000000
94,1.879999,B,yup,gripper_r_finger2_body_p,pos,1.328717709,0.653147042,0.282521248,1.000000000,0.000000000,0.000000000,0.000000000,0.000000000
94,1.879999,B,yup,gripper_r_finger2_body_q,pos,0.000000000,0.000000000,-0.000000000,-0.093783841,0.269867004,0.067750864,0.955921656,0.000000000
94,1.879999,B,yup,gripper_r_finger2_body_v,vel,-0.823200583,0.591756046,-0.700903118,0.000000000,0.000000000,-0.000000000,0.000000000,0.000000000
94,1.879999,B,yup,gripper_r_finger2_body_w,vel,0.000000000,0.000000000,-0.000000000,0.544633567,-0.533469617,-1.889237642,0.000000000,0.000000000
94,1.879999,B,yup,gripper_r_palm_body_p,pos,1.107951164,0.709441721,0.322525024,1.000000000,0.000000000,0.000000000,0.000000000,0.000000000
94,1.879999,B,yup,gripper_r_palm_body_q,pos,0.000000000,0.000000000,-0.000000000,0.628002955,-0.723831777,0.124590502,0.257210137,0.000000000
94,1.879999,B,yup,gripper_r_palm_body_v,vel,-0.823064983,0.591817379,-0.699775875,0.000000000,0.000000000,-0.000000000,0.000000000,0.000000000
94,1.879999,B,yup,gripper_r_palm_body_w,vel,0.000000000,0.000000000,-0.000000000,0.544957042,-0.532011151,-1.889355779,0.000000000,0.000000000
95,1.899999,B,yup,gripper_l_finger1_body_p,pos,-1.394601822,0.817425847,0.384769440,1.000000000,0.000000000,0.000000000,0.000000000,0.000000000
95,1.899999,B,yup,gripper_l_finger1_body_q,pos,0.000000000,0.000000000,-0.000000000,0.831535394,-0.033032492,-0.554198860,0.017926719,0.000000000
95,1.899999,B,yup,gripper_l_finger1_body_v,vel,-0.040803146,-0.007206284,0.101361379,0.000000000,0.000000000,-0.000000000,0.000000000,0.000000000
95,1.899999,B,yup,gripper_l_finger1_body_w,vel,0.000000000,0.000000000,-0.000000000,-0.051671661,-0.106475659,-0.087284505,0.000000000,0.000000000
95,1.899999,B,yup,gripper_l_finger2_body_p,pos,-1.294335842,0.801858425,0.375483990,1.000000000,0.000000000,0.000000000,0.000000000,0.000000000
95,1.899999,B,yup,gripper_l_finger2_body_q,pos,0.000000000,0.000000000,-0.000000000,-0.017921215,-0.554063973,0.033035621,0.831625271,0.000000000
95,1.899999,B,yup,gripper_l_finger2_body_v,vel,-0.040803820,-0.007198935,0.101459399,0.000000000,0.000000000,-0.000000000,0.000000000,0.000000000
95,1.899999,B,yup,gripper_l_finger2_body_w,vel,0.000000000,0.000000000,-0.000000000,-0.051670942,-0.106580958,-0.087276600,0.000000000,0.000000000
95,1.899999,B,yup,gripper_l_palm_body_p,pos,-1.146683216,0.811471224,0.359180450,1.000000000,0.000000000,0.000000000,0.000000000,0.000000000
95,1.899999,B,yup,gripper_l_palm_body_q,pos,0.000000000,0.000000000,-0.000000000,0.564657549,-0.611374746,-0.404504157,-0.379155851,0.000000000
95,1.899999,B,yup,gripper_l_palm_body_v,vel,-0.040806040,-0.007196357,0.101493962,0.000000000,0.000000000,-0.000000000,0.000000000,0.000000000
95,1.899999,B,yup,gripper_l_palm_body_w,vel,0.000000000,0.000000000,-0.000000000,-0.051670689,-0.106618188,-0.087273814,0.000000000,0.000000000
95,1.899999,B,yup,gripper_r_finger1_body_p,pos,1.184124470,0.712686598,0.296542168,1.000000000,0.000000000,0.000000000,0.000000000,0.000000000
95,1.899999,B,yup,gripper_r_finger1_body_q,pos,0.000000000,0.000000000,-0.000000000,0.953101192,-0.066330186,0.273318764,0.111782281,0.000000000
95,1.899999,B,yup,gripper_r_finger1_body_v,vel,-0.653988063,0.411694974,-0.665726960,0.000000000,0.000000000,-0.000000000,0.000000000,0.000000000
95,1.899999,B,yup,gripper_r_finger1_body_w,vel,0.000000000,0.000000000,-0.000000000,0.534100831,-0.474166363,-1.492273211,0.000000000,0.000000000
95,1.899999,B,yup,gripper_r_finger2_body_p,pos,1.324622154,0.633691847,0.280929089,1.000000000,0.000000000,0.000000000,0.000000000,0.000000000
95,1.899999,B,yup,gripper_r_finger2_body_q,pos,0.000000000,0.000000000,-0.000000000,-0.111795650,0.273127647,0.066308022,0.953155951,0.000000000
95,1.899999,B,yup,gripper_r_finger2_body_v,vel,-0.654312730,0.411629170,-0.667939365,0.000000000,0.000000000,-0.000000000,0.000000000,0.000000000
95,1.899999,B,yup,gripper_r_finger2_body_w,vel,0.000000000,0.000000000,-0.000000000,0.533360839,-0.477033913,-1.492079258,0.000000000,0.000000000
95,1.899999,B,yup,gripper_r_palm_body_p,pos,1.104417801,0.692503393,0.320345879,1.000000000,0.000000000,0.000000000,0.000000000,0.000000000
95,1.899999,B,yup,gripper_r_palm_body_q,pos,0.000000000,0.000000000,-0.000000000,0.627067189,-0.720857614,0.114156029,0.272248862,0.000000000
95,1.899999,B,yup,gripper_r_palm_body_v,vel,-0.654216349,0.411653310,-0.667214394,0.000000000,0.000000000,-0.000000000,0.000000000,0.000000000
95,1.899999,B,yup,gripper_r_palm_body_w,vel,0.000000000,0.000000000,-0.000000000,0.533603728,-0.476092786,-1.492142916,0.000000000,0.000000000
96,1.919999,B,yup,gripper_l_finger1_body_p,pos,-1.394601345,0.819136262,0.384225845,1.000000000,0.000000000,0.000000000,0.000000000,0.000000000
96,1.919999,B,yup,gripper_l_finger1_body_q,pos,0.000000000,0.000000000,-0.000000000,0.832100180,-0.032670744,-0.553336628,0.018986568,0.000000000
96,1.919999,B,yup,gripper_l_finger1_body_v,vel,-0.052576959,-0.020388519,0.089728422,0.000000000,0.000000000,-0.000000000,0.000000000,0.000000000
96,1.919999,B,yup,gripper_l_finger1_body_w,vel,0.000000000,0.000000000,-0.000000000,-0.022473173,-0.109653130,-0.113661006,0.000000000,0.000000000
96,1.919999,B,yup,gripper_l_finger2_body_p,pos,-1.294188976,0.803434253,0.375038624,1.000000000,0.000000000,0.000000000,0.000000000,0.000000000
96,1.919999,B,yup,gripper_l_finger2_body_q,pos,0.000000000,0.000000000,-0.000000000,-0.018981096,-0.553200970,0.032674060,0.832190369,0.000000000
96,1.919999,B,yup,gripper_l_finger2_body_v,vel,-0.052575637,-0.020384515,0.089781299,0.000000000,0.000000000,-0.000000000,0.000000000,0.000000000
96,1.919999,B,yup,gripper_l_finger2_body_w,vel,0.000000000,0.000000000,-0.000000000,-0.022472912,-0.109710157,-0.113656692,0.000000000,0.000000000
96,1.919999,B,yup,gripper_l_palm_body_p,pos,-1.146696091,0.812918544,0.358910561,1.000000000,0.000000000,0.000000000,0.000000000,0.000000000
96,1.919999,B,yup,gripper_l_palm_body_q,pos,0.000000000,0.000000000,-0.000000000,0.565313388,-0.611519215,-0.404642580,-0.377795456,0.000000000
96,1.919999,B,yup,gripper_l_palm_body_v,vel,-0.052579436,-0.020380234,0.089838147,0.000000000,0.000000000,-0.000000000,0.000000000,0.000000000
96,1.919999,B,yup,gripper_l_palm_body_w,vel,0.000000000,0.000000000,-0.000000000,-0.022472633,-0.109771259,-0.113652073,0.000000000,0.000000000
96,1.919999,B,yup,gripper_r_finger1_body_p,pos,1.181962490,0.699426353,0.294158459,1.000000000,0.000000000,0.000000000,0.000000000,0.000000000
96,1.919999,B,yup,gripper_r_finger1_body_q,pos,0.000000000,0.000000000,-0.000000000,0.950535016,-0.064663180,0.276209536,0.126531215,0.000000000
96,1.919999,B,yup,gripper_r_finger1_body_v,vel,-0.541625082,0.339271098,-0.610333443,0.000000000,0.000000000,-0.000000000,0.000000000,0.000000000
96,1.919999,B,yup,gripper_r_finger1_body_w,vel,0.000000000,0.000000000,-0.000000000,0.474380195,-0.425236106,-1.237727284,0.000000000,0.000000000
96,1.919999,B,yup,gripper_r_finger2_body_p,pos,1.320933819,0.617699564,0.278897762,1.000000000,0.000000000,0.000000000,0.000000000,0.000000000
96,1.919999,B,yup,gripper_r_finger2_body_q,pos,0.000000000,0.000000000,-0.000000000,-0.126543416,0.276031282,0.064639702,0.950586768,0.000000000
96,1.919999,B,yup,gripper_r_finger2_body_v,vel,-0.541906893,0.339253902,-0.612112463,0.000000000,0.000000000,-0.000000000,0.000000000,0.000000000
96,1.919999,B,yup,gripper_r_finger2_body_w,vel,0.000000000,0.000000000,-0.000000000,0.473713756,-0.427551001,-1.237599373,0.000000000,0.000000000
96,1.919999,B,yup,gripper_r_palm_body_p,pos,1.101197720,0.678482950,0.317822456,1.000000000,0.000000000,0.000000000,0.000000000,0.000000000
96,1.919999,B,yup,gripper_r_palm_body_q,pos,0.000000000,0.000000000,-0.000000000,0.626430369,-0.717862718,0.105776793,0.284726855,0.000000000
96,1.919999,B,yup,gripper_r_palm_body_v,vel,-0.541810870,0.339262784,-0.611451685,0.000000000,0.000000000,-0.000000000,0.000000000,0.000000000
96,1.919999,B,yup,gripper_r_palm_body_w,vel,0.000000000,0.000000000,-0.000000000,0.473958969,-0.426699311,-1.237646461,0.000000000,0.000000000
97,1.939999,B,yup,gripper_l_finger1_body_p,pos,-1.394592762,0.820795417,0.383667946,1.000000000,0.000000000,0.000000000,0.000000000,0.000000000
97,1.939999,B,yup,gripper_l_finger1_body_q,pos,0.000000000,0.000000000,-0.000000000,0.832688743,-0.031909734,-0.552464424,0.019856654,0.000000000
97,1.939999,B,yup,gripper_l_finger1_body_v,vel,-0.046330847,-0.024395175,0.075870216,0.000000000,0.000000000,-0.000000000,0.000000000,0.000000000
97,1.939999,B,yup,gripper_l_finger1_body_w,vel,0.000000000,0.000000000,-0.000000000,0.016397221,-0.112017579,-0.100015849,0.000000000,0.000000000
97,1.939999,B,yup,gripper_l_finger2_body_p,pos,-1.294034004,0.805034518,0.374559402,1.000000000,0.000000000,0.000000000,0.000000000,0.000000000
97,1.939999,B,yup,gripper_l_finger2_body_q,pos,0.000000000,0.000000000,-0.000000000,-0.019851279,-0.552327993,0.031913210,0.832779239,0.000000000
97,1.939999,B,yup,gripper_l_finger2_body_v,vel,-0.046328027,-0.024396256,0.075855799,0.000000000,0.000000000,-0.000000000,0.000000000,0.000000000
97,1.939999,B,yup,gripper_l_finger2_body_w,vel,0.000000000,0.000000000,-0.000000000,0.016397186,-0.112002224,-0.100017004,0.000000000,0.000000000
97,1.939999,B,yup,gripper_l_palm_body_p,pos,-1.146703720,0.814300776,0.358624935,1.000000000,0.000000000,0.000000000,0.000000000,0.000000000
97,1.939999,B,yup,gripper_l_palm_body_q,pos,0.000000000,0.000000000,-0.000000000,0.566268537,-0.611398332,-0.404639508,-0.376561936,0.000000000
97,1.939999,B,yup,gripper_l_palm_body_v,vel,-0.046331979,-0.024391612,0.075917579,0.000000000,0.000000000,-0.000000000,0.000000000,0.000000000
97,1.939999,B,yup,gripper_l_palm_body_w,vel,0.000000000,0.000000000,-0.000000000,0.016397333,-0.112068668,-0.100011997,0.000000000,0.000000000
97,1.939999,B,yup,gripper_r_finger1_body_p,pos,1.180057049,0.688561618,0.291669369,1.000000000,0.000000000,0.000000000,0.000000000,0.000000000
97,1.939999,B,yup,gripper_r_finger1_body_q,pos,0.000000000,0.000000000,-0.000000000,0.948134271,-0.063036828,0.278851922,0.138958154,0.000000000
97,1.939999,B,yup,gripper_r_finger1_body_v,vel,-0.456750631,0.298716128,-0.560861945,0.000000000,0.000000000,-0.000000000,0.000000000,0.000000000
97,1.939999,B,yup,gripper_r_finger1_body_w,vel,0.000000000,0.000000000,-0.000000000,0.414873987,-0.389971107,-1.048787117,0.000000000,0.000000000
97,1.939999,B,yup,gripper_r_finger2_body_p,pos,1.317652702,0.604551494,0.276704311,1.000000000,0.000000000,0.000000000,0.000000000,0.000000000
97,1.939999,B,yup,gripper_r_finger2_body_q,pos,0.000000000,0.000000000,-0.000000000,-0.138969289,0.278685395,0.063012675,0.948183205,0.000000000
97,1.939999,B,yup,gripper_r_finger2_body_v,vel,-0.457007229,0.298729300,-0.562386096,0.000000000,0.000000000,-0.000000000,0.000000000,0.000000000
97,1.939999,B,yup,gripper_r_finger2_body_w,vel,0.000000000,0.000000000,-0.000000000,0.414249361,-0.391965181,-1.048699260,0.000000000,0.000000000
97,1.939999,B,yup,gripper_r_palm_body_p,pos,1.098313332,0.666958630,0.315191269,1.000000000,0.000000000,0.000000000,0.000000000,0.000000000
97,1.939999,B,yup,gripper_r_palm_body_q,pos,0.000000000,0.000000000,-0.000000000,0.625881817,-0.715013910,0.098862855,0.295386518,0.000000000
97,1.939999,B,yup,gripper_r_palm_body_v,vel,-0.456917554,0.298726767,-0.561806500,0.000000000,0.000000000,-0.000000000,0.000000000,0.000000000
97,1.939999,B,yup,gripper_r_palm_body_w,vel,0.000000000,0.000000000,-0.000000000,0.414483666,-0.391217083,-1.048732162,0.000000000,0.000000000
98,1.959999,B,yup,gripper_l_finger1_body_p,pos,-1.394566536,0.821881294,0.383149624,1.000000000,0.000000000,0.000000000,0.000000000,0.000000000
98,1.959999,B,yup,gripper_l_finger1_body_q,pos,0.000000000,0.000000000,-0.000000000,0.833300955,-0.030966841,-0.551581087,0.020220714,0.000000000
98,1.959999,B,yup,gripper_l_finger1_body_v,vel,-0.025146453,-0.018006811,0.062260285,0.000000000,0.000000000,-0.000000000,0.000000000,0.000000000
98,1.959999,B,yup,gripper_l_finger1_body_w,vel,0.000000000,0.000000000,-0.000000000,0.054639883,-0.111920923,-0.053188380,0.000000000,0.000000000
98,1.959999,B,yup,gripper_l_finger2_body_p,pos,-1.293843269,0.806166172,0.374099731,1.000000000,0.000000000,0.000000000,0.000000000,0.000000000
98,1.959999,B,yup,gripper_l_finger2_body_q,pos,0.000000000,0.000000000,-0.000000000,-0.020215470,-0.551443933,0.030970389,0.833391720,0.000000000
98,1.959999,B,yup,gripper_l_finger2_body_v,vel,-0.025142796,-0.018012542,0.062182922,0.000000000,0.000000000,-0.000000000,0.000000000,0.000000000
98,1.959999,B,yup,gripper_l_finger2_body_w,vel,0.000000000,0.000000000,-0.000000000,0.054639846,-0.111837856,-0.053194538,0.000000000,0.000000000
98,1.959999,B,yup,gripper_l_palm_body_p,pos,-1.146687984,0.815191627,0.358373642,1.000000000,0.000000000,0.000000000,0.000000000,0.000000000
98,1.959999,B,yup,gripper_l_palm_body_q,pos,0.000000000,0.000000000,-0.000000000,0.567368978,-0.611165403,-0.404270916,-0.375678479,0.000000000
98,1.959999,B,yup,gripper_l_palm_body_v,vel,-0.025145931,-0.018008681,0.062235057,0.000000000,0.000000000,-0.000000000,0.000000000,0.000000000
98,1.959999,B,yup,gripper_l_palm_body_w,vel,0.000000000,0.000000000,-0.000000000,0.054639872,-0.111894026,-0.053190373,0.000000000,0.000000000
98,1.959999,B,yup,gripper_r_finger1_body_p,pos,1.178430557,0.679612935,0.289214134,1.000000000,0.000000000,0.000000000,0.000000000,0.000000000
98,1.959999,B,yup,gripper_r_finger1_body_q,pos,0.000000000,0.000000000,-0.000000000,0.945877484,-0.061555784,0.281344413,0.149572700,0.000000000
98,1.959999,B,yup,gripper_r_finger1_body_v,vel,-0.389677167,0.268869966,-0.517429054,0.000000000,0.000000000,-0.000000000,0.000000000,0.000000000
98,1.959999,B,yup,gripper_r_finger1_body_w,vel,0.000000000,0.000000000,-0.000000000,0.355125517,-0.366221815,-0.899441898,0.000000000,0.000000000
98,1.959999,B,yup,gripper_r_finger2_body_p,pos,1.314775467,0.593673170,0.274517059,1.000000000,0.000000000,0.000000000,0.000000000,0.000000000
98,1.959999,B,yup,gripper_r_finger2_body_q,pos,0.000000000,0.000000000,-0.000000000,-0.149582981,0.281187592,0.061531241,0.945924086,0.000000000
98,1.959999,B,yup,gripper_r_finger2_body_v,vel,-0.389799953,0.268886358,-0.518155992,0.000000000,0.000000000,-0.000000000,0.000000000,0.000000000
98,1.959999,B,yup,gripper_r_finger2_body_w,vel,0.000000000,0.000000000,-0.000000000,0.354807258,-0.367171466,-0.899409533,0.000000000,0.000000000
98,1.959999,B,yup,gripper_r_palm_body_p,pos,1.095766544,0.657455504,0.312591076,1.000000000,0.000000000,0.000000000,0.000000000,0.000000000
98,1.959999,B,yup,gripper_r_palm_body_q,pos,0.000000000,0.000000000,-0.000000000,0.625332640,-0.712369974,0.093123175,0.304657487,0.000000000
98,1.959999,B,yup,gripper_r_palm_body_v,vel,-0.389717847,0.268876046,-0.517651081,0.000000000,0.000000000,-0.000000000,0.000000000,0.000000000
98,1.959999,B,yup,gripper_r_palm_body_w,vel,0.000000000,0.000000000,-0.000000000,0.355026782,-0.366516441,-0.899431884,0.000000000,0.000000000
99,1.979999,B,yup,gripper_l_finger1_body_p,pos,-1.394518852,0.822103977,0.382708073,1.000000000,0.000000000,0.000000000,0.000000000,0.000000000
99,1.979999,B,yup,gripper_l_finger1_body_q,pos,0.000000000,0.000000000,-0.000000000,0.833925308,-0.030127211,-0.550692201,0.019975798,0.000000000
99,1.979999,B,yup,gripper_l_finger1_body_v,vel,0.002679174,-0.004303604,0.054666679,0.000000000,0.000000000,-0.000000000,0.000000000,0.000000000
99,1.979999,B,yup,gripper_l_finger1_body_w,vel,0.000000000,0.000000000,-0.000000000,0.075868353,-0.109175317,0.008375896,0.000000000,0.000000000
99,1.979999,B,yup,gripper_l_finger2_body_p,pos,-1.293604851,0.806525230,0.373703957,1.000000000,0.000000000,0.000000000,0.000000000,0.000000000
99,1.979999,B,yup,gripper_l_finger2_body_q,pos,0.000000000,0.000000000,-0.000000000,-0.019970689,-0.550554809,0.030130723,0.834016015,0.000000000
99,1.979999,B,yup,gripper_l_finger2_body_v,vel,0.002682699,-0.004312333,0.054546185,0.000000000,0.000000000,-0.000000000,0.000000000,0.000000000
99,1.979999,B,yup,gripper_l_finger2_body_w,vel,0.000000000,0.000000000,-0.000000000,0.075868368,-0.109045632,0.008366502,0.000000000,0.000000000
99,1.979999,B,yup,gripper_l_palm_body_p,pos,-1.146642208,0.815361381,0.358191490,1.000000000,0.000000000,0.000000000,0.000000000,0.000000000
99,1.979999,B,yup,gripper_l_palm_body_q,pos,0.000000000,0.000000000,-0.000000000,0.568404552,-0.611013531,-0.403468549,-0.375222414,0.000000000
99,1.979999,B,yup,gripper_l_palm_body_v,vel,0.002681395,-0.004310268,0.054574683,0.000000000,0.000000000,-0.000000000,0.000000000,0.000000000
99,1.979999,B,yup,gripper_l_palm_body_w,vel,0.000000000,0.000000000,-0.000000000,0.075868361,-0.109076560,0.008368742,0.000000000,0.000000000
99,1.979999,B,yup,gripper_r_finger1_body_p,pos,1.177084446,0.672153294,0.286883354,1.000000000,0.000000000,0.000000000,0.000000000,0.000000000
99,1.979999,B,yup,gripper_r_finger1_body_q,pos,0.000000000,0.000000000,-0.000000000,0.943740151,-0.060279225,0.283783499,0.158706860,0.000000000
99,1.979999,B,yup,gripper_r_finger1_body_v,vel,-0.335532129,0.243270576,-0.480054080,0.000000000,0.000000000,-0.000000000,0.000000000,0.000000000
99,1.979999,B,yup,gripper_r_finger1_body_w,vel,0.000000000,0.000000000,-0.000000000,0.296990901,-0.351858199,-0.777870595,0.000000000,0.000000000
99,1.979999,B,yup,gripper_r_finger2_body_p,pos,1.312283039,0.584576190,0.272450924,1.000000000,0.000000000,0.000000000,0.000000000,0.000000000
99,1.979999,B,yup,gripper_r_finger2_body_q,pos,0.000000000,0.000000000,-0.000000000,-0.158716544,0.283633022,0.060254171,0.943785358,0.000000000
99,1.979999,B,yup,gripper_r_finger2_body_v,vel,-0.335648686,0.243295297,-0.480712801,0.000000000,0.000000000,-0.000000000,0.000000000,0.000000000
99,1.979999,B,yup,gripper_r_finger2_body_w,vel,0.000000000,0.000000000,-0.000000000,0.296684086,-0.352724433,-0.777848780,0.000000000,0.000000000
99,1.979999,B,yup,gripper_r_palm_body_p,pos,1.093539238,0.649548829,0.310112000,1.000000000,0.000000000,0.000000000,0.000000000,0.000000000
99,1.979999,B,yup,gripper_r_palm_body_q,pos,0.000000000,0.000000000,-0.000000000,0.624724084,-0.709955512,0.088390313,0.312842040,0.000000000
99,1.979999,B,yup,gripper_r_palm_body_v,vel,-0.335574567,0.243280053,-0.480275363,0.000000000,0.000000000,-0.000000000,0.000000000,0.000000000
99,1.979999,B,yup,gripper_r_palm_body_w,vel,0.000000000,0.000000000,-0.000000000,0.296886295,-0.352153540,-0.777863145,0.000000000,0.000000000
100,1.999999,B,yup,gripper_l_finger1_body_p,pos,-1.394452572,0.821474552,0.382351875,1.000000000,0.000000000,0.000000000,0.000000000,0.000000000
100,1.999999,B,yup,gripper_l_finger1_body_q,pos,0.000000000,0.000000000,-0.000000000,0.834543751,-0.029627379,-0.549808200,0.019232493,0.000000000
100,1.999999,B,yup,gripper_l_finger1_body_v,vel,0.027666399,0.011461934,0.055483695,0.000000000,0.000000000,-0.000000000,0.000000000,0.000000000
100,1.999999,B,yup,gripper_l_finger1_body_w,vel,0.000000000,0.000000000,-0.000000000,0.073248610,-0.104602426,0.063675299,0.000000000,0.000000000
100,1.999999,B,yup,gripper_l_finger2_body_p,pos,-1.293323040,0.806078911,0.373392105,1.000000000,0.000000000,0.000000000,0.000000000,0.000000000
100,1.999999,B,yup,gripper_l_finger2_body_q,pos,0.000000000,0.000000000,-0.000000000,-0.019227478,-0.549671109,0.029630759,0.834634048,0.000000000
100,1.999999,B,yup,gripper_l_finger2_body_v,vel,0.027669260,0.011451986,0.055343118,0.000000000,0.000000000,-0.000000000,0.000000000,0.000000000
100,1.999999,B,yup,gripper_l_finger2_body_w,vel,0.000000000,0.000000000,-0.000000000,0.073248535,-0.104450606,0.063664556,0.000000000,0.000000000
100,1.999999,B,yup,gripper_l_palm_body_p,pos,-1.146566391,0.814829826,0.358088017,1.000000000,0.000000000,0.000000000,0.000000000,0.000000000
100,1.999999,B,yup,gripper_l_palm_body_q,pos,0.000000000,0.000000000,-0.000000000,0.569195116,-0.611097104,-0.402318154,-0.375123117,0.000000000
100,1.999999,B,yup,gripper_l_palm_body_v,vel,0.027669914,0.011452336,0.055348057,0.000000000,0.000000000,-0.000000000,0.000000000,0.000000000
100,1.999999,B,yup,gripper_l_palm_body_w,vel,0.000000000,0.000000000,-0.000000000,0.073248535,-0.104456425,0.063664965,0.000000000,0.000000000
100,1.999999,B,yup,gripper_r_finger1_body_p,pos,1.176004887,0.665817201,0.284734726,1.000000000,0.000000000,0.000000000,0.000000000,0.000000000
100,1.999999,B,yup,gripper_r_finger1_body_q,pos,0.000000000,0.000000000,-0.000000000,0.941700354,-0.059323527,0.286243709,0.166570411,0.000000000
100,1.999999,B,yup,gripper_r_finger1_body_v,vel,-0.290698081,0.220311373,-0.440500855,0.000000000,0.000000000,-0.000000000,0.000000000,0.000000000
100,1.999999,B,yup,gripper_r_finger1_body_w,vel,0.000000000,0.000000000,-0.000000000,0.223037466,-0.340980351,-0.675627053,0.000000000,0.000000000
100,1.999999,B,yup,gripper_r_finger2_body_p,pos,1.310145378,0.576860726,0.270588875,1.000000000,0.000000000,0.000000000,0.000000000,0.000000000
100,1.999999,B,yup,gripper_r_finger2_body_q,pos,0.000000000,0.000000000,-0.000000000,-0.166579573,0.286099371,0.059298258,0.941744186,0.000000000
100,1.999999,B,yup,gripper_r_finger2_body_v,vel,-0.290789038,0.220335931,-0.441025674,0.000000000,0.000000000,-0.000000000,0.000000000,0.000000000
100,1.999999,B,yup,gripper_r_finger2_body_w,vel,0.000000000,0.000000000,-0.000000000,0.222781122,-0.341671556,-0.675615013,0.000000000,0.000000000
100,1.999999,B,yup,gripper_r_palm_body_p,pos,1.091603756,0.642894089,0.307810783,1.000000000,0.000000000,0.000000000,0.000000000,0.000000000
100,1.999999,B,yup,gripper_r_palm_body_q,pos,0.000000000,0.000000000,-0.000000000,0.623957729,-0.707836978,0.084570504,0.320142772,0.000000000
100,1.999999,B,yup,gripper_r_palm_body_v,vel,-0.290705264,0.220313221,-0.440547287,0.000000000,0.000000000,-0.000000000,0.000000000,0.000000000
100,1.999999,B,yup,gripper_r_palm_body_w,vel,0.000000000,0.000000000,-0.000000000,0.223014534,-0.341042221,-0.675625980,0.000000000,0.000000000
101,2.019999,B,yup,gripper_l_finger1_body_p,pos,-1.394372463,0.820276618,0.382063866,1.000000000,0.000000000,0.000000000,0.000000000,0.000000000
101,2.019999,B,yup,gripper_l_finger1_body_q,pos,0.000000000,0.000000000,-0.000000000,0.835140757,-0.029563520,-0.548937617,0.018259421,0.000000000
101,2.019999,B,yup,gripper_l_finger1_body_v,vel,0.041423924,0.022777747,0.063431129,0.000000000,0.000000000,-0.000000000,0.000000000,0.000000000
101,2.019999,B,yup,gripper_l_finger1_body_w,vel,0.000000000,0.000000000,-0.000000000,0.050693206,-0.099898756,0.094099574,0.000000000,0.000000000
101,2.019999,B,yup,gripper_l_finger2_body_p,pos,-1.293014526,0.805055022,0.373157978,1.000000000,0.000000000,0.000000000,0.000000000,0.000000000
101,2.019999,B,yup,gripper_l_finger2_body_q,pos,0.000000000,0.000000000,-0.000000000,-0.018254440,-0.548801070,0.029566728,0.835230489,0.000000000
101,2.019999,B,yup,gripper_l_finger2_body_v,vel,0.041425236,0.022769811,0.063317053,0.000000000,0.000000000,-0.000000000,0.000000000,0.000000000
101,2.019999,B,yup,gripper_l_finger2_body_w,vel,0.000000000,0.000000000,-0.000000000,0.050692964,-0.099775031,0.094090961,0.000000000,0.000000000
101,2.019999,B,yup,gripper_l_palm_body_p,pos,-1.146470547,0.813837051,0.358047009,1.000000000,0.000000000,0.000000000,0.000000000,0.000000000
101,2.019999,B,yup,gripper_l_palm_body_q,pos,0.000000000,0.000000000,-0.000000000,0.569661787,-0.611473379,-0.401015429,-0.375196455,0.000000000
101,2.019999,B,yup,gripper_l_palm_body_v,vel,0.041427504,0.022768617,0.063299820,0.000000000,0.000000000,-0.000000000,0.000000000,0.000000000
101,2.019999,B,yup,gripper_l_palm_body_w,vel,0.000000000,0.000000000,-0.000000000,0.050692927,-0.099757038,0.094089709,0.000000000,0.000000000
101,2.019999,B,yup,gripper_r_finger1_body_p,pos,1.175156116,0.660277188,0.282800198,1.000000000,0.000000000,0.000000000,0.000000000,0.000000000
101,2.019999,B,yup,gripper_r_finger1_body_q,pos,0.000000000,0.000000000,-0.000000000,0.939749970,-0.058946129,0.288760485,0.173241825,0.000000000
101,2.019999,B,yup,gripper_r_finger1_body_v,vel,-0.251724690,0.198255956,-0.391973674,0.000000000,0.000000000,-0.000000000,0.000000000,0.000000000
101,2.019999,B,yup,gripper_r_finger1_body_w,vel,0.000000000,0.000000000,-0.000000000,0.123827100,-0.326857984,-0.585209072,0.000000000,0.000000000
101,2.019999,B,yup,gripper_r_finger2_body_p,pos,1.308323860,0.570198715,0.268988132,1.000000000,0.000000000,0.000000000,0.000000000,0.000000000
101,2.019999,B,yup,gripper_r_finger2_body_q,pos,0.000000000,0.000000000,-0.000000000,-0.173250585,0.288621931,0.058920845,0.939792504,0.000000000
101,2.019999,B,yup,gripper_r_finger2_body_v,vel,-0.251824141,0.198287994,-0.392521143,0.000000000,0.000000000,-0.000000000,0.000000000,0.000000000
101,2.019999,B,yup,gripper_r_finger2_body_w,vel,0.000000000,0.000000000,-0.000000000,0.123547122,-0.327584326,-0.585200727,0.000000000,0.000000000
101,2.019999,B,yup,gripper_r_palm_body_p,pos,1.089930058,0.637223184,0.305720806,1.000000000,0.000000000,0.000000000,0.000000000,0.000000000
101,2.019999,B,yup,gripper_r_palm_body_q,pos,0.000000000,0.000000000,-0.000000000,0.622845685,-0.706190716,0.081633398,0.326640343,0.000000000
101,2.019999,B,yup,gripper_r_palm_body_v,vel,-0.251747161,0.198263228,-0.392093271,0.000000000,0.000000000,-0.000000000,0.000000000,0.000000000
101,2.019999,B,yup,gripper_r_palm_body_w,vel,0.000000000,0.000000000,-0.000000000,0.123765200,-0.327018589,-0.585207224,0.000000000,0.000000000
102,2.039999,B,yup,gripper_l_finger1_body_p,pos,-1.394288540,0.818930030,0.381810188,1.000000000,0.000000000,0.000000000,0.000000000,0.000000000
102,2.039999,B,yup,gripper_l_finger1_body_q,pos,0.000000000,0.000000000,-0.000000000,0.835708427,-0.029886914,-0.548085329,0.017339837,0.000000000
102,2.039999,B,yup,gripper_l_finger1_body_v,vel,0.042282246,0.028676732,0.074510187,0.000000000,0.000000000,-0.000000000,0.000000000,0.000000000
102,2.039999,B,yup,gripper_l_finger1_body_w,vel,0.000000000,0.000000000,-0.000000000,0.018690163,-0.096217200,0.096130431,0.000000000,0.000000000
102,2.039999,B,yup,gripper_l_finger2_body_p,pos,-1.292700768,0.803831339,0.372972965,1.000000000,0.000000000,0.000000000,0.000000000,0.000000000
102,2.039999,B,yup,gripper_l_finger2_body_q,pos,0.000000000,0.000000000,-0.000000000,-0.017334828,-0.547949314,0.029889956,0.835797609,0.000000000
102,2.039999,B,yup,gripper_l_finger2_body_v,vel,0.042282060,0.028672246,0.074445307,0.000000000,0.000000000,-0.000000000,0.000000000,0.000000000
102,2.039999,B,yup,gripper_l_finger2_body_w,vel,0.000000000,0.000000000,-0.000000000,0.018689895,-0.096146360,0.096125528,0.000000000,0.000000000
102,2.039999,B,yup,gripper_l_palm_body_p,pos,-1.146368504,0.812736988,0.358036995,1.000000000,0.000000000,0.000000000,0.000000000,0.000000000
102,2.039999,B,yup,gripper_l_palm_body_q,pos,0.000000000,0.000000000,-0.000000000,0.569833756,-0.612102449,-0.399763793,-0.375245243,0.000000000
102,2.039999,B,yup,gripper_l_palm_body_v,vel,0.042284891,0.028670305,0.074417084,0.000000000,0.000000000,-0.000000000,0.000000000,0.000000000
102,2.039999,B,yup,gripper_l_palm_body_w,vel,0.000000000,0.000000000,-0.000000000,0.018689781,-0.096116416,0.096123457,0.000000000,0.000000000
102,2.039999,B,yup,gripper_r_finger1_body_p,pos,1.174524307,0.655340135,0.281095982,1.000000000,0.000000000,0.000000000,0.000000000,0.000000000
102,2.039999,B,yup,gripper_r_finger1_body_q,pos,0.000000000,0.000000000,-0.000000000,0.937865717,-0.059104792,0.291394142,0.178896545,0.000000000
102,2.039999,B,yup,gripper_r_finger1_body_v,vel,-0.220885530,0.178816676,-0.363611281,0.000000000,0.000000000,-0.000000000,0.000000000,0.000000000
102,2.039999,B,yup,gripper_r_finger1_body_w,vel,0.000000000,0.000000000,-0.000000000,0.054481663,-0.327732295,-0.511647403,0.000000000,0.000000000
102,2.039999,B,yup,gripper_r_finger2_body_p,pos,1.306787968,0.564361751,0.267676353,1.000000000,0.000000000,0.000000000,0.000000000,0.000000000
102,2.039999,B,yup,gripper_r_finger2_body_q,pos,0.000000000,0.000000000,-0.000000000,-0.178905042,0.291260723,0.059079603,0.937907126,0.000000000
102,2.039999,B,yup,gripper_r_finger2_body_v,vel,-0.220953196,0.178840950,-0.363987058,0.000000000,0.000000000,-0.000000000,0.000000000,0.000000000
102,2.039999,B,yup,gripper_r_finger2_body_w,vel,0.000000000,0.000000000,-0.000000000,0.054283015,-0.328231037,-0.511643887,0.000000000,0.000000000
102,2.039999,B,yup,gripper_r_palm_body_p,pos,1.088486671,0.632327497,0.303857803,1.000000000,0.000000000,0.000000000,0.000000000,0.000000000
102,2.039999,B,yup,gripper_r_palm_body_q,pos,0.000000000,0.000000000,-0.000000000,0.621401311,-0.704970301,0.079497792,0.332501710,0.000000000
102,2.039999,B,yup,gripper_r_palm_body_v,vel,-0.220886126,0.178816825,-0.363622308,0.000000000,0.000000000,-0.000000000,0.000000000,0.000000000
102,2.039999,B,yup,gripper_r_palm_body_w,vel,0.000000000,0.000000000,-0.000000000,0.054475863,-0.327746868,-0.511647284,0.000000000,0.000000000
103,2.059999,B,yup,gripper_l_finger1_body_p,pos,-1.394210339,0.817843914,0.381552219,1.000000000,0.000000000,0.000000000,0.000000000,0.000000000
103,2.059999,B,yup,gripper_l_finger1_body_q,pos,0.000000000,0.000000000,-0.000000000,0.836248603,-0.030441770,-0.547249487,0.016720416,0.000000000
103,2.059999,B,yup,gripper_l_finger1_body_v,vel,0.031095807,0.026768459,0.085321479,0.000000000,0.000000000,-0.000000000,0.000000000,0.000000000
103,2.059999,B,yup,gripper_l_finger1_body_w,vel,0.000000000,0.000000000,-0.000000000,-0.012770844,-0.094444267,0.071518280,0.000000000,0.000000000
103,2.059999,B,yup,gripper_l_finger2_body_p,pos,-1.292403698,0.802792549,0.372800350,1.000000000,0.000000000,0.000000000,0.000000000,0.000000000
103,2.059999,B,yup,gripper_l_finger2_body_q,pos,0.000000000,0.000000000,-0.000000000,-0.016715335,-0.547113892,0.030444704,0.836337316,0.000000000
103,2.059999,B,yup,gripper_l_finger2_body_v,vel,0.031094804,0.026767587,0.085309006,0.000000000,0.000000000,-0.000000000,0.000000000,0.000000000
103,2.059999,B,yup,gripper_l_finger2_body_w,vel,0.000000000,0.000000000,-0.000000000,-0.012770920,-0.094429985,0.071517289,0.000000000,0.000000000
103,2.059999,B,yup,gripper_l_palm_body_p,pos,-1.146275043,0.811865807,0.358024120,1.000000000,0.000000000,0.000000000,0.000000000,0.000000000
103,2.059999,B,yup,gripper_l_palm_body_q,pos,0.000000000,0.000000000,-0.000000000,0.569822589,-0.612875873,-0.398735937,-0.375093367,0.000000000
103,2.059999,B,yup,gripper_l_palm_body_v,vel,0.031096846,0.026766201,0.085288867,0.000000000,0.000000000,-0.000000000,0.000000000,0.000000000
103,2.059999,B,yup,gripper_l_palm_body_w,vel,0.000000000,0.000000000,-0.000000000,-0.012771035,-0.094408602,0.071515799,0.000000000,0.000000000
103,2.059999,B,yup,gripper_r_finger1_body_p,pos,1.174110889,0.650907576,0.279630661,1.000000000,0.000000000,0.000000000,0.000000000,0.000000000
103,2.059999,B,yup,gripper_r_finger1_body_q,pos,0.000000000,0.000000000,-0.000000000,0.936011244,-0.059565264,0.294214962,0.183772921,0.000000000
103,2.059999,B,yup,gripper_r_finger1_body_v,vel,-0.196898192,0.162397966,-0.351048470,0.000000000,0.000000000,-0.000000000,0.000000000,0.000000000
103,2.059999,B,yup,gripper_r_finger1_body_w,vel,0.000000000,0.000000000,-0.000000000,0.010725993,-0.339706689,-0.452986896,0.000000000,0.000000000
103,2.059999,B,yup,gripper_r_finger2_body_p,pos,1.305513382,0.559194624,0.266656399,1.000000000,0.000000000,0.000000000,0.000000000,0.000000000
103,2.059999,B,yup,gripper_r_finger2_body_q,pos,0.000000000,0.000000000,-0.000000000,-0.183781253,0.294085208,0.059540045,0.936051988,0.000000000
103,2.059999,B,yup,gripper_r_finger2_body_v,vel,-0.196934164,0.162412018,-0.351236433,0.000000000,0.000000000,-0.000000000,0.000000000,0.000000000
103,2.059999,B,yup,gripper_r_finger2_body_w,vel,0.000000000,0.000000000,-0.000000000,0.010621170,-0.339962572,-0.452985972,0.000000000,0.000000000
103,2.059999,B,yup,gripper_r_palm_body_p,pos,1.087246418,0.628046334,0.302223206,1.000000000,0.000000000,0.000000000,0.000000000,0.000000000
103,2.059999,B,yup,gripper_r_palm_body_q,pos,0.000000000,0.000000000,-0.000000000,0.619764550,-0.703984453,0.078044833,0.337944961,0.000000000
103,2.059999,B,yup,gripper_r_palm_body_v,vel,-0.196915433,0.162404701,-0.351135910,0.000000000,0.000000000,-0.000000000,0.000000000,0.000000000
103,2.059999,B,yup,gripper_r_palm_body_w,vel,0.000000000,0.000000000,-0.000000000,0.010677637,-0.339824706,-0.452986479,0.000000000,0.000000000
104,2.079999,B,yup,gripper_l_finger1_body_p,pos,-1.394145966,0.817286730,0.381260872,1.000000000,0.000000000,0.000000000,0.000000000,0.000000000
104,2.079999,B,yup,gripper_l_finger1_body_q,pos,0.000000000,0.000000000,-0.000000000,0.836768756,-0.031019740,-0.546427431,0.016519288,0.000000000
104,2.079999,B,yup,gripper_l_finger1_body_v,vel,0.013117623,0.018572368,0.092248850,0.000000000,0.000000000,-0.000000000,0.000000000,0.000000000
104,2.079999,B,yup,gripper_l_finger1_body_w,vel,0.000000000,0.000000000,-0.000000000,-0.034061283,-0.094462655,0.031801794,0.000000000,0.000000000
104,2.079999,B,yup,gripper_l_finger2_body_p,pos,-1.292139053,0.802209616,0.372604847,1.000000000,0.000000000,0.000000000,0.000000000,0.000000000
104,2.079999,B,yup,gripper_l_finger2_body_q,pos,0.000000000,0.000000000,-0.000000000,-0.016514121,-0.546291949,0.031022636,0.836857208,0.000000000
104,2.079999,B,yup,gripper_l_finger2_body_v,vel,0.013116600,0.018574210,0.092275217,0.000000000,0.000000000,-0.000000000,0.000000000,0.000000000
104,2.079999,B,yup,gripper_l_finger2_body_w,vel,0.000000000,0.000000000,-0.000000000,-0.034061108,-0.094490454,0.031803742,0.000000000,0.000000000
104,2.079999,B,yup,gripper_l_palm_body_p,pos,-1.146202564,0.811438799,0.357978821,1.000000000,0.000000000,0.000000000,0.000000000,0.000000000
104,2.079999,B,yup,gripper_l_palm_body_q,pos,0.000000000,0.000000000,-0.000000000,0.569781181,-0.613651811,-0.398013144,-0.374655038,0.000000000
104,2.079999,B,yup,gripper_l_palm_body_v,vel,0.013117094,0.018574145,0.092274241,0.000000000,0.000000000,-0.000000000,0.000000000,0.000000000
104,2.079999,B,yup,gripper_l_palm_body_w,vel,0.000000000,0.000000000,-0.000000000,-0.034061112,-0.094489612,0.031803682,0.000000000,0.000000000
104,2.079999,B,yup,gripper_r_finger1_body_p,pos,1.173910141,0.646903813,0.278405190,1.000000000,0.000000000,0.000000000,0.000000000,0.000000000
104,2.079999,B,yup,gripper_r_finger1_body_q,pos,0.000000000,0.000000000,-0.000000000,0.934157125,-0.060158793,0.297263502,0.188057958,0.000000000
104,2.079999,B,yup,gripper_r_finger1_body_v,vel,-0.177987069,0.148720205,-0.348653316,0.000000000,0.000000000,-0.000000000,0.000000000,0.000000000
104,2.079999,B,yup,gripper_r_finger1_body_w,vel,0.000000000,0.000000000,-0.000000000,-0.016196502,-0.358673602,-0.405655026,0.000000000,0.000000000
104,2.079999,B,yup,gripper_r_finger2_body_p,pos,1.304475784,0.554578006,0.265924454,1.000000000,0.000000000,0.000000000,0.000000000,0.000000000
104,2.079999,B,yup,gripper_r_finger2_body_q,pos,0.000000000,0.000000000,-0.000000000,-0.188066303,0.297135054,0.060133196,0.934197957,0.000000000
104,2.079999,B,yup,gripper_r_finger2_body_v,vel,-0.178000748,0.148725897,-0.348724037,0.000000000,0.000000000,-0.000000000,0.000000000,0.000000000
104,2.079999,B,yup,gripper_r_finger2_body_w,vel,0.000000000,0.000000000,-0.000000000,-0.016238619,-0.358773917,-0.405654967,0.000000000,0.000000000
104,2.079999,B,yup,gripper_r_palm_body_p,pos,1.086183071,0.624258697,0.300814629,1.000000000,0.000000000,0.000000000,0.000000000,0.000000000
104,2.079999,B,yup,gripper_r_palm_body_q,pos,0.000000000,0.000000000,-0.000000000,0.618033930,-0.703092987,0.077171020,0.343131093,0.000000000
104,2.079999,B,yup,gripper_r_palm_body_v,vel,-0.177997813,0.148724675,-0.348708212,0.000000000,0.000000000,-0.000000000,0.000000000,0.000000000
104,2.079999,B,yup,gripper_r_palm_body_w,vel,0.000000000,0.000000000,-0.000000000,-0.016227668,-0.358747840,-0.405654967,0.000000000,0.000000000
105,2.099999,B,yup,gripper_l_finger1_body_p,pos,-1.394097805,0.817313552,0.380920887,1.000000000,0.000000000,0.000000000,0.000000000,0.000000000
105,2.099999,B,yup,gripper_l_finger1_body_q,pos,0.000000000,0.000000000,-0.000000000,0.837279458,-0.031447318,-0.545614307,0.016709382,0.000000000
105,2.099999,B,yup,gripper_l_finger1_body_v,vel,-0.004651870,0.007961022,0.094053894,0.000000000,0.000000000,-0.000000000,0.000000000,0.000000000
105,2.099999,B,yup,gripper_l_finger1_body_w,vel,0.000000000,0.000000000,-0.000000000,-0.041255623,-0.095744468,-0.007543163,0.000000000,0.000000000
105,2.099999,B,yup,gripper_l_finger2_body_p,pos,-1.291909695,0.802161217,0.372366428,1.000000000,0.000000000,0.000000000,0.000000000,0.000000000
105,2.099999,B,yup,gripper_l_finger2_body_q,pos,0.000000000,0.000000000,-0.000000000,-0.016704146,-0.545478759,0.031450245,0.837367767,0.000000000
105,2.099999,B,yup,gripper_l_finger2_body_v,vel,-0.004652171,0.007963731,0.094092041,0.000000000,0.000000000,-0.000000000,0.000000000,0.000000000
105,2.099999,B,yup,gripper_l_finger2_body_w,vel,0.000000000,0.000000000,-0.000000000,-0.041255366,-0.095785201,-0.007540268,0.000000000,0.000000000
105,2.099999,B,yup,gripper_l_palm_body_p,pos,-1.146152496,0.811493039,0.357887268,1.000000000,0.000000000,0.000000000,0.000000000,0.000000000
105,2.099999,B,yup,gripper_l_palm_body_q,pos,0.000000000,0.000000000,-0.000000000,0.569839831,-0.614315092,-0.397572725,-0.373945802,0.000000000
105,2.099999,B,yup,gripper_l_palm_body_v,vel,-0.004653300,0.007965150,0.094112113,0.000000000,0.000000000,-0.000000000,0.000000000,0.000000000
105,2.099999,B,yup,gripper_l_palm_body_w,vel,0.000000000,0.000000000,-0.000000000,-0.041255224,-0.095806994,-0.007538719,0.000000000,0.000000000
105,2.099999,B,yup,gripper_r_finger1_body_p,pos,1.173916340,0.643274009,0.277417660,1.000000000,0.000000000,0.000000000,0.000000000,0.000000000
105,2.099999,B,yup,gripper_r_finger1_body_q,pos,0.000000000,0.000000000,-0.000000000,0.932282764,-0.060779926,0.300558629,0.191883193,0.000000000
105,2.099999,B,yup,gripper_r_finger1_body_v,vel,-0.162489966,0.137271240,-0.352271169,0.000000000,0.000000000,-0.000000000,0.000000000,0.000000000
105,2.099999,B,yup,gripper_r_finger1_body_w,vel,0.000000000,0.000000000,-0.000000000,-0.032283921,-0.381433696,-0.366315812,0.000000000,0.000000000
105,2.099999,B,yup,gripper_r_finger2_body_p,pos,1.303654671,0.550427496,0.265472889,1.000000000,0.000000000,0.000000000,0.000000000,0.000000000
105,2.099999,B,yup,gripper_r_finger2_body_q,pos,0.000000000,0.000000000,-0.000000000,-0.191891579,0.300431040,0.060753922,0.932323856,0.000000000
105,2.099999,B,yup,gripper_r_finger2_body_v,vel,-0.162493855,0.137272939,-0.352289706,0.000000000,0.000000000,-0.000000000,0.000000000,0.000000000
105,2.099999,B,yup,gripper_r_finger2_body_w,vel,0.000000000,0.000000000,-0.000000000,-0.032297198,-0.381464630,-0.366315871,0.000000000,0.000000000
105,2.099999,B,yup,gripper_r_palm_body_p,pos,1.085278034,0.620881379,0.299625874,1.000000000,0.000000000,0.000000000,0.000000000,0.000000000
105,2.099999,B,yup,gripper_r_palm_body_q,pos,0.000000000,0.000000000,-0.000000000,0.616269520,-0.702206728,0.076796636,0.348166435,0.000000000
105,2.099999,B,yup,gripper_r_palm_body_v,vel,-0.162499487,0.137275428,-0.352318823,0.000000000,0.000000000,-0.000000000,0.000000000,0.000000000
105,2.099999,B,yup,gripper_r_palm_body_w,vel,0.000000000,0.000000000,-0.000000000,-0.032311626,-0.381498277,-0.366315961,0.000000000,0.000000000
106,2.119999,B,yup,gripper_l_finger1_body_p,pos,-1.394060612,0.817785382,0.380536079,1.000000000,0.000000000,0.000000000,0.000000000,0.000000000
106,2.119999,B,yup,gripper_l_finger1_body_q,pos,0.000000000,0.000000000,-0.000000000,0.837791225,-0.031632841,-0.544803983,0.017141963,0.000000000
106,2.119999,B,yup,gripper_l_finger1_body_v,vel,-0.016622340,-0.001219620,0.091248296,0.000000000,0.000000000,-0.000000000,0.000000000,0.000000000
106,2.119999,B,yup,gripper_l_finger1_body_w,vel,0.000000000,0.000000000,-0.000000000,-0.034972169,-0.097642899,-0.034120321,0.000000000,0.000000000
106,2.119999,B,yup,gripper_l_finger2_body_p,pos,-1.291706562,0.802543044,0.372080803,1.000000000,0.000000000,0.000000000,0.000000000,0.000000000
106,2.119999,B,yup,gripper_l_finger2_body_q,pos,0.000000000,0.000000000,-0.000000000,-0.017136687,-0.544668139,0.031635843,0.837879541,0.000000000
106,2.119999,B,yup,gripper_l_finger2_body_v,vel,-0.016621374,-0.001218150,0.091268674,0.000000000,0.000000000,-0.000000000,0.000000000,0.000000000
106,2.119999,B,yup,gripper_l_finger2_body_w,vel,0.000000000,0.000000000,-0.000000000,-0.034972046,-0.097664528,-0.034118768,0.000000000,0.000000000
106,2.119999,B,yup,gripper_l_palm_body_p,pos,-1.146120548,0.811908245,0.357751846,1.000000000,0.000000000,0.000000000,0.000000000,0.000000000
106,2.119999,B,yup,gripper_l_palm_body_q,pos,0.000000000,0.000000000,-0.000000000,0.570070630,-0.614808382,-0.397305221,-0.373066605,0.000000000
106,2.119999,B,yup,gripper_l_palm_body_v,vel,-0.016623853,-0.001215277,0.091308847,0.000000000,0.000000000,-0.000000000,0.000000000,0.000000000
106,2.119999,B,yup,gripper_l_palm_body_w,vel,0.000000000,0.000000000,-0.000000000,-0.034971792,-0.097708017,-0.034115642,0.000000000,0.000000000
106,2.119999,B,yup,gripper_r_finger1_body_p,pos,1.174123764,0.639983714,0.276665211,1.000000000,0.000000000,0.000000000,0.000000000,0.000000000
106,2.119999,B,yup,gripper_r_finger1_body_q,pos,0.000000000,0.000000000,-0.000000000,0.930374772,-0.061362690,0.304106291,0.195337576,0.000000000
106,2.119999,B,yup,gripper_r_finger1_body_v,vel,-0.149177536,0.127579555,-0.359461933,0.000000000,0.000000000,-0.000000000,0.000000000,0.000000000
106,2.119999,B,yup,gripper_r_finger1_body_w,vel,0.000000000,0.000000000,-0.000000000,-0.041333631,-0.406188518,-0.332380593,0.000000000,0.000000000
106,2.119999,B,yup,gripper_r_finger2_body_p,pos,1.303035259,0.546688139,0.265295029,1.000000000,0.000000000,0.000000000,0.000000000,0.000000000
106,2.119999,B,yup,gripper_r_finger2_body_q,pos,0.000000000,0.000000000,-0.000000000,-0.195346014,0.303979488,0.061336328,0.930416176,0.000000000
106,2.119999,B,yup,gripper_r_finger2_body_v,vel,-0.149187401,0.127584115,-0.359511018,0.000000000,0.000000000,-0.000000000,0.000000000,0.000000000
106,2.119999,B,yup,gripper_r_finger2_body_w,vel,0.000000000,0.000000000,-0.000000000,-0.041364498,-0.406259090,-0.332380950,0.000000000,0.000000000
106,2.119999,B,yup,gripper_r_palm_body_p,pos,1.084520817,0.617861450,0.298651695,1.000000000,0.000000000,0.000000000,0.000000000,0.000000000
106,2.119999,B,yup,gripper_r_palm_body_q,pos,0.000000000,0.000000000,-0.000000000,0.614508410,-0.701269633,0.076863044,0.353118095,0.000000000
106,2.119999,B,yup,gripper_r_palm_body_v,vel,-0.149185777,0.127583355,-0.359502673,0.000000000,0.000000000,-0.000000000,0.000000000,0.000000000
106,2.119999,B,yup,gripper_r_palm_body_w,vel,0.000000000,0.000000000,-0.000000000,-0.041357812,-0.406243801,-0.332380891,0.000000000,0.000000000
107,2.139999,B,yup,gripper_l_finger1_body_p,pos,-1.394026756,0.818438530,0.380125523,1.000000000,0.000000000,0.000000000,0.000000000,0.000000000
107,2.139999,B,yup,gripper_l_finger1_body_q,pos,0.000000000,0.000000000,-0.000000000,0.838312098,-0.031586371,-0.543989720,0.017615669,0.000000000
107,2.139999,B,yup,gripper_l_finger1_body_v,vel,-0.019364242,-0.005640410,0.085355535,0.000000000,0.000000000,-0.000000000,0.000000000,0.000000000
107,2.139999,B,yup,gripper_l_finger1_body_w,vel,0.000000000,0.000000000,-0.000000000,-0.019093452,-0.099381201,-0.040279809,0.000000000,0.000000000
107,2.139999,B,yup,gripper_l_finger2_body_p,pos,-1.291511536,0.803124428,0.371761799,1.000000000,0.000000000,0.000000000,0.000000000,0.000000000
107,2.139999,B,yup,gripper_l_finger2_body_q,pos,0.000000000,0.000000000,-0.000000000,-0.017610388,-0.543853400,0.031589460,0.838400536,0.000000000
107,2.139999,B,yup,gripper_l_finger2_body_v,vel,-0.019362248,-0.005640794,0.085350096,0.000000000,0.000000000,-0.000000000,0.000000000,0.000000000
107,2.139999,B,yup,gripper_l_finger2_body_w,vel,0.000000000,0.000000000,-0.000000000,-0.019093482,-0.099375136,-0.040280249,0.000000000,0.000000000
107,2.139999,B,yup,gripper_l_palm_body_p,pos,-1.146094799,0.812464476,0.357591152,1.000000000,0.000000000,0.000000000,0.000000000,0.000000000
107,2.139999,B,yup,gripper_l_palm_body_q,pos,0.000000000,0.000000000,-0.000000000,0.570472131,-0.615144255,-0.397063704,-0.372155221,0.000000000
107,2.139999,B,yup,gripper_l_palm_body_v,vel,-0.019365359,-0.005637263,0.085399128,0.000000000,0.000000000,-0.000000000,0.000000000,0.000000000
107,2.139999,B,yup,gripper_l_palm_body_w,vel,0.000000000,0.000000000,-0.000000000,-0.019093225,-0.099428155,-0.040276416,0.000000000,0.000000000
107,2.139999,B,yup,gripper_r_finger1_body_p,pos,1.174529552,0.637013733,0.276144505,1.000000000,0.000000000,0.000000000,0.000000000,0.000000000
107,2.139999,B,yup,gripper_r_finger1_body_q,pos,0.000000000,0.000000000,-0.000000000,0.928424952,-0.061865494,0.307905078,0.198479801,0.000000000
107,2.139999,B,yup,gripper_r_finger1_body_v,vel,-0.137197584,0.119265430,-0.368707716,0.000000000,0.000000000,-0.000000000,0.000000000,0.000000000
107,2.139999,B,yup,gripper_r_finger1_body_w,vel,0.000000000,0.000000000,-0.000000000,-0.045687299,-0.431822032,-0.302033842,0.000000000,0.000000000
107,2.139999,B,yup,gripper_r_finger2_body_p,pos,1.302609921,0.543327630,0.265382290,1.000000000,0.000000000,0.000000000,0.000000000,0.000000000
107,2.139999,B,yup,gripper_r_finger2_body_q,pos,0.000000000,0.000000000,-0.000000000,-0.198488265,0.307779133,0.061838824,0.928466679,0.000000000
107,2.139999,B,yup,gripper_r_finger2_body_v,vel,-0.137206465,0.119269721,-0.368749708,0.000000000,0.000000000,-0.000000000,0.000000000,0.000000000
107,2.139999,B,yup,gripper_r_finger2_body_w,vel,0.000000000,0.000000000,-0.000000000,-0.045714505,-0.431883156,-0.302034348,0.000000000,0.000000000
107,2.139999,B,yup,gripper_r_palm_body_p,pos,1.083904743,0.615168035,0.297887802,1.000000000,0.000000000,0.000000000,0.000000000,0.000000000
107,2.139999,B,yup,gripper_r_palm_body_q,pos,0.000000000,0.000000000,-0.000000000,0.612774269,-0.700246440,0.077327757,0.358026587,0.000000000
107,2.139999,B,yup,gripper_r_palm_body_v,vel,-0.137207478,0.119270220,-0.368755192,0.000000000,0.000000000,-0.000000000,0.000000000,0.000000000
107,2.139999,B,yup,gripper_r_palm_body_w,vel,0.000000000,0.000000000,-0.000000000,-0.045715991,-0.431886494,-0.302034378,0.000000000,0.000000000
108,2.159999,B,yup,gripper_l_finger1_body_p,pos,-1.393987656,0.818990350,0.379713535,1.000000000,0.000000000,0.000000000,0.000000000,0.000000000
108,2.159999,B,yup,gripper_l_finger1_body_q,pos,0.000000000,0.000000000,-0.000000000,0.838845997,-0.031384222,-0.543166629,0.017956516,0.000000000
108,2.159999,B,yup,gripper_l_finger1_body_v,vel,-0.014052421,-0.006023093,0.079015754,0.000000000,0.000000000,-0.000000000,0.000000000,0.000000000
108,2.159999,B,yup,gripper_l_finger1_body_w,vel,0.000000000,0.000000000,-0.000000000,-0.000616992,-0.100492202,-0.028689232,0.000000000,0.000000000
108,2.159999,B,yup,gripper_l_finger2_body_p,pos,-1.291308880,0.803643823,0.371433735,1.000000000,0.000000000,0.000000000,0.000000000,0.000000000
108,2.159999,B,yup,gripper_l_finger2_body_q,pos,0.000000000,0.000000000,-0.000000000,-0.017951259,-0.543030026,0.031387370,0.838934429,0.000000000
108,2.159999,B,yup,gripper_l_finger2_body_v,vel,-0.014049723,-0.006025571,0.078981362,0.000000000,0.000000000,-0.000000000,0.000000000,0.000000000
108,2.159999,B,yup,gripper_l_finger2_body_w,vel,0.000000000,0.000000000,-0.000000000,-0.000617140,-0.100454926,-0.028691929,0.000000000,0.000000000
108,2.159999,B,yup,gripper_l_palm_body_p,pos,-1.146063805,0.812925935,0.357429504,1.000000000,0.000000000,0.000000000,0.000000000,0.000000000
108,2.159999,B,yup,gripper_l_palm_body_q,pos,0.000000000,0.000000000,-0.000000000,0.570992945,-0.615379273,-0.396721989,-0.371331483,0.000000000
108,2.159999,B,yup,gripper_l_palm_body_v,vel,-0.014052831,-0.006021964,0.079031385,0.000000000,0.000000000,-0.000000000,0.000000000,0.000000000
108,2.159999,B,yup,gripper_l_palm_body_w,vel,0.000000000,0.000000000,-0.000000000,-0.000616925,-0.100509048,-0.028688014,0.000000000,0.000000000
108,2.159999,B,yup,gripper_r_finger1_body_p,pos,1.175119400,0.634325445,0.275850296,1.000000000,0.000000000,0.000000000,0.000000000,0.000000000
108,2.159999,B,yup,gripper_r_finger1_body_q,pos,0.000000000,0.000000000,-0.000000000,0.926441236,-0.062383800,0.311928568,0.201284541,0.000000000
108,2.159999,B,yup,gripper_r_finger1_body_v,vel,-0.124465503,0.111328758,-0.367190868,0.000000000,0.000000000,-0.000000000,0.000000000,0.000000000
108,2.159999,B,yup,gripper_r_finger1_body_w,vel,0.000000000,0.000000000,-0.000000000,-0.068315536,-0.448846608,-0.270719200,0.000000000,0.000000000
108,2.159999,B,yup,gripper_r_finger2_body_p,pos,1.302368641,0.540316641,0.265731812,1.000000000,0.000000000,0.000000000,0.000000000,0.000000000
108,2.159999,B,yup,gripper_r_finger2_body_q,pos,0.000000000,0.000000000,-0.000000000,-0.201293037,0.311803401,0.062356860,0.926483337,0.000000000
108,2.159999,B,yup,gripper_r_finger2_body_v,vel,-0.124475189,0.111333646,-0.367237180,0.000000000,0.000000000,-0.000000000,0.000000000,0.000000000
108,2.159999,B,yup,gripper_r_finger2_body_w,vel,0.000000000,0.000000000,-0.000000000,-0.068345547,-0.448912978,-0.270719916,0.000000000,0.000000000
108,2.159999,B,yup,gripper_r_palm_body_p,pos,1.083427906,0.612784326,0.297328472,1.000000000,0.000000000,0.000000000,0.000000000,0.000000000
108,2.159999,B,yup,gripper_r_palm_body_q,pos,0.000000000,0.000000000,-0.000000000,0.611005258,-0.699210230,0.078189962,0.362855287,0.000000000
108,2.159999,B,yup,gripper_r_palm_body_v,vel,-0.124474421,0.111333258,-0.367233574,0.000000000,0.000000000,-0.000000000,0.000000000,0.000000000
108,2.159999,B,yup,gripper_r_palm_body_w,vel,0.000000000,0.000000000,-0.000000000,-0.068341769,-0.448904634,-0.270719826,0.000000000,0.000000000
109,2.179999,B,yup,gripper_l_finger1_body_p,pos,-1.393939018,0.819226027,0.379323959,1.000000000,0.000000000,0.000000000,0.000000000,0.000000000
109,2.179999,B,yup,gripper_l_finger1_body_q,pos,0.000000000,0.000000000,-0.000000000,0.839391094,-0.031154891,-0.542333896,0.018052943,0.000000000
109,2.179999,B,yup,gripper_l_finger1_body_v,vel,-0.002925601,-0.001690633,0.074898370,0.000000000,0.000000000,-0.000000000,0.000000000,0.000000000
109,2.179999,B,yup,gripper_l_finger1_body_w,vel,0.000000000,0.000000000,-0.000000000,0.012650838,-0.100571990,-0.004194736,0.000000000,0.000000000
109,2.179999,B,yup,gripper_l_finger2_body_p,pos,-1.291085243,0.803891182,0.371120930,1.000000000,0.000000000,0.000000000,0.000000000,0.000000000
109,2.179999,B,yup,gripper_l_finger2_body_q,pos,0.000000000,0.000000000,-0.000000000,-0.018047724,-0.542197160,0.031158056,0.839479419,0.000000000
109,2.179999,B,yup,gripper_l_finger2_body_v,vel,-0.002922806,-0.001694768,0.074840851,0.000000000,0.000000000,-0.000000000,0.000000000,0.000000000
109,2.179999,B,yup,gripper_l_finger2_body_w,vel,0.000000000,0.000000000,-0.000000000,0.012650620,-0.100509770,-0.004199220,0.000000000,0.000000000
109,2.179999,B,yup,gripper_l_palm_body_p,pos,-1.146020889,0.813118696,0.357289314,1.000000000,0.000000000,0.000000000,0.000000000,0.000000000
109,2.179999,B,yup,gripper_l_palm_body_q,pos,0.000000000,0.000000000,-0.000000000,0.571540772,-0.615602791,-0.396200865,-0.370674014,0.000000000
109,2.179999,B,yup,gripper_l_palm_body_v,vel,-0.002925111,-0.001691960,0.074879922,0.000000000,0.000000000,-0.000000000,0.000000000,0.000000000
109,2.179999,B,yup,gripper_l_palm_body_w,vel,0.000000000,0.000000000,-0.000000000,0.012650768,-0.100552112,-0.004196168,0.000000000,0.000000000
109,2.179999,B,yup,gripper_r_finger1_body_p,pos,1.175899029,0.631930649,0.275780678,1.000000000,0.000000000,0.000000000,0.000000000,0.000000000
109,2.179999,B,yup,gripper_r_finger1_body_q,pos,0.000000000,0.000000000,-0.000000000,0.924413590,-0.062827379,0.316181843,0.203816774,0.000000000
109,2.179999,B,yup,gripper_r_finger1_body_v,vel,-0.113640346,0.104414836,-0.378332406,0.000000000,0.000000000,-0.000000000,0.000000000,0.000000000
109,2.179999,B,yup,gripper_r_finger1_body_w,vel,0.000000000,0.000000000,-0.000000000,-0.067657851,-0.474635631,-0.243768483,0.000000000,0.000000000
109,2.179999,B,yup,gripper_r_finger2_body_p,pos,1.302310944,0.537650049,0.266335011,1.000000000,0.000000000,0.000000000,0.000000000,0.000000000
109,2.179999,B,yup,gripper_r_finger2_body_q,pos,0.000000000,0.000000000,-0.000000000,-0.203825293,0.316057440,0.062800206,0.924456099,0.000000000
109,2.179999,B,yup,gripper_r_finger2_body_v,vel,-0.113648236,0.104418986,-0.378370672,0.000000000,0.000000000,-0.000000000,0.000000000,0.000000000
109,2.179999,B,yup,gripper_r_finger2_body_w,vel,0.000000000,0.000000000,-0.000000000,-0.067683160,-0.474690855,-0.243769258,0.000000000,0.000000000
109,2.179999,B,yup,gripper_r_palm_body_p,pos,1.083088398,0.610698879,0.296969414,1.000000000,0.000000000,0.000000000,0.000000000,0.000000000
109,2.179999,B,yup,gripper_r_palm_body_q,pos,0.000000000,0.000000000,-0.000000000,0.609257976,-0.698090189,0.079407326,0.367653754,0.000000000
109,2.179999,B,yup,gripper_r_palm_body_v,vel,-0.113647185,0.104418434,-0.378365815,0.000000000,0.000000000,-0.000000000,0.000000000,0.000000000
109,2.179999,B,yup,gripper_r_palm_body_w,vel,0.000000000,0.000000000,-0.000000000,-0.067678645,-0.474681020,-0.243769124,0.000000000,0.000000000
110,2.199999,B,yup,gripper_l_finger1_body_p,pos,-1.393879414,0.819063663,0.378969669,1.000000000,0.000000000,0.000000000,0.000000000,0.000000000
110,2.199999,B,yup,gripper_l_finger1_body_q,pos,0.000000000,0.000000000,-0.000000000,0.839940615,-0.031004256,-0.541496875,0.017878303,0.000000000
110,2.199999,B,yup,gripper_l_finger1_body_v,vel,0.009553249,0.005047433,0.072768189,0.000000000,0.000000000,-0.000000000,0.000000000,0.000000000
110,2.199999,B,yup,gripper_l_finger1_body_w,vel,0.000000000,0.000000000,-0.000000000,0.019489920,-0.099462368,0.023327867,0.000000000,0.000000000
110,2.199999,B,yup,gripper_l_finger2_body_p,pos,-1.290838718,0.803778052,0.370839596,1.000000000,0.000000000,0.000000000,0.000000000,0.000000000
110,2.199999,B,yup,gripper_l_finger2_body_q,pos,0.000000000,0.000000000,-0.000000000,-0.017873108,-0.541360021,0.031007392,0.840028822,0.000000000
110,2.199999,B,yup,gripper_l_finger2_body_v,vel,0.009555659,0.005042725,0.072702341,0.000000000,0.000000000,-0.000000000,0.000000000,0.000000000
110,2.199999,B,yup,gripper_l_finger2_body_w,vel,0.000000000,0.000000000,-0.000000000,0.019489666,-0.099391103,0.023322763,0.000000000,0.000000000
110,2.199999,B,yup,gripper_l_palm_body_p,pos,-1.145962238,0.812980890,0.357182026,1.000000000,0.000000000,0.000000000,0.000000000,0.000000000
110,2.199999,B,yup,gripper_l_palm_body_q,pos,0.000000000,0.000000000,-0.000000000,0.572035918,-0.615884902,-0.395485313,-0.370205434,0.000000000
110,2.199999,B,yup,gripper_l_palm_body_v,vel,0.009554368,0.005044511,0.072727337,0.000000000,0.000000000,-0.000000000,0.000000000,0.000000000
110,2.199999,B,yup,gripper_l_palm_body_w,vel,0.000000000,0.000000000,-0.000000000,0.019489763,-0.099418290,0.023324709,0.000000000,0.000000000
110,2.199999,B,yup,gripper_r_finger1_body_p,pos,1.176843166,0.629774272,0.275925159,1.000000000,0.000000000,0.000000000,0.000000000,0.000000000
110,2.199999,B,yup,gripper_r_finger1_body_q,pos,0.000000000,0.000000000,-0.000000000,0.922365360,-0.063404463,0.320617049,0.205977484,0.000000000
110,2.199999,B,yup,gripper_r_finger1_body_v,vel,-0.100439124,0.097576037,-0.365410328,0.000000000,0.000000000,-0.000000000,0.000000000,0.000000000
110,2.199999,B,yup,gripper_r_finger1_body_w,vel,0.000000000,0.000000000,-0.000000000,-0.107928775,-0.481468022,-0.212734938,0.000000000,0.000000000
110,2.199999,B,yup,gripper_r_finger2_body_p,pos,1.302425861,0.535301864,0.267189980,1.000000000,0.000000000,0.000000000,0.000000000,0.000000000
110,2.199999,B,yup,gripper_r_finger2_body_q,pos,0.000000000,0.000000000,-0.000000000,-0.205986082,0.320493280,0.063377082,0.922408335,0.000000000
110,2.199999,B,yup,gripper_r_finger2_body_v,vel,-0.100439973,0.097576514,-0.365415543,0.000000000,0.000000000,-0.000000000,0.000000000,0.000000000
110,2.199999,B,yup,gripper_r_finger2_body_w,vel,0.000000000,0.000000000,-0.000000000,-0.107934281,-0.481479883,-0.212735146,0.000000000,0.000000000
110,2.199999,B,yup,gripper_r_palm_body_p,pos,1.082886219,0.608905375,0.296804905,1.000000000,0.000000000,0.000000000,0.000000000,0.000000000
110,2.199999,B,yup,gripper_r_palm_body_q,pos,0.000000000,0.000000000,-0.000000000,0.607401793,-0.697049977,0.081015974,0.372318149,0.000000000
110,2.199999,B,yup,gripper_r_palm_body_v,vel,-0.100444548,0.097579040,-0.365439475,0.000000000,0.000000000,-0.000000000,0.000000000,0.000000000
110,2.199999,B,yup,gripper_r_palm_body_w,vel,0.000000000,0.000000000,-0.000000000,-0.107947096,-0.481507510,-0.212735608,0.000000000,0.000000000
111,2.219999,B,yup,gripper_l_finger1_body_p,pos,-1.393809795,0.818558574,0.378650665,1.000000000,0.000000000,0.000000000,0.000000000,0.000000000
111,2.219999,B,yup,gripper_l_finger1_body_q,pos,0.000000000,0.000000000,-0.000000000,0.840486744,-0.030999794,-0.540661508,0.017498005,0.000000000
111,2.219999,B,yup,gripper_l_finger1_body_v,vel,0.019212766,0.011809771,0.073402837,0.000000000,0.000000000,-0.000000000,0.000000000,0.000000000
111,2.219999,B,yup,gripper_l_finger1_body_w,vel,0.000000000,0.000000000,-0.000000000,0.017733328,-0.097677402,0.044689253,0.000000000,0.000000000
111,2.219999,B,yup,gripper_l_finger2_body_p,pos,-1.290572166,0.803341269,0.370593548,1.000000000,0.000000000,0.000000000,0.000000000,0.000000000
111,2.219999,B,yup,gripper_l_finger2_body_q,pos,0.000000000,0.000000000,-0.000000000,-0.017492812,-0.540524600,0.031002868,0.840574792,0.000000000
111,2.219999,B,yup,gripper_l_finger2_body_v,vel,0.019214619,0.011805142,0.073337734,0.000000000,0.000000000,-0.000000000,0.000000000,0.000000000
111,2.219999,B,yup,gripper_l_finger2_body_w,vel,0.000000000,0.000000000,-0.000000000,0.017733037,-0.097606786,0.044684224,0.000000000,0.000000000
111,2.219999,B,yup,gripper_l_palm_body_p,pos,-1.145890713,0.812563539,0.357107162,1.000000000,0.000000000,0.000000000,0.000000000,0.000000000
111,2.219999,B,yup,gripper_l_palm_body_q,pos,0.000000000,0.000000000,-0.000000000,0.572425156,-0.616267748,-0.394625818,-0.369883721,0.000000000
111,2.219999,B,yup,gripper_l_palm_body_v,vel,0.019214252,0.011806046,0.073350444,0.000000000,0.000000000,-0.000000000,0.000000000,0.000000000
111,2.219999,B,yup,gripper_l_palm_body_w,vel,0.000000000,0.000000000,-0.000000000,0.017733093,-0.097620763,0.044685218,0.000000000,0.000000000
111,2.219999,B,yup,gripper_r_finger1_body_p,pos,1.177932262,0.627806962,0.276276588,1.000000000,0.000000000,0.000000000,0.000000000,0.000000000
111,2.219999,B,yup,gripper_r_finger1_body_q,pos,0.000000000,0.000000000,-0.000000000,0.920242993,-0.064293937,0.325183605,0.208025831,0.000000000
111,2.219999,B,yup,gripper_r_finger1_body_v,vel,-0.100448288,0.136552781,-0.354866236,0.000000000,0.000000000,-0.000000000,0.000000000,0.000000000
111,2.219999,B,yup,gripper_r_finger1_body_w,vel,0.000000000,0.000000000,-0.000000000,-0.142095283,-0.488785326,-0.240306169,0.000000000,0.000000000
111,2.219999,B,yup,gripper_r_finger2_body_p,pos,1.302668571,0.533192337,0.268289566,1.000000000,0.000000000,0.000000000,0.000000000,0.000000000
111,2.219999,B,yup,gripper_r_finger2_body_q,pos,0.000000000,0.000000000,-0.000000000,-0.208034501,0.325060577,0.064266376,0.920286423,0.000000000
111,2.219999,B,yup,gripper_r_finger2_body_v,vel,-0.100459285,0.136558890,-0.354916841,0.000000000,0.000000000,-0.000000000,0.000000000,0.000000000
111,2.219999,B,yup,gripper_r_finger2_body_w,vel,0.000000000,0.000000000,-0.000000000,-0.142127827,-0.488854706,-0.240307480,0.000000000,0.000000000
111,2.219999,B,yup,gripper_r_palm_body_p,pos,1.082816124,0.607392609,0.296827793,1.000000000,0.000000000,0.000000000,0.000000000,0.000000000
111,2.219999,B,yup,gripper_r_palm_body_q,pos,0.000000000,0.000000000,-0.000000000,0.605272199,-0.696178307,0.082796997,0.376996005,0.000000000
111,2.219999,B,yup,gripper_r_palm_body_v,vel,-0.100454792,0.136556357,-0.354894310,0.000000000,0.000000000,-0.000000000,0.000000000,0.000000000
111,2.219999,B,yup,gripper_r_palm_body_w,vel,0.000000000,0.000000000,-0.000000000,-0.142113209,-0.488823533,-0.240306899,0.000000000,0.000000000
112,2.239999,B,yup,gripper_l_finger1_body_p,pos,-1.393735409,0.817875624,0.378355980,1.000000000,0.000000000,0.000000000,0.000000000,0.000000000
112,2.239999,B,yup,gripper_l_finger1_body_q,pos,0.000000000,0.000000000,-0.000000000,0.841024093,-0.031160865,-0.539830027,0.017059253,0.000000000
112,2.239999,B,yup,gripper_l_finger1_body_v,vel,0.022532953,0.015034685,0.076786436,0.000000000,0.000000000,-0.000000000,0.000000000,0.000000000
112,2.239999,B,yup,gripper_l_finger1_body_w,vel,0.000000000,0.000000000,-0.000000000,0.008173824,-0.096057847,0.052002385,0.000000000,0.000000000
112,2.239999,B,yup,gripper_l_finger2_body_p,pos,-1.290296555,0.802718997,0.370376110,1.000000000,0.000000000,0.000000000,0.000000000,0.000000000
112,2.239999,B,yup,gripper_l_finger2_body_q,pos,0.000000000,0.000000000,-0.000000000,-0.017054044,-0.539693244,0.031163862,0.841111869,0.000000000
112,2.239999,B,yup,gripper_l_finger2_body_v,vel,0.022534093,0.015031299,0.076738670,0.000000000,0.000000000,-0.000000000,0.000000000,0.000000000
112,2.239999,B,yup,gripper_l_finger2_body_w,vel,0.000000000,0.000000000,-0.000000000,0.008173566,-0.096005760,0.051998686,0.000000000,0.000000000
112,2.239999,B,yup,gripper_l_palm_body_p,pos,-1.145811558,0.812003613,0.357054710,1.000000000,0.000000000,0.000000000,0.000000000,0.000000000
112,2.239999,B,yup,gripper_l_palm_body_q,pos,0.000000000,0.000000000,-0.000000000,0.572690963,-0.616761267,-0.393727988,-0.369606375,0.000000000
112,2.239999,B,yup,gripper_l_palm_body_v,vel,0.022534166,0.015031814,0.076745912,0.000000000,0.000000000,-0.000000000,0.000000000,0.000000000
112,2.239999,B,yup,gripper_l_palm_body_w,vel,0.000000000,0.000000000,-0.000000000,0.008173606,-0.096013866,0.051999260,0.000000000,0.000000000
112,2.239999,B,yup,gripper_r_finger1_body_p,pos,1.179150581,0.625973046,0.276822567,1.000000000,0.000000000,0.000000000,0.000000000,0.000000000
112,2.239999,B,yup,gripper_r_finger1_body_q,pos,0.000000000,0.000000000,-0.000000000,0.917888497,-0.065698697,0.329818066,0.210676131,0.000000000
112,2.239999,B,yup,gripper_r_finger1_body_v,vel,-0.117486864,0.234783024,-0.344556898,0.000000000,0.000000000,-0.000000000,0.000000000,0.000000000
112,2.239999,B,yup,gripper_r_finger1_body_w,vel,0.000000000,0.000000000,-0.000000000,-0.173329338,-0.494701803,-0.343936890,0.000000000,0.000000000
112,2.239999,B,yup,gripper_r_finger2_body_p,pos,1.302944660,0.531164467,0.269615650,1.000000000,0.000000000,0.000000000,0.000000000,0.000000000
112,2.239999,B,yup,gripper_r_finger2_body_q,pos,0.000000000,0.000000000,-0.000000000,-0.210684953,0.329695996,0.065670944,0.917932311,0.000000000
112,2.239999,B,yup,gripper_r_finger2_body_v,vel,-0.117499001,0.234789953,-0.344613045,0.000000000,0.000000000,-0.000000000,0.000000000,0.000000000
112,2.239999,B,yup,gripper_r_finger2_body_w,vel,0.000000000,0.000000000,-0.000000000,-0.173365444,-0.494777560,-0.343938440,0.000000000,0.000000000
112,2.239999,B,yup,gripper_r_palm_body_p,pos,1.082870007,0.606144488,0.297025681,1.000000000,0.000000000,0.000000000,0.000000000,0.000000000
112,2.239999,B,yup,gripper_r_palm_body_q,pos,0.000000000,0.000000000,-0.000000000,0.602614175,-0.695506755,0.084200427,0.382147612,0.000000000
112,2.239999,B,yup,gripper_r_palm_body_v,vel,-0.117492296,0.234786063,-0.344579011,0.000000000,0.000000000,-0.000000000,0.000000000,0.000000000
112,2.239999,B,yup,gripper_r_palm_body_w,vel,0.000000000,0.000000000,-0.000000000,-0.173343688,-0.494731933,-0.343937486,0.000000000,0.000000000
113,2.259999,B,yup,gripper_l_finger1_body_p,pos,-1.393660545,0.817206383,0.378068447,1.000000000,0.000000000,0.000000000,0.000000000,0.000000000
113,2.259999,B,yup,gripper_l_finger1_body_q,pos,0.000000000,0.000000000,-0.000000000,0.841549921,-0.031453434,-0.539004740,0.016682370,0.000000000
113,2.259999,B,yup,gripper_l_finger1_body_v,vel,0.020547671,0.016266022,0.081246853,0.000000000,0.000000000,-0.000000000,0.000000000,0.000000000
113,2.259999,B,yup,gripper_l_finger1_body_w,vel,0.000000000,0.000000000,-0.000000000,-0.004787448,-0.094951235,0.047721799,0.000000000,0.000000000
113,2.259999,B,yup,gripper_l_finger2_body_p,pos,-1.290022373,0.802085757,0.370172501,1.000000000,0.000000000,0.000000000,0.000000000,0.000000000
113,2.259999,B,yup,gripper_l_finger2_body_q,pos,0.000000000,0.000000000,-0.000000000,-0.016677117,-0.538868020,0.031456367,0.841637468,0.000000000
113,2.259999,B,yup,gripper_l_finger2_body_v,vel,0.020548282,0.016263980,0.081218109,0.000000000,0.000000000,-0.000000000,0.000000000,0.000000000
113,2.259999,B,yup,gripper_l_finger2_body_w,vel,0.000000000,0.000000000,-0.000000000,-0.004787632,-0.094919689,0.047719553,0.000000000,0.000000000
113,2.259999,B,yup,gripper_l_palm_body_p,pos,-1.145732880,0.811462402,0.357008934,1.000000000,0.000000000,0.000000000,0.000000000,0.000000000
113,2.259999,B,yup,gripper_l_palm_body_q,pos,0.000000000,0.000000000,-0.000000000,0.572855606,-0.617339555,-0.392878356,-0.369289758,0.000000000
113,2.259999,B,yup,gripper_l_palm_body_v,vel,0.020548431,0.016264318,0.081222832,0.000000000,0.000000000,-0.000000000,0.000000000,0.000000000
113,2.259999,B,yup,gripper_l_palm_body_w,vel,0.000000000,0.000000000,-0.000000000,-0.004787601,-0.094925024,0.047719933,0.000000000,0.000000000
113,2.259999,B,yup,gripper_r_finger1_body_p,pos,1.180478096,0.624216259,0.277540684,1.000000000,0.000000000,0.000000000,0.000000000,0.000000000
113,2.259999,B,yup,gripper_r_finger1_body_q,pos,0.000000000,0.000000000,-0.000000000,0.915219760,-0.067675381,0.334507819,0.214236674,0.000000000
113,2.259999,B,yup,gripper_r_finger1_body_v,vel,-0.137263551,0.335356981,-0.340649664,0.000000000,0.000000000,-0.000000000,0.000000000,0.000000000
113,2.259999,B,yup,gripper_r_finger1_body_w,vel,0.000000000,0.000000000,-0.000000000,-0.198039919,-0.504745901,-0.454385161,0.000000000,0.000000000
113,2.259999,B,yup,gripper_r_finger2_body_p,pos,1.303196907,0.529120147,0.271142960,1.000000000,0.000000000,0.000000000,0.000000000,0.000000000
113,2.259999,B,yup,gripper_r_finger2_body_q,pos,0.000000000,0.000000000,-0.000000000,-0.214245738,0.334386411,0.067647219,0.915264085,0.000000000
113,2.259999,B,yup,gripper_r_finger2_body_v,vel,-0.137278005,0.335365504,-0.340719014,0.000000000,0.000000000,-0.000000000,0.000000000,0.000000000
113,2.259999,B,yup,gripper_r_finger2_body_w,vel,0.000000000,0.000000000,-0.000000000,-0.198085010,-0.504838645,-0.454387158,0.000000000,0.000000000
113,2.259999,B,yup,gripper_r_palm_body_p,pos,1.083027840,0.605118692,0.297372818,1.000000000,0.000000000,0.000000000,0.000000000,0.000000000
113,2.259999,B,yup,gripper_r_palm_body_q,pos,0.000000000,0.000000000,-0.000000000,0.599329520,-0.695017454,0.084999248,0.387981949,0.000000000
113,2.259999,B,yup,gripper_r_palm_body_v,vel,-0.137267038,0.335358948,-0.340662986,0.000000000,0.000000000,-0.000000000,0.000000000,0.000000000
113,2.259999,B,yup,gripper_r_palm_body_w,vel,0.000000000,0.000000000,-0.000000000,-0.198048756,-0.504764080,-0.454385549,0.000000000,0.000000000
114,2.279999,B,yup,gripper_l_finger1_body_p,pos,-1.393590450,0.816709399,0.377771854,1.000000000,0.000000000,0.000000000,0.000000000,0.000000000
114,2.279999,B,yup,gripper_l_finger1_body_q,pos,0.000000000,0.000000000,-0.000000000,0.842065401,-0.031799149,-0.538185718,0.016456241,0.000000000
114,2.279999,B,yup,gripper_l_finger1_body_v,vel,0.014098922,0.014247769,0.084840164,0.000000000,0.000000000,-0.000000000,0.000000000,0.000000000
114,2.279999,B,yup,gripper_l_finger1_body_w,vel,0.000000000,0.000000000,-0.000000000,-0.015783122,-0.094598167,0.033559434,0.000000000,0.000000000
114,2.279999,B,yup,gripper_l_finger2_body_p,pos,-1.289758682,0.801593781,0.369965553,1.000000000,0.000000000,0.000000000,0.000000000,0.000000000
114,2.279999,B,yup,gripper_l_finger2_body_q,pos,0.000000000,0.000000000,-0.000000000,-0.016450934,-0.538049046,0.031802044,0.842152730,0.000000000
114,2.279999,B,yup,gripper_l_finger2_body_v,vel,0.014099323,0.014247040,0.084829934,0.000000000,0.000000000,-0.000000000,0.000000000,0.000000000
114,2.279999,B,yup,gripper_l_finger2_body_w,vel,0.000000000,0.000000000,-0.000000000,-0.015783198,-0.094586641,0.033558611,0.000000000,0.000000000
114,2.279999,B,yup,gripper_l_palm_body_p,pos,-1.145660877,0.811069489,0.356954575,1.000000000,0.000000000,0.000000000,0.000000000,0.000000000
114,2.279999,B,yup,gripper_l_palm_body_q,pos,0.000000000,0.000000000,-0.000000000,0.572975348,-0.617948177,-0.392139705,-0.368870916,0.000000000
114,2.279999,B,yup,gripper_l_palm_body_v,vel,0.014099002,0.014247777,0.084840260,0.000000000,0.000000000,-0.000000000,0.000000000,0.000000000
114,2.279999,B,yup,gripper_l_palm_body_w,vel,0.000000000,0.000000000,-0.000000000,-0.015783124,-0.094598003,0.033559423,0.000000000,0.000000000
114,2.279999,B,yup,gripper_r_finger1_body_p,pos,1.181883812,0.622470200,0.278408527,1.000000000,0.000000000,0.000000000,0.000000000,0.000000000
114,2.279999,B,yup,gripper_r_finger1_body_q,pos,0.000000000,0.000000000,-0.000000000,0.912188570,-0.070226073,0.339242604,0.218848733,0.000000000
114,2.279999,B,yup,gripper_r_finger1_body_v,vel,-0.162893072,0.447575092,-0.338830143,0.000000000,0.000000000,-0.000000000,0.000000000,0.000000000
114,2.279999,B,yup,gripper_r_finger1_body_w,vel,0.000000000,0.000000000,-0.000000000,-0.219423756,-0.515049160,-0.584399462,0.000000000,0.000000000
114,2.279999,B,yup,gripper_r_finger2_body_p,pos,1.303374767,0.526975930,0.272844791,1.000000000,0.000000000,0.000000000,0.000000000,0.000000000
114,2.279999,B,yup,gripper_r_finger2_body_q,pos,0.000000000,0.000000000,-0.000000000,-0.218858138,0.339121552,0.070197292,0.912233538,0.000000000
114,2.279999,B,yup,gripper_r_finger2_body_v,vel,-0.162903339,0.447581351,-0.338880509,0.000000000,0.000000000,-0.000000000,0.000000000,0.000000000
114,2.279999,B,yup,gripper_r_finger2_body_w,vel,0.000000000,0.000000000,-0.000000000,-0.219457224,-0.515116096,-0.584401011,0.000000000,0.000000000
114,2.279999,B,yup,gripper_r_palm_body_p,pos,1.083260536,0.604252040,0.297844887,1.000000000,0.000000000,0.000000000,0.000000000,0.000000000
114,2.279999,B,yup,gripper_r_palm_body_q,pos,0.000000000,0.000000000,-0.000000000,0.595382867,-0.694677650,0.085086271,0.394591599,0.000000000
114,2.279999,B,yup,gripper_r_palm_body_v,vel,-0.162893206,0.447575122,-0.338828534,0.000000000,0.000000000,-0.000000000,0.000000000,0.000000000
114,2.279999,B,yup,gripper_r_palm_body_w,vel,0.000000000,0.000000000,-0.000000000,-0.219422683,-0.515046954,-0.584399402,0.000000000,0.000000000
115,2.299999,B,yup,gripper_l_finger1_body_p,pos,-1.393527031,0.816465139,0.377455235,1.000000000,0.000000000,0.000000000,0.000000000,0.000000000
115,2.299999,B,yup,gripper_l_finger1_body_q,pos,0.000000000,0.000000000,-0.000000000,0.842574411,-0.032114889,-0.537371097,0.016410366,0.000000000
115,2.299999,B,yup,gripper_l_finger1_body_v,vel,0.005936940,0.009992599,0.086580150,0.000000000,0.000000000,-0.000000000,0.000000000,0.000000000
115,2.299999,B,yup,gripper_l_finger1_body_w,vel,0.000000000,0.000000000,-0.000000000,-0.021651609,-0.094988309,0.015555202,0.000000000,0.000000000
115,2.299999,B,yup,gripper_l_finger2_body_p,pos,-1.289510250,0.801326990,0.369742393,1.000000000,0.000000000,0.000000000,0.000000000,0.000000000
115,2.299999,B,yup,gripper_l_finger2_body_q,pos,0.000000000,0.000000000,-0.000000000,-0.016405009,-0.537234373,0.032117777,0.842661588,0.000000000
115,2.299999,B,yup,gripper_l_finger2_body_v,vel,0.005937472,0.009992706,0.086581580,0.000000000,0.000000000,-0.000000000,0.000000000,0.000000000
115,2.299999,B,yup,gripper_l_finger2_body_w,vel,0.000000000,0.000000000,-0.000000000,-0.021651600,-0.094989426,0.015555282,0.000000000,0.000000000
115,2.299999,B,yup,gripper_l_palm_body_p,pos,-1.145598412,0.810887456,0.356881142,1.000000000,0.000000000,0.000000000,0.000000000,0.000000000
115,2.299999,B,yup,gripper_l_palm_body_q,pos,0.000000000,0.000000000,-0.000000000,0.573111809,-0.618531221,-0.391531404,-0.368327495,0.000000000
115,2.299999,B,yup,gripper_l_palm_body_v,vel,0.005936403,0.009994141,0.086601622,0.000000000,0.000000000,-0.000000000,0.000000000,0.000000000
115,2.299999,B,yup,gripper_l_palm_body_w,vel,0.000000000,0.000000000,-0.000000000,-0.021651451,-0.095011272,0.015556854,0.000000000,0.000000000
115,2.299999,B,yup,gripper_r_finger1_body_p,pos,1.183323860,0.620641768,0.279397964,1.000000000,0.000000000,0.000000000,0.000000000,0.000000000
115,2.299999,B,yup,gripper_r_finger1_body_q,pos,0.000000000,0.000000000,-0.000000000,0.908723642,-0.073383078,0.344007460,0.224711223,0.000000000
115,2.299999,B,yup,gripper_r_finger1_body_v,vel,-0.195302725,0.572447598,-0.340922505,0.000000000,0.000000000,-0.000000000,0.000000000,0.000000000
115,2.299999,B,yup,gripper_r_finger1_body_w,vel,0.000000000,0.000000000,-0.000000000,-0.236839294,-0.527072132,-0.736142874,0.000000000,0.000000000
115,2.299999,B,yup,gripper_r_finger2_body_p,pos,1.303404808,0.524616778,0.274689198,1.000000000,0.000000000,0.000000000,0.000000000,0.000000000
115,2.299999,B,yup,gripper_r_finger2_body_q,pos,0.000000000,0.000000000,-0.000000000,-0.224721118,0.343885927,0.073353275,0.908769600,0.000000000
115,2.299999,B,yup,gripper_r_finger2_body_v,vel,-0.195306450,0.572450042,-0.340943158,0.000000000,0.000000000,-0.000000000,0.000000000,0.000000000
115,2.299999,B,yup,gripper_r_finger2_body_w,vel,0.000000000,0.000000000,-0.000000000,-0.236853108,-0.527098894,-0.736143470,0.000000000,0.000000000
115,2.299999,B,yup,gripper_r_palm_body_p,pos,1.083528996,0.603462398,0.298411369,1.000000000,0.000000000,0.000000000,0.000000000,0.000000000
115,2.299999,B,yup,gripper_r_palm_body_q,pos,0.000000000,0.000000000,-0.000000000,0.590701044,-0.694459856,0.084310003,0.402106464,0.000000000
115,2.299999,B,yup,gripper_r_palm_body_v,vel,-0.195297524,0.572444320,-0.340897232,0.000000000,0.000000000,-0.000000000,0.000000000,0.000000000
115,2.299999,B,yup,gripper_r_palm_body_w,vel,0.000000000,0.000000000,-0.000000000,-0.236821443,-0.527037621,-0.736142039,0.000000000,0.000000000
116,2.319999,B,yup,gripper_l_finger1_body_p,pos,-1.393469334,0.816452742,0.377116203,1.000000000,0.000000000,0.000000000,0.000000000,0.000000000
116,2.319999,B,yup,gripper_l_finger1_body_q,pos,0.000000000,0.000000000,-0.000000000,0.843081954,-0.032343086,-0.536557735,0.016508816,0.000000000
116,2.319999,B,yup,gripper_l_finger1_body_v,vel,-0.000708201,0.005613577,0.086448327,0.000000000,0.000000000,-0.000000000,0.000000000,0.000000000
116,2.319999,B,yup,gripper_l_finger1_body_w,vel,0.000000000,0.000000000,-0.000000000,-0.021856869,-0.095853649,0.000859219,0.000000000,0.000000000
116,2.319999,B,yup,gripper_l_finger2_body_p,pos,-1.289275169,0.801277041,0.369497776,1.000000000,0.000000000,0.000000000,0.000000000,0.000000000
116,2.319999,B,yup,gripper_l_finger2_body_q,pos,0.000000000,0.000000000,-0.000000000,-0.016503422,-0.536420830,0.032345988,0.843169062,0.000000000
116,2.319999,B,yup,gripper_l_finger2_body_v,vel,-0.000707238,0.005613545,0.086447783,0.000000000,0.000000000,-0.000000000,0.000000000,0.000000000
116,2.319999,B,yup,gripper_l_finger2_body_w,vel,0.000000000,0.000000000,-0.000000000,-0.021856876,-0.095852710,0.000859150,0.000000000,0.000000000
116,2.319999,B,yup,gripper_l_palm_body_p,pos,-1.145545483,0.810895085,0.356786251,1.000000000,0.000000000,0.000000000,0.000000000,0.000000000
116,2.319999,B,yup,gripper_l_palm_body_q,pos,0.000000000,0.000000000,-0.000000000,0.573309355,-0.619051455,-0.391025751,-0.367682665,0.000000000
116,2.319999,B,yup,gripper_l_palm_body_v,vel,-0.000708935,0.005615584,0.086476095,0.000000000,0.000000000,-0.000000000,0.000000000,0.000000000
116,2.319999,B,yup,gripper_l_palm_body_w,vel,0.000000000,0.000000000,-0.000000000,-0.021856664,-0.095883481,0.000861380,0.000000000,0.000000000
116,2.319999,B,yup,gripper_r_finger1_body_p,pos,1.184743881,0.618628561,0.280478954,1.000000000,0.000000000,0.000000000,0.000000000,0.000000000
116,2.319999,B,yup,gripper_r_finger1_body_q,pos,0.000000000,0.000000000,-0.000000000,0.904734750,-0.077202291,0.348775629,0.232056888,0.000000000
116,2.319999,B,yup,gripper_r_finger1_body_v,vel,-0.235638440,0.715194345,-0.345582455,0.000000000,0.000000000,-0.000000000,0.000000000,0.000000000
116,2.319999,B,yup,gripper_r_finger1_body_w,vel,0.000000000,0.000000000,-0.000000000,-0.251472324,-0.539577901,-0.915580273,0.000000000,0.000000000
116,2.319999,B,yup,gripper_r_finger2_body_p,pos,1.303199768,0.521917164,0.276641846,1.000000000,0.000000000,0.000000000,0.000000000,0.000000000
116,2.319999,B,yup,gripper_r_finger2_body_q,pos,0.000000000,0.000000000,-0.000000000,-0.232067453,0.348652724,0.077171021,0.904782078,0.000000000
116,2.319999,B,yup,gripper_r_finger2_body_v,vel,-0.235636860,0.715193450,-0.345579505,0.000000000,0.000000000,-0.000000000,0.000000000,0.000000000
116,2.319999,B,yup,gripper_r_finger2_body_w,vel,0.000000000,0.000000000,-0.000000000,-0.251469374,-0.539572418,-0.915580153,0.000000000,0.000000000
116,2.319999,B,yup,gripper_r_palm_body_p,pos,1.083788395,0.602665007,0.299038887,1.000000000,0.000000000,0.000000000,0.000000000,0.000000000
116,2.319999,B,yup,gripper_r_palm_body_q,pos,0.000000000,0.000000000,-0.000000000,0.585180723,-0.694339860,0.082486896,0.410672122,0.000000000
116,2.319999,B,yup,gripper_r_palm_body_v,vel,-0.235628217,0.715187669,-0.345534891,0.000000000,0.000000000,-0.000000000,0.000000000,0.000000000
116,2.319999,B,yup,gripper_r_palm_body_w,vel,0.000000000,0.000000000,-0.000000000,-0.251437187,-0.539512634,-0.915578663,0.000000000,0.000000000
117,2.339999,B,yup,gripper_l_finger1_body_p,pos,-1.393414974,0.816577315,0.376760483,1.000000000,0.000000000,0.000000000,0.000000000,0.000000000
117,2.339999,B,yup,gripper_l_finger1_body_q,pos,0.000000000,0.000000000,-0.000000000,0.843592097,-0.032472193,-0.535742638,0.016666057,0.000000000
117,2.339999,B,yup,gripper_l_finger1_body_v,vel,-0.003604045,0.003279999,0.084647737,0.000000000,0.000000000,-0.000000000,0.000000000,0.000000000
117,2.339999,B,yup,gripper_l_finger1_body_w,vel,0.000000000,0.000000000,-0.000000000,-0.017063351,-0.096763618,-0.005528061,0.000000000,0.000000000
117,2.339999,B,yup,gripper_l_finger2_body_p,pos,-1.289047718,0.801364779,0.369235516,1.000000000,0.000000000,0.000000000,0.000000000,0.000000000
117,2.339999,B,yup,gripper_l_finger2_body_q,pos,0.000000000,0.000000000,-0.000000000,-0.016660638,-0.535605551,0.032475125,0.843679135,0.000000000
117,2.339999,B,yup,gripper_l_finger2_body_v,vel,-0.003602586,0.003279282,0.084637754,0.000000000,0.000000000,-0.000000000,0.000000000,0.000000000
117,2.339999,B,yup,gripper_l_finger2_body_w,vel,0.000000000,0.000000000,-0.000000000,-0.017063426,-0.096752584,-0.005528864,0.000000000,0.000000000
117,2.339999,B,yup,gripper_l_palm_body_p,pos,-1.145497799,0.811013818,0.356676102,1.000000000,0.000000000,0.000000000,0.000000000,0.000000000
117,2.339999,B,yup,gripper_l_palm_body_q,pos,0.000000000,0.000000000,-0.000000000,0.573578834,-0.619503558,-0.390560359,-0.366994917,0.000000000
117,2.339999,B,yup,gripper_l_palm_body_v,vel,-0.003604672,0.003281670,0.084670722,0.000000000,0.000000000,-0.000000000,0.000000000,0.000000000
117,2.339999,B,yup,gripper_l_palm_body_w,vel,0.000000000,0.000000000,-0.000000000,-0.017063186,-0.096788377,-0.005526258,0.000000000,0.000000000
117,2.339999,B,yup,gripper_r_finger1_body_p,pos,1.186094284,0.616353095,0.281620502,1.000000000,0.000000000,0.000000000,0.000000000,0.000000000
117,2.339999,B,yup,gripper_r_finger1_body_q,pos,0.000000000,0.000000000,-0.000000000,0.900203964,-0.081624211,0.353544120,0.240783858,0.000000000
117,2.339999,B,yup,gripper_r_finger1_body_v,vel,-0.270772785,0.827107012,-0.354422301,0.000000000,0.000000000,-0.000000000,0.000000000,0.000000000
117,2.339999,B,yup,gripper_r_finger1_body_w,vel,0.000000000,0.000000000,-0.000000000,-0.262456030,-0.554113984,-1.062038898,0.000000000,0.000000000
117,2.339999,B,yup,gripper_r_finger2_body_p,pos,1.302711487,0.518823922,0.278669357,1.000000000,0.000000000,0.000000000,0.000000000,0.000000000
117,2.339999,B,yup,gripper_r_finger2_body_q,pos,0.000000000,0.000000000,-0.000000000,-0.240795242,0.353419396,0.081591108,0.900252894,0.000000000
117,2.339999,B,yup,gripper_r_finger2_body_v,vel,-0.270770192,0.827105343,-0.354416370,0.000000000,0.000000000,-0.000000000,0.000000000,0.000000000
117,2.339999,B,yup,gripper_r_finger2_body_w,vel,0.000000000,0.000000000,-0.000000000,-0.262450755,-0.554104626,-1.062038660,0.000000000,0.000000000
117,2.339999,B,yup,gripper_r_palm_body_p,pos,1.083995819,0.601775229,0.299694061,1.000000000,0.000000000,0.000000000,0.000000000,0.000000000
117,2.339999,B,yup,gripper_r_palm_body_q,pos,0.000000000,0.000000000,-0.000000000,0.578851313,-0.694262752,0.079687075,0.420214658,0.000000000
117,2.339999,B,yup,gripper_r_palm_body_v,vel,-0.270760834,0.827098787,-0.354368150,0.000000000,0.000000000,-0.000000000,0.000000000,0.000000000
117,2.339999,B,yup,gripper_r_palm_body_w,vel,0.000000000,0.000000000,-0.000000000,-0.262413859,-0.554039240,-1.062036872,0.000000000,0.000000000
118,2.359999,B,yup,gripper_l_finger1_body_p,pos,-1.393360138,0.816720009,0.376398563,1.000000000,0.000000000,0.000000000,0.000000000,0.000000000
118,2.359999,B,yup,gripper_l_finger1_body_q,pos,0.000000000,0.000000000,-0.000000000,0.844107436,-0.032519154,-0.534923192,0.016802346,0.000000000
118,2.359999,B,yup,gripper_l_finger1_body_v,vel,-0.003022651,0.002380503,0.082204439,0.000000000,0.000000000,-0.000000000,0.000000000,0.000000000
118,2.359999,B,yup,gripper_l_finger1_body_w,vel,0.000000000,0.000000000,-0.000000000,-0.009837735,-0.097519942,-0.004277077,0.000000000,0.000000000
118,2.359999,B,yup,gripper_l_finger2_body_p,pos,-1.288819313,0.801482797,0.368963242,1.000000000,0.000000000,0.000000000,0.000000000,0.000000000
118,2.359999,B,yup,gripper_l_finger2_body_q,pos,0.000000000,0.000000000,-0.000000000,-0.016796917,-0.534785989,0.032522112,0.844194363,0.000000000
118,2.359999,B,yup,gripper_l_finger2_body_v,vel,-0.003020761,0.002378828,0.082181349,0.000000000,0.000000000,-0.000000000,0.000000000,0.000000000
118,2.359999,B,yup,gripper_l_finger2_body_w,vel,0.000000000,0.000000000,-0.000000000,-0.009837897,-0.097494721,-0.004278919,0.000000000,0.000000000
118,2.359999,B,yup,gripper_l_palm_body_p,pos,-1.145450592,0.811143517,0.356559277,1.000000000,0.000000000,0.000000000,0.000000000,0.000000000
118,2.359999,B,yup,gripper_l_palm_body_q,pos,0.000000000,0.000000000,-0.000000000,0.573910126,-0.619901302,-0.390076996,-0.366318823,0.000000000
118,2.359999,B,yup,gripper_l_palm_body_v,vel,-0.003022995,0.002381436,0.082217239,0.000000000,0.000000000,-0.000000000,0.000000000,0.000000000
118,2.359999,B,yup,gripper_l_palm_body_w,vel,0.000000000,0.000000000,-0.000000000,-0.009837646,-0.097533703,-0.004276071,0.000000000,0.000000000
118,2.359999,B,yup,gripper_r_finger1_body_p,pos,1.187341690,0.613791883,0.282792091,1.000000000,0.000000000,0.000000000,0.000000000,0.000000000
118,2.359999,B,yup,gripper_r_finger1_body_q,pos,0.000000000,0.000000000,-0.000000000,0.895272314,-0.086368106,0.358359754,0.250212550,0.000000000
118,2.359999,B,yup,gripper_r_finger1_body_v,vel,-0.286218792,0.856430531,-0.366739869,0.000000000,0.000000000,-0.000000000,0.000000000,0.000000000
118,2.359999,B,yup,gripper_r_finger1_body_w,vel,0.000000000,0.000000000,-0.000000000,-0.269966483,-0.569998682,-1.110568285,0.000000000,0.000000000
118,2.359999,B,yup,gripper_r_finger2_body_p,pos,1.301980019,0.515407979,0.280737400,1.000000000,0.000000000,0.000000000,0.000000000,0.000000000
118,2.359999,B,yup,gripper_r_finger2_body_q,pos,0.000000000,0.000000000,-0.000000000,-0.250224797,0.358233538,0.086333080,0.895322781,0.000000000
118,2.359999,B,yup,gripper_r_finger2_body_v,vel,-0.286220819,0.856432259,-0.366757959,0.000000000,0.000000000,-0.000000000,0.000000000,0.000000000
118,2.359999,B,yup,gripper_r_finger2_body_w,vel,0.000000000,0.000000000,-0.000000000,-0.269981116,-0.570023358,-1.110569000,0.000000000,0.000000000
118,2.359999,B,yup,gripper_r_palm_body_p,pos,1.084113598,0.600709856,0.300344944,1.000000000,0.000000000,0.000000000,0.000000000,0.000000000
118,2.359999,B,yup,gripper_r_palm_body_q,pos,0.000000000,0.000000000,-0.000000000,0.572010732,-0.694129836,0.076424540,0.430286861,0.000000000
118,2.359999,B,yup,gripper_r_palm_body_v,vel,-0.286209524,0.856423855,-0.366700083,0.000000000,0.000000000,-0.000000000,0.000000000,0.000000000
118,2.359999,B,yup,gripper_r_palm_body_w,vel,0.000000000,0.000000000,-0.000000000,-0.269933760,-0.569943547,-1.110566616,0.000000000,0.000000000
119,2.379999,B,yup,gripper_l_finger1_body_p,pos,-1.393301487,0.816778064,0.376040459,1.000000000,0.000000000,0.000000000,0.000000000,0.000000000
119,2.379999,B,yup,gripper_l_finger1_body_q,pos,0.000000000,0.000000000,-0.000000000,0.844628026,-0.032522932,-0.534098801,0.016859008,0.000000000
119,2.379999,B,yup,gripper_l_finger1_body_v,vel,0.000308484,0.003212032,0.079968430,0.000000000,0.000000000,-0.000000000,0.000000000,0.000000000
119,2.379999,B,yup,gripper_l_finger1_body_w,vel,0.000000000,0.000000000,-0.000000000,-0.002947119,-0.097853810,0.003024569,0.000000000,0.000000000
119,2.379999,B,yup,gripper_l_finger2_body_p,pos,-1.288584709,0.801534534,0.368691921,1.000000000,0.000000000,0.000000000,0.000000000,0.000000000
119,2.379999,B,yup,gripper_l_finger2_body_q,pos,0.000000000,0.000000000,-0.000000000,-0.016853576,-0.533961467,0.032525900,0.844714848,0.000000000
119,2.379999,B,yup,gripper_l_finger2_body_v,vel,0.000310506,0.003209647,0.079935640,0.000000000,0.000000000,-0.000000000,0.000000000,0.000000000
119,2.379999,B,yup,gripper_l_finger2_body_w,vel,0.000000000,0.000000000,-0.000000000,-0.002947343,-0.097818077,0.003021955,0.000000000,0.000000000
119,2.379999,B,yup,gripper_l_palm_body_p,pos,-1.145399094,0.811199307,0.356446743,1.000000000,0.000000000,0.000000000,0.000000000,0.000000000
119,2.379999,B,yup,gripper_l_palm_body_q,pos,0.000000000,0.000000000,-0.000000000,0.574275650,-0.620272213,-0.389533844,-0.365695562,0.000000000
119,2.379999,B,yup,gripper_l_palm_body_v,vel,0.000308498,0.003212056,0.079968743,0.000000000,0.000000000,-0.000000000,0.000000000,0.000000000
119,2.379999,B,yup,gripper_l_palm_body_w,vel,0.000000000,0.000000000,-0.000000000,-0.002947117,-0.097854070,0.003024588,0.000000000,0.000000000
119,2.379999,B,yup,gripper_r_finger1_body_p,pos,1.188462734,0.610935509,0.283970356,1.000000000,0.000000000,0.000000000,0.000000000,0.000000000
119,2.379999,B,yup,gripper_r_finger1_body_q,pos,0.000000000,0.000000000,-0.000000000,0.890060208,-0.091233970,0.363236819,0.259861889,0.000000000
119,2.379999,B,yup,gripper_r_finger1_body_v,vel,-0.296288460,0.861461222,-0.376847357,0.000000000,0.000000000,-0.000000000,0.000000000,0.000000000
119,2.379999,B,yup,gripper_r_finger1_body_w,vel,0.000000000,0.000000000,-0.000000000,-0.277022302,-0.581988871,-1.131764412,0.000000000,0.000000000
119,2.379999,B,yup,gripper_r_finger2_body_p,pos,1.301038742,0.511722982,0.282815456,1.000000000,0.000000000,0.000000000,0.000000000,0.000000000
119,2.379999,B,yup,gripper_r_finger2_body_q,pos,0.000000000,0.000000000,-0.000000000,-0.259875030,0.363109351,0.091197014,0.890112168,0.000000000
119,2.379999,B,yup,gripper_r_finger2_body_v,vel,-0.296294302,0.861466050,-0.376885086,0.000000000,0.000000000,-0.000000000,0.000000000,0.000000000
119,2.379999,B,yup,gripper_r_finger2_body_w,vel,0.000000000,0.000000000,-0.000000000,-0.277055055,-0.582041383,-1.131765962,0.000000000,0.000000000
119,2.379999,B,yup,gripper_r_palm_body_p,pos,1.084116936,0.599413335,0.300967693,1.000000000,0.000000000,0.000000000,0.000000000,0.000000000
119,2.379999,B,yup,gripper_r_palm_body_q,pos,0.000000000,0.000000000,-0.000000000,0.564885539,-0.693884844,0.073049545,0.440558639,0.000000000
119,2.379999,B,yup,gripper_r_palm_body_v,vel,-0.296280831,0.861455500,-0.376816392,0.000000000,0.000000000,-0.000000000,0.000000000,0.000000000
119,2.379999,B,yup,gripper_r_palm_body_w,vel,0.000000000,0.000000000,-0.000000000,-0.276995420,-0.581945717,-1.131763101,0.000000000,0.000000000
120,2.399999,B,yup,gripper_l_finger1_body_p,pos,-1.393237591,0.816694736,0.375693798,1.000000000,0.000000000,0.000000000,0.000000000,0.000000000
120,2.399999,B,yup,gripper_l_finger1_body_q,pos,0.000000000,0.000000000,-0.000000000,0.845151824,-0.032528456,-0.533270831,0.016808184,0.000000000
120,2.399999,B,yup,gripper_l_finger1_body_v,vel,0.005004199,0.005326718,0.078397743,0.000000000,0.000000000,-0.000000000,0.000000000,0.000000000
120,2.399999,B,yup,gripper_l_finger1_body_w,vel,0.000000000,0.000000000,-0.000000000,0.001961191,-0.097702675,0.013353067,0.000000000,0.000000000
120,2.399999,B,yup,gripper_l_finger2_body_p,pos,-1.288340569,0.801462889,0.368429661,1.000000000,0.000000000,0.000000000,0.000000000,0.000000000
120,2.399999,B,yup,gripper_l_finger2_body_q,pos,0.000000000,0.000000000,-0.000000000,-0.016802751,-0.533133392,0.032531414,0.845238523,0.000000000
120,2.399999,B,yup,gripper_l_finger2_body_v,vel,0.005006200,0.005323854,0.078358397,0.000000000,0.000000000,-0.000000000,0.000000000,0.000000000
120,2.399999,B,yup,gripper_l_finger2_body_w,vel,0.000000000,0.000000000,-0.000000000,0.001960921,-0.097659841,0.013349934,0.000000000,0.000000000
120,2.399999,B,yup,gripper_l_palm_body_p,pos,-1.145341873,0.811136246,0.356345177,1.000000000,0.000000000,0.000000000,0.000000000,0.000000000
120,2.399999,B,yup,gripper_l_palm_body_q,pos,0.000000000,0.000000000,-0.000000000,0.574642178,-0.620646535,-0.388912260,-0.365145861,0.000000000
120,2.399999,B,yup,gripper_l_palm_body_v,vel,0.005004537,0.005325941,0.078387082,0.000000000,0.000000000,-0.000000000,0.000000000,0.000000000
120,2.399999,B,yup,gripper_l_palm_body_w,vel,0.000000000,0.000000000,-0.000000000,0.001961118,-0.097691059,0.013352217,0.000000000,0.000000000
120,2.399999,B,yup,gripper_r_finger1_body_p,pos,1.189429760,0.607767761,0.285143375,1.000000000,0.000000000,0.000000000,0.000000000,0.000000000
120,2.399999,B,yup,gripper_r_finger1_body_q,pos,0.000000000,0.000000000,-0.000000000,0.884603450,-0.096191667,0.368142964,0.269619466,0.000000000
120,2.399999,B,yup,gripper_r_finger1_body_v,vel,-0.305541486,0.863799989,-0.383452296,0.000000000,0.000000000,-0.000000000,0.000000000,0.000000000
120,2.399999,B,yup,gripper_r_finger1_body_w,vel,0.000000000,0.000000000,-0.000000000,-0.284992725,-0.589522243,-1.150274038,0.000000000,0.000000000
120,2.399999,B,yup,gripper_r_finger2_body_p,pos,1.299879074,0.507769406,0.284886837,1.000000000,0.000000000,0.000000000,0.000000000,0.000000000
120,2.399999,B,yup,gripper_r_finger2_body_q,pos,0.000000000,0.000000000,-0.000000000,-0.269633503,0.368014487,0.096152761,0.884656859,0.000000000
120,2.399999,B,yup,gripper_r_finger2_body_v,vel,-0.305550933,0.863808095,-0.383508503,0.000000000,0.000000000,-0.000000000,0.000000000,0.000000000
120,2.399999,B,yup,gripper_r_finger2_body_w,vel,0.000000000,0.000000000,-0.000000000,-0.285044342,-0.589601040,-1.150276780,0.000000000,0.000000000
120,2.399999,B,yup,gripper_r_palm_body_p,pos,1.083990574,0.597861111,0.301553726,1.000000000,0.000000000,0.000000000,0.000000000,0.000000000
120,2.399999,B,yup,gripper_r_palm_body_q,pos,0.000000000,0.000000000,-0.000000000,0.557522431,-0.693531756,0.069618628,0.450927588,0.000000000
120,2.399999,B,yup,gripper_r_palm_body_v,vel,-0.305534840,0.863794744,-0.383426398,0.000000000,0.000000000,-0.000000000,0.000000000,0.000000000
120,2.399999,B,yup,gripper_r_palm_body_w,vel,0.000000000,0.000000000,-0.000000000,-0.284968972,-0.589486003,-1.150272846,0.000000000,0.000000000
121,2.419999,B,yup,gripper_l_finger1_body_p,pos,-1.393168926,0.816463232,0.375361443,1.000000000,0.000000000,0.000000000,0.000000000,0.000000000
121,2.419999,B,yup,gripper_l_finger1_body_q,pos,0.000000000,0.000000000,-0.000000000,0.845675825,-0.032573059,-0.532441437,0.016658660,0.000000000
121,2.419999,B,yup,gripper_l_finger1_body_v,vel,0.009427126,0.007988899,0.077914678,0.000000000,0.000000000,-0.000000000,0.000000000,0.000000000
121,2.419999,B,yup,gripper_l_finger1_body_w,vel,0.000000000,0.000000000,-0.000000000,0.003518326,-0.097163431,0.023111217,0.000000000,0.000000000
121,2.419999,B,yup,gripper_l_finger2_body_p,pos,-1.288086414,0.801255941,0.368180752,1.000000000,0.000000000,0.000000000,0.000000000,0.000000000
121,2.419999,B,yup,gripper_l_finger2_body_q,pos,0.000000000,0.000000000,-0.000000000,-0.016653221,-0.532303931,0.032575991,0.845762378,0.000000000
121,2.419999,B,yup,gripper_l_finger2_body_v,vel,0.009428972,0.007985858,0.077872865,0.000000000,0.000000000,-0.000000000,0.000000000,0.000000000
121,2.419999,B,yup,gripper_l_finger2_body_w,vel,0.000000000,0.000000000,-0.000000000,0.003518028,-0.097117878,0.023107890,0.000000000,0.000000000
121,2.419999,B,yup,gripper_l_palm_body_p,pos,-1.145278454,0.810950994,0.356256962,1.000000000,0.000000000,0.000000000,0.000000000,0.000000000
121,2.419999,B,yup,gripper_l_palm_body_q,pos,0.000000000,0.000000000,-0.000000000,0.574981145,-0.621048568,-0.388219981,-0.364665060,0.000000000
121,2.419999,B,yup,gripper_l_palm_body_v,vel,0.009427696,0.007987578,0.077896535,0.000000000,0.000000000,-0.000000000,0.000000000,0.000000000
121,2.419999,B,yup,gripper_l_palm_body_w,vel,0.000000000,0.000000000,-0.000000000,0.003518197,-0.097143702,0.023109775,0.000000000,0.000000000
121,2.419999,B,yup,gripper_r_finger1_body_p,pos,1.190228462,0.604291975,0.286306381,1.000000000,0.000000000,0.000000000,0.000000000,0.000000000
121,2.419999,B,yup,gripper_r_finger1_body_q,pos,0.000000000,0.000000000,-0.000000000,0.878902087,-0.101265677,0.373043956,0.279489876,0.000000000
121,2.419999,B,yup,gripper_r_finger1_body_v,vel,-0.314843059,0.870044708,-0.387427807,0.000000000,0.000000000,-0.000000000,0.000000000,0.000000000
121,2.419999,B,yup,gripper_r_finger1_body_w,vel,0.000000000,0.000000000,-0.000000000,-0.294121593,-0.594012558,-1.172458291,0.000000000,0.000000000
121,2.419999,B,yup,gripper_r_finger2_body_p,pos,1.298490524,0.503553689,0.286942005,1.000000000,0.000000000,0.000000000,0.000000000,0.000000000
121,2.419999,B,yup,gripper_r_finger2_body_q,pos,0.000000000,0.000000000,-0.000000000,-0.279504866,0.372914613,0.101224803,0.878956916,0.000000000
121,2.419999,B,yup,gripper_r_finger2_body_v,vel,-0.314855278,0.870055735,-0.387498468,0.000000000,0.000000000,-0.000000000,0.000000000,0.000000000
121,2.419999,B,yup,gripper_r_finger2_body_w,vel,0.000000000,0.000000000,-0.000000000,-0.294190079,-0.594112039,-1.172461987,0.000000000,0.000000000
121,2.419999,B,yup,gripper_r_palm_body_p,pos,1.083731651,0.596060455,0.302099705,1.000000000,0.000000000,0.000000000,0.000000000,0.000000000
121,2.419999,B,yup,gripper_r_palm_body_q,pos,0.000000000,0.000000000,-0.000000000,0.549904114,-0.693087937,0.066104286,0.461372734,0.000000000
121,2.419999,B,yup,gripper_r_palm_body_v,vel,-0.314836621,0.870039403,-0.387403369,0.000000000,0.000000000,-0.000000000,0.000000000,0.000000000
121,2.419999,B,yup,gripper_r_palm_body_w,vel,0.000000000,0.000000000,-0.000000000,-0.294097930,-0.593978226,-1.172456980,0.000000000,0.000000000
122,2.439999,B,yup,gripper_l_finger1_body_p,pos,-1.393096447,0.816128850,0.375041008,1.000000000,0.000000000,0.000000000,0.000000000,0.000000000
122,2.439999,B,yup,gripper_l_finger1_body_q,pos,0.000000000,0.000000000,-0.000000000,0.846197042,-0.032673105,-0.531612985,0.016451996,0.000000000
122,2.439999,B,yup,gripper_l_finger1_body_v,vel,0.011971122,0.009966612,0.078412168,0.000000000,0.000000000,-0.000000000,0.000000000,0.000000000
122,2.439999,B,yup,gripper_l_finger1_body_w,vel,0.000000000,0.000000000,-0.000000000,0.001928443,-0.096476138,0.028728154,0.000000000,0.000000000
122,2.439999,B,yup,gripper_l_finger2_body_p,pos,-1.287826538,0.800950050,0.367945194,1.000000000,0.000000000,0.000000000,0.000000000,0.000000000
122,2.439999,B,yup,gripper_l_finger2_body_q,pos,0.000000000,0.000000000,-0.000000000,-0.016446542,-0.531475361,0.032676007,0.846283481,0.000000000
122,2.439999,B,yup,gripper_l_finger2_body_v,vel,0.011972722,0.009963789,0.078373343,0.000000000,0.000000000,-0.000000000,0.000000000,0.000000000
122,2.439999,B,yup,gripper_l_finger2_body_w,vel,0.000000000,0.000000000,-0.000000000,0.001928150,-0.096433751,0.028725060,0.000000000,0.000000000
122,2.439999,B,yup,gripper_l_palm_body_p,pos,-1.145210743,0.810682535,0.356179714,1.000000000,0.000000000,0.000000000,0.000000000,0.000000000
122,2.439999,B,yup,gripper_l_palm_body_q,pos,0.000000000,0.000000000,-0.000000000,0.575278906,-0.621487744,-0.387488072,-0.364225422,0.000000000
122,2.439999,B,yup,gripper_l_palm_body_v,vel,0.011971727,0.009965251,0.078393467,0.000000000,0.000000000,-0.000000000,0.000000000,0.000000000
122,2.439999,B,yup,gripper_l_palm_body_w,vel,0.000000000,0.000000000,-0.000000000,0.001928302,-0.096455753,0.028726667,0.000000000,0.000000000
122,2.439999,B,yup,gripper_r_finger1_body_p,pos,1.190853119,0.600530565,0.287460327,1.000000000,0.000000000,0.000000000,0.000000000,0.000000000
122,2.439999,B,yup,gripper_r_finger1_body_q,pos,0.000000000,0.000000000,-0.000000000,0.872951764,-0.106484161,0.377910379,0.289482447,0.000000000
122,2.439999,B,yup,gripper_r_finger1_body_v,vel,-0.323455393,0.879014969,-0.388393939,0.000000000,0.000000000,-0.000000000,0.000000000,0.000000000
122,2.439999,B,yup,gripper_r_finger1_body_w,vel,0.000000000,0.000000000,-0.000000000,-0.304747403,-0.595482886,-1.196037531,0.000000000,0.000000000
122,2.439999,B,yup,gripper_r_finger2_body_p,pos,1.296867847,0.499101341,0.288980007,1.000000000,0.000000000,0.000000000,0.000000000,0.000000000
122,2.439999,B,yup,gripper_r_finger2_body_q,pos,0.000000000,0.000000000,-0.000000000,-0.289498387,0.377780316,0.106441296,0.873008000,0.000000000
122,2.439999,B,yup,gripper_r_finger2_body_v,vel,-0.323471308,0.879030108,-0.388482720,0.000000000,0.000000000,-0.000000000,0.000000000,0.000000000
122,2.439999,B,yup,gripper_r_finger2_body_w,vel,0.000000000,0.000000000,-0.000000000,-0.304838330,-0.595608532,-1.196042657,0.000000000,0.000000000
122,2.439999,B,yup,gripper_r_palm_body_p,pos,1.083345890,0.594038785,0.302608967,1.000000000,0.000000000,0.000000000,0.000000000,0.000000000
122,2.439999,B,yup,gripper_r_palm_body_q,pos,0.000000000,0.000000000,-0.000000000,0.542007562,-0.692570268,0.062479146,0.471879839,0.000000000
122,2.439999,B,yup,gripper_r_palm_body_v,vel,-0.323450148,0.879010379,-0.388375014,0.000000000,0.000000000,-0.000000000,0.000000000,0.000000000
122,2.439999,B,yup,gripper_r_palm_body_w,vel,0.000000000,0.000000000,-0.000000000,-0.304728031,-0.595456123,-1.196036458,0.000000000,0.000000000
123,2.459999,B,yup,gripper_l_finger1_body_p,pos,-1.393022537,0.815767169,0.374726772,1.000000000,0.000000000,0.000000000,0.000000000,0.000000000
123,2.459999,B,yup,gripper_l_finger1_body_q,pos,0.000000000,0.000000000,-0.000000000,0.846713810,-0.032819218,-0.530786864,0.016245844,0.000000000
123,2.459999,B,yup,gripper_l_finger1_body_v,vel,0.011879599,0.010373338,0.079462610,0.000000000,0.000000000,-0.000000000,0.000000000,0.000000000
123,2.459999,B,yup,gripper_l_finger1_body_w,vel,0.000000000,0.000000000,-0.000000000,-0.001535224,-0.095906928,0.028512292,0.000000000,0.000000000
123,2.459999,B,yup,gripper_l_finger2_body_p,pos,-1.287564754,0.800611973,0.367716789,1.000000000,0.000000000,0.000000000,0.000000000,0.000000000
123,2.459999,B,yup,gripper_l_finger2_body_q,pos,0.000000000,0.000000000,-0.000000000,-0.016240367,-0.530649238,0.032822083,0.846800063,0.000000000
123,2.459999,B,yup,gripper_l_finger2_body_v,vel,0.011880866,0.010371177,0.079432882,0.000000000,0.000000000,-0.000000000,0.000000000,0.000000000
123,2.459999,B,yup,gripper_l_finger2_body_w,vel,0.000000000,0.000000000,-0.000000000,-0.001535464,-0.095874332,0.028509911,0.000000000,0.000000000
123,2.459999,B,yup,gripper_l_palm_body_p,pos,-1.145141602,0.810393214,0.356107235,1.000000000,0.000000000,0.000000000,0.000000000,0.000000000
123,2.459999,B,yup,gripper_l_palm_body_q,pos,0.000000000,0.000000000,-0.000000000,0.575540852,-0.621956352,-0.386758240,-0.363787146,0.000000000
123,2.459999,B,yup,gripper_l_palm_body_v,vel,0.011880009,0.010372485,0.079450883,0.000000000,0.000000000,-0.000000000,0.000000000,0.000000000
123,2.459999,B,yup,gripper_l_palm_body_w,vel,0.000000000,0.000000000,-0.000000000,-0.001535319,-0.095894039,0.028511351,0.000000000,0.000000000
123,2.459999,B,yup,gripper_r_finger1_body_p,pos,1.191307545,0.596516073,0.288602829,1.000000000,0.000000000,0.000000000,0.000000000,0.000000000
123,2.459999,B,yup,gripper_r_finger1_body_q,pos,0.000000000,0.000000000,-0.000000000,0.866745132,-0.111856327,0.382734660,0.299591753,0.000000000
123,2.459999,B,yup,gripper_r_finger1_body_v,vel,-0.331165284,0.889161170,-0.390036017,0.000000000,0.000000000,-0.000000000,0.000000000,0.000000000
123,2.459999,B,yup,gripper_r_finger1_body_w,vel,0.000000000,0.000000000,-0.000000000,-0.315337241,-0.597251594,-1.219069839,0.000000000,0.000000000
123,2.459999,B,yup,gripper_r_finger2_body_p,pos,1.295017719,0.494449437,0.290997028,1.000000000,0.000000000,0.000000000,0.000000000,0.000000000
123,2.459999,B,yup,gripper_r_finger2_body_q,pos,0.000000000,0.000000000,-0.000000000,-0.299608707,0.382603883,0.111811392,0.866802806,0.000000000
123,2.459999,B,yup,gripper_r_finger2_body_v,vel,-0.331181645,0.889177680,-0.390127748,0.000000000,0.000000000,-0.000000000,0.000000000,0.000000000
123,2.459999,B,yup,gripper_r_finger2_body_w,vel,0.000000000,0.000000000,-0.000000000,-0.315436572,-0.597382128,-1.219075680,0.000000000,0.000000000
123,2.459999,B,yup,gripper_r_palm_body_p,pos,1.082842827,0.591830194,0.303078175,1.000000000,0.000000000,0.000000000,0.000000000,0.000000000
123,2.459999,B,yup,gripper_r_palm_body_q,pos,0.000000000,0.000000000,-0.000000000,0.533821263,-0.691979998,0.058741562,0.482439603,0.000000000
123,2.459999,B,yup,gripper_r_palm_body_v,vel,-0.331158817,0.889155149,-0.390011817,0.000000000,0.000000000,-0.000000000,0.000000000,0.000000000
123,2.459999,B,yup,gripper_r_palm_body_w,vel,0.000000000,0.000000000,-0.000000000,-0.315311044,-0.597217143,-1.219068289,0.000000000,0.000000000
124,2.479999,B,yup,gripper_l_finger1_body_p,pos,-1.392949581,0.815448523,0.374411106,1.000000000,0.000000000,0.000000000,0.000000000,0.000000000
124,2.479999,B,yup,gripper_l_finger1_body_q,pos,0.000000000,0.000000000,-0.000000000,0.847225695,-0.032987591,-0.529963978,0.016081736,0.000000000
124,2.479999,B,yup,gripper_l_finger1_body_v,vel,0.009927215,0.009787703,0.080451533,0.000000000,0.000000000,-0.000000000,0.000000000,0.000000000
124,2.479999,B,yup,gripper_l_finger1_body_w,vel,0.000000000,0.000000000,-0.000000000,-0.005120740,-0.095558509,0.024200084,0.000000000,0.000000000
124,2.479999,B,yup,gripper_l_finger2_body_p,pos,-1.287305832,0.800307512,0.367489815,1.000000000,0.000000000,0.000000000,0.000000000,0.000000000
124,2.479999,B,yup,gripper_l_finger2_body_q,pos,0.000000000,0.000000000,-0.000000000,-0.016076233,-0.529826337,0.032990429,0.847311772,0.000000000
124,2.479999,B,yup,gripper_l_finger2_body_v,vel,0.009928268,0.009786163,0.080430374,0.000000000,0.000000000,-0.000000000,0.000000000,0.000000000
124,2.479999,B,yup,gripper_l_finger2_body_w,vel,0.000000000,0.000000000,-0.000000000,-0.005120920,-0.095535211,0.024198379,0.000000000,0.000000000
124,2.479999,B,yup,gripper_l_palm_body_p,pos,-1.145073891,0.810141325,0.356033802,1.000000000,0.000000000,0.000000000,0.000000000,0.000000000
124,2.479999,B,yup,gripper_l_palm_body_q,pos,0.000000000,0.000000000,-0.000000000,0.575783639,-0.622437230,-0.386060412,-0.363321419,0.000000000
124,2.479999,B,yup,gripper_l_palm_body_v,vel,0.009927376,0.009787451,0.080448069,0.000000000,0.000000000,-0.000000000,0.000000000,0.000000000
124,2.479999,B,yup,gripper_l_palm_body_w,vel,0.000000000,0.000000000,-0.000000000,-0.005120770,-0.095554568,0.024199797,0.000000000,0.000000000
124,2.479999,B,yup,gripper_r_finger1_body_p,pos,1.191596508,0.592285335,0.289730072,1.000000000,0.000000000,0.000000000,0.000000000,0.000000000
124,2.479999,B,yup,gripper_r_finger1_body_q,pos,0.000000000,0.000000000,-0.000000000,0.860287743,-0.117376261,0.387503776,0.309788051,0.000000000
124,2.479999,B,yup,gripper_r_finger1_body_v,vel,-0.337290794,0.898013651,-0.390098631,0.000000000,0.000000000,-0.000000000,0.000000000,0.000000000
124,2.479999,B,yup,gripper_r_finger1_body_w,vel,0.000000000,0.000000000,-0.000000000,-0.326038569,-0.597011983,-1.238627553,0.000000000,0.000000000
124,2.479999,B,yup,gripper_r_finger2_body_p,pos,1.292948246,0.489640892,0.292988300,1.000000000,0.000000000,0.000000000,0.000000000,0.000000000
124,2.479999,B,yup,gripper_r_finger2_body_q,pos,0.000000000,0.000000000,-0.000000000,-0.309806049,0.387372375,0.117329210,0.860346855,0.000000000
124,2.479999,B,yup,gripper_r_finger2_body_v,vel,-0.337308973,0.898033082,-0.390199155,0.000000000,0.000000000,-0.000000000,0.000000000,0.000000000
124,2.479999,B,yup,gripper_r_finger2_body_w,vel,0.000000000,0.000000000,-0.000000000,-0.326153696,-0.597155988,-1.238634586,0.000000000,0.000000000
124,2.479999,B,yup,gripper_r_palm_body_p,pos,1.082231998,0.589468420,0.303504944,1.000000000,0.000000000,0.000000000,0.000000000,0.000000000
124,2.479999,B,yup,gripper_r_palm_body_q,pos,0.000000000,0.000000000,-0.000000000,0.525353180,-0.691316899,0.054903410,0.493021903,0.000000000
124,2.479999,B,yup,gripper_r_palm_body_v,vel,-0.337284535,0.898007512,-0.390075535,0.000000000,0.000000000,-0.000000000,0.000000000,0.000000000
124,2.479999,B,yup,gripper_r_palm_body_w,vel,0.000000000,0.000000000,-0.000000000,-0.326012135,-0.596978903,-1.238625884,0.000000000,0.000000000
125,2.499999,B,yup,gripper_l_finger1_body_p,pos,-1.392878532,0.815214872,0.374089718,1.000000000,0.000000000,0.000000000,0.000000000,0.000000000
125,2.499999,B,yup,gripper_l_finger1_body_q,pos,0.000000000,0.000000000,-0.000000000,0.847733659,-0.033151451,-0.529143985,0.015977109,0.000000000
125,2.499999,B,yup,gripper_l_finger1_body_v,vel,0.007101127,0.008599011,0.080982871,0.000000000,0.000000000,-0.000000000,0.000000000,0.000000000
125,2.499999,B,yup,gripper_l_finger1_body_w,vel,0.000000000,0.000000000,-0.000000000,-0.007472507,-0.095492266,0.017986041,0.000000000,0.000000000
125,2.499999,B,yup,gripper_l_finger2_body_p,pos,-1.287052155,0.800078392,0.367257595,1.000000000,0.000000000,0.000000000,0.000000000,0.000000000
125,2.499999,B,yup,gripper_l_finger2_body_q,pos,0.000000000,0.000000000,-0.000000000,-0.015971580,-0.529006240,0.033154271,0.847819616,0.000000000
125,2.499999,B,yup,gripper_l_finger2_body_v,vel,0.007102205,0.008597719,0.080965132,0.000000000,0.000000000,-0.000000000,0.000000000,0.000000000
125,2.499999,B,yup,gripper_l_finger2_body_w,vel,0.000000000,0.000000000,-0.000000000,-0.007472664,-0.095472679,0.017984604,0.000000000,0.000000000
125,2.499999,B,yup,gripper_l_palm_body_p,pos,-1.145009518,0.809961319,0.355953693,1.000000000,0.000000000,0.000000000,0.000000000,0.000000000
125,2.499999,B,yup,gripper_l_palm_body_q,pos,0.000000000,0.000000000,-0.000000000,0.576026898,-0.622912164,-0.385406640,-0.362815616,0.000000000
125,2.499999,B,yup,gripper_l_palm_body_v,vel,0.007101109,0.008599180,0.080985174,0.000000000,0.000000000,-0.000000000,0.000000000,0.000000000
125,2.499999,B,yup,gripper_l_palm_body_w,vel,0.000000000,0.000000000,-0.000000000,-0.007472489,-0.095494583,0.017986210,0.000000000,0.000000000
125,2.499999,B,yup,gripper_r_finger1_body_p,pos,1.191720486,0.587872922,0.290841103,1.000000000,0.000000000,0.000000000,0.000000000,0.000000000
125,2.499999,B,yup,gripper_r_finger1_body_q,pos,0.000000000,0.000000000,-0.000000000,0.853593489,-0.123033003,0.392202381,0.320028636,0.000000000
125,2.499999,B,yup,gripper_r_finger1_body_v,vel,-0.341778427,0.904602230,-0.388640553,0.000000000,0.000000000,-0.000000000,0.000000000,0.000000000
125,2.499999,B,yup,gripper_r_finger1_body_w,vel,0.000000000,0.000000000,-0.000000000,-0.336610705,-0.594748616,-1.253830671,0.000000000,0.000000000
125,2.499999,B,yup,gripper_r_finger2_body_p,pos,1.290671349,0.484717190,0.294949055,1.000000000,0.000000000,0.000000000,0.000000000,0.000000000
125,2.499999,B,yup,gripper_r_finger2_body_q,pos,0.000000000,0.000000000,-0.000000000,-0.320047736,0.392070443,0.122983798,0.853654028,0.000000000
125,2.499999,B,yup,gripper_r_finger2_body_v,vel,-0.341798544,0.904624999,-0.388750136,0.000000000,0.000000000,-0.000000000,0.000000000,0.000000000
125,2.499999,B,yup,gripper_r_finger2_body_w,vel,0.000000000,0.000000000,-0.000000000,-0.336743563,-0.594906688,-1.253839135,0.000000000,0.000000000
125,2.499999,B,yup,gripper_r_palm_body_p,pos,1.081521511,0.586983144,0.303888798,1.000000000,0.000000000,0.000000000,0.000000000,0.000000000
125,2.499999,B,yup,gripper_r_palm_body_q,pos,0.000000000,0.000000000,-0.000000000,0.516620980,-0.690583004,0.050984063,0.503585646,0.000000000
125,2.499999,B,yup,gripper_r_palm_body_v,vel,-0.341772795,0.904596388,-0.388620257,0.000000000,0.000000000,-0.000000000,0.000000000,0.000000000
125,2.499999,B,yup,gripper_r_palm_body_w,vel,0.000000000,0.000000000,-0.000000000,-0.336586207,-0.594719410,-1.253829122,0.000000000,0.000000000
126,2.519999,B,yup,gripper_l_finger1_body_p,pos,-1.392809868,0.815074444,0.373759270,1.000000000,0.000000000,0.000000000,0.000000000,0.000000000
126,2.519999,B,yup,gripper_l_finger1_body_q,pos,0.000000000,0.000000000,-0.000000000,0.848239555,-0.033287361,-0.528325502,0.015930286,0.000000000
126,2.519999,B,yup,gripper_l_finger1_body_v,vel,0.004323938,0.007040232,0.080924086,0.000000000,0.000000000,-0.000000000,0.000000000,0.000000000
126,2.519999,B,yup,gripper_l_finger1_body_w,vel,0.000000000,0.000000000,-0.000000000,-0.007977370,-0.095672548,0.011871166,0.000000000,0.000000000
126,2.519999,B,yup,gripper_l_finger2_body_p,pos,-1.286804199,0.799935579,0.367017746,1.000000000,0.000000000,0.000000000,0.000000000,0.000000000
126,2.519999,B,yup,gripper_l_finger2_body_q,pos,0.000000000,0.000000000,-0.000000000,-0.015924735,-0.528187691,0.033290178,0.848325368,0.000000000
126,2.519999,B,yup,gripper_l_finger2_body_v,vel,0.004325185,0.007038865,0.080905356,0.000000000,0.000000000,-0.000000000,0.000000000,0.000000000
126,2.519999,B,yup,gripper_l_finger2_body_w,vel,0.000000000,0.000000000,-0.000000000,-0.007977539,-0.095651910,0.011869648,0.000000000,0.000000000
126,2.519999,B,yup,gripper_l_palm_body_p,pos,-1.144948959,0.809858680,0.355865002,1.000000000,0.000000000,0.000000000,0.000000000,0.000000000
126,2.519999,B,yup,gripper_l_palm_body_q,pos,0.000000000,0.000000000,-0.000000000,0.576288444,-0.623365934,-0.384794769,-0.362269965,0.000000000
126,2.519999,B,yup,gripper_l_palm_body_v,vel,0.004323849,0.007040554,0.080928475,0.000000000,0.000000000,-0.000000000,0.000000000,0.000000000
126,2.519999,B,yup,gripper_l_palm_body_w,vel,0.000000000,0.000000000,-0.000000000,-0.007977333,-0.095677145,0.011871504,0.000000000,0.000000000
126,2.519999,B,yup,gripper_r_finger1_body_p,pos,1.191680908,0.583309829,0.291933060,1.000000000,0.000000000,0.000000000,0.000000000,0.000000000
126,2.519999,B,yup,gripper_r_finger1_body_q,pos,0.000000000,0.000000000,-0.000000000,0.846681057,-0.128813803,0.396814286,0.330267489,0.000000000
126,2.519999,B,yup,gripper_r_finger1_body_v,vel,-0.344732642,0.908631563,-0.385571659,0.000000000,0.000000000,-0.000000000,0.000000000,0.000000000
126,2.519999,B,yup,gripper_r_finger1_body_w,vel,0.000000000,0.000000000,-0.000000000,-0.346979886,-0.590345740,-1.264610648,0.000000000,0.000000000
126,2.519999,B,yup,gripper_r_finger2_body_p,pos,1.288197041,0.479715168,0.296875477,1.000000000,0.000000000,0.000000000,0.000000000,0.000000000
126,2.519999,B,yup,gripper_r_finger2_body_q,pos,0.000000000,0.000000000,-0.000000000,-0.330287723,0.396681963,0.128762453,0.846742978,0.000000000
126,2.519999,B,yup,gripper_r_finger2_body_v,vel,-0.344754577,0.908657849,-0.385689229,0.000000000,0.000000000,-0.000000000,0.000000000,0.000000000
126,2.519999,B,yup,gripper_r_finger2_body_w,vel,0.000000000,0.000000000,-0.000000000,-0.347130835,-0.590516567,-1.264620781,0.000000000,0.000000000
126,2.519999,B,yup,gripper_r_palm_body_p,pos,1.080717087,0.584399045,0.304229259,1.000000000,0.000000000,0.000000000,0.000000000,0.000000000
126,2.519999,B,yup,gripper_r_palm_body_q,pos,0.000000000,0.000000000,-0.000000000,0.507646697,-0.689782565,0.047004644,0.514086965,0.000000000
126,2.519999,B,yup,gripper_r_palm_body_v,vel,-0.344727755,0.908626258,-0.385554522,0.000000000,0.000000000,-0.000000000,0.000000000,0.000000000
126,2.519999,B,yup,gripper_r_palm_body_w,vel,0.000000000,0.000000000,-0.000000000,-0.346957982,-0.590320945,-1.264609218,0.000000000,0.000000000
127,2.539999,B,yup,gripper_l_finger1_body_p,pos,-1.392742634,0.815003276,0.373421669,1.000000000,0.000000000,0.000000000,0.000000000,0.000000000
127,2.539999,B,yup,gripper_l_finger1_body_q,pos,0.000000000,0.000000000,-0.000000000,0.848745060,-0.033385102,-0.527507249,0.015917298,0.000000000
127,2.539999,B,yup,gripper_l_finger1_body_v,vel,0.002674559,0.006014346,0.080230914,0.000000000,0.000000000,-0.000000000,0.000000000,0.000000000
127,2.539999,B,yup,gripper_l_finger1_body_w,vel,0.000000000,0.000000000,-0.000000000,-0.006563921,-0.095918149,0.008247340,0.000000000,0.000000000
127,2.539999,B,yup,gripper_l_finger2_body_p,pos,-1.286560059,0.799860358,0.366770267,1.000000000,0.000000000,0.000000000,0.000000000,0.000000000
127,2.539999,B,yup,gripper_l_finger2_body_q,pos,0.000000000,0.000000000,-0.000000000,-0.015911732,-0.527369321,0.033387914,0.848830762,0.000000000
127,2.539999,B,yup,gripper_l_finger2_body_v,vel,0.002675892,0.006012976,0.080212161,0.000000000,0.000000000,-0.000000000,0.000000000,0.000000000
127,2.539999,B,yup,gripper_l_finger2_body_w,vel,0.000000000,0.000000000,-0.000000000,-0.006564090,-0.095897533,0.008245822,0.000000000,0.000000000
127,2.539999,B,yup,gripper_l_palm_body_p,pos,-1.144890785,0.809812903,0.355769157,1.000000000,0.000000000,0.000000000,0.000000000,0.000000000
127,2.539999,B,yup,gripper_l_palm_body_q,pos,0.000000000,0.000000000,-0.000000000,0.576576778,-0.623792472,-0.384206893,-0.361700477,0.000000000
127,2.539999,B,yup,gripper_l_palm_body_v,vel,0.002674425,0.006014746,0.080236360,0.000000000,0.000000000,-0.000000000,0.000000000,0.000000000
127,2.539999,B,yup,gripper_l_palm_body_w,vel,0.000000000,0.000000000,-0.000000000,-0.006563873,-0.095923923,0.008247766,0.000000000,0.000000000
127,2.539999,B,yup,gripper_r_finger1_body_p,pos,1.191477776,0.578622520,0.293003559,1.000000000,0.000000000,0.000000000,0.000000000,0.000000000
127,2.539999,B,yup,gripper_r_finger1_body_q,pos,0.000000000,0.000000000,-0.000000000,0.839570689,-0.134705587,0.401324300,0.340461848,0.000000000
127,2.539999,B,yup,gripper_r_finger1_body_v,vel,-0.346323609,0.910133362,-0.380870700,0.000000000,0.000000000,-0.000000000,0.000000000,0.000000000
127,2.539999,B,yup,gripper_r_finger1_body_w,vel,0.000000000,0.000000000,-0.000000000,-0.357010275,-0.583738267,-1.271267772,0.000000000,0.000000000
127,2.539999,B,yup,gripper_r_finger2_body_p,pos,1.285536766,0.474666297,0.298762321,1.000000000,0.000000000,0.000000000,0.000000000,0.000000000
127,2.539999,B,yup,gripper_r_finger2_body_q,pos,0.000000000,0.000000000,-0.000000000,-0.340483223,0.401191716,0.134652080,0.839633967,0.000000000
127,2.539999,B,yup,gripper_r_finger2_body_v,vel,-0.346347243,0.910163343,-0.380995482,0.000000000,0.000000000,-0.000000000,0.000000000,0.000000000
127,2.539999,B,yup,gripper_r_finger2_body_w,vel,0.000000000,0.000000000,-0.000000000,-0.357179999,-0.583921015,-1.271279454,0.000000000,0.000000000
127,2.539999,B,yup,gripper_r_palm_body_p,pos,1.079825401,0.581735909,0.304526329,1.000000000,0.000000000,0.000000000,0.000000000,0.000000000
127,2.539999,B,yup,gripper_r_palm_body_q,pos,0.000000000,0.000000000,-0.000000000,-0.498454011,0.688920643,-0.042984687,-0.524484760,0.000000000
127,2.539999,B,yup,gripper_r_palm_body_v,vel,-0.346319526,0.910128713,-0.380857199,0.000000000,0.000000000,-0.000000000,0.000000000,0.000000000
127,2.539999,B,yup,gripper_r_palm_body_w,vel,0.000000000,0.000000000,-0.000000000,-0.356992066,-0.583718717,-1.271266460,0.000000000,0.000000000
128,2.559999,B,yup,gripper_l_finger1_body_p,pos,-1.392675400,0.814958334,0.373079777,1.000000000,0.000000000,0.000000000,0.000000000,0.000000000
128,2.559999,B,yup,gripper_l_finger1_body_q,pos,0.000000000,0.000000000,-0.000000000,0.849251158,-0.033448264,-0.526688458,0.015904479,0.000000000
128,2.559999,B,yup,gripper_l_finger1_body_v,vel,0.002531589,0.005831047,0.079154633,0.000000000,0.000000000,-0.000000000,0.000000000,0.000000000
128,2.559999,B,yup,gripper_l_finger1_body_w,vel,0.000000000,0.000000000,-0.000000000,-0.003932948,-0.096086375,0.007934971,0.000000000,0.000000000
128,2.559999,B,yup,gripper_l_finger2_body_p,pos,-1.286316872,0.799814939,0.366517544,1.000000000,0.000000000,0.000000000,0.000000000,0.000000000
128,2.559999,B,yup,gripper_l_finger2_body_q,pos,0.000000000,0.000000000,-0.000000000,-0.015898902,-0.526550414,0.033451077,0.849336749,0.000000000
128,2.559999,B,yup,gripper_l_finger2_body_v,vel,0.002533031,0.005829483,0.079133257,0.000000000,0.000000000,-0.000000000,0.000000000,0.000000000
128,2.559999,B,yup,gripper_l_finger2_body_w,vel,0.000000000,0.000000000,-0.000000000,-0.003933141,-0.096062928,0.007933242,0.000000000,0.000000000
128,2.559999,B,yup,gripper_l_palm_body_p,pos,-1.144834042,0.809788465,0.355669022,1.000000000,0.000000000,0.000000000,0.000000000,0.000000000
128,2.559999,B,yup,gripper_l_palm_body_q,pos,0.000000000,0.000000000,-0.000000000,0.576889977,-0.624195035,-0.383618710,-0.361130444,0.000000000
128,2.559999,B,yup,gripper_l_palm_body_v,vel,0.002531514,0.005831298,0.079158038,0.000000000,0.000000000,-0.000000000,0.000000000,0.000000000
128,2.559999,B,yup,gripper_l_palm_body_w,vel,0.000000000,0.000000000,-0.000000000,-0.003932918,-0.096089959,0.007935235,0.000000000,0.000000000
128,2.559999,B,yup,gripper_r_finger1_body_p,pos,1.191110134,0.573834002,0.294050217,1.000000000,0.000000000,0.000000000,0.000000000,0.000000000
128,2.559999,B,yup,gripper_r_finger1_body_q,pos,0.000000000,0.000000000,-0.000000000,0.832284292,-0.140696482,0.405716840,0.350572679,0.000000000
128,2.559999,B,yup,gripper_r_finger1_body_v,vel,-0.346731067,0.909264147,-0.374540240,0.000000000,0.000000000,-0.000000000,0.000000000,0.000000000
128,2.559999,B,yup,gripper_r_finger1_body_w,vel,0.000000000,0.000000000,-0.000000000,-0.366633296,-0.574922204,-1.274214387,0.000000000,0.000000000
128,2.559999,B,yup,gripper_r_finger2_body_p,pos,1.282700539,0.469597161,0.300605297,1.000000000,0.000000000,0.000000000,0.000000000,0.000000000
128,2.559999,B,yup,gripper_r_finger2_body_q,pos,0.000000000,0.000000000,-0.000000000,-0.350595205,0.405584155,0.140640839,0.832348875,0.000000000
128,2.559999,B,yup,gripper_r_finger2_body_v,vel,-0.346756220,0.909297884,-0.374670982,0.000000000,0.000000000,-0.000000000,0.000000000,0.000000000
128,2.559999,B,yup,gripper_r_finger2_body_w,vel,0.000000000,0.000000000,-0.000000000,-0.366821766,-0.575115204,-1.274227977,0.000000000,0.000000000
128,2.559999,B,yup,gripper_r_palm_body_p,pos,1.078849792,0.579010069,0.304779053,1.000000000,0.000000000,0.000000000,0.000000000,0.000000000
128,2.559999,B,yup,gripper_r_palm_body_q,pos,0.000000000,0.000000000,-0.000000000,-0.489066748,0.688004306,-0.038940757,-0.534740505,0.000000000
128,2.559999,B,yup,gripper_r_palm_body_v,vel,-0.346727878,0.909260333,-0.374530345,0.000000000,0.000000000,-0.000000000,0.000000000,0.000000000
128,2.559999,B,yup,gripper_r_palm_body_w,vel,0.000000000,0.000000000,-0.000000000,-0.366619319,-0.574907899,-1.274213433,0.000000000,0.000000000
129,2.579999,B,yup,gripper_l_finger1_body_p,pos,-1.392607212,0.814899206,0.372737885,1.000000000,0.000000000,0.000000000,0.000000000,0.000000000
129,2.579999,B,yup,gripper_l_finger1_body_q,pos,0.000000000,0.000000000,-0.000000000,0.849758179,-0.033488095,-0.525868603,0.015868118,0.000000000
129,2.579999,B,yup,gripper_l_finger1_body_v,vel,0.003305496,0.005907518,0.078089312,0.000000000,0.000000000,-0.000000000,0.000000000,0.000000000
129,2.579999,B,yup,gripper_l_finger1_body_w,vel,0.000000000,0.000000000,-0.000000000,-0.001085338,-0.096172400,0.009636280,0.000000000,0.000000000
129,2.579999,B,yup,gripper_l_finger2_body_p,pos,-1.286072254,0.799761772,0.366263866,1.000000000,0.000000000,0.000000000,0.000000000,0.000000000
129,2.579999,B,yup,gripper_l_finger2_body_q,pos,0.000000000,0.000000000,-0.000000000,-0.015862534,-0.525730492,0.033490900,0.849843626,0.000000000
129,2.579999,B,yup,gripper_l_finger2_body_v,vel,0.003307184,0.005905361,0.078059904,0.000000000,0.000000000,-0.000000000,0.000000000,0.000000000
129,2.579999,B,yup,gripper_l_finger2_body_w,vel,0.000000000,0.000000000,-0.000000000,-0.001085605,-0.096140191,0.009633902,0.000000000,0.000000000
129,2.579999,B,yup,gripper_l_palm_body_p,pos,-1.144776344,0.809751391,0.355568886,1.000000000,0.000000000,0.000000000,0.000000000,0.000000000
129,2.579999,B,yup,gripper_l_palm_body_q,pos,0.000000000,0.000000000,-0.000000000,0.577220342,-0.624581700,-0.383013163,-0.360576335,0.000000000
129,2.579999,B,yup,gripper_l_palm_body_v,vel,0.003305625,0.005907296,0.078086287,0.000000000,0.000000000,-0.000000000,0.000000000,0.000000000
129,2.579999,B,yup,gripper_l_palm_body_w,vel,0.000000000,0.000000000,-0.000000000,-0.001085366,-0.096169002,0.009636030,0.000000000,0.000000000
129,2.579999,B,yup,gripper_r_finger1_body_p,pos,1.190577507,0.568962157,0.295068741,1.000000000,0.000000000,0.000000000,0.000000000,0.000000000
129,2.579999,B,yup,gripper_r_finger1_body_q,pos,0.000000000,0.000000000,-0.000000000,0.824847460,-0.146769837,0.409977794,0.360559970,0.000000000
129,2.579999,B,yup,gripper_r_finger1_body_v,vel,-0.345690578,0.902176499,-0.367273122,0.000000000,0.000000000,-0.000000000,0.000000000,0.000000000
129,2.579999,B,yup,gripper_r_finger1_body_w,vel,0.000000000,0.000000000,-0.000000000,-0.374559492,-0.564215004,-1.269984722,0.000000000,0.000000000
129,2.579999,B,yup,gripper_r_finger2_body_p,pos,1.279697895,0.464527667,0.302398682,1.000000000,0.000000000,0.000000000,0.000000000,0.000000000
129,2.579999,B,yup,gripper_r_finger2_body_q,pos,0.000000000,0.000000000,-0.000000000,-0.360583658,0.409845138,0.146712107,0.824913296,0.000000000
129,2.579999,B,yup,gripper_r_finger2_body_v,vel,-0.345716149,0.902212799,-0.367404044,0.000000000,0.000000000,-0.000000000,0.000000000,0.000000000
129,2.579999,B,yup,gripper_r_finger2_body_w,vel,0.000000000,0.000000000,-0.000000000,-0.374759614,-0.564410031,-1.269999743,0.000000000,0.000000000
129,2.579999,B,yup,gripper_r_palm_body_p,pos,1.077792168,0.576230586,0.304987431,1.000000000,0.000000000,0.000000000,0.000000000,0.000000000
129,2.579999,B,yup,gripper_r_palm_body_q,pos,0.000000000,0.000000000,-0.000000000,-0.479514749,0.687039916,-0.034891207,-0.544815899,0.000000000
129,2.579999,B,yup,gripper_r_palm_body_v,vel,-0.345688522,0.902173996,-0.367267996,0.000000000,0.000000000,-0.000000000,0.000000000,0.000000000
129,2.579999,B,yup,gripper_r_palm_body_w,vel,0.000000000,0.000000000,-0.000000000,-0.374551982,-0.564207733,-1.269984245,0.000000000,0.000000000
130,2.599999,B,yup,gripper_l_finger1_body_p,pos,-1.392536640,0.814801216,0.372399330,1.000000000,0.000000000,0.000000000,0.000000000,0.000000000
130,2.599999,B,yup,gripper_l_finger1_body_q,pos,0.000000000,0.000000000,-0.000000000,0.850265540,-0.033517208,-0.525048131,0.015797717,0.000000000
130,2.599999,B,yup,gripper_l_finger1_body_v,vel,0.004649573,0.006361158,0.077142924,0.000000000,0.000000000,-0.000000000,0.000000000,0.000000000
130,2.599999,B,yup,gripper_l_finger1_body_w,vel,0.000000000,0.000000000,-0.000000000,0.001305310,-0.096048646,0.012567070,0.000000000,0.000000000
130,2.599999,B,yup,gripper_l_finger2_body_p,pos,-1.285824299,0.799676776,0.366012096,1.000000000,0.000000000,0.000000000,0.000000000,0.000000000
130,2.599999,B,yup,gripper_l_finger2_body_q,pos,0.000000000,0.000000000,-0.000000000,-0.015792130,-0.524909916,0.033520002,0.850350867,0.000000000
130,2.599999,B,yup,gripper_l_finger2_body_v,vel,0.004651214,0.006358925,0.077112474,0.000000000,0.000000000,-0.000000000,0.000000000,0.000000000
130,2.599999,B,yup,gripper_l_finger2_body_w,vel,0.000000000,0.000000000,-0.000000000,0.001305031,-0.096015289,0.012564609,0.000000000,0.000000000
130,2.599999,B,yup,gripper_l_palm_body_p,pos,-1.144716740,0.809680939,0.355471134,1.000000000,0.000000000,0.000000000,0.000000000,0.000000000
130,2.599999,B,yup,gripper_l_palm_body_q,pos,0.000000000,0.000000000,-0.000000000,0.577558534,-0.624961023,-0.382383111,-0.360045853,0.000000000
130,2.599999,B,yup,gripper_l_palm_body_v,vel,0.004649797,0.006360725,0.077137038,0.000000000,0.000000000,-0.000000000,0.000000000,0.000000000
130,2.599999,B,yup,gripper_l_palm_body_w,vel,0.000000000,0.000000000,-0.000000000,0.001305255,-0.096042134,0.012566590,0.000000000,0.000000000
130,2.599999,B,yup,gripper_r_finger1_body_p,pos,1.189862251,0.563974440,0.296039581,1.000000000,0.000000000,0.000000000,0.000000000,0.000000000
130,2.599999,B,yup,gripper_r_finger1_body_q,pos,0.000000000,0.000000000,-0.000000000,0.817337118,-0.152832554,0.414100532,0.370301221,0.000000000
130,2.599999,B,yup,gripper_r_finger1_body_v,vel,-0.342567950,0.872485578,-0.360408545,0.000000000,0.000000000,-0.000000000,0.000000000,0.000000000
130,2.599999,B,yup,gripper_r_finger1_body_w,vel,0.000000000,0.000000000,-0.000000000,-0.377076834,-0.551048338,-1.244897962,0.000000000,0.000000000
130,2.599999,B,yup,gripper_r_finger2_body_p,pos,1.276537895,0.459427774,0.304116249,1.000000000,0.000000000,0.000000000,0.000000000,0.000000000
130,2.599999,B,yup,gripper_r_finger2_body_q,pos,0.000000000,0.000000000,-0.000000000,-0.370326072,0.413968027,0.152772784,0.817404153,0.000000000
130,2.599999,B,yup,gripper_r_finger2_body_v,vel,-0.342594326,0.872525096,-0.360541105,0.000000000,0.000000000,-0.000000000,0.000000000,0.000000000
130,2.599999,B,yup,gripper_r_finger2_body_w,vel,0.000000000,0.000000000,-0.000000000,-0.377291709,-0.551247716,-1.244914651,0.000000000,0.000000000
130,2.599999,B,yup,gripper_r_palm_body_p,pos,1.076630592,0.573337257,0.305135727,1.000000000,0.000000000,0.000000000,0.000000000,0.000000000
130,2.599999,B,yup,gripper_r_palm_body_q,pos,0.000000000,0.000000000,-0.000000000,-0.469918229,0.686015997,-0.030917997,-0.554619679,0.000000000
130,2.599999,B,yup,gripper_r_palm_body_v,vel,-0.342567414,0.872485101,-0.360409796,0.000000000,0.000000000,-0.000000000,0.000000000,0.000000000
130,2.599999,B,yup,gripper_r_palm_body_w,vel,0.000000000,0.000000000,-0.000000000,-0.377079278,-0.551050603,-1.244898200,0.000000000,0.000000000
131,2.619999,B,yup,gripper_l_finger1_body_p,pos,-1.392464638,0.814656973,0.372065544,1.000000000,0.000000000,0.000000000,0.000000000,0.000000000
131,2.619999,B,yup,gripper_l_finger1_body_q,pos,0.000000000,0.000000000,-0.000000000,0.850772063,-0.033548083,-0.524228210,0.015690952,0.000000000
131,2.619999,B,yup,gripper_l_finger1_body_v,vel,0.006128394,0.007184267,0.076397166,0.000000000,0.000000000,-0.000000000,0.000000000,0.000000000
131,2.619999,B,yup,gripper_l_finger1_body_w,vel,0.000000000,0.000000000,-0.000000000,0.002857969,-0.095720515,0.015794916,0.000000000,0.000000000
131,2.619999,B,yup,gripper_l_finger2_body_p,pos,-1.285573483,0.799551606,0.365764618,1.000000000,0.000000000,0.000000000,0.000000000,0.000000000
131,2.619999,B,yup,gripper_l_finger2_body_q,pos,0.000000000,0.000000000,-0.000000000,-0.015685359,-0.524089878,0.033550863,0.850857279,0.000000000
131,2.619999,B,yup,gripper_l_finger2_body_v,vel,0.006129869,0.007182186,0.076368764,0.000000000,0.000000000,-0.000000000,0.000000000,0.000000000
131,2.619999,B,yup,gripper_l_finger2_body_w,vel,0.000000000,0.000000000,-0.000000000,0.002857705,-0.095689379,0.015792619,0.000000000,0.000000000
131,2.619999,B,yup,gripper_l_palm_body_p,pos,-1.144654751,0.809571981,0.355377197,1.000000000,0.000000000,0.000000000,0.000000000,0.000000000
131,2.619999,B,yup,gripper_l_palm_body_q,pos,0.000000000,0.000000000,-0.000000000,0.577894841,-0.625341051,-0.381727721,-0.359541472,0.000000000
131,2.619999,B,yup,gripper_l_palm_body_v,vel,0.006128652,0.007183761,0.076390274,0.000000000,0.000000000,-0.000000000,0.000000000,0.000000000
131,2.619999,B,yup,gripper_l_palm_body_w,vel,0.000000000,0.000000000,-0.000000000,0.002857905,-0.095712908,0.015794354,0.000000000,0.000000000
131,2.619999,B,yup,gripper_r_finger1_body_p,pos,1.188919067,0.558786809,0.296937466,1.000000000,0.000000000,0.000000000,0.000000000,0.000000000
131,2.619999,B,yup,gripper_r_finger1_body_q,pos,0.000000000,0.000000000,-0.000000000,0.809820958,-0.158835456,0.418058218,0.379721792,0.000000000
131,2.619999,B,yup,gripper_r_finger1_body_v,vel,-0.341100365,0.838218510,-0.350722611,0.000000000,0.000000000,-0.000000000,0.000000000,0.000000000
131,2.619999,B,yup,gripper_r_finger1_body_w,vel,0.000000000,0.000000000,-0.000000000,-0.378427446,-0.533360898,-1.219849586,0.000000000,0.000000000
131,2.619999,B,yup,gripper_r_finger2_body_p,pos,1.273196697,0.454210579,0.305729389,1.000000000,0.000000000,0.000000000,0.000000000,0.000000000
131,2.619999,B,yup,gripper_r_finger2_body_q,pos,0.000000000,0.000000000,-0.000000000,-0.379747778,0.417926163,0.158773810,0.809889020,0.000000000
131,2.619999,B,yup,gripper_r_finger2_body_v,vel,-0.341128379,0.838262796,-0.350860834,0.000000000,0.000000000,-0.000000000,0.000000000,0.000000000
131,2.619999,B,yup,gripper_r_finger2_body_w,vel,0.000000000,0.000000000,-0.000000000,-0.378664643,-0.533570588,-1.219868660,0.000000000,0.000000000
131,2.619999,B,yup,gripper_r_palm_body_p,pos,1.075320244,0.570226371,0.305206776,1.000000000,0.000000000,0.000000000,0.000000000,0.000000000
131,2.619999,B,yup,gripper_r_palm_body_q,pos,0.000000000,0.000000000,-0.000000000,-0.460359700,0.684945678,-0.027055009,-0.564080128,0.000000000
131,2.619999,B,yup,gripper_r_palm_body_v,vel,-0.341101319,0.838220298,-0.350730181,0.000000000,0.000000000,-0.000000000,0.000000000,0.000000000
131,2.619999,B,yup,gripper_r_palm_body_w,vel,0.000000000,0.000000000,-0.000000000,-0.378440827,-0.533372760,-1.219850659,0.000000000,0.000000000
132,2.639999,B,yup,gripper_l_finger1_body_p,pos,-1.392390251,0.814476848,0.371736050,1.000000000,0.000000000,0.000000000,0.000000000,0.000000000
132,2.639999,B,yup,gripper_l_finger1_body_q,pos,0.000000000,0.000000000,-0.000000000,0.851276624,-0.033587780,-0.523409900,0.015557863,0.000000000
132,2.639999,B,yup,gripper_l_finger1_body_v,vel,0.007053777,0.007816641,0.075960249,0.000000000,0.000000000,-0.000000000,0.000000000,0.000000000
132,2.639999,B,yup,gripper_l_finger1_body_w,vel,0.000000000,0.000000000,-0.000000000,0.003390592,-0.095325507,0.017821688,0.000000000,0.000000000
132,2.639999,B,yup,gripper_l_finger2_body_p,pos,-1.285320759,0.799394369,0.365521431,1.000000000,0.000000000,0.000000000,0.000000000,0.000000000
132,2.639999,B,yup,gripper_l_finger2_body_q,pos,0.000000000,0.000000000,-0.000000000,-0.015552264,-0.523271502,0.033590533,0.851361696,0.000000000
132,2.639999,B,yup,gripper_l_finger2_body_v,vel,0.007055247,0.007814419,0.075929932,0.000000000,0.000000000,-0.000000000,0.000000000,0.000000000
132,2.639999,B,yup,gripper_l_finger2_body_w,vel,0.000000000,0.000000000,-0.000000000,0.003390303,-0.095292270,0.017819239,0.000000000,0.000000000
132,2.639999,B,yup,gripper_l_palm_body_p,pos,-1.144591331,0.809433818,0.355287075,1.000000000,0.000000000,0.000000000,0.000000000,0.000000000
132,2.639999,B,yup,gripper_l_palm_body_q,pos,0.000000000,0.000000000,-0.000000000,0.578223545,-0.625725811,-0.381054941,-0.359056923,0.000000000
132,2.639999,B,yup,gripper_l_palm_body_v,vel,0.007054143,0.007815897,0.075950116,0.000000000,0.000000000,-0.000000000,0.000000000,0.000000000
132,2.639999,B,yup,gripper_l_palm_body_w,vel,0.000000000,0.000000000,-0.000000000,0.003390495,-0.095314376,0.017820869,0.000000000,0.000000000
132,2.639999,B,yup,gripper_r_finger1_body_p,pos,1.187703609,0.553328097,0.297750950,1.000000000,0.000000000,0.000000000,0.000000000,0.000000000
132,2.639999,B,yup,gripper_r_finger1_body_q,pos,0.000000000,0.000000000,-0.000000000,0.802295466,-0.164823161,0.421821241,0.388872925,0.000000000
132,2.639999,B,yup,gripper_r_finger1_body_v,vel,-0.342660010,0.810268342,-0.339167297,0.000000000,0.000000000,-0.000000000,0.000000000,0.000000000
132,2.639999,B,yup,gripper_r_finger1_body_w,vel,0.000000000,0.000000000,-0.000000000,-0.381109983,-0.513263047,-1.205651641,0.000000000,0.000000000
132,2.639999,B,yup,gripper_r_finger2_body_p,pos,1.269629478,0.448799312,0.307226658,1.000000000,0.000000000,0.000000000,0.000000000,0.000000000
132,2.639999,B,yup,gripper_r_finger2_body_q,pos,0.000000000,0.000000000,-0.000000000,-0.388900013,0.421689869,0.164759756,0.802364416,0.000000000
132,2.639999,B,yup,gripper_r_finger2_body_v,vel,-0.342688859,0.810316443,-0.339307636,0.000000000,0.000000000,-0.000000000,0.000000000,0.000000000
132,2.639999,B,yup,gripper_r_finger2_body_w,vel,0.000000000,0.000000000,-0.000000000,-0.381364524,-0.513477623,-1.205672860,0.000000000,0.000000000
132,2.639999,B,yup,gripper_r_palm_body_p,pos,1.073825359,0.566832721,0.305192471,1.000000000,0.000000000,0.000000000,0.000000000,0.000000000
132,2.639999,B,yup,gripper_r_palm_body_q,pos,0.000000000,0.000000000,-0.000000000,-0.450805280,0.683857996,-0.023244960,-0.573212450,0.000000000
132,2.639999,B,yup,gripper_r_palm_body_v,vel,-0.342661470,0.810270965,-0.339176506,0.000000000,0.000000000,-0.000000000,0.000000000,0.000000000
132,2.639999,B,yup,gripper_r_palm_body_w,vel,0.000000000,0.000000000,-0.000000000,-0.381127119,-0.513277531,-1.205653071,0.000000000,0.000000000
133,2.659999,B,yup,gripper_l_finger1_body_p,pos,-1.392315388,0.814285994,0.371408939,1.000000000,0.000000000,0.000000000,0.000000000,0.000000000
133,2.659999,B,yup,gripper_l_finger1_body_q,pos,0.000000000,0.000000000,-0.000000000,0.851778595,-0.033634212,-0.522593744,0.015418966,0.000000000
133,2.659999,B,yup,gripper_l_finger1_body_v,vel,0.007009511,0.007821383,0.075729579,0.000000000,0.000000000,-0.000000000,0.000000000,0.000000000
133,2.659999,B,yup,gripper_l_finger1_body_w,vel,0.000000000,0.000000000,-0.000000000,0.003193164,-0.094952680,0.017713007,0.000000000,0.000000000
133,2.659999,B,yup,gripper_l_finger2_body_p,pos,-1.285067081,0.799226522,0.365280628,1.000000000,0.000000000,0.000000000,0.000000000,0.000000000
133,2.659999,B,yup,gripper_l_finger2_body_q,pos,0.000000000,0.000000000,-0.000000000,-0.015413361,-0.522455332,0.033636942,0.851863493,0.000000000
133,2.659999,B,yup,gripper_l_finger2_body_v,vel,0.007010892,0.007819274,0.075700760,0.000000000,0.000000000,-0.000000000,0.000000000,0.000000000
133,2.659999,B,yup,gripper_l_finger2_body_w,vel,0.000000000,0.000000000,-0.000000000,0.003192882,-0.094921045,0.017710678,0.000000000,0.000000000
133,2.659999,B,yup,gripper_l_palm_body_p,pos,-1.144527435,0.809286952,0.355198383,1.000000000,0.000000000,0.000000000,0.000000000,0.000000000
133,2.659999,B,yup,gripper_l_palm_body_q,pos,0.000000000,0.000000000,-0.000000000,0.578545577,-0.626113536,-0.380379618,-0.358578027,0.000000000
133,2.659999,B,yup,gripper_l_palm_body_v,vel,0.007009868,0.007820673,0.075719900,0.000000000,0.000000000,-0.000000000,0.000000000,0.000000000
133,2.659999,B,yup,gripper_l_palm_body_w,vel,0.000000000,0.000000000,-0.000000000,0.003193069,-0.094942018,0.017712222,0.000000000,0.000000000
133,2.659999,B,yup,gripper_r_finger1_body_p,pos,1.186185360,0.547556221,0.298473835,1.000000000,0.000000000,0.000000000,0.000000000,0.000000000
133,2.659999,B,yup,gripper_r_finger1_body_q,pos,0.000000000,0.000000000,-0.000000000,0.794726670,-0.170863166,0.425372004,0.397836596,0.000000000
133,2.659999,B,yup,gripper_r_finger1_body_v,vel,-0.346729547,0.790406823,-0.326957077,0.000000000,0.000000000,-0.000000000,0.000000000,0.000000000
133,2.659999,B,yup,gripper_r_finger1_body_w,vel,0.000000000,0.000000000,-0.000000000,-0.385679364,-0.492384136,-1.202646613,0.000000000,0.000000000
133,2.659999,B,yup,gripper_r_finger2_body_p,pos,1.265796661,0.443146884,0.308605194,1.000000000,0.000000000,0.000000000,0.000000000,0.000000000
133,2.659999,B,yup,gripper_r_finger2_body_q,pos,0.000000000,0.000000000,-0.000000000,-0.397864753,0.425241435,0.170798076,0.794796438,0.000000000
133,2.659999,B,yup,gripper_r_finger2_body_v,vel,-0.346758217,0.790457308,-0.327095360,0.000000000,0.000000000,-0.000000000,0.000000000,0.000000000
133,2.659999,B,yup,gripper_r_finger2_body_w,vel,0.000000000,0.000000000,-0.000000000,-0.385944337,-0.492597103,-1.202669382,0.000000000,0.000000000
133,2.659999,B,yup,gripper_r_palm_body_p,pos,1.072124958,0.563127220,0.305088043,1.000000000,0.000000000,0.000000000,0.000000000,0.000000000
133,2.659999,B,yup,gripper_r_palm_body_q,pos,0.000000000,0.000000000,-0.000000000,-0.441183238,0.682776684,-0.019417357,-0.582062124,0.000000000
133,2.659999,B,yup,gripper_r_palm_body_v,vel,-0.346730739,0.790409088,-0.326964706,0.000000000,0.000000000,-0.000000000,0.000000000,0.000000000
133,2.659999,B,yup,gripper_r_palm_body_w,vel,0.000000000,0.000000000,-0.000000000,-0.385694474,-0.492396265,-1.202647924,0.000000000,0.000000000
134,2.679999,B,yup,gripper_l_finger1_body_p,pos,-1.392240524,0.814109325,0.371082306,1.000000000,0.000000000,0.000000000,0.000000000,0.000000000
134,2.679999,B,yup,gripper_l_finger1_body_q,pos,0.000000000,0.000000000,-0.000000000,0.852277647,-0.033679724,-0.521780315,0.015290233,0.000000000
134,2.679999,B,yup,gripper_l_finger1_body_v,vel,0.006294438,0.007475360,0.075488642,0.000000000,0.000000000,-0.000000000,0.000000000,0.000000000
134,2.679999,B,yup,gripper_l_finger1_body_w,vel,0.000000000,0.000000000,-0.000000000,0.002853522,-0.094623335,0.016127728,0.000000000,0.000000000
134,2.679999,B,yup,gripper_l_finger2_body_p,pos,-1.284814835,0.799071431,0.365040302,1.000000000,0.000000000,0.000000000,0.000000000,0.000000000
134,2.679999,B,yup,gripper_l_finger2_body_q,pos,0.000000000,0.000000000,-0.000000000,-0.015284623,-0.521641851,0.033682432,0.852362396,0.000000000
134,2.679999,B,yup,gripper_l_finger2_body_v,vel,0.006295681,0.007473521,0.075463489,0.000000000,0.000000000,-0.000000000,0.000000000,0.000000000
134,2.679999,B,yup,gripper_l_finger2_body_w,vel,0.000000000,0.000000000,-0.000000000,0.002853270,-0.094595693,0.016125694,0.000000000,0.000000000
134,2.679999,B,yup,gripper_l_palm_body_p,pos,-1.144464016,0.809152126,0.355108738,1.000000000,0.000000000,0.000000000,0.000000000,0.000000000
134,2.679999,B,yup,gripper_l_palm_body_q,pos,0.000000000,0.000000000,-0.000000000,0.578866261,-0.626498525,-0.379713389,-0.358093831,0.000000000
134,2.679999,B,yup,gripper_l_palm_body_v,vel,0.006294719,0.007474825,0.075481333,0.000000000,0.000000000,-0.000000000,0.000000000,0.000000000
134,2.679999,B,yup,gripper_l_palm_body_w,vel,0.000000000,0.000000000,-0.000000000,0.002853449,-0.094615258,0.016127132,0.000000000,0.000000000
134,2.679999,B,yup,gripper_r_finger1_body_p,pos,1.184344292,0.541453779,0.299101353,1.000000000,0.000000000,0.000000000,0.000000000,0.000000000
134,2.679999,B,yup,gripper_r_finger1_body_q,pos,0.000000000,0.000000000,-0.000000000,0.787081951,-0.177008718,0.428701459,0.406675516,0.000000000
134,2.679999,B,yup,gripper_r_finger1_body_v,vel,-0.352230728,0.776264369,-0.314718097,0.000000000,0.000000000,-0.000000000,0.000000000,0.000000000
134,2.679999,B,yup,gripper_r_finger1_body_w,vel,0.000000000,0.000000000,-0.000000000,-0.391547680,-0.471267819,-1.206999183,0.000000000,0.000000000
134,2.679999,B,yup,gripper_r_finger2_body_p,pos,1.261670589,0.437233984,0.309863091,1.000000000,0.000000000,0.000000000,0.000000000,0.000000000
134,2.679999,B,yup,gripper_r_finger2_body_q,pos,0.000000000,0.000000000,-0.000000000,-0.406704783,0.428571760,0.176941961,0.787152468,0.000000000
134,2.679999,B,yup,gripper_r_finger2_body_v,vel,-0.352258652,0.776316285,-0.314851731,0.000000000,0.000000000,-0.000000000,0.000000000,0.000000000
134,2.679999,B,yup,gripper_r_finger2_body_w,vel,0.000000000,0.000000000,-0.000000000,-0.391818285,-0.471475095,-1.207023025,0.000000000,0.000000000
134,2.679999,B,yup,gripper_r_palm_body_p,pos,1.070205688,0.559102833,0.304888248,1.000000000,0.000000000,0.000000000,0.000000000,0.000000000
134,2.679999,B,yup,gripper_r_palm_body_q,pos,0.000000000,0.000000000,-0.000000000,-0.431432930,0.681716312,-0.015521405,-0.590667066,0.000000000
134,2.679999,B,yup,gripper_r_palm_body_v,vel,-0.352231413,0.776265919,-0.314723372,0.000000000,0.000000000,-0.000000000,0.000000000,0.000000000
134,2.679999,B,yup,gripper_r_palm_body_w,vel,0.000000000,0.000000000,-0.000000000,-0.391558886,-0.471276402,-1.207000136,0.000000000,0.000000000
135,2.699999,B,yup,gripper_l_finger1_body_p,pos,-1.392166138,0.813960791,0.370753765,1.000000000,0.000000000,0.000000000,0.000000000,0.000000000
135,2.699999,B,yup,gripper_l_finger1_body_q,pos,0.000000000,0.000000000,-0.000000000,0.852773857,-0.033716701,-0.520969871,0.015176533,0.000000000
135,2.699999,B,yup,gripper_l_finger1_body_v,vel,0.005421437,0.007130223,0.075079635,0.000000000,0.000000000,-0.000000000,0.000000000,0.000000000
135,2.699999,B,yup,gripper_l_finger1_body_w,vel,0.000000000,0.000000000,-0.000000000,0.002848670,-0.094323106,0.014187734,0.000000000,0.000000000
135,2.699999,B,yup,gripper_l_finger2_body_p,pos,-1.284564972,0.798942685,0.364798069,1.000000000,0.000000000,0.000000000,0.000000000,0.000000000
135,2.699999,B,yup,gripper_l_finger2_body_q,pos,0.000000000,0.000000000,-0.000000000,-0.015170916,-0.520831341,0.033719390,0.852858464,0.000000000
135,2.699999,B,yup,gripper_l_finger2_body_v,vel,0.005422588,0.007128605,0.075057477,0.000000000,0.000000000,-0.000000000,0.000000000,0.000000000
135,2.699999,B,yup,gripper_l_finger2_body_w,vel,0.000000000,0.000000000,-0.000000000,0.002848444,-0.094298728,0.014185942,0.000000000,0.000000000
135,2.699999,B,yup,gripper_l_palm_body_p,pos,-1.144401550,0.809041023,0.355017185,1.000000000,0.000000000,0.000000000,0.000000000,0.000000000
135,2.699999,B,yup,gripper_l_palm_body_q,pos,0.000000000,0.000000000,-0.000000000,0.579190914,-0.626875521,-0.379059882,-0.357601137,0.000000000
135,2.699999,B,yup,gripper_l_palm_body_v,vel,0.005421643,0.007129856,0.075074613,0.000000000,0.000000000,-0.000000000,0.000000000,0.000000000
135,2.699999,B,yup,gripper_l_palm_body_w,vel,0.000000000,0.000000000,-0.000000000,0.002848618,-0.094317511,0.014187322,0.000000000,0.000000000
135,2.699999,B,yup,gripper_r_finger1_body_p,pos,1.182167053,0.535019457,0.299626827,1.000000000,0.000000000,0.000000000,0.000000000,0.000000000
135,2.699999,B,yup,gripper_r_finger1_body_q,pos,0.000000000,0.000000000,-0.000000000,0.779343475,-0.183288648,0.431803582,0.415421096,0.000000000
135,2.699999,B,yup,gripper_r_finger1_body_v,vel,-0.358246654,0.764659464,-0.302615851,0.000000000,0.000000000,-0.000000000,0.000000000,0.000000000
135,2.699999,B,yup,gripper_r_finger1_body_w,vel,0.000000000,0.000000000,-0.000000000,-0.397797376,-0.449820906,-1.214538455,0.000000000,0.000000000
135,2.699999,B,yup,gripper_r_finger2_body_p,pos,1.257234573,0.431058228,0.310997486,1.000000000,0.000000000,0.000000000,0.000000000,0.000000000
135,2.699999,B,yup,gripper_r_finger2_body_q,pos,0.000000000,0.000000000,-0.000000000,-0.415451464,0.431674805,0.183220281,0.779414699,0.000000000
135,2.699999,B,yup,gripper_r_finger2_body_v,vel,-0.358273596,0.764712274,-0.302743733,0.000000000,0.000000000,-0.000000000,0.000000000,0.000000000
135,2.699999,B,yup,gripper_r_finger2_body_w,vel,0.000000000,0.000000000,-0.000000000,-0.398071200,-0.450020611,-1.214563251,0.000000000,0.000000000
135,2.699999,B,yup,gripper_r_palm_body_p,pos,1.068058968,0.554762185,0.304586887,1.000000000,0.000000000,0.000000000,0.000000000,0.000000000
135,2.699999,B,yup,gripper_r_palm_body_q,pos,0.000000000,0.000000000,-0.000000000,-0.421521335,0.680684683,-0.011530638,-0.599045216,0.000000000
135,2.699999,B,yup,gripper_r_palm_body_v,vel,-0.358246982,0.764660358,-0.302619398,0.000000000,0.000000000,-0.000000000,0.000000000,0.000000000
135,2.699999,B,yup,gripper_r_palm_body_w,vel,0.000000000,0.000000000,-0.000000000,-0.397805452,-0.449826807,-1.214539170,0.000000000,0.000000000
136,2.719999,B,yup,gripper_l_finger1_body_p,pos,-1.392092228,0.813843012,0.370423317,1.000000000,0.000000000,0.000000000,0.000000000,0.000000000
136,2.719999,B,yup,gripper_l_finger1_body_q,pos,0.000000000,0.000000000,-0.000000000,0.853267695,-0.033739359,-0.520162052,0.015077681,0.000000000
136,2.719999,B,yup,gripper_l_finger1_body_v,vel,0.004518741,0.006631096,0.074534751,0.000000000,0.000000000,-0.000000000,0.000000000,0.000000000
136,2.719999,B,yup,gripper_l_finger1_body_w,vel,0.000000000,0.000000000,-0.000000000,0.003316053,-0.094106443,0.012191133,0.000000000,0.000000000
136,2.719999,B,yup,gripper_l_finger2_body_p,pos,-1.284317017,0.798843622,0.364553928,1.000000000,0.000000000,0.000000000,0.000000000,0.000000000
136,2.719999,B,yup,gripper_l_finger2_body_q,pos,0.000000000,0.000000000,-0.000000000,-0.015072061,-0.520023458,0.033742032,0.853352161,0.000000000
136,2.719999,B,yup,gripper_l_finger2_body_v,vel,0.004519922,0.006629465,0.074512392,0.000000000,0.000000000,-0.000000000,0.000000000,0.000000000
136,2.719999,B,yup,gripper_l_finger2_body_w,vel,0.000000000,0.000000000,-0.000000000,0.003315822,-0.094081849,0.012189326,0.000000000,0.000000000
136,2.719999,B,yup,gripper_l_palm_body_p,pos,-1.144340515,0.808955550,0.354922295,1.000000000,0.000000000,0.000000000,0.000000000,0.000000000
136,2.719999,B,yup,gripper_l_palm_body_q,pos,0.000000000,0.000000000,-0.000000000,0.579524058,-0.627240663,-0.378418746,-0.357099804,0.000000000
136,2.719999,B,yup,gripper_l_palm_body_v,vel,0.004518942,0.006630737,0.074529842,0.000000000,0.000000000,-0.000000000,0.000000000,0.000000000
136,2.719999,B,yup,gripper_l_palm_body_w,vel,0.000000000,0.000000000,-0.000000000,0.003316002,-0.094100982,0.012190731,0.000000000,0.000000000
136,2.719999,B,yup,gripper_r_finger1_body_p,pos,1.179644108,0.528258622,0.300043583,1.000000000,0.000000000,0.000000000,0.000000000,0.000000000
136,2.719999,B,yup,gripper_r_finger1_body_q,pos,0.000000000,0.000000000,-0.000000000,0.771508973,-0.189711435,0.434672262,0.424079593,0.000000000
136,2.719999,B,yup,gripper_r_finger1_body_v,vel,-0.364244789,0.753158033,-0.290591002,0.000000000,0.000000000,-0.000000000,0.000000000,0.000000000
136,2.719999,B,yup,gripper_r_finger1_body_w,vel,0.000000000,0.000000000,-0.000000000,-0.403671414,-0.427756131,-1.222347975,0.000000000,0.000000000
136,2.719999,B,yup,gripper_r_finger2_body_p,pos,1.252480507,0.424625099,0.312001705,1.000000000,0.000000000,0.000000000,0.000000000,0.000000000
136,2.719999,B,yup,gripper_r_finger2_body_q,pos,0.000000000,0.000000000,-0.000000000,-0.424111096,0.434544442,0.189641445,0.771580864,0.000000000
136,2.719999,B,yup,gripper_r_finger2_body_v,vel,-0.364270717,0.753211677,-0.290712804,0.000000000,0.000000000,-0.000000000,0.000000000,0.000000000
136,2.719999,B,yup,gripper_r_finger2_body_w,vel,0.000000000,0.000000000,-0.000000000,-0.403947473,-0.427947640,-1.222373605,0.000000000,0.000000000
136,2.719999,B,yup,gripper_r_palm_body_p,pos,1.065677643,0.550109446,0.304177761,1.000000000,0.000000000,0.000000000,0.000000000,0.000000000
136,2.719999,B,yup,gripper_r_palm_body_q,pos,0.000000000,0.000000000,-0.000000000,-0.411440877,0.679686118,-0.007436343,-0.607196745,0.000000000
136,2.719999,B,yup,gripper_r_palm_body_v,vel,-0.364245027,0.753158748,-0.290593803,0.000000000,0.000000000,-0.000000000,0.000000000,0.000000000
136,2.719999,B,yup,gripper_r_palm_body_w,vel,0.000000000,0.000000000,-0.000000000,-0.403678238,-0.427760869,-1.222348571,0.000000000,0.000000000
137,2.739999,B,yup,gripper_l_finger1_body_p,pos,-1.392018318,0.813749313,0.370090485,1.000000000,0.000000000,0.000000000,0.000000000,0.000000000
137,2.739999,B,yup,gripper_l_finger1_body_q,pos,0.000000000,0.000000000,-0.000000000,0.853759547,-0.033745107,-0.519356613,0.014987067,0.000000000
137,2.739999,B,yup,gripper_l_finger1_body_v,vel,0.003974778,0.006339612,0.073820934,0.000000000,0.000000000,-0.000000000,0.000000000,0.000000000
137,2.739999,B,yup,gripper_l_finger1_body_w,vel,0.000000000,0.000000000,-0.000000000,0.004261525,-0.093884811,0.010979383,0.000000000,0.000000000
137,2.739999,B,yup,gripper_l_finger2_body_p,pos,-1.284070492,0.798768997,0.364307404,1.000000000,0.000000000,0.000000000,0.000000000,0.000000000
137,2.739999,B,yup,gripper_l_finger2_body_q,pos,0.000000000,0.000000000,-0.000000000,-0.014981447,-0.519217916,0.033747770,0.853843897,0.000000000
137,2.739999,B,yup,gripper_l_finger2_body_v,vel,0.003975946,0.006338022,0.073799118,0.000000000,0.000000000,-0.000000000,0.000000000,0.000000000
137,2.739999,B,yup,gripper_l_finger2_body_w,vel,0.000000000,0.000000000,-0.000000000,0.004261297,-0.093860812,0.010977621,0.000000000,0.000000000
137,2.739999,B,yup,gripper_l_palm_body_p,pos,-1.144280434,0.808889866,0.354824543,1.000000000,0.000000000,0.000000000,0.000000000,0.000000000
137,2.739999,B,yup,gripper_l_palm_body_q,pos,0.000000000,0.000000000,-0.000000000,0.579867773,-0.627592502,-0.377785056,-0.356594263,0.000000000
137,2.739999,B,yup,gripper_l_palm_body_v,vel,0.003974970,0.006339270,0.073816255,0.000000000,0.000000000,-0.000000000,0.000000000,0.000000000
137,2.739999,B,yup,gripper_l_palm_body_w,vel,0.000000000,0.000000000,-0.000000000,0.004261476,-0.093879603,0.010979000,0.000000000,0.000000000
137,2.739999,B,yup,gripper_r_finger1_body_p,pos,1.176764488,0.521178782,0.300343513,1.000000000,0.000000000,0.000000000,0.000000000,0.000000000
137,2.739999,B,yup,gripper_r_finger1_body_q,pos,0.000000000,0.000000000,-0.000000000,0.763586901,-0.196273448,0.437300597,0.432643001,0.000000000
137,2.739999,B,yup,gripper_r_finger1_body_v,vel,-0.370032400,0.740444601,-0.278535485,0.000000000,0.000000000,-0.000000000,0.000000000,0.000000000
137,2.739999,B,yup,gripper_r_finger1_body_w,vel,0.000000000,0.000000000,-0.000000000,-0.408749580,-0.404849946,-1.228972673,0.000000000,0.000000000
137,2.739999,B,yup,gripper_r_finger2_body_p,pos,1.247403145,0.417940676,0.312869549,1.000000000,0.000000000,0.000000000,0.000000000,0.000000000
137,2.739999,B,yup,gripper_r_finger2_body_q,pos,0.000000000,0.000000000,-0.000000000,-0.432675664,0.437173818,0.196201878,0.763659378,0.000000000
137,2.739999,B,yup,gripper_r_finger2_body_v,vel,-0.370057285,0.740498960,-0.278651208,0.000000000,0.000000000,-0.000000000,0.000000000,0.000000000
137,2.739999,B,yup,gripper_r_finger2_body_w,vel,0.000000000,0.000000000,-0.000000000,-0.409027457,-0.405033082,-1.228999019,0.000000000,0.000000000
137,2.739999,B,yup,gripper_r_palm_body_p,pos,1.063052177,0.545147002,0.303654671,1.000000000,0.000000000,0.000000000,0.000000000,0.000000000
137,2.739999,B,yup,gripper_r_palm_body_q,pos,0.000000000,0.000000000,-0.000000000,-0.401200056,0.678724053,-0.003239320,-0.615111113,0.000000000
137,2.739999,B,yup,gripper_r_palm_body_v,vel,-0.370032698,0.740445495,-0.278538346,0.000000000,0.000000000,-0.000000000,0.000000000,0.000000000
137,2.739999,B,yup,gripper_r_palm_body_w,vel,0.000000000,0.000000000,-0.000000000,-0.408756912,-0.404854774,-1.228973389,0.000000000,0.000000000
138,2.759999,B,yup,gripper_l_finger1_body_p,pos,-1.391944885,0.813667297,0.369757175,1.000000000,0.000000000,0.000000000,0.000000000,0.000000000
138,2.759999,B,yup,gripper_l_finger1_body_q,pos,0.000000000,0.000000000,-0.000000000,0.854249612,-0.033735164,-0.518553440,0.014895288,0.000000000
138,2.759999,B,yup,gripper_l_finger1_body_v,vel,0.003825139,0.006220977,0.073004916,0.000000000,0.000000000,-0.000000000,0.000000000,0.000000000
138,2.759999,B,yup,gripper_l_finger1_body_w,vel,0.000000000,0.000000000,-0.000000000,0.005526522,-0.093634956,0.010627479,0.000000000,0.000000000
138,2.759999,B,yup,gripper_l_finger2_body_p,pos,-1.283825397,0.798707843,0.364059448,1.000000000,0.000000000,0.000000000,0.000000000,0.000000000
138,2.759999,B,yup,gripper_l_finger2_body_q,pos,0.000000000,0.000000000,-0.000000000,-0.014889670,-0.518414677,0.033737812,0.854333822,0.000000000
138,2.759999,B,yup,gripper_l_finger2_body_v,vel,0.003826350,0.006219294,0.072981790,0.000000000,0.000000000,-0.000000000,0.000000000,0.000000000
138,2.759999,B,yup,gripper_l_finger2_body_w,vel,0.000000000,0.000000000,-0.000000000,0.005526279,-0.093609512,0.010625615,0.000000000,0.000000000
138,2.759999,B,yup,gripper_l_palm_body_p,pos,-1.144220352,0.808833838,0.354725838,1.000000000,0.000000000,0.000000000,0.000000000,0.000000000
138,2.759999,B,yup,gripper_l_palm_body_q,pos,0.000000000,0.000000000,-0.000000000,0.580221292,-0.627932011,-0.377152144,-0.356091141,0.000000000
138,2.759999,B,yup,gripper_l_palm_body_v,vel,0.003825372,0.006220553,0.072999105,0.000000000,0.000000000,-0.000000000,0.000000000,0.000000000
138,2.759999,B,yup,gripper_l_palm_body_w,vel,0.000000000,0.000000000,-0.000000000,0.005526461,-0.093628503,0.010627006,0.000000000,0.000000000
138,2.759999,B,yup,gripper_r_finger1_body_p,pos,1.173518181,0.513786495,0.300518990,1.000000000,0.000000000,0.000000000,0.000000000,0.000000000
138,2.759999,B,yup,gripper_r_finger1_body_q,pos,0.000000000,0.000000000,-0.000000000,0.755590690,-0.202966453,0.439681443,0.441098126,0.000000000
138,2.759999,B,yup,gripper_r_finger1_body_v,vel,-0.375622928,0.726113081,-0.266378403,0.000000000,0.000000000,-0.000000000,0.000000000,0.000000000
138,2.759999,B,yup,gripper_r_finger1_body_w,vel,0.000000000,0.000000000,-0.000000000,-0.412924677,-0.381027043,-1.234026313,0.000000000,0.000000000
138,2.759999,B,yup,gripper_r_finger2_body_p,pos,1.241997719,0.411010087,0.313592434,1.000000000,0.000000000,0.000000000,0.000000000,0.000000000
138,2.759999,B,yup,gripper_r_finger2_body_q,pos,0.000000000,0.000000000,-0.000000000,-0.441131951,0.439555766,0.202893332,0.755663699,0.000000000
138,2.759999,B,yup,gripper_r_finger2_body_v,vel,-0.375646800,0.726168036,-0.266488075,0.000000000,0.000000000,-0.000000000,0.000000000,0.000000000
138,2.759999,B,yup,gripper_r_finger2_body_w,vel,0.000000000,0.000000000,-0.000000000,-0.413203955,-0.381201684,-1.234053135,0.000000000,0.000000000
138,2.759999,B,yup,gripper_r_palm_body_p,pos,1.060173512,0.539874971,0.303011894,1.000000000,0.000000000,0.000000000,0.000000000,0.000000000
138,2.759999,B,yup,gripper_r_palm_body_q,pos,0.000000000,0.000000000,-0.000000000,-0.390814159,0.677802226,0.001056122,-0.622773892,0.000000000
138,2.759999,B,yup,gripper_r_palm_body_v,vel,-0.375623435,0.726114392,-0.266381800,0.000000000,0.000000000,-0.000000000,0.000000000,0.000000000
138,2.759999,B,yup,gripper_r_palm_body_w,vel,0.000000000,0.000000000,-0.000000000,-0.412933767,-0.381032735,-1.234027147,0.000000000,0.000000000
139,2.779999,B,yup,gripper_l_finger1_body_p,pos,-1.391870499,0.813586235,0.369424820,1.000000000,0.000000000,0.000000000,0.000000000,0.000000000
139,2.779999,B,yup,gripper_l_finger1_body_q,pos,0.000000000,0.000000000,-0.000000000,0.854737891,-0.033712123,-0.517752532,0.014796811,0.000000000
139,2.779999,B,yup,gripper_l_finger1_body_v,vel,0.003888458,0.006099318,0.072173253,0.000000000,0.000000000,-0.000000000,0.000000000,0.000000000
139,2.779999,B,yup,gripper_l_finger1_body_w,vel,0.000000000,0.000000000,-0.000000000,0.006855106,-0.093344271,0.010730155,0.000000000,0.000000000
139,2.779999,B,yup,gripper_l_finger2_body_p,pos,-1.283580303,0.798650265,0.363811493,1.000000000,0.000000000,0.000000000,0.000000000,0.000000000
139,2.779999,B,yup,gripper_l_finger2_body_q,pos,0.000000000,0.000000000,-0.000000000,-0.014791197,-0.517613653,0.033714753,0.854821994,0.000000000
139,2.779999,B,yup,gripper_l_finger2_body_v,vel,0.003889700,0.006097533,0.072148688,0.000000000,0.000000000,-0.000000000,0.000000000,0.000000000
139,2.779999,B,yup,gripper_l_finger2_body_w,vel,0.000000000,0.000000000,-0.000000000,0.006854845,-0.093317240,0.010728178,0.000000000,0.000000000
139,2.779999,B,yup,gripper_l_palm_body_p,pos,-1.144160748,0.808778167,0.354626179,1.000000000,0.000000000,0.000000000,0.000000000,0.000000000
139,2.779999,B,yup,gripper_l_palm_body_q,pos,0.000000000,0.000000000,-0.000000000,0.580582852,-0.628260969,-0.376516073,-0.355594366,0.000000000
139,2.779999,B,yup,gripper_l_palm_body_v,vel,0.003888744,0.006098789,0.072165988,0.000000000,0.000000000,-0.000000000,0.000000000,0.000000000
139,2.779999,B,yup,gripper_l_palm_body_w,vel,0.000000000,0.000000000,-0.000000000,0.006855028,-0.093336232,0.010729567,0.000000000,0.000000000
139,2.779999,B,yup,gripper_r_finger1_body_p,pos,1.169893742,0.506087005,0.300562859,1.000000000,0.000000000,0.000000000,0.000000000,0.000000000
139,2.779999,B,yup,gripper_r_finger1_body_q,pos,0.000000000,0.000000000,-0.000000000,0.747534494,-0.209782330,0.441808309,0.449431832,0.000000000
139,2.779999,B,yup,gripper_r_finger1_body_v,vel,-0.381111562,0.710301220,-0.254106015,0.000000000,0.000000000,-0.000000000,0.000000000,0.000000000
139,2.779999,B,yup,gripper_r_finger1_body_w,vel,0.000000000,0.000000000,-0.000000000,-0.416295379,-0.356343925,-1.237692356,0.000000000,0.000000000
139,2.779999,B,yup,gripper_r_finger2_body_p,pos,1.236258030,0.403837025,0.314165115,1.000000000,0.000000000,0.000000000,0.000000000,0.000000000
139,2.779999,B,yup,gripper_r_finger2_body_q,pos,0.000000000,0.000000000,-0.000000000,-0.449466856,0.441683771,0.209707738,0.747607956,0.000000000
139,2.779999,B,yup,gripper_r_finger2_body_v,vel,-0.381134361,0.710356653,-0.254209638,0.000000000,0.000000000,-0.000000000,0.000000000,0.000000000
139,2.779999,B,yup,gripper_r_finger2_body_w,vel,0.000000000,0.000000000,-0.000000000,-0.416575402,-0.356509864,-1.237719655,0.000000000,0.000000000
139,2.779999,B,yup,gripper_r_palm_body_p,pos,1.057030201,0.534292519,0.302244663,1.000000000,0.000000000,0.000000000,0.000000000,0.000000000
139,2.779999,B,yup,gripper_r_palm_body_q,pos,0.000000000,0.000000000,-0.000000000,-0.380298913,0.676924825,0.005445305,-0.630171299,0.000000000
139,2.779999,B,yup,gripper_r_palm_body_v,vel,-0.381112278,0.710303068,-0.254110098,0.000000000,0.000000000,-0.000000000,0.000000000,0.000000000
139,2.779999,B,yup,gripper_r_palm_body_w,vel,0.000000000,0.000000000,-0.000000000,-0.416306853,-0.356350720,-1.237693548,0.000000000,0.000000000
140,2.799999,B,yup,gripper_l_finger1_body_p,pos,-1.391795635,0.813499808,0.369092941,1.000000000,0.000000000,0.000000000,0.000000000,0.000000000
140,2.799999,B,yup,gripper_l_finger1_body_q,pos,0.000000000,0.000000000,-0.000000000,0.855224178,-0.033679221,-0.516954120,0.014688560,0.000000000
140,2.799999,B,yup,gripper_l_finger1_body_v,vel,0.004105732,0.006114259,0.071353652,0.000000000,0.000000000,-0.000000000,0.000000000,0.000000000
140,2.799999,B,yup,gripper_l_finger1_body_w,vel,0.000000000,0.000000000,-0.000000000,0.008071368,-0.092984945,0.011174968,0.000000000,0.000000000
140,2.799999,B,yup,gripper_l_finger2_body_p,pos,-1.283334732,0.798589945,0.363564014,1.000000000,0.000000000,0.000000000,0.000000000,0.000000000
140,2.799999,B,yup,gripper_l_finger2_body_q,pos,0.000000000,0.000000000,-0.000000000,-0.014682952,-0.516815242,0.033681832,0.855308103,0.000000000
140,2.799999,B,yup,gripper_l_finger2_body_v,vel,0.004106961,0.006112429,0.071328409,0.000000000,0.000000000,-0.000000000,0.000000000,0.000000000
140,2.799999,B,yup,gripper_l_finger2_body_w,vel,0.000000000,0.000000000,-0.000000000,0.008071098,-0.092957176,0.011172941,0.000000000,0.000000000
140,2.799999,B,yup,gripper_l_palm_body_p,pos,-1.144100666,0.808717608,0.354526520,1.000000000,0.000000000,0.000000000,0.000000000,0.000000000
140,2.799999,B,yup,gripper_l_palm_body_q,pos,0.000000000,0.000000000,-0.000000000,0.580949953,-0.628581521,-0.375874905,-0.355106293,0.000000000
140,2.799999,B,yup,gripper_l_palm_body_v,vel,0.004106076,0.006113609,0.071344696,0.000000000,0.000000000,-0.000000000,0.000000000,0.000000000
140,2.799999,B,yup,gripper_l_palm_body_w,vel,0.000000000,0.000000000,-0.000000000,0.008071272,-0.092975073,0.011174248,0.000000000,0.000000000
140,2.799999,B,yup,gripper_r_finger1_body_p,pos,1.165878773,0.498085916,0.300469875,1.000000000,0.000000000,0.000000000,0.000000000,0.000000000
140,2.799999,B,yup,gripper_r_finger1_body_q,pos,0.000000000,0.000000000,-0.000000000,0.739430813,-0.216715184,0.443675988,0.457633280,0.000000000
140,2.799999,B,yup,gripper_r_finger1_body_v,vel,-0.386593580,0.693375647,-0.241748452,0.000000000,0.000000000,-0.000000000,0.000000000,0.000000000
140,2.799999,B,yup,gripper_r_finger1_body_w,vel,0.000000000,0.000000000,-0.000000000,-0.419051051,-0.330935985,-1.240338922,0.000000000,0.000000000
140,2.799999,B,yup,gripper_r_finger2_body_p,pos,1.230177879,0.396424949,0.314583302,1.000000000,0.000000000,0.000000000,0.000000000,0.000000000
140,2.799999,B,yup,gripper_r_finger2_body_q,pos,0.000000000,0.000000000,-0.000000000,-0.457669470,0.443552706,0.216639163,0.739504650,0.000000000
140,2.799999,B,yup,gripper_r_finger2_body_v,vel,-0.386615247,0.693431437,-0.241845921,0.000000000,0.000000000,-0.000000000,0.000000000,0.000000000
140,2.799999,B,yup,gripper_r_finger2_body_w,vel,0.000000000,0.000000000,-0.000000000,-0.419330895,-0.331092834,-1.240366578,0.000000000,0.000000000
140,2.799999,B,yup,gripper_r_palm_body_p,pos,1.053609371,0.528399527,0.301349640,1.000000000,0.000000000,0.000000000,0.000000000,0.000000000
140,2.799999,B,yup,gripper_r_palm_body_q,pos,0.000000000,0.000000000,-0.000000000,-0.369667354,0.676096573,0.009924200,-0.637291913,0.000000000
140,2.799999,B,yup,gripper_r_palm_body_v,vel,-0.386594504,0.693378150,-0.241753191,0.000000000,0.000000000,-0.000000000,0.000000000,0.000000000
140,2.799999,B,yup,gripper_r_palm_body_w,vel,0.000000000,0.000000000,-0.000000000,-0.419065058,-0.330943823,-1.240340352,0.000000000,0.000000000
141,2.819999,B,yup,gripper_l_finger1_body_p,pos,-1.391720295,0.813406825,0.368762970,1.000000000,0.000000000,0.000000000,0.000000000,0.000000000
141,2.819999,B,yup,gripper_l_finger1_body_q,pos,0.000000000,0.000000000,-0.000000000,0.855708073,-0.033639047,-0.516158703,0.014570599,0.000000000
141,2.819999,B,yup,gripper_l_finger1_body_v,vel,0.004300099,0.006166901,0.070562847,0.000000000,0.000000000,-0.000000000,0.000000000,0.000000000
141,2.819999,B,yup,gripper_l_finger1_body_w,vel,0.000000000,0.000000000,-0.000000000,0.009093676,-0.092565939,0.011573464,0.000000000,0.000000000
141,2.819999,B,yup,gripper_l_finger2_body_p,pos,-1.283089638,0.798525572,0.363317490,1.000000000,0.000000000,0.000000000,0.000000000,0.000000000
141,2.819999,B,yup,gripper_l_finger2_body_q,pos,0.000000000,0.000000000,-0.000000000,-0.014564999,-0.516019760,0.033641640,0.855791860,0.000000000
141,2.819999,B,yup,gripper_l_finger2_body_v,vel,0.004301284,0.006165080,0.070537679,0.000000000,0.000000000,-0.000000000,0.000000000,0.000000000
141,2.819999,B,yup,gripper_l_finger2_body_w,vel,0.000000000,0.000000000,-0.000000000,0.009093404,-0.092538238,0.011571446,0.000000000,0.000000000
141,2.819999,B,yup,gripper_l_palm_body_p,pos,-1.144040108,0.808651447,0.354427338,1.000000000,0.000000000,0.000000000,0.000000000,0.000000000
141,2.819999,B,yup,gripper_l_palm_body_q,pos,0.000000000,0.000000000,-0.000000000,0.581320523,-0.628895223,-0.375229001,-0.354627192,0.000000000
141,2.819999,B,yup,gripper_l_palm_body_v,vel,0.004300488,0.006166165,0.070552684,0.000000000,0.000000000,-0.000000000,0.000000000,0.000000000
141,2.819999,B,yup,gripper_l_palm_body_w,vel,0.000000000,0.000000000,-0.000000000,0.009093566,-0.092554741,0.011572649,0.000000000,0.000000000
141,2.819999,B,yup,gripper_r_finger1_body_p,pos,1.161461830,0.489789903,0.300236225,1.000000000,0.000000000,0.000000000,0.000000000,0.000000000
141,2.819999,B,yup,gripper_r_finger1_body_q,pos,0.000000000,0.000000000,-0.000000000,0.731289798,-0.223761498,0.445280968,0.465693979,0.000000000
141,2.819999,B,yup,gripper_r_finger1_body_v,vel,-0.392126083,0.675735295,-0.229359403,0.000000000,0.000000000,-0.000000000,0.000000000,0.000000000
141,2.819999,B,yup,gripper_r_finger1_body_w,vel,0.000000000,0.000000000,-0.000000000,-0.421387851,-0.304968953,-1.242297888,0.000000000,0.000000000
141,2.819999,B,yup,gripper_r_finger2_body_p,pos,1.223749638,0.388778508,0.314843655,1.000000000,0.000000000,0.000000000,0.000000000,0.000000000
141,2.819999,B,yup,gripper_r_finger2_body_q,pos,0.000000000,0.000000000,-0.000000000,-0.465731357,0.445159022,0.223684104,0.731363911,0.000000000
141,2.819999,B,yup,gripper_r_finger2_body_v,vel,-0.392146587,0.675791085,-0.229450673,0.000000000,0.000000000,-0.000000000,0.000000000,0.000000000
141,2.819999,B,yup,gripper_r_finger2_body_w,vel,0.000000000,0.000000000,-0.000000000,-0.421666384,-0.305116415,-1.242325544,0.000000000,0.000000000
141,2.819999,B,yup,gripper_r_palm_body_p,pos,1.049899578,0.522197783,0.300323963,1.000000000,0.000000000,0.000000000,0.000000000,0.000000000
141,2.819999,B,yup,gripper_r_palm_body_q,pos,0.000000000,0.000000000,-0.000000000,-0.358929127,0.675322111,0.014489310,-0.644127308,0.000000000
141,2.819999,B,yup,gripper_r_palm_body_v,vel,-0.392127216,0.675738394,-0.229364678,0.000000000,0.000000000,-0.000000000,0.000000000,0.000000000
141,2.819999,B,yup,gripper_r_palm_body_w,vel,0.000000000,0.000000000,-0.000000000,-0.421404243,-0.304977626,-1.242299557,0.000000000,0.000000000
142,2.839999,B,yup,gripper_l_finger1_body_p,pos,-1.391644001,0.813311219,0.368434906,1.000000000,0.000000000,0.000000000,0.000000000,0.000000000
142,2.839999,B,yup,gripper_l_finger1_body_q,pos,0.000000000,0.000000000,-0.000000000,0.856189259,-0.033592496,-0.515366676,0.014445990,0.000000000
142,2.839999,B,yup,gripper_l_finger1_body_v,vel,0.004343259,0.006174146,0.069800213,0.000000000,0.000000000,-0.000000000,0.000000000,0.000000000
142,2.839999,B,yup,gripper_l_finger1_body_w,vel,0.000000000,0.000000000,-0.000000000,0.009916606,-0.092106745,0.011642536,0.000000000,0.000000000
142,2.839999,B,yup,gripper_l_finger2_body_p,pos,-1.282845020,0.798460245,0.363071918,1.000000000,0.000000000,0.000000000,0.000000000,0.000000000
142,2.839999,B,yup,gripper_l_finger2_body_q,pos,0.000000000,0.000000000,-0.000000000,-0.014440399,-0.515227669,0.033595066,0.856272910,0.000000000
142,2.839999,B,yup,gripper_l_finger2_body_v,vel,0.004344373,0.006172392,0.069775894,0.000000000,0.000000000,-0.000000000,0.000000000,0.000000000
142,2.839999,B,yup,gripper_l_finger2_body_w,vel,0.000000000,0.000000000,-0.000000000,0.009916341,-0.092079975,0.011640592,0.000000000,0.000000000
142,2.839999,B,yup,gripper_l_palm_body_p,pos,-1.143979549,0.808582902,0.354328632,1.000000000,0.000000000,0.000000000,0.000000000,0.000000000
142,2.839999,B,yup,gripper_l_palm_body_q,pos,0.000000000,0.000000000,-0.000000000,0.581693654,-0.629202546,-0.374580772,-0.354155184,0.000000000
142,2.839999,B,yup,gripper_l_palm_body_v,vel,0.004343668,0.006173373,0.069789499,0.000000000,0.000000000,-0.000000000,0.000000000,0.000000000
142,2.839999,B,yup,gripper_l_palm_body_w,vel,0.000000000,0.000000000,-0.000000000,0.009916489,-0.092094958,0.011641680,0.000000000,0.000000000
142,2.839999,B,yup,gripper_r_finger1_body_p,pos,1.156632423,0.481208026,0.299860477,1.000000000,0.000000000,0.000000000,0.000000000,0.000000000
142,2.839999,B,yup,gripper_r_finger1_body_q,pos,0.000000000,0.000000000,-0.000000000,0.723119458,-0.230919438,0.446621422,0.473607187,0.000000000
142,2.839999,B,yup,gripper_r_finger1_body_v,vel,-0.397718042,0.657718360,-0.216997698,0.000000000,0.000000000,-0.000000000,0.000000000,0.000000000
142,2.839999,B,yup,gripper_r_finger1_body_w,vel,0.000000000,0.000000000,-0.000000000,-0.423461229,-0.278606415,-1.243775129,0.000000000,0.000000000
142,2.839999,B,yup,gripper_r_finger2_body_p,pos,1.216966629,0.380904853,0.314945698,1.000000000,0.000000000,0.000000000,0.000000000,0.000000000
142,2.839999,B,yup,gripper_r_finger2_body_q,pos,0.000000000,0.000000000,-0.000000000,-0.473645775,0.446500866,0.230840742,0.723193756,0.000000000
142,2.839999,B,yup,gripper_r_finger2_body_v,vel,-0.397737294,0.657773972,-0.217082709,0.000000000,0.000000000,-0.000000000,0.000000000,0.000000000
142,2.839999,B,yup,gripper_r_finger2_body_w,vel,0.000000000,0.000000000,-0.000000000,-0.423737288,-0.278744161,-1.243802667,0.000000000,0.000000000
142,2.839999,B,yup,gripper_r_palm_body_p,pos,1.045889378,0.515692294,0.299166203,1.000000000,0.000000000,0.000000000,0.000000000,0.000000000
142,2.839999,B,yup,gripper_r_palm_body_q,pos,0.000000000,0.000000000,-0.000000000,-0.348091187,0.674605860,0.019137152,-0.650671367,0.000000000
142,2.839999,B,yup,gripper_r_palm_body_v,vel,-0.397719294,0.657722056,-0.217003331,0.000000000,0.000000000,-0.000000000,0.000000000,0.000000000
142,2.839999,B,yup,gripper_r_palm_body_w,vel,0.000000000,0.000000000,-0.000000000,-0.423479736,-0.278615654,-1.243776917,0.000000000,0.000000000
143,2.859999,B,yup,gripper_l_finger1_body_p,pos,-1.391568184,0.813218832,0.368107319,1.000000000,0.000000000,0.000000000,0.000000000,0.000000000
143,2.859999,B,yup,gripper_l_finger1_body_q,pos,0.000000000,0.000000000,-0.000000000,0.856667485,-0.033538808,-0.514578409,0.014318880,0.000000000
143,2.859999,B,yup,gripper_l_finger1_body_v,vel,0.004192961,0.006088932,0.069044471,0.000000000,0.000000000,-0.000000000,0.000000000,0.000000000
143,2.859999,B,yup,gripper_l_finger1_body_w,vel,0.000000000,0.000000000,-0.000000000,0.010614875,-0.091627941,0.011287092,0.000000000,0.000000000
143,2.859999,B,yup,gripper_l_finger2_body_p,pos,-1.282601357,0.798399329,0.362826824,1.000000000,0.000000000,0.000000000,0.000000000,0.000000000
143,2.859999,B,yup,gripper_l_finger2_body_q,pos,0.000000000,0.000000000,-0.000000000,-0.014313298,-0.514439351,0.033541359,0.856750991,0.000000000
143,2.859999,B,yup,gripper_l_finger2_body_v,vel,0.004193992,0.006087280,0.069021516,0.000000000,0.000000000,-0.000000000,0.000000000,0.000000000
143,2.859999,B,yup,gripper_l_finger2_body_w,vel,0.000000000,0.000000000,-0.000000000,0.010614621,-0.091602653,0.011285262,0.000000000,0.000000000
143,2.859999,B,yup,gripper_l_palm_body_p,pos,-1.143919468,0.808516979,0.354229450,1.000000000,0.000000000,0.000000000,0.000000000,0.000000000
143,2.859999,B,yup,gripper_l_palm_body_q,pos,0.000000000,0.000000000,-0.000000000,0.582069768,-0.629502658,-0.373933467,-0.353687646,0.000000000
143,2.859999,B,yup,gripper_l_palm_body_v,vel,0.004193372,0.006088162,0.069033779,0.000000000,0.000000000,-0.000000000,0.000000000,0.000000000
143,2.859999,B,yup,gripper_l_palm_body_w,vel,0.000000000,0.000000000,-0.000000000,0.010614756,-0.091616176,0.011286241,0.000000000,0.000000000
143,2.859999,B,yup,gripper_r_finger1_body_p,pos,1.151380062,0.472352803,0.299341679,1.000000000,0.000000000,0.000000000,0.000000000,0.000000000
143,2.859999,B,yup,gripper_r_finger1_body_q,pos,0.000000000,0.000000000,-0.000000000,0.714926234,-0.238187938,0.447697131,0.481367079,0.000000000
143,2.859999,B,yup,gripper_r_finger1_body_v,vel,-0.403329849,0.639586389,-0.204713866,0.000000000,0.000000000,-0.000000000,0.000000000,0.000000000
143,2.859999,B,yup,gripper_r_finger1_body_w,vel,0.000000000,0.000000000,-0.000000000,-0.425370812,-0.251993746,-1.244845510,0.000000000,0.000000000
143,2.859999,B,yup,gripper_r_finger2_body_p,pos,1.209822178,0.372814834,0.314891815,1.000000000,0.000000000,0.000000000,0.000000000,0.000000000
143,2.859999,B,yup,gripper_r_finger2_body_q,pos,0.000000000,0.000000000,-0.000000000,-0.481406834,0.447578010,0.238108007,0.715000673,0.000000000
143,2.859999,B,yup,gripper_r_finger2_body_v,vel,-0.403347820,0.639641643,-0.204792857,0.000000000,0.000000000,-0.000000000,0.000000000,0.000000000
143,2.859999,B,yup,gripper_r_finger2_body_w,vel,0.000000000,0.000000000,-0.000000000,-0.425643861,-0.252121896,-1.244872928,0.000000000,0.000000000
143,2.859999,B,yup,gripper_r_palm_body_p,pos,1.041567802,0.508891761,0.297876835,1.000000000,0.000000000,0.000000000,0.000000000,0.000000000
143,2.859999,B,yup,gripper_r_palm_body_q,pos,0.000000000,0.000000000,-0.000000000,-0.337158799,0.673951567,0.023863742,-0.656919897,0.000000000
143,2.859999,B,yup,gripper_r_palm_body_v,vel,-0.403331190,0.639590561,-0.204719767,0.000000000,0.000000000,-0.000000000,0.000000000,0.000000000
143,2.859999,B,yup,gripper_r_palm_body_w,vel,0.000000000,0.000000000,-0.000000000,-0.425391287,-0.252003372,-1.244847536,0.000000000,0.000000000
144,2.879999,B,yup,gripper_l_finger1_body_p,pos,-1.391492367,0.813135147,0.367780209,1.000000000,0.000000000,0.000000000,0.000000000,0.000000000
144,2.879999,B,yup,gripper_l_finger1_body_q,pos,0.000000000,0.000000000,-0.000000000,0.857142601,-0.033476449,-0.513794177,0.014192707,0.000000000
144,2.879999,B,yup,gripper_l_finger1_body_v,vel,0.003889679,0.005909249,0.068268172,0.000000000,0.000000000,-0.000000000,0.000000000,0.000000000
144,2.879999,B,yup,gripper_l_finger1_body_w,vel,0.000000000,0.000000000,-0.000000000,0.011293082,-0.091143064,0.010593807,0.000000000,0.000000000
144,2.879999,B,yup,gripper_l_finger2_body_p,pos,-1.282359123,0.798347831,0.362582207,1.000000000,0.000000000,0.000000000,0.000000000,0.000000000
144,2.879999,B,yup,gripper_l_finger2_body_q,pos,0.000000000,0.000000000,-0.000000000,-0.014187138,-0.513655069,0.033478983,0.857225964,0.000000000
144,2.879999,B,yup,gripper_l_finger2_body_v,vel,0.003890638,0.005907701,0.068246588,0.000000000,0.000000000,-0.000000000,0.000000000,0.000000000
144,2.879999,B,yup,gripper_l_finger2_body_w,vel,0.000000000,0.000000000,-0.000000000,0.011292842,-0.091119267,0.010592090,0.000000000,0.000000000
144,2.879999,B,yup,gripper_l_palm_body_p,pos,-1.143859386,0.808458328,0.354129791,1.000000000,0.000000000,0.000000000,0.000000000,0.000000000
144,2.879999,B,yup,gripper_l_palm_body_q,pos,0.000000000,0.000000000,-0.000000000,0.582449801,-0.629794480,-0.373289676,-0.353222252,0.000000000
144,2.879999,B,yup,gripper_l_palm_body_v,vel,0.003890078,0.005908509,0.068257868,0.000000000,0.000000000,-0.000000000,0.000000000,0.000000000
144,2.879999,B,yup,gripper_l_palm_body_w,vel,0.000000000,0.000000000,-0.000000000,0.011292968,-0.091131710,0.010592988,0.000000000,0.000000000
144,2.879999,B,yup,gripper_r_finger1_body_p,pos,1.145698547,0.463240683,0.298681736,1.000000000,0.000000000,0.000000000,0.000000000,0.000000000
144,2.879999,B,yup,gripper_r_finger1_body_q,pos,0.000000000,0.000000000,-0.000000000,0.706715888,-0.245565534,0.448509426,0.488967807,0.000000000
144,2.879999,B,yup,gripper_r_finger1_body_v,vel,-0.408902645,0.621457815,-0.192568928,0.000000000,0.000000000,-0.000000000,0.000000000,0.000000000
144,2.879999,B,yup,gripper_r_finger1_body_w,vel,0.000000000,0.000000000,-0.000000000,-0.427149624,-0.225276858,-1.245407820,0.000000000,0.000000000
144,2.879999,B,yup,gripper_r_finger2_body_p,pos,1.202311516,0.364522755,0.314683914,1.000000000,0.000000000,0.000000000,0.000000000,0.000000000
144,2.879999,B,yup,gripper_r_finger2_body_q,pos,0.000000000,0.000000000,-0.000000000,-0.489008726,0.448391796,0.245484427,0.706790393,0.000000000
144,2.879999,B,yup,gripper_r_finger2_body_v,vel,-0.408919275,0.621512055,-0.192641467,0.000000000,0.000000000,-0.000000000,0.000000000,0.000000000
144,2.879999,B,yup,gripper_r_finger2_body_w,vel,0.000000000,0.000000000,-0.000000000,-0.427416950,-0.225394532,-1.245434642,0.000000000,0.000000000
144,2.879999,B,yup,gripper_r_palm_body_p,pos,1.036925793,0.501809061,0.296456814,1.000000000,0.000000000,0.000000000,0.000000000,0.000000000
144,2.879999,B,yup,gripper_r_palm_body_q,pos,0.000000000,0.000000000,-0.000000000,-0.326137188,0.673362332,0.028664043,-0.662869578,0.000000000
144,2.879999,B,yup,gripper_r_palm_body_v,vel,-0.408904046,0.621462345,-0.192574888,0.000000000,0.000000000,-0.000000000,0.000000000,0.000000000
144,2.879999,B,yup,gripper_r_palm_body_w,vel,0.000000000,0.000000000,-0.000000000,-0.427171588,-0.225286514,-1.245409966,0.000000000,0.000000000
145,2.899999,B,yup,gripper_l_finger1_body_p,pos,-1.391416550,0.813063145,0.367453575,1.000000000,0.000000000,0.000000000,0.000000000,0.000000000
145,2.899999,B,yup,gripper_l_finger1_body_q,pos,0.000000000,0.000000000,-0.000000000,0.857614652,-0.033406336,-0.513013784,0.014070660,0.000000000
145,2.899999,B,yup,gripper_l_finger1_body_v,vel,0.003520673,0.005674371,0.067555740,0.000000000,0.000000000,-0.000000000,0.000000000,0.000000000
145,2.899999,B,yup,gripper_l_finger1_body_w,vel,0.000000000,0.000000000,-0.000000000,0.011827999,-0.090668462,0.009753368,0.000000000,0.000000000
145,2.899999,B,yup,gripper_l_finger2_body_p,pos,-1.282117844,0.798308134,0.362337112,1.000000000,0.000000000,0.000000000,0.000000000,0.000000000
145,2.899999,B,yup,gripper_l_finger2_body_q,pos,0.000000000,0.000000000,-0.000000000,-0.014065103,-0.512874664,0.033408847,0.857697849,0.000000000
145,2.899999,B,yup,gripper_l_finger2_body_v,vel,0.003521610,0.005672895,0.067535080,0.000000000,0.000000000,-0.000000000,0.000000000,0.000000000
145,2.899999,B,yup,gripper_l_finger2_body_w,vel,0.000000000,0.000000000,-0.000000000,0.011827767,-0.090645671,0.009751728,0.000000000,0.000000000
145,2.899999,B,yup,gripper_l_palm_body_p,pos,-1.143800259,0.808409214,0.354028702,1.000000000,0.000000000,0.000000000,0.000000000,0.000000000
145,2.899999,B,yup,gripper_l_palm_body_q,pos,0.000000000,0.000000000,-0.000000000,0.582833100,-0.630078670,-0.372651516,-0.352756707,0.000000000
145,2.899999,B,yup,gripper_l_palm_body_v,vel,0.003521039,0.005673706,0.067546435,0.000000000,0.000000000,-0.000000000,0.000000000,0.000000000
145,2.899999,B,yup,gripper_l_palm_body_w,vel,0.000000000,0.000000000,-0.000000000,0.011827894,-0.090658188,0.009752629,0.000000000,0.000000000
145,2.899999,B,yup,gripper_r_finger1_body_p,pos,1.139581203,0.453891933,0.297883034,1.000000000,0.000000000,0.000000000,0.000000000,0.000000000
145,2.899999,B,yup,gripper_r_finger1_body_q,pos,0.000000000,0.000000000,-0.000000000,0.698494010,-0.253049939,0.449060737,0.496403365,0.000000000
145,2.899999,B,yup,gripper_r_finger1_body_v,vel,-0.414360791,0.603546143,-0.180570886,0.000000000,0.000000000,-0.000000000,0.000000000,0.000000000
145,2.899999,B,yup,gripper_r_finger1_body_w,vel,0.000000000,0.000000000,-0.000000000,-0.428810209,-0.198541105,-1.245459437,0.000000000,0.000000000
145,2.899999,B,yup,gripper_r_finger2_body_p,pos,1.194432259,0.356047213,0.314326763,1.000000000,0.000000000,0.000000000,0.000000000,0.000000000
145,2.899999,B,yup,gripper_r_finger2_body_q,pos,0.000000000,0.000000000,-0.000000000,-0.496445479,0.448944660,0.252967716,0.698568474,0.000000000
145,2.899999,B,yup,gripper_r_finger2_body_v,vel,-0.414376020,0.603599310,-0.180637315,0.000000000,0.000000000,-0.000000000,0.000000000,0.000000000
145,2.899999,B,yup,gripper_r_finger2_body_w,vel,0.000000000,0.000000000,-0.000000000,-0.429071337,-0.198648617,-1.245485663,0.000000000,0.000000000
145,2.899999,B,yup,gripper_r_palm_body_p,pos,1.031956673,0.494461119,0.294909477,1.000000000,0.000000000,0.000000000,0.000000000,0.000000000
145,2.899999,B,yup,gripper_r_palm_body_q,pos,0.000000000,0.000000000,-0.000000000,-0.315031770,0.672840435,0.033532072,-0.668518013,0.000000000
145,2.899999,B,yup,gripper_r_palm_body_v,vel,-0.414362192,0.603551030,-0.180576846,0.000000000,0.000000000,-0.000000000,0.000000000,0.000000000
145,2.899999,B,yup,gripper_r_palm_body_w,vel,0.000000000,0.000000000,-0.000000000,-0.428833455,-0.198550671,-1.245461822,0.000000000,0.000000000
146,2.919999,B,yup,gripper_l_finger1_body_p,pos,-1.391340733,0.813003063,0.367127419,1.000000000,0.000000000,0.000000000,0.000000000,0.000000000
146,2.919999,B,yup,gripper_l_finger1_body_q,pos,0.000000000,0.000000000,-0.000000000,0.858083652,-0.033330243,-0.512237069,0.013954432,0.000000000
146,2.919999,B,yup,gripper_l_finger1_body_v,vel,0.003166194,0.005434561,0.067121007,0.000000000,0.000000000,-0.000000000,0.000000000,0.000000000
146,2.919999,B,yup,gripper_l_finger1_body_w,vel,0.000000000,0.000000000,-0.000000000,0.011860731,-0.090248667,0.008942618,0.000000000,0.000000000
146,2.919999,B,yup,gripper_l_finger2_body_p,pos,-1.281878471,0.798280001,0.362092018,1.000000000,0.000000000,0.000000000,0.000000000,0.000000000
146,2.919999,B,yup,gripper_l_finger2_body_q,pos,0.000000000,0.000000000,-0.000000000,-0.013948888,-0.512097834,0.033332735,0.858166747,0.000000000
146,2.919999,B,yup,gripper_l_finger2_body_v,vel,0.003167051,0.005433111,0.067100644,0.000000000,0.000000000,-0.000000000,0.000000000,0.000000000
146,2.919999,B,yup,gripper_l_finger2_body_w,vel,0.000000000,0.000000000,-0.000000000,0.011860502,-0.090226188,0.008941007,0.000000000,0.000000000
146,2.919999,B,yup,gripper_l_palm_body_p,pos,-1.143741608,0.808369756,0.353927135,1.000000000,0.000000000,0.000000000,0.000000000,0.000000000
146,2.919999,B,yup,gripper_l_palm_body_q,pos,0.000000000,0.000000000,-0.000000000,0.583218532,-0.630356436,-0.372020069,-0.352289620,0.000000000
146,2.919999,B,yup,gripper_l_palm_body_v,vel,0.003166617,0.005433794,0.067110240,0.000000000,0.000000000,-0.000000000,0.000000000,0.000000000
146,2.919999,B,yup,gripper_l_palm_body_w,vel,0.000000000,0.000000000,-0.000000000,0.011860610,-0.090236798,0.008941768,0.000000000,0.000000000
146,2.919999,B,yup,gripper_r_finger1_body_p,pos,1.133026600,0.444331586,0.296950340,1.000000000,0.000000000,0.000000000,0.000000000,0.000000000
146,2.919999,B,yup,gripper_r_finger1_body_q,pos,0.000000000,0.000000000,-0.000000000,0.690265950,-0.260637939,0.449354469,0.503667890,0.000000000
146,2.919999,B,yup,gripper_r_finger1_body_v,vel,-0.419567764,0.585964441,-0.168741226,0.000000000,0.000000000,-0.000000000,0.000000000,0.000000000
146,2.919999,B,yup,gripper_r_finger1_body_w,vel,0.000000000,0.000000000,-0.000000000,-0.430313379,-0.171894923,-1.244849086,0.000000000,0.000000000
146,2.919999,B,yup,gripper_r_finger2_body_p,pos,1.186184406,0.347410858,0.313826561,1.000000000,0.000000000,0.000000000,0.000000000,0.000000000
146,2.919999,B,yup,gripper_r_finger2_body_q,pos,0.000000000,0.000000000,-0.000000000,0.503711198,-0.449239935,-0.260554669,-0.690340333,0.000000000
146,2.919999,B,yup,gripper_r_finger2_body_v,vel,-0.419581771,0.586016774,-0.168802321,0.000000000,0.000000000,-0.000000000,0.000000000,0.000000000
146,2.919999,B,yup,gripper_r_finger2_body_w,vel,0.000000000,0.000000000,-0.000000000,-0.430569679,-0.171993285,-1.244874716,0.000000000,0.000000000
146,2.919999,B,yup,gripper_r_palm_body_p,pos,1.026654720,0.486869276,0.293238163,1.000000000,0.000000000,0.000000000,0.000000000,0.000000000
146,2.919999,B,yup,gripper_r_palm_body_q,pos,0.000000000,0.000000000,-0.000000000,0.303848687,-0.672387429,-0.038461291,0.673863376,0.000000000
146,2.919999,B,yup,gripper_r_palm_body_v,vel,-0.419569194,0.585969687,-0.168747202,0.000000000,0.000000000,-0.000000000,0.000000000,0.000000000
146,2.919999,B,yup,gripper_r_palm_body_w,vel,0.000000000,0.000000000,-0.000000000,-0.430338085,-0.171904400,-1.244851589,0.000000000,0.000000000
147,2.939999,B,yup,gripper_l_finger1_body_p,pos,-1.391264915,0.812952757,0.366801739,1.000000000,0.000000000,0.000000000,0.000000000,0.000000000
147,2.939999,B,yup,gripper_l_finger1_body_q,pos,0.000000000,0.000000000,-0.000000000,0.858549513,-0.033245384,-0.511464471,0.013840985,0.000000000
147,2.939999,B,yup,gripper_l_finger1_body_v,vel,0.002901580,0.005222228,0.066388212,0.000000000,0.000000000,-0.000000000,0.000000000,0.000000000
147,2.939999,B,yup,gripper_l_finger1_body_w,vel,0.000000000,0.000000000,-0.000000000,0.012455405,-0.089759335,0.008325791,0.000000000,0.000000000
147,2.939999,B,yup,gripper_l_finger2_body_p,pos,-1.281640530,0.798262000,0.361847401,1.000000000,0.000000000,0.000000000,0.000000000,0.000000000
147,2.939999,B,yup,gripper_l_finger2_body_q,pos,0.000000000,0.000000000,-0.000000000,-0.013835457,-0.511325186,0.033247859,0.858632467,0.000000000
147,2.939999,B,yup,gripper_l_finger2_body_v,vel,0.002902415,0.005220826,0.066368468,0.000000000,0.000000000,-0.000000000,0.000000000,0.000000000
147,2.939999,B,yup,gripper_l_finger2_body_w,vel,0.000000000,0.000000000,-0.000000000,0.012455181,-0.089737535,0.008324234,0.000000000,0.000000000
147,2.939999,B,yup,gripper_l_palm_body_p,pos,-1.143683434,0.808338284,0.353824615,1.000000000,0.000000000,0.000000000,0.000000000,0.000000000
147,2.939999,B,yup,gripper_l_palm_body_q,pos,0.000000000,0.000000000,-0.000000000,0.583607887,-0.630625837,-0.371393498,-0.351823475,0.000000000
147,2.939999,B,yup,gripper_l_palm_body_v,vel,0.002901994,0.005221483,0.066377722,0.000000000,0.000000000,-0.000000000,0.000000000,0.000000000
147,2.939999,B,yup,gripper_l_palm_body_w,vel,0.000000000,0.000000000,-0.000000000,0.012455286,-0.089747764,0.008324965,0.000000000,0.000000000
147,2.939999,B,yup,gripper_r_finger1_body_p,pos,1.126035690,0.434589207,0.295889854,1.000000000,0.000000000,0.000000000,0.000000000,0.000000000
147,2.939999,B,yup,gripper_r_finger1_body_q,pos,0.000000000,0.000000000,-0.000000000,0.682038269,-0.268323812,0.449395423,0.510754233,0.000000000
147,2.939999,B,yup,gripper_r_finger1_body_v,vel,-0.424395084,0.568601727,-0.157137915,0.000000000,0.000000000,-0.000000000,0.000000000,0.000000000
147,2.939999,B,yup,gripper_r_finger1_body_w,vel,0.000000000,0.000000000,-0.000000000,-0.431574732,-0.145486951,-1.243185043,0.000000000,0.000000000
147,2.939999,B,yup,gripper_r_finger2_body_p,pos,1.177571297,0.338640869,0.313190937,1.000000000,0.000000000,0.000000000,0.000000000,0.000000000
147,2.939999,B,yup,gripper_r_finger2_body_q,pos,0.000000000,0.000000000,-0.000000000,0.510798718,-0.449282491,-0.268239524,-0.682112506,0.000000000
147,2.939999,B,yup,gripper_r_finger2_body_v,vel,-0.424407780,0.568652868,-0.157193631,0.000000000,0.000000000,-0.000000000,0.000000000,0.000000000
147,2.939999,B,yup,gripper_r_finger2_body_w,vel,0.000000000,0.000000000,-0.000000000,-0.431824535,-0.145575985,-1.243209839,0.000000000,0.000000000
147,2.939999,B,yup,gripper_r_palm_body_p,pos,1.021018505,0.479059160,0.291449070,1.000000000,0.000000000,0.000000000,0.000000000,0.000000000
147,2.939999,B,yup,gripper_r_palm_body_q,pos,0.000000000,0.000000000,-0.000000000,0.292596637,-0.672003922,-0.043443210,0.678903988,0.000000000
147,2.939999,B,yup,gripper_r_palm_body_v,vel,-0.424396485,0.568607330,-0.157143816,0.000000000,0.000000000,-0.000000000,0.000000000,0.000000000
147,2.939999,B,yup,gripper_r_palm_body_w,vel,0.000000000,0.000000000,-0.000000000,-0.431600690,-0.145496190,-1.243187666,0.000000000,0.000000000
148,2.959999,B,yup,gripper_l_finger1_body_p,pos,-1.391189575,0.812909484,0.366477013,1.000000000,0.000000000,0.000000000,0.000000000,0.000000000
148,2.959999,B,yup,gripper_l_finger1_body_q,pos,0.000000000,0.000000000,-0.000000000,0.859012094,-0.033146870,-0.510696716,0.013724832,0.000000000
148,2.959999,B,yup,gripper_l_finger1_body_v,vel,0.002745494,0.005054316,0.065319918,0.000000000,0.000000000,-0.000000000,0.000000000,0.000000000
148,2.959999,B,yup,gripper_l_finger1_body_w,vel,0.000000000,0.000000000,-0.000000000,0.013698634,-0.089202113,0.007944716,0.000000000,0.000000000
148,2.959999,B,yup,gripper_l_finger2_body_p,pos,-1.281404018,0.798252702,0.361602306,1.000000000,0.000000000,0.000000000,0.000000000,0.000000000
148,2.959999,B,yup,gripper_l_finger2_body_q,pos,0.000000000,0.000000000,-0.000000000,-0.013719320,-0.510557420,0.033149325,0.859094886,0.000000000
148,2.959999,B,yup,gripper_l_finger2_body_v,vel,0.002746318,0.005052953,0.065300643,0.000000000,0.000000000,-0.000000000,0.000000000,0.000000000
148,2.959999,B,yup,gripper_l_finger2_body_w,vel,0.000000000,0.000000000,-0.000000000,0.013698415,-0.089180835,0.007943202,0.000000000,0.000000000
148,2.959999,B,yup,gripper_l_palm_body_p,pos,-1.143625259,0.808312178,0.353721619,1.000000000,0.000000000,0.000000000,0.000000000,0.000000000
148,2.959999,B,yup,gripper_l_palm_body_q,pos,0.000000000,0.000000000,-0.000000000,0.584004647,-0.630883219,-0.370768429,-0.351362647,0.000000000
148,2.959999,B,yup,gripper_l_palm_body_v,vel,0.002745902,0.005053587,0.065309614,0.000000000,0.000000000,-0.000000000,0.000000000,0.000000000
148,2.959999,B,yup,gripper_l_palm_body_w,vel,0.000000000,0.000000000,-0.000000000,0.013698516,-0.089190759,0.007943908,0.000000000,0.000000000
148,2.959999,B,yup,gripper_r_finger1_body_p,pos,1.118614197,0.424697697,0.294709682,1.000000000,0.000000000,0.000000000,0.000000000,0.000000000
148,2.959999,B,yup,gripper_r_finger1_body_q,pos,0.000000000,0.000000000,-0.000000000,0.673818912,-0.276099298,0.449189847,0.517654067,0.000000000
148,2.959999,B,yup,gripper_r_finger1_body_v,vel,-0.428730488,0.551492035,-0.145767108,0.000000000,0.000000000,-0.000000000,0.000000000,0.000000000
148,2.959999,B,yup,gripper_r_finger1_body_w,vel,0.000000000,0.000000000,-0.000000000,-0.432525665,-0.119414635,-1.240265489,0.000000000,0.000000000
148,2.959999,B,yup,gripper_r_finger2_body_p,pos,1.168601036,0.329767406,0.312428474,1.000000000,0.000000000,0.000000000,0.000000000,0.000000000
148,2.959999,B,yup,gripper_r_finger2_body_q,pos,0.000000000,0.000000000,-0.000000000,0.517699763,-0.449078527,-0.276014088,-0.673892911,0.000000000
148,2.959999,B,yup,gripper_r_finger2_body_v,vel,-0.428741932,0.551541746,-0.145817667,0.000000000,0.000000000,-0.000000000,0.000000000,0.000000000
148,2.959999,B,yup,gripper_r_finger2_body_w,vel,0.000000000,0.000000000,-0.000000000,-0.432768166,-0.119494535,-1.240289330,0.000000000,0.000000000
148,2.959999,B,yup,gripper_r_palm_body_p,pos,1.015049934,0.471059859,0.289549351,1.000000000,0.000000000,0.000000000,0.000000000,0.000000000
148,2.959999,B,yup,gripper_r_palm_body_q,pos,0.000000000,0.000000000,-0.000000000,0.281287073,-0.671689627,-0.048467558,0.683638445,0.000000000
148,2.959999,B,yup,gripper_r_palm_body_v,vel,-0.428731859,0.551497936,-0.145772889,0.000000000,0.000000000,-0.000000000,0.000000000,0.000000000
148,2.959999,B,yup,gripper_r_palm_body_w,vel,0.000000000,0.000000000,-0.000000000,-0.432552695,-0.119423531,-1.240268111,0.000000000,0.000000000
149,2.979999,B,yup,gripper_l_finger1_body_p,pos,-1.391113758,0.812870264,0.366153240,1.000000000,0.000000000,0.000000000,0.000000000,0.000000000
149,2.979999,B,yup,gripper_l_finger1_body_q,pos,0.000000000,0.000000000,-0.000000000,0.859471401,-0.033035986,-0.509933775,0.013604396,0.000000000
149,2.979999,B,yup,gripper_l_finger1_body_v,vel,0.002666367,0.004937007,0.064288475,0.000000000,0.000000000,-0.000000000,0.000000000,0.000000000
149,2.979999,B,yup,gripper_l_finger1_body_w,vel,0.000000000,0.000000000,-0.000000000,0.014868650,-0.088638112,0.007732644,0.000000000,0.000000000
149,2.979999,B,yup,gripper_l_finger2_body_p,pos,-1.281168461,0.798249602,0.361357689,1.000000000,0.000000000,0.000000000,0.000000000,0.000000000
149,2.979999,B,yup,gripper_l_finger2_body_q,pos,0.000000000,0.000000000,-0.000000000,-0.013598904,-0.509794416,0.033038419,0.859554062,0.000000000
149,2.979999,B,yup,gripper_l_finger2_body_v,vel,0.002667151,0.004935660,0.064269342,0.000000000,0.000000000,-0.000000000,0.000000000,0.000000000
149,2.979999,B,yup,gripper_l_finger2_body_w,vel,0.000000000,0.000000000,-0.000000000,0.014868432,-0.088616982,0.007731147,0.000000000,0.000000000
149,2.979999,B,yup,gripper_l_palm_body_p,pos,-1.143568039,0.808289170,0.353617668,1.000000000,0.000000000,0.000000000,0.000000000,0.000000000
149,2.979999,B,yup,gripper_l_palm_body_q,pos,0.000000000,0.000000000,-0.000000000,0.584407820,-0.631129567,-0.370143714,-0.350908252,0.000000000
149,2.979999,B,yup,gripper_l_palm_body_v,vel,0.002666810,0.004936216,0.064277254,0.000000000,0.000000000,-0.000000000,0.000000000,0.000000000
149,2.979999,B,yup,gripper_l_palm_body_w,vel,0.000000000,0.000000000,-0.000000000,0.014868522,-0.088625744,0.007731767,0.000000000,0.000000000
149,2.979999,B,yup,gripper_r_finger1_body_p,pos,1.110770702,0.414693654,0.293419361,1.000000000,0.000000000,0.000000000,0.000000000,0.000000000
149,2.979999,B,yup,gripper_r_finger1_body_q,pos,0.000000000,0.000000000,-0.000000000,0.665616557,-0.283954320,0.448745069,0.524359044,0.000000000
149,2.979999,B,yup,gripper_r_finger1_body_v,vel,-0.432450920,0.534692407,-0.134636328,0.000000000,0.000000000,-0.000000000,0.000000000,0.000000000
149,2.979999,B,yup,gripper_r_finger1_body_w,vel,0.000000000,0.000000000,-0.000000000,-0.433096319,-0.093788110,-1.235921025,0.000000000,0.000000000
149,2.979999,B,yup,gripper_r_finger2_body_p,pos,1.159284592,0.320824087,0.311550140,1.000000000,0.000000000,0.000000000,0.000000000,0.000000000
149,2.979999,B,yup,gripper_r_finger2_body_q,pos,0.000000000,0.000000000,-0.000000000,0.524405888,-0.448635398,-0.283868222,-0.665690301,0.000000000
149,2.979999,B,yup,gripper_r_finger2_body_v,vel,-0.432461113,0.534740627,-0.134682059,0.000000000,0.000000000,-0.000000000,0.000000000,0.000000000
149,2.979999,B,yup,gripper_r_finger2_body_w,vel,0.000000000,0.000000000,-0.000000000,-0.433331192,-0.093859300,-1.235943794,0.000000000,0.000000000
149,2.979999,B,yup,gripper_r_palm_body_p,pos,1.008752823,0.462903678,0.287547112,1.000000000,0.000000000,0.000000000,0.000000000,0.000000000
149,2.979999,B,yup,gripper_r_palm_body_q,pos,0.000000000,0.000000000,-0.000000000,0.269933224,-0.671443583,-0.053523213,0.688066011,0.000000000
149,2.979999,B,yup,gripper_r_palm_body_v,vel,-0.432452232,0.534698546,-0.134641960,0.000000000,0.000000000,-0.000000000,0.000000000,0.000000000
149,2.979999,B,yup,gripper_r_palm_body_w,vel,0.000000000,0.000000000,-0.000000000,-0.433124304,-0.093796588,-1.235923767,0.000000000,0.000000000
150,2.999999,B,yup,gripper_l_finger1_body_p,pos,-1.391038418,0.812834024,0.365830421,1.000000000,0.000000000,0.000000000,0.000000000,0.000000000
150,2.999999,B,yup,gripper_l_finger1_body_q,pos,0.000000000,0.000000000,-0.000000000,0.859927397,-0.032914068,-0.509175654,0.013479233,0.000000000
150,2.999999,B,yup,gripper_l_finger1_body_v,vel,0.002611139,0.004849051,0.063274235,0.000000000,0.000000000,-0.000000000,0.000000000,0.000000000
150,2.999999,B,yup,gripper_l_finger1_body_w,vel,0.000000000,0.000000000,-0.000000000,0.015958408,-0.088049889,0.007574373,0.000000000,0.000000000
150,2.999999,B,yup,gripper_l_finger2_body_p,pos,-1.280934334,0.798251271,0.361113548,1.000000000,0.000000000,0.000000000,0.000000000,0.000000000
150,2.999999,B,yup,gripper_l_finger2_body_q,pos,0.000000000,0.000000000,-0.000000000,-0.013473761,-0.509036246,0.032916483,0.860009920,0.000000000
150,2.999999,B,yup,gripper_l_finger2_body_v,vel,0.002611870,0.004847736,0.063255481,0.000000000,0.000000000,-0.000000000,0.000000000,0.000000000
150,2.999999,B,yup,gripper_l_finger2_body_w,vel,0.000000000,0.000000000,-0.000000000,0.015958194,-0.088029169,0.007572912,0.000000000,0.000000000
150,2.999999,B,yup,gripper_l_palm_body_p,pos,-1.143510818,0.808268189,0.353513241,1.000000000,0.000000000,0.000000000,0.000000000,0.000000000
150,2.999999,B,yup,gripper_l_palm_body_q,pos,0.000000000,0.000000000,-0.000000000,0.584816439,-0.631365771,-0.369519082,-0.350460616,0.000000000
150,2.999999,B,yup,gripper_l_palm_body_v,vel,0.002611618,0.004848203,0.063262135,0.000000000,0.000000000,-0.000000000,0.000000000,0.000000000
150,2.999999,B,yup,gripper_l_palm_body_w,vel,0.000000000,0.000000000,-0.000000000,0.015958270,-0.088036560,0.007573434,0.000000000,0.000000000
150,2.999999,B,yup,gripper_r_finger1_body_p,pos,1.102519989,0.404616535,0.292029381,1.000000000,0.000000000,0.000000000,0.000000000,0.000000000
150,2.999999,B,yup,gripper_r_finger1_body_q,pos,0.000000000,0.000000000,-0.000000000,0.657440911,-0.291876913,0.448069634,0.530860546,0.000000000
150,2.999999,B,yup,gripper_r_finger1_body_v,vel,-0.435428470,0.518221736,-0.123761654,0.000000000,0.000000000,-0.000000000,0.000000000,0.000000000
150,2.999999,B,yup,gripper_r_finger1_body_w,vel,0.000000000,0.000000000,-0.000000000,-0.433215141,-0.068734273,-1.229952216,0.000000000,0.000000000
150,2.999999,B,yup,gripper_r_finger2_body_p,pos,1.149638653,0.311846793,0.310566902,1.000000000,0.000000000,0.000000000,0.000000000,0.000000000
150,2.999999,B,yup,gripper_r_finger2_body_q,pos,0.000000000,0.000000000,-0.000000000,0.530908537,-0.447961571,-0.291789950,-0.657514396,0.000000000
150,2.999999,B,yup,gripper_r_finger2_body_v,vel,-0.435437471,0.518268466,-0.123802923,0.000000000,0.000000000,-0.000000000,0.000000000,0.000000000
150,2.999999,B,yup,gripper_r_finger2_body_w,vel,0.000000000,0.000000000,-0.000000000,-0.433442265,-0.068797238,-1.229973912,0.000000000,0.000000000
150,2.999999,B,yup,gripper_r_palm_body_p,pos,1.002136230,0.454626143,0.285452843,1.000000000,0.000000000,0.000000000,0.000000000,0.000000000
150,2.999999,B,yup,gripper_r_palm_body_q,pos,0.000000000,0.000000000,-0.000000000,0.258550435,-0.671264229,-0.058598086,0.692186587,0.000000000
150,2.999999,B,yup,gripper_r_palm_body_v,vel,-0.435429722,0.518228114,-0.123767108,0.000000000,0.000000000,-0.000000000,0.000000000,0.000000000
150,2.999999,B,yup,gripper_r_palm_body_w,vel,0.000000000,0.000000000,-0.000000000,-0.433243990,-0.068742275,-1.229954958,0.000000000,0.000000000
151,3.019999,B,yup,gripper_l_finger1_body_p,pos,-1.390962601,0.812800884,0.365509510,1.000000000,0.000000000,0.000000000,0.000000000,0.000000000
151,3.019999,B,yup,gripper_l_finger1_body_q,pos,0.000000000,0.000000000,-0.000000000,0.860379893,-0.032781974,-0.508422618,0.013350012,0.000000000
151,3.019999,B,yup,gripper_l_finger1_body_v,vel,0.002524999,0.004759483,0.062272958,0.000000000,0.000000000,-0.000000000,0.000000000,0.000000000
151,3.019999,B,yup,gripper_l_finger1_body_w,vel,0.000000000,0.000000000,-0.000000000,0.016954508,-0.087434828,0.007350145,0.000000000,0.000000000
151,3.019999,B,yup,gripper_l_finger2_body_p,pos,-1.280701637,0.798257828,0.360869884,1.000000000,0.000000000,0.000000000,0.000000000,0.000000000
151,3.019999,B,yup,gripper_l_finger2_body_q,pos,0.000000000,0.000000000,-0.000000000,-0.013344565,-0.508283200,0.032784365,0.860462257,0.000000000
151,3.019999,B,yup,gripper_l_finger2_body_v,vel,0.002525665,0.004758221,0.062254872,0.000000000,0.000000000,-0.000000000,0.000000000,0.000000000
151,3.019999,B,yup,gripper_l_finger2_body_w,vel,0.000000000,0.000000000,-0.000000000,0.016954301,-0.087414838,0.007348743,0.000000000,0.000000000
151,3.019999,B,yup,gripper_l_palm_body_p,pos,-1.143453598,0.808249712,0.353408813,1.000000000,0.000000000,0.000000000,0.000000000,0.000000000
151,3.019999,B,yup,gripper_l_palm_body_q,pos,0.000000000,0.000000000,-0.000000000,0.585229812,-0.631592273,-0.368895173,-0.350019455,0.000000000
151,3.019999,B,yup,gripper_l_palm_body_v,vel,0.002525504,0.004758595,0.062260222,0.000000000,0.000000000,-0.000000000,0.000000000,0.000000000
151,3.019999,B,yup,gripper_l_palm_body_w,vel,0.000000000,0.000000000,-0.000000000,0.016954362,-0.087420799,0.007349161,0.000000000,0.000000000
151,3.019999,B,yup,gripper_r_finger1_body_p,pos,1.093879700,0.394508421,0.290552139,1.000000000,0.000000000,0.000000000,0.000000000,0.000000000
151,3.019999,B,yup,gripper_r_finger1_body_q,pos,0.000000000,0.000000000,-0.000000000,0.649302711,-0.299853055,0.447173474,0.537149904,0.000000000
151,3.019999,B,yup,gripper_r_finger1_body_v,vel,-0.437536746,0.502070367,-0.113164224,0.000000000,0.000000000,-0.000000000,0.000000000,0.000000000
151,3.019999,B,yup,gripper_r_finger1_body_w,vel,0.000000000,0.000000000,-0.000000000,-0.432812423,-0.044391848,-1.222146988,0.000000000,0.000000000
151,3.019999,B,yup,gripper_r_finger2_body_p,pos,1.139682770,0.302873790,0.309492588,1.000000000,0.000000000,0.000000000,0.000000000,0.000000000
151,3.019999,B,yup,gripper_r_finger2_body_q,pos,0.000000000,0.000000000,-0.000000000,0.537199097,-0.447067055,-0.299765321,-0.649375801,0.000000000
151,3.019999,B,yup,gripper_r_finger2_body_v,vel,-0.437544614,0.502115488,-0.113201365,0.000000000,0.000000000,-0.000000000,0.000000000,0.000000000
151,3.019999,B,yup,gripper_r_finger2_body_w,vel,0.000000000,0.000000000,-0.000000000,-0.433031738,-0.044447061,-1.222167730,0.000000000,0.000000000
151,3.019999,B,yup,gripper_r_palm_body_p,pos,0.995212078,0.446265161,0.283278465,1.000000000,0.000000000,0.000000000,0.000000000,0.000000000
151,3.019999,B,yup,gripper_r_palm_body_q,pos,0.000000000,0.000000000,-0.000000000,0.247156174,-0.671149198,-0.063679010,0.696001123,0.000000000
151,3.019999,B,yup,gripper_r_palm_body_v,vel,-0.437537909,0.502076924,-0.113169484,0.000000000,0.000000000,-0.000000000,0.000000000,0.000000000
151,3.019999,B,yup,gripper_r_palm_body_w,vel,0.000000000,0.000000000,-0.000000000,-0.432842076,-0.044399310,-1.222149849,0.000000000,0.000000000
152,3.039999,B,yup,gripper_l_finger1_body_p,pos,-1.390887260,0.812772393,0.365189552,1.000000000,0.000000000,0.000000000,0.000000000,0.000000000
152,3.039999,B,yup,gripper_l_finger1_body_q,pos,0.000000000,0.000000000,-0.000000000,0.860828765,-0.032640427,-0.507674815,0.013218261,0.000000000
152,3.039999,B,yup,gripper_l_finger1_body_v,vel,0.002387852,0.004646579,0.061307430,0.000000000,0.000000000,-0.000000000,0.000000000,0.000000000
152,3.039999,B,yup,gripper_l_finger1_body_w,vel,0.000000000,0.000000000,-0.000000000,0.017819684,-0.086801268,0.007015036,0.000000000,0.000000000
152,3.039999,B,yup,gripper_l_finger2_body_p,pos,-1.280470371,0.798270345,0.360626698,1.000000000,0.000000000,0.000000000,0.000000000,0.000000000
152,3.039999,B,yup,gripper_l_finger2_body_q,pos,0.000000000,0.000000000,-0.000000000,-0.013212838,-0.507535336,0.032642800,0.860911001,0.000000000
152,3.039999,B,yup,gripper_l_finger2_body_v,vel,0.002388448,0.004645380,0.061290156,0.000000000,0.000000000,-0.000000000,0.000000000,0.000000000
152,3.039999,B,yup,gripper_l_finger2_body_w,vel,0.000000000,0.000000000,-0.000000000,0.017819487,-0.086782172,0.007013704,0.000000000,0.000000000
152,3.039999,B,yup,gripper_l_palm_body_p,pos,-1.143396854,0.808234811,0.353303909,1.000000000,0.000000000,0.000000000,0.000000000,0.000000000
152,3.039999,B,yup,gripper_l_palm_body_q,pos,0.000000000,0.000000000,-0.000000000,0.585647271,-0.631809588,-0.368273167,-0.349583743,0.000000000
152,3.039999,B,yup,gripper_l_palm_body_v,vel,0.002388379,0.004645662,0.061294209,0.000000000,0.000000000,-0.000000000,0.000000000,0.000000000
152,3.039999,B,yup,gripper_l_palm_body_w,vel,0.000000000,0.000000000,-0.000000000,0.017819533,-0.086786710,0.007014020,0.000000000,0.000000000
152,3.039999,B,yup,gripper_r_finger1_body_p,pos,1.084874630,0.384413302,0.289002419,1.000000000,0.000000000,0.000000000,0.000000000,0.000000000
152,3.039999,B,yup,gripper_r_finger1_body_q,pos,0.000000000,0.000000000,-0.000000000,0.641213729,-0.307867290,0.446067217,0.543218854,0.000000000
152,3.039999,B,yup,gripper_r_finger1_body_v,vel,-0.438621759,0.486343712,-0.102747716,0.000000000,0.000000000,-0.000000000,0.000000000,0.000000000
152,3.039999,B,yup,gripper_r_finger1_body_w,vel,0.000000000,0.000000000,-0.000000000,-0.431809604,-0.020802153,-1.212427020,0.000000000,0.000000000
152,3.039999,B,yup,gripper_r_finger2_body_p,pos,1.129442215,0.293945014,0.308340549,1.000000000,0.000000000,0.000000000,0.000000000,0.000000000
152,3.039999,B,yup,gripper_r_finger2_body_q,pos,0.000000000,0.000000000,-0.000000000,0.543269210,-0.445962428,-0.307778805,-0.641286431,0.000000000
152,3.039999,B,yup,gripper_r_finger2_body_v,vel,-0.438628554,0.486387312,-0.102781132,0.000000000,0.000000000,-0.000000000,0.000000000,0.000000000
152,3.039999,B,yup,gripper_r_finger2_body_w,vel,0.000000000,0.000000000,-0.000000000,-0.432021499,-0.020850202,-1.212446570,0.000000000,0.000000000
152,3.039999,B,yup,gripper_r_palm_body_p,pos,0.987998009,0.437860548,0.281036854,1.000000000,0.000000000,0.000000000,0.000000000,0.000000000
152,3.039999,B,yup,gripper_r_palm_body_q,pos,0.000000000,0.000000000,-0.000000000,0.235769746,-0.671095958,-0.068752608,0.699511201,0.000000000
152,3.039999,B,yup,gripper_r_palm_body_v,vel,-0.438622832,0.486350507,-0.102752827,0.000000000,0.000000000,-0.000000000,0.000000000,0.000000000
152,3.039999,B,yup,gripper_r_palm_body_w,vel,0.000000000,0.000000000,-0.000000000,-0.431840301,-0.020809116,-1.212429762,0.000000000,0.000000000
153,3.059999,B,yup,gripper_l_finger1_body_p,pos,-1.390811920,0.812749743,0.364871025,1.000000000,0.000000000,0.000000000,0.000000000,0.000000000
153,3.059999,B,yup,gripper_l_finger1_body_q,pos,0.000000000,0.000000000,-0.000000000,0.861273929,-0.032490264,-0.506932314,0.013085509,0.000000000
153,3.059999,B,yup,gripper_l_finger1_body_v,vel,0.002219724,0.004510685,0.060391337,0.000000000,0.000000000,-0.000000000,0.000000000,0.000000000
153,3.059999,B,yup,gripper_l_finger1_body_w,vel,0.000000000,0.000000000,-0.000000000,0.018544348,-0.086154155,0.006611654,0.000000000,0.000000000
153,3.059999,B,yup,gripper_l_finger2_body_p,pos,-1.280240536,0.798289657,0.360383987,1.000000000,0.000000000,0.000000000,0.000000000,0.000000000
153,3.059999,B,yup,gripper_l_finger2_body_q,pos,0.000000000,0.000000000,-0.000000000,-0.013080111,-0.506792838,0.032492611,0.861356001,0.000000000
153,3.059999,B,yup,gripper_l_finger2_body_v,vel,0.002220252,0.004509547,0.060374852,0.000000000,0.000000000,-0.000000000,0.000000000,0.000000000
153,3.059999,B,yup,gripper_l_finger2_body_w,vel,0.000000000,0.000000000,-0.000000000,0.018544158,-0.086135924,0.006610388,0.000000000,0.000000000
153,3.059999,B,yup,gripper_l_palm_body_p,pos,-1.143341064,0.808224440,0.353198528,1.000000000,0.000000000,0.000000000,0.000000000,0.000000000
153,3.059999,B,yup,gripper_l_palm_body_q,pos,0.000000000,0.000000000,-0.000000000,0.586068220,-0.632018091,-0.367654265,-0.349152566,0.000000000
153,3.059999,B,yup,gripper_l_palm_body_v,vel,0.002220270,0.004509745,0.060377710,0.000000000,0.000000000,-0.000000000,0.000000000,0.000000000
153,3.059999,B,yup,gripper_l_palm_body_w,vel,0.000000000,0.000000000,-0.000000000,0.018544191,-0.086139150,0.006610612,0.000000000,0.000000000
153,3.059999,B,yup,gripper_r_finger1_body_p,pos,1.075533867,0.374376833,0.287395954,1.000000000,0.000000000,0.000000000,0.000000000,0.000000000
153,3.059999,B,yup,gripper_r_finger1_body_q,pos,0.000000000,0.000000000,-0.000000000,0.633186686,-0.315903274,0.444762257,0.549059448,0.000000000
153,3.059999,B,yup,gripper_r_finger1_body_v,vel,-0.438516319,0.471119910,-0.092439473,0.000000000,0.000000000,-0.000000000,0.000000000,0.000000000
153,3.059999,B,yup,gripper_r_finger1_body_w,vel,0.000000000,0.000000000,-0.000000000,-0.430197030,0.001946600,-1.200682163,0.000000000,0.000000000
153,3.059999,B,yup,gripper_r_finger2_body_p,pos,1.118947506,0.285101712,0.307127953,1.000000000,0.000000000,0.000000000,0.000000000,0.000000000
153,3.059999,B,yup,gripper_r_finger2_body_q,pos,0.000000000,0.000000000,-0.000000000,0.549110951,-0.444659114,-0.315814108,-0.633258939,0.000000000
153,3.059999,B,yup,gripper_r_finger2_body_v,vel,-0.438522100,0.471162051,-0.092469521,0.000000000,0.000000000,-0.000000000,0.000000000,0.000000000
153,3.059999,B,yup,gripper_r_finger2_body_w,vel,0.000000000,0.000000000,-0.000000000,-0.430401832,0.001905174,-1.200700760,0.000000000,0.000000000
153,3.059999,B,yup,gripper_r_palm_body_p,pos,0.980515957,0.429454625,0.278744221,1.000000000,0.000000000,0.000000000,0.000000000,0.000000000
153,3.059999,B,yup,gripper_r_palm_body_q,pos,0.000000000,0.000000000,-0.000000000,0.224411663,-0.671101858,-0.073805204,0.702719357,0.000000000
153,3.059999,B,yup,gripper_r_palm_body_v,vel,-0.438517272,0.471127003,-0.092444457,0.000000000,0.000000000,-0.000000000,0.000000000,0.000000000
153,3.059999,B,yup,gripper_r_palm_body_w,vel,0.000000000,0.000000000,-0.000000000,-0.430228949,0.001940139,-1.200685024,0.000000000,0.000000000
154,3.079999,B,yup,gripper_l_finger1_body_p,pos,-1.390736580,0.812732935,0.364554405,1.000000000,0.000000000,0.000000000,0.000000000,0.000000000
154,3.079999,B,yup,gripper_l_finger1_body_q,pos,0.000000000,0.000000000,-0.000000000,0.861715212,-0.032332223,-0.506195370,0.012952539,0.000000000
154,3.079999,B,yup,gripper_l_finger1_body_v,vel,0.002052476,0.004367441,0.059506319,0.000000000,0.000000000,-0.000000000,0.000000000,0.000000000
154,3.079999,B,yup,gripper_l_finger1_body_w,vel,0.000000000,0.000000000,-0.000000000,0.019172935,-0.085489228,0.006209382,0.000000000,0.000000000
154,3.079999,B,yup,gripper_l_finger2_body_p,pos,-1.280012608,0.798315763,0.360142231,1.000000000,0.000000000,0.000000000,0.000000000,0.000000000
154,3.079999,B,yup,gripper_l_finger2_body_q,pos,0.000000000,0.000000000,-0.000000000,-0.012947169,-0.506055833,0.032334551,0.861797158,0.000000000
154,3.079999,B,yup,gripper_l_finger2_body_v,vel,0.002052945,0.004366355,0.059490513,0.000000000,0.000000000,-0.000000000,0.000000000,0.000000000
154,3.079999,B,yup,gripper_l_finger2_body_w,vel,0.000000000,0.000000000,-0.000000000,0.019172752,-0.085471734,0.006208175,0.000000000,0.000000000
154,3.079999,B,yup,gripper_l_palm_body_p,pos,-1.143285275,0.808218718,0.353092670,1.000000000,0.000000000,0.000000000,0.000000000,0.000000000
154,3.079999,B,yup,gripper_l_palm_body_q,pos,0.000000000,0.000000000,-0.000000000,0.586491957,-0.632218365,-0.367039087,-0.348725440,0.000000000
154,3.079999,B,yup,gripper_l_palm_body_v,vel,0.002053039,0.004366482,0.059492338,0.000000000,0.000000000,-0.000000000,0.000000000,0.000000000
154,3.079999,B,yup,gripper_l_palm_body_w,vel,0.000000000,0.000000000,-0.000000000,0.019172775,-0.085473828,0.006208319,0.000000000,0.000000000
154,3.079999,B,yup,gripper_r_finger1_body_p,pos,1.065892696,0.364445508,0.285750866,1.000000000,0.000000000,0.000000000,0.000000000,0.000000000
154,3.079999,B,yup,gripper_r_finger1_body_q,pos,0.000000000,0.000000000,-0.000000000,0.625234822,-0.323943076,0.443272676,0.554663534,0.000000000
154,3.079999,B,yup,gripper_r_finger1_body_v,vel,-0.437090576,0.456282884,-0.082318969,0.000000000,0.000000000,-0.000000000,0.000000000,0.000000000
154,3.079999,B,yup,gripper_r_finger1_body_w,vel,0.000000000,0.000000000,-0.000000000,-0.428031534,0.023617867,-1.186612248,0.000000000,0.000000000
154,3.079999,B,yup,gripper_r_finger2_body_p,pos,1.108235359,0.276385963,0.305872440,1.000000000,0.000000000,0.000000000,0.000000000,0.000000000
154,3.079999,B,yup,gripper_r_finger2_body_q,pos,0.000000000,0.000000000,-0.000000000,0.554716190,-0.443171117,-0.323853287,-0.625306612,0.000000000
154,3.079999,B,yup,gripper_r_finger2_body_v,vel,-0.437095433,0.456323534,-0.082345918,0.000000000,0.000000000,-0.000000000,0.000000000,0.000000000
154,3.079999,B,yup,gripper_r_finger2_body_w,vel,0.000000000,0.000000000,-0.000000000,-0.428229123,0.023582648,-1.186629772,0.000000000,0.000000000
154,3.079999,B,yup,gripper_r_palm_body_p,pos,0.972793579,0.421090424,0.276416779,1.000000000,0.000000000,0.000000000,0.000000000,0.000000000
154,3.079999,B,yup,gripper_r_palm_body_q,pos,0.000000000,0.000000000,-0.000000000,0.213104011,-0.671163623,-0.078821131,0.705629720,0.000000000
154,3.079999,B,yup,gripper_r_palm_body_v,vel,-0.437091470,0.456290185,-0.082323782,0.000000000,0.000000000,-0.000000000,0.000000000,0.000000000
154,3.079999,B,yup,gripper_r_palm_body_w,vel,0.000000000,0.000000000,-0.000000000,-0.428064436,0.023612004,-1.186615229,0.000000000,0.000000000
155,3.099999,B,yup,gripper_l_finger1_body_p,pos,-1.390661716,0.812721491,0.364238739,1.000000000,0.000000000,0.000000000,0.000000000,0.000000000
155,3.099999,B,yup,gripper_l_finger1_body_q,pos,0.000000000,0.000000000,-0.000000000,0.862152537,-0.032167141,-0.505464082,0.012819469,0.000000000
155,3.099999,B,yup,gripper_l_finger1_body_v,vel,0.001911515,0.004232224,0.058643412,0.000000000,0.000000000,-0.000000000,0.000000000,0.000000000
155,3.099999,B,yup,gripper_l_finger1_body_w,vel,0.000000000,0.000000000,-0.000000000,0.019728266,-0.084803432,0.005863861,0.000000000,0.000000000
155,3.099999,B,yup,gripper_l_finger2_body_p,pos,-1.279786587,0.798347712,0.359901905,1.000000000,0.000000000,0.000000000,0.000000000,0.000000000
155,3.099999,B,yup,gripper_l_finger2_body_q,pos,0.000000000,0.000000000,-0.000000000,-0.012814127,-0.505324484,0.032169443,0.862234359,0.000000000
155,3.099999,B,yup,gripper_l_finger2_body_v,vel,0.001911936,0.004231181,0.058628131,0.000000000,0.000000000,-0.000000000,0.000000000,0.000000000
155,3.099999,B,yup,gripper_l_finger2_body_w,vel,0.000000000,0.000000000,-0.000000000,0.019728089,-0.084786512,0.005862701,0.000000000,0.000000000
155,3.099999,B,yup,gripper_l_palm_body_p,pos,-1.143229961,0.808217168,0.352986813,1.000000000,0.000000000,0.000000000,0.000000000,0.000000000
155,3.099999,B,yup,gripper_l_palm_body_q,pos,0.000000000,0.000000000,-0.000000000,0.586917917,-0.632410819,-0.366427865,-0.348302361,0.000000000
155,3.099999,B,yup,gripper_l_palm_body_v,vel,0.001912097,0.004231245,0.058629055,0.000000000,0.000000000,-0.000000000,0.000000000,0.000000000
155,3.099999,B,yup,gripper_l_palm_body_w,vel,0.000000000,0.000000000,-0.000000000,0.019728100,-0.084787615,0.005862776,0.000000000,0.000000000
155,3.099999,B,yup,gripper_r_finger1_body_p,pos,1.055993080,0.354664981,0.284085274,1.000000000,0.000000000,0.000000000,0.000000000,0.000000000
155,3.099999,B,yup,gripper_r_finger1_body_q,pos,0.000000000,0.000000000,-0.000000000,0.617372466,-0.331966611,0.441615405,0.560022536,0.000000000
155,3.099999,B,yup,gripper_r_finger1_body_v,vel,-0.434247404,0.441678911,-0.072474264,0.000000000,0.000000000,-0.000000000,0.000000000,0.000000000
155,3.099999,B,yup,gripper_r_finger1_body_w,vel,0.000000000,0.000000000,-0.000000000,-0.425332963,0.043985575,-1.169925094,0.000000000,0.000000000
155,3.099999,B,yup,gripper_r_finger2_body_p,pos,1.097346306,0.267838776,0.304592133,1.000000000,0.000000000,0.000000000,0.000000000,0.000000000
155,3.099999,B,yup,gripper_r_finger2_body_q,pos,0.000000000,0.000000000,-0.000000000,0.560076330,-0.441515452,-0.331876223,-0.617443749,0.000000000
155,3.099999,B,yup,gripper_r_finger2_body_v,vel,-0.434251368,0.441717982,-0.072498351,0.000000000,0.000000000,-0.000000000,0.000000000,0.000000000
155,3.099999,B,yup,gripper_r_finger2_body_w,vel,0.000000000,0.000000000,-0.000000000,-0.425523162,0.043956149,-1.169941545,0.000000000,0.000000000
155,3.099999,B,yup,gripper_r_palm_body_p,pos,0.964862823,0.412810981,0.274073124,1.000000000,0.000000000,0.000000000,0.000000000,0.000000000
155,3.099999,B,yup,gripper_r_palm_body_q,pos,0.000000000,0.000000000,-0.000000000,0.201871081,-0.671277160,-0.083782270,0.708248242,0.000000000
155,3.099999,B,yup,gripper_r_palm_body_v,vel,-0.434248149,0.441686332,-0.072478861,0.000000000,0.000000000,-0.000000000,0.000000000,0.000000000
155,3.099999,B,yup,gripper_r_palm_body_w,vel,0.000000000,0.000000000,-0.000000000,-0.425366491,0.043980390,-1.169927955,0.000000000,0.000000000
156,3.119999,B,yup,gripper_l_finger1_body_p,pos,-1.390586853,0.812713981,0.363925457,1.000000000,0.000000000,0.000000000,0.000000000,0.000000000
156,3.119999,B,yup,gripper_l_finger1_body_q,pos,0.000000000,0.000000000,-0.000000000,0.862585786,-0.031995975,-0.504738630,0.012686052,0.000000000
156,3.119999,B,yup,gripper_l_finger1_body_v,vel,0.001807104,0.004113505,0.057798561,0.000000000,0.000000000,-0.000000000,0.000000000,0.000000000
156,3.119999,B,yup,gripper_l_finger1_body_w,vel,0.000000000,0.000000000,-0.000000000,0.020218609,-0.084094666,0.005597907,0.000000000,0.000000000
156,3.119999,B,yup,gripper_l_finger2_body_p,pos,-1.279561996,0.798384428,0.359662056,1.000000000,0.000000000,0.000000000,0.000000000,0.000000000
156,3.119999,B,yup,gripper_l_finger2_body_q,pos,0.000000000,0.000000000,-0.000000000,-0.012680738,-0.504598971,0.031998258,0.862667484,0.000000000
156,3.119999,B,yup,gripper_l_finger2_body_v,vel,0.001807483,0.004112498,0.057783730,0.000000000,0.000000000,-0.000000000,0.000000000,0.000000000
156,3.119999,B,yup,gripper_l_finger2_body_w,vel,0.000000000,0.000000000,-0.000000000,0.020218438,-0.084078237,0.005596788,0.000000000,0.000000000
156,3.119999,B,yup,gripper_l_palm_body_p,pos,-1.143175125,0.808218718,0.352880955,1.000000000,0.000000000,0.000000000,0.000000000,0.000000000
156,3.119999,B,yup,gripper_l_palm_body_q,pos,0.000000000,0.000000000,-0.000000000,0.587345268,-0.632596126,-0.365820492,-0.347883666,0.000000000
156,3.119999,B,yup,gripper_l_palm_body_v,vel,0.001807704,0.004112507,0.057783835,0.000000000,0.000000000,-0.000000000,0.000000000,0.000000000
156,3.119999,B,yup,gripper_l_palm_body_w,vel,0.000000000,0.000000000,-0.000000000,0.020218439,-0.084078439,0.005596801,0.000000000,0.000000000
156,3.119999,B,yup,gripper_r_finger1_body_p,pos,1.045880318,0.345082700,0.282415390,1.000000000,0.000000000,0.000000000,0.000000000,0.000000000
156,3.119999,B,yup,gripper_r_finger1_body_q,pos,0.000000000,0.000000000,-0.000000000,0.609626029,-0.339942788,0.439796693,0.565131732,0.000000000
156,3.119999,B,yup,gripper_r_finger1_body_v,vel,-0.429424345,0.424064398,-0.060290992,0.000000000,0.000000000,-0.000000000,0.000000000,0.000000000
156,3.119999,B,yup,gripper_r_finger1_body_w,vel,0.000000000,0.000000000,-0.000000000,-0.408514351,0.067068517,-1.148230076,0.000000000,0.000000000
156,3.119999,B,yup,gripper_r_finger2_body_p,pos,1.086328030,0.259499192,0.303302288,1.000000000,0.000000000,0.000000000,0.000000000,0.000000000
156,3.119999,B,yup,gripper_r_finger2_body_q,pos,0.000000000,0.000000000,-0.000000000,0.565186329,-0.439698847,-0.339852394,-0.609696390,0.000000000
156,3.119999,B,yup,gripper_r_finger2_body_v,vel,-0.429436266,0.424207538,-0.060373791,0.000000000,0.000000000,-0.000000000,0.000000000,0.000000000
156,3.119999,B,yup,gripper_r_finger2_body_w,vel,0.000000000,0.000000000,-0.000000000,-0.409205228,0.066977523,-1.148287773,0.000000000,0.000000000
156,3.119999,B,yup,gripper_r_palm_body_p,pos,0.956759930,0.404657662,0.271730900,1.000000000,0.000000000,0.000000000,0.000000000,0.000000000
156,3.119999,B,yup,gripper_r_palm_body_q,pos,0.000000000,0.000000000,-0.000000000,0.190752566,-0.671439352,-0.088679999,0.710576184,0.000000000
156,3.119999,B,yup,gripper_r_palm_body_v,vel,-0.429438770,0.424239397,-0.060394038,0.000000000,0.000000000,-0.000000000,0.000000000,0.000000000
156,3.119999,B,yup,gripper_r_palm_body_w,vel,0.000000000,0.000000000,-0.000000000,-0.409366161,0.066956326,-1.148301244,0.000000000,0.000000000
157,3.139999,B,yup,gripper_l_finger1_body_p,pos,-1.390512943,0.812713623,0.363613605,1.000000000,0.000000000,0.000000000,0.000000000,0.000000000
157,3.139999,B,yup,gripper_l_finger1_body_q,pos,0.000000000,0.000000000,-0.000000000,0.863015477,-0.031817120,-0.504018069,0.012559607,0.000000000
157,3.139999,B,yup,gripper_l_finger1_body_v,vel,0.001202551,0.003302675,0.057167731,0.000000000,0.000000000,-0.000000000,0.000000000,0.000000000
157,3.139999,B,yup,gripper_l_finger1_body_w,vel,0.000000000,0.000000000,-0.000000000,0.020513704,-0.083554760,0.004310686,0.000000000,0.000000000
157,3.139999,B,yup,gripper_l_finger2_body_p,pos,-1.279339790,0.798427701,0.359423637,1.000000000,0.000000000,0.000000000,0.000000000,0.000000000
157,3.139999,B,yup,gripper_l_finger2_body_q,pos,0.000000000,0.000000000,-0.000000000,-0.012554328,-0.503878481,0.031819381,0.863096978,0.000000000
157,3.139999,B,yup,gripper_l_finger2_body_v,vel,0.001203227,0.003301155,0.057145178,0.000000000,0.000000000,-0.000000000,0.000000000,0.000000000
157,3.139999,B,yup,gripper_l_finger2_body_w,vel,0.000000000,0.000000000,-0.000000000,0.020513445,-0.083529882,0.004309001,0.000000000,0.000000000
157,3.139999,B,yup,gripper_l_palm_body_p,pos,-1.143121719,0.808224559,0.352775574,1.000000000,0.000000000,0.000000000,0.000000000,0.000000000
157,3.139999,B,yup,gripper_l_palm_body_q,pos,0.000000000,0.000000000,-0.000000000,0.587775519,-0.632773397,-0.365221618,-0.347463577,0.000000000
157,3.139999,B,yup,gripper_l_palm_body_v,vel,0.001203425,0.003301211,0.057145979,0.000000000,0.000000000,-0.000000000,0.000000000,0.000000000
157,3.139999,B,yup,gripper_l_palm_body_w,vel,0.000000000,0.000000000,-0.000000000,0.020513454,-0.083530866,0.004309068,0.000000000,0.000000000
157,3.139999,B,yup,gripper_r_finger1_body_p,pos,1.035592556,0.335859120,0.280643940,1.000000000,0.000000000,0.000000000,0.000000000,0.000000000
157,3.139999,B,yup,gripper_r_finger1_body_q,pos,0.000000000,0.000000000,-0.000000000,0.602315497,-0.347507419,0.437445047,0.570172313,0.000000000
157,3.139999,B,yup,gripper_r_finger1_body_v,vel,-0.422394782,0.393604577,-0.046492610,0.000000000,0.000000000,-0.000000000,0.000000000,0.000000000
157,3.139999,B,yup,gripper_r_finger1_body_w,vel,0.000000000,0.000000000,-0.000000000,-0.317163587,0.095821150,-1.117110014,0.000000000,0.000000000
157,3.139999,B,yup,gripper_r_finger2_body_p,pos,1.075242996,0.251405180,0.301858902,1.000000000,0.000000000,0.000000000,0.000000000,0.000000000
157,3.139999,B,yup,gripper_r_finger2_body_q,pos,0.000000000,0.000000000,-0.000000000,0.570226745,-0.437350783,-0.347418460,-0.602383737,0.000000000
157,3.139999,B,yup,gripper_r_finger2_body_v,vel,-0.422390014,0.393530577,-0.046451543,0.000000000,0.000000000,-0.000000000,0.000000000,0.000000000
157,3.139999,B,yup,gripper_r_finger2_body_w,vel,0.000000000,0.000000000,-0.000000000,-0.316880137,0.095852122,-1.117087126,0.000000000,0.000000000
157,3.139999,B,yup,gripper_r_palm_body_p,pos,0.948518753,0.396675408,0.269402504,1.000000000,0.000000000,0.000000000,0.000000000,0.000000000
157,3.139999,B,yup,gripper_r_palm_body_q,pos,0.000000000,0.000000000,-0.000000000,0.180227503,-0.671619534,-0.093900576,0.712480126,0.000000000
157,3.139999,B,yup,gripper_r_palm_body_v,vel,-0.422397375,0.393646330,-0.046516851,0.000000000,0.000000000,-0.000000000,0.000000000,0.000000000
157,3.139999,B,yup,gripper_r_palm_body_w,vel,0.000000000,0.000000000,-0.000000000,-0.317462146,0.095788524,-1.117134213,0.000000000,0.000000000
158,3.159999,B,yup,gripper_l_finger1_body_p,pos,-1.390439987,0.812721372,0.363303185,1.000000000,0.000000000,0.000000000,0.000000000,0.000000000
158,3.159999,B,yup,gripper_l_finger1_body_q,pos,0.000000000,0.000000000,-0.000000000,0.863441829,-0.031627134,-0.503302217,0.012442294,0.000000000
158,3.159999,B,yup,gripper_l_finger1_body_v,vel,0.000596136,0.002338038,0.056465413,0.000000000,0.000000000,-0.000000000,0.000000000,0.000000000
158,3.159999,B,yup,gripper_l_finger1_body_w,vel,0.000000000,0.000000000,-0.000000000,0.020981560,-0.082991950,0.003016135,0.000000000,0.000000000
158,3.159999,B,yup,gripper_l_finger2_body_p,pos,-1.279120445,0.798478484,0.359186649,1.000000000,0.000000000,0.000000000,0.000000000,0.000000000
158,3.159999,B,yup,gripper_l_finger2_body_q,pos,0.000000000,0.000000000,-0.000000000,-0.012437052,-0.503162803,0.031629372,0.863523072,0.000000000
158,3.159999,B,yup,gripper_l_finger2_body_v,vel,0.000596785,0.002336550,0.056443203,0.000000000,0.000000000,-0.000000000,0.000000000,0.000000000
158,3.159999,B,yup,gripper_l_finger2_body_w,vel,0.000000000,0.000000000,-0.000000000,0.020981304,-0.082967430,0.003014485,0.000000000,0.000000000
158,3.159999,B,yup,gripper_l_palm_body_p,pos,-1.143069267,0.808234930,0.352669716,1.000000000,0.000000000,0.000000000,0.000000000,0.000000000
158,3.159999,B,yup,gripper_l_palm_body_q,pos,0.000000000,0.000000000,-0.000000000,0.588211268,-0.632940420,-0.364632552,-0.347040389,0.000000000
158,3.159999,B,yup,gripper_l_palm_body_v,vel,0.000597015,0.002336585,0.056443695,0.000000000,0.000000000,-0.000000000,0.000000000,0.000000000
158,3.159999,B,yup,gripper_l_palm_body_w,vel,0.000000000,0.000000000,-0.000000000,0.020981312,-0.082968079,0.003014528,0.000000000,0.000000000
158,3.159999,B,yup,gripper_r_finger1_body_p,pos,1.025184155,0.327047765,0.278723240,1.000000000,0.000000000,0.000000000,0.000000000,0.000000000
158,3.159999,B,yup,gripper_r_finger1_body_q,pos,0.000000000,0.000000000,-0.000000000,0.595518058,-0.354536475,0.434530080,0.575191916,0.000000000
158,3.159999,B,yup,gripper_r_finger1_body_v,vel,-0.415474325,0.362365454,-0.036201626,0.000000000,0.000000000,-0.000000000,0.000000000,0.000000000
158,3.159999,B,yup,gripper_r_finger1_body_w,vel,0.000000000,0.000000000,-0.000000000,-0.241948485,0.117825776,-1.081240654,0.000000000,0.000000000
158,3.159999,B,yup,gripper_r_finger2_body_p,pos,1.064139843,0.243575990,0.300204277,1.000000000,0.000000000,0.000000000,0.000000000,0.000000000
158,3.159999,B,yup,gripper_r_finger2_body_q,pos,0.000000000,0.000000000,-0.000000000,0.575250046,-0.434432480,-0.354442510,-0.595589046,0.000000000
158,3.159999,B,yup,gripper_r_finger2_body_v,vel,-0.415466964,0.362208813,-0.036120512,0.000000000,0.000000000,-0.000000000,0.000000000,0.000000000
158,3.159999,B,yup,gripper_r_finger2_body_w,vel,0.000000000,0.000000000,-0.000000000,-0.241277993,0.117884450,-1.081188321,0.000000000,0.000000000
158,3.159999,B,yup,gripper_r_palm_body_p,pos,0.940170765,0.388892710,0.267066956,1.000000000,0.000000000,0.000000000,0.000000000,0.000000000
158,3.159999,B,yup,gripper_r_palm_body_q,pos,0.000000000,0.000000000,-0.000000000,0.170451624,-0.671782781,-0.099511972,0.713968841,0.000000000
158,3.159999,B,yup,gripper_r_palm_body_v,vel,-0.415471703,0.362311184,-0.036174279,0.000000000,0.000000000,-0.000000000,0.000000000,0.000000000
158,3.159999,B,yup,gripper_r_palm_body_w,vel,0.000000000,0.000000000,-0.000000000,-0.241794273,0.117839269,-1.081228614,0.000000000,0.000000000
159,3.179999,B,yup,gripper_l_finger1_body_p,pos,-1.390367985,0.812727571,0.362996101,1.000000000,0.000000000,0.000000000,0.000000000,0.000000000
159,3.179999,B,yup,gripper_l_finger1_body_q,pos,0.000000000,0.000000000,-0.000000000,0.863864542,-0.031425536,-0.502591849,0.012325704,0.000000000
159,3.179999,B,yup,gripper_l_finger1_body_v,vel,0.000537510,0.001720176,0.055560660,0.000000000,0.000000000,-0.000000000,0.000000000,0.000000000
159,3.179999,B,yup,gripper_l_finger1_body_w,vel,0.000000000,0.000000000,-0.000000000,0.021840671,-0.082296900,0.002873704,0.000000000,0.000000000
159,3.179999,B,yup,gripper_l_finger2_body_p,pos,-1.278903484,0.798528790,0.358951092,1.000000000,0.000000000,0.000000000,0.000000000,0.000000000
159,3.179999,B,yup,gripper_l_finger2_body_q,pos,0.000000000,0.000000000,-0.000000000,-0.012320499,-0.502452439,0.031427756,0.863945628,0.000000000
159,3.179999,B,yup,gripper_l_finger2_body_v,vel,0.000537964,0.001718993,0.055542890,0.000000000,0.000000000,-0.000000000,0.000000000,0.000000000
159,3.179999,B,yup,gripper_l_finger2_body_w,vel,0.000000000,0.000000000,-0.000000000,0.021840468,-0.082277231,0.002872390,0.000000000,0.000000000
159,3.179999,B,yup,gripper_l_palm_body_p,pos,-1.143018246,0.808241725,0.352565289,1.000000000,0.000000000,0.000000000,0.000000000,0.000000000
159,3.179999,B,yup,gripper_l_palm_body_q,pos,0.000000000,0.000000000,-0.000000000,0.588652669,-0.633096695,-0.364047825,-0.346620530,0.000000000
159,3.179999,B,yup,gripper_l_palm_body_v,vel,0.000538266,0.001718955,0.055542275,0.000000000,0.000000000,-0.000000000,0.000000000,0.000000000
159,3.179999,B,yup,gripper_l_palm_body_w,vel,0.000000000,0.000000000,-0.000000000,0.021840461,-0.082276650,0.002872351,0.000000000,0.000000000
159,3.179999,B,yup,gripper_r_finger1_body_p,pos,1.014699936,0.318619907,0.276672840,1.000000000,0.000000000,0.000000000,0.000000000,0.000000000
159,3.179999,B,yup,gripper_r_finger1_body_q,pos,0.000000000,0.000000000,-0.000000000,0.589191780,-0.361058292,0.431200144,0.580134805,0.000000000
159,3.179999,B,yup,gripper_r_finger1_body_v,vel,-0.409657001,0.329417884,-0.030345788,0.000000000,0.000000000,-0.000000000,0.000000000,0.000000000
159,3.179999,B,yup,gripper_r_finger1_body_w,vel,0.000000000,0.000000000,-0.000000000,-0.179798156,0.132532075,-1.040628433,0.000000000,0.000000000
159,3.179999,B,yup,gripper_r_finger2_body_p,pos,1.053046703,0.236003101,0.298371315,1.000000000,0.000000000,0.000000000,0.000000000,0.000000000
159,3.179999,B,yup,gripper_r_finger2_body_q,pos,0.000000000,0.000000000,-0.000000000,0.580196694,-0.431099149,-0.360959175,-0.589265470,0.000000000
159,3.179999,B,yup,gripper_r_finger2_body_v,vel,-0.409652770,0.329274863,-0.030275816,0.000000000,0.000000000,-0.000000000,0.000000000,0.000000000
159,3.179999,B,yup,gripper_r_finger2_body_w,vel,0.000000000,0.000000000,-0.000000000,-0.179180413,0.132573158,-1.040582061,0.000000000,0.000000000
159,3.179999,B,yup,gripper_r_palm_body_p,pos,0.931733131,0.381308854,0.264716625,1.000000000,0.000000000,0.000000000,0.000000000,0.000000000
159,3.179999,B,yup,gripper_r_palm_body_q,pos,0.000000000,0.000000000,-0.000000000,0.161368474,-0.671920359,-0.105363384,0.715109645,0.000000000
159,3.179999,B,yup,gripper_r_palm_body_v,vel,-0.409655243,0.329358757,-0.030317109,0.000000000,0.000000000,-0.000000000,0.000000000,0.000000000
159,3.179999,B,yup,gripper_r_palm_body_w,vel,0.000000000,0.000000000,-0.000000000,-0.179605097,0.132544920,-1.040614009,0.000000000,0.000000000
160,3.199999,B,yup,gripper_l_finger1_body_p,pos,-1.390295982,0.812714934,0.362693787,1.000000000,0.000000000,0.000000000,0.000000000,0.000000000
160,3.199999,B,yup,gripper_l_finger1_body_q,pos,0.000000000,0.000000000,-0.000000000,0.864283183,-0.031217005,-0.501887733,0.012197584,0.000000000
160,3.199999,B,yup,gripper_l_finger1_body_v,vel,0.001150572,0.001563447,0.054565959,0.000000000,0.000000000,-0.000000000,0.000000000,0.000000000
160,3.199999,B,yup,gripper_l_finger1_body_w,vel,0.000000000,0.000000000,-0.000000000,0.022851659,-0.081458665,0.004165300,0.000000000,0.000000000
160,3.199999,B,yup,gripper_l_finger2_body_p,pos,-1.278687477,0.798562884,0.358720303,1.000000000,0.000000000,0.000000000,0.000000000,0.000000000
160,3.199999,B,yup,gripper_l_finger2_body_q,pos,0.000000000,0.000000000,-0.000000000,-0.012192413,-0.501748265,0.031219201,0.864364151,0.000000000
160,3.199999,B,yup,gripper_l_finger2_body_v,vel,0.001150923,0.001562411,0.054550290,0.000000000,0.000000000,-0.000000000,0.000000000,0.000000000
160,3.199999,B,yup,gripper_l_finger2_body_w,vel,0.000000000,0.000000000,-0.000000000,0.022851480,-0.081441298,0.004164148,0.000000000,0.000000000
160,3.199999,B,yup,gripper_l_palm_body_p,pos,-1.142967224,0.808230877,0.352463722,1.000000000,0.000000000,0.000000000,0.000000000,0.000000000
160,3.199999,B,yup,gripper_l_palm_body_q,pos,0.000000000,0.000000000,-0.000000000,0.589096098,-0.633245238,-0.363459323,-0.346213196,0.000000000
160,3.199999,B,yup,gripper_l_palm_body_v,vel,0.001151293,0.001562303,0.054548614,0.000000000,0.000000000,-0.000000000,0.000000000,0.000000000
160,3.199999,B,yup,gripper_l_palm_body_w,vel,0.000000000,0.000000000,-0.000000000,0.022851462,-0.081439547,0.004164032,0.000000000,0.000000000
160,3.199999,B,yup,gripper_r_finger1_body_p,pos,1.004167557,0.310542047,0.274506092,1.000000000,0.000000000,0.000000000,0.000000000,0.000000000
160,3.199999,B,yup,gripper_r_finger1_body_q,pos,0.000000000,0.000000000,-0.000000000,0.583297085,-0.367103102,0.427578183,0.584958735,0.000000000
160,3.199999,B,yup,gripper_r_finger1_body_v,vel,-0.405089319,0.296532780,-0.027657539,0.000000000,0.000000000,-0.000000000,0.000000000,0.000000000
160,3.199999,B,yup,gripper_r_finger1_body_w,vel,0.000000000,0.000000000,-0.000000000,-0.128741756,0.141923591,-0.998109102,0.000000000,0.000000000
160,3.199999,B,yup,gripper_r_finger2_body_p,pos,1.041978836,0.228670657,0.296382904,1.000000000,0.000000000,0.000000000,0.000000000,0.000000000
160,3.199999,B,yup,gripper_r_finger2_body_q,pos,0.000000000,0.000000000,-0.000000000,0.585023955,-0.427474520,-0.366999440,-0.583372880,0.000000000
160,3.199999,B,yup,gripper_r_finger2_body_v,vel,-0.405087858,0.296417952,-0.027604235,0.000000000,0.000000000,-0.000000000,0.000000000,0.000000000
160,3.199999,B,yup,gripper_r_finger2_body_w,vel,0.000000000,0.000000000,-0.000000000,-0.128245950,0.141946539,-0.998073280,0.000000000,0.000000000
160,3.199999,B,yup,gripper_r_palm_body_p,pos,0.923211575,0.373915493,0.262343407,1.000000000,0.000000000,0.000000000,0.000000000,0.000000000
160,3.199999,B,yup,gripper_r_palm_body_q,pos,0.000000000,0.000000000,-0.000000000,0.152927667,-0.672025802,-0.111337051,0.715959853,0.000000000
160,3.199999,B,yup,gripper_r_palm_body_v,vel,-0.405088723,0.296486259,-0.027635841,0.000000000,0.000000000,-0.000000000,0.000000000,0.000000000
160,3.199999,B,yup,gripper_r_palm_body_w,vel,0.000000000,0.000000000,-0.000000000,-0.128592819,0.141930476,-0.998098373,0.000000000,0.000000000
161,3.219999,B,yup,gripper_l_finger1_body_p,pos,-1.390223026,0.812668443,0.362398624,1.000000000,0.000000000,0.000000000,0.000000000,0.000000000
161,3.219999,B,yup,gripper_l_finger1_body_q,pos,0.000000000,0.000000000,-0.000000000,0.864697255,-0.031009306,-0.501190493,0.012048654,0.000000000
161,3.219999,B,yup,gripper_l_finger1_body_v,vel,0.002200081,0.001734948,0.053619038,0.000000000,0.000000000,-0.000000000,0.000000000,0.000000000
161,3.219999,B,yup,gripper_l_finger1_body_w,vel,0.000000000,0.000000000,-0.000000000,0.023652405,-0.080487639,0.006399788,0.000000000,0.000000000
161,3.219999,B,yup,gripper_l_finger2_body_p,pos,-1.278471470,0.798566580,0.358494759,1.000000000,0.000000000,0.000000000,0.000000000,0.000000000
161,3.219999,B,yup,gripper_l_finger2_body_q,pos,0.000000000,0.000000000,-0.000000000,-0.012043517,-0.501051004,0.031011479,0.864778083,0.000000000
161,3.219999,B,yup,gripper_l_finger2_body_v,vel,0.002200445,0.001733873,0.053602647,0.000000000,0.000000000,-0.000000000,0.000000000,0.000000000
161,3.219999,B,yup,gripper_l_finger2_body_w,vel,0.000000000,0.000000000,-0.000000000,0.023652218,-0.080469482,0.006398592,0.000000000,0.000000000
161,3.219999,B,yup,gripper_l_palm_body_p,pos,-1.142915249,0.808190346,0.352366924,1.000000000,0.000000000,0.000000000,0.000000000,0.000000000
161,3.219999,B,yup,gripper_l_palm_body_q,pos,0.000000000,0.000000000,-0.000000000,0.589535723,-0.633391085,-0.362861009,-0.345825465,0.000000000
161,3.219999,B,yup,gripper_l_palm_body_v,vel,0.002200855,0.001733739,0.053600553,0.000000000,0.000000000,-0.000000000,0.000000000,0.000000000
161,3.219999,B,yup,gripper_l_palm_body_w,vel,0.000000000,0.000000000,-0.000000000,0.023652196,-0.080467261,0.006398446,0.000000000,0.000000000
161,3.219999,B,yup,gripper_r_finger1_body_p,pos,0.993602276,0.302785456,0.272236347,1.000000000,0.000000000,0.000000000,0.000000000,0.000000000
161,3.219999,B,yup,gripper_r_finger1_body_q,pos,0.000000000,0.000000000,-0.000000000,0.577791814,-0.372710795,0.423755140,0.589639605,0.000000000
161,3.219999,B,yup,gripper_r_finger1_body_v,vel,-0.401528388,0.265541971,-0.026896216,0.000000000,0.000000000,-0.000000000,0.000000000,0.000000000
161,3.219999,B,yup,gripper_r_finger1_body_w,vel,0.000000000,0.000000000,-0.000000000,-0.087169610,0.147802547,-0.956272423,0.000000000,0.000000000
161,3.219999,B,yup,gripper_r_finger2_body_p,pos,1.030939579,0.221565843,0.294260025,1.000000000,0.000000000,0.000000000,0.000000000,0.000000000
161,3.219999,B,yup,gripper_r_finger2_body_q,pos,0.000000000,0.000000000,-0.000000000,0.589707786,-0.423649459,-0.372603296,-0.577869056,0.000000000
161,3.219999,B,yup,gripper_r_finger2_body_v,vel,-0.401528805,0.265419930,-0.026842769,0.000000000,0.000000000,-0.000000000,0.000000000,0.000000000
161,3.219999,B,yup,gripper_r_finger2_body_w,vel,0.000000000,0.000000000,-0.000000000,-0.086632580,0.147816986,-0.956235290,0.000000000,0.000000000
161,3.219999,B,yup,gripper_r_palm_body_p,pos,0.914608955,0.366706431,0.259943008,1.000000000,0.000000000,0.000000000,0.000000000,0.000000000
161,3.219999,B,yup,gripper_r_palm_body_q,pos,0.000000000,0.000000000,-0.000000000,0.145071046,-0.672097513,-0.117351563,0.716566769,0.000000000
161,3.219999,B,yup,gripper_r_palm_body_v,vel,-0.401528627,0.265475571,-0.026867041,0.000000000,0.000000000,-0.000000000,0.000000000,0.000000000
161,3.219999,B,yup,gripper_r_palm_body_w,vel,0.000000000,0.000000000,-0.000000000,-0.086915903,0.147809371,-0.956254900,0.000000000,0.000000000
162,3.239999,B,yup,gripper_l_finger1_body_p,pos,-1.390149593,0.812582254,0.362111568,1.000000000,0.000000000,0.000000000,0.000000000,0.000000000
162,3.239999,B,yup,gripper_l_finger1_body_q,pos,0.000000000,0.000000000,-0.000000000,0.865106097,-0.030809240,-0.500500915,0.011877073,0.000000000
162,3.239999,B,yup,gripper_l_finger1_body_v,vel,0.003299682,0.002011397,0.052796461,0.000000000,0.000000000,-0.000000000,0.000000000,0.000000000
162,3.239999,B,yup,gripper_l_finger1_body_w,vel,0.000000000,0.000000000,-0.000000000,0.023996411,-0.079409428,0.008751379,0.000000000,0.000000000
162,3.239999,B,yup,gripper_l_finger2_body_p,pos,-1.278255939,0.798533678,0.358276844,1.000000000,0.000000000,0.000000000,0.000000000,0.000000000
162,3.239999,B,yup,gripper_l_finger2_body_q,pos,0.000000000,0.000000000,-0.000000000,-0.011871969,-0.500361381,0.030811386,0.865186803,0.000000000
162,3.239999,B,yup,gripper_l_finger2_body_v,vel,0.003300105,0.002010222,0.052778404,0.000000000,0.000000000,-0.000000000,0.000000000,0.000000000
162,3.239999,B,yup,gripper_l_finger2_body_w,vel,0.000000000,0.000000000,-0.000000000,0.023996204,-0.079389423,0.008750072,0.000000000,0.000000000
162,3.239999,B,yup,gripper_l_palm_body_p,pos,-1.142862320,0.808115482,0.352275848,1.000000000,0.000000000,0.000000000,0.000000000,0.000000000
162,3.239999,B,yup,gripper_l_palm_body_q,pos,0.000000000,0.000000000,-0.000000000,0.589966234,-0.633538662,-0.362252086,-0.345459163,0.000000000
162,3.239999,B,yup,gripper_l_palm_body_v,vel,0.003300532,0.002010090,0.052776307,0.000000000,0.000000000,-0.000000000,0.000000000,0.000000000
162,3.239999,B,yup,gripper_l_palm_body_w,vel,0.000000000,0.000000000,-0.000000000,0.023996182,-0.079387210,0.008749927,0.000000000,0.000000000
162,3.239999,B,yup,gripper_r_finger1_body_p,pos,0.983015060,0.295329332,0.269878864,1.000000000,0.000000000,0.000000000,0.000000000,0.000000000
162,3.239999,B,yup,gripper_r_finger1_body_q,pos,0.000000000,0.000000000,-0.000000000,0.572633312,-0.377926705,0.419796047,0.594166454,0.000000000
162,3.239999,B,yup,gripper_r_finger1_body_v,vel,-0.398598343,0.237367257,-0.027145430,0.000000000,0.000000000,-0.000000000,0.000000000,0.000000000
162,3.239999,B,yup,gripper_r_finger1_body_w,vel,0.000000000,0.000000000,-0.000000000,-0.053086095,0.151442051,-0.916491449,0.000000000,0.000000000
162,3.239999,B,yup,gripper_r_finger2_body_p,pos,1.019931316,0.214681864,0.292024136,1.000000000,0.000000000,0.000000000,0.000000000,0.000000000
162,3.239999,B,yup,gripper_r_finger2_body_q,pos,0.000000000,0.000000000,-0.000000000,0.594237107,-0.419689003,-0.377815965,-0.572711532,0.000000000
162,3.239999,B,yup,gripper_r_finger2_body_v,vel,-0.398599863,0.237289935,-0.027112853,0.000000000,0.000000000,-0.000000000,0.000000000,0.000000000
162,3.239999,B,yup,gripper_r_finger2_body_w,vel,0.000000000,0.000000000,-0.000000000,-0.052751552,0.151444837,-0.916469336,0.000000000,0.000000000
162,3.239999,B,yup,gripper_r_palm_body_p,pos,0.905930996,0.359680951,0.257514477,1.000000000,0.000000000,0.000000000,0.000000000,0.000000000
162,3.239999,B,yup,gripper_r_palm_body_q,pos,0.000000000,0.000000000,-0.000000000,0.137736395,-0.672137438,-0.123353101,0.716968592,0.000000000
162,3.239999,B,yup,gripper_r_palm_body_v,vel,-0.398598999,0.237335384,-0.027131610,0.000000000,0.000000000,-0.000000000,0.000000000,0.000000000
162,3.239999,B,yup,gripper_r_palm_body_w,vel,0.000000000,0.000000000,-0.000000000,-0.052983601,0.151442900,-0.916484714,0.000000000,0.000000000
163,3.259999,B,yup,gripper_l_finger1_body_p,pos,-1.390076160,0.812460899,0.361832619,1.000000000,0.000000000,0.000000000,0.000000000,0.000000000
163,3.259999,B,yup,gripper_l_finger1_body_q,pos,0.000000000,0.000000000,-0.000000000,0.865509133,-0.030619910,-0.499819721,0.011687935,0.000000000
163,3.259999,B,yup,gripper_l_finger1_body_v,vel,0.004134241,0.002202814,0.052102484,0.000000000,0.000000000,-0.000000000,0.000000000,0.000000000
163,3.259999,B,yup,gripper_l_finger1_body_w,vel,0.000000000,0.000000000,-0.000000000,0.023842547,-0.078261867,0.010538626,0.000000000,0.000000000
163,3.259999,B,yup,gripper_l_finger2_body_p,pos,-1.278040886,0.798467636,0.358066082,1.000000000,0.000000000,0.000000000,0.000000000,0.000000000
163,3.259999,B,yup,gripper_l_finger2_body_q,pos,0.000000000,0.000000000,-0.000000000,-0.011682863,-0.499680128,0.030622026,0.865589725,0.000000000
163,3.259999,B,yup,gripper_l_finger2_body_v,vel,0.004134739,0.002201533,0.052082639,0.000000000,0.000000000,-0.000000000,0.000000000,0.000000000
163,3.259999,B,yup,gripper_l_finger2_body_w,vel,0.000000000,0.000000000,-0.000000000,0.023842320,-0.078239866,0.010537200,0.000000000,0.000000000
163,3.259999,B,yup,gripper_l_palm_body_p,pos,-1.142808914,0.808010578,0.352190018,1.000000000,0.000000000,0.000000000,0.000000000,0.000000000
163,3.259999,B,yup,gripper_l_palm_body_q,pos,0.000000000,0.000000000,-0.000000000,0.590385028,-0.633689704,-0.361636699,-0.345111252,0.000000000
163,3.259999,B,yup,gripper_l_palm_body_v,vel,0.004135156,0.002201427,0.052080940,0.000000000,0.000000000,-0.000000000,0.000000000,0.000000000
163,3.259999,B,yup,gripper_l_palm_body_w,vel,0.000000000,0.000000000,-0.000000000,0.023842301,-0.078238100,0.010537084,0.000000000,0.000000000
163,3.259999,B,yup,gripper_r_finger1_body_p,pos,0.972416401,0.288160503,0.267447472,1.000000000,0.000000000,0.000000000,0.000000000,0.000000000
163,3.259999,B,yup,gripper_r_finger1_body_q,pos,0.000000000,0.000000000,-0.000000000,0.567782022,-0.382795390,0.415748443,0.598535293,0.000000000
163,3.259999,B,yup,gripper_r_finger1_body_v,vel,-0.395937294,0.212383255,-0.027926788,0.000000000,0.000000000,-0.000000000,0.000000000,0.000000000
163,3.259999,B,yup,gripper_r_finger1_body_w,vel,0.000000000,0.000000000,-0.000000000,-0.025606984,0.153589934,-0.879177511,0.000000000,0.000000000
163,3.259999,B,yup,gripper_r_finger2_body_p,pos,1.008956432,0.208017886,0.289694309,1.000000000,0.000000000,0.000000000,0.000000000,0.000000000
163,3.259999,B,yup,gripper_r_finger2_body_q,pos,0.000000000,0.000000000,-0.000000000,0.598608098,-0.415640448,-0.382681880,-0.567860847,0.000000000
163,3.259999,B,yup,gripper_r_finger2_body_v,vel,-0.395940125,0.212301910,-0.027894378,0.000000000,0.000000000,-0.000000000,0.000000000,0.000000000
163,3.259999,B,yup,gripper_r_finger2_body_w,vel,0.000000000,0.000000000,-0.000000000,-0.025248714,0.153586507,-0.879154861,0.000000000,0.000000000
163,3.259999,B,yup,gripper_r_palm_body_p,pos,0.897185802,0.352842987,0.255060673,1.000000000,0.000000000,0.000000000,0.000000000,0.000000000
163,3.259999,B,yup,gripper_r_palm_body_q,pos,0.000000000,0.000000000,-0.000000000,0.130864321,-0.672149115,-0.129305332,0.717196087,0.000000000
163,3.259999,B,yup,gripper_r_palm_body_v,vel,-0.395938843,0.212339297,-0.027909022,0.000000000,0.000000000,-0.000000000,0.000000000,0.000000000
163,3.259999,B,yup,gripper_r_palm_body_w,vel,0.000000000,0.000000000,-0.000000000,-0.025439970,0.153588340,-0.879166961,0.000000000,0.000000000
164,3.279999,B,yup,gripper_l_finger1_body_p,pos,-1.390002728,0.812315106,0.361561298,1.000000000,0.000000000,0.000000000,0.000000000,0.000000000
164,3.279999,B,yup,gripper_l_finger1_body_q,pos,0.000000000,0.000000000,-0.000000000,0.865905921,-0.030440431,-0.499147589,0.011489124,0.000000000
164,3.279999,B,yup,gripper_l_finger1_body_v,vel,0.004594204,0.002223315,0.051457223,0.000000000,0.000000000,-0.000000000,0.000000000,0.000000000
164,3.279999,B,yup,gripper_l_finger1_body_w,vel,0.000000000,0.000000000,-0.000000000,0.023400132,-0.077079862,0.011517017,0.000000000,0.000000000
164,3.279999,B,yup,gripper_l_finger2_body_p,pos,-1.277827740,0.798377872,0.357861996,1.000000000,0.000000000,0.000000000,0.000000000,0.000000000
164,3.279999,B,yup,gripper_l_finger2_body_q,pos,0.000000000,0.000000000,-0.000000000,-0.011484083,-0.499007965,0.030442513,0.865986386,0.000000000
164,3.279999,B,yup,gripper_l_finger2_body_v,vel,0.004594821,0.002221905,0.051435195,0.000000000,0.000000000,-0.000000000,0.000000000,0.000000000
164,3.279999,B,yup,gripper_l_finger2_body_w,vel,0.000000000,0.000000000,-0.000000000,0.023399875,-0.077055417,0.011515445,0.000000000,0.000000000
164,3.279999,B,yup,gripper_l_palm_body_p,pos,-1.142755508,0.807884574,0.352108955,1.000000000,0.000000000,0.000000000,0.000000000,0.000000000
164,3.279999,B,yup,gripper_l_palm_body_q,pos,0.000000000,0.000000000,-0.000000000,0.590792447,-0.633843294,-0.361020888,-0.344776566,0.000000000
164,3.279999,B,yup,gripper_l_palm_body_v,vel,0.004595172,0.002221875,0.051434673,0.000000000,0.000000000,-0.000000000,0.000000000,0.000000000
164,3.279999,B,yup,gripper_l_palm_body_w,vel,0.000000000,0.000000000,-0.000000000,0.023399869,-0.077054955,0.011515415,0.000000000,0.000000000
164,3.279999,B,yup,gripper_r_finger1_body_p,pos,0.961800098,0.281277001,0.264956951,1.000000000,0.000000000,0.000000000,0.000000000,0.000000000
164,3.279999,B,yup,gripper_r_finger1_body_q,pos,0.000000000,0.000000000,-0.000000000,0.563171084,-0.387397289,0.411605268,0.602779208,0.000000000
164,3.279999,B,yup,gripper_r_finger1_body_v,vel,-0.392449439,0.199741468,-0.025972234,0.000000000,0.000000000,-0.000000000,0.000000000,0.000000000
164,3.279999,B,yup,gripper_r_finger1_body_w,vel,0.000000000,0.000000000,-0.000000000,-0.002374505,0.159204200,-0.858612061,0.000000000,0.000000000
164,3.279999,B,yup,gripper_r_finger2_body_p,pos,0.998001575,0.201584995,0.287290573,1.000000000,0.000000000,0.000000000,0.000000000,0.000000000
164,3.279999,B,yup,gripper_r_finger2_body_q,pos,0.000000000,0.000000000,-0.000000000,0.602853838,-0.411496729,-0.387281448,-0.563250185,0.000000000
164,3.279999,B,yup,gripper_r_finger2_body_v,vel,-0.392452866,0.199672490,-0.025946137,0.000000000,0.000000000,-0.000000000,0.000000000,0.000000000
164,3.279999,B,yup,gripper_r_finger2_body_w,vel,0.000000000,0.000000000,-0.000000000,-0.002071033,0.159196034,-0.858593881,0.000000000,0.000000000
164,3.279999,B,yup,gripper_r_palm_body_p,pos,0.888384342,0.346206248,0.252587318,1.000000000,0.000000000,0.000000000,0.000000000,0.000000000
164,3.279999,B,yup,gripper_r_palm_body_q,pos,0.000000000,0.000000000,-0.000000000,0.124350658,-0.672142080,-0.135236649,0.717267724,0.000000000
164,3.279999,B,yup,gripper_r_palm_body_v,vel,-0.392451435,0.199701771,-0.025956882,0.000000000,0.000000000,-0.000000000,0.000000000,0.000000000
164,3.279999,B,yup,gripper_r_palm_body_w,vel,0.000000000,0.000000000,-0.000000000,-0.002220689,0.159200057,-0.858602881,0.000000000,0.000000000
165,3.299999,B,yup,gripper_l_finger1_body_p,pos,-1.389929771,0.812155604,0.361296654,1.000000000,0.000000000,0.000000000,0.000000000,0.000000000
165,3.299999,B,yup,gripper_l_finger1_body_q,pos,0.000000000,0.000000000,-0.000000000,0.866296226,-0.030268095,-0.498484998,0.011287058,0.000000000
165,3.299999,B,yup,gripper_l_finger1_body_v,vel,0.004777519,0.002102879,0.050731450,0.000000000,0.000000000,-0.000000000,0.000000000,0.000000000
165,3.299999,B,yup,gripper_l_finger1_body_w,vel,0.000000000,0.000000000,-0.000000000,0.023034276,-0.075885512,0.011889408,0.000000000,0.000000000
165,3.299999,B,yup,gripper_l_finger2_body_p,pos,-1.277616978,0.798274040,0.357663631,1.000000000,0.000000000,0.000000000,0.000000000,0.000000000
165,3.299999,B,yup,gripper_l_finger2_body_q,pos,0.000000000,0.000000000,-0.000000000,-0.011282043,-0.498345290,0.030270146,0.866376596,0.000000000
165,3.299999,B,yup,gripper_l_finger2_body_v,vel,0.004778028,0.002101669,0.050712407,0.000000000,0.000000000,-0.000000000,0.000000000,0.000000000
165,3.299999,B,yup,gripper_l_finger2_body_w,vel,0.000000000,0.000000000,-0.000000000,0.023034053,-0.075864360,0.011888058,0.000000000,0.000000000
165,3.299999,B,yup,gripper_l_palm_body_p,pos,-1.142702579,0.807746172,0.352031708,1.000000000,0.000000000,0.000000000,0.000000000,0.000000000
165,3.299999,B,yup,gripper_l_palm_body_q,pos,0.000000000,0.000000000,-0.000000000,0.591190271,-0.633997319,-0.360409527,-0.344450920,0.000000000
165,3.299999,B,yup,gripper_l_palm_body_v,vel,0.004778384,0.002101616,0.050711513,0.000000000,0.000000000,-0.000000000,0.000000000,0.000000000
165,3.299999,B,yup,gripper_l_palm_body_w,vel,0.000000000,0.000000000,-0.000000000,0.023034044,-0.075863473,0.011888001,0.000000000,0.000000000
165,3.299999,B,yup,gripper_r_finger1_body_p,pos,0.951166153,0.274681211,0.262422562,1.000000000,0.000000000,0.000000000,0.000000000,0.000000000
165,3.299999,B,yup,gripper_r_finger1_body_q,pos,0.000000000,0.000000000,-0.000000000,0.558744832,-0.391797033,0.407359329,0.606924768,0.000000000
165,3.299999,B,yup,gripper_r_finger1_body_v,vel,-0.388790518,0.186544359,-0.025118344,0.000000000,0.000000000,-0.000000000,0.000000000,0.000000000
165,3.299999,B,yup,gripper_r_finger1_body_w,vel,0.000000000,0.000000000,-0.000000000,0.016399659,0.162516594,-0.835260272,0.000000000,0.000000000
165,3.299999,B,yup,gripper_r_finger2_body_p,pos,0.987061501,0.195396245,0.284831047,1.000000000,0.000000000,0.000000000,0.000000000,0.000000000
165,3.299999,B,yup,gripper_r_finger2_body_q,pos,0.000000000,0.000000000,-0.000000000,0.607001052,-0.407250461,-0.391679106,-0.558823999,0.000000000
165,3.299999,B,yup,gripper_r_finger2_body_v,vel,-0.388794541,0.186481953,-0.025095768,0.000000000,0.000000000,-0.000000000,0.000000000,0.000000000
165,3.299999,B,yup,gripper_r_finger2_body_w,vel,0.000000000,0.000000000,-0.000000000,0.016676283,0.162504464,-0.835244536,0.000000000,0.000000000
165,3.299999,B,yup,gripper_r_palm_body_p,pos,0.879540920,0.339784801,0.250102043,1.000000000,0.000000000,0.000000000,0.000000000,0.000000000
165,3.299999,B,yup,gripper_r_palm_body_q,pos,0.000000000,0.000000000,-0.000000000,0.118110522,-0.672122715,-0.141171038,0.717197113,0.000000000
165,3.299999,B,yup,gripper_r_palm_body_v,vel,-0.388792932,0.186507031,-0.025104573,0.000000000,0.000000000,-0.000000000,0.000000000,0.000000000
165,3.299999,B,yup,gripper_r_palm_body_w,vel,0.000000000,0.000000000,-0.000000000,0.016547816,0.162510097,-0.835251868,0.000000000,0.000000000
166,3.319999,B,yup,gripper_l_finger1_body_p,pos,-1.389857292,0.811987877,0.361037731,1.000000000,0.000000000,0.000000000,0.000000000,0.000000000
166,3.319999,B,yup,gripper_l_finger1_body_q,pos,0.000000000,0.000000000,-0.000000000,0.866680009,-0.030099883,-0.497832205,0.011084013,0.000000000
166,3.319999,B,yup,gripper_l_finger1_body_v,vel,0.004869671,0.001930578,0.049960811,0.000000000,0.000000000,-0.000000000,0.000000000,0.000000000
166,3.319999,B,yup,gripper_l_finger1_body_w,vel,0.000000000,0.000000000,-0.000000000,0.022748368,-0.074694671,0.012053008,0.000000000,0.000000000
166,3.319999,B,yup,gripper_l_finger2_body_p,pos,-1.277409077,0.798161745,0.357470989,1.000000000,0.000000000,0.000000000,0.000000000,0.000000000
166,3.319999,B,yup,gripper_l_finger2_body_q,pos,0.000000000,0.000000000,-0.000000000,-0.011079024,-0.497692375,0.030101903,0.866760308,0.000000000
166,3.319999,B,yup,gripper_l_finger2_body_v,vel,0.004870155,0.001929472,0.049943276,0.000000000,0.000000000,-0.000000000,0.000000000,0.000000000
166,3.319999,B,yup,gripper_l_finger2_body_w,vel,0.000000000,0.000000000,-0.000000000,0.022748157,-0.074675143,0.012051771,0.000000000,0.000000000
166,3.319999,B,yup,gripper_l_palm_body_p,pos,-1.142650127,0.807600260,0.351957321,1.000000000,0.000000000,0.000000000,0.000000000,0.000000000
166,3.319999,B,yup,gripper_l_palm_body_q,pos,0.000000000,0.000000000,-0.000000000,0.591580546,-0.634149681,-0.359804368,-0.344132906,0.000000000
166,3.319999,B,yup,gripper_l_palm_body_v,vel,0.004870445,0.001929473,0.049943231,0.000000000,0.000000000,-0.000000000,0.000000000,0.000000000
166,3.319999,B,yup,gripper_l_palm_body_w,vel,0.000000000,0.000000000,-0.000000000,0.022748157,-0.074675202,0.012051775,0.000000000,0.000000000
166,3.319999,B,yup,gripper_r_finger1_body_p,pos,0.940551281,0.268366992,0.259857655,1.000000000,0.000000000,0.000000000,0.000000000,0.000000000
166,3.319999,B,yup,gripper_r_finger1_body_q,pos,0.000000000,0.000000000,-0.000000000,0.554509662,-0.395981375,0.403075192,0.610940402,0.000000000
166,3.319999,B,yup,gripper_r_finger1_body_v,vel,-0.385195315,0.171483114,-0.025619039,0.000000000,0.000000000,-0.000000000,0.000000000,0.000000000
166,3.319999,B,yup,gripper_r_finger1_body_w,vel,0.000000000,0.000000000,-0.000000000,0.031325735,0.163023740,-0.807258070,0.000000000,0.000000000
166,3.319999,B,yup,gripper_r_finger2_body_p,pos,0.976169586,0.189449847,0.282330990,1.000000000,0.000000000,0.000000000,0.000000000,0.000000000
166,3.319999,B,yup,gripper_r_finger2_body_q,pos,0.000000000,0.000000000,-0.000000000,0.611018252,-0.402966144,-0.395861568,-0.554588678,0.000000000
166,3.319999,B,yup,gripper_r_finger2_body_v,vel,-0.385198951,0.171437100,-0.025602892,0.000000000,0.000000000,-0.000000000,0.000000000,0.000000000
166,3.319999,B,yup,gripper_r_finger2_body_w,vel,0.000000000,0.000000000,-0.000000000,0.031528912,0.163011491,-0.807247221,0.000000000,0.000000000
166,3.319999,B,yup,gripper_r_palm_body_p,pos,0.870675564,0.333580911,0.247610092,1.000000000,0.000000000,0.000000000,0.000000000,0.000000000
166,3.319999,B,yup,gripper_r_palm_body_q,pos,0.000000000,0.000000000,-0.000000000,0.112157718,-0.672086063,-0.147040546,0.717007705,0.000000000
166,3.319999,B,yup,gripper_r_palm_body_v,vel,-0.385197222,0.171459153,-0.025610330,0.000000000,0.000000000,-0.000000000,0.000000000,0.000000000
166,3.319999,B,yup,gripper_r_palm_body_w,vel,0.000000000,0.000000000,-0.000000000,0.031415790,0.163018316,-0.807253242,0.000000000,0.000000000
167,3.339999,B,yup,gripper_l_finger1_body_p,pos,-1.389785290,0.811812162,0.360785007,1.000000000,0.000000000,0.000000000,0.000000000,0.000000000
167,3.339999,B,yup,gripper_l_finger1_body_q,pos,0.000000000,0.000000000,-0.000000000,0.867057300,-0.029936501,-0.497189159,0.010880452,0.000000000
167,3.339999,B,yup,gripper_l_finger1_body_v,vel,0.005027657,0.001784937,0.049232394,0.000000000,0.000000000,-0.000000000,0.000000000,0.000000000
167,3.339999,B,yup,gripper_l_finger1_body_w,vel,0.000000000,0.000000000,-0.000000000,0.022405997,-0.073515482,0.012348527,0.000000000,0.000000000
167,3.339999,B,yup,gripper_l_finger2_body_p,pos,-1.277203560,0.798041105,0.357283115,1.000000000,0.000000000,0.000000000,0.000000000,0.000000000
167,3.339999,B,yup,gripper_l_finger2_body_q,pos,0.000000000,0.000000000,-0.000000000,-0.010875488,-0.497049207,0.029938487,0.867137530,0.000000000
167,3.339999,B,yup,gripper_l_finger2_body_v,vel,0.005028160,0.001783880,0.049215484,0.000000000,0.000000000,-0.000000000,0.000000000,0.000000000
167,3.339999,B,yup,gripper_l_finger2_body_w,vel,0.000000000,0.000000000,-0.000000000,0.022405792,-0.073496602,0.012347341,0.000000000,0.000000000
167,3.339999,B,yup,gripper_l_palm_body_p,pos,-1.142598152,0.807447076,0.351886272,1.000000000,0.000000000,0.000000000,0.000000000,0.000000000
167,3.339999,B,yup,gripper_l_palm_body_q,pos,0.000000000,0.000000000,-0.000000000,0.591962807,-0.634300885,-0.359205751,-0.343822120,0.000000000
167,3.339999,B,yup,gripper_l_palm_body_v,vel,0.005028360,0.001783959,0.049216710,0.000000000,0.000000000,-0.000000000,0.000000000,0.000000000
167,3.339999,B,yup,gripper_l_palm_body_w,vel,0.000000000,0.000000000,-0.000000000,0.022405807,-0.073498070,0.012347433,0.000000000,0.000000000
167,3.339999,B,yup,gripper_r_finger1_body_p,pos,0.929985046,0.262327969,0.257276535,1.000000000,0.000000000,0.000000000,0.000000000,0.000000000
167,3.339999,B,yup,gripper_r_finger1_body_q,pos,0.000000000,0.000000000,-0.000000000,0.550466579,-0.399947163,0.398802128,0.614805396,0.000000000
167,3.339999,B,yup,gripper_r_finger1_body_v,vel,-0.381508678,0.156159014,-0.026748834,0.000000000,0.000000000,-0.000000000,0.000000000,0.000000000
167,3.339999,B,yup,gripper_r_finger1_body_w,vel,0.000000000,0.000000000,-0.000000000,0.042858217,0.161817923,-0.777070403,0.000000000,0.000000000
167,3.339999,B,yup,gripper_r_finger2_body_p,pos,0.965352535,0.183743656,0.279806614,1.000000000,0.000000000,0.000000000,0.000000000,0.000000000
167,3.339999,B,yup,gripper_r_finger2_body_q,pos,0.000000000,0.000000000,-0.000000000,0.614884596,-0.398693052,-0.399825659,-0.550545390,0.000000000
167,3.339999,B,yup,gripper_r_finger2_body_v,vel,-0.381512851,0.156114191,-0.026733778,0.000000000,0.000000000,-0.000000000,0.000000000,0.000000000
167,3.339999,B,yup,gripper_r_finger2_body_w,vel,0.000000000,0.000000000,-0.000000000,0.043058533,0.161802664,-0.777060390,0.000000000,0.000000000
167,3.339999,B,yup,gripper_r_palm_body_p,pos,0.861807823,0.327596486,0.245119095,1.000000000,0.000000000,0.000000000,0.000000000,0.000000000
167,3.339999,B,yup,gripper_r_palm_body_q,pos,0.000000000,0.000000000,-0.000000000,0.106495188,-0.672030813,-0.152795555,0.716719527,0.000000000
167,3.339999,B,yup,gripper_r_palm_body_v,vel,-0.381511033,0.156133756,-0.026740137,0.000000000,0.000000000,-0.000000000,0.000000000,0.000000000
167,3.339999,B,yup,gripper_r_palm_body_w,vel,0.000000000,0.000000000,-0.000000000,0.042958084,0.161810324,-0.777065396,0.000000000,0.000000000
168,3.359999,B,yup,gripper_l_finger1_body_p,pos,-1.389714241,0.811625481,0.360538483,1.000000000,0.000000000,0.000000000,0.000000000,0.000000000
168,3.359999,B,yup,gripper_l_finger1_body_q,pos,0.000000000,0.000000000,-0.000000000,0.867428173,-0.029778913,-0.496555773,0.010674522,0.000000000
168,3.359999,B,yup,gripper_l_finger1_body_v,vel,0.005317446,0.001723788,0.048523095,0.000000000,0.000000000,-0.000000000,0.000000000,0.000000000
168,3.359999,B,yup,gripper_l_finger1_body_w,vel,0.000000000,0.000000000,-0.000000000,0.022061650,-0.072339319,0.012923575,0.000000000,0.000000000
168,3.359999,B,yup,gripper_l_finger2_body_p,pos,-1.277000427,0.797909260,0.357100964,1.000000000,0.000000000,0.000000000,0.000000000,0.000000000
168,3.359999,B,yup,gripper_l_finger2_body_q,pos,0.000000000,0.000000000,-0.000000000,-0.010669583,-0.496415766,0.029780867,0.867508298,0.000000000
168,3.359999,B,yup,gripper_l_finger2_body_v,vel,0.005317963,0.001722773,0.048506729,0.000000000,0.000000000,-0.000000000,0.000000000,0.000000000
168,3.359999,B,yup,gripper_l_finger2_body_w,vel,0.000000000,0.000000000,-0.000000000,0.022061447,-0.072321020,0.012922433,0.000000000,0.000000000
168,3.359999,B,yup,gripper_l_palm_body_p,pos,-1.142546177,0.807283998,0.351818085,1.000000000,0.000000000,0.000000000,0.000000000,0.000000000
168,3.359999,B,yup,gripper_l_palm_body_q,pos,0.000000000,0.000000000,-0.000000000,0.592336430,-0.634451631,-0.358612271,-0.343519898,0.000000000
168,3.359999,B,yup,gripper_l_palm_body_v,vel,0.005318095,0.001722902,0.048508778,0.000000000,0.000000000,-0.000000000,0.000000000,0.000000000
168,3.359999,B,yup,gripper_l_palm_body_w,vel,0.000000000,0.000000000,-0.000000000,0.022061473,-0.072323397,0.012922581,0.000000000,0.000000000
168,3.359999,B,yup,gripper_r_finger1_body_p,pos,0.919492245,0.256559432,0.254691601,1.000000000,0.000000000,0.000000000,0.000000000,0.000000000
168,3.359999,B,yup,gripper_r_finger1_body_q,pos,0.000000000,0.000000000,-0.000000000,0.546610993,-0.403700796,0.394574192,0.618508930,0.000000000
168,3.359999,B,yup,gripper_r_finger1_body_v,vel,-0.377524674,0.141471833,-0.028055906,0.000000000,0.000000000,-0.000000000,0.000000000,0.000000000
168,3.359999,B,yup,gripper_r_finger1_body_w,vel,0.000000000,0.000000000,-0.000000000,0.051645286,0.159581751,-0.746135652,0.000000000,0.000000000
168,3.359999,B,yup,gripper_r_finger2_body_p,pos,0.954632759,0.178277254,0.277272224,1.000000000,0.000000000,0.000000000,0.000000000,0.000000000
168,3.359999,B,yup,gripper_r_finger2_body_q,pos,0.000000000,0.000000000,-0.000000000,0.618589356,-0.394465211,-0.403577807,-0.546689454,0.000000000
168,3.359999,B,yup,gripper_r_finger2_body_v,vel,-0.377528936,0.141431794,-0.028042931,0.000000000,0.000000000,-0.000000000,0.000000000,0.000000000
168,3.359999,B,yup,gripper_r_finger2_body_w,vel,0.000000000,0.000000000,-0.000000000,0.051825318,0.159565270,-0.746127188,0.000000000,0.000000000
168,3.359999,B,yup,gripper_r_palm_body_p,pos,0.852957249,0.321834743,0.242637634,1.000000000,0.000000000,0.000000000,0.000000000,0.000000000
168,3.359999,B,yup,gripper_r_palm_body_q,pos,0.000000000,0.000000000,-0.000000000,0.101115107,-0.671958142,-0.158404393,0.716349104,0.000000000
168,3.359999,B,yup,gripper_r_palm_body_v,vel,-0.377527088,0.141449258,-0.028048428,0.000000000,0.000000000,-0.000000000,0.000000000,0.000000000
168,3.359999,B,yup,gripper_r_palm_body_w,vel,0.000000000,0.000000000,-0.000000000,0.051735539,0.159573495,-0.746131420,0.000000000,0.000000000
169,3.379999,B,yup,gripper_l_finger1_body_p,pos,-1.389643192,0.811424851,0.360298634,1.000000000,0.000000000,0.000000000,0.000000000,0.000000000
169,3.379999,B,yup,gripper_l_finger1_body_q,pos,0.000000000,0.000000000,-0.000000000,0.867792636,-0.029628765,-0.495932020,0.010464644,0.000000000
169,3.379999,B,yup,gripper_l_finger1_body_v,vel,0.005691669,0.001731619,0.047850188,0.000000000,0.000000000,-0.000000000,0.000000000,0.000000000
169,3.379999,B,yup,gripper_l_finger1_body_w,vel,0.000000000,0.000000000,-0.000000000,0.021656958,-0.071164660,0.013681610,0.000000000,0.000000000
169,3.379999,B,yup,gripper_l_finger2_body_p,pos,-1.276799202,0.797763348,0.356924534,1.000000000,0.000000000,0.000000000,0.000000000,0.000000000
169,3.379999,B,yup,gripper_l_finger2_body_q,pos,0.000000000,0.000000000,-0.000000000,-0.010459728,-0.495791906,0.029630685,0.867872688,0.000000000
169,3.379999,B,yup,gripper_l_finger2_body_v,vel,0.005692187,0.001730649,0.047834441,0.000000000,0.000000000,-0.000000000,0.000000000,0.000000000
169,3.379999,B,yup,gripper_l_finger2_body_w,vel,0.000000000,0.000000000,-0.000000000,0.021656761,-0.071147040,0.013680519,0.000000000,0.000000000
169,3.379999,B,yup,gripper_l_palm_body_p,pos,-1.142494678,0.807108760,0.351754189,1.000000000,0.000000000,0.000000000,0.000000000,0.000000000
169,3.379999,B,yup,gripper_l_palm_body_q,pos,0.000000000,0.000000000,-0.000000000,0.592700320,-0.634603088,-0.358022812,-0.343227210,0.000000000
169,3.379999,B,yup,gripper_l_palm_body_v,vel,0.005692279,0.001730801,0.047836866,0.000000000,0.000000000,-0.000000000,0.000000000,0.000000000
169,3.379999,B,yup,gripper_l_palm_body_w,vel,0.000000000,0.000000000,-0.000000000,0.021656793,-0.071149826,0.013680692,0.000000000,0.000000000
169,3.379999,B,yup,gripper_r_finger1_body_p,pos,0.909097195,0.251058280,0.252117157,1.000000000,0.000000000,0.000000000,0.000000000,0.000000000
169,3.379999,B,yup,gripper_r_finger1_body_q,pos,0.000000000,0.000000000,-0.000000000,0.542936217,-0.407252463,0.390415581,0.622046116,0.000000000
169,3.379999,B,yup,gripper_r_finger1_body_v,vel,-0.373082370,0.127779752,-0.029324207,0.000000000,0.000000000,-0.000000000,0.000000000,0.000000000
169,3.379999,B,yup,gripper_r_finger1_body_w,vel,0.000000000,0.000000000,-0.000000000,0.058196209,0.156672433,-0.715074480,0.000000000,0.000000000
169,3.379999,B,yup,gripper_r_finger2_body_p,pos,0.944031715,0.173051357,0.274742126,1.000000000,0.000000000,0.000000000,0.000000000,0.000000000
169,3.379999,B,yup,gripper_r_finger2_body_q,pos,0.000000000,0.000000000,-0.000000000,0.622127661,-0.390306832,-0.407128187,-0.543014171,0.000000000
169,3.379999,B,yup,gripper_r_finger2_body_v,vel,-0.373085827,0.127750978,-0.029315021,0.000000000,0.000000000,-0.000000000,0.000000000,0.000000000
169,3.379999,B,yup,gripper_r_finger2_body_w,vel,0.000000000,0.000000000,-0.000000000,0.058325235,0.156658724,-0.715068817,0.000000000,0.000000000
169,3.379999,B,yup,gripper_r_palm_body_p,pos,0.844144344,0.316299975,0.240173340,1.000000000,0.000000000,0.000000000,0.000000000,0.000000000
169,3.379999,B,yup,gripper_r_palm_body_q,pos,0.000000000,0.000000000,-0.000000000,0.096005589,-0.671870530,-0.163846508,0.715910078,0.000000000
169,3.379999,B,yup,gripper_r_palm_body_v,vel,-0.373083949,0.127766728,-0.029319828,0.000000000,0.000000000,-0.000000000,0.000000000,0.000000000
169,3.379999,B,yup,gripper_r_palm_body_w,vel,0.000000000,0.000000000,-0.000000000,0.058244247,0.156667322,-0.715072334,0.000000000,0.000000000
170,3.399999,B,yup,gripper_l_finger1_body_p,pos,-1.389572144,0.811209798,0.360064507,1.000000000,0.000000000,0.000000000,0.000000000,0.000000000
170,3.399999,B,yup,gripper_l_finger1_body_q,pos,0.000000000,0.000000000,-0.000000000,0.868150718,-0.029486617,-0.495317878,0.010250395,0.000000000
170,3.399999,B,yup,gripper_l_finger1_body_v,vel,0.006051118,0.001761550,0.047206320,0.000000000,0.000000000,-0.000000000,0.000000000,0.000000000
170,3.399999,B,yup,gripper_l_finger1_body_w,vel,0.000000000,0.000000000,-0.000000000,0.021181306,-0.069994353,0.014411818,0.000000000,0.000000000
170,3.399999,B,yup,gripper_l_finger2_body_p,pos,-1.276599884,0.797603011,0.356753349,1.000000000,0.000000000,0.000000000,0.000000000,0.000000000
170,3.399999,B,yup,gripper_l_finger2_body_q,pos,0.000000000,0.000000000,-0.000000000,-0.010245502,-0.495177682,0.029488504,0.868230684,0.000000000
170,3.399999,B,yup,gripper_l_finger2_body_v,vel,0.006051642,0.001760604,0.047190834,0.000000000,0.000000000,-0.000000000,0.000000000,0.000000000
170,3.399999,B,yup,gripper_l_finger2_body_w,vel,0.000000000,0.000000000,-0.000000000,0.021181108,-0.069977015,0.014410752,0.000000000,0.000000000
170,3.399999,B,yup,gripper_l_palm_body_p,pos,-1.142443180,0.806920886,0.351693153,1.000000000,0.000000000,0.000000000,0.000000000,0.000000000
170,3.399999,B,yup,gripper_l_palm_body_q,pos,0.000000000,0.000000000,-0.000000000,0.593053977,-0.634755725,-0.357437071,-0.342944440,0.000000000
170,3.399999,B,yup,gripper_l_palm_body_v,vel,0.006051711,0.001760765,0.047193430,0.000000000,0.000000000,-0.000000000,0.000000000,0.000000000
170,3.399999,B,yup,gripper_l_palm_body_w,vel,0.000000000,0.000000000,-0.000000000,0.021181142,-0.069979995,0.014410935,0.000000000,0.000000000
170,3.399999,B,yup,gripper_r_finger1_body_p,pos,0.898822784,0.245822370,0.249563694,1.000000000,0.000000000,0.000000000,0.000000000,0.000000000
170,3.399999,B,yup,gripper_r_finger1_body_q,pos,0.000000000,0.000000000,-0.000000000,0.539435844,-0.410612133,0.386345115,0.625415141,0.000000000
170,3.399999,B,yup,gripper_r_finger1_body_v,vel,-0.368087053,0.115128241,-0.030481283,0.000000000,0.000000000,-0.000000000,0.000000000,0.000000000
170,3.399999,B,yup,gripper_r_finger1_body_w,vel,0.000000000,0.000000000,-0.000000000,0.062828064,0.153259456,-0.684028268,0.000000000,0.000000000
170,3.399999,B,yup,gripper_r_finger2_body_p,pos,0.933570862,0.168067098,0.272229195,1.000000000,0.000000000,0.000000000,0.000000000,0.000000000
170,3.399999,B,yup,gripper_r_finger2_body_q,pos,0.000000000,0.000000000,-0.000000000,0.625497663,-0.386236642,-0.410486703,-0.539513296,0.000000000
170,3.399999,B,yup,gripper_r_finger2_body_v,vel,-0.368091077,0.115097813,-0.030471975,0.000000000,0.000000000,-0.000000000,0.000000000,0.000000000
170,3.399999,B,yup,gripper_r_finger2_body_w,vel,0.000000000,0.000000000,-0.000000000,0.062966160,0.153242812,-0.684022665,0.000000000,0.000000000
170,3.399999,B,yup,gripper_r_palm_body_p,pos,0.835391045,0.310996354,0.237735271,1.000000000,0.000000000,0.000000000,0.000000000,0.000000000
170,3.399999,B,yup,gripper_r_palm_body_q,pos,0.000000000,0.000000000,-0.000000000,0.091155083,-0.671770464,-0.169107335,0.715414498,0.000000000
170,3.399999,B,yup,gripper_r_palm_body_v,vel,-0.368089199,0.115112141,-0.030476235,0.000000000,0.000000000,-0.000000000,0.000000000,0.000000000
170,3.399999,B,yup,gripper_r_palm_body_w,vel,0.000000000,0.000000000,-0.000000000,0.062892541,0.153251678,-0.684025645,0.000000000,0.000000000
171,3.419999,B,yup,gripper_l_finger1_body_p,pos,-1.389501572,0.810982823,0.359837055,1.000000000,0.000000000,0.000000000,0.000000000,0.000000000
171,3.419999,B,yup,gripper_l_finger1_body_q,pos,0.000000000,0.000000000,-0.000000000,0.868502437,-0.029352389,-0.494713336,0.010033439,0.000000000
171,3.419999,B,yup,gripper_l_finger1_body_v,vel,0.006295710,0.001754227,0.046657834,0.000000000,0.000000000,-0.000000000,0.000000000,0.000000000
171,3.419999,B,yup,gripper_l_finger1_body_w,vel,0.000000000,0.000000000,-0.000000000,0.020485178,-0.068847224,0.014899893,0.000000000,0.000000000
171,3.419999,B,yup,gripper_l_finger2_body_p,pos,-1.276403427,0.797430277,0.356587410,1.000000000,0.000000000,0.000000000,0.000000000,0.000000000
171,3.419999,B,yup,gripper_l_finger2_body_q,pos,0.000000000,0.000000000,-0.000000000,-0.010028568,-0.494573086,0.029354241,0.868582304,0.000000000
171,3.419999,B,yup,gripper_l_finger2_body_v,vel,0.006296330,0.001753168,0.046640366,0.000000000,0.000000000,-0.000000000,0.000000000,0.000000000
171,3.419999,B,yup,gripper_l_finger2_body_w,vel,0.000000000,0.000000000,-0.000000000,0.020484949,-0.068827666,0.014898700,0.000000000,0.000000000
171,3.419999,B,yup,gripper_l_palm_body_p,pos,-1.142391682,0.806722760,0.351635456,1.000000000,0.000000000,0.000000000,0.000000000,0.000000000
171,3.419999,B,yup,gripper_l_palm_body_q,pos,0.000000000,0.000000000,-0.000000000,0.593397553,-0.634909450,-0.356856196,-0.342670380,0.000000000
171,3.419999,B,yup,gripper_l_palm_body_v,vel,0.006296370,0.001753364,0.046643563,0.000000000,0.000000000,-0.000000000,0.000000000,0.000000000
171,3.419999,B,yup,gripper_l_palm_body_w,vel,0.000000000,0.000000000,-0.000000000,0.020484991,-0.068831317,0.014898922,0.000000000,0.000000000
171,3.419999,B,yup,gripper_r_finger1_body_p,pos,0.888693810,0.240849555,0.247042179,1.000000000,0.000000000,0.000000000,0.000000000,0.000000000
171,3.419999,B,yup,gripper_r_finger1_body_q,pos,0.000000000,0.000000000,-0.000000000,0.536105038,-0.413788229,0.382378698,0.628615320,0.000000000
171,3.419999,B,yup,gripper_r_finger1_body_v,vel,-0.362510115,0.103368230,-0.031512070,0.000000000,0.000000000,-0.000000000,0.000000000,0.000000000
171,3.419999,B,yup,gripper_r_finger1_body_w,vel,0.000000000,0.000000000,-0.000000000,0.065961689,0.149389595,-0.652913928,0.000000000,0.000000000
171,3.419999,B,yup,gripper_r_finger2_body_p,pos,0.923273563,0.163324773,0.269744396,1.000000000,0.000000000,0.000000000,0.000000000,0.000000000
171,3.419999,B,yup,gripper_r_finger2_body_q,pos,0.000000000,0.000000000,-0.000000000,0.628698717,-0.382270576,-0.413661780,-0.536181929,0.000000000
171,3.419999,B,yup,gripper_r_finger2_body_v,vel,-0.362513691,0.103343531,-0.031504635,0.000000000,0.000000000,-0.000000000,0.000000000,0.000000000
171,3.419999,B,yup,gripper_r_finger2_body_w,vel,0.000000000,0.000000000,-0.000000000,0.066074096,0.149374530,-0.652909696,0.000000000,0.000000000
171,3.419999,B,yup,gripper_r_palm_body_p,pos,0.826720238,0.305927217,0.235331059,1.000000000,0.000000000,0.000000000,0.000000000,0.000000000
171,3.419999,B,yup,gripper_r_palm_body_q,pos,0.000000000,0.000000000,-0.000000000,0.086554244,-0.671660601,-0.174175128,0.714873013,0.000000000
171,3.419999,B,yup,gripper_r_palm_body_v,vel,-0.362511784,0.103356637,-0.031508449,0.000000000,0.000000000,-0.000000000,0.000000000,0.000000000
171,3.419999,B,yup,gripper_r_palm_body_w,vel,0.000000000,0.000000000,-0.000000000,0.066006780,0.149383545,-0.652912259,0.000000000,0.000000000
172,3.439999,B,yup,gripper_l_finger1_body_p,pos,-1.389431953,0.810748339,0.359614849,1.000000000,0.000000000,0.000000000,0.000000000,0.000000000
172,3.439999,B,yup,gripper_l_finger1_body_q,pos,0.000000000,0.000000000,-0.000000000,0.868847837,-0.029224438,-0.494118420,0.009816135,0.000000000
172,3.439999,B,yup,gripper_l_finger1_body_v,vel,0.006389664,0.001682949,0.046083737,0.000000000,0.000000000,-0.000000000,0.000000000,0.000000000
172,3.439999,B,yup,gripper_l_finger1_body_w,vel,0.000000000,0.000000000,-0.000000000,0.019839151,-0.067727059,0.015065894,0.000000000,0.000000000
172,3.439999,B,yup,gripper_l_finger2_body_p,pos,-1.276208878,0.797249675,0.356426239,1.000000000,0.000000000,0.000000000,0.000000000,0.000000000
172,3.439999,B,yup,gripper_l_finger2_body_q,pos,0.000000000,0.000000000,-0.000000000,-0.009811286,-0.493978141,0.029226253,0.868927592,0.000000000
172,3.439999,B,yup,gripper_l_finger2_body_v,vel,0.006390215,0.001681931,0.046066828,0.000000000,0.000000000,-0.000000000,0.000000000,0.000000000
172,3.439999,B,yup,gripper_l_finger2_body_w,vel,0.000000000,0.000000000,-0.000000000,0.019838927,-0.067708120,0.015064747,0.000000000,0.000000000
172,3.439999,B,yup,gripper_l_palm_body_p,pos,-1.142341137,0.806518078,0.351580620,1.000000000,0.000000000,0.000000000,0.000000000,0.000000000
172,3.439999,B,yup,gripper_l_palm_body_q,pos,0.000000000,0.000000000,-0.000000000,0.593732238,-0.635063112,-0.356281906,-0.342403382,0.000000000
172,3.439999,B,yup,gripper_l_palm_body_v,vel,0.006390367,0.001682040,0.046068601,0.000000000,0.000000000,-0.000000000,0.000000000,0.000000000
172,3.439999,B,yup,gripper_l_palm_body_w,vel,0.000000000,0.000000000,-0.000000000,0.019838952,-0.067710191,0.015064873,0.000000000,0.000000000
172,3.439999,B,yup,gripper_r_finger1_body_p,pos,0.878734112,0.236136794,0.244562149,1.000000000,0.000000000,0.000000000,0.000000000,0.000000000
172,3.439999,B,yup,gripper_r_finger1_body_q,pos,0.000000000,0.000000000,-0.000000000,0.532940721,-0.416787054,0.378530618,0.631646508,0.000000000
172,3.439999,B,yup,gripper_r_finger1_body_v,vel,-0.356361955,0.092340365,-0.032436009,0.000000000,0.000000000,-0.000000000,0.000000000,0.000000000
172,3.439999,B,yup,gripper_r_finger1_body_w,vel,0.000000000,0.000000000,-0.000000000,0.067802012,0.145089522,-0.621602058,0.000000000,0.000000000
172,3.439999,B,yup,gripper_r_finger2_body_p,pos,0.913162231,0.158823490,0.267297745,1.000000000,0.000000000,0.000000000,0.000000000,0.000000000
172,3.439999,B,yup,gripper_r_finger2_body_q,pos,0.000000000,0.000000000,-0.000000000,0.631730703,-0.378422881,-0.416659677,-0.533017032,0.000000000
172,3.439999,B,yup,gripper_r_finger2_body_v,vel,-0.356365591,0.092317156,-0.032429192,0.000000000,0.000000000,-0.000000000,0.000000000,0.000000000
172,3.439999,B,yup,gripper_r_finger2_body_w,vel,0.000000000,0.000000000,-0.000000000,0.067908213,0.145073906,-0.621598423,0.000000000,0.000000000
172,3.439999,B,yup,gripper_r_palm_body_p,pos,0.818155289,0.301094711,0.232967854,1.000000000,0.000000000,0.000000000,0.000000000,0.000000000
172,3.439999,B,yup,gripper_r_palm_body_q,pos,0.000000000,0.000000000,-0.000000000,0.082196408,-0.671543069,-0.179039689,0.714295769,0.000000000
172,3.439999,B,yup,gripper_r_palm_body_v,vel,-0.356363714,0.092329137,-0.032432619,0.000000000,0.000000000,-0.000000000,0.000000000,0.000000000
172,3.439999,B,yup,gripper_r_palm_body_w,vel,0.000000000,0.000000000,-0.000000000,0.067846753,0.145082951,-0.621600509,0.000000000,0.000000000
173,3.459999,B,yup,gripper_l_finger1_body_p,pos,-1.389362812,0.810511112,0.359397411,1.000000000,0.000000000,0.000000000,0.000000000,0.000000000
173,3.459999,B,yup,gripper_l_finger1_body_q,pos,0.000000000,0.000000000,-0.000000000,0.869187041,-0.029100777,-0.493533041,0.009600528,0.000000000
173,3.459999,B,yup,gripper_l_finger1_body_v,vel,0.006380092,0.001580869,0.045278322,0.000000000,0.000000000,-0.000000000,0.000000000,0.000000000
173,3.459999,B,yup,gripper_l_finger1_body_w,vel,0.000000000,0.000000000,-0.000000000,0.019605331,-0.066582851,0.015006742,0.000000000,0.000000000
173,3.459999,B,yup,gripper_l_finger2_body_p,pos,-1.276017666,0.797065377,0.356269360,1.000000000,0.000000000,0.000000000,0.000000000,0.000000000
173,3.459999,B,yup,gripper_l_finger2_body_q,pos,0.000000000,0.000000000,-0.000000000,-0.009595700,-0.493392761,0.029102558,0.869266672,0.000000000
173,3.459999,B,yup,gripper_l_finger2_body_v,vel,0.006380671,0.001579930,0.045262594,0.000000000,0.000000000,-0.000000000,0.000000000,0.000000000
173,3.459999,B,yup,gripper_l_finger2_body_w,vel,0.000000000,0.000000000,-0.000000000,0.019605117,-0.066565208,0.015005681,0.000000000,0.000000000
173,3.459999,B,yup,gripper_l_palm_body_p,pos,-1.142290592,0.806310654,0.351527691,1.000000000,0.000000000,0.000000000,0.000000000,0.000000000
173,3.459999,B,yup,gripper_l_palm_body_q,pos,0.000000000,0.000000000,-0.000000000,0.594059480,-0.635215465,-0.355715545,-0.342141928,0.000000000
173,3.459999,B,yup,gripper_l_palm_body_v,vel,0.006380678,0.001580127,0.045265879,0.000000000,0.000000000,-0.000000000,0.000000000,0.000000000
173,3.459999,B,yup,gripper_l_palm_body_w,vel,0.000000000,0.000000000,-0.000000000,0.019605163,-0.066568956,0.015005906,0.000000000,0.000000000
173,3.459999,B,yup,gripper_r_finger1_body_p,pos,0.868966579,0.231680036,0.242131233,1.000000000,0.000000000,0.000000000,0.000000000,0.000000000
173,3.459999,B,yup,gripper_r_finger1_body_q,pos,0.000000000,0.000000000,-0.000000000,0.529941251,-0.419613002,0.374814151,0.634508905,0.000000000
173,3.459999,B,yup,gripper_r_finger1_body_v,vel,-0.349682897,0.081877835,-0.033271972,0.000000000,0.000000000,-0.000000000,0.000000000,0.000000000
173,3.459999,B,yup,gripper_r_finger1_body_w,vel,0.000000000,0.000000000,-0.000000000,0.068585619,0.140372917,-0.589982033,0.000000000,0.000000000
173,3.459999,B,yup,gripper_r_finger2_body_p,pos,0.903257847,0.154560626,0.264897823,1.000000000,0.000000000,0.000000000,0.000000000,0.000000000
173,3.459999,B,yup,gripper_r_finger2_body_q,pos,0.000000000,0.000000000,-0.000000000,0.634593827,-0.374706802,-0.419484821,-0.530016955,0.000000000
173,3.459999,B,yup,gripper_r_finger2_body_v,vel,-0.349686205,0.081858091,-0.033266231,0.000000000,0.000000000,-0.000000000,0.000000000,0.000000000
173,3.459999,B,yup,gripper_r_finger2_body_w,vel,0.000000000,0.000000000,-0.000000000,0.068676196,0.140358478,-0.589979172,0.000000000,0.000000000
173,3.459999,B,yup,gripper_r_palm_body_p,pos,0.809716702,0.296499193,0.230652809,1.000000000,0.000000000,0.000000000,0.000000000,0.000000000
173,3.459999,B,yup,gripper_r_palm_body_q,pos,0.000000000,0.000000000,-0.000000000,0.078077324,-0.671419920,-0.183691800,0.713692192,0.000000000
173,3.459999,B,yup,gripper_r_palm_body_v,vel,-0.349684387,0.081868842,-0.033269286,0.000000000,0.000000000,-0.000000000,0.000000000,0.000000000
173,3.459999,B,yup,gripper_r_palm_body_w,vel,0.000000000,0.000000000,-0.000000000,0.068621077,0.140367255,-0.589980900,0.000000000,0.000000000
174,3.479999,B,yup,gripper_l_finger1_body_p,pos,-1.389294147,0.810274124,0.359184265,1.000000000,0.000000000,0.000000000,0.000000000,0.000000000
174,3.479999,B,yup,gripper_l_finger1_body_q,pos,0.000000000,0.000000000,-0.000000000,0.869520203,-0.028979341,-0.492957089,0.009387328,0.000000000
174,3.479999,B,yup,gripper_l_finger1_body_v,vel,0.006307267,0.001460940,0.044462860,0.000000000,0.000000000,-0.000000000,0.000000000,0.000000000
174,3.479999,B,yup,gripper_l_finger1_body_w,vel,0.000000000,0.000000000,-0.000000000,0.019435747,-0.065478839,0.014808926,0.000000000,0.000000000
174,3.479999,B,yup,gripper_l_finger2_body_p,pos,-1.275828838,0.796880722,0.356115818,1.000000000,0.000000000,0.000000000,0.000000000,0.000000000
174,3.479999,B,yup,gripper_l_finger2_body_q,pos,0.000000000,0.000000000,-0.000000000,-0.009382520,-0.492816770,0.028981085,0.869599734,0.000000000
174,3.479999,B,yup,gripper_l_finger2_body_v,vel,0.006307865,0.001460060,0.044448022,0.000000000,0.000000000,-0.000000000,0.000000000,0.000000000
174,3.479999,B,yup,gripper_l_finger2_body_w,vel,0.000000000,0.000000000,-0.000000000,0.019435542,-0.065462165,0.014807929,0.000000000,0.000000000
174,3.479999,B,yup,gripper_l_palm_body_p,pos,-1.142241001,0.806103230,0.351476669,1.000000000,0.000000000,0.000000000,0.000000000,0.000000000
174,3.479999,B,yup,gripper_l_palm_body_q,pos,0.000000000,0.000000000,-0.000000000,0.594380870,-0.635365132,-0.355157556,-0.341885420,0.000000000
174,3.479999,B,yup,gripper_l_palm_body_v,vel,0.006307761,0.001460329,0.044452544,0.000000000,0.000000000,-0.000000000,0.000000000,0.000000000
174,3.479999,B,yup,gripper_l_palm_body_w,vel,0.000000000,0.000000000,-0.000000000,0.019435605,-0.065467283,0.014808235,0.000000000,0.000000000
174,3.479999,B,yup,gripper_r_finger1_body_p,pos,0.859414101,0.227473795,0.239756584,1.000000000,0.000000000,0.000000000,0.000000000,0.000000000
174,3.479999,B,yup,gripper_r_finger1_body_q,pos,0.000000000,0.000000000,-0.000000000,0.527105998,-0.422268710,0.371241502,0.637203382,0.000000000
174,3.479999,B,yup,gripper_r_finger1_body_v,vel,-0.342528045,0.071851648,-0.034037109,0.000000000,0.000000000,-0.000000000,0.000000000,0.000000000
174,3.479999,B,yup,gripper_r_finger1_body_w,vel,0.000000000,0.000000000,-0.000000000,0.068474852,0.135272071,-0.557992578,0.000000000,0.000000000
174,3.479999,B,yup,gripper_r_finger2_body_p,pos,0.893582344,0.150532007,0.262551308,1.000000000,0.000000000,0.000000000,0.000000000,0.000000000
174,3.479999,B,yup,gripper_r_finger2_body_q,pos,0.000000000,0.000000000,-0.000000000,0.637288994,-0.371134550,-0.422139765,-0.527181090,0.000000000
174,3.479999,B,yup,gripper_r_finger2_body_v,vel,-0.342530966,0.071835324,-0.034032356,0.000000000,0.000000000,-0.000000000,0.000000000,0.000000000
174,3.479999,B,yup,gripper_r_finger2_body_w,vel,0.000000000,0.000000000,-0.000000000,0.068549700,0.135259256,-0.557990432,0.000000000,0.000000000
174,3.479999,B,yup,gripper_r_palm_body_p,pos,0.801426411,0.292139351,0.228390694,1.000000000,0.000000000,0.000000000,0.000000000,0.000000000
174,3.479999,B,yup,gripper_r_palm_body_q,pos,0.000000000,0.000000000,-0.000000000,0.074194728,-0.671292534,-0.188123447,0.713071556,0.000000000
174,3.479999,B,yup,gripper_r_palm_body_v,vel,-0.342529356,0.071844295,-0.034034926,0.000000000,0.000000000,-0.000000000,0.000000000,0.000000000
174,3.479999,B,yup,gripper_r_palm_body_w,vel,0.000000000,0.000000000,-0.000000000,0.068503700,0.135267124,-0.557991743,0.000000000,0.000000000
175,3.499999,B,yup,gripper_l_finger1_body_p,pos,-1.389226437,0.810039163,0.358975410,1.000000000,0.000000000,0.000000000,0.000000000,0.000000000
175,3.499999,B,yup,gripper_l_finger1_body_q,pos,0.000000000,0.000000000,-0.000000000,0.869847577,-0.028859678,-0.492390181,0.009177253,0.000000000
175,3.499999,B,yup,gripper_l_finger1_body_v,vel,0.006213859,0.001344637,0.043689683,0.000000000,0.000000000,-0.000000000,0.000000000,0.000000000
175,3.499999,B,yup,gripper_l_finger1_body_w,vel,0.000000000,0.000000000,-0.000000000,0.019242590,-0.064421169,0.014565405,0.000000000,0.000000000
175,3.499999,B,yup,gripper_l_finger2_body_p,pos,-1.275642872,0.796697140,0.355965614,1.000000000,0.000000000,0.000000000,0.000000000,0.000000000
175,3.499999,B,yup,gripper_l_finger2_body_q,pos,0.000000000,0.000000000,-0.000000000,-0.009172466,-0.492249821,0.028861393,0.869927008,0.000000000
175,3.499999,B,yup,gripper_l_finger2_body_v,vel,0.006214482,0.001343796,0.043675374,0.000000000,0.000000000,-0.000000000,0.000000000,0.000000000
175,3.499999,B,yup,gripper_l_finger2_body_w,vel,0.000000000,0.000000000,-0.000000000,0.019242389,-0.064405061,0.014564449,0.000000000,0.000000000
175,3.499999,B,yup,gripper_l_palm_body_p,pos,-1.142191887,0.805897117,0.351426601,1.000000000,0.000000000,0.000000000,0.000000000,0.000000000
175,3.499999,B,yup,gripper_l_palm_body_q,pos,0.000000000,0.000000000,-0.000000000,0.594696980,-0.635511946,-0.354608125,-0.341633058,0.000000000
175,3.499999,B,yup,gripper_l_palm_body_v,vel,0.006214285,0.001344124,0.043680947,0.000000000,0.000000000,-0.000000000,0.000000000,0.000000000
175,3.499999,B,yup,gripper_l_palm_body_w,vel,0.000000000,0.000000000,-0.000000000,0.019242469,-0.064411357,0.014564822,0.000000000,0.000000000
175,3.499999,B,yup,gripper_r_finger1_body_p,pos,0.850097656,0.223511636,0.237443447,1.000000000,0.000000000,0.000000000,0.000000000,0.000000000
175,3.499999,B,yup,gripper_r_finger1_body_q,pos,0.000000000,0.000000000,-0.000000000,0.524434696,-0.424754860,0.367823930,0.639732065,0.000000000
175,3.499999,B,yup,gripper_r_finger1_body_v,vel,-0.334989339,0.062162504,-0.034827173,0.000000000,0.000000000,-0.000000000,0.000000000,0.000000000
175,3.499999,B,yup,gripper_r_finger1_body_w,vel,0.000000000,0.000000000,-0.000000000,0.067771532,0.129643232,-0.525671721,0.000000000,0.000000000
175,3.499999,B,yup,gripper_r_finger2_body_p,pos,0.884154797,0.146731853,0.260263920,1.000000000,0.000000000,0.000000000,0.000000000,0.000000000
175,3.499999,B,yup,gripper_r_finger2_body_q,pos,0.000000000,0.000000000,-0.000000000,0.639818289,-0.367717382,-0.424625244,-0.524509186,0.000000000
175,3.499999,B,yup,gripper_r_finger2_body_v,vel,-0.334991068,0.062153395,-0.034824338,0.000000000,0.000000000,-0.000000000,0.000000000,0.000000000
175,3.499999,B,yup,gripper_r_finger2_body_w,vel,0.000000000,0.000000000,-0.000000000,0.067812353,0.129635781,-0.525670707,0.000000000,0.000000000
175,3.499999,B,yup,gripper_r_palm_body_p,pos,0.793303013,0.288012326,0.226186752,1.000000000,0.000000000,0.000000000,0.000000000,0.000000000
175,3.499999,B,yup,gripper_r_palm_body_q,pos,0.000000000,0.000000000,-0.000000000,0.070547886,-0.671161177,-0.192328185,0.712443359,0.000000000
175,3.499999,B,yup,gripper_r_palm_body_v,vel,-0.334989876,0.062159650,-0.034826200,0.000000000,0.000000000,-0.000000000,0.000000000,0.000000000
175,3.499999,B,yup,gripper_r_palm_body_w,vel,0.000000000,0.000000000,-0.000000000,0.067780234,0.129641637,-0.525671542,0.000000000,0.000000000
176,3.519999,B,yup,gripper_l_finger1_body_p,pos,-1.389159679,0.809806466,0.358769894,1.000000000,0.000000000,0.000000000,0.000000000,0.000000000
176,3.519999,B,yup,gripper_l_finger1_body_q,pos,0.000000000,0.000000000,-0.000000000,0.870169376,-0.028741791,-0.491831982,0.008970446,0.000000000
176,3.519999,B,yup,gripper_l_finger1_body_v,vel,0.006126559,0.001248256,0.042958241,0.000000000,0.000000000,-0.000000000,0.000000000,0.000000000
176,3.519999,B,yup,gripper_l_finger1_body_w,vel,0.000000000,0.000000000,-0.000000000,0.019020958,-0.063401751,0.014334644,0.000000000,0.000000000
176,3.519999,B,yup,gripper_l_finger2_body_p,pos,-1.275459766,0.796515226,0.355818272,1.000000000,0.000000000,0.000000000,0.000000000,0.000000000
176,3.519999,B,yup,gripper_l_finger2_body_q,pos,0.000000000,0.000000000,-0.000000000,-0.008965677,-0.491691583,0.028743472,0.870248710,0.000000000
176,3.519999,B,yup,gripper_l_finger2_body_v,vel,0.006127209,0.001247438,0.042944223,0.000000000,0.000000000,-0.000000000,0.000000000,0.000000000
176,3.519999,B,yup,gripper_l_finger2_body_w,vel,0.000000000,0.000000000,-0.000000000,0.019020757,-0.063385949,0.014333713,0.000000000,0.000000000
176,3.519999,B,yup,gripper_l_palm_body_p,pos,-1.142143726,0.805693030,0.351377964,1.000000000,0.000000000,0.000000000,0.000000000,0.000000000
176,3.519999,B,yup,gripper_l_palm_body_q,pos,0.000000000,0.000000000,-0.000000000,0.595007820,-0.635656114,-0.354067174,-0.341384587,0.000000000
176,3.519999,B,yup,gripper_l_palm_body_v,vel,0.006126934,0.001247816,0.042950690,0.000000000,0.000000000,-0.000000000,0.000000000,0.000000000
176,3.519999,B,yup,gripper_l_palm_body_w,vel,0.000000000,0.000000000,-0.000000000,0.019020850,-0.063393235,0.014334142,0.000000000,0.000000000
176,3.519999,B,yup,gripper_r_finger1_body_p,pos,0.841034889,0.219785333,0.235196590,1.000000000,0.000000000,0.000000000,0.000000000,0.000000000
176,3.519999,B,yup,gripper_r_finger1_body_q,pos,0.000000000,0.000000000,-0.000000000,0.521928356,-0.427074341,0.364571361,0.642095026,0.000000000
176,3.519999,B,yup,gripper_r_finger1_body_v,vel,-0.327251285,0.052822139,-0.036025316,0.000000000,0.000000000,-0.000000000,0.000000000,0.000000000
176,3.519999,B,yup,gripper_r_finger1_body_w,vel,0.000000000,0.000000000,-0.000000000,0.066857114,0.122731283,-0.493304849,0.000000000,0.000000000
176,3.519999,B,yup,gripper_r_finger2_body_p,pos,0.874992847,0.143153012,0.258040905,1.000000000,0.000000000,0.000000000,0.000000000,0.000000000
176,3.519999,B,yup,gripper_r_finger2_body_q,pos,0.000000000,0.000000000,-0.000000000,0.642181843,-0.364465182,-0.426944053,-0.522002287,0.000000000
176,3.519999,B,yup,gripper_r_finger2_body_v,vel,-0.327253640,0.052810352,-0.036021873,0.000000000,0.000000000,-0.000000000,0.000000000,0.000000000
176,3.519999,B,yup,gripper_r_finger2_body_w,vel,0.000000000,0.000000000,-0.000000000,0.066911377,0.122720815,-0.493303627,0.000000000,0.000000000
176,3.519999,B,yup,gripper_r_palm_body_p,pos,0.785363197,0.284113467,0.224045277,1.000000000,0.000000000,0.000000000,0.000000000,0.000000000
176,3.519999,B,yup,gripper_r_palm_body_q,pos,0.000000000,0.000000000,-0.000000000,0.067135565,-0.671028678,-0.196299033,0.711814596,0.000000000
176,3.519999,B,yup,gripper_r_palm_body_v,vel,-0.327252120,0.052817956,-0.036024041,0.000000000,0.000000000,-0.000000000,0.000000000,0.000000000
176,3.519999,B,yup,gripper_r_palm_body_w,vel,0.000000000,0.000000000,-0.000000000,0.066872552,0.122728303,-0.493304521,0.000000000,0.000000000
177,3.539999,B,yup,gripper_l_finger1_body_p,pos,-1.389093399,0.809576392,0.358568192,1.000000000,0.000000000,0.000000000,0.000000000,0.000000000
177,3.539999,B,yup,gripper_l_finger1_body_q,pos,0.000000000,0.000000000,-0.000000000,0.870485755,-0.028625523,-0.491282277,0.008766664,0.000000000
177,3.539999,B,yup,gripper_l_finger1_body_v,vel,0.006046156,0.001173142,0.042251259,0.000000000,0.000000000,-0.000000000,0.000000000,0.000000000
177,3.539999,B,yup,gripper_l_finger1_body_w,vel,0.000000000,0.000000000,-0.000000000,0.018793916,-0.062412471,0.014119683,0.000000000,0.000000000
177,3.539999,B,yup,gripper_l_finger2_body_p,pos,-1.275278568,0.796335101,0.355673790,1.000000000,0.000000000,0.000000000,0.000000000,0.000000000
177,3.539999,B,yup,gripper_l_finger2_body_q,pos,0.000000000,0.000000000,-0.000000000,-0.008761915,-0.491141827,0.028627170,0.870565000,0.000000000
177,3.539999,B,yup,gripper_l_finger2_body_v,vel,0.006046828,0.001172341,0.042237442,0.000000000,0.000000000,-0.000000000,0.000000000,0.000000000
177,3.539999,B,yup,gripper_l_finger2_body_w,vel,0.000000000,0.000000000,-0.000000000,0.018793715,-0.062396880,0.014118770,0.000000000,0.000000000
177,3.539999,B,yup,gripper_l_palm_body_p,pos,-1.142095566,0.805490851,0.351330280,1.000000000,0.000000000,0.000000000,0.000000000,0.000000000
177,3.539999,B,yup,gripper_l_palm_body_q,pos,0.000000000,0.000000000,-0.000000000,0.595313725,-0.635797559,-0.353534400,-0.341139942,0.000000000
177,3.539999,B,yup,gripper_l_palm_body_v,vel,0.006046497,0.001172752,0.042244520,0.000000000,0.000000000,-0.000000000,0.000000000,0.000000000
177,3.539999,B,yup,gripper_l_palm_body_w,vel,0.000000000,0.000000000,-0.000000000,0.018793818,-0.062404852,0.014119237,0.000000000,0.000000000
177,3.539999,B,yup,gripper_r_finger1_body_p,pos,0.832241535,0.216285586,0.233019829,1.000000000,0.000000000,0.000000000,0.000000000,0.000000000
177,3.539999,B,yup,gripper_r_finger1_body_q,pos,0.000000000,0.000000000,-0.000000000,0.519588888,-0.429231018,0.361492127,0.644291520,0.000000000
177,3.539999,B,yup,gripper_r_finger1_body_v,vel,-0.319232225,0.043707732,-0.037083175,0.000000000,0.000000000,-0.000000000,0.000000000,0.000000000
177,3.539999,B,yup,gripper_r_finger1_body_w,vel,0.000000000,0.000000000,-0.000000000,0.065284401,0.115713224,-0.460651100,0.000000000,0.000000000
177,3.539999,B,yup,gripper_r_finger2_body_p,pos,0.866112232,0.139786839,0.255886078,1.000000000,0.000000000,0.000000000,0.000000000,0.000000000
177,3.539999,B,yup,gripper_r_finger2_body_q,pos,0.000000000,0.000000000,-0.000000000,0.644378870,-0.361386324,-0.429100150,-0.519662254,0.000000000
177,3.539999,B,yup,gripper_r_finger2_body_v,vel,-0.319234878,0.043695003,-0.037079550,0.000000000,0.000000000,-0.000000000,0.000000000,0.000000000
177,3.539999,B,yup,gripper_r_finger2_body_w,vel,0.000000000,0.000000000,-0.000000000,0.065343991,0.115701139,-0.460649908,0.000000000,0.000000000
177,3.539999,B,yup,gripper_r_palm_body_p,pos,0.777623177,0.280436933,0.221968651,1.000000000,0.000000000,0.000000000,0.000000000,0.000000000
177,3.539999,B,yup,gripper_r_palm_body_q,pos,0.000000000,0.000000000,-0.000000000,0.063956320,-0.670899036,-0.200029627,0.711190707,0.000000000
177,3.539999,B,yup,gripper_r_palm_body_v,vel,-0.319232970,0.043704085,-0.037082069,0.000000000,0.000000000,-0.000000000,0.000000000,0.000000000
177,3.539999,B,yup,gripper_r_palm_body_w,vel,0.000000000,0.000000000,-0.000000000,0.065297857,0.115710497,-0.460650831,0.000000000,0.000000000
178,3.559999,B,yup,gripper_l_finger1_body_p,pos,-1.389027596,0.809349179,0.358370304,1.000000000,0.000000000,0.000000000,0.000000000,0.000000000
178,3.559999,B,yup,gripper_l_finger1_body_q,pos,0.000000000,0.000000000,-0.000000000,0.870796859,-0.028510688,-0.490740865,0.008565880,0.000000000
178,3.559999,B,yup,gripper_l_finger1_body_v,vel,0.005954476,0.001109316,0.041567221,0.000000000,0.000000000,-0.000000000,0.000000000,0.000000000
178,3.559999,B,yup,gripper_l_finger1_body_w,vel,0.000000000,0.000000000,-0.000000000,0.018555667,-0.061451443,0.013882675,0.000000000,0.000000000
178,3.559999,B,yup,gripper_l_finger2_body_p,pos,-1.275100708,0.796157122,0.355531693,1.000000000,0.000000000,0.000000000,0.000000000,0.000000000
178,3.559999,B,yup,gripper_l_finger2_body_q,pos,0.000000000,0.000000000,-0.000000000,-0.008561150,-0.490600403,0.028512301,0.870875996,0.000000000
178,3.559999,B,yup,gripper_l_finger2_body_v,vel,0.005955156,0.001108534,0.041553609,0.000000000,0.000000000,-0.000000000,0.000000000,0.000000000
178,3.559999,B,yup,gripper_l_finger2_body_w,vel,0.000000000,0.000000000,-0.000000000,0.018555466,-0.061436072,0.013881781,0.000000000,0.000000000
178,3.559999,B,yup,gripper_l_palm_body_p,pos,-1.142048359,0.805290937,0.351283550,1.000000000,0.000000000,0.000000000,0.000000000,0.000000000
178,3.559999,B,yup,gripper_l_palm_body_q,pos,0.000000000,0.000000000,-0.000000000,0.595614913,-0.635936261,-0.353009582,-0.340899080,0.000000000
178,3.559999,B,yup,gripper_l_palm_body_v,vel,0.005954796,0.001108956,0.041560959,0.000000000,0.000000000,-0.000000000,0.000000000,0.000000000
178,3.559999,B,yup,gripper_l_palm_body_w,vel,0.000000000,0.000000000,-0.000000000,0.018555574,-0.061444346,0.013882263,0.000000000,0.000000000
178,3.559999,B,yup,gripper_r_finger1_body_p,pos,0.823731422,0.213002086,0.230916977,1.000000000,0.000000000,0.000000000,0.000000000,0.000000000
178,3.559999,B,yup,gripper_r_finger1_body_q,pos,0.000000000,0.000000000,-0.000000000,0.517417888,-0.431229469,0.358593044,0.646321053,0.000000000
178,3.559999,B,yup,gripper_r_finger1_body_v,vel,-0.310961515,0.034795526,-0.037904389,0.000000000,0.000000000,-0.000000000,0.000000000,0.000000000
178,3.559999,B,yup,gripper_r_finger1_body_w,vel,0.000000000,0.000000000,-0.000000000,0.063053139,0.108886853,-0.427763730,0.000000000,0.000000000
178,3.559999,B,yup,gripper_r_finger2_body_p,pos,0.857525349,0.136623979,0.253803253,1.000000000,0.000000000,0.000000000,0.000000000,0.000000000
178,3.559999,B,yup,gripper_r_finger2_body_q,pos,0.000000000,0.000000000,-0.000000000,0.646408880,-0.358487610,-0.431098108,-0.517490691,0.000000000
178,3.559999,B,yup,gripper_r_finger2_body_v,vel,-0.310964376,0.034782261,-0.037900660,0.000000000,0.000000000,-0.000000000,0.000000000,0.000000000
178,3.559999,B,yup,gripper_r_finger2_body_w,vel,0.000000000,0.000000000,-0.000000000,0.063115962,0.108873539,-0.427762628,0.000000000,0.000000000
178,3.559999,B,yup,gripper_r_palm_body_p,pos,0.770094872,0.276975632,0.219960213,1.000000000,0.000000000,0.000000000,0.000000000,0.000000000
178,3.559999,B,yup,gripper_r_palm_body_q,pos,0.000000000,0.000000000,-0.000000000,0.061008081,-0.670776730,-0.203514712,0.710576073,0.000000000
178,3.559999,B,yup,gripper_r_palm_body_v,vel,-0.310962170,0.034792475,-0.037903458,0.000000000,0.000000000,-0.000000000,0.000000000,0.000000000
178,3.559999,B,yup,gripper_r_palm_body_w,vel,0.000000000,0.000000000,-0.000000000,0.063064300,0.108884491,-0.427763522,0.000000000,0.000000000
179,3.579999,B,yup,gripper_l_finger1_body_p,pos,-1.388962746,0.809125781,0.358174801,1.000000000,0.000000000,0.000000000,0.000000000,0.000000000
179,3.579999,B,yup,gripper_l_finger1_body_q,pos,0.000000000,0.000000000,-0.000000000,0.871102812,-0.028396932,-0.490207583,0.008368443,0.000000000
179,3.579999,B,yup,gripper_l_finger1_body_v,vel,0.005830884,0.001044742,0.040903546,0.000000000,0.000000000,-0.000000000,0.000000000,0.000000000
179,3.579999,B,yup,gripper_l_finger1_body_w,vel,0.000000000,0.000000000,-0.000000000,0.018305333,-0.060518548,0.013579635,0.000000000,0.000000000
179,3.579999,B,yup,gripper_l_finger2_body_p,pos,-1.274924755,0.795982361,0.355392456,1.000000000,0.000000000,0.000000000,0.000000000,0.000000000
179,3.579999,B,yup,gripper_l_finger2_body_q,pos,0.000000000,0.000000000,-0.000000000,-0.008363732,-0.490067095,0.028398514,0.871181849,0.000000000
179,3.579999,B,yup,gripper_l_finger2_body_v,vel,0.005831554,0.001043984,0.040890280,0.000000000,0.000000000,-0.000000000,0.000000000,0.000000000
179,3.579999,B,yup,gripper_l_finger2_body_w,vel,0.000000000,0.000000000,-0.000000000,0.018305134,-0.060503554,0.013578769,0.000000000,0.000000000
179,3.579999,B,yup,gripper_l_palm_body_p,pos,-1.142001629,0.805094481,0.351237774,1.000000000,0.000000000,0.000000000,0.000000000,0.000000000
179,3.579999,B,yup,gripper_l_palm_body_q,pos,0.000000000,0.000000000,-0.000000000,0.595911627,-0.636072160,-0.352492870,-0.340661586,0.000000000
179,3.579999,B,yup,gripper_l_palm_body_v,vel,0.005831193,0.001044399,0.040897548,0.000000000,0.000000000,-0.000000000,0.000000000,0.000000000
179,3.579999,B,yup,gripper_l_palm_body_w,vel,0.000000000,0.000000000,-0.000000000,0.018305244,-0.060511742,0.013579242,0.000000000,0.000000000
179,3.579999,B,yup,gripper_r_finger1_body_p,pos,0.815515041,0.209924221,0.228888988,1.000000000,0.000000000,0.000000000,0.000000000,0.000000000
179,3.579999,B,yup,gripper_r_finger1_body_q,pos,0.000000000,0.000000000,-0.000000000,0.515416211,-0.433073164,0.355879338,0.648184897,0.000000000
179,3.579999,B,yup,gripper_r_finger1_body_v,vel,-0.302490950,0.026077207,-0.038479391,0.000000000,0.000000000,-0.000000000,0.000000000,0.000000000
179,3.579999,B,yup,gripper_r_finger1_body_w,vel,0.000000000,0.000000000,-0.000000000,0.060303312,0.102355145,-0.394762456,0.000000000,0.000000000
179,3.579999,B,yup,gripper_r_finger2_body_p,pos,0.849242687,0.133654296,0.251793861,1.000000000,0.000000000,0.000000000,0.000000000,0.000000000
179,3.579999,B,yup,gripper_r_finger2_body_q,pos,0.000000000,0.000000000,-0.000000000,0.648273110,-0.355774283,-0.432941377,-0.515488505,0.000000000
179,3.579999,B,yup,gripper_r_finger2_body_v,vel,-0.302493036,0.026068006,-0.038476706,0.000000000,0.000000000,-0.000000000,0.000000000,0.000000000
179,3.579999,B,yup,gripper_r_finger2_body_w,vel,0.000000000,0.000000000,-0.000000000,0.060347632,0.102345370,-0.394761771,0.000000000,0.000000000
179,3.579999,B,yup,gripper_r_palm_body_p,pos,0.762789726,0.273721576,0.218020916,1.000000000,0.000000000,0.000000000,0.000000000,0.000000000
179,3.579999,B,yup,gripper_r_palm_body_q,pos,0.000000000,0.000000000,-0.000000000,0.058288991,-0.670664728,-0.206751540,0.709975363,0.000000000
179,3.579999,B,yup,gripper_r_palm_body_v,vel,-0.302490771,0.026078040,-0.038479470,0.000000000,0.000000000,-0.000000000,0.000000000,0.000000000
179,3.579999,B,yup,gripper_r_palm_body_w,vel,0.000000000,0.000000000,-0.000000000,0.060297038,0.102356531,-0.394762546,0.000000000,0.000000000
180,3.599999,B,yup,gripper_l_finger1_body_p,pos,-1.388898373,0.808907747,0.357982635,1.000000000,0.000000000,0.000000000,0.000000000,0.000000000
180,3.599999,B,yup,gripper_l_finger1_body_q,pos,0.000000000,0.000000000,-0.000000000,0.871403747,-0.028283728,-0.489682255,0.008174959,0.000000000
180,3.599999,B,yup,gripper_l_finger1_body_v,vel,0.005664208,0.000971539,0.040257681,0.000000000,0.000000000,-0.000000000,0.000000000,0.000000000
180,3.599999,B,yup,gripper_l_finger1_body_w,vel,0.000000000,0.000000000,-0.000000000,0.018047739,-0.059615083,0.013186246,0.000000000,0.000000000
180,3.599999,B,yup,gripper_l_finger2_body_p,pos,-1.274751663,0.795812130,0.355255127,1.000000000,0.000000000,0.000000000,0.000000000,0.000000000
180,3.599999,B,yup,gripper_l_finger2_body_q,pos,0.000000000,0.000000000,-0.000000000,-0.008170268,-0.489541743,0.028285278,0.871482686,0.000000000
180,3.599999,B,yup,gripper_l_finger2_body_v,vel,0.005664849,0.000970816,0.040244933,0.000000000,0.000000000,-0.000000000,0.000000000,0.000000000
180,3.599999,B,yup,gripper_l_finger2_body_w,vel,0.000000000,0.000000000,-0.000000000,0.018047545,-0.059600666,0.013185418,0.000000000,0.000000000
180,3.599999,B,yup,gripper_l_palm_body_p,pos,-1.141955853,0.804902315,0.351192951,1.000000000,0.000000000,0.000000000,0.000000000,0.000000000
180,3.599999,B,yup,gripper_l_palm_body_q,pos,0.000000000,0.000000000,-0.000000000,0.596204474,-0.636204843,-0.351984592,-0.340426894,0.000000000
180,3.599999,B,yup,gripper_l_palm_body_v,vel,0.005664513,0.000971206,0.040251806,0.000000000,0.000000000,-0.000000000,0.000000000,0.000000000
180,3.599999,B,yup,gripper_l_palm_body_w,vel,0.000000000,0.000000000,-0.000000000,0.018047649,-0.059608418,0.013185863,0.000000000,0.000000000
180,3.599999,B,yup,gripper_r_finger1_body_p,pos,0.807600975,0.207041264,0.226937294,1.000000000,0.000000000,0.000000000,0.000000000,0.000000000
180,3.599999,B,yup,gripper_r_finger1_body_q,pos,0.000000000,0.000000000,-0.000000000,0.513583516,-0.434764291,0.353354808,0.649886423,0.000000000
180,3.599999,B,yup,gripper_r_finger1_body_v,vel,-0.293956548,0.017605422,-0.039070245,0.000000000,0.000000000,-0.000000000,0.000000000,0.000000000
180,3.599999,B,yup,gripper_r_finger1_body_w,vel,0.000000000,0.000000000,-0.000000000,0.057339378,0.095621355,-0.361946911,0.000000000,0.000000000
180,3.599999,B,yup,gripper_r_finger2_body_p,pos,0.841272354,0.130867481,0.249859333,1.000000000,0.000000000,0.000000000,0.000000000,0.000000000
180,3.599999,B,yup,gripper_r_finger2_body_q,pos,0.000000000,0.000000000,-0.000000000,0.649974998,-0.353250086,-0.434632152,-0.513655304,0.000000000
180,3.599999,B,yup,gripper_r_finger2_body_v,vel,-0.293959230,0.017593851,-0.039066952,0.000000000,0.000000000,-0.000000000,0.000000000,0.000000000
180,3.599999,B,yup,gripper_r_finger2_body_w,vel,0.000000000,0.000000000,-0.000000000,0.057394702,0.095608719,-0.361946195,0.000000000,0.000000000
180,3.599999,B,yup,gripper_r_palm_body_p,pos,0.755715847,0.270666361,0.216151714,1.000000000,0.000000000,0.000000000,0.000000000,0.000000000
180,3.599999,B,yup,gripper_r_palm_body_q,pos,0.000000000,0.000000000,-0.000000000,0.055797234,-0.670564355,-0.209739835,0.709393626,0.000000000
180,3.599999,B,yup,gripper_r_palm_body_v,vel,-0.293956906,0.017603915,-0.039069742,0.000000000,0.000000000,-0.000000000,0.000000000,0.000000000
180,3.599999,B,yup,gripper_r_palm_body_w,vel,0.000000000,0.000000000,-0.000000000,0.057344146,0.095620267,-0.361946851,0.000000000,0.000000000
181,3.619999,B,yup,gripper_l_finger1_body_p,pos,-1.388834953,0.808696508,0.357792854,1.000000000,0.000000000,0.000000000,0.000000000,0.000000000
181,3.619999,B,yup,gripper_l_finger1_body_q,pos,0.000000000,0.000000000,-0.000000000,0.871699835,-0.028170670,-0.489164627,0.007986210,0.000000000
181,3.619999,B,yup,gripper_l_finger1_body_v,vel,0.005455880,0.000887871,0.039638028,0.000000000,0.000000000,-0.000000000,0.000000000,0.000000000
181,3.619999,B,yup,gripper_l_finger1_body_w,vel,0.000000000,0.000000000,-0.000000000,0.017771579,-0.058744144,0.012705072,0.000000000,0.000000000
181,3.619999,B,yup,gripper_l_finger2_body_p,pos,-1.274580956,0.795647740,0.355119705,1.000000000,0.000000000,0.000000000,0.000000000,0.000000000
181,3.619999,B,yup,gripper_l_finger2_body_q,pos,0.000000000,0.000000000,-0.000000000,-0.007981538,-0.489024103,0.028172188,0.871778670,0.000000000
181,3.619999,B,yup,gripper_l_finger2_body_v,vel,0.005456476,0.000887189,0.039625928,0.000000000,0.000000000,-0.000000000,0.000000000,0.000000000
181,3.619999,B,yup,gripper_l_finger2_body_w,vel,0.000000000,0.000000000,-0.000000000,0.017771393,-0.058730446,0.012704290,0.000000000,0.000000000
181,3.619999,B,yup,gripper_l_palm_body_p,pos,-1.141910553,0.804715991,0.351147652,1.000000000,0.000000000,0.000000000,0.000000000,0.000000000
181,3.619999,B,yup,gripper_l_palm_body_q,pos,0.000000000,0.000000000,-0.000000000,0.596493743,-0.636334230,-0.351485098,-0.340194339,0.000000000
181,3.619999,B,yup,gripper_l_palm_body_v,vel,0.005456184,0.000887542,0.039632186,0.000000000,0.000000000,-0.000000000,0.000000000,0.000000000
181,3.619999,B,yup,gripper_l_palm_body_w,vel,0.000000000,0.000000000,-0.000000000,0.017771490,-0.058737513,0.012704694,0.000000000,0.000000000
181,3.619999,B,yup,gripper_r_finger1_body_p,pos,0.799995422,0.204342246,0.225061417,1.000000000,0.000000000,0.000000000,0.000000000,0.000000000
181,3.619999,B,yup,gripper_r_finger1_body_q,pos,0.000000000,0.000000000,-0.000000000,0.511918948,-0.436305282,0.351021735,0.651429530,0.000000000
181,3.619999,B,yup,gripper_r_finger1_body_v,vel,-0.285420507,0.009369275,-0.039663814,0.000000000,0.000000000,-0.000000000,0.000000000,0.000000000
181,3.619999,B,yup,gripper_r_finger1_body_w,vel,0.000000000,0.000000000,-0.000000000,0.054256219,0.088746354,-0.329433084,0.000000000,0.000000000
181,3.619999,B,yup,gripper_r_finger2_body_p,pos,0.833620548,0.128252804,0.247999191,1.000000000,0.000000000,0.000000000,0.000000000,0.000000000
181,3.619999,B,yup,gripper_r_finger2_body_q,pos,0.000000000,0.000000000,-0.000000000,0.651518399,-0.350917338,-0.436172812,-0.511990308,0.000000000
181,3.619999,B,yup,gripper_r_finger2_body_v,vel,-0.285422951,0.009359023,-0.039660852,0.000000000,0.000000000,-0.000000000,0.000000000,0.000000000
181,3.619999,B,yup,gripper_r_finger2_body_w,vel,0.000000000,0.000000000,-0.000000000,0.054305624,0.088734709,-0.329432547,0.000000000,0.000000000
181,3.619999,B,yup,gripper_r_palm_body_p,pos,0.748880386,0.267800868,0.214353085,1.000000000,0.000000000,0.000000000,0.000000000,0.000000000
181,3.619999,B,yup,gripper_r_palm_body_q,pos,0.000000000,0.000000000,-0.000000000,0.053530540,-0.670476730,-0.212480708,0.708835231,0.000000000
181,3.619999,B,yup,gripper_r_palm_body_v,vel,-0.285420537,0.009369139,-0.039663680,0.000000000,0.000000000,-0.000000000,0.000000000,0.000000000
181,3.619999,B,yup,gripper_r_palm_body_w,vel,0.000000000,0.000000000,-0.000000000,0.054254994,0.088746645,-0.329433113,0.000000000,0.000000000
182,3.639999,B,yup,gripper_l_finger1_body_p,pos,-1.388772011,0.808493257,0.357605457,1.000000000,0.000000000,0.000000000,0.000000000,0.000000000
182,3.639999,B,yup,gripper_l_finger1_body_q,pos,0.000000000,0.000000000,-0.000000000,0.871991229,-0.028057493,-0.488654467,0.007802886,0.000000000
182,3.639999,B,yup,gripper_l_finger1_body_v,vel,0.005218063,0.000797856,0.039048739,0.000000000,0.000000000,-0.000000000,0.000000000,0.000000000
182,3.639999,B,yup,gripper_l_finger1_body_w,vel,0.000000000,0.000000000,-0.000000000,0.017474387,-0.057906654,0.012161730,0.000000000,0.000000000
182,3.639999,B,yup,gripper_l_finger2_body_p,pos,-1.274413109,0.795490503,0.354985714,1.000000000,0.000000000,0.000000000,0.000000000,0.000000000
182,3.639999,B,yup,gripper_l_finger2_body_q,pos,0.000000000,0.000000000,-0.000000000,-0.007798234,-0.488513946,0.028058983,0.872069954,0.000000000
182,3.639999,B,yup,gripper_l_finger2_body_v,vel,0.005218605,0.000797218,0.039037354,0.000000000,0.000000000,-0.000000000,0.000000000,0.000000000
182,3.639999,B,yup,gripper_l_finger2_body_w,vel,0.000000000,0.000000000,-0.000000000,0.017474210,-0.057893749,0.012160999,0.000000000,0.000000000
182,3.639999,B,yup,gripper_l_palm_body_p,pos,-1.141865730,0.804536462,0.351103306,1.000000000,0.000000000,0.000000000,0.000000000,0.000000000
182,3.639999,B,yup,gripper_l_palm_body_q,pos,0.000000000,0.000000000,-0.000000000,0.596779820,-0.636460184,-0.350994736,-0.339963197,0.000000000
182,3.639999,B,yup,gripper_l_palm_body_v,vel,0.005218370,0.000797527,0.039042860,0.000000000,0.000000000,-0.000000000,0.000000000,0.000000000
182,3.639999,B,yup,gripper_l_palm_body_w,vel,0.000000000,0.000000000,-0.000000000,0.017474296,-0.057899978,0.012161352,0.000000000,0.000000000
182,3.639999,B,yup,gripper_r_finger1_body_p,pos,0.792739391,0.201797307,0.223258495,1.000000000,0.000000000,0.000000000,0.000000000,0.000000000
182,3.639999,B,yup,gripper_r_finger1_body_q,pos,0.000000000,0.000000000,-0.000000000,0.510496147,-0.437621267,0.348980130,0.652758898,0.000000000
182,3.639999,B,yup,gripper_r_finger1_body_v,vel,-0.281048805,-0.011390016,-0.044779737,0.000000000,0.000000000,-0.000000000,0.000000000,0.000000000
182,3.639999,B,yup,gripper_r_finger1_body_w,vel,0.000000000,0.000000000,-0.000000000,0.048875552,0.073383667,-0.271847606,0.000000000,0.000000000
182,3.639999,B,yup,gripper_r_finger2_body_p,pos,0.826326370,0.125774980,0.246208668,1.000000000,0.000000000,0.000000000,0.000000000,0.000000000
182,3.639999,B,yup,gripper_r_finger2_body_q,pos,0.000000000,0.000000000,-0.000000000,0.652848135,-0.348875971,-0.437488439,-0.510567072,0.000000000
182,3.639999,B,yup,gripper_r_finger2_body_v,vel,-0.281051636,-0.011401651,-0.044776168,0.000000000,0.000000000,-0.000000000,0.000000000,0.000000000
182,3.639999,B,yup,gripper_r_finger2_body_w,vel,0.000000000,0.000000000,-0.000000000,0.048932679,0.073369846,-0.271847099,0.000000000,0.000000000
182,3.639999,B,yup,gripper_r_palm_body_p,pos,0.742289066,0.265102506,0.212620258,1.000000000,0.000000000,0.000000000,0.000000000,0.000000000
182,3.639999,B,yup,gripper_r_palm_body_q,pos,0.000000000,0.000000000,-0.000000000,0.051593870,-0.670400919,-0.214864374,0.708331829,0.000000000
182,3.639999,B,yup,gripper_r_palm_body_v,vel,-0.281048536,-0.011388892,-0.044779949,0.000000000,0.000000000,-0.000000000,0.000000000,0.000000000
182,3.639999,B,yup,gripper_r_palm_body_w,vel,0.000000000,0.000000000,-0.000000000,0.048868816,0.073385298,-0.271847665,0.000000000,0.000000000
183,3.659999,B,yup,gripper_l_finger1_body_p,pos,-1.388710022,0.808298826,0.357419968,1.000000000,0.000000000,0.000000000,0.000000000,0.000000000
183,3.659999,B,yup,gripper_l_finger1_body_q,pos,0.000000000,0.000000000,-0.000000000,0.872278133,-0.027945347,-0.488151367,0.007626192,0.000000000
183,3.659999,B,yup,gripper_l_finger1_body_v,vel,0.004963494,0.000705783,0.038539842,0.000000000,0.000000000,-0.000000000,0.000000000,0.000000000
183,3.659999,B,yup,gripper_l_finger1_body_w,vel,0.000000000,0.000000000,-0.000000000,0.017065031,-0.057108950,0.011583610,0.000000000,0.000000000
183,3.659999,B,yup,gripper_l_finger2_body_p,pos,-1.274247646,0.795340657,0.354853630,1.000000000,0.000000000,0.000000000,0.000000000,0.000000000
183,3.659999,B,yup,gripper_l_finger2_body_q,pos,0.000000000,0.000000000,-0.000000000,-0.007621559,-0.488010822,0.027946807,0.872356765,0.000000000
183,3.659999,B,yup,gripper_l_finger2_body_v,vel,0.004963995,0.000705183,0.038529057,0.000000000,0.000000000,-0.000000000,0.000000000,0.000000000
183,3.659999,B,yup,gripper_l_finger2_body_w,vel,0.000000000,0.000000000,-0.000000000,0.017064860,-0.057096709,0.011582920,0.000000000,0.000000000
183,3.659999,B,yup,gripper_l_palm_body_p,pos,-1.141821861,0.804364443,0.351058483,1.000000000,0.000000000,0.000000000,0.000000000,0.000000000
183,3.659999,B,yup,gripper_l_palm_body_q,pos,0.000000000,0.000000000,-0.000000000,0.597061940,-0.636583748,-0.350514026,-0.339732380,0.000000000
183,3.659999,B,yup,gripper_l_palm_body_v,vel,0.004963799,0.000705460,0.038534027,0.000000000,0.000000000,-0.000000000,0.000000000,0.000000000
183,3.659999,B,yup,gripper_l_palm_body_w,vel,0.000000000,0.000000000,-0.000000000,0.017064938,-0.057102337,0.011583238,0.000000000,0.000000000
183,3.659999,B,yup,gripper_r_finger1_body_p,pos,0.785885811,0.199365079,0.221523285,1.000000000,0.000000000,0.000000000,0.000000000,0.000000000
183,3.659999,B,yup,gripper_r_finger1_body_q,pos,0.000000000,0.000000000,-0.000000000,0.509428440,-0.438600033,0.347381472,0.653788030,0.000000000
183,3.659999,B,yup,gripper_r_finger1_body_v,vel,-0.280550689,-0.041883487,-0.053378534,0.000000000,0.000000000,-0.000000000,0.000000000,0.000000000
183,3.659999,B,yup,gripper_r_finger1_body_w,vel,0.000000000,0.000000000,-0.000000000,0.041470800,0.051373374,-0.194016874,0.000000000,0.000000000
183,3.659999,B,yup,gripper_r_finger2_body_p,pos,0.819445133,0.123384356,0.244479179,1.000000000,0.000000000,0.000000000,0.000000000,0.000000000
183,3.659999,B,yup,gripper_r_finger2_body_q,pos,0.000000000,0.000000000,-0.000000000,0.653877566,-0.347277375,-0.438466789,-0.509499194,0.000000000
183,3.659999,B,yup,gripper_r_finger2_body_v,vel,-0.280553848,-0.041896123,-0.053374417,0.000000000,0.000000000,-0.000000000,0.000000000,0.000000000
183,3.659999,B,yup,gripper_r_finger2_body_w,vel,0.000000000,0.000000000,-0.000000000,0.041533701,0.051357847,-0.194016397,0.000000000,0.000000000
183,3.659999,B,yup,gripper_r_palm_body_p,pos,0.735944271,0.262540877,0.210946560,1.000000000,0.000000000,0.000000000,0.000000000,0.000000000
183,3.659999,B,yup,gripper_r_palm_body_q,pos,0.000000000,0.000000000,-0.000000000,0.050146826,-0.670337865,-0.216722536,0.707929223,0.000000000
183,3.659999,B,yup,gripper_r_palm_body_v,vel,-0.280550063,-0.041880906,-0.053379159,0.000000000,0.000000000,-0.000000000,0.000000000,0.000000000
183,3.659999,B,yup,gripper_r_palm_body_w,vel,0.000000000,0.000000000,-0.000000000,0.041457675,0.051376611,-0.194016978,0.000000000,0.000000000
184,3.679999,B,yup,gripper_l_finger1_body_p,pos,-1.388648987,0.808113456,0.357236385,1.000000000,0.000000000,0.000000000,0.000000000,0.000000000
184,3.679999,B,yup,gripper_l_finger1_body_q,pos,0.000000000,0.000000000,-0.000000000,0.872560662,-0.027833756,-0.487655188,0.007455923,0.000000000
184,3.679999,B,yup,gripper_l_finger1_body_v,vel,0.004723645,0.000631160,0.037891466,0.000000000,0.000000000,-0.000000000,0.000000000,0.000000000
184,3.679999,B,yup,gripper_l_finger1_body_w,vel,0.000000000,0.000000000,-0.000000000,0.016928591,-0.056296021,0.011036756,0.000000000,0.000000000
184,3.679999,B,yup,gripper_l_finger2_body_p,pos,-1.274084568,0.795198679,0.354722500,1.000000000,0.000000000,0.000000000,0.000000000,0.000000000
184,3.679999,B,yup,gripper_l_finger2_body_q,pos,0.000000000,0.000000000,-0.000000000,-0.007451309,-0.487514620,0.027835189,0.872639201,0.000000000
184,3.679999,B,yup,gripper_l_finger2_body_v,vel,0.004724194,0.000630590,0.037881147,0.000000000,0.000000000,-0.000000000,0.000000000,0.000000000
184,3.679999,B,yup,gripper_l_finger2_body_w,vel,0.000000000,0.000000000,-0.000000000,0.016928425,-0.056284294,0.011036101,0.000000000,0.000000000
184,3.679999,B,yup,gripper_l_palm_body_p,pos,-1.141778946,0.804200053,0.351013660,1.000000000,0.000000000,0.000000000,0.000000000,0.000000000
184,3.679999,B,yup,gripper_l_palm_body_q,pos,0.000000000,0.000000000,-0.000000000,0.597340625,-0.636704559,-0.350042758,-0.339501915,0.000000000
184,3.679999,B,yup,gripper_l_palm_body_v,vel,0.004723857,0.000630947,0.037887607,0.000000000,0.000000000,-0.000000000,0.000000000,0.000000000
184,3.679999,B,yup,gripper_l_palm_body_w,vel,0.000000000,0.000000000,-0.000000000,0.016928528,-0.056291588,0.011036509,0.000000000,0.000000000
184,3.679999,B,yup,gripper_r_finger1_body_p,pos,0.779432297,0.197030365,0.219852448,1.000000000,0.000000000,0.000000000,0.000000000,0.000000000
184,3.679999,B,yup,gripper_r_finger1_body_q,pos,0.000000000,0.000000000,-0.000000000,0.508724225,-0.439242961,0.346234830,0.654512587,0.000000000
184,3.679999,B,yup,gripper_r_finger1_body_v,vel,-0.278661847,-0.065750033,-0.059580348,0.000000000,0.000000000,-0.000000000,0.000000000,0.000000000
184,3.679999,B,yup,gripper_r_finger1_body_w,vel,0.000000000,0.000000000,-0.000000000,0.034906533,0.033946507,-0.128725320,0.000000000,0.000000000
184,3.679999,B,yup,gripper_r_finger2_body_p,pos,0.812973976,0.121066034,0.242808819,1.000000000,0.000000000,0.000000000,0.000000000,0.000000000
184,3.679999,B,yup,gripper_r_finger2_body_q,pos,0.000000000,0.000000000,-0.000000000,0.654602352,-0.346130789,-0.439109445,-0.508794785,0.000000000
184,3.679999,B,yup,gripper_r_finger2_body_v,vel,-0.278664768,-0.065761529,-0.059576523,0.000000000,0.000000000,-0.000000000,0.000000000,0.000000000
184,3.679999,B,yup,gripper_r_finger2_body_w,vel,0.000000000,0.000000000,-0.000000000,0.034963615,0.033932231,-0.128724948,0.000000000,0.000000000
184,3.679999,B,yup,gripper_r_palm_body_p,pos,0.729841232,0.260104060,0.209329128,1.000000000,0.000000000,0.000000000,0.000000000,0.000000000
184,3.679999,B,yup,gripper_r_palm_body_q,pos,0.000000000,0.000000000,-0.000000000,0.049194228,-0.670294399,-0.218045680,0.707630856,0.000000000
184,3.679999,B,yup,gripper_r_palm_body_v,vel,-0.278661162,-0.065747246,-0.059581067,0.000000000,0.000000000,-0.000000000,0.000000000,0.000000000
184,3.679999,B,yup,gripper_r_palm_body_w,vel,0.000000000,0.000000000,-0.000000000,0.034892719,0.033949964,-0.128725410,0.000000000,0.000000000
185,3.699999,B,yup,gripper_l_finger1_body_p,pos,-1.388588428,0.807937026,0.357054710,1.000000000,0.000000000,0.000000000,0.000000000,0.000000000
185,3.699999,B,yup,gripper_l_finger1_body_q,pos,0.000000000,0.000000000,-0.000000000,0.872838747,-0.027717997,-0.487166407,0.007288749,0.000000000
185,3.699999,B,yup,gripper_l_finger1_body_v,vel,0.004512996,0.000582365,0.037043728,0.000000000,0.000000000,-0.000000000,0.000000000,0.000000000
185,3.699999,B,yup,gripper_l_finger1_body_w,vel,0.000000000,0.000000000,-0.000000000,0.017210217,-0.055475131,0.010551988,0.000000000,0.000000000
185,3.699999,B,yup,gripper_l_finger2_body_p,pos,-1.273923874,0.795065403,0.354592800,1.000000000,0.000000000,0.000000000,0.000000000,0.000000000
185,3.699999,B,yup,gripper_l_finger2_body_q,pos,0.000000000,0.000000000,-0.000000000,-0.007284155,-0.487025804,0.027719401,0.872917202,0.000000000
185,3.699999,B,yup,gripper_l_finger2_body_v,vel,0.004513538,0.000581843,0.037034184,0.000000000,0.000000000,-0.000000000,0.000000000,0.000000000
185,3.699999,B,yup,gripper_l_finger2_body_w,vel,0.000000000,0.000000000,-0.000000000,0.017210063,-0.055464275,0.010551385,0.000000000,0.000000000
185,3.699999,B,yup,gripper_l_palm_body_p,pos,-1.141736507,0.804043412,0.350968838,1.000000000,0.000000000,0.000000000,0.000000000,0.000000000
185,3.699999,B,yup,gripper_l_palm_body_q,pos,0.000000000,0.000000000,-0.000000000,0.597619131,-0.636819307,-0.349578889,-0.339274438,0.000000000
185,3.699999,B,yup,gripper_l_palm_body_v,vel,0.004513157,0.000582214,0.037040953,0.000000000,0.000000000,-0.000000000,0.000000000,0.000000000
185,3.699999,B,yup,gripper_l_palm_body_w,vel,0.000000000,0.000000000,-0.000000000,0.017210171,-0.055471908,0.010551808,0.000000000,0.000000000
185,3.699999,B,yup,gripper_r_finger1_body_p,pos,0.773351669,0.194793046,0.218242168,1.000000000,0.000000000,0.000000000,0.000000000,0.000000000
185,3.699999,B,yup,gripper_r_finger1_body_q,pos,0.000000000,0.000000000,-0.000000000,0.508343540,-0.439599607,0.345482412,0.654966360,0.000000000
185,3.699999,B,yup,gripper_r_finger1_body_v,vel,-0.276253045,-0.086463988,-0.064725339,0.000000000,0.000000000,-0.000000000,0.000000000,0.000000000
185,3.699999,B,yup,gripper_r_finger1_body_w,vel,0.000000000,0.000000000,-0.000000000,0.028953603,0.018834196,-0.069190703,0.000000000,0.000000000
185,3.699999,B,yup,gripper_r_finger2_body_p,pos,0.806886673,0.118823171,0.241195202,1.000000000,0.000000000,0.000000000,0.000000000,0.000000000
185,3.699999,B,yup,gripper_r_finger2_body_q,pos,0.000000000,0.000000000,-0.000000000,0.655056214,-0.345378395,-0.439465995,-0.508413965,0.000000000
185,3.699999,B,yup,gripper_r_finger2_body_v,vel,-0.276255995,-0.086475559,-0.064721443,0.000000000,0.000000000,-0.000000000,0.000000000,0.000000000
185,3.699999,B,yup,gripper_r_finger2_body_w,vel,0.000000000,0.000000000,-0.000000000,0.029010447,0.018819865,-0.069190376,0.000000000,0.000000000
185,3.699999,B,yup,gripper_r_palm_body_p,pos,0.723974705,0.257790208,0.207764626,1.000000000,0.000000000,0.000000000,0.000000000,0.000000000
185,3.699999,B,yup,gripper_r_palm_body_q,pos,0.000000000,0.000000000,-0.000000000,0.048672844,-0.670277355,-0.218898624,0.707419687,0.000000000
185,3.699999,B,yup,gripper_r_palm_body_v,vel,-0.276252478,-0.086461775,-0.064725928,0.000000000,0.000000000,-0.000000000,0.000000000,0.000000000
185,3.699999,B,yup,gripper_r_palm_body_w,vel,0.000000000,0.000000000,-0.000000000,0.028942514,0.018836992,-0.069190770,0.000000000,0.000000000
186,3.719999,B,yup,gripper_l_finger1_body_p,pos,-1.388528824,0.807769299,0.356874466,1.000000000,0.000000000,0.000000000,0.000000000,0.000000000
186,3.719999,B,yup,gripper_l_finger1_body_q,pos,0.000000000,0.000000000,-0.000000000,0.873112674,-0.027597876,-0.486684560,0.007124305,0.000000000
186,3.719999,B,yup,gripper_l_finger1_body_v,vel,0.004300665,0.000536237,0.036258452,0.000000000,0.000000000,-0.000000000,0.000000000,0.000000000
186,3.719999,B,yup,gripper_l_finger1_body_w,vel,0.000000000,0.000000000,-0.000000000,0.017434830,-0.054701235,0.010066398,0.000000000,0.000000000
186,3.719999,B,yup,gripper_l_finger2_body_p,pos,-1.273765564,0.794940829,0.354463577,1.000000000,0.000000000,0.000000000,0.000000000,0.000000000
186,3.719999,B,yup,gripper_l_finger2_body_q,pos,0.000000000,0.000000000,-0.000000000,-0.007119732,-0.486543986,0.027599255,0.873191010,0.000000000
186,3.719999,B,yup,gripper_l_finger2_body_v,vel,0.004301169,0.000535742,0.036249351,0.000000000,0.000000000,-0.000000000,0.000000000,0.000000000
186,3.719999,B,yup,gripper_l_finger2_body_w,vel,0.000000000,0.000000000,-0.000000000,0.017434681,-0.054690875,0.010065827,0.000000000,0.000000000
186,3.719999,B,yup,gripper_l_palm_body_p,pos,-1.141694546,0.803894043,0.350923061,1.000000000,0.000000000,0.000000000,0.000000000,0.000000000
186,3.719999,B,yup,gripper_l_palm_body_q,pos,0.000000000,0.000000000,-0.000000000,0.597897735,-0.636928029,-0.349121902,-0.339049969,0.000000000
186,3.719999,B,yup,gripper_l_palm_body_v,vel,0.004300835,0.000536075,0.036255479,0.000000000,0.000000000,-0.000000000,0.000000000,0.000000000
186,3.719999,B,yup,gripper_l_palm_body_w,vel,0.000000000,0.000000000,-0.000000000,0.017434780,-0.054697789,0.010066208,0.000000000,0.000000000
186,3.719999,B,yup,gripper_r_finger1_body_p,pos,0.767624855,0.192652404,0.216686726,1.000000000,0.000000000,0.000000000,0.000000000,0.000000000
186,3.719999,B,yup,gripper_r_finger1_body_q,pos,0.000000000,0.000000000,-0.000000000,0.508259856,-0.439701472,0.345082942,0.655173487,0.000000000
186,3.719999,B,yup,gripper_r_finger1_body_v,vel,-0.273306787,-0.104116984,-0.068936102,0.000000000,0.000000000,-0.000000000,0.000000000,0.000000000
186,3.719999,B,yup,gripper_r_finger1_body_w,vel,0.000000000,0.000000000,-0.000000000,0.023845531,0.005852943,-0.015568094,0.000000000,0.000000000
186,3.719999,B,yup,gripper_r_finger2_body_p,pos,0.801164150,0.116656721,0.239631653,1.000000000,0.000000000,0.000000000,0.000000000,0.000000000
186,3.719999,B,yup,gripper_r_finger2_body_q,pos,0.000000000,0.000000000,-0.000000000,0.655263369,-0.344978989,-0.439567805,-0.508330167,0.000000000
186,3.719999,B,yup,gripper_r_finger2_body_v,vel,-0.273309052,-0.104125962,-0.068932913,0.000000000,0.000000000,-0.000000000,0.000000000,0.000000000
186,3.719999,B,yup,gripper_r_finger2_body_w,vel,0.000000000,0.000000000,-0.000000000,0.023890326,0.005841615,-0.015567854,0.000000000,0.000000000
186,3.719999,B,yup,gripper_r_palm_body_p,pos,0.718339443,0.255596399,0.206247807,1.000000000,0.000000000,0.000000000,0.000000000,0.000000000
186,3.719999,B,yup,gripper_r_palm_body_q,pos,0.000000000,0.000000000,-0.000000000,0.048541672,-0.670290160,-0.219327565,0.707283696,0.000000000
186,3.719999,B,yup,gripper_r_palm_body_v,vel,-0.273305595,-0.104112312,-0.068937466,0.000000000,0.000000000,-0.000000000,0.000000000,0.000000000
186,3.719999,B,yup,gripper_r_palm_body_w,vel,0.000000000,0.000000000,-0.000000000,0.023823585,0.005858494,-0.015568213,0.000000000,0.000000000
187,3.739999,B,yup,gripper_l_finger1_body_p,pos,-1.388469696,0.807610750,0.356695652,1.000000000,0.000000000,0.000000000,0.000000000,0.000000000
187,3.739999,B,yup,gripper_l_finger1_body_q,pos,0.000000000,0.000000000,-0.000000000,0.873382569,-0.027473690,-0.486209422,0.006962972,0.000000000
187,3.739999,B,yup,gripper_l_finger1_body_v,vel,0.004074335,0.000486960,0.035510819,0.000000000,0.000000000,-0.000000000,0.000000000,0.000000000
187,3.739999,B,yup,gripper_l_finger1_body_w,vel,0.000000000,0.000000000,-0.000000000,0.017621851,-0.053956341,0.009553364,0.000000000,0.000000000
187,3.739999,B,yup,gripper_l_finger2_body_p,pos,-1.273610115,0.794825196,0.354334831,1.000000000,0.000000000,0.000000000,0.000000000,0.000000000
187,3.739999,B,yup,gripper_l_finger2_body_q,pos,0.000000000,0.000000000,-0.000000000,-0.006958420,-0.486068840,0.027475044,0.873460809,0.000000000
187,3.739999,B,yup,gripper_l_finger2_body_v,vel,0.004074789,0.000486498,0.035502292,0.000000000,0.000000000,-0.000000000,0.000000000,0.000000000
187,3.739999,B,yup,gripper_l_finger2_body_w,vel,0.000000000,0.000000000,-0.000000000,0.017621709,-0.053946625,0.009552831,0.000000000,0.000000000
187,3.739999,B,yup,gripper_l_palm_body_p,pos,-1.141653538,0.803752542,0.350877285,1.000000000,0.000000000,0.000000000,0.000000000,0.000000000
187,3.739999,B,yup,gripper_l_palm_body_q,pos,0.000000000,0.000000000,-0.000000000,0.598176401,-0.637031030,-0.348671800,-0.338828033,0.000000000
187,3.739999,B,yup,gripper_l_palm_body_v,vel,0.004074516,0.000486785,0.035507597,0.000000000,0.000000000,-0.000000000,0.000000000,0.000000000
187,3.739999,B,yup,gripper_l_palm_body_w,vel,0.000000000,0.000000000,-0.000000000,0.017621797,-0.053952623,0.009553160,0.000000000,0.000000000
187,3.739999,B,yup,gripper_r_finger1_body_p,pos,0.762233734,0.190607667,0.215178967,1.000000000,0.000000000,0.000000000,0.000000000,0.000000000
187,3.739999,B,yup,gripper_r_finger1_body_q,pos,0.000000000,0.000000000,-0.000000000,0.508448115,-0.439575700,0.344997762,0.655156670,0.000000000
187,3.739999,B,yup,gripper_r_finger1_body_v,vel,-0.269999832,-0.119245410,-0.072431386,0.000000000,0.000000000,-0.000000000,0.000000000,0.000000000
187,3.739999,B,yup,gripper_r_finger1_body_w,vel,0.000000000,0.000000000,-0.000000000,0.019523274,-0.005389176,0.032966290,0.000000000,0.000000000
187,3.739999,B,yup,gripper_r_finger2_body_p,pos,0.795787811,0.114567339,0.238113403,1.000000000,0.000000000,0.000000000,0.000000000,0.000000000
187,3.739999,B,yup,gripper_r_finger2_body_q,pos,0.000000000,0.000000000,-0.000000000,0.655246448,-0.344893815,-0.439442130,-0.508518400,0.000000000
187,3.739999,B,yup,gripper_r_finger2_body_v,vel,-0.270002514,-0.119255871,-0.072427675,0.000000000,0.000000000,-0.000000000,0.000000000,0.000000000
187,3.739999,B,yup,gripper_r_finger2_body_w,vel,0.000000000,0.000000000,-0.000000000,0.019574264,-0.005402057,0.032966554,0.000000000,0.000000000
187,3.739999,B,yup,gripper_r_palm_body_p,pos,0.712930202,0.253519535,0.204773426,1.000000000,0.000000000,0.000000000,0.000000000,0.000000000
187,3.739999,B,yup,gripper_r_palm_body_q,pos,0.000000000,0.000000000,-0.000000000,0.048763741,-0.670334339,-0.219375908,0.707211554,0.000000000
187,3.739999,B,yup,gripper_r_palm_body_v,vel,-0.269998968,-0.119242013,-0.072432414,0.000000000,0.000000000,-0.000000000,0.000000000,0.000000000
187,3.739999,B,yup,gripper_r_palm_body_w,vel,0.000000000,0.000000000,-0.000000000,0.019507080,-0.005385085,0.032966204,0.000000000,0.000000000
188,3.759999,B,yup,gripper_l_finger1_body_p,pos,-1.388411522,0.807461619,0.356518269,1.000000000,0.000000000,0.000000000,0.000000000,0.000000000
188,3.759999,B,yup,gripper_l_finger1_body_q,pos,0.000000000,0.000000000,-0.000000000,0.873648575,-0.027345579,-0.485740749,0.006805205,0.000000000
188,3.759999,B,yup,gripper_l_finger1_body_v,vel,0.003830322,0.000431990,0.034790456,0.000000000,0.000000000,-0.000000000,0.000000000,0.000000000
188,3.759999,B,yup,gripper_l_finger1_body_w,vel,0.000000000,0.000000000,-0.000000000,0.017778875,-0.053232092,0.009004178,0.000000000,0.000000000
188,3.759999,B,yup,gripper_l_finger2_body_p,pos,-1.273456573,0.794718742,0.354206562,1.000000000,0.000000000,0.000000000,0.000000000,0.000000000
188,3.759999,B,yup,gripper_l_finger2_body_q,pos,0.000000000,0.000000000,-0.000000000,-0.006800675,-0.485600171,0.027346907,0.873726714,0.000000000
188,3.759999,B,yup,gripper_l_finger2_body_v,vel,0.003830717,0.000431571,0.034782656,0.000000000,0.000000000,-0.000000000,0.000000000,0.000000000
188,3.759999,B,yup,gripper_l_finger2_body_w,vel,0.000000000,0.000000000,-0.000000000,0.017778745,-0.053223196,0.009003694,0.000000000,0.000000000
188,3.759999,B,yup,gripper_l_palm_body_p,pos,-1.141613007,0.803619146,0.350830555,1.000000000,0.000000000,0.000000000,0.000000000,0.000000000
188,3.759999,B,yup,gripper_l_palm_body_q,pos,0.000000000,0.000000000,-0.000000000,0.598455048,-0.637128525,-0.348228809,-0.338608172,0.000000000
188,3.759999,B,yup,gripper_l_palm_body_v,vel,0.003830510,0.000431809,0.034787089,0.000000000,0.000000000,-0.000000000,0.000000000,0.000000000
188,3.759999,B,yup,gripper_l_palm_body_w,vel,0.000000000,0.000000000,-0.000000000,0.017778819,-0.053228218,0.009003968,0.000000000,0.000000000
188,3.759999,B,yup,gripper_r_finger1_body_p,pos,0.757159710,0.188657403,0.213713646,1.000000000,0.000000000,0.000000000,0.000000000,0.000000000
188,3.759999,B,yup,gripper_r_finger1_body_q,pos,0.000000000,0.000000000,-0.000000000,0.508885784,-0.439244893,0.345192818,0.654935952,0.000000000
188,3.759999,B,yup,gripper_r_finger1_body_v,vel,-0.266493231,-0.132243708,-0.075347900,0.000000000,0.000000000,-0.000000000,0.000000000,0.000000000
188,3.759999,B,yup,gripper_r_finger1_body_w,vel,0.000000000,0.000000000,-0.000000000,0.015940532,-0.015181666,0.076960318,0.000000000,0.000000000
188,3.759999,B,yup,gripper_r_finger2_body_p,pos,0.790740013,0.112554789,0.236633778,1.000000000,0.000000000,0.000000000,0.000000000,0.000000000
188,3.759999,B,yup,gripper_r_finger2_body_q,pos,0.000000000,0.000000000,-0.000000000,0.655025582,-0.345088866,-0.439111467,-0.508956070,0.000000000
188,3.759999,B,yup,gripper_r_finger2_body_v,vel,-0.266495675,-0.132253379,-0.075344354,0.000000000,0.000000000,-0.000000000,0.000000000,0.000000000
188,3.759999,B,yup,gripper_r_finger2_body_w,vel,0.000000000,0.000000000,-0.000000000,0.015987761,-0.015193537,0.076960564,0.000000000,0.000000000
188,3.759999,B,yup,gripper_r_palm_body_p,pos,0.707739830,0.251555443,0.203337193,1.000000000,0.000000000,0.000000000,0.000000000,0.000000000
188,3.759999,B,yup,gripper_r_palm_body_q,pos,0.000000000,0.000000000,-0.000000000,0.049307134,-0.670409916,-0.219081923,0.707193370,0.000000000
188,3.759999,B,yup,gripper_r_palm_body_v,vel,-0.266492069,-0.132239074,-0.075349391,0.000000000,0.000000000,-0.000000000,0.000000000,0.000000000
188,3.759999,B,yup,gripper_r_palm_body_w,vel,0.000000000,0.000000000,-0.000000000,0.015918983,-0.015176251,0.076960199,0.000000000,0.000000000
189,3.779999,B,yup,gripper_l_finger1_body_p,pos,-1.388354301,0.807322621,0.356342316,1.000000000,0.000000000,0.000000000,0.000000000,0.000000000
189,3.779999,B,yup,gripper_l_finger1_body_q,pos,0.000000000,0.000000000,-0.000000000,0.873910768,-0.027213614,-0.485278423,0.006651401,0.000000000
189,3.779999,B,yup,gripper_l_finger1_body_v,vel,0.003573501,0.000372391,0.034092270,0.000000000,0.000000000,-0.000000000,0.000000000,0.000000000
189,3.779999,B,yup,gripper_l_finger1_body_w,vel,0.000000000,0.000000000,-0.000000000,0.017912857,-0.052524667,0.008428684,0.000000000,0.000000000
189,3.779999,B,yup,gripper_l_finger2_body_p,pos,-1.273304939,0.794621944,0.354078770,1.000000000,0.000000000,0.000000000,0.000000000,0.000000000
189,3.779999,B,yup,gripper_l_finger2_body_q,pos,0.000000000,0.000000000,-0.000000000,-0.006646894,-0.485137824,0.027214917,0.873988821,0.000000000
189,3.779999,B,yup,gripper_l_finger2_body_v,vel,0.003573834,0.000372017,0.034085274,0.000000000,0.000000000,-0.000000000,0.000000000,0.000000000
189,3.779999,B,yup,gripper_l_finger2_body_w,vel,0.000000000,0.000000000,-0.000000000,0.017912740,-0.052516676,0.008428252,0.000000000,0.000000000
189,3.779999,B,yup,gripper_l_palm_body_p,pos,-1.141573429,0.803494215,0.350783348,1.000000000,0.000000000,0.000000000,0.000000000,0.000000000
189,3.779999,B,yup,gripper_l_palm_body_q,pos,0.000000000,0.000000000,-0.000000000,0.598733785,-0.637220562,-0.347793103,-0.338389963,0.000000000
189,3.779999,B,yup,gripper_l_palm_body_v,vel,0.003573694,0.000372207,0.034088820,0.000000000,0.000000000,-0.000000000,0.000000000,0.000000000
189,3.779999,B,yup,gripper_l_palm_body_w,vel,0.000000000,0.000000000,-0.000000000,0.017912799,-0.052520707,0.008428470,0.000000000,0.000000000
189,3.779999,B,yup,gripper_r_finger1_body_p,pos,0.752383709,0.186799228,0.212284565,1.000000000,0.000000000,0.000000000,0.000000000,0.000000000
189,3.779999,B,yup,gripper_r_finger1_body_q,pos,0.000000000,0.000000000,-0.000000000,0.509552159,-0.438728209,0.345638064,0.654529208,0.000000000
189,3.779999,B,yup,gripper_r_finger1_body_v,vel,-0.262943149,-0.143452093,-0.077798508,0.000000000,0.000000000,-0.000000000,0.000000000,0.000000000
189,3.779999,B,yup,gripper_r_finger1_body_w,vel,0.000000000,0.000000000,-0.000000000,0.012969680,-0.023757936,0.116927519,0.000000000,0.000000000
189,3.779999,B,yup,gripper_r_finger2_body_p,pos,0.786001205,0.110617697,0.235188484,1.000000000,0.000000000,0.000000000,0.000000000,0.000000000
189,3.779999,B,yup,gripper_r_finger2_body_q,pos,0.000000000,0.000000000,-0.000000000,0.654618628,-0.345534087,-0.438595028,-0.509622456,0.000000000
189,3.779999,B,yup,gripper_r_finger2_body_v,vel,-0.262946159,-0.143464074,-0.077794060,0.000000000,0.000000000,-0.000000000,0.000000000,0.000000000
189,3.779999,B,yup,gripper_r_finger2_body_w,vel,0.000000000,0.000000000,-0.000000000,0.013026876,-0.023772189,0.116927832,0.000000000,0.000000000
189,3.779999,B,yup,gripper_r_palm_body_p,pos,0.702758789,0.249699175,0.201933384,1.000000000,0.000000000,0.000000000,0.000000000,0.000000000
189,3.779999,B,yup,gripper_r_palm_body_q,pos,0.000000000,0.000000000,-0.000000000,0.050143682,-0.670515838,-0.218479470,0.707220505,0.000000000
189,3.779999,B,yup,gripper_r_palm_body_v,vel,-0.262942404,-0.143449172,-0.077799484,0.000000000,0.000000000,-0.000000000,0.000000000,0.000000000
189,3.779999,B,yup,gripper_r_palm_body_w,vel,0.000000000,0.000000000,-0.000000000,0.012955830,-0.023754485,0.116927445,0.000000000,0.000000000
190,3.799999,B,yup,gripper_l_finger1_body_p,pos,-1.388297558,0.807193756,0.356166840,1.000000000,0.000000000,0.000000000,0.000000000,0.000000000
190,3.799999,B,yup,gripper_l_finger1_body_q,pos,0.000000000,0.000000000,-0.000000000,0.874169248,-0.027077891,-0.484822277,0.006501783,0.000000000
190,3.799999,B,yup,gripper_l_finger1_body_v,vel,0.003314188,0.000312247,0.033414256,0.000000000,0.000000000,-0.000000000,0.000000000,0.000000000
190,3.799999,B,yup,gripper_l_finger1_body_w,vel,0.000000000,0.000000000,-0.000000000,0.018028200,-0.051831730,0.007848600,0.000000000,0.000000000
190,3.799999,B,yup,gripper_l_finger2_body_p,pos,-1.273156166,0.794534922,0.353951454,1.000000000,0.000000000,0.000000000,0.000000000,0.000000000
190,3.799999,B,yup,gripper_l_finger2_body_q,pos,0.000000000,0.000000000,-0.000000000,-0.006497299,-0.484681696,0.027079171,0.874247195,0.000000000
190,3.799999,B,yup,gripper_l_finger2_body_v,vel,0.003314457,0.000311919,0.033408072,0.000000000,0.000000000,-0.000000000,0.000000000,0.000000000
190,3.799999,B,yup,gripper_l_finger2_body_w,vel,0.000000000,0.000000000,-0.000000000,0.018028094,-0.051824652,0.007848220,0.000000000,0.000000000
190,3.799999,B,yup,gripper_l_palm_body_p,pos,-1.141534805,0.803377986,0.350735188,1.000000000,0.000000000,0.000000000,0.000000000,0.000000000
190,3.799999,B,yup,gripper_l_palm_body_q,pos,0.000000000,0.000000000,-0.000000000,0.599012509,-0.637307350,-0.347364756,-0.338173153,0.000000000
190,3.799999,B,yup,gripper_l_palm_body_v,vel,0.003314384,0.000312061,0.033410739,0.000000000,0.000000000,-0.000000000,0.000000000,0.000000000
190,3.799999,B,yup,gripper_l_palm_body_w,vel,0.000000000,0.000000000,-0.000000000,0.018028138,-0.051827695,0.007848384,0.000000000,0.000000000
190,3.799999,B,yup,gripper_r_finger1_body_p,pos,0.747887135,0.185029745,0.210887432,1.000000000,0.000000000,0.000000000,0.000000000,0.000000000
190,3.799999,B,yup,gripper_r_finger1_body_q,pos,0.000000000,0.000000000,-0.000000000,0.510428321,-0.438042315,0.346307250,0.653951946,0.000000000
190,3.799999,B,yup,gripper_r_finger1_body_v,vel,-0.259493440,-0.153171554,-0.079869121,0.000000000,0.000000000,-0.000000000,0.000000000,0.000000000
190,3.799999,B,yup,gripper_r_finger1_body_w,vel,0.000000000,0.000000000,-0.000000000,0.010535246,-0.031322353,0.153326228,0.000000000,0.000000000
190,3.799999,B,yup,gripper_r_finger2_body_p,pos,0.781551838,0.108753741,0.233772278,1.000000000,0.000000000,0.000000000,0.000000000,0.000000000
190,3.799999,B,yup,gripper_r_finger2_body_q,pos,0.000000000,0.000000000,-0.000000000,0.654041187,-0.346203181,-0.437909368,-0.510498647,0.000000000
190,3.799999,B,yup,gripper_r_finger2_body_v,vel,-0.259496272,-0.153182924,-0.079864740,0.000000000,0.000000000,-0.000000000,0.000000000,0.000000000
190,3.799999,B,yup,gripper_r_finger2_body_w,vel,0.000000000,0.000000000,-0.000000000,0.010589645,-0.031335745,0.153326541,0.000000000,0.000000000
190,3.799999,B,yup,gripper_r_palm_body_p,pos,0.697977066,0.247944951,0.200558186,1.000000000,0.000000000,0.000000000,0.000000000,0.000000000
190,3.799999,B,yup,gripper_r_palm_body_q,pos,0.000000000,0.000000000,-0.000000000,0.051248223,-0.670650429,-0.217598142,0.707285424,0.000000000
190,3.799999,B,yup,gripper_r_palm_body_v,vel,-0.259492397,-0.153167292,-0.079870626,0.000000000,0.000000000,-0.000000000,0.000000000,0.000000000
190,3.799999,B,yup,gripper_r_palm_body_w,vel,0.000000000,0.000000000,-0.000000000,0.010515743,-0.031317551,0.153326109,0.000000000,0.000000000
191,3.819999,B,yup,gripper_l_finger1_body_p,pos,-1.388241768,0.807075024,0.355992794,1.000000000,0.000000000,0.000000000,0.000000000,0.000000000
191,3.819999,B,yup,gripper_l_finger1_body_q,pos,0.000000000,0.000000000,-0.000000000,0.874424088,-0.026938593,-0.484372196,0.006356367,0.000000000
191,3.819999,B,yup,gripper_l_finger1_body_v,vel,0.003062990,0.000256364,0.032755494,0.000000000,0.000000000,-0.000000000,0.000000000,0.000000000
191,3.819999,B,yup,gripper_l_finger1_body_w,vel,0.000000000,0.000000000,-0.000000000,0.018127060,-0.051151089,0.007286550,0.000000000,0.000000000
191,3.819999,B,yup,gripper_l_finger2_body_p,pos,-1.273009777,0.794457555,0.353824615,1.000000000,0.000000000,0.000000000,0.000000000,0.000000000
191,3.819999,B,yup,gripper_l_finger2_body_q,pos,0.000000000,0.000000000,-0.000000000,-0.006351907,-0.484231619,0.026939848,0.874501936,0.000000000
191,3.819999,B,yup,gripper_l_finger2_body_v,vel,0.003063197,0.000256079,0.032750081,0.000000000,0.000000000,-0.000000000,0.000000000,0.000000000
191,3.819999,B,yup,gripper_l_finger2_body_w,vel,0.000000000,0.000000000,-0.000000000,0.018126966,-0.051144887,0.007286218,0.000000000,0.000000000
191,3.819999,B,yup,gripper_l_palm_body_p,pos,-1.141496658,0.803270459,0.350686550,1.000000000,0.000000000,0.000000000,0.000000000,0.000000000
191,3.819999,B,yup,gripper_l_palm_body_q,pos,0.000000000,0.000000000,-0.000000000,0.599291206,-0.637389004,-0.346943647,-0.337957710,0.000000000
191,3.819999,B,yup,gripper_l_palm_body_v,vel,0.003063191,0.000256175,0.032751884,0.000000000,0.000000000,-0.000000000,0.000000000,0.000000000
191,3.819999,B,yup,gripper_l_palm_body_w,vel,0.000000000,0.000000000,-0.000000000,0.018126996,-0.051146954,0.007286329,0.000000000,0.000000000
191,3.819999,B,yup,gripper_r_finger1_body_p,pos,0.743649483,0.183344901,0.209518433,1.000000000,0.000000000,0.000000000,0.000000000,0.000000000
191,3.819999,B,yup,gripper_r_finger1_body_q,pos,0.000000000,0.000000000,-0.000000000,0.511496839,-0.437201470,0.347177505,0.653217911,0.000000000
191,3.819999,B,yup,gripper_r_finger1_body_v,vel,-0.256266534,-0.161648586,-0.081634879,0.000000000,0.000000000,-0.000000000,0.000000000,0.000000000
191,3.819999,B,yup,gripper_r_finger1_body_w,vel,0.000000000,0.000000000,-0.000000000,0.008519404,-0.038033873,0.186573327,0.000000000,0.000000000
191,3.819999,B,yup,gripper_r_finger2_body_p,pos,0.777371883,0.106959820,0.232381821,1.000000000,0.000000000,0.000000000,0.000000000,0.000000000
191,3.819999,B,yup,gripper_r_finger2_body_q,pos,0.000000000,0.000000000,-0.000000000,0.653306849,-0.347073347,-0.437068821,-0.511567296,0.000000000
191,3.819999,B,yup,gripper_r_finger2_body_v,vel,-0.256269902,-0.161662325,-0.081629455,0.000000000,0.000000000,-0.000000000,0.000000000,0.000000000
191,3.819999,B,yup,gripper_r_finger2_body_w,vel,0.000000000,0.000000000,-0.000000000,0.008583879,-0.038049512,0.186573744,0.000000000,0.000000000
191,3.819999,B,yup,gripper_r_palm_body_p,pos,0.693381310,0.246286392,0.199208736,1.000000000,0.000000000,0.000000000,0.000000000,0.000000000
191,3.819999,B,yup,gripper_r_palm_body_q,pos,0.000000000,0.000000000,-0.000000000,0.052598368,-0.670811535,-0.216463745,0.707381610,0.000000000
191,3.819999,B,yup,gripper_r_palm_body_v,vel,-0.256265879,-0.161645874,-0.081635877,0.000000000,0.000000000,-0.000000000,0.000000000,0.000000000
191,3.819999,B,yup,gripper_r_palm_body_w,vel,0.000000000,0.000000000,-0.000000000,0.008506714,-0.038030796,0.186573252,0.000000000,0.000000000
192,3.839999,B,yup,gripper_l_finger1_body_p,pos,-1.388186932,0.806965828,0.355819702,1.000000000,0.000000000,0.000000000,0.000000000,0.000000000
192,3.839999,B,yup,gripper_l_finger1_body_q,pos,0.000000000,0.000000000,-0.000000000,0.874675328,-0.026795996,-0.483928113,0.006215018,0.000000000
192,3.839999,B,yup,gripper_l_finger1_body_v,vel,0.002826541,0.000207870,0.032115839,0.000000000,0.000000000,-0.000000000,0.000000000,0.000000000
192,3.839999,B,yup,gripper_l_finger1_body_w,vel,0.000000000,0.000000000,-0.000000000,0.018208511,-0.050480593,0.006756855,0.000000000,0.000000000
192,3.839999,B,yup,gripper_l_finger2_body_p,pos,-1.272865295,0.794389486,0.353697777,1.000000000,0.000000000,0.000000000,0.000000000,0.000000000
192,3.839999,B,yup,gripper_l_finger2_body_q,pos,0.000000000,0.000000000,-0.000000000,-0.006210582,-0.483787503,0.026797229,0.874753102,0.000000000
192,3.839999,B,yup,gripper_l_finger2_body_v,vel,0.002826689,0.000207624,0.032111146,0.000000000,0.000000000,-0.000000000,0.000000000,0.000000000
192,3.839999,B,yup,gripper_l_finger2_body_w,vel,0.000000000,0.000000000,-0.000000000,0.018208429,-0.050475199,0.006756569,0.000000000,0.000000000
192,3.839999,B,yup,gripper_l_palm_body_p,pos,-1.141458988,0.803171039,0.350636959,1.000000000,0.000000000,0.000000000,0.000000000,0.000000000
192,3.839999,B,yup,gripper_l_palm_body_q,pos,0.000000000,0.000000000,-0.000000000,0.599569666,-0.637465831,-0.346529661,-0.337743578,0.000000000
192,3.839999,B,yup,gripper_l_palm_body_v,vel,0.002826748,0.000207675,0.032112096,0.000000000,0.000000000,-0.000000000,0.000000000,0.000000000
192,3.839999,B,yup,gripper_l_palm_body_w,vel,0.000000000,0.000000000,-0.000000000,0.018208446,-0.050476309,0.006756628,0.000000000,0.000000000
192,3.839999,B,yup,gripper_r_finger1_body_p,pos,0.739650249,0.181740105,0.208173752,1.000000000,0.000000000,0.000000000,0.000000000,0.000000000
192,3.839999,B,yup,gripper_r_finger1_body_q,pos,0.000000000,0.000000000,-0.000000000,0.512742098,-0.436218023,0.348228931,0.652338861,0.000000000
192,3.839999,B,yup,gripper_r_finger1_body_v,vel,-0.253369749,-0.169106647,-0.083156787,0.000000000,0.000000000,-0.000000000,0.000000000,0.000000000
192,3.839999,B,yup,gripper_r_finger1_body_w,vel,0.000000000,0.000000000,-0.000000000,0.006868433,-0.044037946,0.217055574,0.000000000,0.000000000
192,3.839999,B,yup,gripper_r_finger2_body_p,pos,0.773440361,0.105232418,0.231013775,1.000000000,0.000000000,0.000000000,0.000000000,0.000000000
192,3.839999,B,yup,gripper_r_finger2_body_q,pos,0.000000000,0.000000000,-0.000000000,0.652427513,-0.348124626,-0.436085705,-0.512812678,0.000000000
192,3.839999,B,yup,gripper_r_finger2_body_v,vel,-0.253372997,-0.169120193,-0.083151229,0.000000000,0.000000000,-0.000000000,0.000000000,0.000000000
192,3.839999,B,yup,gripper_r_finger2_body_w,vel,0.000000000,0.000000000,-0.000000000,0.006931928,-0.044053067,0.217056036,0.000000000,0.000000000
192,3.839999,B,yup,gripper_r_palm_body_p,pos,0.688957691,0.244716823,0.197881699,1.000000000,0.000000000,0.000000000,0.000000000,0.000000000
192,3.839999,B,yup,gripper_r_palm_body_q,pos,0.000000000,0.000000000,-0.000000000,0.054174300,-0.670996782,-0.215098693,0.707503368,0.000000000
192,3.839999,B,yup,gripper_r_palm_body_v,vel,-0.253368825,-0.169102848,-0.083158255,0.000000000,0.000000000,-0.000000000,0.000000000,0.000000000
192,3.839999,B,yup,gripper_r_palm_body_w,vel,0.000000000,0.000000000,-0.000000000,0.006851235,-0.044033848,0.217055455,0.000000000,0.000000000
193,3.859999,B,yup,gripper_l_finger1_body_p,pos,-1.388132572,0.806865811,0.355647564,1.000000000,0.000000000,0.000000000,0.000000000,0.000000000
193,3.859999,B,yup,gripper_l_finger1_body_q,pos,0.000000000,0.000000000,-0.000000000,0.874923045,-0.026650442,-0.483489900,0.006077548,0.000000000
193,3.859999,B,yup,gripper_l_finger1_body_v,vel,0.002606029,0.000167274,0.031495009,0.000000000,0.000000000,-0.000000000,0.000000000,0.000000000
193,3.859999,B,yup,gripper_l_finger1_body_w,vel,0.000000000,0.000000000,-0.000000000,0.018270366,-0.049818259,0.006262256,0.000000000,0.000000000
193,3.859999,B,yup,gripper_l_finger2_body_p,pos,-1.272722721,0.794330001,0.353571892,1.000000000,0.000000000,0.000000000,0.000000000,0.000000000
193,3.859999,B,yup,gripper_l_finger2_body_q,pos,0.000000000,0.000000000,-0.000000000,-0.006073138,-0.483349295,0.026651651,0.875000723,0.000000000
193,3.859999,B,yup,gripper_l_finger2_body_v,vel,0.002606120,0.000167063,0.031490982,0.000000000,0.000000000,-0.000000000,0.000000000,0.000000000
193,3.859999,B,yup,gripper_l_finger2_body_w,vel,0.000000000,0.000000000,-0.000000000,0.018270295,-0.049813621,0.006262012,0.000000000,0.000000000
193,3.859999,B,yup,gripper_l_palm_body_p,pos,-1.141422272,0.803079486,0.350586891,1.000000000,0.000000000,0.000000000,0.000000000,0.000000000
193,3.859999,B,yup,gripper_l_palm_body_q,pos,0.000000000,0.000000000,-0.000000000,0.599847762,-0.637538024,-0.346122567,-0.337530885,0.000000000
193,3.859999,B,yup,gripper_l_palm_body_v,vel,0.002606245,0.000167071,0.031491097,0.000000000,0.000000000,-0.000000000,0.000000000,0.000000000
193,3.859999,B,yup,gripper_l_palm_body_w,vel,0.000000000,0.000000000,-0.000000000,0.018270299,-0.049813792,0.006262021,0.000000000,0.000000000
193,3.859999,B,yup,gripper_r_finger1_body_p,pos,0.735869884,0.180210471,0.206850052,1.000000000,0.000000000,0.000000000,0.000000000,0.000000000
193,3.859999,B,yup,gripper_r_finger1_body_q,pos,0.000000000,0.000000000,-0.000000000,0.514150005,-0.435102519,0.349444327,0.651324982,0.000000000
193,3.859999,B,yup,gripper_r_finger1_body_v,vel,-0.250890762,-0.175727367,-0.084492482,0.000000000,0.000000000,-0.000000000,0.000000000,0.000000000
193,3.859999,B,yup,gripper_r_finger1_body_w,vel,0.000000000,0.000000000,-0.000000000,0.005495964,-0.049446668,0.245130479,0.000000000,0.000000000
193,3.859999,B,yup,gripper_r_finger2_body_p,pos,0.769737244,0.103567481,0.229664803,1.000000000,0.000000000,0.000000000,0.000000000,0.000000000
193,3.859999,B,yup,gripper_r_finger2_body_q,pos,0.000000000,0.000000000,-0.000000000,0.651413326,-0.349339873,-0.434970559,-0.514220716,0.000000000
193,3.859999,B,yup,gripper_r_finger2_body_v,vel,-0.250894696,-0.175744012,-0.084485441,0.000000000,0.000000000,-0.000000000,0.000000000,0.000000000
193,3.859999,B,yup,gripper_r_finger2_body_w,vel,0.000000000,0.000000000,-0.000000000,0.005572577,-0.049464531,0.245131090,0.000000000,0.000000000
193,3.859999,B,yup,gripper_r_palm_body_p,pos,0.684691906,0.243229508,0.196573734,1.000000000,0.000000000,0.000000000,0.000000000,0.000000000
193,3.859999,B,yup,gripper_r_palm_body_q,pos,0.000000000,0.000000000,-0.000000000,0.055958610,-0.671203674,-0.213522360,0.707645719,0.000000000
193,3.859999,B,yup,gripper_r_palm_body_v,vel,-0.250890374,-0.175725743,-0.084493130,0.000000000,0.000000000,-0.000000000,0.000000000,0.000000000
193,3.859999,B,yup,gripper_r_palm_body_w,vel,0.000000000,0.000000000,-0.000000000,0.005488190,-0.049444854,0.245130405,0.000000000,0.000000000
194,3.879999,B,yup,gripper_l_finger1_body_p,pos,-1.388078690,0.806774497,0.355476856,1.000000000,0.000000000,0.000000000,0.000000000,0.000000000
194,3.879999,B,yup,gripper_l_finger1_body_q,pos,0.000000000,0.000000000,-0.000000000,0.875167291,-0.026502281,-0.483057464,0.005943803,0.000000000
194,3.879999,B,yup,gripper_l_finger1_body_v,vel,0.002398454,0.000132834,0.030892426,0.000000000,0.000000000,-0.000000000,0.000000000,0.000000000
194,3.879999,B,yup,gripper_l_finger1_body_w,vel,0.000000000,0.000000000,-0.000000000,0.018310688,-0.049162671,0.005796466,0.000000000,0.000000000
194,3.879999,B,yup,gripper_l_finger2_body_p,pos,-1.272582531,0.794278741,0.353446007,1.000000000,0.000000000,0.000000000,0.000000000,0.000000000
194,3.879999,B,yup,gripper_l_finger2_body_q,pos,0.000000000,0.000000000,-0.000000000,-0.005939418,-0.482916892,0.026503468,0.875244860,0.000000000
194,3.879999,B,yup,gripper_l_finger2_body_v,vel,0.002398489,0.000132657,0.030889038,0.000000000,0.000000000,-0.000000000,0.000000000,0.000000000
194,3.879999,B,yup,gripper_l_finger2_body_w,vel,0.000000000,0.000000000,-0.000000000,0.018310629,-0.049158756,0.005796262,0.000000000,0.000000000
194,3.879999,B,yup,gripper_l_palm_body_p,pos,-1.141386032,0.802995324,0.350536346,1.000000000,0.000000000,0.000000000,0.000000000,0.000000000
194,3.879999,B,yup,gripper_l_palm_body_q,pos,0.000000000,0.000000000,-0.000000000,0.600125174,-0.637605960,-0.345722225,-0.337319669,0.000000000
194,3.879999,B,yup,gripper_l_palm_body_v,vel,0.002398678,0.000132623,0.030888332,0.000000000,0.000000000,-0.000000000,0.000000000,0.000000000
194,3.879999,B,yup,gripper_l_palm_body_w,vel,0.000000000,0.000000000,-0.000000000,0.018310616,-0.049158003,0.005796222,0.000000000,0.000000000
194,3.879999,B,yup,gripper_r_finger1_body_p,pos,0.732287884,0.178751111,0.205544949,1.000000000,0.000000000,0.000000000,0.000000000,0.000000000
194,3.879999,B,yup,gripper_r_finger1_body_q,pos,0.000000000,0.000000000,-0.000000000,0.515708098,-0.433863910,0.350808920,0.650184872,0.000000000
194,3.879999,B,yup,gripper_r_finger1_body_v,vel,-0.248906896,-0.181681111,-0.085689619,0.000000000,0.000000000,-0.000000000,0.000000000,0.000000000
194,3.879999,B,yup,gripper_r_finger1_body_w,vel,0.000000000,0.000000000,-0.000000000,0.004386237,-0.054368820,0.271134079,0.000000000,0.000000000
194,3.879999,B,yup,gripper_r_finger2_body_p,pos,0.766241550,0.101960897,0.228332520,1.000000000,0.000000000,0.000000000,0.000000000,0.000000000
194,3.879999,B,yup,gripper_r_finger2_body_q,pos,0.000000000,0.000000000,-0.000000000,0.650272890,-0.350704250,-0.433732298,-0.515779015,0.000000000
194,3.879999,B,yup,gripper_r_finger2_body_v,vel,-0.248910621,-0.181697220,-0.085682526,0.000000000,0.000000000,-0.000000000,0.000000000,0.000000000
194,3.879999,B,yup,gripper_r_finger2_body_w,vel,0.000000000,0.000000000,-0.000000000,0.004460434,-0.054385711,0.271134734,0.000000000,0.000000000
194,3.879999,B,yup,gripper_r_palm_body_p,pos,0.680568695,0.241817594,0.195282936,1.000000000,0.000000000,0.000000000,0.000000000,0.000000000
194,3.879999,B,yup,gripper_r_palm_body_q,pos,0.000000000,0.000000000,-0.000000000,0.057936199,-0.671429750,-0.211751341,0.707804251,0.000000000
194,3.879999,B,yup,gripper_r_palm_body_v,vel,-0.248906165,-0.181677982,-0.085690930,0.000000000,0.000000000,-0.000000000,0.000000000,0.000000000
194,3.879999,B,yup,gripper_r_palm_body_w,vel,0.000000000,0.000000000,-0.000000000,0.004372256,-0.054365635,0.271133959,0.000000000,0.000000000
195,3.899999,B,yup,gripper_l_finger1_body_p,pos,-1.388025761,0.806691289,0.355307102,1.000000000,0.000000000,0.000000000,0.000000000,0.000000000
195,3.899999,B,yup,gripper_l_finger1_body_q,pos,0.000000000,0.000000000,-0.000000000,0.875408060,-0.026351841,-0.482630821,0.005813707,0.000000000
195,3.899999,B,yup,gripper_l_finger1_body_v,vel,0.002199339,0.000101850,0.030307582,0.000000000,0.000000000,-0.000000000,0.000000000,0.000000000
195,3.899999,B,yup,gripper_l_finger1_body_w,vel,0.000000000,0.000000000,-0.000000000,0.018328220,-0.048513148,0.005349919,0.000000000,0.000000000
195,3.899999,B,yup,gripper_l_finger2_body_p,pos,-1.272444248,0.794235110,0.353321075,1.000000000,0.000000000,0.000000000,0.000000000,0.000000000
195,3.899999,B,yup,gripper_l_finger2_body_q,pos,0.000000000,0.000000000,-0.000000000,-0.005809347,-0.482490216,0.026353009,0.875485558,0.000000000
195,3.899999,B,yup,gripper_l_finger2_body_v,vel,0.002199320,0.000101707,0.030304819,0.000000000,0.000000000,-0.000000000,0.000000000,0.000000000
195,3.899999,B,yup,gripper_l_finger2_body_w,vel,0.000000000,0.000000000,-0.000000000,0.018328169,-0.048509941,0.005349752,0.000000000,0.000000000
195,3.899999,B,yup,gripper_l_palm_body_p,pos,-1.141350746,0.802918196,0.350485325,1.000000000,0.000000000,0.000000000,0.000000000,0.000000000
195,3.899999,B,yup,gripper_l_palm_body_q,pos,0.000000000,0.000000000,-0.000000000,0.600401819,-0.637669802,-0.345328510,-0.337109923,0.000000000
195,3.899999,B,yup,gripper_l_palm_body_v,vel,0.002199572,0.000101633,0.030303314,0.000000000,0.000000000,-0.000000000,0.000000000,0.000000000
195,3.899999,B,yup,gripper_l_palm_body_w,vel,0.000000000,0.000000000,-0.000000000,0.018328145,-0.048508290,0.005349667,0.000000000,0.000000000
195,3.899999,B,yup,gripper_r_finger1_body_p,pos,0.728884697,0.177357018,0.204255581,1.000000000,0.000000000,0.000000000,0.000000000,0.000000000
195,3.899999,B,yup,gripper_r_finger1_body_q,pos,0.000000000,0.000000000,-0.000000000,0.517405490,-0.432509478,0.352309939,0.648925895,0.000000000
195,3.899999,B,yup,gripper_r_finger1_body_v,vel,-0.247482091,-0.187104359,-0.086797416,0.000000000,0.000000000,-0.000000000,0.000000000,0.000000000
195,3.899999,B,yup,gripper_r_finger1_body_w,vel,0.000000000,0.000000000,-0.000000000,0.003478691,-0.058886454,0.295382291,0.000000000,0.000000000
195,3.899999,B,yup,gripper_r_finger2_body_p,pos,0.762933731,0.100408435,0.227014542,1.000000000,0.000000000,0.000000000,0.000000000,0.000000000
195,3.899999,B,yup,gripper_r_finger2_body_q,pos,0.000000000,0.000000000,-0.000000000,0.649013499,-0.352205035,-0.432378288,-0.517476673,0.000000000
195,3.899999,B,yup,gripper_r_finger2_body_v,vel,-0.247486353,-0.187123165,-0.086788863,0.000000000,0.000000000,-0.000000000,0.000000000,0.000000000
195,3.899999,B,yup,gripper_r_finger2_body_w,vel,0.000000000,0.000000000,-0.000000000,0.003564039,-0.058905367,0.295383155,0.000000000,0.000000000
195,3.899999,B,yup,gripper_r_palm_body_p,pos,0.676570892,0.240474641,0.194006443,1.000000000,0.000000000,0.000000000,0.000000000,0.000000000
195,3.899999,B,yup,gripper_r_palm_body_q,pos,0.000000000,0.000000000,-0.000000000,0.060094200,-0.671672458,-0.209799720,0.707975193,0.000000000
195,3.899999,B,yup,gripper_r_palm_body_v,vel,-0.247481778,-0.187102914,-0.086798042,0.000000000,0.000000000,-0.000000000,0.000000000,0.000000000
195,3.899999,B,yup,gripper_r_palm_body_w,vel,0.000000000,0.000000000,-0.000000000,0.003472012,-0.058884975,0.295382231,0.000000000,0.000000000
196,3.919999,B,yup,gripper_l_finger1_body_p,pos,-1.387973785,0.806616068,0.355138302,1.000000000,0.000000000,0.000000000,0.000000000,0.000000000
196,3.919999,B,yup,gripper_l_finger1_body_q,pos,0.000000000,0.000000000,-0.000000000,0.875645436,-0.026199408,-0.482209826,0.005687252,0.000000000
196,3.919999,B,yup,gripper_l_finger1_body_v,vel,0.002005404,0.000072056,0.029739672,0.000000000,0.000000000,-0.000000000,0.000000000,0.000000000
196,3.919999,B,yup,gripper_l_finger1_body_w,vel,0.000000000,0.000000000,-0.000000000,0.018323718,-0.047869582,0.004915475,0.000000000,0.000000000
196,3.919999,B,yup,gripper_l_finger2_body_p,pos,-1.272308350,0.794199109,0.353196621,1.000000000,0.000000000,0.000000000,0.000000000,0.000000000
196,3.919999,B,yup,gripper_l_finger2_body_q,pos,0.000000000,0.000000000,-0.000000000,-0.005682917,-0.482069254,0.026200555,0.875722827,0.000000000
196,3.919999,B,yup,gripper_l_finger2_body_v,vel,0.002005331,0.000071945,0.029737532,0.000000000,0.000000000,-0.000000000,0.000000000,0.000000000
196,3.919999,B,yup,gripper_l_finger2_body_w,vel,0.000000000,0.000000000,-0.000000000,0.018323680,-0.047867078,0.004915347,0.000000000,0.000000000
196,3.919999,B,yup,gripper_l_palm_body_p,pos,-1.141315460,0.802847862,0.350433826,1.000000000,0.000000000,0.000000000,0.000000000,0.000000000
196,3.919999,B,yup,gripper_l_palm_body_q,pos,0.000000000,0.000000000,-0.000000000,0.600677436,-0.637729825,-0.344941408,-0.336901636,0.000000000
196,3.919999,B,yup,gripper_l_palm_body_v,vel,0.002005645,0.000071832,0.029735256,0.000000000,0.000000000,-0.000000000,0.000000000,0.000000000
196,3.919999,B,yup,gripper_l_palm_body_w,vel,0.000000000,0.000000000,-0.000000000,0.018323641,-0.047864560,0.004915217,0.000000000,0.000000000
196,3.919999,B,yup,gripper_r_finger1_body_p,pos,0.725639820,0.176023424,0.202979088,1.000000000,0.000000000,0.000000000,0.000000000,0.000000000
196,3.919999,B,yup,gripper_r_finger1_body_q,pos,0.000000000,0.000000000,-0.000000000,0.519233077,-0.431045180,0.353936617,0.647553809,0.000000000
196,3.919999,B,yup,gripper_r_finger1_body_v,vel,-0.246676505,-0.192129835,-0.087856844,0.000000000,0.000000000,-0.000000000,0.000000000,0.000000000
196,3.919999,B,yup,gripper_r_finger1_body_w,vel,0.000000000,0.000000000,-0.000000000,0.002778590,-0.063083656,0.318174988,0.000000000,0.000000000
196,3.919999,B,yup,gripper_r_finger2_body_p,pos,0.759793758,0.098905981,0.225707531,1.000000000,0.000000000,0.000000000,0.000000000,0.000000000
196,3.919999,B,yup,gripper_r_finger2_body_q,pos,0.000000000,0.000000000,-0.000000000,0.647641032,-0.353831465,-0.430914396,-0.519304507,0.000000000
196,3.919999,B,yup,gripper_r_finger2_body_v,vel,-0.246680647,-0.192148656,-0.087847956,0.000000000,0.000000000,-0.000000000,0.000000000,0.000000000
196,3.919999,B,yup,gripper_r_finger2_body_w,vel,0.000000000,0.000000000,-0.000000000,0.002863845,-0.063101992,0.318175912,0.000000000,0.000000000
196,3.919999,B,yup,gripper_r_palm_body_p,pos,0.672683239,0.239194274,0.192740917,1.000000000,0.000000000,0.000000000,0.000000000,0.000000000
196,3.919999,B,yup,gripper_r_palm_body_q,pos,0.000000000,0.000000000,-0.000000000,0.062421911,-0.671929484,-0.207679303,0.708155054,0.000000000
196,3.919999,B,yup,gripper_r_palm_body_v,vel,-0.246675968,-0.192127407,-0.087857947,0.000000000,0.000000000,-0.000000000,0.000000000,0.000000000
196,3.919999,B,yup,gripper_r_palm_body_w,vel,0.000000000,0.000000000,-0.000000000,0.002767931,-0.063081361,0.318174869,0.000000000,0.000000000
197,3.939999,B,yup,gripper_l_finger1_body_p,pos,-1.387922287,0.806548595,0.354971409,1.000000000,0.000000000,0.000000000,0.000000000,0.000000000
197,3.939999,B,yup,gripper_l_finger1_body_q,pos,0.000000000,0.000000000,-0.000000000,0.875879422,-0.026045228,-0.481794480,0.005564455,0.000000000
197,3.939999,B,yup,gripper_l_finger1_body_v,vel,0.001815895,0.000042444,0.029188188,0.000000000,0.000000000,-0.000000000,0.000000000,0.000000000
197,3.939999,B,yup,gripper_l_finger1_body_w,vel,0.000000000,0.000000000,-0.000000000,0.018298715,-0.047232222,0.004491347,0.000000000,0.000000000
197,3.939999,B,yup,gripper_l_finger2_body_p,pos,-1.272174358,0.794170260,0.353072643,1.000000000,0.000000000,0.000000000,0.000000000,0.000000000
197,3.939999,B,yup,gripper_l_finger2_body_q,pos,0.000000000,0.000000000,-0.000000000,-0.005560146,-0.481653902,0.026046355,0.875956729,0.000000000
197,3.939999,B,yup,gripper_l_finger2_body_v,vel,0.001815771,0.000042364,0.029186659,0.000000000,0.000000000,-0.000000000,0.000000000,0.000000000
197,3.939999,B,yup,gripper_l_finger2_body_w,vel,0.000000000,0.000000000,-0.000000000,0.018298689,-0.047230411,0.004491255,0.000000000,0.000000000
197,3.939999,B,yup,gripper_l_palm_body_p,pos,-1.141281605,0.802784324,0.350381851,1.000000000,0.000000000,0.000000000,0.000000000,0.000000000
197,3.939999,B,yup,gripper_l_palm_body_q,pos,0.000000000,0.000000000,-0.000000000,0.600951885,-0.637786262,-0.344560858,-0.336694714,0.000000000
197,3.939999,B,yup,gripper_l_palm_body_v,vel,0.001816143,0.000042216,0.029183647,0.000000000,0.000000000,-0.000000000,0.000000000,0.000000000
197,3.939999,B,yup,gripper_l_palm_body_w,vel,0.000000000,0.000000000,-0.000000000,0.018298637,-0.047227062,0.004491084,0.000000000,0.000000000
197,3.939999,B,yup,gripper_r_finger1_body_p,pos,0.722534657,0.174745917,0.201712608,1.000000000,0.000000000,0.000000000,0.000000000,0.000000000
197,3.939999,B,yup,gripper_r_finger1_body_q,pos,0.000000000,0.000000000,-0.000000000,0.521183077,-0.429475457,0.355679900,0.646073402,0.000000000
197,3.939999,B,yup,gripper_r_finger1_body_v,vel,-0.246544197,-0.196865425,-0.088911287,0.000000000,0.000000000,-0.000000000,0.000000000,0.000000000
197,3.939999,B,yup,gripper_r_finger1_body_w,vel,0.000000000,0.000000000,-0.000000000,0.002255582,-0.067025661,0.339796156,0.000000000,0.000000000
197,3.939999,B,yup,gripper_r_finger2_body_p,pos,0.756801605,0.097449541,0.224409103,1.000000000,0.000000000,0.000000000,0.000000000,0.000000000
197,3.939999,B,yup,gripper_r_finger2_body_q,pos,0.000000000,0.000000000,-0.000000000,0.646160204,-0.355574462,-0.429345135,-0.521254782,0.000000000
197,3.939999,B,yup,gripper_r_finger2_body_v,vel,-0.246548742,-0.196886674,-0.088900924,0.000000000,0.000000000,-0.000000000,0.000000000,0.000000000
197,3.939999,B,yup,gripper_r_finger2_body_w,vel,0.000000000,0.000000000,-0.000000000,0.002350653,-0.067045443,0.339797318,0.000000000,0.000000000
197,3.939999,B,yup,gripper_r_palm_body_p,pos,0.668889046,0.237970650,0.191484451,1.000000000,0.000000000,0.000000000,0.000000000,0.000000000
197,3.939999,B,yup,gripper_r_palm_body_q,pos,0.000000000,0.000000000,-0.000000000,0.064910753,-0.672198640,-0.205399822,0.708340663,0.000000000
197,3.939999,B,yup,gripper_r_palm_body_v,vel,-0.246543974,-0.196864396,-0.088911772,0.000000000,0.000000000,-0.000000000,0.000000000,0.000000000
197,3.939999,B,yup,gripper_r_palm_body_w,vel,0.000000000,0.000000000,-0.000000000,0.002250822,-0.067024671,0.339796096,0.000000000,0.000000000
198,3.959999,B,yup,gripper_l_finger1_body_p,pos,-1.387871265,0.806488633,0.354804993,1.000000000,0.000000000,0.000000000,0.000000000,0.000000000
198,3.959999,B,yup,gripper_l_finger1_body_q,pos,0.000000000,0.000000000,-0.000000000,0.876110072,-0.025889531,-0.481384693,0.005445312,0.000000000
198,3.959999,B,yup,gripper_l_finger1_body_v,vel,0.001632450,0.000013359,0.028652651,0.000000000,0.000000000,-0.000000000,0.000000000,0.000000000
198,3.959999,B,yup,gripper_l_finger1_body_w,vel,0.000000000,0.000000000,-0.000000000,0.018255327,-0.046601295,0.004080870,0.000000000,0.000000000
198,3.959999,B,yup,gripper_l_finger2_body_p,pos,-1.272042274,0.794148326,0.352949142,1.000000000,0.000000000,0.000000000,0.000000000,0.000000000
198,3.959999,B,yup,gripper_l_finger2_body_q,pos,0.000000000,0.000000000,-0.000000000,-0.005441029,-0.481244084,0.025890637,0.876187310,0.000000000
198,3.959999,B,yup,gripper_l_finger2_body_v,vel,0.001632276,0.000013309,0.028651712,0.000000000,0.000000000,-0.000000000,0.000000000,0.000000000
198,3.959999,B,yup,gripper_l_finger2_body_w,vel,0.000000000,0.000000000,-0.000000000,0.018255308,-0.046600156,0.004080812,0.000000000,0.000000000
198,3.959999,B,yup,gripper_l_palm_body_p,pos,-1.141247749,0.802727103,0.350329399,1.000000000,0.000000000,0.000000000,0.000000000,0.000000000
198,3.959999,B,yup,gripper_l_palm_body_q,pos,0.000000000,0.000000000,-0.000000000,0.601225100,-0.637839204,-0.344186816,-0.336489174,0.000000000
198,3.959999,B,yup,gripper_l_palm_body_v,vel,0.001632704,0.000013128,0.028648002,0.000000000,0.000000000,-0.000000000,0.000000000,0.000000000
198,3.959999,B,yup,gripper_l_palm_body_w,vel,0.000000000,0.000000000,-0.000000000,0.018255245,-0.046596020,0.004080603,0.000000000,0.000000000
198,3.959999,B,yup,gripper_r_finger1_body_p,pos,0.719549656,0.173520327,0.200452328,1.000000000,0.000000000,0.000000000,0.000000000,0.000000000
198,3.959999,B,yup,gripper_r_finger1_body_q,pos,0.000000000,0.000000000,-0.000000000,0.523249430,-0.427803454,0.357532290,0.644488092,0.000000000
198,3.959999,B,yup,gripper_r_finger1_body_v,vel,-0.247141421,-0.201417089,-0.089999221,0.000000000,0.000000000,-0.000000000,0.000000000,0.000000000
198,3.959999,B,yup,gripper_r_finger1_body_w,vel,0.000000000,0.000000000,-0.000000000,0.001921827,-0.070779487,0.360520184,0.000000000,0.000000000
198,3.959999,B,yup,gripper_r_finger2_body_p,pos,0.753939629,0.096035302,0.223115921,1.000000000,0.000000000,0.000000000,0.000000000,0.000000000
198,3.959999,B,yup,gripper_r_finger2_body_q,pos,0.000000000,0.000000000,-0.000000000,0.644574458,-0.357426553,-0.427673577,-0.523321448,0.000000000
198,3.959999,B,yup,gripper_r_finger2_body_v,vel,-0.247146204,-0.201440096,-0.089987636,0.000000000,0.000000000,-0.000000000,0.000000000,0.000000000
198,3.959999,B,yup,gripper_r_finger2_body_w,vel,0.000000000,0.000000000,-0.000000000,0.002023834,-0.070799962,0.360521555,0.000000000,0.000000000
198,3.959999,B,yup,gripper_r_palm_body_p,pos,0.665171146,0.236798108,0.190233707,1.000000000,0.000000000,0.000000000,0.000000000,0.000000000
198,3.959999,B,yup,gripper_r_palm_body_q,pos,0.000000000,0.000000000,-0.000000000,0.067554198,-0.672477716,-0.202969013,0.708529274,0.000000000
198,3.959999,B,yup,gripper_r_palm_body_v,vel,-0.247141361,-0.201416746,-0.089999393,0.000000000,0.000000000,-0.000000000,0.000000000,0.000000000
198,3.959999,B,yup,gripper_r_palm_body_w,vel,0.000000000,0.000000000,-0.000000000,0.001920036,-0.070779130,0.360520154,0.000000000,0.000000000
199,3.979999,B,yup,gripper_l_finger1_body_p,pos,-1.387821198,0.806435704,0.354640484,1.000000000,0.000000000,0.000000000,0.000000000,0.000000000
199,3.979999,B,yup,gripper_l_finger1_body_q,pos,0.000000000,0.000000000,-0.000000000,0.876337426,-0.025732545,-0.480980400,0.005329764,0.000000000
199,3.979999,B,yup,gripper_l_finger1_body_v,vel,0.001457807,-0.000014091,0.028132483,0.000000000,0.000000000,-0.000000000,0.000000000,0.000000000
199,3.979999,B,yup,gripper_l_finger1_body_w,vel,0.000000000,0.000000000,-0.000000000,0.018195743,-0.045976803,0.003689793,0.000000000,0.000000000
199,3.979999,B,yup,gripper_l_finger2_body_p,pos,-1.271912098,0.794132948,0.352826595,1.000000000,0.000000000,0.000000000,0.000000000,0.000000000
199,3.979999,B,yup,gripper_l_finger2_body_q,pos,0.000000000,0.000000000,-0.000000000,-0.005325507,-0.480839812,0.025733633,0.876414568,0.000000000
199,3.979999,B,yup,gripper_l_finger2_body_v,vel,0.001457585,-0.000014113,0.028132102,0.000000000,0.000000000,-0.000000000,0.000000000,0.000000000
199,3.979999,B,yup,gripper_l_finger2_body_w,vel,0.000000000,0.000000000,-0.000000000,0.018195735,-0.045976296,0.003689768,0.000000000,0.000000000
199,3.979999,B,yup,gripper_l_palm_body_p,pos,-1.141214848,0.802675962,0.350276947,1.000000000,0.000000000,0.000000000,0.000000000,0.000000000
199,3.979999,B,yup,gripper_l_palm_body_q,pos,0.000000000,0.000000000,-0.000000000,0.601496818,-0.637888969,-0.343819231,-0.336284966,0.000000000
199,3.979999,B,yup,gripper_l_palm_body_v,vel,0.001458066,-0.000014325,0.028127737,0.000000000,0.000000000,-0.000000000,0.000000000,0.000000000
199,3.979999,B,yup,gripper_l_palm_body_w,vel,0.000000000,0.000000000,-0.000000000,0.018195661,-0.045971423,0.003689522,0.000000000,0.000000000
199,3.979999,B,yup,gripper_r_finger1_body_p,pos,0.716667175,0.172342837,0.199195862,1.000000000,0.000000000,0.000000000,0.000000000,0.000000000
199,3.979999,B,yup,gripper_r_finger1_body_q,pos,0.000000000,0.000000000,-0.000000000,0.525427613,-0.426030910,0.359487747,0.642800161,0.000000000
199,3.979999,B,yup,gripper_r_finger1_body_v,vel,-0.248526543,-0.205878899,-0.091159314,0.000000000,0.000000000,-0.000000000,0.000000000,0.000000000
199,3.979999,B,yup,gripper_r_finger1_body_w,vel,0.000000000,0.000000000,-0.000000000,0.001786155,-0.074404478,0.380611002,0.000000000,0.000000000
199,3.979999,B,yup,gripper_r_finger2_body_p,pos,0.751187801,0.094659626,0.221824169,1.000000000,0.000000000,0.000000000,0.000000000,0.000000000
199,3.979999,B,yup,gripper_r_finger2_body_q,pos,0.000000000,0.000000000,-0.000000000,0.642886099,-0.359381675,-0.425901502,-0.525499939,0.000000000
199,3.979999,B,yup,gripper_r_finger2_body_v,vel,-0.248531282,-0.205902547,-0.091147006,0.000000000,0.000000000,-0.000000000,0.000000000,0.000000000
199,3.979999,B,yup,gripper_r_finger2_body_w,vel,0.000000000,0.000000000,-0.000000000,0.001890445,-0.074424595,0.380612552,0.000000000,0.000000000
199,3.979999,B,yup,gripper_r_palm_body_p,pos,0.661512375,0.235671520,0.188985348,1.000000000,0.000000000,0.000000000,0.000000000,0.000000000
199,3.979999,B,yup,gripper_r_palm_body_q,pos,0.000000000,0.000000000,-0.000000000,0.070347793,-0.672764719,-0.200392798,0.708718242,0.000000000
199,3.979999,B,yup,gripper_r_palm_body_v,vel,-0.248526379,-0.205878094,-0.091159724,0.000000000,0.000000000,-0.000000000,0.000000000,0.000000000
199,3.979999,B,yup,gripper_r_palm_body_w,vel,0.000000000,0.000000000,-0.000000000,0.001782622,-0.074403800,0.380610973,0.000000000,0.000000000
