macro_frame,sim_time,body_index,logical_name,com_before_x,com_before_y,com_before_z,com_after_x,com_after_y,com_after_z,target_x,target_y,target_z,com_jump_m,com_to_target_before_m,max_vtx_jump_m,max_vtx_id
0,0.000000,1,gripper_l_palm,-0.460000,0.710000,0.000000,-0.460000,0.710000,-0.000000,-0.460000,0.710000,-0.000000,0.000000,0.000000,0.000000,0
0,0.000000,2,gripper_l_finger1,-0.460000,0.690000,0.000000,-0.460000,0.690000,-0.000000,-0.460000,0.690000,-0.000000,0.000000,0.000000,0.000000,0
0,0.000000,3,gripper_l_finger2,-0.460000,0.690000,0.000000,-0.460000,0.690000,-0.000000,-0.460000,0.690000,-0.000000,0.000000,0.000000,0.000000,0
0,0.000000,4,gripper_r_palm,0.460000,0.710000,0.000000,0.460000,0.710000,-0.000000,0.460000,0.710000,-0.000000,0.000000,0.000000,0.000000,0
0,0.000000,5,gripper_r_finger1,0.460000,0.690000,0.000000,0.460000,0.690000,-0.000000,0.460000,0.690000,-0.000000,0.000000,0.000000,0.000000,0
0,0.000000,6,gripper_r_finger2,0.460000,0.690000,0.000000,0.460000,0.690000,-0.000000,0.460000,0.690000,-0.000000,0.000000,0.000000,0.000000,0
1,0.020000,1,gripper_l_palm,-0.439516,0.743272,-0.016193,-0.468438,0.724453,-0.018804,-0.468438,0.724453,-0.018804,0.034604,0.034604,0.036045,5
1,0.020000,2,gripper_l_finger1,-0.439587,0.723565,-0.016711,-0.469211,0.707579,-0.024309,-0.469211,0.707579,-0.024309,0.034509,0.034509,0.035396,7
1,0.020000,3,gripper_l_finger2,-0.439929,0.722878,-0.016327,-0.473011,0.700265,-0.020199,-0.473011,0.700265,-0.020199,0.040258,0.040258,0.041087,1
1,0.020000,4,gripper_r_palm,0.446674,0.739013,-0.008060,0.466494,0.712666,-0.020789,0.466494,0.712666,-0.020789,0.035341,0.035341,0.036269,1
1,0.020000,5,gripper_r_finger1,0.447061,0.718252,-0.007914,0.470586,0.684407,-0.019248,0.470586,0.684407,-0.019248,0.042748,0.042748,0.043161,3
1,0.020000,6,gripper_r_finger2,0.446810,0.718924,-0.008619,0.468065,0.691742,-0.026685,0.468065,0.691742,-0.026685,0.038949,0.038949,0.039377,5
2,0.040000,1,gripper_l_palm,-0.415772,0.795167,-0.075286,-0.490567,0.770223,-0.062679,-0.490567,0.770223,-0.062679,0.079846,0.079846,0.083049,5
2,0.040000,2,gripper_l_finger1,-0.416597,0.779094,-0.082149,-0.494967,0.761863,-0.082602,-0.494967,0.761863,-0.082602,0.080243,0.080243,0.082300,7
2,0.040000,3,gripper_l_finger2,-0.420517,0.771066,-0.077194,-0.506282,0.746957,-0.069497,-0.506282,0.746957,-0.069497,0.089421,0.089421,0.091387,1
2,0.040000,4,gripper_r_palm,0.435423,0.771197,-0.059050,0.484565,0.729093,-0.070824,0.484565,0.729093,-0.070824,0.065775,0.065775,0.068379,1
2,0.040000,5,gripper_r_finger1,0.439873,0.742524,-0.057519,0.500055,0.690715,-0.069376,0.500055,0.690715,-0.069376,0.080292,0.080292,0.081420,3
2,0.040000,6,gripper_r_finger2,0.437155,0.750108,-0.066254,0.491158,0.704685,-0.090570,0.491158,0.704685,-0.090570,0.074639,0.074639,0.075782,5
3,0.060000,1,gripper_l_palm,-0.423329,0.860235,-0.145421,-0.521614,0.848538,-0.110623,-0.521614,0.848538,-0.110623,0.104917,0.104917,0.108380,1
3,0.060000,2,gripper_l_finger1,-0.427747,0.852985,-0.166774,-0.532939,0.851889,-0.146073,-0.532939,0.851889,-0.146073,0.107215,0.107215,0.109342,7
3,0.060000,3,gripper_l_finger2,-0.439170,0.837461,-0.152735,-0.550425,0.830566,-0.123109,-0.550425,0.830566,-0.123109,0.115338,0.115338,0.117352,1
3,0.060000,4,gripper_r_palm,0.437219,0.798493,-0.139548,0.510169,0.768250,-0.131294,0.510169,0.768250,-0.131294,0.079401,0.079401,0.082786,1
3,0.060000,5,gripper_r_finger1,0.452912,0.759591,-0.138229,0.539226,0.723736,-0.131149,0.539226,0.723736,-0.131149,0.093732,0.093732,0.095416,3
3,0.060000,6,gripper_r_finger2,0.443946,0.773908,-0.160811,0.525097,0.741960,-0.167141,0.525097,0.741960,-0.167141,0.087442,0.087442,0.089230,5
4,0.080000,1,gripper_l_palm,-0.449304,0.955911,-0.191327,-0.556724,0.952682,-0.143270,-0.556724,0.952682,-0.143270,0.117724,0.117724,0.121282,1
4,0.080000,2,gripper_l_finger1,-0.460668,0.960528,-0.227318,-0.576390,0.969486,-0.189940,-0.576390,0.969486,-0.189940,0.121938,0.121938,0.123856,3
4,0.080000,3,gripper_l_finger2,-0.478220,0.938626,-0.203961,-0.596564,0.942094,-0.159523,-0.596564,0.942094,-0.159523,0.126460,0.126460,0.128358,5
4,0.080000,4,gripper_r_palm,0.440287,0.849903,-0.204344,0.535397,0.829044,-0.178217,0.535397,0.829044,-0.178217,0.100815,0.100815,0.104471,5
4,0.080000,5,gripper_r_finger1,0.469433,0.805454,-0.204472,0.573160,0.785250,-0.180945,0.573160,0.785250,-0.180945,0.108263,0.108263,0.110301,7
4,0.080000,6,gripper_r_finger2,0.455307,0.824253,-0.241502,0.559886,0.809555,-0.227992,0.559886,0.809555,-0.227992,0.106468,0.106468,0.108516,1
5,0.100000,1,gripper_l_palm,-0.456447,1.048703,-0.237996,-0.587582,1.061067,-0.145673,-0.587582,1.061067,-0.145673,0.160850,0.160850,0.164876,1
5,0.100000,2,gripper_l_finger1,-0.476199,1.067665,-0.284761,-0.619164,1.101505,-0.198089,-0.619164,1.101505,-0.198089,0.170577,0.170577,0.172652,3
5,0.100000,3,gripper_l_finger2,-0.496338,1.039761,-0.254278,-0.638199,1.067827,-0.164556,-0.638199,1.067827,-0.164556,0.170183,0.170183,0.172232,5
5,0.100000,4,gripper_r_palm,0.438551,0.894736,-0.259860,0.556583,0.893466,-0.204684,0.556583,0.893466,-0.204684,0.130298,0.130298,0.134816,5
5,0.100000,5,gripper_r_finger1,0.476379,0.851859,-0.262864,0.599744,0.859534,-0.214272,0.599744,0.859534,-0.214272,0.132811,0.132811,0.135194,7
5,0.100000,6,gripper_r_finger2,0.463120,0.876902,-0.310114,0.592912,0.891520,-0.265496,0.592912,0.891520,-0.265496,0.138023,0.138023,0.140438,1
6,0.120000,1,gripper_l_palm,-0.468556,1.135638,-0.245165,-0.612054,1.154576,-0.124276,-0.612054,1.154576,-0.124276,0.188586,0.188586,0.192128,1
6,0.120000,2,gripper_l_finger1,-0.500204,1.178029,-0.297580,-0.658535,1.219773,-0.175014,-0.658535,1.219773,-0.175014,0.204533,0.204533,0.206242,3
6,0.120000,3,gripper_l_finger2,-0.519182,1.144090,-0.264025,-0.673941,1.180615,-0.142147,-0.673941,1.180615,-0.142147,0.200346,0.200346,0.202032,5
6,0.120000,4,gripper_r_palm,0.451148,0.938179,-0.289755,0.574933,0.950858,-0.217224,0.574933,0.950858,-0.217224,0.144028,0.144028,0.148100,5
6,0.120000,5,gripper_r_finger1,0.494365,0.905356,-0.299450,0.624433,0.928883,-0.233130,0.624433,0.928883,-0.233130,0.147884,0.147884,0.149852,7
6,0.120000,6,gripper_r_finger2,0.487540,0.937966,-0.350673,0.625383,0.967277,-0.284707,0.625383,0.967277,-0.284707,0.155600,0.155600,0.157601,1
7,0.140000,1,gripper_l_palm,-0.510021,1.216492,-0.197513,-0.631222,1.226862,-0.090518,-0.631222,1.226862,-0.090518,0.162004,0.162004,0.164816,1
7,0.140000,2,gripper_l_finger1,-0.556588,1.283399,-0.248228,-0.691376,1.310428,-0.134674,-0.691376,1.310428,-0.134674,0.178306,0.178306,0.179572,3
7,0.140000,3,gripper_l_finger2,-0.571940,1.243911,-0.215353,-0.702019,1.267444,-0.104891,-0.702019,1.267444,-0.104891,0.172268,0.172268,0.173518,5
7,0.140000,4,gripper_r_palm,0.483850,0.990111,-0.285305,0.591010,1.000976,-0.219274,0.591010,1.000976,-0.219274,0.126338,0.126338,0.129695,5
7,0.140000,5,gripper_r_finger1,0.533403,0.969099,-0.301289,0.646197,0.989363,-0.239177,0.646197,0.989363,-0.239177,0.130350,0.130350,0.131840,7
7,0.140000,6,gripper_r_finger2,0.534385,1.007949,-0.352824,0.654844,1.032457,-0.288981,0.654844,1.032457,-0.288981,0.138518,0.138518,0.140033,1
8,0.160000,1,gripper_l_palm,-0.548616,1.276863,-0.143148,-0.646795,1.281216,-0.052607,-0.646795,1.281216,-0.052607,0.133626,0.133626,0.135821,1
8,0.160000,2,gripper_l_finger1,-0.608874,1.361648,-0.187244,-0.718670,1.377911,-0.087989,-0.718670,1.377911,-0.087989,0.148900,0.148900,0.149848,3
8,0.160000,3,gripper_l_finger2,-0.619464,1.318492,-0.157481,-0.724271,1.332937,-0.062574,-0.724271,1.332937,-0.062574,0.142128,0.142128,0.143069,5
8,0.160000,4,gripper_r_palm,0.514464,1.034995,-0.273455,0.605407,1.043982,-0.214646,0.605407,1.043982,-0.214646,0.108673,0.108673,0.111388,5
8,0.160000,5,gripper_r_finger1,0.569698,1.024235,-0.293417,0.665261,1.041467,-0.237015,0.665261,1.041467,-0.237015,0.112296,0.112296,0.113425,7
8,0.160000,6,gripper_r_finger2,0.578397,1.067636,-0.343137,0.681140,1.087711,-0.283598,0.681140,1.087711,-0.283598,0.120433,0.120433,0.121576,1
9,0.180000,1,gripper_l_palm,-0.580853,1.320724,-0.091493,-0.660185,1.321115,-0.015611,-0.660185,1.321115,-0.015611,0.109781,0.109781,0.111519,1
9,0.180000,2,gripper_l_finger1,-0.652853,1.418260,-0.126783,-0.742017,1.426906,-0.041981,-0.742017,1.426906,-0.041981,0.123355,0.123355,0.124074,3
9,0.180000,3,gripper_l_finger2,-0.658384,1.373247,-0.101392,-0.742862,1.381305,-0.021087,-0.742862,1.381305,-0.021087,0.116835,0.116835,0.117554,5
9,0.180000,4,gripper_r_palm,0.541897,1.072854,-0.258401,0.618626,1.080400,-0.206084,0.618626,1.080400,-0.206084,0.093173,0.093173,0.095365,5
9,0.180000,5,gripper_r_finger1,0.601805,1.071080,-0.280811,0.682408,1.085783,-0.229877,0.682408,1.085783,-0.229877,0.096474,0.096474,0.097334,7
9,0.180000,6,gripper_r_finger2,0.617747,1.117515,-0.327273,0.704772,1.133892,-0.272625,0.704772,1.133892,-0.272625,0.104057,0.104057,0.104921,1
10,0.200000,1,gripper_l_palm,-0.607107,1.352543,-0.044468,-0.672395,1.349678,0.017785,-0.672395,1.349678,0.017785,0.090256,0.090256,0.091701,1
10,0.200000,2,gripper_l_finger1,-0.689095,1.458906,-0.070708,-0.762797,1.461681,-0.000242,-0.762797,1.461681,-0.000242,0.102006,0.102006,0.102576,3
10,0.200000,3,gripper_l_finger2,-0.689845,1.413344,-0.049842,-0.759222,1.416202,0.016448,-0.759222,1.416202,0.016448,0.095999,0.095999,0.096572,5
10,0.200000,4,gripper_r_palm,0.566408,1.104823,-0.241339,0.630992,1.110786,-0.195398,0.630992,1.110786,-0.195398,0.079480,0.079480,0.081262,5
10,0.200000,5,gripper_r_finger1,0.630256,1.110837,-0.265162,0.698066,1.122956,-0.219912,0.698066,1.122956,-0.219912,0.082418,0.082418,0.083083,7
10,0.200000,6,gripper_r_finger2,0.652701,1.159048,-0.307754,0.726169,1.171976,-0.258696,0.726169,1.171976,-0.258696,0.089283,0.089283,0.089945,1
11,0.220000,1,gripper_l_palm,-0.628893,1.375149,-0.003408,-0.684146,1.369505,0.046426,-0.684146,1.369505,0.046426,0.074620,0.074620,0.075889,1
11,0.220000,2,gripper_l_finger1,-0.719478,1.487538,-0.021246,-0.782073,1.485698,0.035697,-0.782073,1.485698,0.035697,0.084641,0.084641,0.085114,3
11,0.220000,3,gripper_l_finger2,-0.715793,1.442123,-0.004614,-0.774352,1.440670,0.048666,-0.774352,1.440670,0.048666,0.079184,0.079184,0.079659,5
11,0.220000,4,gripper_r_palm,0.588286,1.131689,-0.223197,0.642618,1.135656,-0.183761,0.642618,1.135656,-0.183761,0.067253,0.067253,0.068756,5
11,0.220000,5,gripper_r_finger1,0.655431,1.144392,-0.247734,0.712115,1.153617,-0.208552,0.712115,1.153617,-0.208552,0.069522,0.069522,0.070074,7
11,0.220000,6,gripper_r_finger2,0.683643,1.193458,-0.286314,0.745537,1.202920,-0.243442,0.745537,1.202920,-0.243442,0.075884,0.075884,0.076430,1
12,0.240000,1,gripper_l_palm,-0.648243,1.390384,0.031246,-0.695924,1.382594,0.070028,-0.695924,1.382594,0.070028,0.061954,0.061954,0.063094,1
12,0.240000,2,gripper_l_finger1,-0.746385,1.506831,0.020787,-0.800555,1.501545,0.065387,-0.800555,1.501545,0.065387,0.070367,0.070367,0.070757,3
12,0.240000,3,gripper_l_finger2,-0.738537,1.461865,0.033649,-0.788978,1.457032,0.075207,-0.788978,1.457032,0.075207,0.065534,0.065534,0.065925,5
12,0.240000,4,gripper_r_palm,0.607729,1.153738,-0.205281,0.653784,1.155531,-0.172155,0.653784,1.155531,-0.172155,0.056760,0.056760,0.058056,5
12,0.240000,5,gripper_r_finger1,0.677295,1.172147,-0.230079,0.725032,1.178346,-0.196959,0.725032,1.178346,-0.196959,0.058432,0.058432,0.058899,7
12,0.240000,6,gripper_r_finger2,0.710863,1.221452,-0.264707,0.763320,1.227487,-0.228263,0.763320,1.227487,-0.228263,0.064159,0.064159,0.064620,1
13,0.260000,1,gripper_l_palm,-0.666652,1.399661,0.059616,-0.707945,1.390392,0.088802,-0.707945,1.390392,0.088802,0.051409,0.051409,0.052432,1
13,0.260000,2,gripper_l_finger1,-0.771534,1.518770,0.055374,-0.818506,1.511081,0.089024,-0.818506,1.511081,0.089024,0.058290,0.058290,0.058606,3
13,0.260000,3,gripper_l_finger2,-0.759807,1.474309,0.065014,-0.803365,1.467010,0.096251,-0.803365,1.467010,0.096251,0.054096,0.054096,0.054409,5
13,0.260000,4,gripper_r_palm,0.625393,1.171117,-0.188680,0.664753,1.170879,-0.161264,0.664753,1.170879,-0.161264,0.047968,0.047968,0.049098,5
13,0.260000,5,gripper_r_finger1,0.696709,1.194301,-0.213474,0.737298,1.197670,-0.185932,0.737298,1.197670,-0.185932,0.049167,0.049167,0.049561,7
13,0.260000,6,gripper_r_finger2,0.735188,1.243415,-0.244472,0.780000,1.246379,-0.214107,0.780000,1.246379,-0.214107,0.054212,0.054212,0.054599,1
14,0.280000,1,gripper_l_palm,-0.684310,1.404320,0.082169,-0.720453,1.394039,0.103199,-0.720453,1.394039,0.103199,0.043061,0.043061,0.043999,0
14,0.280000,2,gripper_l_finger1,-0.795167,1.525100,0.082727,-0.836304,1.515761,0.107129,-0.836304,1.515761,0.107129,0.048733,0.048733,0.048974,3
14,0.280000,3,gripper_l_finger2,-0.779849,1.481063,0.089781,-0.817896,1.471952,0.112298,-0.817896,1.471952,0.112298,0.045140,0.045140,0.045375,5
14,0.280000,4,gripper_r_palm,0.648169,1.183085,-0.168546,0.676164,1.181162,-0.150439,0.676164,1.181162,-0.150439,0.033395,0.033395,0.034335,5
14,0.280000,5,gripper_r_finger1,0.720700,1.210154,-0.193209,0.748538,1.210957,-0.175018,0.748538,1.210957,-0.175018,0.033264,0.033264,0.033643,7
14,0.280000,6,gripper_r_finger2,0.763774,1.258820,-0.221132,0.795359,1.259132,-0.200590,0.795359,1.259132,-0.200590,0.037678,0.037678,0.038049,1
15,0.300000,1,gripper_l_palm,-0.701301,1.405465,0.099558,-0.733644,1.394374,0.113850,-0.733644,1.394374,0.113850,0.037059,0.037059,0.038007,0
15,0.300000,2,gripper_l_finger1,-0.817490,1.527234,0.103729,-0.854285,1.516647,0.120462,-0.854285,1.516647,0.120462,0.041785,0.041785,0.042046,1
15,0.300000,3,gripper_l_finger2,-0.798881,1.483433,0.108765,-0.832905,1.472861,0.124065,-0.832905,1.472861,0.124065,0.038775,0.038775,0.039048,7
15,0.300000,4,gripper_r_palm,0.676870,1.188699,-0.143716,0.689230,1.185658,-0.138638,0.689230,1.185658,-0.138638,0.013704,0.013704,0.014536,7
15,0.300000,5,gripper_r_finger1,0.749035,1.218667,-0.168308,0.759350,1.217362,-0.163291,0.759350,1.217362,-0.163291,0.011544,0.011544,0.011921,6
15,0.300000,6,gripper_r_finger2,0.796209,1.266805,-0.193700,0.809952,1.265094,-0.187004,0.809952,1.265094,-0.187004,0.015384,0.015384,0.015760,0
16,0.320000,1,gripper_l_palm,-0.718256,1.403704,0.112641,-0.747661,1.391993,0.121473,-0.747661,1.391993,0.121473,0.032861,0.032861,0.033802,0
16,0.320000,2,gripper_l_finger1,-0.839276,1.525993,0.119414,-0.872696,1.514481,0.129896,-0.872696,1.514481,0.129896,0.036869,0.036869,0.037176,1
16,0.320000,3,gripper_l_finger2,-0.817675,1.482191,0.122922,-0.848631,1.470467,0.132368,-0.848631,1.470467,0.132368,0.034424,0.034424,0.034745,7
16,0.320000,4,gripper_r_palm,0.703007,1.188841,-0.120753,0.704575,1.184659,-0.125887,0.704575,1.184659,-0.125887,0.006806,0.006806,0.007629,6
16,0.320000,5,gripper_r_finger1,0.772807,1.220613,-0.145425,0.771258,1.217184,-0.150677,0.771258,1.217184,-0.150677,0.006460,0.006460,0.006960,5
16,0.320000,6,gripper_r_finger2,0.823710,1.268335,-0.169042,0.825086,1.264723,-0.173439,0.825086,1.264723,-0.173439,0.005854,0.005854,0.006377,2
17,0.340000,1,gripper_l_palm,-0.735702,1.399433,0.122309,-0.762619,1.387305,0.126810,-0.762619,1.387305,0.126810,0.029864,0.029864,0.030769,0
17,0.340000,2,gripper_l_finger1,-0.861117,1.521916,0.130826,-0.891675,1.509768,0.136318,-0.891675,1.509768,0.136318,0.033340,0.033340,0.033674,1
17,0.340000,3,gripper_l_finger2,-0.836823,1.477865,0.133238,-0.865203,1.465301,0.138029,-0.865203,1.465301,0.138029,0.031404,0.031404,0.031753,7
17,0.340000,4,gripper_r_palm,0.722507,1.185374,-0.103873,0.722003,1.179386,-0.113593,0.722003,1.179386,-0.113593,0.011428,0.011428,0.011945,4
17,0.340000,5,gripper_r_finger1,0.788904,1.217885,-0.128678,0.785620,1.211832,-0.138478,0.785620,1.211832,-0.138478,0.011978,0.011978,0.012385,1
17,0.340000,6,gripper_r_finger2,0.842970,1.265441,-0.151420,0.842015,1.259466,-0.161110,0.842015,1.259466,-0.161110,0.011425,0.011425,0.011846,3
18,0.360000,1,gripper_l_palm,-0.754908,1.392318,0.129775,-0.778616,1.380390,0.130611,-0.778616,1.380390,0.130611,0.026552,0.026552,0.027376,0
18,0.360000,2,gripper_l_finger1,-0.884300,1.514761,0.139326,-0.911232,1.502667,0.140624,-0.911232,1.502667,0.140624,0.029552,0.029552,0.029883,1
18,0.360000,3,gripper_l_finger2,-0.857624,1.470241,0.141001,-0.882606,1.457591,0.141856,-0.882606,1.457591,0.141856,0.028016,0.028016,0.028361,7
18,0.360000,4,gripper_r_palm,0.737308,1.179495,-0.092878,0.740986,1.170811,-0.102983,0.740986,1.170811,-0.102983,0.013822,0.013822,0.014289,6
18,0.360000,5,gripper_r_finger1,0.800760,1.211864,-0.117774,0.802833,1.202492,-0.127935,0.802833,1.202492,-0.127935,0.013978,0.013978,0.014286,4
18,0.360000,6,gripper_r_finger2,0.857348,1.259535,-0.140447,0.861298,1.250466,-0.151057,0.861298,1.250466,-0.151057,0.014507,0.014507,0.014814,2
19,0.380000,1,gripper_l_palm,-0.774879,1.383065,0.135522,-0.795794,1.371445,0.133643,-0.795794,1.371445,0.133643,0.024000,0.024000,0.024734,0
19,0.380000,2,gripper_l_finger1,-0.907789,1.505313,0.145532,-0.931528,1.493429,0.143676,-0.931528,1.493429,0.143676,0.026613,0.026613,0.026931,1
19,0.380000,3,gripper_l_finger2,-0.878985,1.460170,0.146752,-0.901022,1.447606,0.144687,-0.901022,1.447606,0.144687,0.025451,0.025451,0.025781,7
19,0.380000,4,gripper_r_palm,0.751428,1.171072,-0.084927,0.761076,1.159059,-0.094145,0.761076,1.159059,-0.094145,0.017955,0.017955,0.018400,4
19,0.380000,5,gripper_r_finger1,0.813234,1.202623,-0.109889,0.822484,1.189378,-0.119175,0.822484,1.189378,-0.119175,0.018634,0.018634,0.018876,5
19,0.380000,6,gripper_r_finger2,0.871868,1.250650,-0.133101,0.882761,1.237895,-0.143281,0.882761,1.237895,-0.143281,0.019622,0.019622,0.019853,3
20,0.400000,1,gripper_l_palm,-0.793652,1.373399,0.141204,-0.814122,1.360820,0.136559,-0.814122,1.360820,0.136559,0.024471,0.024471,0.025170,0
20,0.400000,2,gripper_l_finger1,-0.929673,1.495342,0.151185,-0.952906,1.482383,0.146089,-0.952906,1.482383,0.146089,0.027087,0.027087,0.027413,1
20,0.400000,3,gripper_l_finger2,-0.899005,1.449426,0.152213,-0.920695,1.435527,0.147185,-0.920695,1.435527,0.147185,0.026247,0.026247,0.026584,7
20,0.400000,4,gripper_r_palm,0.766802,1.159808,-0.078418,0.782022,1.144054,-0.086845,0.782022,1.144054,-0.086845,0.023470,0.023470,0.023992,4
20,0.400000,5,gripper_r_finger1,0.828273,1.189938,-0.103458,0.844093,1.172375,-0.111959,0.844093,1.172375,-0.111959,0.025120,0.025120,0.025361,5
20,0.400000,6,gripper_r_finger2,0.888709,1.238526,-0.127699,0.906073,1.221625,-0.137528,0.906073,1.221625,-0.137528,0.026149,0.026149,0.026374,3
21,0.420000,1,gripper_l_palm,-0.811942,1.363263,0.147946,-0.833522,1.348642,0.139935,-0.833522,1.348642,0.139935,0.027269,0.027269,0.027968,0
21,0.420000,2,gripper_l_finger1,-0.951029,1.484768,0.157367,-0.975522,1.469608,0.148369,-0.975522,1.469608,0.148369,0.030177,0.030177,0.030523,1
21,0.420000,3,gripper_l_finger2,-0.918659,1.437781,0.158511,-0.941636,1.421323,0.149888,-0.941636,1.421323,0.149888,0.029549,0.029549,0.029906,7
21,0.420000,4,gripper_r_palm,0.783142,1.145802,-0.073772,0.803641,1.126128,-0.081375,0.803641,1.126128,-0.081375,0.029412,0.029412,0.030036,4
21,0.420000,5,gripper_r_finger1,0.845378,1.173866,-0.098892,0.867461,1.151718,-0.106533,0.867461,1.151718,-0.106533,0.032196,0.032196,0.032465,5
21,0.420000,6,gripper_r_finger2,0.907508,1.223203,-0.124644,0.931052,1.201883,-0.134077,0.931052,1.201883,-0.134077,0.033133,0.033133,0.033381,3
22,0.440000,1,gripper_l_palm,-0.830684,1.351801,0.154729,-0.853942,1.334887,0.144183,-0.853942,1.334887,0.144183,0.030631,0.030631,0.031351,0
22,0.440000,2,gripper_l_finger1,-0.973010,1.472690,0.163014,-0.999409,1.455055,0.151081,-0.999409,1.455055,0.151081,0.033916,0.033916,0.034287,1
22,0.440000,3,gripper_l_finger2,-0.938960,1.424245,0.164604,-0.963786,1.405029,0.153292,-0.963786,1.405029,0.153292,0.033370,0.033370,0.033753,7
22,0.440000,4,gripper_r_palm,0.800116,1.130584,-0.069794,0.825513,1.106138,-0.077221,0.825513,1.106138,-0.077221,0.036024,0.036024,0.036737,4
22,0.440000,5,gripper_r_finger1,0.864209,1.155807,-0.094945,0.892244,1.127850,-0.102282,0.892244,1.127850,-0.102282,0.040267,0.040267,0.040571,5
22,0.440000,6,gripper_r_finger2,0.927936,1.206087,-0.122745,0.957278,1.179202,-0.132581,0.957278,1.179202,-0.132581,0.040994,0.040994,0.041268,3
23,0.460000,1,gripper_l_palm,-0.850101,1.338611,0.161084,-0.875338,1.319437,0.149537,-0.875338,1.319437,0.149537,0.033732,0.033732,0.034498,0
23,0.460000,2,gripper_l_finger1,-0.995922,1.458681,0.167814,-1.024575,1.438582,0.154679,-1.024575,1.438582,0.154679,0.037383,0.037383,0.037789,1
23,0.460000,3,gripper_l_finger2,-0.960125,1.408478,0.170112,-0.987101,1.386646,0.157760,-0.987101,1.386646,0.157760,0.036836,0.036836,0.037255,7
23,0.460000,4,gripper_r_palm,0.817525,1.116187,-0.063961,0.847170,1.085520,-0.073228,0.847170,1.085520,-0.073228,0.043648,0.043648,0.044433,4
23,0.460000,5,gripper_r_finger1,0.884591,1.137461,-0.088983,0.917758,1.101713,-0.097847,0.917758,1.101713,-0.097847,0.049563,0.049563,0.049907,5
23,0.460000,6,gripper_r_finger2,0.949731,1.188924,-0.119645,0.984226,1.154586,-0.132045,0.984226,1.154586,-0.132045,0.050228,0.050228,0.050529,3
24,0.480000,1,gripper_l_palm,-0.869797,1.323838,0.166728,-0.897675,1.302104,0.155984,-0.897675,1.302104,0.155984,0.036945,0.036945,0.037788,0
24,0.480000,2,gripper_l_finger1,-1.019416,1.442864,0.171706,-1.051054,1.419987,0.159412,-1.051054,1.419987,0.159412,0.040933,0.040933,0.041394,1
24,0.480000,3,gripper_l_finger2,-0.981763,1.390749,0.174881,-1.011601,1.366128,0.163436,-1.011601,1.366128,0.163436,0.040342,0.040342,0.040815,7
24,0.480000,4,gripper_r_palm,0.834991,1.102699,-0.057126,0.868287,1.065419,-0.068578,0.868287,1.065419,-0.068578,0.051279,0.051279,0.052147,4
24,0.480000,5,gripper_r_finger1,0.905883,1.118509,-0.081650,0.943287,1.074541,-0.092155,0.943287,1.074541,-0.092155,0.058673,0.058673,0.059070,5
24,0.480000,6,gripper_r_finger2,0.972450,1.171464,-0.116314,1.011446,1.129081,-0.131348,1.011446,1.129081,-0.131348,0.059522,0.059522,0.059869,3
25,0.500000,1,gripper_l_palm,-0.887820,1.309369,0.172154,-0.920953,1.283305,0.163380,-0.920953,1.283305,0.163380,0.043060,0.043060,0.044065,0
25,0.500000,2,gripper_l_finger1,-1.041543,1.427094,0.175427,-1.079285,1.399515,0.165180,-1.079285,1.399515,0.165180,0.047854,0.047854,0.048425,1
25,0.500000,3,gripper_l_finger2,-1.001948,1.373047,0.179554,-1.037643,1.343646,0.170278,-1.037643,1.343646,0.170278,0.047166,0.047166,0.047748,7
25,0.500000,4,gripper_r_palm,0.852604,1.088596,-0.051277,0.888682,1.046355,-0.062950,0.888682,1.046355,-0.062950,0.056764,0.056764,0.057744,4
25,0.500000,5,gripper_r_finger1,0.927874,1.097383,-0.074686,0.968252,1.047484,-0.084721,0.968252,1.047484,-0.084721,0.064969,0.064969,0.065441,5
25,0.500000,6,gripper_r_finger2,0.996139,1.151980,-0.114405,1.038544,1.103513,-0.129534,1.038544,1.103513,-0.129534,0.066153,0.066153,0.066573,3
26,0.520000,1,gripper_l_palm,-0.903748,1.296314,0.178489,-0.944864,1.263500,0.171958,-0.944864,1.263500,0.171958,0.053009,0.053009,0.054253,0
26,0.520000,2,gripper_l_finger1,-1.062366,1.412348,0.180147,-1.109381,1.377362,0.172224,-1.109381,1.377362,0.172224,0.059137,0.059137,0.059876,1
26,0.520000,3,gripper_l_finger2,-1.020611,1.356333,0.185358,-1.065087,1.319331,0.178557,-1.065087,1.319331,0.178557,0.058254,0.058254,0.059004,7
26,0.520000,4,gripper_r_palm,0.870524,1.072582,-0.047347,0.908284,1.028219,-0.056412,0.908284,1.028219,-0.056412,0.058959,0.058959,0.060062,4
26,0.520000,5,gripper_r_finger1,0.950332,1.073412,-0.068878,0.992305,1.021235,-0.075636,0.992305,1.021235,-0.075636,0.067303,0.067303,0.067862,5
26,0.520000,6,gripper_r_finger2,1.020743,1.129475,-0.114217,1.065185,1.078316,-0.126060,1.065185,1.078316,-0.126060,0.068794,0.068794,0.069305,3
27,0.540000,1,gripper_l_palm,-0.919351,1.283565,0.185890,-0.968993,1.242792,0.182130,-0.968993,1.242792,0.182130,0.064350,0.064350,0.065836,0
27,0.540000,2,gripper_l_finger1,-1.084107,1.397267,0.186041,-1.140950,1.353419,0.181146,-1.140950,1.353419,0.181146,0.071956,0.071956,0.072887,1
27,0.540000,3,gripper_l_finger2,-1.039715,1.339140,0.192489,-1.093325,1.293253,0.188741,-1.093325,1.293253,0.188741,0.070665,0.070665,0.071604,7
27,0.540000,4,gripper_r_palm,0.889456,1.052251,-0.046772,0.927091,1.010521,-0.049263,0.927091,1.010521,-0.049263,0.056250,0.056250,0.057454,4
27,0.540000,5,gripper_r_finger1,0.973708,1.044985,-0.065713,1.015436,0.996362,-0.065491,1.015436,0.996362,-0.065491,0.064073,0.064073,0.064713,5
27,0.540000,6,gripper_r_finger2,1.046713,1.102080,-0.116582,1.091066,1.053948,-0.120645,1.091066,1.053948,-0.120645,0.065577,0.065577,0.066179,3
28,0.560000,1,gripper_l_palm,-0.934330,1.270743,0.193348,-0.992493,1.221320,0.194079,-0.992493,1.221320,0.194079,0.076329,0.076329,0.078032,0
28,0.560000,2,gripper_l_finger1,-1.106493,1.381221,0.192309,-1.173055,1.327626,0.192469,-1.173055,1.327626,0.192469,0.085457,0.085457,0.086591,1
28,0.560000,3,gripper_l_finger2,-1.058774,1.321002,0.200005,-1.121263,1.265682,0.201107,-1.121263,1.265682,0.201107,0.083465,0.083465,0.084601,7
28,0.560000,4,gripper_r_palm,0.908771,1.029912,-0.046692,0.945047,0.992965,-0.041657,0.945047,0.992965,-0.041657,0.052022,0.052022,0.053300,4
28,0.560000,5,gripper_r_finger1,0.997363,1.015440,-0.062611,1.037686,0.972696,-0.054619,1.037686,0.972696,-0.054619,0.059303,0.059303,0.060019,5
28,0.560000,6,gripper_r_finger2,1.073123,1.073026,-0.118117,1.115993,1.030384,-0.113495,1.115993,1.030384,-0.113495,0.060642,0.060642,0.061330,3
29,0.580000,1,gripper_l_palm,-0.953070,1.253742,0.203024,-1.014057,1.199774,0.207507,-1.014057,1.199774,0.207507,0.081560,0.081560,0.083277,0
29,0.580000,2,gripper_l_finger1,-1.133813,1.359906,0.201427,-1.203606,1.300794,0.206000,-1.203606,1.300794,0.206000,0.091576,0.091576,0.092793,1
29,0.580000,3,gripper_l_finger2,-1.081927,1.297941,0.210125,-1.146910,1.237812,0.215198,-1.146910,1.237812,0.215198,0.088679,0.088679,0.089892,7
29,0.580000,4,gripper_r_palm,0.927116,1.009586,-0.043604,0.962003,0.975815,-0.033443,0.962003,0.975815,-0.033443,0.049606,0.049606,0.050898,4
29,0.580000,5,gripper_r_finger1,1.020018,0.988970,-0.056230,1.058872,0.950058,-0.042842,1.058872,0.950058,-0.042842,0.056596,0.056596,0.057361,5
29,0.580000,6,gripper_r_finger2,1.098460,1.046646,-0.115397,1.139772,1.007598,-0.104791,1.139772,1.007598,-0.104791,0.057826,0.057826,0.058571,3
30,0.600000,1,gripper_l_palm,-0.976515,1.231434,0.216026,-1.033001,1.178929,0.222120,-1.033001,1.178929,0.222120,0.077360,0.077360,0.078881,0
30,0.600000,2,gripper_l_finger1,-1.166249,1.332301,0.214567,-1.230572,1.274397,0.221102,-1.230572,1.274397,0.221102,0.086793,0.086793,0.087935,1
30,0.600000,3,gripper_l_finger2,-1.109436,1.269320,0.223767,-1.168651,1.211340,0.230256,-1.168651,1.211340,0.230256,0.083127,0.083127,0.084270,6
30,0.600000,4,gripper_r_palm,0.944139,0.991770,-0.037875,0.977824,0.959792,-0.024393,0.977824,0.959792,-0.024393,0.048363,0.048363,0.049634,4
30,0.600000,5,gripper_r_finger1,1.041276,0.965646,-0.046908,1.078709,0.928916,-0.029926,1.078709,0.928916,-0.029926,0.055124,0.055124,0.055920,5
30,0.600000,6,gripper_r_finger2,1.122324,1.023160,-0.109108,1.162210,0.986118,-0.094509,1.162210,0.986118,-0.094509,0.056356,0.056356,0.057139,3
31,0.620000,1,gripper_l_palm,-0.999328,1.207790,0.229318,-1.049054,1.159584,0.237262,-1.049054,1.159584,0.237262,0.069711,0.069711,0.071172,2
31,0.620000,2,gripper_l_finger1,-1.197101,1.303084,0.228386,-1.253486,1.249609,0.237140,-1.253486,1.249609,0.237140,0.078202,0.078202,0.079253,0
31,0.620000,3,gripper_l_finger2,-1.135031,1.240057,0.237476,-1.186372,1.187517,0.245608,-1.186372,1.187517,0.245608,0.073908,0.073908,0.074961,6
31,0.620000,4,gripper_r_palm,0.959423,0.977271,-0.029975,0.992438,0.945723,-0.014355,0.992438,0.945723,-0.014355,0.048262,0.048262,0.049499,4
31,0.620000,5,gripper_r_finger1,1.060562,0.946031,-0.035117,1.096924,0.909952,-0.015769,1.096924,0.909952,-0.015769,0.054756,0.054756,0.055572,5
31,0.620000,6,gripper_r_finger2,1.144232,1.003192,-0.099920,1.183196,0.966621,-0.082633,1.183196,0.966621,-0.082633,0.056164,0.056164,0.056973,3
32,0.640000,1,gripper_l_palm,-1.019957,1.184494,0.241233,-1.062252,1.142252,0.252100,-1.062252,1.142252,0.252100,0.060756,0.060756,0.062052,2
32,0.640000,2,gripper_l_finger1,-1.224618,1.274315,0.241240,-1.272338,1.227280,0.253312,-1.272338,1.227280,0.253312,0.068082,0.068082,0.068996,0
32,0.640000,3,gripper_l_finger2,-1.157316,1.212292,0.249579,-1.200462,1.167106,0.260528,-1.200462,1.167106,0.260528,0.063429,0.063429,0.064343,6
32,0.640000,4,gripper_r_palm,0.972601,0.966980,-0.020342,1.005829,0.934326,-0.003275,1.005829,0.934326,-0.003275,0.049615,0.049615,0.050822,4
32,0.640000,5,gripper_r_finger1,1.077296,0.930875,-0.021348,1.113271,0.893780,-0.000403,1.113271,0.893780,-0.000403,0.055757,0.055757,0.056593,5
32,0.640000,6,gripper_r_finger2,1.163764,0.987485,-0.088400,1.202698,0.949666,-0.069196,1.202698,0.949666,-0.069196,0.057575,0.057575,0.058409,3
33,0.660000,1,gripper_l_palm,-1.037954,1.162762,0.252192,-1.072811,1.127248,0.265938,-1.072811,1.127248,0.265938,0.051626,0.051626,0.052691,2
33,0.660000,2,gripper_l_finger1,-1.248314,1.247538,0.253566,-1.287415,1.207932,0.268830,-1.287415,1.207932,0.268830,0.057711,0.057711,0.058460,0
33,0.660000,3,gripper_l_finger2,-1.176197,1.187502,0.260604,-1.211464,1.150376,0.274410,-1.211464,1.150376,0.274410,0.053036,0.053036,0.053784,6
33,0.660000,4,gripper_r_palm,0.983387,0.961672,-0.009299,1.018012,0.926101,0.008865,1.018012,0.926101,0.008865,0.052859,0.052859,0.054085,6
33,0.660000,5,gripper_r_finger1,1.090966,0.920841,-0.006015,1.127502,0.880805,0.016067,1.127502,0.880805,0.016067,0.058527,0.058527,0.059412,4
33,0.660000,6,gripper_r_finger2,1.180619,0.976653,-0.074958,1.220717,0.935554,-0.054245,1.220717,0.935554,-0.054245,0.061041,0.061041,0.061917,2
34,0.680000,1,gripper_l_palm,-1.053100,1.143315,0.262581,-1.081253,1.114247,0.278507,-1.081253,1.114247,0.278507,0.043488,0.043488,0.044307,2
34,0.680000,2,gripper_l_finger1,-1.268026,1.223680,0.265652,-1.299342,1.191361,0.283291,-1.299342,1.191361,0.283291,0.048336,0.048336,0.048915,0
34,0.680000,3,gripper_l_finger2,-1.191772,1.166386,0.271032,-1.220088,1.136854,0.287036,-1.220088,1.136854,0.287036,0.043933,0.043933,0.044511,6
34,0.680000,4,gripper_r_palm,0.991710,0.961691,0.003337,1.028779,0.921287,0.021951,1.028779,0.921287,0.021951,0.057906,0.057906,0.059353,6
34,0.680000,5,gripper_r_finger1,1.101248,0.916171,0.010944,1.139103,0.871191,0.033362,1.139103,0.871191,0.033362,0.062919,0.062919,0.063888,4
34,0.680000,6,gripper_r_finger2,1.194726,0.970818,-0.059479,1.236989,0.924286,-0.037953,1.236989,0.924286,-0.037953,0.066444,0.066444,0.067410,2
35,0.700000,1,gripper_l_palm,-1.065404,1.126331,0.272352,-1.088305,1.102443,0.289800,-1.088305,1.102443,0.289800,0.037410,0.037410,0.038022,2
35,0.700000,2,gripper_l_finger1,-1.283753,1.203165,0.277327,-1.309153,1.176587,0.296633,-1.309153,1.176587,0.296633,0.041525,0.041525,0.041968,0
35,0.700000,3,gripper_l_finger2,-1.204256,1.148955,0.280865,-1.227298,1.125328,0.298500,-1.227298,1.125328,0.298500,0.037419,0.037419,0.037862,6
35,0.700000,4,gripper_r_palm,0.999736,0.963863,0.017934,1.037818,0.919806,0.035566,1.037818,0.919806,0.035566,0.060845,0.060845,0.062417,6
35,0.700000,5,gripper_r_finger1,1.110008,0.913600,0.029682,1.147372,0.865243,0.050443,1.147372,0.865243,0.050443,0.064541,0.064541,0.065522,4
35,0.700000,6,gripper_r_finger2,1.208196,0.966572,-0.041690,1.250577,0.916134,-0.021229,1.250577,0.916134,-0.021229,0.068984,0.068984,0.069969,2
36,0.720000,1,gripper_l_palm,-1.074701,1.112091,0.281539,-1.094588,1.091000,0.299969,-1.094588,1.091000,0.299969,0.034351,0.034351,0.034840,2
36,0.720000,2,gripper_l_finger1,-1.295774,1.185979,0.288571,-1.317829,1.162416,0.308935,-1.317829,1.162416,0.308935,0.038161,0.038161,0.038532,0
36,0.720000,3,gripper_l_finger2,-1.213723,1.135024,0.290235,-1.233863,1.114476,0.308990,-1.233863,1.114476,0.308990,0.034345,0.034345,0.034714,6
36,0.720000,4,gripper_r_palm,1.008826,0.964489,0.032527,1.045151,0.921272,0.049092,1.045151,0.921272,0.049092,0.058836,0.058836,0.060383,6
36,0.720000,5,gripper_r_finger1,1.118238,0.909780,0.047621,1.152668,0.863134,0.066229,1.152668,0.863134,0.066229,0.060890,0.060890,0.061816,4
36,0.720000,6,gripper_r_finger2,1.221789,0.960545,-0.024023,1.261287,0.911411,-0.004967,1.261287,0.911411,-0.004967,0.065859,0.065859,0.066792,2
37,0.740000,1,gripper_l_palm,-1.081843,1.099595,0.290341,-1.100465,1.079292,0.309170,-1.100465,1.079292,0.309170,0.033370,0.033370,0.033799,2
37,0.740000,2,gripper_l_finger1,-1.305291,1.170756,0.299509,-1.325917,1.147995,0.320290,-1.325917,1.147995,0.320290,0.037086,0.037086,0.037427,0
37,0.740000,3,gripper_l_finger2,-1.221158,1.123125,0.299380,-1.240167,1.103395,0.318644,-1.240167,1.103395,0.318644,0.033492,0.033492,0.033832,6
37,0.740000,4,gripper_r_palm,1.018103,0.963756,0.045672,1.050919,0.925053,0.061958,1.050919,0.925053,0.061958,0.053291,0.053291,0.054696,6
37,0.740000,5,gripper_r_finger1,1.125389,0.905486,0.062899,1.155736,0.864494,0.080070,1.155736,0.864494,0.080070,0.053816,0.053816,0.054639,4
37,0.740000,6,gripper_r_finger2,1.234417,0.953616,-0.008191,1.269361,0.909982,0.010114,1.269361,0.909982,0.010114,0.058823,0.058823,0.059654,2
38,0.760000,1,gripper_l_palm,-1.087962,1.087421,0.298788,-1.106105,1.066943,0.317520,-1.106105,1.066943,0.317520,0.033157,0.033157,0.033630,6
38,0.760000,2,gripper_l_finger1,-1.313613,1.155860,0.310104,-1.333673,1.132828,0.330754,-1.333673,1.132828,0.330754,0.036869,0.036869,0.037220,4
38,0.760000,3,gripper_l_finger2,-1.227716,1.111573,0.308301,-1.246358,1.091573,0.327535,-1.246358,1.091573,0.327535,0.033428,0.033428,0.033774,2
38,0.760000,4,gripper_r_palm,1.026801,0.963163,0.057862,1.055295,0.930458,0.073757,1.055295,0.930458,0.073757,0.046196,0.046196,0.047406,6
38,0.760000,5,gripper_r_finger1,1.131342,0.902501,0.075955,1.157156,0.868618,0.091689,1.157156,0.868618,0.091689,0.045409,0.045409,0.046109,4
38,0.760000,6,gripper_r_finger2,1.245385,0.947785,0.006157,1.275170,0.911311,0.023515,1.275170,0.911311,0.023515,0.050188,0.050188,0.050894,2
39,0.780000,1,gripper_l_palm,-1.093487,1.074940,0.306736,-1.111585,1.053719,0.325088,-1.111585,1.053719,0.325088,0.033387,0.033387,0.033916,6
39,0.780000,2,gripper_l_finger1,-1.321249,1.140542,0.320160,-1.341218,1.116601,0.340366,-1.341218,1.116601,0.340366,0.037151,0.037151,0.037522,4
39,0.780000,3,gripper_l_finger2,-1.233801,1.099603,0.316802,-1.252488,1.078702,0.335705,-1.252488,1.078702,0.335705,0.033813,0.033813,0.034180,2
39,0.780000,4,gripper_r_palm,1.034405,0.963627,0.069193,1.058462,0.936858,0.084249,1.058462,0.936858,0.084249,0.039013,0.039013,0.040016,6
39,0.780000,5,gripper_r_finger1,1.135989,0.901755,0.087025,1.157367,0.874702,0.101125,1.157367,0.874702,0.101125,0.037252,0.037252,0.037828,4
39,0.780000,6,gripper_r_finger2,1.254357,0.944184,0.019034,1.279103,0.914710,0.034997,1.279103,0.914710,0.034997,0.041664,0.041664,0.042243,2
40,0.800000,1,gripper_l_palm,-1.098620,1.061793,0.313998,-1.116924,1.039467,0.331916,-1.116924,1.039467,0.331916,0.033979,0.033979,0.034572,6
40,0.800000,2,gripper_l_finger1,-1.328443,1.124372,0.329459,-1.348590,1.099114,0.349160,-1.348590,1.099114,0.349160,0.037842,0.037842,0.038237,4
40,0.800000,3,gripper_l_finger2,-1.239591,1.086789,0.324668,-1.258566,1.064593,0.343177,-1.258566,1.064593,0.343177,0.034573,0.034573,0.034965,2
40,0.800000,4,gripper_r_palm,1.040735,0.965196,0.079689,1.060607,0.943725,0.093338,1.060607,0.943725,0.093338,0.032284,0.032284,0.033097,6
40,0.800000,5,gripper_r_finger1,1.139375,0.903075,0.096411,1.156694,0.881972,0.108603,1.156694,0.881972,0.108603,0.029899,0.029899,0.030359,4
40,0.800000,6,gripper_r_finger2,1.261403,0.942846,0.030475,1.281526,0.919478,0.044533,1.281526,0.919478,0.044533,0.033891,0.033891,0.034353,2
41,0.820000,1,gripper_l_palm,-1.103441,1.047774,0.320492,-1.122108,1.024078,0.338025,-1.122108,1.024078,0.338025,0.034891,0.034891,0.035555,6
41,0.820000,2,gripper_l_finger1,-1.335296,1.107091,0.337913,-1.355784,1.080217,0.357164,-1.355784,1.080217,0.357164,0.038892,0.038892,0.039314,4
41,0.820000,3,gripper_l_finger2,-1.245161,1.072891,0.331811,-1.264575,1.049115,0.349969,-1.264575,1.049115,0.349969,0.035664,0.035664,0.036085,2
41,0.820000,4,gripper_r_palm,1.045745,0.967757,0.089310,1.061912,0.950634,0.101037,1.061912,0.950634,0.101037,0.026307,0.026307,0.026961,6
41,0.820000,5,gripper_r_finger1,1.141585,0.906082,0.104397,1.155368,0.889747,0.114430,1.155368,0.889747,0.114430,0.023611,0.023611,0.023974,4
41,0.820000,6,gripper_r_finger2,1.266655,0.943380,0.040508,1.282759,0.924972,0.052238,1.282759,0.924972,0.052238,0.027125,0.027125,0.027488,2
42,0.840000,1,gripper_l_palm,-1.107955,1.032757,0.326176,-1.127107,1.007442,0.343426,-1.127107,1.007442,0.343426,0.036127,0.036127,0.036869,6
42,0.840000,2,gripper_l_finger1,-1.341816,1.088537,0.345489,-1.362765,1.059761,0.364402,-1.362765,1.059761,0.364402,0.040307,0.040307,0.040758,4
42,0.840000,3,gripper_l_finger2,-1.250506,1.057761,0.338181,-1.270481,1.032142,0.356091,-1.270481,1.032142,0.356091,0.037097,0.037097,0.037547,2
42,0.840000,4,gripper_r_palm,1.049501,0.971064,0.098020,1.062544,0.957257,0.107425,1.062544,0.957257,0.107425,0.021195,0.021195,0.021727,6
42,0.840000,5,gripper_r_finger1,1.142728,0.910277,0.111234,1.153560,0.897462,0.118923,1.153560,0.897462,0.118923,0.018457,0.018457,0.018743,4
42,0.840000,6,gripper_r_finger2,1.270316,0.945315,0.049194,1.283072,0.930641,0.058307,1.283072,0.930641,0.058307,0.021473,0.021473,0.021759,2
43,0.860000,1,gripper_l_palm,-1.112104,1.016644,0.331024,-1.131875,0.989405,0.348119,-1.131875,0.989405,0.348119,0.037750,0.037750,0.038580,6
43,0.860000,2,gripper_l_finger1,-1.347947,1.068572,0.352171,-1.369485,1.037540,0.370891,-1.369485,1.037540,0.370891,0.042159,0.042159,0.042641,4
43,0.860000,3,gripper_l_finger2,-1.255572,1.041285,0.343750,-1.276245,1.013492,0.361548,-1.276245,1.013492,0.361548,0.038943,0.038943,0.039427,2
43,0.860000,4,gripper_r_palm,1.052136,0.974812,0.105803,1.062663,0.963339,0.112634,1.062663,0.963339,0.112634,0.017002,0.017002,0.017447,6
43,0.860000,5,gripper_r_finger1,1.142937,0.915119,0.117134,1.151396,0.904666,0.122374,1.151396,0.904666,0.122374,0.014432,0.014432,0.014663,4
43,0.860000,6,gripper_r_finger2,1.272617,0.948133,0.056636,1.282693,0.936030,0.062962,1.282693,0.936030,0.062962,0.016972,0.016972,0.017203,2
44,0.880000,1,gripper_l_palm,-1.115773,0.999331,0.334999,-1.136357,0.969712,0.352094,-1.136357,0.969712,0.352094,0.039915,0.039915,0.040849,6
44,0.880000,2,gripper_l_finger1,-1.353564,1.047075,0.357940,-1.375884,1.013224,0.376639,-1.375884,1.013224,0.376639,0.044651,0.044651,0.045168,4
44,0.880000,3,gripper_l_finger2,-1.260244,1.023331,0.348487,-1.281815,0.992875,0.366335,-1.281815,0.992875,0.366335,0.041369,0.041369,0.041890,2
44,0.880000,4,gripper_r_palm,1.053823,0.978638,0.112670,1.062512,0.968583,0.117018,1.062512,0.968583,0.117018,0.013983,0.013983,0.014368,6
44,0.880000,5,gripper_r_finger1,1.142353,0.920061,0.122262,1.149071,0.910950,0.125206,1.149071,0.910950,0.125206,0.011697,0.011697,0.011893,4
44,0.880000,6,gripper_r_finger2,1.273793,0.951278,0.062932,1.281904,0.940699,0.066622,1.281904,0.940699,0.066622,0.013832,0.013832,0.014028,2
45,0.900000,1,gripper_l_palm,-1.118754,0.980690,0.338018,-1.140481,0.947921,0.355317,-1.140481,0.947921,0.355317,0.042955,0.042955,0.044019,6
45,0.900000,2,gripper_l_finger1,-1.358458,1.023846,0.362734,-1.381884,0.986243,0.381634,-1.381884,0.986243,0.381634,0.048166,0.048166,0.048727,4
45,0.900000,3,gripper_l_finger2,-1.264323,1.003753,0.352320,-1.287127,0.969781,0.370430,-1.287127,0.969781,0.370430,0.044745,0.044745,0.045312,2
45,0.900000,4,gripper_r_palm,1.054741,0.982234,0.118731,1.062375,0.972715,0.120991,1.062375,0.972715,0.120991,0.012409,0.012409,0.012759,6
45,0.900000,5,gripper_r_finger1,1.141105,0.924677,0.126797,1.146863,0.915923,0.127910,1.146863,0.915923,0.127910,0.010537,0.010537,0.010729,0
45,0.900000,6,gripper_r_finger2,1.274068,0.954292,0.068264,1.281079,0.944197,0.069832,1.281079,0.944197,0.069832,0.012390,0.012390,0.012576,6
46,0.920000,1,gripper_l_palm,-1.120654,0.960602,0.339910,-1.144126,0.923207,0.357709,-1.144126,0.923207,0.357709,0.047604,0.047604,0.048838,6
46,0.920000,2,gripper_l_finger1,-1.362226,0.998611,0.366403,-1.387339,0.955600,0.385836,-1.387339,0.955600,0.385836,0.053461,0.053461,0.054078,4
46,0.920000,3,gripper_l_finger2,-1.267419,0.982360,0.355084,-1.292070,0.943310,0.373775,-1.292070,0.943310,0.373775,0.049819,0.049819,0.050444,2
46,0.920000,4,gripper_r_palm,1.055148,0.985397,0.124324,1.062378,0.975641,0.124752,1.062378,0.975641,0.124752,0.012150,0.012150,0.012493,2
46,0.920000,5,gripper_r_finger1,1.139448,0.928656,0.131152,1.144868,0.919416,0.130718,1.144868,0.919416,0.130718,0.010721,0.010721,0.010924,0
46,0.920000,6,gripper_r_finger2,1.273786,0.956802,0.073097,1.280383,0.946299,0.072858,1.280383,0.946299,0.072858,0.012406,0.012406,0.012604,6
47,0.940000,1,gripper_l_palm,-1.122439,0.935507,0.340130,-1.147005,0.893857,0.359074,-1.147005,0.893857,0.359074,0.051933,0.051933,0.053297,6
47,0.940000,2,gripper_l_finger1,-1.365801,0.967635,0.368445,-1.391802,0.919800,0.389147,-1.391802,0.919800,0.389147,0.058248,0.058248,0.058885,4
47,0.940000,3,gripper_l_finger2,-1.270513,0.955521,0.356264,-1.296371,0.911951,0.376245,-1.296371,0.911951,0.376245,0.054463,0.054463,0.055113,2
47,0.940000,4,gripper_r_palm,1.055291,0.987975,0.129756,1.062541,0.977434,0.128410,1.062541,0.977434,0.128410,0.012863,0.012863,0.013246,2
47,0.940000,5,gripper_r_finger1,1.137594,0.931774,0.135661,1.143043,0.921480,0.133728,1.143043,0.921480,0.133728,0.011806,0.011806,0.012023,0
47,0.940000,6,gripper_r_finger2,1.273228,0.958531,0.077798,1.279829,0.947000,0.075819,1.279829,0.947000,0.075819,0.013433,0.013433,0.013645,6
48,0.960000,1,gripper_l_palm,-1.125798,0.897393,0.338028,-1.148381,0.856529,0.358940,-1.148381,0.856529,0.358940,0.051159,0.051159,0.052481,6
48,0.960000,2,gripper_l_finger1,-1.370699,0.923103,0.368329,-1.394273,0.876452,0.391329,-1.394273,0.876452,0.391329,0.057106,0.057106,0.057672,4
48,0.960000,3,gripper_l_finger2,-1.275315,0.915413,0.355303,-1.299407,0.872838,0.377566,-1.299407,0.872838,0.377566,0.053747,0.053747,0.054329,2
48,0.960000,4,gripper_r_palm,1.055317,0.989883,0.135080,1.062835,0.978268,0.132036,1.062835,0.978268,0.132036,0.014167,0.014167,0.014589,2
48,0.960000,5,gripper_r_finger1,1.135628,0.933928,0.140361,1.141299,0.922311,0.136971,1.141299,0.922311,0.136971,0.013364,0.013364,0.013595,0
48,0.960000,6,gripper_r_finger2,1.272535,0.959320,0.082426,1.279369,0.946451,0.078772,1.279369,0.946451,0.078772,0.015023,0.015023,0.015250,6
49,0.980000,1,gripper_l_palm,-1.126262,0.853643,0.341282,-1.147482,0.811539,0.357562,-1.147482,0.811539,0.357562,0.049881,0.049881,0.051262,6
49,0.980000,2,gripper_l_finger1,-1.372230,0.873312,0.373877,-1.394168,0.825335,0.391949,-1.394168,0.825335,0.391949,0.055764,0.055764,0.056338,4
49,0.980000,3,gripper_l_finger2,-1.277448,0.869782,0.360025,-1.300220,0.823851,0.377618,-1.300220,0.823851,0.377618,0.054201,0.054201,0.054791,2
49,0.980000,4,gripper_r_palm,1.055205,0.991193,0.140113,1.063244,0.978330,0.135708,1.063244,0.978330,0.135708,0.015795,0.015795,0.016255,2
49,0.980000,5,gripper_r_finger1,1.133470,0.935216,0.145033,1.139587,0.922147,0.140479,1.139587,0.922147,0.140479,0.015132,0.015132,0.015379,0
49,0.980000,6,gripper_r_finger2,1.271665,0.959218,0.086789,1.278986,0.944831,0.081814,1.278986,0.944831,0.081814,0.016892,0.016892,0.017136,6
50,1.000000,1,gripper_l_palm,-1.119829,0.822250,0.354320,-1.144107,0.767427,0.357190,-1.144107,0.767427,0.357190,0.060027,0.060027,0.061840,6
50,1.000000,2,gripper_l_finger1,-1.366595,0.835767,0.388748,-1.391630,0.771707,0.392006,-1.391630,0.771707,0.392006,0.068855,0.068855,0.069564,4
50,1.000000,3,gripper_l_finger2,-1.272617,0.834297,0.374414,-1.297385,0.770796,0.377715,-1.297385,0.770796,0.377715,0.068240,0.068240,0.068949,2
50,1.000000,4,gripper_r_palm,1.055082,0.991865,0.144860,1.063742,0.977794,0.139475,1.063742,0.977794,0.139475,0.017378,0.017378,0.017871,2
50,1.000000,5,gripper_r_finger1,1.131218,0.935648,0.149632,1.137871,0.921230,0.144246,1.137871,0.921230,0.144246,0.016768,0.016768,0.017029,0
50,1.000000,6,gripper_r_finger2,1.270746,0.958185,0.090908,1.278638,0.942372,0.084982,1.278638,0.942372,0.084982,0.018640,0.018640,0.018900,6
51,1.020000,1,gripper_l_palm,-1.118205,0.787762,0.365294,-1.139696,0.734149,0.358748,-1.139696,0.734149,0.358748,0.058130,0.058130,0.059609,6
51,1.020000,2,gripper_l_finger1,-1.365743,0.791843,0.400063,-1.387403,0.730168,0.393407,-1.387403,0.730168,0.393407,0.065706,0.065706,0.066224,4
51,1.020000,3,gripper_l_finger2,-1.271425,0.790923,0.385818,-1.292380,0.728847,0.379427,-1.292380,0.728847,0.379427,0.065828,0.065828,0.066337,2
51,1.020000,4,gripper_r_palm,1.055116,0.991846,0.149440,1.064304,0.976813,0.143362,1.064304,0.976813,0.143362,0.018637,0.018637,0.019160,2
51,1.020000,5,gripper_r_finger1,1.129029,0.935239,0.154223,1.136128,0.919784,0.148247,1.136128,0.919784,0.148247,0.018027,0.018027,0.018302,0
51,1.020000,6,gripper_r_finger2,1.269928,0.956225,0.094892,1.278290,0.939292,0.088295,1.278290,0.939292,0.088295,0.020004,0.020004,0.020277,6
52,1.040000,1,gripper_l_palm,-1.124103,0.748304,0.370230,-1.136557,0.715533,0.361748,-1.136557,0.715533,0.361748,0.036070,0.036070,0.036894,6
52,1.040000,2,gripper_l_finger1,-1.371794,0.744003,0.404824,-1.384129,0.706699,0.396192,-1.384129,0.706699,0.396192,0.040228,0.040228,0.040490,4
52,1.040000,3,gripper_l_finger2,-1.276704,0.742599,0.390908,-1.288377,0.703879,0.382645,-1.288377,0.703879,0.382645,0.041276,0.041276,0.041527,2
52,1.040000,4,gripper_r_palm,1.055291,0.991267,0.153857,1.064913,0.975513,0.147388,1.064913,0.975513,0.147388,0.019561,0.019561,0.020108,2
52,1.040000,5,gripper_r_finger1,1.126891,0.934194,0.158761,1.134353,0.917999,0.152457,1.134353,0.917999,0.152457,0.018913,0.018913,0.019198,0
52,1.040000,6,gripper_r_finger2,1.269186,0.953537,0.098736,1.277922,0.935783,0.091766,1.277922,0.935783,0.091766,0.020979,0.020979,0.021263,6
53,1.060000,1,gripper_l_palm,-1.130084,0.724337,0.373719,-1.135518,0.709428,0.365226,-1.135518,0.709428,0.365226,0.017999,0.017999,0.018294,6
53,1.060000,2,gripper_l_finger1,-1.377643,0.715321,0.408109,-1.382979,0.698645,0.399605,-1.382979,0.698645,0.399605,0.019465,0.019465,0.019549,4
53,1.060000,3,gripper_l_finger2,-1.281848,0.712289,0.394633,-1.286765,0.693563,0.386534,-1.286765,0.693563,0.386534,0.020986,0.020986,0.021063,2
53,1.060000,4,gripper_r_palm,1.055590,0.990252,0.158146,1.065560,0.973995,0.151576,1.065560,0.973995,0.151576,0.020171,0.020171,0.020740,2
53,1.060000,5,gripper_r_finger1,1.124798,0.932697,0.163236,1.132548,0.916030,0.156856,1.132548,0.916030,0.156856,0.019457,0.019457,0.019751,0
53,1.060000,6,gripper_r_finger2,1.268500,0.950309,0.102472,1.277522,0.932004,0.095412,1.277522,0.932004,0.095412,0.021594,0.021594,0.021887,6
54,1.080000,1,gripper_l_palm,-1.135834,0.714088,0.375540,-1.136322,0.712629,0.368334,-1.136322,0.712629,0.368334,0.007368,0.007368,0.007398,1
54,1.080000,2,gripper_l_finger1,-1.383294,0.703322,0.409889,-1.383779,0.702035,0.402896,-1.383779,0.702035,0.402896,0.007126,0.007126,0.007148,3
54,1.080000,3,gripper_l_finger2,-1.287074,0.697991,0.396886,-1.287511,0.694282,0.390280,-1.287511,0.694282,0.390280,0.007588,0.007588,0.007610,5
54,1.080000,4,gripper_r_palm,1.059087,0.982603,0.154677,1.066902,0.972408,0.155567,1.066902,0.972408,0.155567,0.012877,0.012877,0.013171,2
54,1.080000,5,gripper_r_finger1,1.125980,0.924649,0.159938,1.132860,0.914580,0.160675,1.132860,0.914580,0.160675,0.012217,0.012217,0.012397,0
54,1.080000,6,gripper_r_finger2,1.271028,0.940512,0.098519,1.278640,0.929359,0.099453,1.278640,0.929359,0.099453,0.013536,0.013536,0.013716,6
55,1.100000,1,gripper_l_palm,-1.141329,0.714259,0.375918,-1.138316,0.722251,0.370548,-1.138316,0.722251,0.370548,0.010089,0.010089,0.010285,6
55,1.100000,2,gripper_l_finger1,-1.388792,0.703821,0.410488,-1.385834,0.713324,0.405512,-1.385834,0.713324,0.405512,0.011128,0.011128,0.011190,4
55,1.100000,3,gripper_l_finger2,-1.292558,0.695806,0.397915,-1.289935,0.702783,0.393296,-1.289935,0.702783,0.393296,0.008769,0.008769,0.008833,2
55,1.100000,4,gripper_r_palm,1.063710,0.974122,0.149923,1.068913,0.970906,0.159474,1.068913,0.970906,0.159474,0.011342,0.011342,0.011589,2
55,1.100000,5,gripper_r_finger1,1.129700,0.916358,0.154977,1.135211,0.913765,0.164016,1.135211,0.913765,0.164016,0.010900,0.010900,0.011052,0
55,1.100000,6,gripper_r_finger2,1.275504,0.931082,0.093869,1.281253,0.927941,0.103972,1.281253,0.927941,0.103972,0.012042,0.012042,0.012195,6
56,1.120000,1,gripper_l_palm,-1.146293,0.721770,0.375414,-1.140821,0.735902,0.371674,-1.140821,0.735902,0.371674,0.015609,0.015609,0.015997,6
56,1.120000,2,gripper_l_finger1,-1.393816,0.713086,0.410418,-1.388399,0.729578,0.407142,-1.388399,0.729578,0.407142,0.017665,0.017665,0.017791,4
56,1.120000,3,gripper_l_finger2,-1.297982,0.702292,0.398215,-1.293196,0.716356,0.395268,-1.293196,0.716356,0.395268,0.015145,0.015145,0.015273,2
56,1.120000,4,gripper_r_palm,1.066100,0.971832,0.152016,1.071006,0.969765,0.163788,1.071006,0.969765,0.163788,0.012919,0.012919,0.013179,2
56,1.120000,5,gripper_r_finger1,1.132440,0.914780,0.156491,1.137755,0.913544,0.167583,1.137755,0.913544,0.167583,0.012361,0.012361,0.012511,0
56,1.120000,6,gripper_r_finger2,1.278502,0.928896,0.096573,1.284010,0.927117,0.108909,1.284010,0.927117,0.108909,0.013626,0.013626,0.013777,6
57,1.140000,1,gripper_l_palm,-1.150352,0.734106,0.374423,-1.143297,0.751625,0.371759,-1.143297,0.751625,0.371759,0.019072,0.019072,0.019555,6
57,1.140000,2,gripper_l_finger1,-1.397932,0.728073,0.409936,-1.390887,0.748389,0.407710,-1.390887,0.748389,0.407710,0.021618,0.021618,0.021782,4
57,1.140000,3,gripper_l_finger2,-1.302811,0.714623,0.398067,-1.296564,0.732761,0.396124,-1.296564,0.732761,0.396124,0.019282,0.019282,0.019445,2
57,1.140000,4,gripper_r_palm,1.067966,0.971172,0.155401,1.073081,0.969307,0.168745,1.073081,0.969307,0.168745,0.014412,0.014412,0.014664,2
57,1.140000,5,gripper_r_finger1,1.134748,0.915074,0.159103,1.140191,0.914354,0.171525,1.140191,0.914354,0.171525,0.013580,0.013580,0.013723,0
57,1.140000,6,gripper_r_finger2,1.281027,0.928575,0.100570,1.286692,0.927195,0.114377,1.286692,0.927195,0.114377,0.014987,0.014987,0.015131,6
58,1.160000,1,gripper_l_palm,-1.153200,0.749221,0.373138,-1.145397,0.767788,0.371005,-1.145397,0.767788,0.371005,0.020253,0.020253,0.020763,6
58,1.160000,2,gripper_l_finger1,-1.400784,0.746285,0.409123,-1.392930,0.767743,0.407319,-1.392930,0.767743,0.407319,0.022921,0.022921,0.023103,4
58,1.160000,3,gripper_l_finger2,-1.306547,0.730467,0.397546,-1.299515,0.750100,0.395969,-1.299515,0.750100,0.395969,0.020913,0.020913,0.021094,2
58,1.160000,4,gripper_r_palm,1.069758,0.971222,0.159024,1.075154,0.969620,0.174452,1.075154,0.969620,0.174452,0.016423,0.016423,0.016668,2
58,1.160000,5,gripper_r_finger1,1.136894,0.916433,0.161680,1.142550,0.916388,0.175887,1.142550,0.916388,0.175887,0.015291,0.015291,0.015425,0
58,1.160000,6,gripper_r_finger2,1.283422,0.929188,0.104692,1.289327,0.928339,0.120480,1.289327,0.928339,0.120480,0.016877,0.016877,0.017013,6
59,1.180000,1,gripper_l_palm,-1.154682,0.765351,0.371670,-1.146955,0.782983,0.369700,-1.146955,0.782983,0.369700,0.019352,0.019352,0.019838,6
59,1.180000,2,gripper_l_finger1,-1.402205,0.765585,0.408002,-1.394375,0.785911,0.406208,-1.394375,0.785911,0.406208,0.021856,0.021856,0.022037,4
59,1.180000,3,gripper_l_finger2,-1.308865,0.747796,0.396663,-1.301764,0.766722,0.395038,-1.301764,0.766722,0.395038,0.020280,0.020280,0.020459,2
59,1.180000,4,gripper_r_palm,1.071532,0.971932,0.163011,1.077271,0.970622,0.180996,1.077271,0.970622,0.180996,0.018923,0.018923,0.019167,2
59,1.180000,5,gripper_r_finger1,1.138952,0.918912,0.164290,1.144918,0.919630,0.180742,1.144918,0.919630,0.180742,0.017516,0.017516,0.017644,0
59,1.180000,6,gripper_r_finger2,1.285757,0.930760,0.109068,1.291989,0.930504,0.127332,1.291989,0.930504,0.127332,0.019301,0.019301,0.019433,6
60,1.200000,1,gripper_l_palm,-1.154935,0.780740,0.370108,-1.147975,0.796028,0.368163,-1.147975,0.796028,0.368163,0.016909,0.016909,0.017336,6
60,1.200000,2,gripper_l_finger1,-1.402343,0.783907,0.406617,-1.395261,0.801494,0.404676,-1.395261,0.801494,0.404676,0.019058,0.019058,0.019223,4
60,1.200000,3,gripper_l_finger2,-1.309788,0.764621,0.395452,-1.303251,0.781283,0.393620,-1.303251,0.781283,0.393620,0.017991,0.017991,0.018154,2
60,1.200000,4,gripper_r_palm,1.073310,0.973263,0.167608,1.079490,0.972145,0.188490,1.079490,0.972145,0.188490,0.021806,0.021806,0.022059,2
60,1.200000,5,gripper_r_finger1,1.140982,0.922536,0.167170,1.147405,0.923937,0.186244,1.147405,0.923937,0.186244,0.020175,0.020175,0.020304,0
60,1.200000,6,gripper_r_finger2,1.288082,0.933286,0.113970,1.294777,0.933521,0.135105,1.294777,0.933521,0.135105,0.022171,0.022171,0.022305,6
61,1.220000,1,gripper_l_palm,-1.154108,0.794089,0.368369,-1.148551,0.805904,0.366713,-1.148551,0.805904,0.366713,0.013162,0.013162,0.013496,6
61,1.220000,2,gripper_l_finger1,-1.401382,0.799736,0.404874,-1.395716,0.813290,0.403080,-1.395716,0.813290,0.403080,0.014800,0.014800,0.014933,4
61,1.220000,3,gripper_l_finger2,-1.309404,0.779483,0.393810,-1.304050,0.792646,0.392049,-1.304050,0.792646,0.392049,0.014319,0.014319,0.014450,2
61,1.220000,4,gripper_r_palm,1.075093,0.975118,0.172943,1.081878,0.973977,0.197100,1.081878,0.973977,0.197100,0.025118,0.025118,0.025389,2
61,1.220000,5,gripper_r_finger1,1.143036,0.927230,0.170485,1.150098,0.929156,0.192579,1.150098,0.929156,0.192579,0.023275,0.023275,0.023410,0
61,1.220000,6,gripper_r_finger2,1.290438,0.936666,0.119585,1.297779,0.937177,0.144007,1.297779,0.937177,0.144007,0.025506,0.025506,0.025647,6
62,1.240000,1,gripper_l_palm,-1.152850,0.803399,0.366659,-1.148787,0.811805,0.365641,-1.148787,0.811805,0.365641,0.009391,0.009391,0.009644,6
62,1.240000,2,gripper_l_finger1,-1.400007,0.810914,0.403013,-1.395864,0.820546,0.401758,-1.395864,0.820546,0.401758,0.010560,0.010560,0.010662,4
62,1.240000,3,gripper_l_finger2,-1.308351,0.790278,0.391958,-1.304309,0.800020,0.390652,-1.304309,0.800020,0.390652,0.010627,0.010627,0.010728,2
62,1.240000,4,gripper_r_palm,1.076854,0.977365,0.179026,1.084500,0.975879,0.207042,1.084500,0.975879,0.207042,0.029079,0.029079,0.029378,2
62,1.240000,5,gripper_r_finger1,1.145107,0.932931,0.174267,1.153074,0.935166,0.199970,1.153074,0.935166,0.199970,0.027002,0.027002,0.027147,0
62,1.240000,6,gripper_r_finger2,1.292818,0.940769,0.125965,1.301075,0.941248,0.154292,1.301075,0.941248,0.154292,0.029510,0.029510,0.029663,6
63,1.260000,1,gripper_l_palm,-1.151506,0.807671,0.365411,-1.148770,0.813226,0.365117,-1.148770,0.813226,0.365117,0.006199,0.006199,0.006377,6
63,1.260000,2,gripper_l_finger1,-1.398577,0.816497,0.401512,-1.395795,0.822860,0.400920,-1.395795,0.822860,0.400920,0.006969,0.006969,0.007042,4
63,1.260000,3,gripper_l_finger2,-1.307015,0.796019,0.390376,-1.304167,0.802857,0.389675,-1.304167,0.802857,0.389675,0.007440,0.007440,0.007511,2
63,1.260000,4,gripper_r_palm,1.078733,0.979701,0.188062,1.087345,0.976979,0.217779,1.087345,0.976979,0.217779,0.031060,0.031060,0.031384,2
63,1.260000,5,gripper_r_finger1,1.147343,0.939410,0.180737,1.156288,0.940834,0.208117,1.156288,0.940834,0.208117,0.028840,0.028840,0.028989,0
63,1.260000,6,gripper_r_finger2,1.295374,0.945287,0.135364,1.304634,0.944592,0.165471,1.304634,0.944592,0.165471,0.031506,0.031506,0.031665,6
64,1.280000,1,gripper_l_palm,-1.149686,0.807575,0.364908,-1.148520,0.809846,0.365214,-1.148520,0.809846,0.365214,0.002571,0.002571,0.002648,6
64,1.280000,2,gripper_l_finger1,-1.396709,0.817247,0.400695,-1.395537,0.819873,0.400702,-1.395537,0.819873,0.400702,0.002876,0.002876,0.002909,4
64,1.280000,3,gripper_l_finger2,-1.305063,0.797310,0.389421,-1.303704,0.800589,0.389304,-1.303704,0.800589,0.389304,0.003551,0.003551,0.003584,2
64,1.280000,4,gripper_r_palm,1.080797,0.981200,0.200141,1.090324,0.976048,0.228083,1.090324,0.976048,0.228083,0.029968,0.029968,0.030336,2
64,1.280000,5,gripper_r_finger1,1.149777,0.945437,0.190260,1.159630,0.944082,0.216269,1.159630,0.944082,0.216269,0.027846,0.027846,0.028025,0
64,1.280000,6,gripper_r_finger2,1.298150,0.948986,0.147913,1.308337,0.945347,0.176373,1.308337,0.945347,0.176373,0.030446,0.030446,0.030635,6
65,1.300000,1,gripper_l_palm,-1.146817,0.804494,0.365273,-1.147989,0.801823,0.365911,-1.147989,0.801823,0.365911,0.002986,0.002986,0.003043,6
65,1.300000,2,gripper_l_finger1,-1.393841,0.814486,0.400752,-1.395069,0.811456,0.401144,-1.395069,0.811456,0.401144,0.003293,0.003293,0.003320,4
65,1.300000,3,gripper_l_finger2,-1.301977,0.795273,0.389328,-1.302907,0.792944,0.389626,-1.302907,0.792944,0.389626,0.002525,0.002525,0.002552,2
65,1.300000,4,gripper_r_palm,1.082960,0.980700,0.211985,1.093450,0.973116,0.237963,1.093450,0.973116,0.237963,0.029024,0.029024,0.029450,2
65,1.300000,5,gripper_r_finger1,1.152305,0.949081,0.199991,1.163132,0.944928,0.224374,1.163132,0.944928,0.224374,0.027001,0.027001,0.027218,0
65,1.300000,6,gripper_r_finger2,1.301041,0.950119,0.160371,1.312209,0.943547,0.186993,1.312209,0.943547,0.186993,0.029608,0.029608,0.029834,6
66,1.320000,1,gripper_l_palm,-1.142102,0.801569,0.366183,-1.147147,0.790425,0.367055,-1.147147,0.790425,0.367055,0.012264,0.012264,0.012606,6
66,1.320000,2,gripper_l_finger1,-1.389198,0.811030,0.401421,-1.394404,0.798215,0.402165,-1.394404,0.798215,0.402165,0.013853,0.013853,0.013991,4
66,1.320000,3,gripper_l_finger2,-1.296986,0.792600,0.389882,-1.301718,0.780586,0.390567,-1.301718,0.780586,0.390567,0.012931,0.012931,0.013067,2
66,1.320000,4,gripper_r_palm,1.085303,0.978177,0.222986,1.096661,0.968430,0.247437,1.096661,0.968430,0.247437,0.028668,0.028668,0.029150,2
66,1.320000,5,gripper_r_finger1,1.155024,0.950308,0.209245,1.166730,0.943700,0.232360,1.166730,0.943700,0.232360,0.026740,0.026740,0.026993,0
66,1.320000,6,gripper_r_finger2,1.304130,0.948683,0.172117,1.316172,0.939523,0.197297,1.316172,0.939523,0.197297,0.029376,0.029376,0.029636,6
67,1.340000,1,gripper_l_palm,-1.138089,0.796221,0.367816,-1.146086,0.778297,0.368392,-1.146086,0.778297,0.368392,0.019635,0.019635,0.020187,6
67,1.340000,2,gripper_l_finger1,-1.385367,0.803712,0.402933,-1.393566,0.782893,0.403473,-1.393566,0.782893,0.403473,0.022381,0.022381,0.022595,4
67,1.340000,3,gripper_l_finger2,-1.292616,0.786167,0.391328,-1.300179,0.766169,0.391860,-1.300179,0.766169,0.391860,0.021387,0.021387,0.021597,2
67,1.340000,4,gripper_r_palm,1.087834,0.973860,0.233407,1.099870,0.962262,0.256466,1.099870,0.962262,0.256466,0.028480,0.028480,0.029011,2
67,1.340000,5,gripper_r_finger1,1.157942,0.949424,0.218200,1.170331,0.940723,0.240127,1.170331,0.940723,0.240127,0.026646,0.026646,0.026929,0
67,1.340000,6,gripper_r_finger2,1.307413,0.944987,0.183371,1.320119,0.933616,0.207205,1.320119,0.933616,0.207205,0.029306,0.029306,0.029595,6
68,1.360000,1,gripper_l_palm,-1.137694,0.785757,0.370402,-1.145068,0.768819,0.369633,-1.145068,0.768819,0.369633,0.018489,0.018489,0.018959,6
68,1.360000,2,gripper_l_finger1,-1.385188,0.790093,0.405471,-1.392685,0.770647,0.404588,-1.392685,0.770647,0.404588,0.020859,0.020859,0.021035,4
68,1.360000,3,gripper_l_finger2,-1.291739,0.773408,0.393874,-1.298639,0.754339,0.393091,-1.298639,0.754339,0.393091,0.020294,0.020294,0.020465,2
68,1.360000,4,gripper_r_palm,1.090503,0.967997,0.243256,1.102987,0.954893,0.264995,1.102987,0.954893,0.264995,0.028287,0.028287,0.028859,2
68,1.360000,5,gripper_r_finger1,1.161001,0.946733,0.226807,1.173834,0.936323,0.247574,1.173834,0.936323,0.247574,0.026539,0.026539,0.026846,0
68,1.360000,6,gripper_r_finger2,1.310816,0.939353,0.194098,1.323938,0.926179,0.216625,1.323938,0.926179,0.216625,0.029210,0.029210,0.029519,6
69,1.380000,1,gripper_l_palm,-1.139980,0.774965,0.372980,-1.144520,0.764366,0.370441,-1.144520,0.764366,0.370441,0.011807,0.011807,0.012071,6
69,1.380000,2,gripper_l_finger1,-1.387604,0.776636,0.407903,-1.392206,0.764530,0.405145,-1.392206,0.764530,0.405145,0.013242,0.013242,0.013337,4
69,1.380000,3,gripper_l_finger2,-1.293508,0.760316,0.396437,-1.297631,0.748087,0.393871,-1.297631,0.748087,0.393871,0.013158,0.013158,0.013247,2
69,1.380000,4,gripper_r_palm,1.093239,0.960854,0.252531,1.105931,0.946597,0.272965,1.105931,0.946597,0.272965,0.027963,0.027963,0.028565,2
69,1.380000,5,gripper_r_finger1,1.164122,0.942544,0.235019,1.177154,0.930806,0.254611,1.177154,0.930806,0.254611,0.026295,0.026295,0.026616,0
69,1.380000,6,gripper_r_finger2,1.314250,0.932116,0.204259,1.327531,0.917550,0.225465,1.327531,0.917550,0.225465,0.028952,0.028952,0.029275,6
70,1.400000,1,gripper_l_palm,-1.143344,0.768369,0.374463,-1.144609,0.765365,0.370618,-1.144609,0.765365,0.370618,0.005041,0.005041,0.005100,7
70,1.400000,2,gripper_l_finger1,-1.391034,0.768495,0.409120,-1.392333,0.765136,0.404974,-1.392333,0.765136,0.404974,0.005492,0.005492,0.005506,6
70,1.400000,3,gripper_l_finger2,-1.296426,0.751999,0.397885,-1.297411,0.748112,0.393984,-1.297411,0.748112,0.393984,0.005594,0.005594,0.005611,0
70,1.400000,4,gripper_r_palm,1.095973,0.952695,0.261211,1.108639,0.937635,0.280324,1.108639,0.937635,0.280324,0.027433,0.027433,0.028055,2
70,1.400000,5,gripper_r_finger1,1.167230,0.937148,0.242777,1.180222,0.924453,0.261159,1.180222,0.924453,0.261159,0.025843,0.025843,0.026170,0
70,1.400000,6,gripper_r_finger2,1.317627,0.923604,0.213804,1.330820,0.908050,0.233650,1.330820,0.908050,0.233650,0.028458,0.028458,0.028786,6
71,1.420000,1,gripper_l_palm,-1.146799,0.767315,0.374580,-1.145206,0.770921,0.370120,-1.145206,0.770921,0.370120,0.005952,0.005952,0.006089,6
71,1.420000,2,gripper_l_finger1,-1.394526,0.767149,0.408880,-1.392951,0.771376,0.404073,-1.392951,0.771376,0.404073,0.006592,0.006592,0.006631,4
71,1.420000,3,gripper_l_finger2,-1.299588,0.750047,0.397932,-1.297870,0.753507,0.393381,-1.297870,0.753507,0.393381,0.005969,0.005969,0.006011,2
71,1.420000,4,gripper_r_palm,1.098645,0.943771,0.269267,1.111066,0.928253,0.287027,1.111066,0.928253,0.287027,0.026655,0.026655,0.027284,2
71,1.420000,5,gripper_r_finger1,1.170260,0.930817,0.250031,1.182987,0.917525,0.267159,1.182987,0.917525,0.267159,0.025140,0.025140,0.025468,0
71,1.420000,6,gripper_r_finger2,1.320873,0.914127,0.222679,1.333751,0.897980,0.241115,1.333751,0.897980,0.241115,0.027684,0.027684,0.028011,6
72,1.440000,1,gripper_l_palm,-1.149701,0.771331,0.373550,-1.146040,0.779533,0.369037,-1.146040,0.779533,0.369037,0.010052,0.010052,0.010324,6
72,1.440000,2,gripper_l_finger1,-1.397445,0.771917,0.407445,-1.393779,0.781399,0.402561,-1.393779,0.781399,0.402561,0.011278,0.011278,0.011372,4
72,1.440000,3,gripper_l_finger2,-1.302363,0.753963,0.396791,-1.298690,0.762612,0.392142,-1.298690,0.762612,0.392142,0.010484,0.010484,0.010581,2
72,1.440000,4,gripper_r_palm,1.101211,0.934317,0.276677,1.113184,0.918691,0.293045,1.113184,0.918691,0.293045,0.025602,0.025602,0.026226,2
72,1.440000,5,gripper_r_finger1,1.173162,0.923803,0.256745,1.185419,0.910264,0.272565,1.185419,0.910264,0.272565,0.024162,0.024162,0.024483,0
72,1.440000,6,gripper_r_finger2,1.323935,0.903975,0.230840,1.336291,0.887629,0.247815,1.336291,0.887629,0.247815,0.026608,0.026608,0.026927,6
73,1.460000,1,gripper_l_palm,-1.151679,0.778992,0.371779,-1.146852,0.789556,0.367559,-1.146852,0.789556,0.367559,0.012358,0.012358,0.012698,6
73,1.460000,2,gripper_l_finger1,-1.399415,0.781021,0.405245,-1.394553,0.793185,0.400633,-1.394553,0.793185,0.400633,0.013887,0.013887,0.014010,4
73,1.460000,3,gripper_l_finger2,-1.304332,0.762159,0.394857,-1.299535,0.773580,0.390436,-1.299535,0.773580,0.390436,0.013153,0.013153,0.013278,2
73,1.460000,4,gripper_r_palm,1.103648,0.924560,0.283423,1.114984,0.909177,0.298357,1.114984,0.909177,0.298357,0.024252,0.024252,0.024860,2
73,1.460000,5,gripper_r_finger1,1.175911,0.916334,0.262887,1.187502,0.902901,0.277349,1.187502,0.902901,0.277349,0.022890,0.022890,0.023197,0
73,1.460000,6,gripper_r_finger2,1.326787,0.893423,0.238256,1.338428,0.877275,0.253722,1.338428,0.877275,0.253722,0.025208,0.025208,0.025513,6
74,1.480000,1,gripper_l_palm,-1.152643,0.788458,0.369656,-1.147488,0.799446,0.365921,-1.147488,0.799446,0.365921,0.012699,0.012699,0.013051,6
74,1.480000,2,gripper_l_finger1,-1.400338,0.792254,0.402676,-1.395124,0.804875,0.398523,-1.395124,0.804875,0.398523,0.014273,0.014273,0.014405,4
74,1.480000,3,gripper_l_finger2,-1.305327,0.772595,0.392497,-1.300178,0.784687,0.388482,-1.300178,0.784687,0.388482,0.013742,0.013742,0.013876,2
74,1.480000,4,gripper_r_palm,1.105953,0.914715,0.289499,1.116469,0.899941,0.302961,1.116469,0.899941,0.302961,0.022585,0.022585,0.023162,2
74,1.480000,5,gripper_r_finger1,1.178495,0.908625,0.268442,1.189238,0.895661,0.281497,1.189238,0.895661,0.281497,0.021305,0.021305,0.021592,0
74,1.480000,6,gripper_r_finger2,1.329422,0.882736,0.244916,1.340171,0.867196,0.258825,1.340171,0.867196,0.258825,0.023463,0.023463,0.023747,6
75,1.500000,1,gripper_l_palm,-1.152550,0.798119,0.367402,-1.147892,0.807791,0.364380,-1.147892,0.807791,0.364380,0.011152,0.011152,0.011466,6
75,1.500000,2,gripper_l_finger1,-1.400179,0.803693,0.399955,-1.395455,0.814774,0.396499,-1.395455,0.814774,0.396499,0.012532,0.012532,0.012652,4
75,1.500000,3,gripper_l_finger2,-1.305232,0.783484,0.389917,-1.300506,0.794369,0.386528,-1.300506,0.794369,0.386528,0.012341,0.012341,0.012462,2
75,1.500000,4,gripper_r_palm,1.108137,0.904992,0.294906,1.117658,0.891210,0.306864,1.117658,0.891210,0.306864,0.020581,0.020581,0.021113,2
75,1.500000,5,gripper_r_finger1,1.180926,0.900882,0.273401,1.190640,0.888764,0.285010,1.190640,0.888764,0.285010,0.019391,0.019391,0.019651,0
75,1.500000,6,gripper_r_finger2,1.331856,0.872174,0.250812,1.341543,0.857668,0.263130,1.341543,0.857668,0.263130,0.021353,0.021353,0.021610,6
76,1.520000,1,gripper_l_palm,-1.151405,0.806634,0.365140,-1.148073,0.813385,0.363174,-1.148073,0.813385,0.363174,0.007781,0.007781,0.008006,6
76,1.520000,2,gripper_l_finger1,-1.398963,0.813716,0.397218,-1.395585,0.821413,0.394829,-1.395585,0.821413,0.394829,0.008739,0.008739,0.008826,4
76,1.520000,3,gripper_l_finger2,-1.304002,0.793332,0.387235,-1.300506,0.801256,0.384826,-1.300506,0.801256,0.384826,0.008989,0.008989,0.009077,2
76,1.520000,4,gripper_r_palm,1.110224,0.895604,0.299657,1.118579,0.883209,0.310086,1.118579,0.883209,0.310086,0.018227,0.018227,0.018699,2
76,1.520000,5,gripper_r_finger1,1.183222,0.893312,0.277768,1.191736,0.882427,0.287902,1.191736,0.882427,0.287902,0.017136,0.017136,0.017364,0
76,1.520000,6,gripper_r_finger2,1.334120,0.861997,0.255955,1.342583,0.848965,0.266655,1.342583,0.848965,0.266655,0.018867,0.018867,0.019091,6
77,1.540000,1,gripper_l_palm,-1.149514,0.812763,0.363195,-1.148078,0.815571,0.362441,-1.148078,0.815571,0.362441,0.003243,0.003243,0.003352,6
77,1.540000,2,gripper_l_finger1,-1.397025,0.820828,0.394820,-1.395583,0.823987,0.393676,-1.395583,0.823987,0.393676,0.003656,0.003656,0.003699,4
77,1.540000,3,gripper_l_finger2,-1.301920,0.800733,0.384793,-1.300231,0.804503,0.383564,-1.300231,0.804503,0.383564,0.004310,0.004310,0.004351,2
77,1.540000,4,gripper_r_palm,1.112233,0.886773,0.303769,1.119271,0.876142,0.312662,1.119271,0.876142,0.312662,0.015545,0.015545,0.015944,2
77,1.540000,5,gripper_r_finger1,1.185403,0.886131,0.281556,1.192562,0.876853,0.290199,1.192562,0.876853,0.290199,0.014561,0.014561,0.014751,0
77,1.540000,6,gripper_r_finger2,1.336244,0.852478,0.260361,1.343341,0.841339,0.269439,1.343341,0.841339,0.269439,0.016026,0.016026,0.016213,6
78,1.560000,1,gripper_l_palm,-1.147414,0.815747,0.362023,-1.147953,0.814535,0.362164,-1.147953,0.814535,0.362164,0.001334,0.001334,0.001381,2
78,1.560000,2,gripper_l_finger1,-1.394923,0.824136,0.393236,-1.395505,0.822649,0.393041,-1.395505,0.822649,0.393041,0.001609,0.001609,0.001629,4
78,1.560000,3,gripper_l_finger2,-1.299534,0.804736,0.383099,-1.299762,0.804072,0.382800,-1.299762,0.804072,0.382800,0.000763,0.000763,0.000788,2
78,1.560000,4,gripper_r_palm,1.114161,0.878734,0.307253,1.119777,0.870164,0.314642,1.119777,0.870164,0.314642,0.012632,0.012632,0.012947,2
78,1.560000,5,gripper_r_finger1,1.187460,0.879569,0.284768,1.193160,0.872199,0.291946,1.193160,0.872199,0.291946,0.011761,0.011761,0.011909,0
78,1.560000,6,gripper_r_finger2,1.338234,0.843897,0.264044,1.343875,0.834986,0.271538,1.343875,0.834986,0.271538,0.012938,0.012938,0.013084,6
79,1.580000,1,gripper_l_palm,-1.145720,0.815556,0.361892,-1.147732,0.811325,0.362208,-1.147732,0.811325,0.362208,0.004695,0.004695,0.004813,6
79,1.580000,2,gripper_l_finger1,-1.393280,0.823597,0.392753,-1.395366,0.818655,0.392772,-1.395366,0.818655,0.392772,0.005364,0.005364,0.005415,4
79,1.580000,3,gripper_l_finger2,-1.297495,0.805100,0.382492,-1.299176,0.800949,0.382444,-1.299176,0.800949,0.382444,0.004479,0.004479,0.004529,2
79,1.580000,4,gripper_r_palm,1.115941,0.871738,0.310109,1.120142,0.865330,0.316101,1.120142,0.865330,0.316101,0.009727,0.009727,0.009955,2
79,1.580000,5,gripper_r_finger1,1.189329,0.873883,0.287395,1.193579,0.868532,0.293208,1.193579,0.868532,0.293208,0.008972,0.008972,0.009078,0
79,1.580000,6,gripper_r_finger2,1.340039,0.836544,0.267010,1.344243,0.829974,0.273039,1.344243,0.829974,0.273039,0.009858,0.009858,0.009962,6
80,1.600000,1,gripper_l_palm,-1.144885,0.812961,0.362623,-1.147466,0.807516,0.362394,-1.147466,0.807516,0.362394,0.006030,0.006030,0.006183,6
80,1.600000,2,gripper_l_finger1,-1.392527,0.820201,0.393169,-1.395188,0.813890,0.392657,-1.395188,0.813890,0.392657,0.006869,0.006869,0.006931,4
80,1.600000,3,gripper_l_finger2,-1.296294,0.802554,0.382832,-1.298548,0.796822,0.382318,-1.298548,0.796822,0.382318,0.006181,0.006181,0.006242,2
80,1.600000,4,gripper_r_palm,1.117448,0.865989,0.312341,1.120407,0.861531,0.317139,1.120407,0.861531,0.317139,0.007187,0.007187,0.007338,2
80,1.600000,5,gripper_r_finger1,1.190886,0.869289,0.289433,1.193865,0.865770,0.294079,1.193865,0.865770,0.294079,0.006545,0.006545,0.006613,0
80,1.600000,6,gripper_r_finger2,1.341547,0.830633,0.269278,1.344494,0.826176,0.274059,1.344494,0.826176,0.274059,0.007170,0.007170,0.007239,6
81,1.620000,1,gripper_l_palm,-1.145017,0.809337,0.363666,-1.147230,0.804612,0.362548,-1.147230,0.804612,0.362548,0.005336,0.005336,0.005465,6
81,1.620000,2,gripper_l_finger1,-1.392746,0.815636,0.393906,-1.395023,0.810178,0.392499,-1.395023,0.810178,0.392499,0.006079,0.006079,0.006129,4
81,1.620000,3,gripper_l_finger2,-1.296068,0.798599,0.383569,-1.297977,0.793441,0.382224,-1.297977,0.793441,0.382224,0.005662,0.005662,0.005710,2
81,1.620000,4,gripper_r_palm,1.118522,0.861553,0.313976,1.120606,0.858473,0.317883,1.120606,0.858473,0.317883,0.005395,0.005395,0.005493,2
81,1.620000,5,gripper_r_finger1,1.191980,0.865880,0.290902,1.194063,0.863651,0.294677,1.194063,0.863651,0.294677,0.004854,0.004854,0.004897,0
81,1.620000,6,gripper_r_finger2,1.342607,0.826209,0.270890,1.344673,0.823234,0.274748,1.344673,0.823234,0.274748,0.005291,0.005291,0.005336,6
82,1.640000,1,gripper_l_palm,-1.145912,0.806157,0.364475,-1.147093,0.803567,0.362535,-1.147093,0.803567,0.362535,0.003445,0.003445,0.003514,6
82,1.640000,2,gripper_l_finger1,-1.393710,0.811683,0.394397,-1.394930,0.808701,0.392156,-1.394930,0.808701,0.392156,0.003925,0.003925,0.003946,4
82,1.640000,3,gripper_l_finger2,-1.296633,0.794950,0.384133,-1.297553,0.792010,0.381997,-1.297553,0.792010,0.381997,0.003749,0.003749,0.003769,2
82,1.640000,4,gripper_r_palm,1.119059,0.858248,0.315097,1.120768,0.855714,0.318467,1.120768,0.855714,0.318467,0.004548,0.004548,0.004629,2
82,1.640000,5,gripper_r_finger1,1.192515,0.863507,0.291879,1.194213,0.861764,0.295130,1.194213,0.861764,0.295130,0.004061,0.004061,0.004095,0
82,1.640000,6,gripper_r_finger2,1.343123,0.823022,0.271954,1.344808,0.820616,0.275264,1.344808,0.820616,0.275264,0.004425,0.004425,0.004461,6
83,1.660000,1,gripper_l_palm,-1.147179,0.804514,0.364765,-1.147080,0.804600,0.362291,-1.147080,0.804600,0.362291,0.002478,0.002478,0.002537,7
83,1.660000,2,gripper_l_finger1,-1.395018,0.809649,0.394351,-1.394933,0.809755,0.391563,-1.394933,0.809755,0.391563,0.002792,0.002792,0.002808,6
83,1.660000,3,gripper_l_finger2,-1.297617,0.792944,0.384208,-1.297308,0.792909,0.381545,-1.297308,0.792909,0.381545,0.002682,0.002682,0.002698,0
83,1.660000,4,gripper_r_palm,1.119077,0.855608,0.315855,1.120911,0.852769,0.319001,1.120911,0.852769,0.319001,0.004617,0.004617,0.004714,2
83,1.660000,5,gripper_r_finger1,1.192521,0.861736,0.292508,1.194343,0.859647,0.295546,1.194343,0.859647,0.295546,0.004113,0.004113,0.004154,0
83,1.660000,6,gripper_r_finger2,1.343115,0.820517,0.272645,1.344921,0.817744,0.275741,1.344921,0.817744,0.275741,0.004531,0.004531,0.004575,6
84,1.680000,1,gripper_l_palm,-1.148392,0.804850,0.364491,-1.147160,0.807295,0.361823,-1.147160,0.807295,0.361823,0.003823,0.003823,0.003934,6
84,1.680000,2,gripper_l_finger1,-1.396243,0.810043,0.393725,-1.395003,0.812862,0.390734,-1.395003,0.812862,0.390734,0.004293,0.004293,0.004328,4
84,1.680000,3,gripper_l_finger2,-1.298603,0.793175,0.383723,-1.297203,0.795774,0.380854,-1.297203,0.795774,0.380854,0.004117,0.004117,0.004155,2
84,1.680000,4,gripper_r_palm,1.118675,0.853054,0.316391,1.121044,0.849189,0.319563,1.121044,0.849189,0.319563,0.005533,0.005533,0.005675,2
84,1.680000,5,gripper_r_finger1,1.192107,0.860008,0.292928,1.194468,0.856877,0.295999,1.194468,0.856877,0.295999,0.004981,0.004981,0.005044,0
84,1.680000,6,gripper_r_finger2,1.342681,0.818021,0.273124,1.345016,0.814094,0.276265,1.345016,0.814094,0.276265,0.005544,0.005544,0.005607,6
85,1.700000,1,gripper_l_palm,-1.149197,0.806968,0.363743,-1.147271,0.810829,0.361212,-1.147271,0.810829,0.361212,0.005003,0.005003,0.005153,6
85,1.700000,2,gripper_l_finger1,-1.397038,0.812594,0.392616,-1.395087,0.817031,0.389756,-1.395087,0.817031,0.389756,0.005628,0.005628,0.005682,4
85,1.700000,3,gripper_l_finger2,-1.299225,0.795487,0.382749,-1.297151,0.799742,0.379987,-1.297151,0.799742,0.379987,0.005481,0.005481,0.005537,2
85,1.700000,4,gripper_r_palm,1.117931,0.850063,0.316794,1.121162,0.844577,0.320198,1.121162,0.844577,0.320198,0.007219,0.007219,0.007429,2
85,1.700000,5,gripper_r_finger1,1.191355,0.857830,0.293225,1.194584,0.853090,0.296529,1.194584,0.853090,0.296529,0.006619,0.006619,0.006714,0
85,1.700000,6,gripper_r_finger2,1.341898,0.814942,0.273490,1.345082,0.809213,0.276885,1.345082,0.809213,0.276885,0.007382,0.007382,0.007474,6
86,1.720000,1,gripper_l_palm,-1.149400,0.810162,0.362687,-1.147357,0.814226,0.360572,-1.147357,0.814226,0.360572,0.005015,0.005015,0.005170,6
86,1.720000,2,gripper_l_finger1,-1.397212,0.816427,0.391195,-1.395141,0.821087,0.388753,-1.395141,0.821087,0.388753,0.005654,0.005654,0.005712,4
86,1.720000,3,gripper_l_finger2,-1.299263,0.799134,0.381433,-1.297066,0.803755,0.379051,-1.297066,0.803755,0.379051,0.005644,0.005644,0.005703,2
86,1.720000,4,gripper_r_palm,1.116837,0.846255,0.317089,1.121244,0.838536,0.320926,1.121244,0.838536,0.320926,0.009682,0.009682,0.009982,2
86,1.720000,5,gripper_r_finger1,1.190260,0.854853,0.293416,1.194675,0.847931,0.297151,1.194675,0.847931,0.297151,0.009019,0.009019,0.009155,0
86,1.720000,6,gripper_r_finger2,1.340749,0.810840,0.273772,1.345088,0.802643,0.277624,1.345088,0.802643,0.277624,0.010043,0.010043,0.010174,6
87,1.740000,1,gripper_l_palm,-1.148980,0.813502,0.361533,-1.147389,0.816625,0.360024,-1.147389,0.816625,0.360024,0.003816,0.003816,0.003940,6
87,1.740000,2,gripper_l_finger1,-1.396761,0.820409,0.389681,-1.395147,0.823976,0.387856,-1.395147,0.823976,0.387856,0.004320,0.004320,0.004366,4
87,1.740000,3,gripper_l_finger2,-1.298671,0.803094,0.379979,-1.296896,0.806822,0.378174,-1.296896,0.806822,0.378174,0.004506,0.004506,0.004553,2
87,1.740000,4,gripper_r_palm,1.115258,0.841359,0.317240,1.121235,0.830586,0.321749,1.121235,0.830586,0.321749,0.013119,0.013119,0.013542,2
87,1.740000,5,gripper_r_finger1,1.188692,0.850850,0.293464,1.194695,0.840977,0.297865,1.194695,0.840977,0.297865,0.012364,0.012364,0.012553,0
87,1.740000,6,gripper_r_finger2,1.339091,0.805383,0.273935,1.344965,0.793824,0.278488,1.344965,0.793824,0.278488,0.013742,0.013742,0.013924,6
88,1.760000,1,gripper_l_palm,-1.148096,0.816118,0.360541,-1.147357,0.817509,0.359647,-1.147357,0.817509,0.359647,0.001812,0.001812,0.001889,6
88,1.760000,2,gripper_l_finger1,-1.395854,0.823488,0.388346,-1.395111,0.825055,0.387156,-1.395111,0.825055,0.387156,0.002105,0.002105,0.002132,4
88,1.760000,3,gripper_l_finger2,-1.297582,0.806369,0.378658,-1.296630,0.808280,0.377459,-1.296630,0.808280,0.377459,0.002449,0.002449,0.002476,2
88,1.760000,4,gripper_r_palm,1.113006,0.835052,0.317109,1.121041,0.820153,0.322647,1.121041,0.820153,0.322647,0.017810,0.017810,0.018398,2
88,1.760000,5,gripper_r_finger1,1.186472,0.845554,0.293226,1.194571,0.831707,0.298648,1.194571,0.831707,0.298648,0.016933,0.016933,0.017191,0
88,1.760000,6,gripper_r_finger2,1.336717,0.798162,0.273843,1.344592,0.782065,0.279463,1.344592,0.782065,0.279463,0.018781,0.018781,0.019028,6
89,1.780000,1,gripper_l_palm,-1.147045,0.817403,0.359953,-1.147267,0.816854,0.359456,-1.147267,0.816854,0.359456,0.000773,0.000773,0.000824,6
89,1.780000,2,gripper_l_finger1,-1.394800,0.824938,0.387439,-1.395041,0.824273,0.386668,-1.395041,0.824273,0.386668,0.001046,0.001046,0.001063,4
89,1.780000,3,gripper_l_finger2,-1.296294,0.808208,0.377734,-1.296283,0.807981,0.376949,-1.296283,0.807981,0.376949,0.000818,0.000818,0.000836,2
89,1.780000,4,gripper_r_palm,1.110002,0.826779,0.316375,1.120517,0.806709,0.323549,1.120517,0.806709,0.323549,0.023766,0.023766,0.024561,2
89,1.780000,5,gripper_r_finger1,1.183552,0.838461,0.292383,1.194244,0.819607,0.299444,1.194244,0.819607,0.299444,0.022796,0.022796,0.023135,0
89,1.780000,6,gripper_r_finger2,1.333528,0.788508,0.273192,1.343820,0.766713,0.280533,1.343820,0.766713,0.280533,0.025197,0.025197,0.025519,6
90,1.800000,1,gripper_l_palm,-1.146155,0.817183,0.359882,-1.147135,0.815100,0.359413,-1.147135,0.815100,0.359413,0.002349,0.002349,0.002416,6
90,1.800000,2,gripper_l_finger1,-1.393932,0.824566,0.387075,-1.394945,0.822144,0.386349,-1.394945,0.822144,0.386349,0.002724,0.002724,0.002750,4
90,1.800000,3,gripper_l_finger2,-1.295146,0.808318,0.377350,-1.295883,0.806314,0.376629,-1.295883,0.806314,0.376629,0.002254,0.002254,0.002280,2
90,1.800000,4,gripper_r_palm,1.106439,0.815784,0.315031,1.119475,0.790110,0.324321,1.119475,0.790110,0.324321,0.030255,0.030255,0.031269,2
90,1.800000,5,gripper_r_finger1,1.180211,0.828823,0.290941,1.193656,0.804476,0.300140,1.193656,0.804476,0.300140,0.029295,0.029295,0.029714,0
90,1.800000,6,gripper_r_finger2,1.329712,0.775544,0.272027,1.342467,0.747556,0.281641,1.342467,0.747556,0.281641,0.032225,0.032225,0.032620,6
91,1.820000,1,gripper_l_palm,-1.145658,0.815767,0.360227,-1.146982,0.812967,0.359452,-1.146982,0.812967,0.359452,0.003192,0.003192,0.003276,6
91,1.820000,2,gripper_l_finger1,-1.393473,0.822766,0.387143,-1.394835,0.819528,0.386121,-1.394835,0.819528,0.386121,0.003659,0.003659,0.003691,4
91,1.820000,3,gripper_l_finger2,-1.294382,0.806967,0.377422,-1.295467,0.804038,0.376436,-1.295467,0.804038,0.376436,0.003276,0.003276,0.003307,2
91,1.820000,4,gripper_r_palm,1.102776,0.801419,0.313518,1.117712,0.770900,0.324762,1.117712,0.770900,0.324762,0.035790,0.035790,0.036983,2
91,1.820000,5,gripper_r_finger1,1.177032,0.815926,0.289361,1.192657,0.786735,0.300557,1.192657,0.786735,0.300557,0.034951,0.034951,0.035424,0
91,1.820000,6,gripper_r_finger2,1.325729,0.758599,0.270865,1.340307,0.725202,0.282602,1.340307,0.725202,0.282602,0.038283,0.038283,0.038724,6
92,1.840000,1,gripper_l_palm,-1.145630,0.813784,0.360735,-1.146841,0.811197,0.359498,-1.146841,0.811197,0.359498,0.003112,0.003112,0.003188,6
92,1.840000,2,gripper_l_finger1,-1.393486,0.820304,0.387382,-1.394731,0.817321,0.385902,-1.394731,0.817321,0.385902,0.003555,0.003555,0.003583,4
92,1.840000,3,gripper_l_finger2,-1.294093,0.804831,0.377703,-1.295079,0.802005,0.376290,-1.295079,0.802005,0.376290,0.003310,0.003310,0.003335,2
92,1.840000,4,gripper_r_palm,1.099387,0.783761,0.312139,1.115120,0.750199,0.324683,1.115120,0.750199,0.324683,0.039131,0.039131,0.040424,2
92,1.840000,5,gripper_r_finger1,1.174433,0.799707,0.287967,1.191113,0.767400,0.300515,1.191113,0.767400,0.300515,0.038463,0.038463,0.038950,0
92,1.840000,6,gripper_r_finger2,1.321931,0.737820,0.270021,1.337204,0.700974,0.283189,1.337204,0.700974,0.283189,0.042003,0.042003,0.042452,6
93,1.860000,1,gripper_l_palm,-1.146005,0.811935,0.361166,-1.146739,0.810308,0.359488,-1.146739,0.810308,0.359488,0.002450,0.002450,0.002500,6
93,1.860000,2,gripper_l_finger1,-1.393898,0.818033,0.387546,-1.394654,0.816163,0.385623,-1.394654,0.816163,0.385623,0.002787,0.002787,0.002801,4
93,1.860000,3,gripper_l_finger2,-1.294223,0.802718,0.377944,-1.294756,0.800858,0.376112,-1.294756,0.800858,0.376112,0.002665,0.002665,0.002678,2
93,1.860000,4,gripper_r_palm,1.096289,0.763748,0.310858,1.111742,0.729245,0.323970,1.111742,0.729245,0.323970,0.040014,0.040014,0.041323,2
93,1.860000,5,gripper_r_finger1,1.172404,0.781040,0.286728,1.188999,0.747658,0.299896,1.188999,0.747658,0.299896,0.039537,0.039537,0.040003,0
93,1.860000,6,gripper_r_finger2,1.318311,0.714285,0.269416,1.333195,0.676349,0.283229,1.333195,0.676349,0.283229,0.043029,0.043029,0.043450,6
94,1.880000,1,gripper_l_palm,-1.146594,0.810791,0.361358,-1.146690,0.810461,0.359383,-1.146690,0.810461,0.359383,0.002005,0.002005,0.002048,7
94,1.880000,2,gripper_l_finger1,-1.394509,0.816640,0.387466,-1.394613,0.816266,0.385246,-1.394613,0.816266,0.385246,0.002254,0.002254,0.002265,6
94,1.880000,3,gripper_l_finger2,-1.294592,0.801325,0.377967,-1.294513,0.800855,0.375848,-1.294513,0.800855,0.375848,0.002172,0.002172,0.002184,0
94,1.880000,4,gripper_r_palm,1.094725,0.740477,0.310414,1.107951,0.709442,0.322525,1.107951,0.709442,0.322525,0.035844,0.035844,0.036991,2
94,1.880000,5,gripper_r_finger1,1.172109,0.758976,0.286387,1.186502,0.728790,0.298585,1.186502,0.728790,0.298585,0.035597,0.035597,0.035981,0
94,1.880000,6,gripper_r_finger2,1.316111,0.687312,0.269723,1.328718,0.653147,0.282521,1.328718,0.653147,0.282521,0.038600,0.038600,0.038940,6
95,1.900000,1,gripper_l_palm,-1.147170,0.810617,0.361250,-1.146683,0.811471,0.359180,-1.146683,0.811471,0.359180,0.002291,0.002291,0.002349,6
95,1.900000,2,gripper_l_finger1,-1.395093,0.816437,0.387085,-1.394602,0.817426,0.384769,-1.394602,0.817426,0.384769,0.002566,0.002566,0.002581,4
95,1.900000,3,gripper_l_finger2,-1.294977,0.801011,0.377700,-1.294336,0.801858,0.375484,-1.294336,0.801858,0.375484,0.002457,0.002457,0.002474,2
95,1.900000,4,gripper_r_palm,1.094243,0.716917,0.309905,1.104418,0.692503,0.320346,1.104418,0.692503,0.320346,0.028435,0.028435,0.029322,2
95,1.900000,5,gripper_r_finger1,1.172907,0.736345,0.286011,1.184124,0.712687,0.296542,1.184124,0.712687,0.296542,0.028221,0.028221,0.028504,0
95,1.900000,6,gripper_r_finger2,1.314955,0.660385,0.269940,1.324622,0.633692,0.280929,1.324622,0.633692,0.280929,0.030442,0.030442,0.030688,6
96,1.920000,1,gripper_l_palm,-1.147537,0.811352,0.360891,-1.146696,0.812919,0.358911,-1.146696,0.812919,0.358911,0.002661,0.002661,0.002738,6
96,1.920000,2,gripper_l_finger1,-1.395454,0.817332,0.386452,-1.394601,0.819136,0.384226,-1.394601,0.819136,0.384226,0.002990,0.002990,0.003014,4
96,1.920000,3,gripper_l_finger2,-1.295174,0.801752,0.377177,-1.294189,0.803434,0.375039,-1.294189,0.803434,0.375039,0.002894,0.002894,0.002920,2
96,1.920000,4,gripper_r_palm,1.093279,0.697990,0.308504,1.101198,0.678483,0.317822,1.101198,0.678483,0.317822,0.023023,0.023023,0.023736,2
96,1.920000,5,gripper_r_finger1,1.173088,0.718245,0.284737,1.181962,0.699426,0.294158,1.181962,0.699426,0.294158,0.022840,0.022840,0.023056,0
96,1.920000,6,gripper_r_finger2,1.313437,0.638993,0.269121,1.320934,0.617700,0.278898,1.320934,0.617700,0.278898,0.024601,0.024601,0.024785,6
97,1.940000,1,gripper_l_palm,-1.147594,0.812640,0.360386,-1.146704,0.814301,0.358625,-1.146704,0.814301,0.358625,0.002579,0.002579,0.002659,6
97,1.940000,2,gripper_l_finger1,-1.395498,0.818884,0.385674,-1.394593,0.820795,0.383668,-1.394593,0.820795,0.383668,0.002915,0.002915,0.002942,4
97,1.940000,3,gripper_l_finger2,-1.295071,0.803176,0.376495,-1.294034,0.805035,0.374559,-1.294034,0.805035,0.374559,0.002877,0.002877,0.002905,2
97,1.940000,4,gripper_r_palm,1.091875,0.683187,0.306926,1.098313,0.666959,0.315191,1.098313,0.666959,0.315191,0.019316,0.019316,0.019909,2
97,1.940000,5,gripper_r_finger1,1.172735,0.704192,0.283294,1.180057,0.688562,0.291669,1.180057,0.688562,0.291669,0.019185,0.019185,0.019357,0
97,1.940000,6,gripper_r_finger2,1.311572,0.622251,0.268032,1.317653,0.604551,0.276704,1.317653,0.604551,0.276704,0.020627,0.020627,0.020779,4
98,1.960000,1,gripper_l_palm,-1.147345,0.814001,0.359853,-1.146688,0.815192,0.358374,-1.146688,0.815192,0.358374,0.002010,0.002010,0.002078,6
98,1.960000,2,gripper_l_finger1,-1.395233,0.820514,0.384871,-1.394567,0.821881,0.383150,-1.394567,0.821881,0.383150,0.002297,0.002297,0.002319,4
98,1.960000,3,gripper_l_finger2,-1.294659,0.804757,0.375767,-1.293843,0.806166,0.374100,-1.293843,0.806166,0.374100,0.002330,0.002330,0.002354,2
98,1.960000,4,gripper_r_palm,1.090400,0.671216,0.305149,1.095767,0.657456,0.312591,1.095767,0.657456,0.312591,0.016539,0.016539,0.017045,3
98,1.960000,5,gripper_r_finger1,1.172231,0.692871,0.281651,1.178431,0.679613,0.289214,1.178431,0.679613,0.289214,0.016474,0.016474,0.016614,0
98,1.960000,6,gripper_r_finger2,1.309706,0.608680,0.266691,1.314775,0.593673,0.274517,1.314775,0.593673,0.274517,0.017668,0.017668,0.017808,4
99,1.980000,1,gripper_l_palm,-1.146879,0.815009,0.359416,-1.146642,0.815361,0.358191,-1.146642,0.815361,0.358191,0.001296,0.001296,0.001349,6
99,1.980000,2,gripper_l_finger1,-1.394758,0.821704,0.384169,-1.394519,0.822104,0.382708,-1.394519,0.822104,0.382708,0.001533,0.001533,0.001548,4
99,1.980000,3,gripper_l_finger2,-1.294017,0.806001,0.375121,-1.293605,0.806525,0.373704,-1.293605,0.806525,0.373704,0.001566,0.001566,0.001582,2
99,1.980000,4,gripper_r_palm,1.088981,0.661360,0.303299,1.093539,0.649549,0.310112,1.093539,0.649549,0.310112,0.014377,0.014377,0.014827,3
99,1.980000,5,gripper_r_finger1,1.171729,0.683559,0.279940,1.177084,0.672153,0.286883,1.177084,0.672153,0.286883,0.014387,0.014387,0.014503,0
99,1.980000,6,gripper_r_finger2,1.307964,0.597466,0.265255,1.312283,0.584576,0.272451,1.312283,0.584576,0.272451,0.015381,0.015381,0.015511,4
100,2.000000,1,gripper_l_palm,-1.146352,0.815381,0.359181,-1.146566,0.814830,0.358088,-1.146566,0.814830,0.358088,0.001243,0.001243,0.001288,6
100,2.000000,2,gripper_l_finger1,-1.394230,0.822115,0.383676,-1.394453,0.821475,0.382352,-1.394453,0.821475,0.382352,0.001488,0.001488,0.001500,4
100,2.000000,3,gripper_l_finger2,-1.293295,0.806553,0.374674,-1.293323,0.806079,0.373392,-1.293323,0.806079,0.373392,0.001367,0.001367,0.001379,2
100,2.000000,4,gripper_r_palm,1.087679,0.653130,0.301538,1.091604,0.642894,0.307811,1.091604,0.642894,0.307811,0.012630,0.012630,0.013034,3
100,2.000000,5,gripper_r_finger1,1.171305,0.675765,0.278326,1.176005,0.665817,0.284735,1.176005,0.665817,0.284735,0.012732,0.012732,0.012833,2
100,2.000000,6,gripper_r_finger2,1.306402,0.588059,0.263910,1.310145,0.576861,0.270589,1.310145,0.576861,0.270589,0.013565,0.013565,0.013685,4
101,2.020000,1,gripper_l_palm,-1.145925,0.815051,0.359165,-1.146471,0.813837,0.358047,-1.146471,0.813837,0.358047,0.001738,0.001738,0.001787,6
101,2.020000,2,gripper_l_finger1,-1.393813,0.821677,0.383408,-1.394372,0.820277,0.382064,-1.394372,0.820277,0.382064,0.002020,0.002020,0.002036,4
101,2.020000,3,gripper_l_finger2,-1.292662,0.806297,0.374451,-1.293015,0.805055,0.373158,-1.293015,0.805055,0.373158,0.001827,0.001827,0.001842,2
101,2.020000,4,gripper_r_palm,1.086528,0.646159,0.300061,1.089930,0.637223,0.305721,1.089930,0.637223,0.305721,0.011111,0.011111,0.011473,3
101,2.020000,5,gripper_r_finger1,1.171007,0.669095,0.277001,1.175156,0.660277,0.282800,1.175156,0.660277,0.282800,0.011340,0.011340,0.011434,2
101,2.020000,6,gripper_r_finger2,1.305054,0.580033,0.262877,1.308324,0.570199,0.268988,1.308324,0.570199,0.268988,0.012031,0.012031,0.012142,4
102,2.040000,1,gripper_l_palm,-1.145700,0.814203,0.359301,-1.146369,0.812737,0.358037,-1.146369,0.812737,0.358037,0.002048,0.002048,0.002100,6
102,2.040000,2,gripper_l_finger1,-1.393603,0.820620,0.383297,-1.394289,0.818930,0.381810,-1.394289,0.818930,0.381810,0.002353,0.002353,0.002369,4
102,2.040000,3,gripper_l_finger2,-1.292224,0.805409,0.374396,-1.292701,0.803831,0.372973,-1.292701,0.803831,0.372973,0.002178,0.002178,0.002194,2
102,2.040000,4,gripper_r_palm,1.085508,0.640185,0.298686,1.088487,0.632327,0.303858,1.088487,0.632327,0.303858,0.009867,0.009867,0.010195,3
102,2.040000,5,gripper_r_finger1,1.170810,0.663235,0.275781,1.174524,0.655340,0.281096,1.174524,0.655340,0.281096,0.010216,0.010216,0.010305,2
102,2.040000,6,gripper_r_finger2,1.303892,0.573072,0.261998,1.306788,0.564362,0.267676,1.306788,0.564362,0.267676,0.010794,0.010794,0.010897,4
103,2.060000,1,gripper_l_palm,-1.145696,0.813158,0.359491,-1.146275,0.811866,0.358024,-1.146275,0.811866,0.358024,0.002039,0.002039,0.002086,6
103,2.060000,2,gripper_l_finger1,-1.393617,0.819332,0.383242,-1.394210,0.817844,0.381552,-1.394210,0.817844,0.381552,0.002328,0.002328,0.002341,4
103,2.060000,3,gripper_l_finger2,-1.292009,0.804237,0.374412,-1.292404,0.802793,0.372800,-1.292404,0.802793,0.372800,0.002200,0.002200,0.002213,2
103,2.060000,4,gripper_r_palm,1.084580,0.635022,0.297211,1.087246,0.628046,0.302223,1.087246,0.628046,0.302223,0.008993,0.008993,0.009299,3
103,2.060000,5,gripper_r_finger1,1.170696,0.658020,0.274466,1.174111,0.650908,0.279631,1.174111,0.650908,0.279631,0.009430,0.009430,0.009515,2
103,2.060000,6,gripper_r_finger2,1.302877,0.566973,0.261084,1.305513,0.559195,0.266656,1.305513,0.559195,0.266656,0.009925,0.009925,0.010023,4
104,2.080000,1,gripper_l_palm,-1.145872,0.812235,0.359636,-1.146203,0.811439,0.357979,-1.146203,0.811439,0.357979,0.001868,0.001868,0.001907,6
104,2.080000,2,gripper_l_finger1,-1.393808,0.818201,0.383141,-1.394146,0.817287,0.381261,-1.394146,0.817287,0.381261,0.002118,0.002118,0.002127,4
104,2.080000,3,gripper_l_finger2,-1.291983,0.803147,0.374398,-1.292139,0.802210,0.372605,-1.292139,0.802210,0.372605,0.002030,0.002030,0.002040,0
104,2.080000,4,gripper_r_palm,1.083745,0.630514,0.295731,1.086183,0.624259,0.300815,1.086183,0.624259,0.300815,0.008422,0.008422,0.008714,3
104,2.080000,5,gripper_r_finger1,1.170690,0.653355,0.273157,1.173910,0.646904,0.278405,1.173910,0.646904,0.278405,0.008918,0.008918,0.009002,2
104,2.080000,6,gripper_r_finger2,1.302014,0.561585,0.260226,1.304476,0.554578,0.265924,1.304476,0.554578,0.265924,0.009361,0.009361,0.009457,4
105,2.100000,1,gripper_l_palm,-1.146126,0.811682,0.359665,-1.146152,0.811493,0.357887,-1.146152,0.811493,0.357887,0.001788,0.001788,0.001829,7
105,2.100000,2,gripper_l_finger1,-1.394070,0.817527,0.382923,-1.394098,0.817314,0.380921,-1.394098,0.817314,0.380921,0.002014,0.002014,0.002024,6
105,2.100000,3,gripper_l_finger2,-1.292046,0.802443,0.374277,-1.291910,0.802161,0.372366,-1.291910,0.802161,0.372366,0.001936,0.001936,0.001947,0
105,2.100000,4,gripper_r_palm,1.083008,0.626538,0.294330,1.085278,0.620881,0.299626,1.085278,0.620881,0.299626,0.008074,0.008074,0.008359,3
105,2.100000,5,gripper_r_finger1,1.170821,0.649159,0.271941,1.173916,0.643274,0.277418,1.173916,0.643274,0.277418,0.008615,0.008615,0.008700,2
105,2.100000,6,gripper_r_finger2,1.301308,0.556784,0.259509,1.303655,0.550427,0.265473,1.303655,0.550427,0.265473,0.009026,0.009026,0.009122,4
106,2.120000,1,gripper_l_palm,-1.146346,0.811591,0.359559,-1.146121,0.811908,0.357752,-1.146121,0.811908,0.357752,0.001849,0.001849,0.001894,6
106,2.120000,2,gripper_l_finger1,-1.394292,0.817416,0.382568,-1.394061,0.817785,0.380536,-1.394061,0.817785,0.380536,0.002078,0.002078,0.002089,4
106,2.120000,3,gripper_l_finger2,-1.292088,0.802256,0.374023,-1.291707,0.802543,0.372081,-1.291707,0.802543,0.372081,0.002000,0.002000,0.002012,2
106,2.120000,4,gripper_r_palm,1.082378,0.623002,0.293062,1.084521,0.617861,0.298652,1.084521,0.617861,0.298652,0.007891,0.007891,0.008174,3
106,2.120000,5,gripper_r_finger1,1.171107,0.645369,0.270876,1.174124,0.639984,0.276665,1.174124,0.639984,0.276665,0.008463,0.008463,0.008551,2
106,2.120000,6,gripper_r_finger2,1.300768,0.552481,0.258984,1.303035,0.546688,0.265295,1.303035,0.546688,0.265295,0.008861,0.008861,0.008958,4
107,2.140000,1,gripper_l_palm,-1.146446,0.811897,0.359341,-1.146095,0.812464,0.357591,-1.146095,0.812464,0.357591,0.001873,0.001873,0.001923,6
107,2.140000,2,gripper_l_finger1,-1.394385,0.817783,0.382101,-1.394027,0.818439,0.380126,-1.394027,0.818439,0.380126,0.002112,0.002112,0.002125,4
107,2.140000,3,gripper_l_finger2,-1.292016,0.802534,0.373654,-1.291512,0.803124,0.371762,-1.291512,0.803124,0.371762,0.002046,0.002046,0.002060,2
107,2.140000,4,gripper_r_palm,1.081864,0.619850,0.291958,1.083905,0.615168,0.297888,1.083905,0.615168,0.297888,0.007826,0.007826,0.008111,3
107,2.140000,5,gripper_r_finger1,1.171563,0.641946,0.269995,1.174530,0.637014,0.276145,1.174530,0.637014,0.276145,0.008423,0.008423,0.008514,2
107,2.140000,6,gripper_r_finger2,1.300396,0.548614,0.258681,1.302610,0.543328,0.265382,1.302610,0.543328,0.265382,0.008818,0.008818,0.008918,4
108,2.160000,1,gripper_l_palm,-1.146394,0.812402,0.359069,-1.146064,0.812926,0.357430,-1.146064,0.812926,0.357430,0.001752,0.001752,0.001803,6
108,2.160000,2,gripper_l_finger1,-1.394325,0.818384,0.381579,-1.393988,0.818990,0.379714,-1.393988,0.818990,0.379714,0.001990,0.001990,0.002004,4
108,2.160000,3,gripper_l_finger2,-1.291795,0.803067,0.373223,-1.291309,0.803644,0.371434,-1.291309,0.803644,0.371434,0.001941,0.001941,0.001956,2
108,2.160000,4,gripper_r_palm,1.081486,0.617038,0.291146,1.083428,0.612784,0.297328,1.083428,0.612784,0.297328,0.007751,0.007751,0.008038,3
108,2.160000,5,gripper_r_finger1,1.172211,0.638855,0.269429,1.175119,0.634325,0.275850,1.175119,0.634325,0.275850,0.008379,0.008379,0.008474,2
108,2.160000,6,gripper_r_finger2,1.300213,0.545138,0.258726,1.302369,0.540317,0.265732,1.302369,0.540317,0.265732,0.008774,0.008774,0.008876,4
109,2.180000,1,gripper_l_palm,-1.146210,0.812875,0.358814,-1.146021,0.813119,0.357289,-1.146021,0.813119,0.357289,0.001556,0.001556,0.001602,6
109,2.180000,2,gripper_l_finger1,-1.394134,0.818944,0.381075,-1.393939,0.819226,0.379324,-1.393939,0.819226,0.379324,0.001784,0.001784,0.001796,4
109,2.180000,3,gripper_l_finger2,-1.291439,0.803598,0.372801,-1.291085,0.803891,0.371121,-1.291085,0.803891,0.371121,0.001742,0.001742,0.001755,2
109,2.180000,4,gripper_r_palm,1.081235,0.614547,0.290514,1.083088,0.610699,0.296969,1.083088,0.610699,0.296969,0.007740,0.007740,0.008031,3
109,2.180000,5,gripper_r_finger1,1.173031,0.636059,0.269064,1.175899,0.631931,0.275781,1.175899,0.631931,0.275781,0.008389,0.008389,0.008488,2
109,2.180000,6,gripper_r_finger2,1.300202,0.542025,0.259008,1.302311,0.537650,0.266335,1.302311,0.537650,0.266335,0.008790,0.008790,0.008897,4
110,2.200000,1,gripper_l_palm,-1.145951,0.813138,0.358620,-1.145962,0.812981,0.357182,-1.145962,0.812981,0.357182,0.001447,0.001447,0.001490,6
110,2.200000,2,gripper_l_finger1,-1.393869,0.819243,0.380632,-1.393879,0.819064,0.378970,-1.393879,0.819064,0.378970,0.001672,0.001672,0.001682,4
110,2.200000,3,gripper_l_finger2,-1.290998,0.803913,0.372435,-1.290839,0.803778,0.370840,-1.290839,0.803778,0.370840,0.001609,0.001609,0.001620,2
110,2.200000,4,gripper_r_palm,1.081128,0.612364,0.290197,1.082886,0.608905,0.296805,1.082886,0.608905,0.296805,0.007663,0.007663,0.007954,3
110,2.200000,5,gripper_r_finger1,1.174046,0.633562,0.269038,1.176843,0.629774,0.275925,1.176843,0.629774,0.275925,0.008343,0.008343,0.008444,2
110,2.200000,6,gripper_r_finger2,1.300380,0.539263,0.259659,1.302426,0.535302,0.267190,1.302426,0.535302,0.267190,0.008752,0.008752,0.008860,4
111,2.220000,1,gripper_l_palm,-1.145691,0.813097,0.358503,-1.145891,0.812564,0.357107,-1.145891,0.812564,0.357107,0.001507,0.001507,0.001549,6
111,2.220000,2,gripper_l_finger1,-1.393609,0.819171,0.380268,-1.393810,0.818559,0.378651,-1.393810,0.818559,0.378651,0.001742,0.001742,0.001752,4
111,2.220000,3,gripper_l_finger2,-1.290549,0.803892,0.372144,-1.290572,0.803341,0.370594,-1.290572,0.803341,0.370594,0.001646,0.001646,0.001656,2
111,2.220000,4,gripper_r_palm,1.081053,0.610903,0.290263,1.082816,0.607393,0.296828,1.082816,0.607393,0.296828,0.007650,0.007650,0.007947,3
111,2.220000,5,gripper_r_finger1,1.175119,0.631729,0.269415,1.177932,0.627807,0.276277,1.177932,0.627807,0.276277,0.008389,0.008389,0.008493,2
111,2.220000,6,gripper_r_finger2,1.300623,0.537244,0.260749,1.302669,0.533192,0.268290,1.302669,0.533192,0.268290,0.008801,0.008801,0.008911,4
112,2.240000,1,gripper_l_palm,-1.145503,0.812756,0.358467,-1.145812,0.812004,0.357055,-1.145812,0.812004,0.357055,0.001630,0.001630,0.001672,6
112,2.240000,2,gripper_l_finger1,-1.393422,0.818739,0.379989,-1.393735,0.817876,0.378356,-1.393735,0.817876,0.378356,0.001874,0.001874,0.001885,4
112,2.240000,3,gripper_l_finger2,-1.290166,0.803528,0.371938,-1.290297,0.802719,0.370376,-1.290297,0.802719,0.370376,0.001764,0.001764,0.001774,2
112,2.240000,4,gripper_r_palm,1.080835,0.610680,0.290492,1.082870,0.606144,0.297026,1.082870,0.606144,0.297026,0.008210,0.008210,0.008529,3
112,2.240000,5,gripper_r_finger1,1.176061,0.631040,0.269974,1.179151,0.625973,0.276823,1.179151,0.625973,0.276823,0.009062,0.009062,0.009170,2
112,2.240000,6,gripper_r_finger2,1.300708,0.536407,0.262059,1.302945,0.531164,0.269616,1.302945,0.531164,0.269616,0.009465,0.009465,0.009582,4
113,2.260000,1,gripper_l_palm,-1.145413,0.812238,0.358488,-1.145733,0.811462,0.357009,-1.145733,0.811462,0.357009,0.001700,0.001700,0.001741,6
113,2.260000,2,gripper_l_finger1,-1.393338,0.818098,0.379767,-1.393661,0.817206,0.378068,-1.393661,0.817206,0.378068,0.001945,0.001945,0.001955,4
113,2.260000,3,gripper_l_finger2,-1.289880,0.802944,0.371794,-1.290022,0.802086,0.370173,-1.290022,0.802086,0.370173,0.001840,0.001840,0.001850,2
113,2.260000,4,gripper_r_palm,1.080563,0.611261,0.290831,1.083028,0.605119,0.297373,1.083028,0.605119,0.297373,0.009305,0.009305,0.009662,3
113,2.260000,5,gripper_r_finger1,1.176954,0.631021,0.270663,1.180478,0.624216,0.277541,1.180478,0.624216,0.277541,0.010297,0.010297,0.010413,2
113,2.260000,6,gripper_r_finger2,1.300647,0.536185,0.263531,1.303197,0.529120,0.271143,1.303197,0.529120,0.271143,0.010694,0.010694,0.010822,4
114,2.280000,1,gripper_l_palm,-1.145413,0.811702,0.358514,-1.145661,0.811069,0.356955,-1.145661,0.811069,0.356955,0.001701,0.001701,0.001741,6
114,2.280000,2,gripper_l_finger1,-1.393341,0.817436,0.379551,-1.393590,0.816709,0.377772,-1.393590,0.816709,0.377772,0.001938,0.001938,0.001947,4
114,2.280000,3,gripper_l_finger2,-1.289685,0.802316,0.371663,-1.289759,0.801594,0.369966,-1.289759,0.801594,0.369966,0.001847,0.001847,0.001857,0
114,2.280000,4,gripper_r_palm,1.080314,0.612188,0.291242,1.083261,0.604252,0.297845,1.083261,0.604252,0.297845,0.010736,0.010736,0.011142,3
114,2.280000,5,gripper_r_finger1,1.177874,0.631203,0.271447,1.181884,0.622470,0.278409,1.181884,0.622470,0.278409,0.011866,0.011866,0.011997,2
114,2.280000,6,gripper_r_finger2,1.300477,0.536069,0.265126,1.303375,0.526976,0.272845,1.303375,0.526976,0.272845,0.012274,0.012274,0.012419,4
115,2.300000,1,gripper_l_palm,-1.145476,0.811271,0.358506,-1.145598,0.810887,0.356881,-1.145598,0.810887,0.356881,0.001675,0.001675,0.001715,7
115,2.300000,2,gripper_l_finger1,-1.393405,0.816905,0.379301,-1.393527,0.816465,0.377455,-1.393527,0.816465,0.377455,0.001901,0.001901,0.001911,6
115,2.300000,3,gripper_l_finger2,-1.289556,0.801788,0.371503,-1.289510,0.801327,0.369742,-1.289510,0.801327,0.369742,0.001820,0.001820,0.001831,0
115,2.300000,4,gripper_r_palm,1.080020,0.613487,0.291719,1.083529,0.603462,0.298411,1.083529,0.603462,0.298411,0.012553,0.012553,0.013023,3
115,2.300000,5,gripper_r_finger1,1.178753,0.631607,0.272322,1.183324,0.620642,0.279398,1.183324,0.620642,0.279398,0.013827,0.013827,0.013979,2
115,2.300000,6,gripper_r_finger2,1.300112,0.536063,0.266838,1.303405,0.524617,0.274689,1.303405,0.524617,0.274689,0.014266,0.014266,0.014434,4
116,2.320000,1,gripper_l_palm,-1.145548,0.811029,0.358445,-1.145545,0.810895,0.356786,-1.145545,0.810895,0.356786,0.001664,0.001664,0.001706,7
116,2.320000,2,gripper_l_finger1,-1.393476,0.816604,0.378996,-1.393469,0.816453,0.377116,-1.393469,0.816453,0.377116,0.001886,0.001886,0.001896,6
116,2.320000,3,gripper_l_finger2,-1.289443,0.801463,0.371292,-1.289275,0.801277,0.369498,-1.289275,0.801277,0.369498,0.001812,0.001812,0.001822,0
116,2.320000,4,gripper_r_palm,1.079624,0.615134,0.292230,1.083788,0.602665,0.299039,1.083788,0.602665,0.299039,0.014805,0.014805,0.015356,3
116,2.320000,5,gripper_r_finger1,1.179528,0.632200,0.273258,1.184744,0.618629,0.280479,1.184744,0.618629,0.280479,0.016233,0.016233,0.016412,2
116,2.320000,6,gripper_r_finger2,1.299456,0.536110,0.268631,1.303200,0.521917,0.276642,1.303200,0.521917,0.276642,0.016722,0.016722,0.016921,4
117,2.340000,1,gripper_l_palm,-1.145581,0.810986,0.358331,-1.145498,0.811014,0.356676,-1.145498,0.811014,0.356676,0.001657,0.001657,0.001699,7
117,2.340000,2,gripper_l_finger1,-1.393504,0.816545,0.378637,-1.393415,0.816577,0.376760,-1.393415,0.816577,0.376760,0.001879,0.001879,0.001889,6
117,2.340000,3,gripper_l_finger2,-1.289294,0.801365,0.371028,-1.289048,0.801365,0.369236,-1.289048,0.801365,0.369236,0.001809,0.001809,0.001819,2
117,2.340000,4,gripper_r_palm,1.079195,0.616633,0.292736,1.083996,0.601775,0.299694,1.083996,0.601775,0.299694,0.017095,0.017095,0.017725,3
117,2.340000,5,gripper_r_finger1,1.180257,0.632467,0.274221,1.186094,0.616353,0.281621,1.186094,0.616353,0.281621,0.018668,0.018668,0.018876,2
117,2.340000,6,gripper_r_finger2,1.298541,0.535679,0.270467,1.302711,0.518824,0.278669,1.302711,0.518824,0.278669,0.019203,0.019203,0.019435,4
118,2.360000,1,gripper_l_palm,-1.145554,0.811077,0.358181,-1.145451,0.811144,0.356559,-1.145451,0.811144,0.356559,0.001627,0.001627,0.001669,6
118,2.360000,2,gripper_l_finger1,-1.393470,0.816642,0.378242,-1.393360,0.816720,0.376399,-1.393360,0.816720,0.376399,0.001849,0.001849,0.001859,4
118,2.360000,3,gripper_l_finger2,-1.289087,0.801427,0.370725,-1.288819,0.801483,0.368963,-1.288819,0.801483,0.368963,0.001783,0.001783,0.001794,2
118,2.360000,4,gripper_r_palm,1.078940,0.616986,0.293198,1.084114,0.600710,0.300345,1.084114,0.600710,0.300345,0.018514,0.018514,0.019190,3
118,2.360000,5,gripper_r_finger1,1.181144,0.631423,0.275172,1.187342,0.613792,0.282792,1.187342,0.613792,0.282792,0.020183,0.020183,0.020412,2
118,2.360000,6,gripper_r_finger2,1.297576,0.533814,0.272305,1.301980,0.515408,0.280737,1.301980,0.515408,0.280737,0.020719,0.020719,0.020972,4
119,2.380000,1,gripper_l_palm,-1.145469,0.811200,0.358022,-1.145399,0.811199,0.356447,-1.145399,0.811199,0.356447,0.001577,0.001577,0.001620,6
119,2.380000,2,gripper_l_finger1,-1.393378,0.816777,0.377838,-1.393301,0.816778,0.376040,-1.393301,0.816778,0.376040,0.001799,0.001799,0.001809,4
119,2.380000,3,gripper_l_finger2,-1.288821,0.801539,0.370411,-1.288585,0.801535,0.368692,-1.288585,0.801535,0.368692,0.001735,0.001735,0.001745,2
119,2.380000,4,gripper_r_palm,1.078817,0.616204,0.293642,1.084117,0.599413,0.300968,1.084117,0.599413,0.300968,0.019070,0.019070,0.019767,3
119,2.380000,5,gripper_r_finger1,1.182149,0.629139,0.276141,1.188463,0.610936,0.283970,1.188463,0.610936,0.283970,0.020797,0.020797,0.021040,2
119,2.380000,6,gripper_r_finger2,1.296594,0.530678,0.274170,1.301039,0.511723,0.282815,1.301039,0.511723,0.282815,0.021302,0.021302,0.021568,4
120,2.400000,1,gripper_l_palm,-1.145344,0.811272,0.357876,-1.145342,0.811136,0.356345,-1.145342,0.811136,0.356345,0.001537,0.001537,0.001579,6
120,2.400000,2,gripper_l_finger1,-1.393246,0.816849,0.377447,-1.393238,0.816695,0.375694,-1.393238,0.816695,0.375694,0.001760,0.001760,0.001769,4
120,2.400000,3,gripper_l_finger2,-1.288512,0.801606,0.370106,-1.288341,0.801463,0.368430,-1.288341,0.801463,0.368430,0.001691,0.001691,0.001701,2
120,2.400000,4,gripper_r_palm,1.078632,0.614949,0.294111,1.083991,0.597861,0.301554,1.083991,0.597861,0.301554,0.019394,0.019394,0.020106,3
120,2.400000,5,gripper_r_finger1,1.183081,0.626320,0.277168,1.189430,0.607768,0.285143,1.189430,0.607768,0.285143,0.021168,0.021168,0.021422,2
120,2.400000,6,gripper_r_finger2,1.295457,0.527034,0.276097,1.299879,0.507769,0.284887,1.299879,0.507769,0.284887,0.021632,0.021632,0.021909,4
121,2.420000,1,gripper_l_palm,-1.145203,0.811241,0.357757,-1.145278,0.810951,0.356257,-1.145278,0.810951,0.356257,0.001530,0.001530,0.001571,6
121,2.420000,2,gripper_l_finger1,-1.393099,0.816795,0.377083,-1.393169,0.816463,0.375361,-1.393169,0.816463,0.375361,0.001755,0.001755,0.001764,4
121,2.420000,3,gripper_l_finger2,-1.288184,0.801565,0.369826,-1.288086,0.801256,0.368181,-1.288086,0.801256,0.368181,0.001677,0.001677,0.001687,0
121,2.420000,4,gripper_r_palm,1.078325,0.613453,0.294598,1.083732,0.596060,0.302100,1.083732,0.596060,0.302100,0.019698,0.019698,0.020424,3
121,2.420000,5,gripper_r_finger1,1.183863,0.623202,0.278245,1.190228,0.604292,0.286306,1.190228,0.604292,0.286306,0.021520,0.021520,0.021785,2
121,2.420000,6,gripper_r_finger2,1.294107,0.523135,0.278071,1.298491,0.503554,0.286942,1.298491,0.503554,0.286942,0.021939,0.021939,0.022227,4
122,2.440000,1,gripper_l_palm,-1.145077,0.811089,0.357670,-1.145211,0.810683,0.356180,-1.145211,0.810683,0.356180,0.001551,0.001551,0.001592,6
122,2.440000,2,gripper_l_finger1,-1.392967,0.816596,0.376752,-1.393096,0.816129,0.375041,-1.393096,0.816129,0.375041,0.001779,0.001779,0.001788,4
122,2.440000,3,gripper_l_finger2,-1.287867,0.801391,0.369579,-1.287827,0.800950,0.367945,-1.287827,0.800950,0.367945,0.001693,0.001693,0.001703,0
122,2.440000,4,gripper_r_palm,1.077891,0.611771,0.295096,1.083346,0.594039,0.302609,1.083346,0.594039,0.302609,0.020015,0.020015,0.020755,3
122,2.440000,5,gripper_r_finger1,1.184483,0.619839,0.279363,1.190853,0.600531,0.287460,1.190853,0.600531,0.287460,0.021885,0.021885,0.022162,2
122,2.440000,6,gripper_r_finger2,1.292534,0.519036,0.280080,1.296868,0.499101,0.288980,1.296868,0.499101,0.288980,0.022257,0.022257,0.022557,4
123,2.460000,1,gripper_l_palm,-1.144987,0.810840,0.357608,-1.145142,0.810393,0.356107,-1.145142,0.810393,0.356107,0.001573,0.001573,0.001614,6
123,2.460000,2,gripper_l_finger1,-1.392873,0.816280,0.376447,-1.393023,0.815767,0.374727,-1.393023,0.815767,0.374727,0.001801,0.001801,0.001810,4
123,2.460000,3,gripper_l_finger2,-1.287585,0.801103,0.369358,-1.287565,0.800612,0.367717,-1.287565,0.800612,0.367717,0.001714,0.001714,0.001724,0
123,2.460000,4,gripper_r_palm,1.077347,0.609906,0.295578,1.082843,0.591830,0.303078,1.082843,0.591830,0.303078,0.020327,0.020327,0.021081,3
123,2.460000,5,gripper_r_finger1,1.184944,0.616228,0.280492,1.191308,0.596516,0.288603,1.191308,0.596516,0.288603,0.022245,0.022245,0.022534,2
123,2.460000,6,gripper_r_finger2,1.290741,0.514739,0.282092,1.295018,0.494449,0.290997,1.295018,0.494449,0.290997,0.022567,0.022567,0.022878,4
124,2.480000,1,gripper_l_palm,-1.144938,0.810553,0.357554,-1.145074,0.810141,0.356034,-1.145074,0.810141,0.356034,0.001581,0.001581,0.001621,7
124,2.480000,2,gripper_l_finger1,-1.392818,0.815920,0.376151,-1.392950,0.815449,0.374411,-1.392950,0.815449,0.374411,0.001807,0.001807,0.001817,6
124,2.480000,3,gripper_l_finger2,-1.287343,0.800766,0.369149,-1.287306,0.800308,0.367490,-1.287306,0.800308,0.367490,0.001722,0.001722,0.001732,0
124,2.480000,4,gripper_r_palm,1.076708,0.607855,0.296028,1.082232,0.589468,0.303505,1.082232,0.589468,0.303505,0.020603,0.020603,0.021368,3
124,2.480000,5,gripper_r_finger1,1.185257,0.612365,0.281618,1.191597,0.592285,0.289730,1.191597,0.592285,0.289730,0.022566,0.022566,0.022865,2
124,2.480000,6,gripper_r_finger2,1.288745,0.510245,0.284092,1.292948,0.489641,0.292988,1.292948,0.489641,0.292988,0.022833,0.022833,0.023155,4
125,2.500000,1,gripper_l_palm,-1.144914,0.810291,0.357494,-1.145010,0.809961,0.355954,-1.145010,0.809961,0.355954,0.001578,0.001578,0.001618,7
125,2.500000,2,gripper_l_finger1,-1.392789,0.815593,0.375848,-1.392879,0.815215,0.374090,-1.392879,0.815215,0.374090,0.001801,0.001801,0.001811,6
125,2.500000,3,gripper_l_finger2,-1.287128,0.800453,0.368935,-1.287052,0.800078,0.367258,-1.287052,0.800078,0.367258,0.001720,0.001720,0.001731,0
125,2.500000,4,gripper_r_palm,1.075992,0.605621,0.296464,1.081522,0.586983,0.303889,1.081522,0.586983,0.303889,0.020811,0.020811,0.021584,3
125,2.500000,5,gripper_r_finger1,1.185435,0.608257,0.282757,1.191720,0.587873,0.290841,1.191720,0.587873,0.290841,0.022812,0.022812,0.023122,2
125,2.500000,6,gripper_r_finger2,1.286560,0.505565,0.286093,1.290671,0.484717,0.294949,1.290671,0.484717,0.294949,0.023021,0.023021,0.023353,4
126,2.520000,1,gripper_l_palm,-1.144901,0.810093,0.357417,-1.144949,0.809859,0.355865,-1.144949,0.809859,0.355865,0.001570,0.001570,0.001611,7
126,2.520000,2,gripper_l_finger1,-1.392769,0.815343,0.375530,-1.392810,0.815074,0.373759,-1.392810,0.815074,0.373759,0.001792,0.001792,0.001801,6
126,2.520000,3,gripper_l_finger2,-1.286926,0.800207,0.368706,-1.286804,0.799936,0.367018,-1.286804,0.799936,0.367018,0.001715,0.001715,0.001725,0
126,2.520000,4,gripper_r_palm,1.075205,0.603222,0.296885,1.080717,0.584399,0.304229,1.080717,0.584399,0.304229,0.020944,0.020944,0.021722,3
126,2.520000,5,gripper_r_finger1,1.185476,0.603926,0.283908,1.191681,0.583310,0.291933,1.191681,0.583310,0.291933,0.022977,0.022977,0.023297,2
126,2.520000,6,gripper_r_finger2,1.284198,0.500730,0.288092,1.288197,0.479715,0.296875,1.288197,0.479715,0.296875,0.023125,0.023125,0.023465,4
127,2.540000,1,gripper_l_palm,-1.144880,0.809973,0.357321,-1.144891,0.809813,0.355769,-1.144891,0.809813,0.355769,0.001560,0.001560,0.001601,7
127,2.540000,2,gripper_l_finger1,-1.392740,0.815186,0.375192,-1.392743,0.815003,0.373422,-1.392743,0.815003,0.373422,0.001780,0.001780,0.001790,6
127,2.540000,3,gripper_l_finger2,-1.286718,0.800047,0.368459,-1.286560,0.799860,0.366770,-1.286560,0.799860,0.366770,0.001706,0.001706,0.001716,0
127,2.540000,4,gripper_r_palm,1.074352,0.600680,0.297293,1.079825,0.581736,0.304526,1.079825,0.581736,0.304526,0.021004,0.021004,0.021784,3
127,2.540000,5,gripper_r_finger1,1.185380,0.599401,0.285069,1.191478,0.578623,0.293004,1.191478,0.578623,0.293004,0.023063,0.023063,0.023390,2
127,2.540000,6,gripper_r_finger2,1.281665,0.495773,0.290086,1.285537,0.474666,0.298762,1.285537,0.474666,0.298762,0.023147,0.023147,0.023494,4
128,2.560000,1,gripper_l_palm,-1.144837,0.809918,0.357208,-1.144834,0.809788,0.355669,-1.144834,0.809788,0.355669,0.001545,0.001545,0.001586,7
128,2.560000,2,gripper_l_finger1,-1.392689,0.815107,0.374838,-1.392675,0.814958,0.373080,-1.392675,0.814958,0.373080,0.001764,0.001764,0.001774,6
128,2.560000,3,gripper_l_finger2,-1.286490,0.799964,0.368194,-1.286317,0.799815,0.366518,-1.286317,0.799815,0.366518,0.001692,0.001692,0.001703,0
128,2.560000,4,gripper_r_palm,1.073435,0.598016,0.297686,1.078850,0.579010,0.304779,1.078850,0.579010,0.304779,0.020997,0.020997,0.021775,3
128,2.560000,5,gripper_r_finger1,1.185144,0.594709,0.286238,1.191110,0.573834,0.294050,1.191110,0.573834,0.294050,0.023074,0.023074,0.023408,2
128,2.560000,6,gripper_r_finger2,1.278970,0.490727,0.292069,1.282701,0.469597,0.300605,1.282701,0.469597,0.300605,0.023093,0.023093,0.023446,4
129,2.580000,1,gripper_l_palm,-1.144775,0.809892,0.357088,-1.144776,0.809751,0.355569,-1.144776,0.809751,0.355569,0.001526,0.001526,0.001568,7
129,2.580000,2,gripper_l_finger1,-1.392616,0.815060,0.374477,-1.392607,0.814899,0.372738,-1.392607,0.814899,0.372738,0.001746,0.001746,0.001756,6
129,2.580000,3,gripper_l_finger2,-1.286241,0.799917,0.367922,-1.286072,0.799762,0.366264,-1.286072,0.799762,0.366264,0.001674,0.001674,0.001684,0
129,2.580000,4,gripper_r_palm,1.072457,0.595211,0.298059,1.077792,0.576231,0.304987,1.077792,0.576231,0.304987,0.020898,0.020898,0.021670,3
129,2.580000,5,gripper_r_finger1,1.184766,0.589839,0.287406,1.190578,0.568962,0.295069,1.190578,0.568962,0.295069,0.022985,0.022985,0.023324,2
129,2.580000,6,gripper_r_finger2,1.276125,0.485584,0.294031,1.279698,0.464528,0.302399,1.279698,0.464528,0.302399,0.022938,0.022938,0.023295,4
130,2.600000,1,gripper_l_palm,-1.144698,0.809856,0.356970,-1.144717,0.809681,0.355471,-1.144717,0.809681,0.355471,0.001509,0.001509,0.001551,7
130,2.600000,2,gripper_l_finger1,-1.392528,0.815002,0.374117,-1.392537,0.814801,0.372399,-1.392537,0.814801,0.372399,0.001729,0.001729,0.001739,6
130,2.600000,3,gripper_l_finger2,-1.285976,0.799865,0.367650,-1.285824,0.799677,0.366012,-1.285824,0.799677,0.366012,0.001656,0.001656,0.001666,0
130,2.600000,4,gripper_r_palm,1.071429,0.592080,0.298389,1.076631,0.573337,0.305136,1.076631,0.573337,0.305136,0.020588,0.020588,0.021345,3
130,2.600000,5,gripper_r_finger1,1.184256,0.584615,0.288548,1.189862,0.563974,0.296040,1.189862,0.563974,0.296040,0.022662,0.022662,0.023002,2
130,2.600000,6,gripper_r_finger2,1.273146,0.480170,0.295946,1.276538,0.459428,0.304116,1.276538,0.459428,0.304116,0.022550,0.022550,0.022907,4
131,2.620000,1,gripper_l_palm,-1.144613,0.809794,0.356858,-1.144655,0.809572,0.355377,-1.144655,0.809572,0.355377,0.001498,0.001498,0.001539,7
131,2.620000,2,gripper_l_finger1,-1.392431,0.814911,0.373763,-1.392465,0.814657,0.372066,-1.392465,0.814657,0.372066,0.001717,0.001717,0.001726,6
131,2.620000,3,gripper_l_finger2,-1.285702,0.799788,0.367384,-1.285573,0.799552,0.365765,-1.285573,0.799552,0.365765,0.001641,0.001641,0.001652,0
131,2.620000,4,gripper_r_palm,1.070294,0.588584,0.298682,1.075320,0.570226,0.305207,1.075320,0.570226,0.305207,0.020120,0.020120,0.020857,3
131,2.620000,5,gripper_r_finger1,1.183560,0.579026,0.289663,1.188919,0.558787,0.296937,1.188919,0.558787,0.296937,0.022164,0.022164,0.022502,2
131,2.620000,6,gripper_r_finger2,1.270010,0.474477,0.297805,1.273197,0.454211,0.305729,1.273197,0.454211,0.305729,0.021993,0.021993,0.022346,4
132,2.640000,1,gripper_l_palm,-1.144529,0.809696,0.356753,-1.144591,0.809434,0.355287,-1.144591,0.809434,0.355287,0.001491,0.001491,0.001531,7
132,2.640000,2,gripper_l_finger1,-1.392338,0.814777,0.373419,-1.392390,0.814477,0.371736,-1.392390,0.814477,0.371736,0.001710,0.001710,0.001720,6
132,2.640000,3,gripper_l_finger2,-1.285429,0.799673,0.367126,-1.285321,0.799394,0.365521,-1.285321,0.799394,0.365521,0.001632,0.001632,0.001642,0
132,2.640000,4,gripper_r_palm,1.068965,0.584883,0.298938,1.073825,0.566833,0.305192,1.073825,0.566833,0.305192,0.019711,0.019711,0.020431,3
132,2.640000,5,gripper_r_finger1,1.182590,0.573249,0.290747,1.187704,0.553328,0.297751,1.187704,0.553328,0.297751,0.021727,0.021727,0.022063,2
132,2.640000,6,gripper_r_finger2,1.266646,0.468678,0.299601,1.269629,0.448799,0.307227,1.269629,0.448799,0.307227,0.021499,0.021499,0.021850,4
133,2.660000,1,gripper_l_palm,-1.144458,0.809562,0.356657,-1.144527,0.809287,0.355198,-1.144527,0.809287,0.355198,0.001486,0.001486,0.001527,7
133,2.660000,2,gripper_l_finger1,-1.392255,0.814601,0.373084,-1.392315,0.814286,0.371409,-1.392315,0.814286,0.371409,0.001705,0.001705,0.001715,6
133,2.660000,3,gripper_l_finger2,-1.285169,0.799521,0.366877,-1.285067,0.799227,0.365281,-1.285067,0.799227,0.365281,0.001626,0.001626,0.001637,0
133,2.660000,4,gripper_r_palm,1.067399,0.581028,0.299132,1.072125,0.563127,0.305088,1.072125,0.563127,0.305088,0.019448,0.019448,0.020155,3
133,2.660000,5,gripper_r_finger1,1.181294,0.567329,0.291768,1.186185,0.547556,0.298474,1.186185,0.547556,0.298474,0.021444,0.021444,0.021781,2
133,2.660000,6,gripper_r_finger2,1.263002,0.462812,0.301303,1.265797,0.443147,0.308605,1.265797,0.443147,0.308605,0.021163,0.021163,0.021513,4
134,2.680000,1,gripper_l_palm,-1.144401,0.809413,0.356564,-1.144464,0.809152,0.355109,-1.144464,0.809152,0.355109,0.001480,0.001480,0.001521,7
134,2.680000,2,gripper_l_finger1,-1.392187,0.814408,0.372753,-1.392241,0.814109,0.371082,-1.392241,0.814109,0.371082,0.001698,0.001698,0.001707,6
134,2.680000,3,gripper_l_finger2,-1.284923,0.799351,0.366632,-1.284815,0.799071,0.365040,-1.284815,0.799071,0.365040,0.001620,0.001620,0.001630,0
134,2.680000,4,gripper_r_palm,1.065590,0.576985,0.299241,1.070206,0.559103,0.304888,1.070206,0.559103,0.304888,0.019312,0.019312,0.020009,3
134,2.680000,5,gripper_r_finger1,1.179658,0.561218,0.292704,1.184344,0.541454,0.299101,1.184344,0.541454,0.299101,0.021296,0.021296,0.021636,2
134,2.680000,6,gripper_r_finger2,1.259054,0.456828,0.302892,1.261671,0.437234,0.309863,1.261671,0.437234,0.309863,0.020961,0.020961,0.021313,4
135,2.700000,1,gripper_l_palm,-1.144352,0.809274,0.356468,-1.144402,0.809041,0.355017,-1.144402,0.809041,0.355017,0.001471,0.001471,0.001511,7
135,2.700000,2,gripper_l_finger1,-1.392127,0.814228,0.372420,-1.392166,0.813961,0.370754,-1.392166,0.813961,0.370754,0.001688,0.001688,0.001697,6
135,2.700000,3,gripper_l_finger2,-1.284685,0.799192,0.366386,-1.284565,0.798943,0.364798,-1.284565,0.798943,0.364798,0.001611,0.001611,0.001622,0
135,2.700000,4,gripper_r_palm,1.063545,0.572697,0.299253,1.068059,0.554762,0.304587,1.068059,0.554762,0.304587,0.019248,0.019248,0.019938,3
135,2.700000,5,gripper_r_finger1,1.177680,0.554852,0.293543,1.182167,0.535019,0.299627,1.182167,0.535019,0.299627,0.021224,0.021224,0.021567,2
135,2.700000,6,gripper_r_finger2,1.254794,0.450657,0.304360,1.257235,0.431058,0.310997,1.257235,0.431058,0.310997,0.020836,0.020836,0.021190,4
136,2.720000,1,gripper_l_palm,-1.144306,0.809158,0.356368,-1.144341,0.808956,0.354922,-1.144341,0.808956,0.354922,0.001460,0.001460,0.001501,7
136,2.720000,2,gripper_l_finger1,-1.392069,0.814075,0.372082,-1.392092,0.813843,0.370423,-1.392092,0.813843,0.370423,0.001675,0.001675,0.001685,6
136,2.720000,3,gripper_l_finger2,-1.284451,0.799058,0.366134,-1.284317,0.798844,0.364554,-1.284317,0.798844,0.364554,0.001601,0.001601,0.001611,0
136,2.720000,4,gripper_r_palm,1.061267,0.568117,0.299160,1.065678,0.550109,0.304178,1.065678,0.550109,0.304178,0.019207,0.019207,0.019890,3
136,2.720000,5,gripper_r_finger1,1.175361,0.548176,0.294278,1.179644,0.528259,0.300044,1.179644,0.528259,0.300044,0.021173,0.021173,0.021520,2
136,2.720000,6,gripper_r_finger2,1.250219,0.444247,0.305701,1.252481,0.424625,0.312002,1.252481,0.424625,0.312002,0.020732,0.020732,0.021089,4
137,2.740000,1,gripper_l_palm,-1.144258,0.809067,0.356261,-1.144280,0.808890,0.354825,-1.144280,0.808890,0.354825,0.001448,0.001448,0.001489,7
137,2.740000,2,gripper_l_finger1,-1.392008,0.813952,0.371740,-1.392018,0.813749,0.370090,-1.392018,0.813749,0.370090,0.001662,0.001662,0.001672,6
137,2.740000,3,gripper_l_finger2,-1.284217,0.798954,0.365879,-1.284070,0.798769,0.364307,-1.284070,0.798769,0.364307,0.001589,0.001589,0.001599,0
137,2.740000,4,gripper_r_palm,1.058755,0.563215,0.298959,1.063052,0.545147,0.303655,1.063052,0.545147,0.303655,0.019156,0.019156,0.019830,3
137,2.740000,5,gripper_r_finger1,1.172698,0.541165,0.294903,1.176764,0.521179,0.300344,1.176764,0.521179,0.300344,0.021109,0.021109,0.021459,2
137,2.740000,6,gripper_r_finger2,1.245327,0.437570,0.306912,1.247403,0.417941,0.312870,1.247403,0.417941,0.312870,0.020618,0.020618,0.020977,4
138,2.760000,1,gripper_l_palm,-1.144204,0.808999,0.356150,-1.144220,0.808834,0.354726,-1.144220,0.808834,0.354726,0.001433,0.001433,0.001474,7
138,2.760000,2,gripper_l_finger1,-1.391941,0.813856,0.371393,-1.391945,0.813667,0.369757,-1.391945,0.813667,0.369757,0.001647,0.001647,0.001657,6
138,2.760000,3,gripper_l_finger2,-1.283977,0.798877,0.365618,-1.283825,0.798708,0.364059,-1.283825,0.798708,0.364059,0.001575,0.001575,0.001585,0
138,2.760000,4,gripper_r_palm,1.056003,0.557977,0.298645,1.060174,0.539875,0.303012,1.060174,0.539875,0.303012,0.019083,0.019083,0.019747,3
138,2.760000,5,gripper_r_finger1,1.169680,0.533810,0.295411,1.173518,0.513786,0.300519,1.173518,0.513786,0.300519,0.021018,0.021018,0.021371,2
138,2.760000,6,gripper_r_finger2,1.240116,0.430616,0.307986,1.241998,0.411010,0.313592,1.241998,0.411010,0.313592,0.020478,0.020478,0.020839,4
139,2.780000,1,gripper_l_palm,-1.144144,0.808941,0.356036,-1.144161,0.808778,0.354626,-1.144161,0.808778,0.354626,0.001419,0.001419,0.001460,7
139,2.780000,2,gripper_l_finger1,-1.391869,0.813772,0.371045,-1.391870,0.813586,0.369425,-1.391870,0.813586,0.369425,0.001631,0.001631,0.001640,6
139,2.780000,3,gripper_l_finger2,-1.283732,0.798814,0.365355,-1.283580,0.798650,0.363811,-1.283580,0.798650,0.363811,0.001560,0.001560,0.001570,0
139,2.780000,4,gripper_r_palm,1.052999,0.552402,0.298213,1.057030,0.534293,0.302245,1.057030,0.534293,0.302245,0.018986,0.018986,0.019639,3
139,2.780000,5,gripper_r_finger1,1.166298,0.526114,0.295796,1.169894,0.506087,0.300563,1.169894,0.506087,0.300563,0.020898,0.020898,0.021253,2
139,2.780000,6,gripper_r_finger2,1.234578,0.423388,0.308917,1.236258,0.403837,0.314165,1.236258,0.403837,0.314165,0.020313,0.020313,0.020674,4
140,2.800000,1,gripper_l_palm,-1.144081,0.808884,0.355921,-1.144101,0.808718,0.354527,-1.144101,0.808718,0.354527,0.001404,0.001404,0.001445,7
140,2.800000,2,gripper_l_finger1,-1.391791,0.813689,0.370698,-1.391796,0.813500,0.369093,-1.391796,0.813500,0.369093,0.001616,0.001616,0.001625,6
140,2.800000,3,gripper_l_finger2,-1.283484,0.798756,0.365092,-1.283335,0.798590,0.363564,-1.283335,0.798590,0.363564,0.001544,0.001544,0.001554,0
140,2.800000,4,gripper_r_palm,1.049729,0.546492,0.297657,1.053609,0.528400,0.301350,1.053609,0.528400,0.301350,0.018869,0.018869,0.019510,3
140,2.800000,5,gripper_r_finger1,1.162537,0.518089,0.296051,1.165879,0.498086,0.300470,1.165879,0.498086,0.300470,0.020756,0.020756,0.021112,2
140,2.800000,6,gripper_r_finger2,1.228707,0.415895,0.309699,1.230178,0.396425,0.314583,1.230178,0.396425,0.314583,0.020127,0.020127,0.020489,4
141,2.820000,1,gripper_l_palm,-1.144019,0.808823,0.355807,-1.144040,0.808651,0.354427,-1.144040,0.808651,0.354427,0.001390,0.001390,0.001431,7
141,2.820000,2,gripper_l_finger1,-1.391712,0.813603,0.370352,-1.391720,0.813407,0.368763,-1.391720,0.813407,0.368763,0.001601,0.001601,0.001610,6
141,2.820000,3,gripper_l_finger2,-1.283235,0.798695,0.364830,-1.283090,0.798526,0.363317,-1.283090,0.798526,0.363317,0.001529,0.001529,0.001539,0
141,2.820000,4,gripper_r_palm,1.046181,0.540256,0.296975,1.049900,0.522198,0.300324,1.049900,0.522198,0.300324,0.018739,0.018739,0.019367,3
141,2.820000,5,gripper_r_finger1,1.158385,0.509745,0.296170,1.161462,0.489790,0.300236,1.161462,0.489790,0.300236,0.020597,0.020597,0.020954,2
141,2.820000,6,gripper_r_finger2,1.222494,0.408146,0.310328,1.223750,0.388779,0.314844,1.223750,0.388779,0.314844,0.019927,0.019927,0.020289,4
142,2.840000,1,gripper_l_palm,-1.143956,0.808757,0.355693,-1.143980,0.808583,0.354329,-1.143980,0.808583,0.354329,0.001376,0.001376,0.001416,7
142,2.840000,2,gripper_l_finger1,-1.391635,0.813510,0.370008,-1.391644,0.813311,0.368435,-1.391644,0.813311,0.368435,0.001585,0.001585,0.001595,6
142,2.840000,3,gripper_l_finger2,-1.282988,0.798632,0.364569,-1.282845,0.798460,0.363072,-1.282845,0.798460,0.363072,0.001514,0.001514,0.001524,0
142,2.840000,4,gripper_r_palm,1.042342,0.533701,0.296162,1.045889,0.515692,0.299166,1.045889,0.515692,0.299166,0.018599,0.018599,0.019214,3
142,2.840000,5,gripper_r_finger1,1.153828,0.501098,0.296148,1.156632,0.481208,0.299860,1.156632,0.481208,0.299860,0.020427,0.020427,0.020785,2
142,2.840000,6,gripper_r_finger2,1.215932,0.400155,0.310798,1.216967,0.380905,0.314946,1.216967,0.380905,0.314946,0.019719,0.019719,0.020080,4
143,2.860000,1,gripper_l_palm,-1.143896,0.808688,0.355581,-1.143919,0.808517,0.354229,-1.143919,0.808517,0.354229,0.001362,0.001362,0.001402,7
143,2.860000,2,gripper_l_finger1,-1.391559,0.813414,0.369666,-1.391568,0.813219,0.368107,-1.391568,0.813219,0.368107,0.001571,0.001571,0.001580,6
143,2.860000,3,gripper_l_finger2,-1.282745,0.798566,0.364310,-1.282601,0.798399,0.362827,-1.282601,0.798399,0.362827,0.001500,0.001500,0.001510,0
143,2.860000,4,gripper_r_palm,1.038201,0.526839,0.295216,1.041568,0.508892,0.297877,1.041568,0.508892,0.297877,0.018454,0.018454,0.019055,3
143,2.860000,5,gripper_r_finger1,1.148857,0.492162,0.295982,1.151380,0.472353,0.299342,1.151380,0.472353,0.299342,0.020250,0.020250,0.020608,2
143,2.860000,6,gripper_r_finger2,1.209013,0.391932,0.311110,1.209822,0.372815,0.314892,1.209822,0.372815,0.314892,0.019504,0.019504,0.019865,4
144,2.880000,1,gripper_l_palm,-1.143840,0.808620,0.355468,-1.143859,0.808458,0.354130,-1.143859,0.808458,0.354130,0.001348,0.001348,0.001388,7
144,2.880000,2,gripper_l_finger1,-1.391488,0.813320,0.369324,-1.391492,0.813135,0.367780,-1.391492,0.813135,0.367780,0.001555,0.001555,0.001564,6
144,2.880000,3,gripper_l_finger2,-1.282505,0.798503,0.364051,-1.282359,0.798348,0.362582,-1.282359,0.798348,0.362582,0.001484,0.001484,0.001494,0
144,2.880000,4,gripper_r_palm,1.033748,0.519683,0.294136,1.036926,0.501809,0.296457,1.036926,0.501809,0.296457,0.018302,0.018302,0.018889,3
144,2.880000,5,gripper_r_finger1,1.143462,0.482953,0.295672,1.145699,0.463241,0.298682,1.145699,0.463241,0.298682,0.020066,0.020066,0.020424,2
144,2.880000,6,gripper_r_finger2,1.201732,0.383493,0.311264,1.202312,0.364523,0.314684,1.202312,0.364523,0.314684,0.019285,0.019285,0.019645,4
145,2.900000,1,gripper_l_palm,-1.143787,0.808559,0.355354,-1.143800,0.808409,0.354029,-1.143800,0.808409,0.354029,0.001334,0.001334,0.001374,7
145,2.900000,2,gripper_l_finger1,-1.391418,0.813234,0.368984,-1.391417,0.813063,0.367454,-1.391417,0.813063,0.367454,0.001540,0.001540,0.001549,6
145,2.900000,3,gripper_l_finger2,-1.282269,0.798449,0.363793,-1.282118,0.798308,0.362337,-1.282118,0.798308,0.362337,0.001471,0.001471,0.001481,0
145,2.900000,4,gripper_r_palm,1.028975,0.512248,0.292923,1.031957,0.494461,0.294909,1.031957,0.494461,0.294909,0.018144,0.018144,0.018716,3
145,2.900000,5,gripper_r_finger1,1.137640,0.473491,0.295219,1.139581,0.453892,0.297883,1.139581,0.453892,0.297883,0.019875,0.019875,0.020232,2
145,2.900000,6,gripper_r_finger2,1.194087,0.374856,0.311261,1.194432,0.356047,0.314327,1.194432,0.356047,0.314327,0.019061,0.019061,0.019419,4
146,2.920000,1,gripper_l_palm,-1.143734,0.808506,0.355243,-1.143742,0.808370,0.353927,-1.143742,0.808370,0.353927,0.001323,0.001323,0.001363,7
146,2.920000,2,gripper_l_finger1,-1.391349,0.813158,0.368647,-1.391341,0.813003,0.367127,-1.391341,0.813003,0.367127,0.001527,0.001527,0.001537,6
146,2.920000,3,gripper_l_finger2,-1.282035,0.798406,0.363538,-1.281878,0.798280,0.362092,-1.281878,0.798280,0.362092,0.001460,0.001460,0.001469,0
146,2.920000,4,gripper_r_palm,1.023878,0.504554,0.291581,1.026655,0.486869,0.293238,1.026655,0.486869,0.293238,0.017978,0.017978,0.018534,3
146,2.920000,5,gripper_r_finger1,1.131384,0.463800,0.294624,1.133027,0.444332,0.296950,1.133027,0.444332,0.296950,0.019676,0.019676,0.020032,2
146,2.920000,6,gripper_r_finger2,1.186076,0.366043,0.311107,1.186184,0.347411,0.313827,1.186184,0.347411,0.313827,0.018830,0.018830,0.019187,4
147,2.940000,1,gripper_l_palm,-1.143681,0.808464,0.355131,-1.143683,0.808338,0.353825,-1.143683,0.808338,0.353825,0.001312,0.001312,0.001351,7
147,2.940000,2,gripper_l_finger1,-1.391279,0.813095,0.368310,-1.391265,0.812953,0.366802,-1.391265,0.812953,0.366802,0.001515,0.001515,0.001524,6
147,2.940000,3,gripper_l_finger2,-1.281801,0.798375,0.363282,-1.281641,0.798262,0.361847,-1.281641,0.798262,0.361847,0.001448,0.001448,0.001458,0
147,2.940000,4,gripper_r_palm,1.018453,0.496624,0.290112,1.021019,0.479059,0.291449,1.021019,0.479059,0.291449,0.017802,0.017802,0.018342,3
147,2.940000,5,gripper_r_finger1,1.124698,0.453905,0.293892,1.126036,0.434589,0.295890,1.126036,0.434589,0.295890,0.019465,0.019465,0.019820,2
147,2.940000,6,gripper_r_finger2,1.177703,0.357077,0.310807,1.177571,0.338641,0.313191,1.177571,0.338641,0.313191,0.018590,0.018590,0.018945,4
148,2.960000,1,gripper_l_palm,-1.143626,0.808429,0.355011,-1.143625,0.808312,0.353722,-1.143625,0.808312,0.353722,0.001295,0.001295,0.001334,6
148,2.960000,2,gripper_l_finger1,-1.391208,0.813042,0.367968,-1.391190,0.812909,0.366477,-1.391190,0.812909,0.366477,0.001497,0.001497,0.001506,4
148,2.960000,3,gripper_l_finger2,-1.281567,0.798355,0.363021,-1.281404,0.798253,0.361602,-1.281404,0.798253,0.361602,0.001432,0.001432,0.001441,0
148,2.960000,4,gripper_r_palm,1.012703,0.488483,0.288521,1.015050,0.471060,0.289549,1.015050,0.471060,0.289549,0.017611,0.017611,0.018134,3
148,2.960000,5,gripper_r_finger1,1.117583,0.443836,0.293029,1.118614,0.424698,0.294710,1.118614,0.424698,0.294710,0.019239,0.019239,0.019593,2
148,2.960000,6,gripper_r_finger2,1.168973,0.347984,0.310369,1.168601,0.329767,0.312428,1.168601,0.329767,0.312428,0.018336,0.018336,0.018689,4
149,2.980000,1,gripper_l_palm,-1.143572,0.808401,0.354889,-1.143568,0.808289,0.353618,-1.143568,0.808289,0.353618,0.001277,0.001277,0.001316,6
149,2.980000,2,gripper_l_finger1,-1.391133,0.812997,0.367624,-1.391114,0.812870,0.366153,-1.391114,0.812870,0.366153,0.001477,0.001477,0.001486,4
149,2.980000,3,gripper_l_finger2,-1.281333,0.798343,0.362757,-1.281168,0.798250,0.361358,-1.281168,0.798250,0.361358,0.001412,0.001412,0.001421,2
149,2.980000,4,gripper_r_palm,1.006629,0.480161,0.286816,1.008753,0.462904,0.287547,1.008753,0.462904,0.287547,0.017403,0.017403,0.017909,3
149,2.980000,5,gripper_r_finger1,1.110049,0.433625,0.292043,1.110771,0.414694,0.293419,1.110771,0.414694,0.293419,0.018995,0.018995,0.019347,2
149,2.980000,6,gripper_r_finger2,1.159897,0.338796,0.309800,1.159285,0.320824,0.311550,1.159285,0.320824,0.311550,0.018067,0.018067,0.018416,4
150,3.000000,1,gripper_l_palm,-1.143515,0.808376,0.354767,-1.143511,0.808268,0.353513,-1.143511,0.808268,0.353513,0.001258,0.001258,0.001297,6
150,3.000000,2,gripper_l_finger1,-1.391059,0.812956,0.367282,-1.391038,0.812834,0.365830,-1.391038,0.812834,0.365830,0.001457,0.001457,0.001466,4
150,3.000000,3,gripper_l_finger2,-1.281098,0.798339,0.362494,-1.280934,0.798251,0.361114,-1.280934,0.798251,0.361114,0.001393,0.001393,0.001402,2
150,3.000000,4,gripper_r_palm,1.000242,0.471691,0.285005,1.002136,0.454626,0.285453,1.002136,0.454626,0.285453,0.017176,0.017176,0.017664,3
150,3.000000,5,gripper_r_finger1,1.102107,0.423312,0.290944,1.102520,0.404617,0.292029,1.102520,0.404617,0.292029,0.018732,0.018732,0.019080,2
150,3.000000,6,gripper_r_finger2,1.150489,0.329547,0.309112,1.149639,0.311847,0.310567,1.149639,0.311847,0.310567,0.017780,0.017780,0.018126,4
151,3.020000,1,gripper_l_palm,-1.143458,0.808354,0.354644,-1.143454,0.808250,0.353409,-1.143454,0.808250,0.353409,0.001240,0.001240,0.001278,6
151,3.020000,2,gripper_l_finger1,-1.390985,0.812918,0.366941,-1.390963,0.812801,0.365510,-1.390963,0.812801,0.365510,0.001437,0.001437,0.001446,4
151,3.020000,3,gripper_l_finger2,-1.280866,0.798339,0.362231,-1.280702,0.798258,0.360870,-1.280702,0.798258,0.360870,0.001373,0.001373,0.001383,2
151,3.020000,4,gripper_r_palm,0.993551,0.463110,0.283098,0.995212,0.446265,0.283278,0.995212,0.446265,0.283278,0.016927,0.016927,0.017397,3
151,3.020000,5,gripper_r_finger1,1.093773,0.412936,0.289740,1.093880,0.394508,0.290552,1.093880,0.394508,0.290552,0.018446,0.018446,0.018790,2
151,3.020000,6,gripper_r_finger2,1.140768,0.320273,0.308315,1.139683,0.302874,0.309493,1.139683,0.302874,0.309493,0.017473,0.017473,0.017817,0
152,3.040000,1,gripper_l_palm,-1.143404,0.808334,0.354522,-1.143397,0.808235,0.353304,-1.143397,0.808235,0.353304,0.001222,0.001222,0.001260,6
152,3.040000,2,gripper_l_finger1,-1.390911,0.812884,0.366602,-1.390887,0.812772,0.365190,-1.390887,0.812772,0.365190,0.001417,0.001417,0.001426,4
152,3.040000,3,gripper_l_finger2,-1.280635,0.798344,0.361970,-1.280470,0.798270,0.360627,-1.280470,0.798270,0.360627,0.001355,0.001355,0.001365,2
152,3.040000,4,gripper_r_palm,0.986571,0.454455,0.281109,0.987998,0.437861,0.281037,0.987998,0.437861,0.281037,0.016656,0.016656,0.017106,3
152,3.040000,5,gripper_r_finger1,1.085070,0.402539,0.288447,1.084875,0.384413,0.289002,1.084875,0.384413,0.289002,0.018136,0.018136,0.018475,2
152,3.040000,6,gripper_r_finger2,1.130757,0.311015,0.307424,1.129442,0.293945,0.308341,1.129442,0.293945,0.308341,0.017145,0.017145,0.017488,0
153,3.060000,1,gripper_l_palm,-1.143351,0.808317,0.354400,-1.143341,0.808224,0.353199,-1.143341,0.808224,0.353199,0.001205,0.001205,0.001243,6
153,3.060000,2,gripper_l_finger1,-1.390838,0.812853,0.366265,-1.390812,0.812750,0.364871,-1.390812,0.812750,0.364871,0.001398,0.001398,0.001407,4
153,3.060000,3,gripper_l_finger2,-1.280407,0.798355,0.361710,-1.280241,0.798290,0.360384,-1.280241,0.798290,0.360384,0.001338,0.001338,0.001347,2
153,3.060000,4,gripper_r_palm,0.979323,0.445769,0.279050,0.980516,0.429455,0.278744,0.980516,0.429455,0.278744,0.016361,0.016361,0.016791,3
153,3.060000,5,gripper_r_finger1,1.076025,0.392169,0.287081,1.075534,0.374377,0.287396,1.075534,0.374377,0.287396,0.017801,0.017801,0.018140,6
153,3.060000,6,gripper_r_finger2,1.120484,0.301813,0.306455,1.118948,0.285102,0.307128,1.118948,0.285102,0.307128,0.016795,0.016795,0.017136,0
154,3.080000,1,gripper_l_palm,-1.143297,0.808304,0.354278,-1.143285,0.808219,0.353093,-1.143285,0.808219,0.353093,0.001188,0.001188,0.001226,6
154,3.080000,2,gripper_l_finger1,-1.390766,0.812829,0.365931,-1.390737,0.812733,0.364554,-1.390737,0.812733,0.364554,0.001380,0.001380,0.001389,4
154,3.080000,3,gripper_l_finger2,-1.280180,0.798373,0.361450,-1.280013,0.798316,0.360142,-1.280013,0.798316,0.360142,0.001320,0.001320,0.001330,2
154,3.080000,4,gripper_r_palm,0.971833,0.437094,0.276940,0.972794,0.421090,0.276417,0.972794,0.421090,0.276417,0.016041,0.016041,0.016451,3
154,3.080000,5,gripper_r_finger1,1.066671,0.381869,0.285656,1.065893,0.364446,0.285751,1.065893,0.364446,0.285751,0.017441,0.017441,0.017777,6
154,3.080000,6,gripper_r_finger2,1.109983,0.292709,0.305424,1.108235,0.276386,0.305872,1.108235,0.276386,0.305872,0.016422,0.016422,0.016760,0
155,3.100000,1,gripper_l_palm,-1.143243,0.808297,0.354156,-1.143230,0.808217,0.352987,-1.143230,0.808217,0.352987,0.001172,0.001172,0.001210,6
155,3.100000,2,gripper_l_finger1,-1.390694,0.812810,0.365598,-1.390662,0.812721,0.364239,-1.390662,0.812721,0.364239,0.001363,0.001363,0.001372,4
155,3.100000,3,gripper_l_finger2,-1.279956,0.798397,0.361193,-1.279787,0.798348,0.359902,-1.279787,0.798348,0.359902,0.001303,0.001303,0.001312,2
155,3.100000,4,gripper_r_palm,0.964130,0.428470,0.274793,0.964863,0.412811,0.274073,0.964863,0.412811,0.274073,0.015693,0.015693,0.016082,3
155,3.100000,5,gripper_r_finger1,1.057044,0.371684,0.284191,1.055993,0.354665,0.284085,1.055993,0.354665,0.284085,0.017052,0.017052,0.017385,6
155,3.100000,6,gripper_r_finger2,1.099294,0.283741,0.304348,1.097346,0.267839,0.304592,1.097346,0.267839,0.304592,0.016023,0.016023,0.016357,0
156,3.120000,1,gripper_l_palm,-1.143192,0.808293,0.354035,-1.143175,0.808219,0.352881,-1.143175,0.808219,0.352881,0.001156,0.001156,0.001194,6
156,3.120000,2,gripper_l_finger1,-1.390621,0.812797,0.365268,-1.390587,0.812714,0.363925,-1.390587,0.812714,0.363925,0.001345,0.001345,0.001354,4
156,3.120000,3,gripper_l_finger2,-1.279732,0.798427,0.360937,-1.279562,0.798384,0.359662,-1.279562,0.798384,0.359662,0.001287,0.001287,0.001297,2
156,3.120000,4,gripper_r_palm,0.956253,0.419910,0.272649,0.956760,0.404658,0.271731,0.956760,0.404658,0.271731,0.015289,0.015289,0.015671,7
156,3.120000,5,gripper_r_finger1,1.047195,0.361629,0.282725,1.045880,0.345083,0.282415,1.045880,0.345083,0.282415,0.016601,0.016601,0.016929,6
156,3.120000,6,gripper_r_finger2,1.088463,0.274921,0.303267,1.086328,0.259499,0.303302,1.086328,0.259499,0.303302,0.015569,0.015569,0.015897,0
157,3.140000,1,gripper_l_palm,-1.143143,0.808286,0.353916,-1.143122,0.808225,0.352776,-1.143122,0.808225,0.352776,0.001142,0.001142,0.001179,6
157,3.140000,2,gripper_l_finger1,-1.390553,0.812781,0.364941,-1.390513,0.812714,0.363614,-1.390513,0.812714,0.363614,0.001330,0.001330,0.001338,4
157,3.140000,3,gripper_l_finger2,-1.279514,0.798456,0.360684,-1.279340,0.798428,0.359424,-1.279340,0.798428,0.359424,0.001273,0.001273,0.001282,2
157,3.140000,4,gripper_r_palm,0.948245,0.411332,0.270545,0.948519,0.396675,0.269403,0.948519,0.396675,0.269403,0.014704,0.014704,0.015076,7
157,3.140000,5,gripper_r_finger1,1.037174,0.351639,0.281283,1.035593,0.335859,0.280644,1.035593,0.335859,0.280644,0.015872,0.015872,0.016192,6
157,3.140000,6,gripper_r_finger2,1.077547,0.266162,0.302200,1.075243,0.251405,0.301859,1.075243,0.251405,0.301859,0.014940,0.014940,0.015259,1
158,3.160000,1,gripper_l_palm,-1.143101,0.808276,0.353798,-1.143069,0.808235,0.352670,-1.143069,0.808235,0.352670,0.001129,0.001129,0.001167,6
158,3.160000,2,gripper_l_finger1,-1.390490,0.812765,0.364617,-1.390440,0.812721,0.363303,-1.390440,0.812721,0.363303,0.001316,0.001316,0.001324,4
158,3.160000,3,gripper_l_finger2,-1.279303,0.798483,0.360434,-1.279120,0.798478,0.359187,-1.279120,0.798478,0.359187,0.001260,0.001260,0.001270,2
158,3.160000,4,gripper_r_palm,0.940121,0.402806,0.268435,0.940171,0.388893,0.267067,0.940171,0.388893,0.267067,0.013980,0.013980,0.014337,7
158,3.160000,5,gripper_r_finger1,1.027002,0.341893,0.279715,1.025184,0.327048,0.278723,1.025184,0.327048,0.278723,0.014989,0.014989,0.015299,6
158,3.160000,6,gripper_r_finger2,1.066587,0.257529,0.300956,1.064140,0.243576,0.300204,1.064140,0.243576,0.300204,0.014186,0.014186,0.014499,1
159,3.180000,1,gripper_l_palm,-1.143054,0.808272,0.353678,-1.143018,0.808242,0.352565,-1.143018,0.808242,0.352565,0.001113,0.001113,0.001150,6
159,3.180000,2,gripper_l_finger1,-1.390423,0.812759,0.364292,-1.390368,0.812728,0.362996,-1.390368,0.812728,0.362996,0.001298,0.001298,0.001307,4
159,3.180000,3,gripper_l_finger2,-1.279090,0.798520,0.360182,-1.278903,0.798529,0.358951,-1.278903,0.798529,0.358951,0.001245,0.001245,0.001254,2
159,3.180000,4,gripper_r_palm,0.931880,0.394457,0.266244,0.931733,0.381309,0.264717,0.931733,0.381309,0.264717,0.013237,0.013237,0.013576,7
159,3.180000,5,gripper_r_finger1,1.016702,0.332534,0.277928,1.014700,0.318620,0.276673,1.014700,0.318620,0.276673,0.014113,0.014113,0.014415,7
159,3.180000,6,gripper_r_finger2,1.055601,0.249140,0.299430,1.053047,0.236003,0.298371,1.053047,0.236003,0.298371,0.013424,0.013424,0.013729,1
160,3.200000,1,gripper_l_palm,-1.142998,0.808271,0.353556,-1.142967,0.808231,0.352464,-1.142967,0.808231,0.352464,0.001094,0.001094,0.001130,6
160,3.200000,2,gripper_l_finger1,-1.390346,0.812756,0.363968,-1.390296,0.812715,0.362694,-1.390296,0.812715,0.362694,0.001276,0.001276,0.001285,4
160,3.200000,3,gripper_l_finger2,-1.278868,0.798562,0.359930,-1.278687,0.798563,0.358720,-1.278687,0.798563,0.358720,0.001223,0.001223,0.001232,2
160,3.200000,4,gripper_r_palm,0.923529,0.386293,0.263968,0.923212,0.373915,0.262343,0.923212,0.373915,0.262343,0.012488,0.012488,0.012808,7
160,3.200000,5,gripper_r_finger1,1.006307,0.323541,0.275943,1.004168,0.310542,0.274506,1.004168,0.310542,0.274506,0.013251,0.013251,0.013544,7
160,3.200000,6,gripper_r_finger2,1.044603,0.240991,0.297659,1.041979,0.228671,0.296383,1.041979,0.228671,0.296383,0.012662,0.012662,0.012956,1
161,3.220000,1,gripper_l_palm,-1.142932,0.808257,0.353437,-1.142915,0.808190,0.352367,-1.142915,0.808190,0.352367,0.001073,0.001073,0.001109,6
161,3.220000,2,gripper_l_finger1,-1.390258,0.812741,0.363649,-1.390223,0.812668,0.362399,-1.390223,0.812668,0.362399,0.001253,0.001253,0.001262,4
161,3.220000,3,gripper_l_finger2,-1.278636,0.798593,0.359682,-1.278471,0.798567,0.358495,-1.278471,0.798567,0.358495,0.001199,0.001199,0.001208,2
161,3.220000,4,gripper_r_palm,0.915073,0.378337,0.261623,0.914609,0.366706,0.259943,0.914609,0.366706,0.259943,0.011760,0.011760,0.012061,7
161,3.220000,5,gripper_r_finger1,0.995845,0.314913,0.273797,0.993602,0.302785,0.272236,0.993602,0.302785,0.272236,0.012431,0.012431,0.012714,7
161,3.220000,6,gripper_r_finger2,1.033612,0.233101,0.295689,1.030940,0.221566,0.294260,1.030940,0.221566,0.294260,0.011926,0.011926,0.012210,1
162,3.240000,1,gripper_l_palm,-1.142860,0.808217,0.353325,-1.142862,0.808115,0.352276,-1.142862,0.808115,0.352276,0.001054,0.001054,0.001090,6
162,3.240000,2,gripper_l_finger1,-1.390166,0.812694,0.363339,-1.390150,0.812582,0.362112,-1.390150,0.812582,0.362112,0.001232,0.001232,0.001241,4
162,3.240000,3,gripper_l_finger2,-1.278401,0.798598,0.359441,-1.278256,0.798534,0.358277,-1.278256,0.798534,0.358277,0.001175,0.001175,0.001184,2
162,3.240000,4,gripper_r_palm,0.906522,0.370608,0.259224,0.905931,0.359681,0.257514,0.905931,0.359681,0.257514,0.011076,0.011076,0.011369,5
162,3.240000,5,gripper_r_finger1,0.985336,0.306648,0.271524,0.983015,0.295329,0.269879,0.983015,0.295329,0.269879,0.011670,0.011670,0.011942,7
162,3.240000,6,gripper_r_finger2,1.022634,0.225480,0.293559,1.019931,0.214682,0.292024,1.019931,0.214682,0.292024,0.011237,0.011237,0.011509,1
163,3.260000,1,gripper_l_palm,-1.142789,0.808144,0.353221,-1.142809,0.808011,0.352190,-1.142809,0.808011,0.352190,0.001039,0.001039,0.001075,6
163,3.260000,2,gripper_l_finger1,-1.390075,0.812609,0.363039,-1.390076,0.812461,0.361833,-1.390076,0.812461,0.361833,0.001215,0.001215,0.001223,4
163,3.260000,3,gripper_l_finger2,-1.278168,0.798566,0.359210,-1.278041,0.798468,0.358066,-1.278041,0.798468,0.358066,0.001155,0.001155,0.001164,2
163,3.260000,4,gripper_r_palm,0.897889,0.363118,0.256783,0.897186,0.352843,0.255061,0.897186,0.352843,0.255061,0.010443,0.010443,0.010733,5
163,3.260000,5,gripper_r_finger1,0.974799,0.298736,0.269150,0.972416,0.288161,0.267447,0.972416,0.288161,0.267447,0.010974,0.010974,0.011235,7
163,3.260000,6,gripper_r_finger2,1.011680,0.218135,0.291305,1.008956,0.208018,0.289694,1.008956,0.208018,0.289694,0.010600,0.010600,0.010862,1
164,3.280000,1,gripper_l_palm,-1.142725,0.808039,0.353123,-1.142756,0.807885,0.352109,-1.142756,0.807885,0.352109,0.001026,0.001026,0.001061,6
164,3.280000,2,gripper_l_finger1,-1.389990,0.812487,0.362748,-1.390003,0.812315,0.361561,-1.390003,0.812315,0.361561,0.001199,0.001199,0.001208,4
164,3.280000,3,gripper_l_finger2,-1.277941,0.798499,0.358988,-1.277828,0.798378,0.357862,-1.277828,0.798378,0.357862,0.001138,0.001138,0.001146,2
164,3.280000,4,gripper_r_palm,0.889194,0.355961,0.254339,0.888384,0.346206,0.252587,0.888384,0.346206,0.252587,0.009944,0.009944,0.010235,5
164,3.280000,5,gripper_r_finger1,0.964254,0.291256,0.266724,0.961800,0.281277,0.264957,0.961800,0.281277,0.264957,0.010427,0.010427,0.010681,7
164,3.280000,6,gripper_r_finger2,1.000763,0.211154,0.288980,0.998002,0.201585,0.287291,0.998002,0.201585,0.287291,0.010102,0.010102,0.010356,1
165,3.300000,1,gripper_l_palm,-1.142665,0.807911,0.353030,-1.142703,0.807746,0.352032,-1.142703,0.807746,0.352032,0.001012,0.001012,0.001046,6
165,3.300000,2,gripper_l_finger1,-1.389911,0.812339,0.362465,-1.389930,0.812156,0.361297,-1.389930,0.812156,0.361297,0.001183,0.001183,0.001191,4
165,3.300000,3,gripper_l_finger2,-1.277723,0.798407,0.358772,-1.277617,0.798274,0.357664,-1.277617,0.798274,0.357664,0.001121,0.001121,0.001129,2
165,3.300000,4,gripper_r_palm,0.880454,0.349109,0.251890,0.879541,0.339785,0.250102,0.879541,0.339785,0.250102,0.009538,0.009538,0.009830,5
165,3.300000,5,gripper_r_finger1,0.953702,0.284164,0.264255,0.951166,0.274681,0.262423,0.951166,0.274681,0.262423,0.009986,0.009986,0.010234,7
165,3.300000,6,gripper_r_finger2,0.989874,0.204510,0.286596,0.987062,0.195396,0.284831,0.987062,0.195396,0.284831,0.009699,0.009699,0.009947,1
166,3.320000,1,gripper_l_palm,-1.142610,0.807769,0.352939,-1.142650,0.807600,0.351957,-1.142650,0.807600,0.351957,0.000997,0.000997,0.001031,6
166,3.320000,2,gripper_l_finger1,-1.389835,0.812176,0.362187,-1.389857,0.811988,0.361038,-1.389857,0.811988,0.361038,0.001165,0.001165,0.001173,4
166,3.320000,3,gripper_l_finger2,-1.277510,0.798300,0.358560,-1.277409,0.798162,0.357471,-1.277409,0.798162,0.357471,0.001103,0.001103,0.001111,2
166,3.320000,4,gripper_r_palm,0.871674,0.342451,0.249407,0.870676,0.333581,0.247610,0.870676,0.333581,0.247610,0.009105,0.009105,0.009396,5
166,3.320000,5,gripper_r_finger1,0.943135,0.277338,0.261720,0.940551,0.268367,0.259858,0.940551,0.268367,0.259858,0.009519,0.009519,0.009760,7
166,3.320000,6,gripper_r_finger2,0.979005,0.198086,0.284135,0.976170,0.189450,0.282331,0.976170,0.189450,0.282331,0.009267,0.009267,0.009507,1
167,3.340000,1,gripper_l_palm,-1.142555,0.807620,0.352852,-1.142598,0.807447,0.351886,-1.142598,0.807447,0.351886,0.000982,0.000982,0.001015,6
167,3.340000,2,gripper_l_finger1,-1.389761,0.812005,0.361915,-1.389785,0.811812,0.360785,-1.389785,0.811812,0.360785,0.001147,0.001147,0.001155,4
167,3.340000,3,gripper_l_finger2,-1.277300,0.798184,0.358354,-1.277204,0.798041,0.357283,-1.277204,0.798041,0.357283,0.001085,0.001085,0.001093,2
167,3.340000,4,gripper_r_palm,0.862875,0.335992,0.246900,0.861808,0.327596,0.245119,0.861808,0.327596,0.245119,0.008648,0.008648,0.008935,5
167,3.340000,5,gripper_r_finger1,0.932591,0.270773,0.259139,0.929985,0.262328,0.257277,0.929985,0.262328,0.257277,0.009032,0.009032,0.009263,7
167,3.340000,6,gripper_r_finger2,0.968186,0.191886,0.281618,0.965353,0.183744,0.279807,0.965353,0.183744,0.279807,0.008810,0.008810,0.009040,1
168,3.360000,1,gripper_l_palm,-1.142499,0.807464,0.352768,-1.142546,0.807284,0.351818,-1.142546,0.807284,0.351818,0.000968,0.000968,0.001000,6
168,3.360000,2,gripper_l_finger1,-1.389686,0.811826,0.361650,-1.389714,0.811625,0.360538,-1.389714,0.811625,0.360538,0.001130,0.001130,0.001138,4
168,3.360000,3,gripper_l_finger2,-1.277090,0.798060,0.358154,-1.277000,0.797909,0.357101,-1.277000,0.797909,0.357101,0.001068,0.001068,0.001076,0
168,3.360000,4,gripper_r_palm,0.854079,0.329756,0.244388,0.852957,0.321835,0.242638,0.852957,0.321835,0.242638,0.008189,0.008189,0.008471,5
168,3.360000,5,gripper_r_finger1,0.922102,0.264487,0.256535,0.919492,0.256559,0.254692,0.919492,0.256559,0.254692,0.008547,0.008547,0.008768,7
168,3.360000,6,gripper_r_finger2,0.957448,0.185930,0.279070,0.954633,0.178277,0.277272,0.954633,0.178277,0.277272,0.008350,0.008350,0.008570,1
169,3.380000,1,gripper_l_palm,-1.142441,0.807299,0.352688,-1.142495,0.807109,0.351754,-1.142495,0.807109,0.351754,0.000954,0.000954,0.000986,6
169,3.380000,2,gripper_l_finger1,-1.389607,0.811638,0.361392,-1.389643,0.811425,0.360299,-1.389643,0.811425,0.360299,0.001114,0.001114,0.001122,4
169,3.380000,3,gripper_l_finger2,-1.276881,0.797927,0.357960,-1.276799,0.797763,0.356925,-1.276799,0.797763,0.356925,0.001051,0.001051,0.001059,0
169,3.380000,4,gripper_r_palm,0.845308,0.323758,0.241884,0.844144,0.316300,0.240173,0.844144,0.316300,0.240173,0.007740,0.007740,0.008015,5
169,3.380000,5,gripper_r_finger1,0.911695,0.258486,0.253928,0.909097,0.251058,0.252117,0.909097,0.251058,0.252117,0.008074,0.008074,0.008286,7
169,3.380000,6,gripper_r_finger2,0.946816,0.180229,0.276513,0.944032,0.173051,0.274742,0.944032,0.173051,0.274742,0.007900,0.007900,0.008110,1
170,3.400000,1,gripper_l_palm,-1.142383,0.807123,0.352612,-1.142443,0.806921,0.351693,-1.142443,0.806921,0.351693,0.000943,0.000943,0.000974,6
170,3.400000,2,gripper_l_finger1,-1.389529,0.811436,0.361140,-1.389572,0.811210,0.360065,-1.389572,0.811210,0.360065,0.001100,0.001100,0.001108,4
170,3.400000,3,gripper_l_finger2,-1.276674,0.797780,0.357772,-1.276600,0.797603,0.356753,-1.276600,0.797603,0.356753,0.001036,0.001036,0.001044,0
170,3.400000,4,gripper_r_palm,0.836587,0.318006,0.239401,0.835391,0.310996,0.237735,0.835391,0.310996,0.237735,0.007303,0.007303,0.007571,5
170,3.400000,5,gripper_r_finger1,0.901397,0.252771,0.251333,0.898823,0.245822,0.249564,0.898823,0.245822,0.249564,0.007618,0.007618,0.007819,7
170,3.400000,6,gripper_r_finger2,0.936314,0.174787,0.273962,0.933571,0.168067,0.272229,0.933571,0.168067,0.272229,0.007462,0.007462,0.007662,1
171,3.420000,1,gripper_l_palm,-1.142326,0.806934,0.352541,-1.142392,0.806723,0.351635,-1.142392,0.806723,0.351635,0.000932,0.000932,0.000963,6
171,3.420000,2,gripper_l_finger1,-1.389453,0.811220,0.360896,-1.389502,0.810983,0.359837,-1.389502,0.810983,0.359837,0.001086,0.001086,0.001094,4
171,3.420000,3,gripper_l_finger2,-1.276469,0.797619,0.357590,-1.276403,0.797430,0.356587,-1.276403,0.797430,0.356587,0.001023,0.001023,0.001030,0
171,3.420000,4,gripper_r_palm,0.827938,0.312502,0.236946,0.826720,0.305927,0.235331,0.826720,0.305927,0.235331,0.006879,0.006879,0.007140,5
171,3.420000,5,gripper_r_finger1,0.891233,0.247338,0.248763,0.888694,0.240850,0.247042,0.888694,0.240850,0.247042,0.007177,0.007177,0.007368,7
171,3.420000,6,gripper_r_finger2,0.925965,0.169604,0.271432,0.923274,0.163325,0.269744,0.923274,0.163325,0.269744,0.007037,0.007037,0.007226,1
172,3.440000,1,gripper_l_palm,-1.142272,0.806735,0.352473,-1.142341,0.806518,0.351581,-1.142341,0.806518,0.351581,0.000921,0.000921,0.000951,6
172,3.440000,2,gripper_l_finger1,-1.389380,0.810992,0.360659,-1.389432,0.810748,0.359615,-1.389432,0.810748,0.359615,0.001073,0.001073,0.001081,4
172,3.440000,3,gripper_l_finger2,-1.276270,0.797444,0.357415,-1.276209,0.797250,0.356426,-1.276209,0.797250,0.356426,0.001009,0.001009,0.001017,0
172,3.440000,4,gripper_r_palm,0.819384,0.307249,0.234528,0.818155,0.301095,0.232968,0.818155,0.301095,0.232968,0.006466,0.006466,0.006719,5
172,3.440000,5,gripper_r_finger1,0.881226,0.242182,0.246228,0.878734,0.236137,0.244562,0.878734,0.236137,0.244562,0.006748,0.006748,0.006929,7
172,3.440000,6,gripper_r_finger2,0.915792,0.164677,0.268933,0.913162,0.158823,0.267298,0.913162,0.158823,0.267298,0.006622,0.006622,0.006801,1
173,3.460000,1,gripper_l_palm,-1.142220,0.806528,0.352406,-1.142291,0.806311,0.351528,-1.142291,0.806311,0.351528,0.000907,0.000907,0.000937,6
173,3.460000,2,gripper_l_finger1,-1.389309,0.810756,0.360425,-1.389363,0.810511,0.359397,-1.389363,0.810511,0.359397,0.001057,0.001057,0.001064,4
173,3.460000,3,gripper_l_finger2,-1.276075,0.797262,0.357241,-1.276018,0.797065,0.356269,-1.276018,0.797065,0.356269,0.000993,0.000993,0.001001,0
173,3.460000,4,gripper_r_palm,0.810947,0.302243,0.232153,0.809717,0.296499,0.230653,0.809717,0.296499,0.230653,0.006063,0.006063,0.006306,5
173,3.460000,5,gripper_r_finger1,0.871401,0.237298,0.243736,0.868967,0.231680,0.242131,0.868967,0.231680,0.242131,0.006330,0.006330,0.006501,7
173,3.460000,6,gripper_r_finger2,0.905817,0.160003,0.266475,0.903258,0.154561,0.264898,0.903258,0.154561,0.264898,0.006217,0.006217,0.006386,1
174,3.480000,1,gripper_l_palm,-1.142171,0.806319,0.352338,-1.142241,0.806103,0.351477,-1.142241,0.806103,0.351477,0.000891,0.000891,0.000920,6
174,3.480000,2,gripper_l_finger1,-1.389241,0.810516,0.360193,-1.389294,0.810274,0.359184,-1.389294,0.810274,0.359184,0.001039,0.001039,0.001046,4
174,3.480000,3,gripper_l_finger2,-1.275885,0.797076,0.357070,-1.275829,0.796881,0.356116,-1.275829,0.796881,0.356116,0.000976,0.000976,0.000983,0
174,3.480000,4,gripper_r_palm,0.802648,0.297484,0.229828,0.801426,0.292139,0.228391,0.801426,0.292139,0.228391,0.005668,0.005668,0.005901,5
174,3.480000,5,gripper_r_finger1,0.861780,0.232679,0.241296,0.859414,0.227474,0.239757,0.859414,0.227474,0.239757,0.005921,0.005921,0.006082,7
174,3.480000,6,gripper_r_finger2,0.896060,0.155576,0.264066,0.893582,0.150532,0.262551,0.893582,0.150532,0.262551,0.005820,0.005820,0.005979,1
175,3.500000,1,gripper_l_palm,-1.142123,0.806109,0.352273,-1.142192,0.805897,0.351427,-1.142192,0.805897,0.351427,0.000875,0.000875,0.000904,6
175,3.500000,2,gripper_l_finger1,-1.389174,0.810277,0.359966,-1.389226,0.810039,0.358975,-1.389226,0.810039,0.358975,0.001020,0.001020,0.001027,4
175,3.500000,3,gripper_l_finger2,-1.275698,0.796889,0.356902,-1.275643,0.796697,0.355966,-1.275643,0.796697,0.355966,0.000958,0.000958,0.000965,0
175,3.500000,4,gripper_r_palm,0.794508,0.292967,0.227558,0.793303,0.288012,0.226187,0.793303,0.288012,0.226187,0.005280,0.005280,0.005502,5
175,3.500000,5,gripper_r_finger1,0.852383,0.228317,0.238913,0.850098,0.223512,0.237443,0.850098,0.223512,0.237443,0.005520,0.005520,0.005670,7
175,3.500000,6,gripper_r_finger2,0.886541,0.151390,0.261710,0.884155,0.146732,0.260264,0.884155,0.146732,0.260264,0.005430,0.005430,0.005578,1
176,3.520000,1,gripper_l_palm,-1.142075,0.805901,0.352209,-1.142144,0.805693,0.351378,-1.142144,0.805693,0.351378,0.000860,0.000860,0.000888,6
176,3.520000,2,gripper_l_finger1,-1.389108,0.810041,0.359743,-1.389160,0.809806,0.358770,-1.389160,0.809806,0.358770,0.001003,0.001003,0.001010,4
176,3.520000,3,gripper_l_finger2,-1.275513,0.796704,0.356739,-1.275460,0.796515,0.355818,-1.275460,0.796515,0.355818,0.000941,0.000941,0.000948,0
176,3.520000,4,gripper_r_palm,0.786540,0.288688,0.225341,0.785363,0.284113,0.224045,0.785363,0.284113,0.224045,0.004898,0.004898,0.005110,5
176,3.520000,5,gripper_r_finger1,0.843230,0.224204,0.236588,0.841035,0.219785,0.235197,0.841035,0.219785,0.235197,0.005126,0.005126,0.005266,7
176,3.520000,6,gripper_r_finger2,0.877277,0.147438,0.259411,0.874993,0.143153,0.258041,0.874993,0.143153,0.258041,0.005045,0.005045,0.005183,1
177,3.540000,1,gripper_l_palm,-1.142029,0.805696,0.352148,-1.142096,0.805491,0.351330,-1.142096,0.805491,0.351330,0.000845,0.000845,0.000873,6
177,3.540000,2,gripper_l_finger1,-1.389043,0.809807,0.359525,-1.389093,0.809576,0.358568,-1.389093,0.809576,0.358568,0.000986,0.000986,0.000992,4
177,3.540000,3,gripper_l_finger2,-1.275332,0.796520,0.356579,-1.275279,0.796335,0.355674,-1.275279,0.796335,0.355674,0.000925,0.000925,0.000932,0
177,3.540000,4,gripper_r_palm,0.778763,0.284643,0.223185,0.777623,0.280437,0.221969,0.777623,0.280437,0.221969,0.004524,0.004524,0.004724,5
177,3.540000,5,gripper_r_finger1,0.834335,0.220331,0.234327,0.832242,0.216286,0.233020,0.832242,0.216286,0.233020,0.004739,0.004739,0.004868,7
177,3.540000,6,gripper_r_finger2,0.868285,0.143711,0.257174,0.866112,0.139787,0.255886,0.866112,0.139787,0.255886,0.004667,0.004667,0.004795,1
178,3.560000,1,gripper_l_palm,-1.141982,0.805493,0.352087,-1.142048,0.805291,0.351284,-1.142048,0.805291,0.351284,0.000831,0.000831,0.000859,6
178,3.560000,2,gripper_l_finger1,-1.388978,0.809576,0.359311,-1.389028,0.809349,0.358370,-1.389028,0.809349,0.358370,0.000969,0.000969,0.000976,4
178,3.560000,3,gripper_l_finger2,-1.275153,0.796339,0.356422,-1.275101,0.796157,0.355532,-1.275101,0.796157,0.355532,0.000910,0.000910,0.000917,0
178,3.560000,4,gripper_r_palm,0.771191,0.280823,0.221098,0.770095,0.276976,0.219960,0.770095,0.276976,0.219960,0.004159,0.004159,0.004346,5
178,3.560000,5,gripper_r_finger1,0.825717,0.216688,0.232140,0.823731,0.213002,0.230917,0.823731,0.213002,0.230917,0.004362,0.004362,0.004481,7
178,3.560000,6,gripper_r_finger2,0.859580,0.140200,0.255009,0.857525,0.136624,0.253803,0.857525,0.136624,0.253803,0.004297,0.004297,0.004415,1
179,3.580000,1,gripper_l_palm,-1.141937,0.805292,0.352029,-1.142002,0.805094,0.351238,-1.142002,0.805094,0.351238,0.000818,0.000818,0.000845,6
179,3.580000,2,gripper_l_finger1,-1.388914,0.809348,0.359101,-1.388963,0.809126,0.358175,-1.388963,0.809126,0.358175,0.000954,0.000954,0.000961,4
179,3.580000,3,gripper_l_finger2,-1.274977,0.796160,0.356268,-1.274925,0.795982,0.355392,-1.274925,0.795982,0.355392,0.000895,0.000895,0.000902,0
179,3.580000,4,gripper_r_palm,0.763836,0.277221,0.219084,0.762790,0.273722,0.218021,0.762790,0.273722,0.218021,0.003804,0.003804,0.003978,5
179,3.580000,5,gripper_r_finger1,0.817387,0.213264,0.230032,0.815515,0.209924,0.228889,0.815515,0.209924,0.228889,0.003995,0.003995,0.004104,7
179,3.580000,6,gripper_r_finger2,0.851174,0.136895,0.252920,0.849243,0.133654,0.251794,0.849243,0.133654,0.251794,0.003937,0.003937,0.004045,1
180,3.600000,1,gripper_l_palm,-1.141893,0.805095,0.351971,-1.141956,0.804902,0.351193,-1.141956,0.804902,0.351193,0.000804,0.000804,0.000831,6
180,3.600000,2,gripper_l_finger1,-1.388852,0.809124,0.358894,-1.388898,0.808908,0.357983,-1.388898,0.808908,0.357983,0.000938,0.000938,0.000944,4
180,3.600000,3,gripper_l_finger2,-1.274804,0.795985,0.356117,-1.274752,0.795812,0.355255,-1.274752,0.795812,0.355255,0.000880,0.000880,0.000887,0
180,3.600000,4,gripper_r_palm,0.756707,0.273829,0.217140,0.755716,0.270666,0.216152,0.755716,0.270666,0.216152,0.003459,0.003459,0.003620,5
180,3.600000,5,gripper_r_finger1,0.809353,0.210048,0.228001,0.807601,0.207041,0.226937,0.807601,0.207041,0.226937,0.003639,0.003639,0.003738,7
180,3.600000,6,gripper_r_finger2,0.843075,0.133787,0.250907,0.841272,0.130867,0.249859,0.841272,0.130867,0.249859,0.003588,0.003588,0.003685,1
181,3.620000,1,gripper_l_palm,-1.141851,0.804902,0.351915,-1.141911,0.804716,0.351148,-1.141911,0.804716,0.351148,0.000791,0.000791,0.000818,6
181,3.620000,2,gripper_l_finger1,-1.388791,0.808905,0.358691,-1.388835,0.808697,0.357793,-1.388835,0.808697,0.357793,0.000923,0.000923,0.000929,4
181,3.620000,3,gripper_l_finger2,-1.274635,0.795814,0.355968,-1.274581,0.795648,0.355120,-1.274581,0.795648,0.355120,0.000866,0.000866,0.000873,0
181,3.620000,4,gripper_r_palm,0.749810,0.270640,0.215267,0.748880,0.267801,0.214353,0.748880,0.267801,0.214353,0.003124,0.003124,0.003272,5
181,3.620000,5,gripper_r_finger1,0.801623,0.207030,0.226045,0.799995,0.204342,0.225061,0.799995,0.204342,0.225061,0.003293,0.003293,0.003382,7
181,3.620000,6,gripper_r_finger2,0.835290,0.130864,0.248969,0.833621,0.128253,0.247999,0.833621,0.128253,0.247999,0.003248,0.003248,0.003336,1
182,3.640000,1,gripper_l_palm,-1.141809,0.804714,0.351858,-1.141866,0.804536,0.351103,-1.141866,0.804536,0.351103,0.000778,0.000778,0.000804,6
182,3.640000,2,gripper_l_finger1,-1.388732,0.808693,0.358490,-1.388772,0.808493,0.357605,-1.388772,0.808493,0.357605,0.000908,0.000908,0.000914,4
182,3.640000,3,gripper_l_finger2,-1.274468,0.795648,0.355822,-1.274413,0.795491,0.354986,-1.274413,0.795491,0.354986,0.000853,0.000853,0.000859,0
182,3.640000,4,gripper_r_palm,0.743114,0.267523,0.213421,0.742289,0.265103,0.212620,0.742289,0.265103,0.212620,0.002679,0.002679,0.002807,5
182,3.640000,5,gripper_r_finger1,0.794166,0.204079,0.224123,0.792739,0.201797,0.223258,0.792739,0.201797,0.223258,0.002826,0.002826,0.002902,7
182,3.640000,6,gripper_r_finger2,0.827788,0.127995,0.247062,0.826326,0.125775,0.246209,0.826326,0.125775,0.246209,0.002792,0.002792,0.002867,1
183,3.660000,1,gripper_l_palm,-1.141769,0.804534,0.351804,-1.141822,0.804364,0.351058,-1.141822,0.804364,0.351058,0.000766,0.000766,0.000792,6
183,3.660000,2,gripper_l_finger1,-1.388674,0.808489,0.358293,-1.388710,0.808299,0.357420,-1.388710,0.808299,0.357420,0.000894,0.000894,0.000900,4
183,3.660000,3,gripper_l_finger2,-1.274305,0.795490,0.355678,-1.274248,0.795341,0.354854,-1.274248,0.795341,0.354854,0.000840,0.000840,0.000846,0
183,3.660000,4,gripper_r_palm,0.736589,0.264369,0.211568,0.735944,0.262541,0.210947,0.735944,0.262541,0.210947,0.002035,0.002035,0.002132,5
183,3.660000,5,gripper_r_finger1,0.786991,0.201075,0.222201,0.785886,0.199365,0.221523,0.785886,0.199365,0.221523,0.002146,0.002146,0.002203,7
183,3.660000,6,gripper_r_finger2,0.820576,0.125057,0.245152,0.819445,0.123384,0.244479,0.819445,0.123384,0.244479,0.002128,0.002128,0.002184,1
184,3.680000,1,gripper_l_palm,-1.141730,0.804361,0.351749,-1.141779,0.804200,0.351014,-1.141779,0.804200,0.351014,0.000754,0.000754,0.000779,6
184,3.680000,2,gripper_l_finger1,-1.388616,0.808294,0.358097,-1.388649,0.808113,0.357236,-1.388649,0.808113,0.357236,0.000880,0.000880,0.000886,4
184,3.680000,3,gripper_l_finger2,-1.274144,0.795339,0.355536,-1.274085,0.795199,0.354722,-1.274085,0.795199,0.354722,0.000827,0.000827,0.000834,0
184,3.680000,4,gripper_r_palm,0.730289,0.261326,0.209766,0.729841,0.260104,0.209329,0.729841,0.260104,0.209329,0.001373,0.001373,0.001440,5
184,3.680000,5,gripper_r_finger1,0.780198,0.198160,0.220338,0.779432,0.197030,0.219852,0.779432,0.197030,0.219852,0.001448,0.001448,0.001487,7
184,3.680000,6,gripper_r_finger2,0.813755,0.122181,0.243294,0.812974,0.121066,0.242809,0.812974,0.121066,0.242809,0.001445,0.001445,0.001483,1
185,3.700000,1,gripper_l_palm,-1.141691,0.804196,0.351690,-1.141737,0.804043,0.350969,-1.141737,0.804043,0.350969,0.000739,0.000739,0.000764,6
185,3.700000,2,gripper_l_finger1,-1.388559,0.808108,0.357900,-1.388588,0.807937,0.357055,-1.388588,0.807937,0.357055,0.000863,0.000863,0.000869,4
185,3.700000,3,gripper_l_finger2,-1.273986,0.795197,0.355391,-1.273924,0.795065,0.354593,-1.273924,0.795065,0.354593,0.000811,0.000811,0.000818,0
185,3.700000,4,gripper_r_palm,0.724247,0.258497,0.208051,0.723975,0.257790,0.207765,0.723975,0.257790,0.207765,0.000810,0.000810,0.000849,5
185,3.700000,5,gripper_r_finger1,0.773818,0.195430,0.218570,0.773352,0.194793,0.218242,0.773352,0.194793,0.218242,0.000855,0.000855,0.000877,7
185,3.700000,6,gripper_r_finger2,0.807359,0.119465,0.241526,0.806887,0.118823,0.241195,0.806887,0.118823,0.241195,0.000863,0.000863,0.000885,1
186,3.720000,1,gripper_l_palm,-1.141652,0.804040,0.351631,-1.141695,0.803894,0.350923,-1.141695,0.803894,0.350923,0.000724,0.000724,0.000748,6
186,3.720000,2,gripper_l_finger1,-1.388503,0.807931,0.357704,-1.388529,0.807769,0.356874,-1.388529,0.807769,0.356874,0.000845,0.000845,0.000851,4
186,3.720000,3,gripper_l_finger2,-1.273829,0.795064,0.355246,-1.273766,0.794941,0.354464,-1.273766,0.794941,0.354464,0.000795,0.000795,0.000801,0
186,3.720000,4,gripper_r_palm,0.718451,0.255847,0.206406,0.718339,0.255596,0.206248,0.718339,0.255596,0.206248,0.000316,0.000316,0.000331,5
186,3.720000,5,gripper_r_finger1,0.767820,0.192854,0.216880,0.767625,0.192652,0.216687,0.767625,0.192652,0.216687,0.000341,0.000341,0.000349,7
186,3.720000,6,gripper_r_finger2,0.801355,0.116882,0.239832,0.801164,0.116657,0.239632,0.801164,0.116657,0.239632,0.000357,0.000357,0.000365,1
187,3.740000,1,gripper_l_palm,-1.141615,0.803890,0.351571,-1.141654,0.803753,0.350877,-1.141654,0.803753,0.350877,0.000708,0.000708,0.000732,6
187,3.740000,2,gripper_l_finger1,-1.388447,0.807764,0.357510,-1.388470,0.807611,0.356696,-1.388470,0.807611,0.356696,0.000829,0.000829,0.000834,4
187,3.740000,3,gripper_l_finger2,-1.273675,0.794939,0.355103,-1.273610,0.794825,0.354335,-1.273610,0.794825,0.354335,0.000780,0.000780,0.000786,0
187,3.740000,4,gripper_r_palm,0.712894,0.253367,0.204823,0.712930,0.253520,0.204773,0.712930,0.253520,0.204773,0.000165,0.000165,0.000172,5
187,3.740000,5,gripper_r_finger1,0.762181,0.190426,0.215259,0.762234,0.190608,0.215179,0.762234,0.190608,0.215179,0.000206,0.000206,0.000210,7
187,3.740000,6,gripper_r_finger2,0.795722,0.114426,0.238203,0.795788,0.114567,0.238113,0.795788,0.114567,0.238113,0.000180,0.000180,0.000184,1
188,3.760000,1,gripper_l_palm,-1.141578,0.803748,0.351512,-1.141613,0.803619,0.350831,-1.141613,0.803619,0.350831,0.000694,0.000694,0.000718,6
188,3.760000,2,gripper_l_finger1,-1.388393,0.807605,0.357318,-1.388412,0.807462,0.356518,-1.388412,0.807462,0.356518,0.000813,0.000813,0.000818,4
188,3.760000,3,gripper_l_finger2,-1.273524,0.794824,0.354961,-1.273457,0.794719,0.354207,-1.273457,0.794719,0.354207,0.000765,0.000765,0.000771,0
188,3.760000,4,gripper_r_palm,0.707567,0.251045,0.203294,0.707740,0.251555,0.203337,0.707740,0.251555,0.203337,0.000540,0.000540,0.000567,5
188,3.760000,5,gripper_r_finger1,0.756882,0.188135,0.213697,0.757160,0.188657,0.213714,0.757160,0.188657,0.213714,0.000592,0.000592,0.000608,7
188,3.760000,6,gripper_r_finger2,0.790439,0.112088,0.236630,0.790740,0.112555,0.236634,0.790740,0.112555,0.236634,0.000555,0.000555,0.000571,1
189,3.780000,1,gripper_l_palm,-1.141542,0.803615,0.351452,-1.141573,0.803494,0.350783,-1.141573,0.803494,0.350783,0.000680,0.000680,0.000704,6
189,3.780000,2,gripper_l_finger1,-1.388339,0.807456,0.357128,-1.388354,0.807323,0.356342,-1.388354,0.807323,0.356342,0.000797,0.000797,0.000802,4
189,3.780000,3,gripper_l_finger2,-1.273375,0.794717,0.354820,-1.273305,0.794622,0.354079,-1.273305,0.794622,0.354079,0.000751,0.000751,0.000757,0
189,3.780000,4,gripper_r_palm,0.702461,0.248872,0.201813,0.702759,0.249699,0.201933,0.702759,0.249699,0.201933,0.000887,0.000887,0.000933,5
189,3.780000,5,gripper_r_finger1,0.751900,0.185974,0.212187,0.752384,0.186799,0.212285,0.752384,0.186799,0.212285,0.000962,0.000962,0.000988,7
189,3.780000,6,gripper_r_finger2,0.785484,0.109863,0.235105,0.786001,0.110618,0.235188,0.786001,0.110618,0.235188,0.000918,0.000918,0.000944,1
190,3.800000,1,gripper_l_palm,-1.141507,0.803490,0.351392,-1.141535,0.803378,0.350735,-1.141535,0.803378,0.350735,0.000667,0.000667,0.000690,6
190,3.800000,2,gripper_l_finger1,-1.388287,0.807317,0.356939,-1.388298,0.807194,0.356167,-1.388298,0.807194,0.356167,0.000782,0.000782,0.000788,4
190,3.800000,3,gripper_l_finger2,-1.273228,0.794620,0.354680,-1.273156,0.794535,0.353951