macro_frame,sim_time,body_index,logical_name,coord_system,valid,valid_velocity,center_x,center_y,center_z,qw,qx,qy,qz,body_omega_x,body_omega_y,body_omega_z,has_body_omega,a0_px,a0_py,a0_pz,a0_vx,a0_vy,a0_vz,has_a0,has_a0_v,a1_px,a1_py,a1_pz,a1_vx,a1_vy,a1_vz,has_a1,has_a1_v,a2_px,a2_py,a2_pz,a2_vx,a2_vy,a2_vz,has_a2,has_a2_v,a3_px,a3_py,a3_pz,a3_vx,a3_vy,a3_vz,has_a3,has_a3_v
0,0.000000,0,base,yup_snapshot,0,0,0.000000,0.000000,0.000000,1.000000,0.000000,0.000000,0.000000,0.000000,0.000000,0.000000,0,0.000000,0.000000,0.000000,0.000000,0.000000,0.000000,0,0,0.000000,0.000000,0.000000,0.000000,0.000000,0.000000,0,0,0.000000,0.000000,0.000000,0.000000,0.000000,0.000000,0,0,0.000000,0.000000,0.000000,0.000000,0.000000,0.000000,0,0
0,0.000000,1,gripper_l_palm,yup_snapshot,1,1,-0.460000,0.710000,-0.000000,0.364464,0.260635,-0.520025,0.727193,0.000000,0.000000,-0.000000,1,0.000000,0.000000,0.000000,0.000000,0.000000,0.000000,0,0,0.000000,0.000000,0.000000,0.000000,0.000000,0.000000,0,0,0.000000,0.000000,0.000000,0.000000,0.000000,0.000000,0,0,0.000000,0.000000,0.000000,0.000000,0.000000,0.000000,0,0
0,0.000000,2,gripper_l_finger1,yup_snapshot,1,1,-0.460000,0.690000,-0.000000,0.073416,0.441995,0.146491,0.881925,0.000000,0.000000,-0.000000,1,0.000000,0.000000,0.000000,0.000000,0.000000,0.000000,0,0,0.000000,0.000000,0.000000,0.000000,0.000000,0.000000,0,0,0.000000,0.000000,0.000000,0.000000,0.000000,0.000000,0,0,0.000000,0.000000,0.000000,0.000000,0.000000,0.000000,0,0
0,0.000000,3,gripper_l_finger2,yup_snapshot,1,1,-0.460000,0.690000,-0.000000,0.881916,-0.146490,0.442011,-0.073418,0.000000,0.000000,-0.000000,1,0.000000,0.000000,0.000000,0.000000,0.000000,0.000000,0,0,0.000000,0.000000,0.000000,0.000000,0.000000,0.000000,0,0,0.000000,0.000000,0.000000,0.000000,0.000000,0.000000,0,0,0.000000,0.000000,0.000000,0.000000,0.000000,0.000000,0,0
0,0.000000,4,gripper_r_palm,yup_snapshot,1,1,0.460000,0.710000,-0.000000,-0.364463,-0.260634,-0.520025,0.727193,0.000000,0.000000,-0.000000,1,0.000000,0.000000,0.000000,0.000000,0.000000,0.000000,0,0,0.000000,0.000000,0.000000,0.000000,0.000000,0.000000,0,0,0.000000,0.000000,0.000000,0.000000,0.000000,0.000000,0,0,0.000000,0.000000,0.000000,0.000000,0.000000,0.000000,0,0
0,0.000000,5,gripper_r_finger1,yup_snapshot,1,1,0.460000,0.690000,-0.000000,-0.073421,-0.442027,0.146488,0.881908,0.000000,0.000000,-0.000000,1,0.000000,0.000000,0.000000,0.000000,0.000000,0.000000,0,0,0.000000,0.000000,0.000000,0.000000,0.000000,0.000000,0,0,0.000000,0.000000,0.000000,0.000000,0.000000,0.000000,0,0,0.000000,0.000000,0.000000,0.000000,0.000000,0.000000,0,0
0,0.000000,6,gripper_r_finger2,yup_snapshot,1,1,0.460000,0.690000,-0.000000,0.881917,-0.146490,-0.442011,0.073419,0.000000,0.000000,-0.000000,1,0.000000,0.000000,0.000000,0.000000,0.000000,0.000000,0,0,0.000000,0.000000,0.000000,0.000000,0.000000,0.000000,0,0,0.000000,0.000000,0.000000,0.000000,0.000000,0.000000,0,0,0.000000,0.000000,0.000000,0.000000,0.000000,0.000000,0,0
1,0.020000,0,base,yup_snapshot,0,0,0.000000,0.000000,0.000000,1.000000,0.000000,0.000000,0.000000,0.000000,0.000000,0.000000,0,0.000000,0.000000,0.000000,0.000000,0.000000,0.000000,0,0,0.000000,0.000000,0.000000,0.000000,0.000000,0.000000,0,0,0.000000,0.000000,0.000000,0.000000,0.000000,0.000000,0,0,0.000000,0.000000,0.000000,0.000000,0.000000,0.000000,0,0
1,0.020000,1,gripper_l_palm,yup_snapshot,1,1,-0.468438,0.724453,-0.018804,0.372186,0.220086,-0.512271,0.742037,-3.441732,5.081779,3.326269,1,0.000000,0.000000,0.000000,0.000000,0.000000,0.000000,0,0,0.000000,0.000000,0.000000,0.000000,0.000000,0.000000,0,0,0.000000,0.000000,0.000000,0.000000,0.000000,0.000000,0,0,0.000000,0.000000,0.000000,0.000000,0.000000,0.000000,0,0
1,0.020000,2,gripper_l_finger1,yup_snapshot,1,1,-0.469211,0.707579,-0.024309,0.107552,0.418805,0.162469,0.886927,-3.441774,5.082501,3.325973,1,0.000000,0.000000,0.000000,0.000000,0.000000,0.000000,0,0,0.000000,0.000000,0.000000,0.000000,0.000000,0.000000,0,0,0.000000,0.000000,0.000000,0.000000,0.000000,0.000000,0,0,0.000000,0.000000,0.000000,0.000000,0.000000,0.000000,0,0
1,0.020000,3,gripper_l_finger2,yup_snapshot,1,1,-0.473011,0.700265,-0.020199,0.886921,-0.162467,0.418817,-0.107555,-3.441868,5.084074,3.325329,1,0.000000,0.000000,0.000000,0.000000,0.000000,0.000000,0,0,0.000000,0.000000,0.000000,0.000000,0.000000,0.000000,0,0,0.000000,0.000000,0.000000,0.000000,0.000000,0.000000,0,0,0.000000,0.000000,0.000000,0.000000,0.000000,0.000000,0,0
1,0.020000,4,gripper_r_palm,yup_snapshot,1,1,0.466494,0.712666,-0.020789,-0.369433,-0.221090,-0.496754,0.753574,-6.628265,-4.703116,-0.903714,1,0.000000,0.000000,0.000000,0.000000,0.000000,0.000000,0,0,0.000000,0.000000,0.000000,0.000000,0.000000,0.000000,0,0,0.000000,0.000000,0.000000,0.000000,0.000000,0.000000,0,0,0.000000,0.000000,0.000000,0.000000,0.000000,0.000000,0,0
1,0.020000,5,gripper_r_finger1,yup_snapshot,1,1,0.470586,0.684407,-0.019248,-0.104901,-0.417594,0.181595,0.884101,-6.628241,-4.702458,-0.904009,1,0.000000,0.000000,0.000000,0.000000,0.000000,0.000000,0,0,0.000000,0.000000,0.000000,0.000000,0.000000,0.000000,0,0,0.000000,0.000000,0.000000,0.000000,0.000000,0.000000,0,0,0.000000,0.000000,0.000000,0.000000,0.000000,0.000000,0,0
1,0.020000,6,gripper_r_finger2,yup_snapshot,1,1,0.468065,0.691742,-0.026685,0.884117,-0.181599,-0.417560,0.104894,-6.628436,-4.707715,-0.901653,1,0.000000,0.000000,0.000000,0.000000,0.000000,0.000000,0,0,0.000000,0.000000,0.000000,0.000000,0.000000,0.000000,0,0,0.000000,0.000000,0.000000,0.000000,0.000000,0.000000,0,0,0.000000,0.000000,0.000000,0.000000,0.000000,0.000000,0,0
2,0.040000,0,base,yup_snapshot,0,0,0.000000,0.000000,0.000000,1.000000,0.000000,0.000000,0.000000,0.000000,0.000000,0.000000,0,0.000000,0.000000,0.000000,0.000000,0.000000,0.000000,0,0,0.000000,0.000000,0.000000,0.000000,0.000000,0.000000,0,0,0.000000,0.000000,0.000000,0.000000,0.000000,0.000000,0,0,0.000000,0.000000,0.000000,0.000000,0.000000,0.000000,0,0
2,0.040000,1,gripper_l_palm,yup_snapshot,1,1,-0.490567,0.770223,-0.062679,0.372439,0.148370,-0.531785,0.745976,0.373609,7.279078,4.659733,1,0.000000,0.000000,0.000000,0.000000,0.000000,0.000000,0,0,0.000000,0.000000,0.000000,0.000000,0.000000,0.000000,0,0,0.000000,0.000000,0.000000,0.000000,0.000000,0.000000,0,0,0.000000,0.000000,0.000000,0.000000,0.000000,0.000000,0,0
2,0.040000,2,gripper_l_finger1,yup_snapshot,1,1,-0.494967,0.761863,-0.082602,0.158437,0.368246,0.151460,0.903522,0.372726,7.283641,4.657762,1,0.000000,0.000000,0.000000,0.000000,0.000000,0.000000,0,0,0.000000,0.000000,0.000000,0.000000,0.000000,0.000000,0,0,0.000000,0.000000,0.000000,0.000000,0.000000,0.000000,0,0,0.000000,0.000000,0.000000,0.000000,0.000000,0.000000,0,0
2,0.040000,3,gripper_l_finger2,yup_snapshot,1,1,-0.506282,0.746957,-0.069497,0.903504,-0.151452,0.368290,-0.158445,0.373200,7.281193,4.658820,1,0.000000,0.000000,0.000000,0.000000,0.000000,0.000000,0,0,0.000000,0.000000,0.000000,0.000000,0.000000,0.000000,0,0,0.000000,0.000000,0.000000,0.000000,0.000000,0.000000,0,0,0.000000,0.000000,0.000000,0.000000,0.000000,0.000000,0,0
2,0.040000,4,gripper_r_palm,yup_snapshot,1,1,0.484565,0.729093,-0.070824,-0.353491,-0.153665,-0.478172,0.789166,-4.175311,-7.212023,-0.240452,1,0.000000,0.000000,0.000000,0.000000,0.000000,0.000000,0,0,0.000000,0.000000,0.000000,0.000000,0.000000,0.000000,0,0,0.000000,0.000000,0.000000,0.000000,0.000000,0.000000,0,0,0.000000,0.000000,0.000000,0.000000,0.000000,0.000000,0,0
2,0.040000,5,gripper_r_finger1,yup_snapshot,1,1,0.500055,0.690715,-0.069376,-0.141305,-0.358641,0.219901,0.896132,-4.175466,-7.213417,-0.239652,1,0.000000,0.000000,0.000000,0.000000,0.000000,0.000000,0,0,0.000000,0.000000,0.000000,0.000000,0.000000,0.000000,0,0,0.000000,0.000000,0.000000,0.000000,0.000000,0.000000,0,0,0.000000,0.000000,0.000000,0.000000,0.000000,0.000000,0,0
2,0.040000,6,gripper_r_finger2,yup_snapshot,1,1,0.491158,0.704685,-0.090570,0.896156,-0.219910,-0.358582,0.141291,-4.175437,-7.213161,-0.239798,1,0.000000,0.000000,0.000000,0.000000,0.000000,0.000000,0,0,0.000000,0.000000,0.000000,0.000000,0.000000,0.000000,0,0,0.000000,0.000000,0.000000,0.000000,0.000000,0.000000,0,0,0.000000,0.000000,0.000000,0.000000,0.000000,0.000000,0,0
3,0.060000,0,base,yup_snapshot,0,0,0.000000,0.000000,0.000000,1.000000,0.000000,0.000000,0.000000,0.000000,0.000000,0.000000,0,0.000000,0.000000,0.000000,0.000000,0.000000,0.000000,0,0,0.000000,0.000000,0.000000,0.000000,0.000000,0.000000,0,0,0.000000,0.000000,0.000000,0.000000,0.000000,0.000000,0,0,0.000000,0.000000,0.000000,0.000000,0.000000,0.000000,0,0
3,0.060000,1,gripper_l_palm,yup_snapshot,1,1,-0.521614,0.848538,-0.110623,0.370116,0.074328,-0.567078,0.732060,1.658687,6.514650,5.339458,1,0.000000,0.000000,0.000000,0.000000,0.000000,0.000000,0,0,0.000000,0.000000,0.000000,0.000000,0.000000,0.000000,0,0,0.000000,0.000000,0.000000,0.000000,0.000000,0.000000,0,0,0.000000,0.000000,0.000000,0.000000,0.000000,0.000000,0,0
3,0.060000,2,gripper_l_finger1,yup_snapshot,1,1,-0.532939,0.851889,-0.146073,0.209149,0.314229,0.116669,0.918643,1.655241,6.524464,5.335624,1,0.000000,0.000000,0.000000,0.000000,0.000000,0.000000,0,0,0.000000,0.000000,0.000000,0.000000,0.000000,0.000000,0,0,0.000000,0.000000,0.000000,0.000000,0.000000,0.000000,0,0,0.000000,0.000000,0.000000,0.000000,0.000000,0.000000,0,0
3,0.060000,3,gripper_l_finger2,yup_snapshot,1,1,-0.550425,0.830566,-0.123109,0.918615,-0.116650,0.314312,-0.209159,1.660681,6.508973,5.341675,1,0.000000,0.000000,0.000000,0.000000,0.000000,0.000000,0,0,0.000000,0.000000,0.000000,0.000000,0.000000,0.000000,0,0,0.000000,0.000000,0.000000,0.000000,0.000000,0.000000,0,0,0.000000,0.000000,0.000000,0.000000,0.000000,0.000000,0,0
3,0.060000,4,gripper_r_palm,yup_snapshot,1,1,0.510169,0.768250,-0.131294,-0.329514,-0.078588,-0.477030,0.810979,-2.077090,-7.790919,-1.919028,1,0.000000,0.000000,0.000000,0.000000,0.000000,0.000000,0,0,0.000000,0.000000,0.000000,0.000000,0.000000,0.000000,0,0,0.000000,0.000000,0.000000,0.000000,0.000000,0.000000,0,0,0.000000,0.000000,0.000000,0.000000,0.000000,0.000000,0,0
3,0.060000,5,gripper_r_finger1,yup_snapshot,1,1,0.539226,0.723736,-0.131149,-0.177439,-0.288600,0.236132,0.910751,-2.078426,-7.796820,-1.915221,1,0.000000,0.000000,0.000000,0.000000,0.000000,0.000000,0,0,0.000000,0.000000,0.000000,0.000000,0.000000,0.000000,0,0,0.000000,0.000000,0.000000,0.000000,0.000000,0.000000,0,0,0.000000,0.000000,0.000000,0.000000,0.000000,0.000000,0,0
3,0.060000,6,gripper_r_finger2,yup_snapshot,1,1,0.525097,0.741960,-0.167141,0.910770,-0.236143,-0.288539,0.177424,-2.077771,-7.793931,-1.917085,1,0.000000,0.000000,0.000000,0.000000,0.000000,0.000000,0,0,0.000000,0.000000,0.000000,0.000000,0.000000,0.000000,0,0,0.000000,0.000000,0.000000,0.000000,0.000000,0.000000,0,0,0.000000,0.000000,0.000000,0.000000,0.000000,0.000000,0,0
4,0.080000,0,base,yup_snapshot,0,0,0.000000,0.000000,0.000000,1.000000,0.000000,0.000000,0.000000,0.000000,0.000000,0.000000,0,0.000000,0.000000,0.000000,0.000000,0.000000,0.000000,0,0,0.000000,0.000000,0.000000,0.000000,0.000000,0.000000,0,0,0.000000,0.000000,0.000000,0.000000,0.000000,0.000000,0,0,0.000000,0.000000,0.000000,0.000000,0.000000,0.000000,0,0
4,0.080000,1,gripper_l_palm,yup_snapshot,1,1,-0.556724,0.952682,-0.143270,0.374297,0.012103,-0.603224,0.704185,3.289362,4.848565,5.984303,1,0.000000,0.000000,0.000000,0.000000,0.000000,0.000000,0,0,0.000000,0.000000,0.000000,0.000000,0.000000,0.000000,0,0,0.000000,0.000000,0.000000,0.000000,0.000000,0.000000,0,0,0.000000,0.000000,0.000000,0.000000,0.000000,0.000000,0,0
4,0.080000,2,gripper_l_finger1,yup_snapshot,1,1,-0.576390,0.969486,-0.189940,0.256103,0.273136,0.071415,0.924504,3.290165,4.846980,5.984806,1,0.000000,0.000000,0.000000,0.000000,0.000000,0.000000,0,0,0.000000,0.000000,0.000000,0.000000,0.000000,0.000000,0,0,0.000000,0.000000,0.000000,0.000000,0.000000,0.000000,0,0,0.000000,0.000000,0.000000,0.000000,0.000000,0.000000,0,0
4,0.080000,3,gripper_l_finger2,yup_snapshot,1,1,-0.596564,0.942094,-0.159523,0.924453,-0.071367,0.273310,-0.256117,3.289971,4.847363,5.984684,1,0.000000,0.000000,0.000000,0.000000,0.000000,0.000000,0,0,0.000000,0.000000,0.000000,0.000000,0.000000,0.000000,0,0,0.000000,0.000000,0.000000,0.000000,0.000000,0.000000,0,0,0.000000,0.000000,0.000000,0.000000,0.000000,0.000000,0,0
4,0.080000,4,gripper_r_palm,yup_snapshot,1,1,0.535397,0.829044,-0.178217,-0.327387,-0.002996,-0.495321,0.804652,0.988651,-5.805531,-5.585550,1,0.000000,0.000000,0.000000,0.000000,0.000000,0.000000,0,0,0.000000,0.000000,0.000000,0.000000,0.000000,0.000000,0,0,0.000000,0.000000,0.000000,0.000000,0.000000,0.000000,0,0,0.000000,0.000000,0.000000,0.000000,0.000000,0.000000,0,0
4,0.080000,5,gripper_r_finger1,yup_snapshot,1,1,0.573160,0.785250,-0.180945,-0.229385,-0.233640,0.218724,0.919214,0.990053,-5.802023,-5.587785,1,0.000000,0.000000,0.000000,0.000000,0.000000,0.000000,0,0,0.000000,0.000000,0.000000,0.000000,0.000000,0.000000,0,0,0.000000,0.000000,0.000000,0.000000,0.000000,0.000000,0,0,0.000000,0.000000,0.000000,0.000000,0.000000,0.000000,0,0
4,0.080000,6,gripper_r_finger2,yup_snapshot,1,1,0.559886,0.809555,-0.227992,0.919229,-0.218739,-0.233581,0.229371,0.988607,-5.805640,-5.585480,1,0.000000,0.000000,0.000000,0.000000,0.000000,0.000000,0,0,0.000000,0.000000,0.000000,0.000000,0.000000,0.000000,0,0,0.000000,0.000000,0.000000,0.000000,0.000000,0.000000,0,0,0.000000,0.000000,0.000000,0.000000,0.000000,0.000000,0,0
5,0.100000,0,base,yup_snapshot,0,0,0.000000,0.000000,0.000000,1.000000,0.000000,0.000000,0.000000,0.000000,0.000000,0.000000,0,0.000000,0.000000,0.000000,0.000000,0.000000,0.000000,0,0,0.000000,0.000000,0.000000,0.000000,0.000000,0.000000,0,0,0.000000,0.000000,0.000000,0.000000,0.000000,0.000000,0,0,0.000000,0.000000,0.000000,0.000000,0.000000,0.000000,0,0
5,0.100000,1,gripper_l_palm,yup_snapshot,1,1,-0.587582,1.061067,-0.145673,-0.395970,0.046083,0.660673,-0.636078,7.909065,4.611043,8.657768,1,0.000000,0.000000,0.000000,0.000000,0.000000,0.000000,0,0,0.000000,0.000000,0.000000,0.000000,0.000000,0.000000,0,0,0.000000,0.000000,0.000000,0.000000,0.000000,0.000000,0,0,0.000000,0.000000,0.000000,0.000000,0.000000,0.000000,0,0
5,0.100000,2,gripper_l_finger1,yup_snapshot,1,1,-0.619164,1.101505,-0.198089,0.312580,0.247314,-0.017360,0.916967,7.908863,4.611323,8.657725,1,0.000000,0.000000,0.000000,0.000000,0.000000,0.000000,0,0,0.000000,0.000000,0.000000,0.000000,0.000000,0.000000,0,0,0.000000,0.000000,0.000000,0.000000,0.000000,0.000000,0,0,0.000000,0.000000,0.000000,0.000000,0.000000,0.000000,0,0
5,0.100000,3,gripper_l_finger2,yup_snapshot,1,1,-0.638199,1.067827,-0.164556,0.916924,0.017414,0.247473,-0.312578,7.905775,4.615591,8.657074,1,0.000000,0.000000,0.000000,0.000000,0.000000,0.000000,0,0,0.000000,0.000000,0.000000,0.000000,0.000000,0.000000,0,0,0.000000,0.000000,0.000000,0.000000,0.000000,0.000000,0,0,0.000000,0.000000,0.000000,0.000000,0.000000,0.000000,0,0
5,0.100000,4,gripper_r_palm,yup_snapshot,1,1,0.556583,0.893466,-0.204684,-0.346306,0.068584,-0.540663,0.763578,4.685821,-6.320619,-6.895006,1,0.000000,0.000000,0.000000,0.000000,0.000000,0.000000,0,0,0.000000,0.000000,0.000000,0.000000,0.000000,0.000000,0,0,0.000000,0.000000,0.000000,0.000000,0.000000,0.000000,0,0,0.000000,0.000000,0.000000,0.000000,0.000000,0.000000,0,0
5,0.100000,5,gripper_r_finger1,yup_snapshot,1,1,0.599744,0.859534,-0.214272,-0.293381,-0.196431,0.157608,0.922227,4.687295,-6.318224,-6.896255,1,0.000000,0.000000,0.000000,0.000000,0.000000,0.000000,0,0,0.000000,0.000000,0.000000,0.000000,0.000000,0.000000,0,0,0.000000,0.000000,0.000000,0.000000,0.000000,0.000000,0,0,0.000000,0.000000,0.000000,0.000000,0.000000,0.000000,0,0
5,0.100000,6,gripper_r_finger2,yup_snapshot,1,1,0.592912,0.891520,-0.265496,0.922247,-0.157639,-0.196334,0.293364,4.684683,-6.322466,-6.894042,1,0.000000,0.000000,0.000000,0.000000,0.000000,0.000000,0,0,0.000000,0.000000,0.000000,0.000000,0.000000,0.000000,0,0,0.000000,0.000000,0.000000,0.000000,0.000000,0.000000,0,0,0.000000,0.000000,0.000000,0.000000,0.000000,0.000000,0,0
6,0.120000,0,base,yup_snapshot,0,0,0.000000,0.000000,0.000000,1.000000,0.000000,0.000000,0.000000,0.000000,0.000000,0.000000,0,0.000000,0.000000,0.000000,0.000000,0.000000,0.000000,0,0,0.000000,0.000000,0.000000,0.000000,0.000000,0.000000,0,0,0.000000,0.000000,0.000000,0.000000,0.000000,0.000000,0,0,0.000000,0.000000,0.000000,0.000000,0.000000,0.000000,0,0
6,0.120000,1,gripper_l_palm,yup_snapshot,1,1,-0.612054,1.154576,-0.124276,-0.423064,0.095164,0.714321,-0.549278,6.900833,2.816931,7.599661,1,0.000000,0.000000,0.000000,0.000000,0.000000,0.000000,0,0,0.000000,0.000000,0.000000,0.000000,0.000000,0.000000,0,0,0.000000,0.000000,0.000000,0.000000,0.000000,0.000000,0,0,0.000000,0.000000,0.000000,0.000000,0.000000,0.000000,0,0
6,0.120000,2,gripper_l_finger1,yup_snapshot,1,1,-0.658535,1.219773,-0.175014,0.366453,0.231779,-0.116670,0.893520,6.902211,2.815562,7.599586,1,0.000000,0.000000,0.000000,0.000000,0.000000,0.000000,0,0,0.000000,0.000000,0.000000,0.000000,0.000000,0.000000,0,0,0.000000,0.000000,0.000000,0.000000,0.000000,0.000000,0,0,0.000000,0.000000,0.000000,0.000000,0.000000,0.000000,0,0
6,0.120000,3,gripper_l_finger2,yup_snapshot,1,1,-0.673941,1.180615,-0.142147,0.893492,0.116714,0.231887,-0.366439,6.898905,2.818846,7.599766,1,0.000000,0.000000,0.000000,0.000000,0.000000,0.000000,0,0,0.000000,0.000000,0.000000,0.000000,0.000000,0.000000,0,0,0.000000,0.000000,0.000000,0.000000,0.000000,0.000000,0,0,0.000000,0.000000,0.000000,0.000000,0.000000,0.000000,0,0
6,0.120000,4,gripper_r_palm,yup_snapshot,1,1,0.574933,0.950858,-0.217224,-0.365533,0.130936,-0.587120,0.710304,4.262271,-4.920207,-6.053443,1,0.000000,0.000000,0.000000,0.000000,0.000000,0.000000,0,0,0.000000,0.000000,0.000000,0.000000,0.000000,0.000000,0,0,0.000000,0.000000,0.000000,0.000000,0.000000,0.000000,0,0,0.000000,0.000000,0.000000,0.000000,0.000000,0.000000,0,0
6,0.120000,5,gripper_r_finger1,yup_snapshot,1,1,0.624433,0.928883,-0.233130,-0.351064,-0.165965,0.087074,0.917403,4.263953,-4.918189,-6.054198,1,0.000000,0.000000,0.000000,0.000000,0.000000,0.000000,0,0,0.000000,0.000000,0.000000,0.000000,0.000000,0.000000,0,0,0.000000,0.000000,0.000000,0.000000,0.000000,0.000000,0,0,0.000000,0.000000,0.000000,0.000000,0.000000,0.000000,0,0
6,0.120000,6,gripper_r_finger2,yup_snapshot,1,1,0.625383,0.967277,-0.284707,0.917429,-0.087130,-0.165818,0.351050,4.261959,-4.920583,-6.053302,1,0.000000,0.000000,0.000000,0.000000,0.000000,0.000000,0,0,0.000000,0.000000,0.000000,0.000000,0.000000,0.000000,0,0,0.000000,0.000000,0.000000,0.000000,0.000000,0.000000,0,0,0.000000,0.000000,0.000000,0.000000,0.000000,0.000000,0,0
7,0.140000,0,base,yup_snapshot,0,0,0.000000,0.000000,0.000000,1.000000,0.000000,0.000000,0.000000,0.000000,0.000000,0.000000,0,0.000000,0.000000,0.000000,0.000000,0.000000,0.000000,0,0,0.000000,0.000000,0.000000,0.000000,0.000000,0.000000,0,0,0.000000,0.000000,0.000000,0.000000,0.000000,0.000000,0,0,0.000000,0.000000,0.000000,0.000000,0.000000,0.000000,0,0
7,0.140000,1,gripper_l_palm,yup_snapshot,1,1,-0.631222,1.226862,-0.090518,-0.449714,0.129545,0.747465,-0.471456,5.768429,1.426233,6.297417,1,0.000000,0.000000,0.000000,0.000000,0.000000,0.000000,0,0,0.000000,0.000000,0.000000,0.000000,0.000000,0.000000,0,0,0.000000,0.000000,0.000000,0.000000,0.000000,0.000000,0,0,0.000000,0.000000,0.000000,0.000000,0.000000,0.000000,0,0
7,0.140000,2,gripper_l_finger1,yup_snapshot,1,1,-0.691376,1.310428,-0.134674,0.409611,0.226335,-0.195140,0.861923,5.769867,1.425168,6.297144,1,0.000000,0.000000,0.000000,0.000000,0.000000,0.000000,0,0,0.000000,0.000000,0.000000,0.000000,0.000000,0.000000,0,0,0.000000,0.000000,0.000000,0.000000,0.000000,0.000000,0,0,0.000000,0.000000,0.000000,0.000000,0.000000,0.000000,0,0
7,0.140000,3,gripper_l_finger2,yup_snapshot,1,1,-0.702019,1.267444,-0.104891,0.861905,0.195173,0.226406,-0.409595,5.768121,1.426462,6.297476,1,0.000000,0.000000,0.000000,0.000000,0.000000,0.000000,0,0,0.000000,0.000000,0.000000,0.000000,0.000000,0.000000,0,0,0.000000,0.000000,0.000000,0.000000,0.000000,0.000000,0,0,0.000000,0.000000,0.000000,0.000000,0.000000,0.000000,0,0
7,0.140000,4,gripper_r_palm,yup_snapshot,1,1,0.591010,1.000976,-0.219274,-0.383987,0.179795,-0.621516,0.658745,3.771875,-3.704125,-5.282340,1,0.000000,0.000000,0.000000,0.000000,0.000000,0.000000,0,0,0.000000,0.000000,0.000000,0.000000,0.000000,0.000000,0,0,0.000000,0.000000,0.000000,0.000000,0.000000,0.000000,0,0,0.000000,0.000000,0.000000,0.000000,0.000000,0.000000,0,0
7,0.140000,5,gripper_r_finger1,yup_snapshot,1,1,0.646197,0.989363,-0.239177,-0.398657,-0.144475,0.026285,0.905267,3.772121,-3.703891,-5.282396,1,0.000000,0.000000,0.000000,0.000000,0.000000,0.000000,0,0,0.000000,0.000000,0.000000,0.000000,0.000000,0.000000,0,0,0.000000,0.000000,0.000000,0.000000,0.000000,0.000000,0,0,0.000000,0.000000,0.000000,0.000000,0.000000,0.000000,0,0
7,0.140000,6,gripper_r_finger2,yup_snapshot,1,1,0.654844,1.032457,-0.288981,0.905292,-0.026354,-0.144319,0.398652,3.771615,-3.704374,-5.282280,1,0.000000,0.000000,0.000000,0.000000,0.000000,0.000000,0,0,0.000000,0.000000,0.000000,0.000000,0.000000,0.000000,0,0,0.000000,0.000000,0.000000,0.000000,0.000000,0.000000,0,0,0.000000,0.000000,0.000000,0.000000,0.000000,0.000000,0,0
8,0.160000,0,base,yup_snapshot,0,0,0.000000,0.000000,0.000000,1.000000,0.000000,0.000000,0.000000,0.000000,0.000000,0.000000,0,0.000000,0.000000,0.000000,0.000000,0.000000,0.000000,0,0,0.000000,0.000000,0.000000,0.000000,0.000000,0.000000,0,0,0.000000,0.000000,0.000000,0.000000,0.000000,0.000000,0,0,0.000000,0.000000,0.000000,0.000000,0.000000,0.000000,0,0
8,0.160000,1,gripper_l_palm,yup_snapshot,1,1,-0.646795,1.281216,-0.052607,-0.475080,0.152195,0.766890,-0.403751,4.900973,0.531964,5.154387,1,0.000000,0.000000,0.000000,0.000000,0.000000,0.000000,0,0,0.000000,0.000000,0.000000,0.000000,0.000000,0.000000,0,0,0.000000,0.000000,0.000000,0.000000,0.000000,0.000000,0,0,0.000000,0.000000,0.000000,0.000000,0.000000,0.000000,0,0
8,0.160000,2,gripper_l_finger1,yup_snapshot,1,1,-0.718670,1.377911,-0.087989,0.443563,0.228272,-0.256756,0.827780,4.902196,0.531283,5.154068,1,0.000000,0.000000,0.000000,0.000000,0.000000,0.000000,0,0,0.000000,0.000000,0.000000,0.000000,0.000000,0.000000,0,0,0.000000,0.000000,0.000000,0.000000,0.000000,0.000000,0,0,0.000000,0.000000,0.000000,0.000000,0.000000,0.000000,0,0
8,0.160000,3,gripper_l_finger2,yup_snapshot,1,1,-0.724271,1.332937,-0.062574,0.827766,0.256784,0.228325,-0.443547,4.901505,0.531668,5.154248,1,0.000000,0.000000,0.000000,0.000000,0.000000,0.000000,0,0,0.000000,0.000000,0.000000,0.000000,0.000000,0.000000,0,0,0.000000,0.000000,0.000000,0.000000,0.000000,0.000000,0,0,0.000000,0.000000,0.000000,0.000000,0.000000,0.000000,0,0
8,0.160000,4,gripper_r_palm,yup_snapshot,1,1,0.605407,1.043982,-0.214646,0.402262,-0.217118,0.646863,-0.610420,3.403131,-2.730600,-4.599553,1,0.000000,0.000000,0.000000,0.000000,0.000000,0.000000,0,0,0.000000,0.000000,0.000000,0.000000,0.000000,0.000000,0,0,0.000000,0.000000,0.000000,0.000000,0.000000,0.000000,0,0,0.000000,0.000000,0.000000,0.000000,0.000000,0.000000,0,0
8,0.160000,5,gripper_r_finger1,yup_snapshot,1,1,0.665261,1.041467,-0.237015,-0.437965,-0.131007,-0.025813,0.889020,3.402977,-2.730721,-4.599539,1,0.000000,0.000000,0.000000,0.000000,0.000000,0.000000,0,0,0.000000,0.000000,0.000000,0.000000,0.000000,0.000000,0,0,0.000000,0.000000,0.000000,0.000000,0.000000,0.000000,0,0,0.000000,0.000000,0.000000,0.000000,0.000000,0.000000,0,0
8,0.160000,6,gripper_r_finger2,yup_snapshot,1,1,0.681140,1.087711,-0.283598,0.889044,0.025736,-0.130848,0.437970,3.401885,-2.731575,-4.599444,1,0.000000,0.000000,0.000000,0.000000,0.000000,0.000000,0,0,0.000000,0.000000,0.000000,0.000000,0.000000,0.000000,0,0,0.000000,0.000000,0.000000,0.000000,0.000000,0.000000,0,0,0.000000,0.000000,0.000000,0.000000,0.000000,0.000000,0,0
9,0.180000,0,base,yup_snapshot,0,0,0.000000,0.000000,0.000000,1.000000,0.000000,0.000000,0.000000,0.000000,0.000000,0.000000,0,0.000000,0.000000,0.000000,0.000000,0.000000,0.000000,0,0,0.000000,0.000000,0.000000,0.000000,0.000000,0.000000,0,0,0.000000,0.000000,0.000000,0.000000,0.000000,0.000000,0,0,0.000000,0.000000,0.000000,0.000000,0.000000,0.000000,0,0
9,0.180000,1,gripper_l_palm,yup_snapshot,1,1,-0.660185,1.321115,-0.015611,-0.497560,0.167463,0.777509,-0.346223,4.083407,0.084062,4.219472,1,0.000000,0.000000,0.000000,0.000000,0.000000,0.000000,0,0,0.000000,0.000000,0.000000,0.000000,0.000000,0.000000,0,0,0.000000,0.000000,0.000000,0.000000,0.000000,0.000000,0,0,0.000000,0.000000,0.000000,0.000000,0.000000,0.000000,0,0
9,0.180000,2,gripper_l_finger1,yup_snapshot,1,1,-0.742017,1.426906,-0.041981,0.470253,0.233385,-0.304948,0.794607,4.084774,0.083491,4.219065,1,0.000000,0.000000,0.000000,0.000000,0.000000,0.000000,0,0,0.000000,0.000000,0.000000,0.000000,0.000000,0.000000,0,0,0.000000,0.000000,0.000000,0.000000,0.000000,0.000000,0,0,0.000000,0.000000,0.000000,0.000000,0.000000,0.000000,0,0
9,0.180000,3,gripper_l_finger2,yup_snapshot,1,1,-0.742862,1.381305,-0.021087,0.794597,0.304969,0.233419,-0.470240,4.081987,0.084655,4.219895,1,0.000000,0.000000,0.000000,0.000000,0.000000,0.000000,0,0,0.000000,0.000000,0.000000,0.000000,0.000000,0.000000,0,0,0.000000,0.000000,0.000000,0.000000,0.000000,0.000000,0,0,0.000000,0.000000,0.000000,0.000000,0.000000,0.000000,0,0
9,0.180000,4,gripper_r_palm,yup_snapshot,1,1,0.618626,1.080400,-0.206084,0.419289,-0.245875,0.665530,-0.566402,3.030812,-2.061078,-3.966370,1,0.000000,0.000000,0.000000,0.000000,0.000000,0.000000,0,0,0.000000,0.000000,0.000000,0.000000,0.000000,0.000000,0,0,0.000000,0.000000,0.000000,0.000000,0.000000,0.000000,0,0,0.000000,0.000000,0.000000,0.000000,0.000000,0.000000,0,0
9,0.180000,5,gripper_r_finger1,yup_snapshot,1,1,0.682408,1.085783,-0.229877,-0.470335,-0.122713,-0.070143,0.871095,3.030675,-2.061168,-3.966371,1,0.000000,0.000000,0.000000,0.000000,0.000000,0.000000,0,0,0.000000,0.000000,0.000000,0.000000,0.000000,0.000000,0,0,0.000000,0.000000,0.000000,0.000000,0.000000,0.000000,0,0,0.000000,0.000000,0.000000,0.000000,0.000000,0.000000,0,0
9,0.180000,6,gripper_r_finger2,yup_snapshot,1,1,0.704772,1.133892,-0.272625,0.871119,0.070053,-0.122545,0.470348,3.029539,-2.061911,-3.966380,1,0.000000,0.000000,0.000000,0.000000,0.000000,0.000000,0,0,0.000000,0.000000,0.000000,0.000000,0.000000,0.000000,0,0,0.000000,0.000000,0.000000,0.000000,0.000000,0.000000,0,0,0.000000,0.000000,0.000000,0.000000,0.000000,0.000000,0,0
10,0.200000,0,base,yup_snapshot,0,0,0.000000,0.000000,0.000000,1.000000,0.000000,0.000000,0.000000,0.000000,0.000000,0.000000,0,0.000000,0.000000,0.000000,0.000000,0.000000,0.000000,0,0,0.000000,0.000000,0.000000,0.000000,0.000000,0.000000,0,0,0.000000,0.000000,0.000000,0.000000,0.000000,0.000000,0,0,0.000000,0.000000,0.000000,0.000000,0.000000,0.000000,0,0
10,0.200000,1,gripper_l_palm,yup_snapshot,1,1,-0.672395,1.349678,0.017785,0.517425,-0.178646,-0.782110,0.297760,3.358437,-0.193466,3.553814,1,0.000000,0.000000,0.000000,0.000000,0.000000,0.000000,0,0,0.000000,0.000000,0.000000,0.000000,0.000000,0.000000,0,0,0.000000,0.000000,0.000000,0.000000,0.000000,0.000000,0,0,0.000000,0.000000,0.000000,0.000000,0.000000,0.000000,0,0
10,0.200000,2,gripper_l_finger1,yup_snapshot,1,1,-0.762797,1.461681,-0.000242,0.492205,0.239534,-0.342475,0.763589,3.359458,-0.193779,3.553494,1,0.000000,0.000000,0.000000,0.000000,0.000000,0.000000,0,0,0.000000,0.000000,0.000000,0.000000,0.000000,0.000000,0,0,0.000000,0.000000,0.000000,0.000000,0.000000,0.000000,0,0,0.000000,0.000000,0.000000,0.000000,0.000000,0.000000,0,0
10,0.200000,3,gripper_l_finger2,yup_snapshot,1,1,-0.759222,1.416202,0.016448,0.763586,0.342481,0.239543,-0.492201,3.357001,-0.193025,3.554265,1,0.000000,0.000000,0.000000,0.000000,0.000000,0.000000,0,0,0.000000,0.000000,0.000000,0.000000,0.000000,0.000000,0,0,0.000000,0.000000,0.000000,0.000000,0.000000,0.000000,0,0,0.000000,0.000000,0.000000,0.000000,0.000000,0.000000,0,0
10,0.200000,4,gripper_r_palm,yup_snapshot,1,1,0.630992,1.110786,-0.195398,0.434936,-0.268320,0.679069,-0.526972,2.655779,-1.514335,-3.422802,1,0.000000,0.000000,0.000000,0.000000,0.000000,0.000000,0,0,0.000000,0.000000,0.000000,0.000000,0.000000,0.000000,0,0,0.000000,0.000000,0.000000,0.000000,0.000000,0.000000,0,0,0.000000,0.000000,0.000000,0.000000,0.000000,0.000000,0,0
10,0.200000,5,gripper_r_finger1,yup_snapshot,1,1,0.698066,1.122956,-0.219912,-0.497265,-0.117908,-0.107602,0.852788,2.656656,-1.513850,-3.422735,1,0.000000,0.000000,0.000000,0.000000,0.000000,0.000000,0,0,0.000000,0.000000,0.000000,0.000000,0.000000,0.000000,0,0,0.000000,0.000000,0.000000,0.000000,0.000000,0.000000,0,0,0.000000,0.000000,0.000000,0.000000,0.000000,0.000000,0,0
10,0.200000,6,gripper_r_finger2,yup_snapshot,1,1,0.726169,1.171976,-0.258696,0.852812,0.107501,-0.117732,0.497288,2.655305,-1.514596,-3.422838,1,0.000000,0.000000,0.000000,0.000000,0.000000,0.000000,0,0,0.000000,0.000000,0.000000,0.000000,0.000000,0.000000,0,0,0.000000,0.000000,0.000000,0.000000,0.000000,0.000000,0,0,0.000000,0.000000,0.000000,0.000000,0.000000,0.000000,0,0
11,0.220000,0,base,yup_snapshot,0,0,0.000000,0.000000,0.000000,1.000000,0.000000,0.000000,0.000000,0.000000,0.000000,0.000000,0,0.000000,0.000000,0.000000,0.000000,0.000000,0.000000,0,0,0.000000,0.000000,0.000000,0.000000,0.000000,0.000000,0,0,0.000000,0.000000,0.000000,0.000000,0.000000,0.000000,0,0,0.000000,0.000000,0.000000,0.000000,0.000000,0.000000,0,0
11,0.220000,1,gripper_l_palm,yup_snapshot,1,1,-0.684146,1.369505,0.046426,0.535137,-0.187803,-0.782494,0.257026,2.728287,-0.372439,3.080917,1,0.000000,0.000000,0.000000,0.000000,0.000000,0.000000,0,0,0.000000,0.000000,0.000000,0.000000,0.000000,0.000000,0,0,0.000000,0.000000,0.000000,0.000000,0.000000,0.000000,0,0,0.000000,0.000000,0.000000,0.000000,0.000000,0.000000,0,0
11,0.220000,2,gripper_l_finger1,yup_snapshot,1,1,-0.782073,1.485698,0.035697,0.511201,0.245590,-0.371554,0.735055,2.728965,-0.372585,3.080703,1,0.000000,0.000000,0.000000,0.000000,0.000000,0.000000,0,0,0.000000,0.000000,0.000000,0.000000,0.000000,0.000000,0,0,0.000000,0.000000,0.000000,0.000000,0.000000,0.000000,0,0,0.000000,0.000000,0.000000,0.000000,0.000000,0.000000,0,0
11,0.220000,3,gripper_l_finger2,yup_snapshot,1,1,-0.774352,1.440670,0.048666,0.735059,0.371547,0.245580,-0.511207,2.726986,-0.372159,3.081328,1,0.000000,0.000000,0.000000,0.000000,0.000000,0.000000,0,0,0.000000,0.000000,0.000000,0.000000,0.000000,0.000000,0,0,0.000000,0.000000,0.000000,0.000000,0.000000,0.000000,0,0,0.000000,0.000000,0.000000,0.000000,0.000000,0.000000,0,0
11,0.220000,4,gripper_r_palm,yup_snapshot,1,1,0.642618,1.135656,-0.183761,0.450528,-0.286075,0.687886,-0.491934,2.311105,-1.008881,-3.063193,1,0.000000,0.000000,0.000000,0.000000,0.000000,0.000000,0,0,0.000000,0.000000,0.000000,0.000000,0.000000,0.000000,0,0,0.000000,0.000000,0.000000,0.000000,0.000000,0.000000,0,0,0.000000,0.000000,0.000000,0.000000,0.000000,0.000000,0,0
11,0.220000,5,gripper_r_finger1,yup_snapshot,1,1,0.712115,1.153617,-0.208552,0.520842,0.116378,0.138616,-0.834246,2.311956,-1.008486,-3.063089,1,0.000000,0.000000,0.000000,0.000000,0.000000,0.000000,0,0,0.000000,0.000000,0.000000,0.000000,0.000000,0.000000,0,0,0.000000,0.000000,0.000000,0.000000,0.000000,0.000000,0,0,0.000000,0.000000,0.000000,0.000000,0.000000,0.000000,0,0
11,0.220000,6,gripper_r_finger2,yup_snapshot,1,1,0.745537,1.202920,-0.243442,0.834271,0.138504,-0.116197,0.520872,2.310362,-1.009227,-3.063284,1,0.000000,0.000000,0.000000,0.000000,0.000000,0.000000,0,0,0.000000,0.000000,0.000000,0.000000,0.000000,0.000000,0,0,0.000000,0.000000,0.000000,0.000000,0.000000,0.000000,0,0,0.000000,0.000000,0.000000,0.000000,0.000000,0.000000,0,0
12,0.240000,0,base,yup_snapshot,0,0,0.000000,0.000000,0.000000,1.000000,0.000000,0.000000,0.000000,0.000000,0.000000,0.000000,0,0.000000,0.000000,0.000000,0.000000,0.000000,0.000000,0,0,0.000000,0.000000,0.000000,0.000000,0.000000,0.000000,0,0,0.000000,0.000000,0.000000,0.000000,0.000000,0.000000,0,0,0.000000,0.000000,0.000000,0.000000,0.000000,0.000000,0,0
12,0.240000,1,gripper_l_palm,yup_snapshot,1,1,-0.695924,1.382594,0.070028,0.550665,-0.196138,-0.780113,0.222981,2.166406,-0.470506,2.690530,1,0.000000,0.000000,0.000000,0.000000,0.000000,0.000000,0,0,0.000000,0.000000,0.000000,0.000000,0.000000,0.000000,0,0,0.000000,0.000000,0.000000,0.000000,0.000000,0.000000,0,0,0.000000,0.000000,0.000000,0.000000,0.000000,0.000000,0,0
12,0.240000,2,gripper_l_finger1,yup_snapshot,1,1,-0.800555,1.501545,0.065387,0.528073,0.250682,-0.393947,0.709298,2.167166,-0.470612,2.690294,1,0.000000,0.000000,0.000000,0.000000,0.000000,0.000000,0,0,0.000000,0.000000,0.000000,0.000000,0.000000,0.000000,0,0,0.000000,0.000000,0.000000,0.000000,0.000000,0.000000,0,0,0.000000,0.000000,0.000000,0.000000,0.000000,0.000000,0,0
12,0.240000,3,gripper_l_finger2,yup_snapshot,1,1,-0.788978,1.457032,0.075207,0.709306,0.393930,0.250659,-0.528086,2.165945,-0.470442,2.690674,1,0.000000,0.000000,0.000000,0.000000,0.000000,0.000000,0,0,0.000000,0.000000,0.000000,0.000000,0.000000,0.000000,0,0,0.000000,0.000000,0.000000,0.000000,0.000000,0.000000,0,0,0.000000,0.000000,0.000000,0.000000,0.000000,0.000000,0,0
12,0.240000,4,gripper_r_palm,yup_snapshot,1,1,0.653784,1.155531,-0.172155,0.465460,-0.300319,0.693048,-0.461346,1.965479,-0.657979,-2.717935,1,0.000000,0.000000,0.000000,0.000000,0.000000,0.000000,0,0,0.000000,0.000000,0.000000,0.000000,0.000000,0.000000,0,0,0.000000,0.000000,0.000000,0.000000,0.000000,0.000000,0,0,0.000000,0.000000,0.000000,0.000000,0.000000,0.000000,0,0
12,0.240000,5,gripper_r_finger1,yup_snapshot,1,1,0.725032,1.178346,-0.196959,0.541469,0.116865,0.163900,-0.816266,1.965767,-0.657867,-2.717891,1,0.000000,0.000000,0.000000,0.000000,0.000000,0.000000,0,0,0.000000,0.000000,0.000000,0.000000,0.000000,0.000000,0,0,0.000000,0.000000,0.000000,0.000000,0.000000,0.000000,0,0,0.000000,0.000000,0.000000,0.000000,0.000000,0.000000,0,0
12,0.240000,6,gripper_r_finger2,yup_snapshot,1,1,0.763320,1.227487,-0.228263,0.816293,0.163777,-0.116680,0.541506,1.964588,-0.658327,-2.718071,1,0.000000,0.000000,0.000000,0.000000,0.000000,0.000000,0,0,0.000000,0.000000,0.000000,0.000000,0.000000,0.000000,0,0,0.000000,0.000000,0.000000,0.000000,0.000000,0.000000,0,0,0.000000,0.000000,0.000000,0.000000,0.000000,0.000000,0,0
13,0.260000,0,base,yup_snapshot,0,0,0.000000,0.000000,0.000000,1.000000,0.000000,0.000000,0.000000,0.000000,0.000000,0.000000,0,0.000000,0.000000,0.000000,0.000000,0.000000,0.000000,0,0,0.000000,0.000000,0.000000,0.000000,0.000000,0.000000,0,0,0.000000,0.000000,0.000000,0.000000,0.000000,0.000000,0,0,0.000000,0.000000,0.000000,0.000000,0.000000,0.000000,0,0
13,0.260000,1,gripper_l_palm,yup_snapshot,1,1,-0.707945,1.390392,0.088802,0.564206,-0.204043,-0.775897,0.194991,1.669213,-0.523504,2.353944,1,0.000000,0.000000,0.000000,0.000000,0.000000,0.000000,0,0,0.000000,0.000000,0.000000,0.000000,0.000000,0.000000,0,0,0.000000,0.000000,0.000000,0.000000,0.000000,0.000000,0,0,0.000000,0.000000,0.000000,0.000000,0.000000,0.000000,0,0
13,0.260000,2,gripper_l_finger1,yup_snapshot,1,1,-0.818506,1.511081,0.089024,0.543236,0.254670,-0.410760,0.686523,1.669832,-0.523551,2.353758,1,0.000000,0.000000,0.000000,0.000000,0.000000,0.000000,0,0,0.000000,0.000000,0.000000,0.000000,0.000000,0.000000,0,0,0.000000,0.000000,0.000000,0.000000,0.000000,0.000000,0,0,0.000000,0.000000,0.000000,0.000000,0.000000,0.000000,0,0
13,0.260000,3,gripper_l_finger2,yup_snapshot,1,1,-0.803365,1.467010,0.096251,0.686534,0.410736,0.254640,-0.543254,1.668501,-0.523450,2.354159,1,0.000000,0.000000,0.000000,0.000000,0.000000,0.000000,0,0,0.000000,0.000000,0.000000,0.000000,0.000000,0.000000,0,0,0.000000,0.000000,0.000000,0.000000,0.000000,0.000000,0,0,0.000000,0.000000,0.000000,0.000000,0.000000,0.000000,0,0
13,0.260000,4,gripper_r_palm,yup_snapshot,1,1,0.664753,1.170879,-0.161264,0.479221,-0.312174,0.695487,-0.434963,1.628893,-0.430186,-2.413405,1,0.000000,0.000000,0.000000,0.000000,0.000000,0.000000,0,0,0.000000,0.000000,0.000000,0.000000,0.000000,0.000000,0,0,0.000000,0.000000,0.000000,0.000000,0.000000,0.000000,0,0,0.000000,0.000000,0.000000,0.000000,0.000000,0.000000,0,0
13,0.260000,5,gripper_r_finger1,yup_snapshot,1,1,0.737298,1.197670,-0.185932,0.559579,0.118213,0.184284,-0.799335,1.629218,-0.430080,-2.413348,1,0.000000,0.000000,0.000000,0.000000,0.000000,0.000000,0,0,0.000000,0.000000,0.000000,0.000000,0.000000,0.000000,0,0,0.000000,0.000000,0.000000,0.000000,0.000000,0.000000,0,0,0.000000,0.000000,0.000000,0.000000,0.000000,0.000000,0,0
13,0.260000,6,gripper_r_finger2,yup_snapshot,1,1,0.780000,1.246379,-0.214107,0.799363,0.184152,-0.118024,0.559622,1.628370,-0.430357,-2.413495,1,0.000000,0.000000,0.000000,0.000000,0.000000,0.000000,0,0,0.000000,0.000000,0.000000,0.000000,0.000000,0.000000,0,0,0.000000,0.000000,0.000000,0.000000,0.000000,0.000000,0,0,0.000000,0.000000,0.000000,0.000000,0.000000,0.000000,0,0
14,0.280000,0,base,yup_snapshot,0,0,0.000000,0.000000,0.000000,1.000000,0.000000,0.000000,0.000000,0.000000,0.000000,0.000000,0,0.000000,0.000000,0.000000,0.000000,0.000000,0.000000,0,0,0.000000,0.000000,0.000000,0.000000,0.000000,0.000000,0,0,0.000000,0.000000,0.000000,0.000000,0.000000,0.000000,0,0,0.000000,0.000000,0.000000,0.000000,0.000000,0.000000,0,0
14,0.280000,1,gripper_l_palm,yup_snapshot,1,1,-0.720453,1.394039,0.103199,0.575800,-0.211992,-0.770631,0.172165,1.239595,-0.518557,2.090872,1,0.000000,0.000000,0.000000,0.000000,0.000000,0.000000,0,0,0.000000,0.000000,0.000000,0.000000,0.000000,0.000000,0,0,0.000000,0.000000,0.000000,0.000000,0.000000,0.000000,0,0,0.000000,0.000000,0.000000,0.000000,0.000000,0.000000,0,0
14,0.280000,2,gripper_l_finger1,yup_snapshot,1,1,-0.836304,1.515761,0.107129,0.557053,0.257251,-0.423179,0.666658,1.240201,-0.518571,2.090697,1,0.000000,0.000000,0.000000,0.000000,0.000000,0.000000,0,0,0.000000,0.000000,0.000000,0.000000,0.000000,0.000000,0,0,0.000000,0.000000,0.000000,0.000000,0.000000,0.000000,0,0,0.000000,0.000000,0.000000,0.000000,0.000000,0.000000,0,0
14,0.280000,3,gripper_l_finger2,yup_snapshot,1,1,-0.817896,1.471952,0.112298,0.666672,0.423149,0.257216,-0.557076,1.239383,-0.518553,2.090933,1,0.000000,0.000000,0.000000,0.000000,0.000000,0.000000,0,0,0.000000,0.000000,0.000000,0.000000,0.000000,0.000000,0,0,0.000000,0.000000,0.000000,0.000000,0.000000,0.000000,0,0,0.000000,0.000000,0.000000,0.000000,0.000000,0.000000,0,0
14,0.280000,4,gripper_r_palm,yup_snapshot,1,1,0.676164,1.181162,-0.150439,0.493833,-0.319875,0.693841,-0.415202,1.148754,0.529538,-1.859488,1,0.000000,0.000000,0.000000,0.000000,0.000000,0.000000,0,0,0.000000,0.000000,0.000000,0.000000,0.000000,0.000000,0,0,0.000000,0.000000,0.000000,0.000000,0.000000,0.000000,0,0,0.000000,0.000000,0.000000,0.000000,0.000000,0.000000,0,0
14,0.280000,5,gripper_r_finger1,yup_snapshot,1,1,0.748538,1.210957,-0.175018,0.575355,0.123102,0.197097,-0.784197,1.148995,0.529604,-1.859446,1,0.000000,0.000000,0.000000,0.000000,0.000000,0.000000,0,0,0.000000,0.000000,0.000000,0.000000,0.000000,0.000000,0,0,0.000000,0.000000,0.000000,0.000000,0.000000,0.000000,0,0,0.000000,0.000000,0.000000,0.000000,0.000000,0.000000,0,0
14,0.280000,6,gripper_r_finger2,yup_snapshot,1,1,0.795359,1.259132,-0.200590,0.784227,0.196958,-0.122911,0.575403,1.148759,0.529539,-1.859487,1,0.000000,0.000000,0.000000,0.000000,0.000000,0.000000,0,0,0.000000,0.000000,0.000000,0.000000,0.000000,0.000000,0,0,0.000000,0.000000,0.000000,0.000000,0.000000,0.000000,0,0,0.000000,0.000000,0.000000,0.000000,0.000000,0.000000,0,0
15,0.300000,0,base,yup_snapshot,0,0,0.000000,0.000000,0.000000,1.000000,0.000000,0.000000,0.000000,0.000000,0.000000,0.000000,0,0.000000,0.000000,0.000000,0.000000,0.000000,0.000000,0,0,0.000000,0.000000,0.000000,0.000000,0.000000,0.000000,0,0,0.000000,0.000000,0.000000,0.000000,0.000000,0.000000,0,0,0.000000,0.000000,0.000000,0.000000,0.000000,0.000000,0,0
15,0.300000,1,gripper_l_palm,yup_snapshot,1,1,-0.733644,1.394374,0.113850,0.585486,-0.220341,-0.764902,0.153558,0.877140,-0.470776,1.891587,1,0.000000,0.000000,0.000000,0.000000,0.000000,0.000000,0,0,0.000000,0.000000,0.000000,0.000000,0.000000,0.000000,0,0,0.000000,0.000000,0.000000,0.000000,0.000000,0.000000,0,0,0.000000,0.000000,0.000000,0.000000,0.000000,0.000000,0,0
15,0.300000,2,gripper_l_finger1,yup_snapshot,1,1,-0.854285,1.516647,0.120462,0.569805,0.258199,-0.432287,0.649449,0.877609,-0.470765,1.891457,1,0.000000,0.000000,0.000000,0.000000,0.000000,0.000000,0,0,0.000000,0.000000,0.000000,0.000000,0.000000,0.000000,0,0,0.000000,0.000000,0.000000,0.000000,0.000000,0.000000,0,0,0.000000,0.000000,0.000000,0.000000,0.000000,0.000000,0,0
15,0.300000,3,gripper_l_finger2,yup_snapshot,1,1,-0.832905,1.472861,0.124065,0.649464,0.432253,0.258159,-0.569831,0.877003,-0.470779,1.891625,1,0.000000,0.000000,0.000000,0.000000,0.000000,0.000000,0,0,0.000000,0.000000,0.000000,0.000000,0.000000,0.000000,0,0,0.000000,0.000000,0.000000,0.000000,0.000000,0.000000,0,0,0.000000,0.000000,0.000000,0.000000,0.000000,0.000000,0,0
15,0.300000,4,gripper_r_palm,yup_snapshot,1,1,0.689230,1.185658,-0.138638,0.509888,-0.322210,0.687497,-0.404404,0.643999,1.343158,-1.276036,1,0.000000,0.000000,0.000000,0.000000,0.000000,0.000000,0,0,0.000000,0.000000,0.000000,0.000000,0.000000,0.000000,0,0,0.000000,0.000000,0.000000,0.000000,0.000000,0.000000,0,0,0.000000,0.000000,0.000000,0.000000,0.000000,0.000000,0,0
15,0.300000,5,gripper_r_finger1,yup_snapshot,1,1,0.759350,1.217362,-0.163291,0.588357,0.132806,0.200251,-0.772074,0.644682,1.343319,-1.275927,1,0.000000,0.000000,0.000000,0.000000,0.000000,0.000000,0,0,0.000000,0.000000,0.000000,0.000000,0.000000,0.000000,0,0,0.000000,0.000000,0.000000,0.000000,0.000000,0.000000,0,0,0.000000,0.000000,0.000000,0.000000,0.000000,0.000000,0,0
15,0.300000,6,gripper_r_finger2,yup_snapshot,1,1,0.809952,1.265094,-0.187004,0.772107,0.200105,-0.132614,0.588407,0.644256,1.343218,-1.275995,1,0.000000,0.000000,0.000000,0.000000,0.000000,0.000000,0,0,0.000000,0.000000,0.000000,0.000000,0.000000,0.000000,0,0,0.000000,0.000000,0.000000,0.000000,0.000000,0.000000,0,0,0.000000,0.000000,0.000000,0.000000,0.000000,0.000000,0,0
16,0.320000,0,base,yup_snapshot,0,0,0.000000,0.000000,0.000000,1.000000,0.000000,0.000000,0.000000,0.000000,0.000000,0.000000,0,0.000000,0.000000,0.000000,0.000000,0.000000,0.000000,0,0,0.000000,0.000000,0.000000,0.000000,0.000000,0.000000,0,0,0.000000,0.000000,0.000000,0.000000,0.000000,0.000000,0,0,0.000000,0.000000,0.000000,0.000000,0.000000,0.000000,0,0
16,0.320000,1,gripper_l_palm,yup_snapshot,1,1,-0.747661,1.391993,0.121473,0.593350,-0.229240,-0.759108,0.138345,0.573004,-0.407112,1.721094,1,0.000000,0.000000,0.000000,0.000000,0.000000,0.000000,0,0,0.000000,0.000000,0.000000,0.000000,0.000000,0.000000,0,0,0.000000,0.000000,0.000000,0.000000,0.000000,0.000000,0,0,0.000000,0.000000,0.000000,0.000000,0.000000,0.000000,0,0
16,0.320000,2,gripper_l_finger1,yup_snapshot,1,1,-0.872696,1.514481,0.129896,0.581656,0.257469,-0.438949,0.634594,0.573463,-0.407083,1.720972,1,0.000000,0.000000,0.000000,0.000000,0.000000,0.000000,0,0,0.000000,0.000000,0.000000,0.000000,0.000000,0.000000,0,0,0.000000,0.000000,0.000000,0.000000,0.000000,0.000000,0,0,0.000000,0.000000,0.000000,0.000000,0.000000,0.000000,0,0
16,0.320000,3,gripper_l_finger2,yup_snapshot,1,1,-0.848631,1.470467,0.132368,0.634611,0.438911,0.257426,-0.581686,0.572864,-0.407121,1.721132,1,0.000000,0.000000,0.000000,0.000000,0.000000,0.000000,0,0,0.000000,0.000000,0.000000,0.000000,0.000000,0.000000,0,0,0.000000,0.000000,0.000000,0.000000,0.000000,0.000000,0,0,0.000000,0.000000,0.000000,0.000000,0.000000,0.000000,0,0
16,0.320000,4,gripper_r_palm,yup_snapshot,1,1,0.704575,1.184659,-0.125887,0.525011,-0.321342,0.678355,-0.401169,0.206457,1.517376,-0.870475,1,0.000000,0.000000,0.000000,0.000000,0.000000,0.000000,0,0,0.000000,0.000000,0.000000,0.000000,0.000000,0.000000,0,0,0.000000,0.000000,0.000000,0.000000,0.000000,0.000000,0,0,0.000000,0.000000,0.000000,0.000000,0.000000,0.000000,0,0
16,0.320000,5,gripper_r_finger1,yup_snapshot,1,1,0.771258,1.217184,-0.150677,0.598436,0.144117,0.196080,-0.763320,0.207099,1.517513,-0.870391,1,0.000000,0.000000,0.000000,0.000000,0.000000,0.000000,0,0,0.000000,0.000000,0.000000,0.000000,0.000000,0.000000,0,0,0.000000,0.000000,0.000000,0.000000,0.000000,0.000000,0,0,0.000000,0.000000,0.000000,0.000000,0.000000,0.000000,0,0
16,0.320000,6,gripper_r_finger2,yup_snapshot,1,1,0.825086,1.264723,-0.173439,0.763357,0.195927,-0.143922,0.598486,0.206294,1.517341,-0.870497,1,0.000000,0.000000,0.000000,0.000000,0.000000,0.000000,0,0,0.000000,0.000000,0.000000,0.000000,0.000000,0.000000,0,0,0.000000,0.000000,0.000000,0.000000,0.000000,0.000000,0,0,0.000000,0.000000,0.000000,0.000000,0.000000,0.000000,0,0
17,0.340000,0,base,yup_snapshot,0,0,0.000000,0.000000,0.000000,1.000000,0.000000,0.000000,0.000000,0.000000,0.000000,0.000000,0,0.000000,0.000000,0.000000,0.000000,0.000000,0.000000,0,0,0.000000,0.000000,0.000000,0.000000,0.000000,0.000000,0,0,0.000000,0.000000,0.000000,0.000000,0.000000,0.000000,0,0,0.000000,0.000000,0.000000,0.000000,0.000000,0.000000,0,0
17,0.340000,1,gripper_l_palm,yup_snapshot,1,1,-0.762619,1.387305,0.126810,0.599562,-0.238561,-0.753485,0.125994,0.325726,-0.333849,1.575715,1,0.000000,0.000000,0.000000,0.000000,0.000000,0.000000,0,0,0.000000,0.000000,0.000000,0.000000,0.000000,0.000000,0,0,0.000000,0.000000,0.000000,0.000000,0.000000,0.000000,0,0,0.000000,0.000000,0.000000,0.000000,0.000000,0.000000,0,0
17,0.340000,2,gripper_l_finger1,yup_snapshot,1,1,-0.891675,1.509768,0.136318,0.592638,0.255272,-0.443709,0.621883,0.325960,-0.333825,1.575655,1,0.000000,0.000000,0.000000,0.000000,0.000000,0.000000,0,0,0.000000,0.000000,0.000000,0.000000,0.000000,0.000000,0,0,0.000000,0.000000,0.000000,0.000000,0.000000,0.000000,0,0,0.000000,0.000000,0.000000,0.000000,0.000000,0.000000,0,0
17,0.340000,3,gripper_l_finger2,yup_snapshot,1,1,-0.865203,1.465301,0.138029,0.621901,0.443666,0.255227,-0.592671,0.325378,-0.333883,1.575805,1,0.000000,0.000000,0.000000,0.000000,0.000000,0.000000,0,0,0.000000,0.000000,0.000000,0.000000,0.000000,0.000000,0,0,0.000000,0.000000,0.000000,0.000000,0.000000,0.000000,0,0,0.000000,0.000000,0.000000,0.000000,0.000000,0.000000,0,0
17,0.340000,4,gripper_r_palm,yup_snapshot,1,1,0.722003,1.179386,-0.113593,0.536473,-0.321214,0.669222,-0.401446,-0.136477,1.084040,-0.741948,1,0.000000,0.000000,0.000000,0.000000,0.000000,0.000000,0,0,0.000000,0.000000,0.000000,0.000000,0.000000,0.000000,0,0,0.000000,0.000000,0.000000,0.000000,0.000000,0.000000,0,0,0.000000,0.000000,0.000000,0.000000,0.000000,0.000000,0,0
17,0.340000,5,gripper_r_finger1,yup_snapshot,1,1,0.785620,1.211832,-0.138478,0.606451,0.152316,0.189430,-0.757056,-0.136005,1.084133,-0.741899,1,0.000000,0.000000,0.000000,0.000000,0.000000,0.000000,0,0,0.000000,0.000000,0.000000,0.000000,0.000000,0.000000,0,0,0.000000,0.000000,0.000000,0.000000,0.000000,0.000000,0,0,0.000000,0.000000,0.000000,0.000000,0.000000,0.000000,0,0
17,0.340000,6,gripper_r_finger2,yup_snapshot,1,1,0.842015,1.259466,-0.161110,0.757096,0.189273,-0.152119,0.606500,-0.136517,1.084032,-0.741953,1,0.000000,0.000000,0.000000,0.000000,0.000000,0.000000,0,0,0.000000,0.000000,0.000000,0.000000,0.000000,0.000000,0,0,0.000000,0.000000,0.000000,0.000000,0.000000,0.000000,0,0,0.000000,0.000000,0.000000,0.000000,0.000000,0.000000,0,0
18,0.360000,0,base,yup_snapshot,0,0,0.000000,0.000000,0.000000,1.000000,0.000000,0.000000,0.000000,0.000000,0.000000,0.000000,0,0.000000,0.000000,0.000000,0.000000,0.000000,0.000000,0,0,0.000000,0.000000,0.000000,0.000000,0.000000,0.000000,0,0,0.000000,0.000000,0.000000,0.000000,0.000000,0.000000,0,0,0.000000,0.000000,0.000000,0.000000,0.000000,0.000000,0,0
18,0.360000,1,gripper_l_palm,yup_snapshot,1,1,-0.778616,1.380390,0.130611,0.604518,-0.247771,-0.748086,0.116337,0.126353,-0.334361,1.350405,1,0.000000,0.000000,0.000000,0.000000,0.000000,0.000000,0,0,0.000000,0.000000,0.000000,0.000000,0.000000,0.000000,0,0,0.000000,0.000000,0.000000,0.000000,0.000000,0.000000,0,0,0.000000,0.000000,0.000000,0.000000,0.000000,0.000000,0,0
18,0.360000,2,gripper_l_finger1,yup_snapshot,1,1,-0.911232,1.502667,0.140624,0.602654,0.252265,-0.446721,0.611237,0.126568,-0.334333,1.350351,1,0.000000,0.000000,0.000000,0.000000,0.000000,0.000000,0,0,0.000000,0.000000,0.000000,0.000000,0.000000,0.000000,0,0,0.000000,0.000000,0.000000,0.000000,0.000000,0.000000,0,0,0.000000,0.000000,0.000000,0.000000,0.000000,0.000000,0,0
18,0.360000,3,gripper_l_finger2,yup_snapshot,1,1,-0.882606,1.457591,0.141856,0.611256,0.446675,0.252218,-0.602689,0.126215,-0.334379,1.350440,1,0.000000,0.000000,0.000000,0.000000,0.000000,0.000000,0,0,0.000000,0.000000,0.000000,0.000000,0.000000,0.000000,0,0,0.000000,0.000000,0.000000,0.000000,0.000000,0.000000,0,0,0.000000,0.000000,0.000000,0.000000,0.000000,0.000000,0,0
18,0.360000,4,gripper_r_palm,yup_snapshot,1,1,0.740986,1.170811,-0.102983,0.543472,-0.324679,0.661595,-0.401888,-0.405579,0.502474,-0.810942,1,0.000000,0.000000,0.000000,0.000000,0.000000,0.000000,0,0,0.000000,0.000000,0.000000,0.000000,0.000000,0.000000,0,0,0.000000,0.000000,0.000000,0.000000,0.000000,0.000000,0,0,0.000000,0.000000,0.000000,0.000000,0.000000,0.000000,0,0
18,0.360000,5,gripper_r_finger1,yup_snapshot,1,1,0.802833,1.202492,-0.127935,0.613849,0.154816,0.183727,-0.751974,-0.405219,0.502539,-0.810911,1,0.000000,0.000000,0.000000,0.000000,0.000000,0.000000,0,0,0.000000,0.000000,0.000000,0.000000,0.000000,0.000000,0,0,0.000000,0.000000,0.000000,0.000000,0.000000,0.000000,0,0,0.000000,0.000000,0.000000,0.000000,0.000000,0.000000,0,0
18,0.360000,6,gripper_r_finger2,yup_snapshot,1,1,0.861298,1.250466,-0.151057,0.752015,0.183566,-0.154619,0.613898,-0.405585,0.502472,-0.810943,1,0.000000,0.000000,0.000000,0.000000,0.000000,0.000000,0,0,0.000000,0.000000,0.000000,0.000000,0.000000,0.000000,0,0,0.000000,0.000000,0.000000,0.000000,0.000000,0.000000,0,0,0.000000,0.000000,0.000000,0.000000,0.000000,0.000000,0,0
19,0.380000,0,base,yup_snapshot,0,0,0.000000,0.000000,0.000000,1.000000,0.000000,0.000000,0.000000,0.000000,0.000000,0.000000,0,0.000000,0.000000,0.000000,0.000000,0.000000,0.000000,0,0,0.000000,0.000000,0.000000,0.000000,0.000000,0.000000,0,0,0.000000,0.000000,0.000000,0.000000,0.000000,0.000000,0,0,0.000000,0.000000,0.000000,0.000000,0.000000,0.000000,0,0
19,0.380000,1,gripper_l_palm,yup_snapshot,1,1,-0.795794,1.371445,0.133643,0.608224,-0.256789,-0.743127,0.109022,-0.029378,-0.248276,1.241875,1,0.000000,0.000000,0.000000,0.000000,0.000000,0.000000,0,0,0.000000,0.000000,0.000000,0.000000,0.000000,0.000000,0,0,0.000000,0.000000,0.000000,0.000000,0.000000,0.000000,0,0,0.000000,0.000000,0.000000,0.000000,0.000000,0.000000,0,0
19,0.380000,2,gripper_l_finger1,yup_snapshot,1,1,-0.931528,1.493429,0.143676,0.611650,0.248511,-0.448389,0.602557,-0.029149,-0.248240,1.241819,1,0.000000,0.000000,0.000000,0.000000,0.000000,0.000000,0,0,0.000000,0.000000,0.000000,0.000000,0.000000,0.000000,0,0,0.000000,0.000000,0.000000,0.000000,0.000000,0.000000,0,0,0.000000,0.000000,0.000000,0.000000,0.000000,0.000000,0,0
19,0.380000,3,gripper_l_finger2,yup_snapshot,1,1,-0.901022,1.447606,0.144687,0.602577,0.448338,0.248461,-0.611687,-0.029605,-0.248312,1.241931,1,0.000000,0.000000,0.000000,0.000000,0.000000,0.000000,0,0,0.000000,0.000000,0.000000,0.000000,0.000000,0.000000,0,0,0.000000,0.000000,0.000000,0.000000,0.000000,0.000000,0,0,0.000000,0.000000,0.000000,0.000000,0.000000,0.000000,0,0
19,0.380000,4,gripper_r_palm,yup_snapshot,1,1,0.761076,1.159059,-0.094145,0.546667,-0.332466,0.655342,-0.401433,-0.655456,0.004323,-0.952863,1,0.000000,0.000000,0.000000,0.000000,0.000000,0.000000,0,0,0.000000,0.000000,0.000000,0.000000,0.000000,0.000000,0,0,0.000000,0.000000,0.000000,0.000000,0.000000,0.000000,0,0,0.000000,0.000000,0.000000,0.000000,0.000000,0.000000,0,0
19,0.380000,5,gripper_r_finger1,yup_snapshot,1,1,0.822484,1.189378,-0.119175,0.621616,0.151569,0.179629,-0.747231,-0.655323,0.004345,-0.952852,1,0.000000,0.000000,0.000000,0.000000,0.000000,0.000000,0,0,0.000000,0.000000,0.000000,0.000000,0.000000,0.000000,0,0,0.000000,0.000000,0.000000,0.000000,0.000000,0.000000,0,0,0.000000,0.000000,0.000000,0.000000,0.000000,0.000000,0,0
19,0.380000,6,gripper_r_finger2,yup_snapshot,1,1,0.882761,1.237895,-0.143281,0.747270,0.179466,-0.151372,0.621663,-0.655463,0.004322,-0.952864,1,0.000000,0.000000,0.000000,0.000000,0.000000,0.000000,0,0,0.000000,0.000000,0.000000,0.000000,0.000000,0.000000,0,0,0.000000,0.000000,0.000000,0.000000,0.000000,0.000000,0,0,0.000000,0.000000,0.000000,0.000000,0.000000,0.000000,0,0
20,0.400000,0,base,yup_snapshot,0,0,0.000000,0.000000,0.000000,1.000000,0.000000,0.000000,0.000000,0.000000,0.000000,0.000000,0,0.000000,0.000000,0.000000,0.000000,0.000000,0.000000,0,0,0.000000,0.000000,0.000000,0.000000,0.000000,0.000000,0,0,0.000000,0.000000,0.000000,0.000000,0.000000,0.000000,0,0,0.000000,0.000000,0.000000,0.000000,0.000000,0.000000,0,0
20,0.400000,1,gripper_l_palm,yup_snapshot,1,1,-0.814122,1.360820,0.136559,0.610508,-0.266933,-0.738490,0.103244,-0.285316,-0.154993,1.271761,1,0.000000,0.000000,0.000000,0.000000,0.000000,0.000000,0,0,0.000000,0.000000,0.000000,0.000000,0.000000,0.000000,0,0,0.000000,0.000000,0.000000,0.000000,0.000000,0.000000,0,0,0.000000,0.000000,0.000000,0.000000,0.000000,0.000000,0,0
20,0.400000,2,gripper_l_finger1,yup_snapshot,1,1,-0.952906,1.482383,0.146089,0.620436,0.242955,-0.449198,0.595192,-0.285113,-0.154956,1.271711,1,0.000000,0.000000,0.000000,0.000000,0.000000,0.000000,0,0,0.000000,0.000000,0.000000,0.000000,0.000000,0.000000,0,0,0.000000,0.000000,0.000000,0.000000,0.000000,0.000000,0,0,0.000000,0.000000,0.000000,0.000000,0.000000,0.000000,0,0
20,0.400000,3,gripper_l_finger2,yup_snapshot,1,1,-0.920695,1.435527,0.147185,0.595213,0.449143,0.242902,-0.620476,-0.285529,-0.155031,1.271813,1,0.000000,0.000000,0.000000,0.000000,0.000000,0.000000,0,0,0.000000,0.000000,0.000000,0.000000,0.000000,0.000000,0,0,0.000000,0.000000,0.000000,0.000000,0.000000,0.000000,0,0,0.000000,0.000000,0.000000,0.000000,0.000000,0.000000,0,0
20,0.400000,4,gripper_r_palm,yup_snapshot,1,1,0.782022,1.144054,-0.086845,0.546687,-0.344413,0.649876,-0.400218,-0.928306,-0.429944,-1.094648,1,0.000000,0.000000,0.000000,0.000000,0.000000,0.000000,0,0,0.000000,0.000000,0.000000,0.000000,0.000000,0.000000,0,0,0.000000,0.000000,0.000000,0.000000,0.000000,0.000000,0,0,0.000000,0.000000,0.000000,0.000000,0.000000,0.000000,0,0
20,0.400000,5,gripper_r_finger1,yup_snapshot,1,1,0.844093,1.172375,-0.111959,0.630077,0.143136,0.176625,-0.742508,-0.928132,-0.429919,-1.094634,1,0.000000,0.000000,0.000000,0.000000,0.000000,0.000000,0,0,0.000000,0.000000,0.000000,0.000000,0.000000,0.000000,0,0,0.000000,0.000000,0.000000,0.000000,0.000000,0.000000,0,0,0.000000,0.000000,0.000000,0.000000,0.000000,0.000000,0,0
20,0.400000,6,gripper_r_finger2,yup_snapshot,1,1,0.906073,1.221625,-0.137528,0.742546,0.176459,-0.142940,0.630124,-0.928366,-0.429953,-1.094653,1,0.000000,0.000000,0.000000,0.000000,0.000000,0.000000,0,0,0.000000,0.000000,0.000000,0.000000,0.000000,0.000000,0,0,0.000000,0.000000,0.000000,0.000000,0.000000,0.000000,0,0,0.000000,0.000000,0.000000,0.000000,0.000000,0.000000,0,0
21,0.420000,0,base,yup_snapshot,0,0,0.000000,0.000000,0.000000,1.000000,0.000000,0.000000,0.000000,0.000000,0.000000,0.000000,0,0.000000,0.000000,0.000000,0.000000,0.000000,0.000000,0,0,0.000000,0.000000,0.000000,0.000000,0.000000,0.000000,0,0,0.000000,0.000000,0.000000,0.000000,0.000000,0.000000,0,0,0.000000,0.000000,0.000000,0.000000,0.000000,0.000000,0,0
21,0.420000,1,gripper_l_palm,yup_snapshot,1,1,-0.833522,1.348642,0.139935,0.611493,-0.279090,-0.733791,0.098669,-0.520795,-0.085386,1.358605,1,0.000000,0.000000,0.000000,0.000000,0.000000,0.000000,0,0,0.000000,0.000000,0.000000,0.000000,0.000000,0.000000,0,0,0.000000,0.000000,0.000000,0.000000,0.000000,0.000000,0,0,0.000000,0.000000,0.000000,0.000000,0.000000,0.000000,0,0
21,0.420000,2,gripper_l_finger1,yup_snapshot,1,1,-0.975522,1.469608,0.148369,0.629728,0.235057,-0.449113,0.588633,-0.520526,-0.085330,1.358539,1,0.000000,0.000000,0.000000,0.000000,0.000000,0.000000,0,0,0.000000,0.000000,0.000000,0.000000,0.000000,0.000000,0,0,0.000000,0.000000,0.000000,0.000000,0.000000,0.000000,0,0,0.000000,0.000000,0.000000,0.000000,0.000000,0.000000,0,0
21,0.420000,3,gripper_l_finger2,yup_snapshot,1,1,-0.941636,1.421323,0.149888,0.588655,0.449055,0.235002,-0.629769,-0.520887,-0.085405,1.358628,1,0.000000,0.000000,0.000000,0.000000,0.000000,0.000000,0,0,0.000000,0.000000,0.000000,0.000000,0.000000,0.000000,0,0,0.000000,0.000000,0.000000,0.000000,0.000000,0.000000,0,0,0.000000,0.000000,0.000000,0.000000,0.000000,0.000000,0,0
21,0.420000,4,gripper_r_palm,yup_snapshot,1,1,0.803641,1.126128,-0.081375,0.543324,-0.360585,0.645054,-0.398351,-1.222021,-0.902585,-1.237496,1,0.000000,0.000000,0.000000,0.000000,0.000000,0.000000,0,0,0.000000,0.000000,0.000000,0.000000,0.000000,0.000000,0,0,0.000000,0.000000,0.000000,0.000000,0.000000,0.000000,0,0,0.000000,0.000000,0.000000,0.000000,0.000000,0.000000,0,0
21,0.420000,5,gripper_r_finger1,yup_snapshot,1,1,0.867461,1.151718,-0.106533,0.639135,0.129323,0.174538,-0.737780,-1.221872,-0.902567,-1.237482,1,0.000000,0.000000,0.000000,0.000000,0.000000,0.000000,0,0,0.000000,0.000000,0.000000,0.000000,0.000000,0.000000,0,0,0.000000,0.000000,0.000000,0.000000,0.000000,0.000000,0,0,0.000000,0.000000,0.000000,0.000000,0.000000,0.000000,0,0
21,0.420000,6,gripper_r_finger2,yup_snapshot,1,1,0.931052,1.201883,-0.134077,0.737814,0.174367,-0.129126,0.639182,-1.222121,-0.902597,-1.237505,1,0.000000,0.000000,0.000000,0.000000,0.000000,0.000000,0,0,0.000000,0.000000,0.000000,0.000000,0.000000,0.000000,0,0,0.000000,0.000000,0.000000,0.000000,0.000000,0.000000,0,0,0.000000,0.000000,0.000000,0.000000,0.000000,0.000000,0,0
22,0.440000,0,base,yup_snapshot,0,0,0.000000,0.000000,0.000000,1.000000,0.000000,0.000000,0.000000,0.000000,0.000000,0.000000,0,0.000000,0.000000,0.000000,0.000000,0.000000,0.000000,0,0,0.000000,0.000000,0.000000,0.000000,0.000000,0.000000,0,0,0.000000,0.000000,0.000000,0.000000,0.000000,0.000000,0,0,0.000000,0.000000,0.000000,0.000000,0.000000,0.000000,0,0
22,0.440000,1,gripper_l_palm,yup_snapshot,1,1,-0.853942,1.334887,0.144183,0.611473,-0.293159,-0.728834,0.094659,-0.675888,-0.027890,1.474053,1,0.000000,0.000000,0.000000,0.000000,0.000000,0.000000,0,0,0.000000,0.000000,0.000000,0.000000,0.000000,0.000000,0,0,0.000000,0.000000,0.000000,0.000000,0.000000,0.000000,0,0,0.000000,0.000000,0.000000,0.000000,0.000000,0.000000,0,0
22,0.440000,2,gripper_l_finger1,yup_snapshot,1,1,-0.999409,1.455055,0.151081,0.639661,0.225095,-0.448444,0.582292,-0.675690,-0.027844,1.474004,1,0.000000,0.000000,0.000000,0.000000,0.000000,0.000000,0,0,0.000000,0.000000,0.000000,0.000000,0.000000,0.000000,0,0,0.000000,0.000000,0.000000,0.000000,0.000000,0.000000,0,0,0.000000,0.000000,0.000000,0.000000,0.000000,0.000000,0,0
22,0.440000,3,gripper_l_finger2,yup_snapshot,1,1,-0.963786,1.405029,0.153292,0.582313,0.448383,0.225040,-0.639704,-0.675997,-0.027916,1.474080,1,0.000000,0.000000,0.000000,0.000000,0.000000,0.000000,0,0,0.000000,0.000000,0.000000,0.000000,0.000000,0.000000,0,0,0.000000,0.000000,0.000000,0.000000,0.000000,0.000000,0,0,0.000000,0.000000,0.000000,0.000000,0.000000,0.000000,0,0
22,0.440000,4,gripper_r_palm,yup_snapshot,1,1,0.825513,1.106138,-0.077221,0.535403,-0.381579,0.640563,-0.396762,-1.727167,-1.379926,-1.327826,1,0.000000,0.000000,0.000000,0.000000,0.000000,0.000000,0,0,0.000000,0.000000,0.000000,0.000000,0.000000,0.000000,0,0,0.000000,0.000000,0.000000,0.000000,0.000000,0.000000,0,0,0.000000,0.000000,0.000000,0.000000,0.000000,0.000000,0,0
22,0.440000,5,gripper_r_finger1,yup_snapshot,1,1,0.892244,1.127850,-0.102282,0.648379,0.108877,0.172487,-0.733484,-1.726891,-1.379899,-1.327795,1,0.000000,0.000000,0.000000,0.000000,0.000000,0.000000,0,0,0.000000,0.000000,0.000000,0.000000,0.000000,0.000000,0,0,0.000000,0.000000,0.000000,0.000000,0.000000,0.000000,0,0,0.000000,0.000000,0.000000,0.000000,0.000000,0.000000,0,0
22,0.440000,6,gripper_r_finger2,yup_snapshot,1,1,0.957278,1.179202,-0.132581,0.733513,0.172314,-0.108681,0.648425,-1.727245,-1.379934,-1.327835,1,0.000000,0.000000,0.000000,0.000000,0.000000,0.000000,0,0,0.000000,0.000000,0.000000,0.000000,0.000000,0.000000,0,0,0.000000,0.000000,0.000000,0.000000,0.000000,0.000000,0,0,0.000000,0.000000,0.000000,0.000000,0.000000,0.000000,0,0
23,0.460000,0,base,yup_snapshot,0,0,0.000000,0.000000,0.000000,1.000000,0.000000,0.000000,0.000000,0.000000,0.000000,0.000000,0,0.000000,0.000000,0.000000,0.000000,0.000000,0.000000,0,0,0.000000,0.000000,0.000000,0.000000,0.000000,0.000000,0,0,0.000000,0.000000,0.000000,0.000000,0.000000,0.000000,0,0,0.000000,0.000000,0.000000,0.000000,0.000000,0.000000,0,0
23,0.460000,1,gripper_l_palm,yup_snapshot,1,1,-0.875338,1.319437,0.149537,0.610699,-0.308772,-0.723552,0.090438,-0.737107,0.031243,1.611724,1,0.000000,0.000000,0.000000,0.000000,0.000000,0.000000,0,0,0.000000,0.000000,0.000000,0.000000,0.000000,0.000000,0,0,0.000000,0.000000,0.000000,0.000000,0.000000,0.000000,0,0,0.000000,0.000000,0.000000,0.000000,0.000000,0.000000,0,0
23,0.460000,2,gripper_l_finger1,yup_snapshot,1,1,-1.024575,1.438582,0.154679,0.650153,0.213509,-0.447696,0.575573,-0.737021,0.031266,1.611703,1,0.000000,0.000000,0.000000,0.000000,0.000000,0.000000,0,0,0.000000,0.000000,0.000000,0.000000,0.000000,0.000000,0,0,0.000000,0.000000,0.000000,0.000000,0.000000,0.000000,0,0,0.000000,0.000000,0.000000,0.000000,0.000000,0.000000,0,0
23,0.460000,3,gripper_l_finger2,yup_snapshot,1,1,-0.987101,1.386646,0.157760,0.575593,0.447632,0.213453,-0.650196,-0.737208,0.031217,1.611750,1,0.000000,0.000000,0.000000,0.000000,0.000000,0.000000,0,0,0.000000,0.000000,0.000000,0.000000,0.000000,0.000000,0,0,0.000000,0.000000,0.000000,0.000000,0.000000,0.000000,0,0,0.000000,0.000000,0.000000,0.000000,0.000000,0.000000,0,0
23,0.460000,4,gripper_r_palm,yup_snapshot,1,1,0.847170,1.085520,-0.073228,0.522445,-0.408031,0.635054,-0.396572,-2.393145,-1.767715,-1.446393,1,0.000000,0.000000,0.000000,0.000000,0.000000,0.000000,0,0,0.000000,0.000000,0.000000,0.000000,0.000000,0.000000,0,0,0.000000,0.000000,0.000000,0.000000,0.000000,0.000000,0,0,0.000000,0.000000,0.000000,0.000000,0.000000,0.000000,0,0
23,0.460000,5,gripper_r_finger1,yup_snapshot,1,1,0.917758,1.101713,-0.097847,0.657921,0.081012,0.168730,-0.729457,-2.392829,-1.767691,-1.446348,1,0.000000,0.000000,0.000000,0.000000,0.000000,0.000000,0,0,0.000000,0.000000,0.000000,0.000000,0.000000,0.000000,0,0,0.000000,0.000000,0.000000,0.000000,0.000000,0.000000,0,0,0.000000,0.000000,0.000000,0.000000,0.000000,0.000000,0,0
23,0.460000,6,gripper_r_finger2,yup_snapshot,1,1,0.984226,1.154586,-0.132045,0.729479,0.168551,-0.080813,0.657966,-2.393219,-1.767721,-1.446403,1,0.000000,0.000000,0.000000,0.000000,0.000000,0.000000,0,0,0.000000,0.000000,0.000000,0.000000,0.000000,0.000000,0,0,0.000000,0.000000,0.000000,0.000000,0.000000,0.000000,0,0,0.000000,0.000000,0.000000,0.000000,0.000000,0.000000,0,0
24,0.480000,0,base,yup_snapshot,0,0,0.000000,0.000000,0.000000,1.000000,0.000000,0.000000,0.000000,0.000000,0.000000,0.000000,0,0.000000,0.000000,0.000000,0.000000,0.000000,0.000000,0,0,0.000000,0.000000,0.000000,0.000000,0.000000,0.000000,0,0,0.000000,0.000000,0.000000,0.000000,0.000000,0.000000,0,0,0.000000,0.000000,0.000000,0.000000,0.000000,0.000000,0,0
24,0.480000,1,gripper_l_palm,yup_snapshot,1,1,-0.897675,1.302104,0.155984,0.609278,-0.325541,-0.718030,0.085063,-0.726008,0.148539,1.810834,1,0.000000,0.000000,0.000000,0.000000,0.000000,0.000000,0,0,0.000000,0.000000,0.000000,0.000000,0.000000,0.000000,0,0,0.000000,0.000000,0.000000,0.000000,0.000000,0.000000,0,0,0.000000,0.000000,0.000000,0.000000,0.000000,0.000000,0,0
24,0.480000,2,gripper_l_finger1,yup_snapshot,1,1,-1.051054,1.419987,0.159412,0.661005,0.200648,-0.447593,0.567867,-0.725781,0.148606,1.810774,1,0.000000,0.000000,0.000000,0.000000,0.000000,0.000000,0,0,0.000000,0.000000,0.000000,0.000000,0.000000,0.000000,0,0,0.000000,0.000000,0.000000,0.000000,0.000000,0.000000,0,0,0.000000,0.000000,0.000000,0.000000,0.000000,0.000000,0,0
24,0.480000,3,gripper_l_finger2,yup_snapshot,1,1,-1.011601,1.366128,0.163436,0.567887,0.447527,0.200591,-0.661050,-0.726091,0.148514,1.810855,1,0.000000,0.000000,0.000000,0.000000,0.000000,0.000000,0,0,0.000000,0.000000,0.000000,0.000000,0.000000,0.000000,0,0,0.000000,0.000000,0.000000,0.000000,0.000000,0.000000,0,0,0.000000,0.000000,0.000000,0.000000,0.000000,0.000000,0,0
24,0.480000,4,gripper_r_palm,yup_snapshot,1,1,0.868287,1.065419,-0.068578,0.505139,-0.439222,0.627605,-0.397530,-2.894977,-2.032735,-1.597571,1,0.000000,0.000000,0.000000,0.000000,0.000000,0.000000,0,0,0.000000,0.000000,0.000000,0.000000,0.000000,0.000000,0,0,0.000000,0.000000,0.000000,0.000000,0.000000,0.000000,0,0,0.000000,0.000000,0.000000,0.000000,0.000000,0.000000,0,0
24,0.480000,5,gripper_r_finger1,yup_snapshot,1,1,0.943287,1.074541,-0.092155,0.667739,0.046721,0.162789,-0.724873,-2.894799,-2.032725,-1.597540,1,0.000000,0.000000,0.000000,0.000000,0.000000,0.000000,0,0,0.000000,0.000000,0.000000,0.000000,0.000000,0.000000,0,0,0.000000,0.000000,0.000000,0.000000,0.000000,0.000000,0,0,0.000000,0.000000,0.000000,0.000000,0.000000,0.000000,0,0
24,0.480000,6,gripper_r_finger2,yup_snapshot,1,1,1.011446,1.129081,-0.131348,0.724886,0.162605,-0.046520,0.667784,-2.895106,-2.032743,-1.597594,1,0.000000,0.000000,0.000000,0.000000,0.000000,0.000000,0,0,0.000000,0.000000,0.000000,0.000000,0.000000,0.000000,0,0,0.000000,0.000000,0.000000,0.000000,0.000000,0.000000,0,0,0.000000,0.000000,0.000000,0.000000,0.000000,0.000000,0,0
25,0.500000,0,base,yup_snapshot,0,0,0.000000,0.000000,0.000000,1.000000,0.000000,0.000000,0.000000,0.000000,0.000000,0.000000,0,0.000000,0.000000,0.000000,0.000000,0.000000,0.000000,0,0,0.000000,0.000000,0.000000,0.000000,0.000000,0.000000,0,0,0.000000,0.000000,0.000000,0.000000,0.000000,0.000000,0,0,0.000000,0.000000,0.000000,0.000000,0.000000,0.000000,0,0
25,0.500000,1,gripper_l_palm,yup_snapshot,1,1,-0.920953,1.283305,0.163380,0.606526,-0.344831,-0.712214,0.077259,-0.768768,0.374772,2.246668,1,0.000000,0.000000,0.000000,0.000000,0.000000,0.000000,0,0,0.000000,0.000000,0.000000,0.000000,0.000000,0.000000,0,0,0.000000,0.000000,0.000000,0.000000,0.000000,0.000000,0,0,0.000000,0.000000,0.000000,0.000000,0.000000,0.000000,0,0
25,0.500000,2,gripper_l_finger1,yup_snapshot,1,1,-1.079285,1.399515,0.165180,0.672699,0.185062,-0.448999,0.558237,-0.768834,0.374750,2.246686,1,0.000000,0.000000,0.000000,0.000000,0.000000,0.000000,0,0,0.000000,0.000000,0.000000,0.000000,0.000000,0.000000,0,0,0.000000,0.000000,0.000000,0.000000,0.000000,0.000000,0,0,0.000000,0.000000,0.000000,0.000000,0.000000,0.000000,0,0
25,0.500000,3,gripper_l_finger2,yup_snapshot,1,1,-1.037643,1.343646,0.170278,0.558255,0.448931,0.185005,-0.672744,-0.768804,0.374760,2.246678,1,0.000000,0.000000,0.000000,0.000000,0.000000,0.000000,0,0,0.000000,0.000000,0.000000,0.000000,0.000000,0.000000,0,0,0.000000,0.000000,0.000000,0.000000,0.000000,0.000000,0,0,0.000000,0.000000,0.000000,0.000000,0.000000,0.000000,0,0
25,0.500000,4,gripper_r_palm,yup_snapshot,1,1,0.888682,1.046355,-0.062950,0.484991,-0.473212,0.618258,-0.398260,-3.106160,-2.191796,-1.741468,1,0.000000,0.000000,0.000000,0.000000,0.000000,0.000000,0,0,0.000000,0.000000,0.000000,0.000000,0.000000,0.000000,0,0,0.000000,0.000000,0.000000,0.000000,0.000000,0.000000,0,0,0.000000,0.000000,0.000000,0.000000,0.000000,0.000000,0,0
25,0.500000,5,gripper_r_finger1,yup_snapshot,1,1,0.968252,1.047484,-0.084721,0.677528,0.008442,0.155668,-0.718785,-3.106148,-2.191796,-1.741465,1,0.000000,0.000000,0.000000,0.000000,0.000000,0.000000,0,0,0.000000,0.000000,0.000000,0.000000,0.000000,0.000000,0,0,0.000000,0.000000,0.000000,0.000000,0.000000,0.000000,0,0,0.000000,0.000000,0.000000,0.000000,0.000000,0.000000,0,0
25,0.500000,6,gripper_r_finger2,yup_snapshot,1,1,1.038544,1.103513,-0.129534,0.718788,0.155476,-0.008237,0.677572,-3.106329,-2.191802,-1.741505,1,0.000000,0.000000,0.000000,0.000000,0.000000,0.000000,0,0,0.000000,0.000000,0.000000,0.000000,0.000000,0.000000,0,0,0.000000,0.000000,0.000000,0.000000,0.000000,0.000000,0,0,0.000000,0.000000,0.000000,0.000000,0.000000,0.000000,0,0
26,0.520000,0,base,yup_snapshot,0,0,0.000000,0.000000,0.000000,1.000000,0.000000,0.000000,0.000000,0.000000,0.000000,0.000000,0,0.000000,0.000000,0.000000,0.000000,0.000000,0.000000,0,0,0.000000,0.000000,0.000000,0.000000,0.000000,0.000000,0,0,0.000000,0.000000,0.000000,0.000000,0.000000,0.000000,0,0,0.000000,0.000000,0.000000,0.000000,0.000000,0.000000,0,0
26,0.520000,1,gripper_l_palm,yup_snapshot,1,1,-0.944864,1.263500,0.171958,0.602188,-0.368066,-0.705370,0.065955,-0.804258,0.568258,2.798493,1,0.000000,0.000000,0.000000,0.000000,0.000000,0.000000,0,0,0.000000,0.000000,0.000000,0.000000,0.000000,0.000000,0,0,0.000000,0.000000,0.000000,0.000000,0.000000,0.000000,0,0,0.000000,0.000000,0.000000,0.000000,0.000000,0.000000,0,0
26,0.520000,2,gripper_l_finger1,yup_snapshot,1,1,-1.109381,1.377362,0.172224,0.686061,0.165564,-0.452153,0.545405,-0.804337,0.568227,2.798517,1,0.000000,0.000000,0.000000,0.000000,0.000000,0.000000,0,0,0.000000,0.000000,0.000000,0.000000,0.000000,0.000000,0,0,0.000000,0.000000,0.000000,0.000000,0.000000,0.000000,0,0,0.000000,0.000000,0.000000,0.000000,0.000000,0.000000,0,0
26,0.520000,3,gripper_l_finger2,yup_snapshot,1,1,-1.065087,1.319331,0.178557,0.545421,0.452084,0.165510,-0.686106,-0.804133,0.568307,2.798456,1,0.000000,0.000000,0.000000,0.000000,0.000000,0.000000,0,0,0.000000,0.000000,0.000000,0.000000,0.000000,0.000000,0,0,0.000000,0.000000,0.000000,0.000000,0.000000,0.000000,0,0,0.000000,0.000000,0.000000,0.000000,0.000000,0.000000,0,0
26,0.520000,4,gripper_r_palm,yup_snapshot,1,1,0.908284,1.028219,-0.056412,0.463596,-0.507730,0.607845,-0.397258,-3.008626,-2.306316,-1.827195,1,0.000000,0.000000,0.000000,0.000000,0.000000,0.000000,0,0,0.000000,0.000000,0.000000,0.000000,0.000000,0.000000,0,0,0.000000,0.000000,0.000000,0.000000,0.000000,0.000000,0,0,0.000000,0.000000,0.000000,0.000000,0.000000,0.000000,0,0
26,0.520000,5,gripper_r_finger1,yup_snapshot,1,1,0.992305,1.021235,-0.075636,0.686808,-0.031094,0.149016,-0.710720,-3.008710,-2.306318,-1.827217,1,0.000000,0.000000,0.000000,0.000000,0.000000,0.000000,0,0,0.000000,0.000000,0.000000,0.000000,0.000000,0.000000,0,0,0.000000,0.000000,0.000000,0.000000,0.000000,0.000000,0,0,0.000000,0.000000,0.000000,0.000000,0.000000,0.000000,0,0
26,0.520000,6,gripper_r_finger2,yup_snapshot,1,1,1.065185,1.078316,-0.126060,0.710711,0.148817,0.031301,0.686851,-3.008768,-2.306318,-1.827232,1,0.000000,0.000000,0.000000,0.000000,0.000000,0.000000,0,0,0.000000,0.000000,0.000000,0.000000,0.000000,0.000000,0,0,0.000000,0.000000,0.000000,0.000000,0.000000,0.000000,0,0,0.000000,0.000000,0.000000,0.000000,0.000000,0.000000,0,0
27,0.540000,0,base,yup_snapshot,0,0,0.000000,0.000000,0.000000,1.000000,0.000000,0.000000,0.000000,0.000000,0.000000,0.000000,0,0.000000,0.000000,0.000000,0.000000,0.000000,0.000000,0,0,0.000000,0.000000,0.000000,0.000000,0.000000,0.000000,0,0,0.000000,0.000000,0.000000,0.000000,0.000000,0.000000,0,0,0.000000,0.000000,0.000000,0.000000,0.000000,0.000000,0,0
27,0.540000,1,gripper_l_palm,yup_snapshot,1,1,-0.968993,1.242792,0.182130,0.596711,-0.394999,-0.696681,0.050475,-0.734047,0.702561,3.364188,1,0.000000,0.000000,0.000000,0.000000,0.000000,0.000000,0,0,0.000000,0.000000,0.000000,0.000000,0.000000,0.000000,0,0,0.000000,0.000000,0.000000,0.000000,0.000000,0.000000,0,0,0.000000,0.000000,0.000000,0.000000,0.000000,0.000000,0,0
27,0.540000,2,gripper_l_finger1,yup_snapshot,1,1,-1.140950,1.353419,0.181146,0.701233,0.142645,-0.456954,0.528315,-0.734188,0.702496,3.364234,1,0.000000,0.000000,0.000000,0.000000,0.000000,0.000000,0,0,0.000000,0.000000,0.000000,0.000000,0.000000,0.000000,0,0,0.000000,0.000000,0.000000,0.000000,0.000000,0.000000,0,0,0.000000,0.000000,0.000000,0.000000,0.000000,0.000000,0,0
27,0.540000,3,gripper_l_finger2,yup_snapshot,1,1,-1.093325,1.293253,0.188741,0.528329,0.456884,0.142591,-0.701279,-0.734014,0.702576,3.364177,1,0.000000,0.000000,0.000000,0.000000,0.000000,0.000000,0,0,0.000000,0.000000,0.000000,0.000000,0.000000,0.000000,0,0,0.000000,0.000000,0.000000,0.000000,0.000000,0.000000,0,0,0.000000,0.000000,0.000000,0.000000,0.000000,0.000000,0,0
27,0.540000,4,gripper_r_palm,yup_snapshot,1,1,0.927091,1.010521,-0.049263,0.442609,-0.539872,0.598598,-0.392830,-2.449371,-2.412036,-1.708313,1,0.000000,0.000000,0.000000,0.000000,0.000000,0.000000,0,0,0.000000,0.000000,0.000000,0.000000,0.000000,0.000000,0,0,0.000000,0.000000,0.000000,0.000000,0.000000,0.000000,0,0,0.000000,0.000000,0.000000,0.000000,0.000000,0.000000,0,0
27,0.540000,5,gripper_r_finger1,yup_snapshot,1,1,1.015436,0.996362,-0.065491,0.694696,-0.068662,0.145613,-0.701057,-2.449553,-2.412035,-1.708370,1,0.000000,0.000000,0.000000,0.000000,0.000000,0.000000,0,0,0.000000,0.000000,0.000000,0.000000,0.000000,0.000000,0,0,0.000000,0.000000,0.000000,0.000000,0.000000,0.000000,0,0,0.000000,0.000000,0.000000,0.000000,0.000000,0.000000,0,0
27,0.540000,6,gripper_r_finger2,yup_snapshot,1,1,1.091066,1.053948,-0.120645,0.701037,0.145409,0.068867,0.694738,-2.449202,-2.412037,-1.708260,1,0.000000,0.000000,0.000000,0.000000,0.000000,0.000000,0,0,0.000000,0.000000,0.000000,0.000000,0.000000,0.000000,0,0,0.000000,0.000000,0.000000,0.000000,0.000000,0.000000,0,0,0.000000,0.000000,0.000000,0.000000,0.000000,0.000000,0,0
28,0.560000,0,base,yup_snapshot,0,0,0.000000,0.000000,0.000000,1.000000,0.000000,0.000000,0.000000,0.000000,0.000000,0.000000,0,0.000000,0.000000,0.000000,0.000000,0.000000,0.000000,0,0,0.000000,0.000000,0.000000,0.000000,0.000000,0.000000,0,0,0.000000,0.000000,0.000000,0.000000,0.000000,0.000000,0,0,0.000000,0.000000,0.000000,0.000000,0.000000,0.000000,0,0
28,0.560000,1,gripper_l_palm,yup_snapshot,1,1,-0.992493,1.221320,0.194079,0.590718,-0.424718,-0.685403,0.029814,-0.492502,0.808947,3.981118,1,0.000000,0.000000,0.000000,0.000000,0.000000,0.000000,0,0,0.000000,0.000000,0.000000,0.000000,0.000000,0.000000,0,0,0.000000,0.000000,0.000000,0.000000,0.000000,0.000000,0,0,0.000000,0.000000,0.000000,0.000000,0.000000,0.000000,0,0
28,0.560000,2,gripper_l_finger1,yup_snapshot,1,1,-1.173055,1.327626,0.192469,0.718011,0.117391,-0.463588,0.505732,-0.492722,0.808825,3.981197,1,0.000000,0.000000,0.000000,0.000000,0.000000,0.000000,0,0,0.000000,0.000000,0.000000,0.000000,0.000000,0.000000,0,0,0.000000,0.000000,0.000000,0.000000,0.000000,0.000000,0,0,0.000000,0.000000,0.000000,0.000000,0.000000,0.000000,0,0
28,0.560000,3,gripper_l_finger2,yup_snapshot,1,1,-1.121263,1.265682,0.201107,0.505745,0.463510,0.117336,-0.718062,-0.493114,0.808608,3.981338,1,0.000000,0.000000,0.000000,0.000000,0.000000,0.000000,0,0,0.000000,0.000000,0.000000,0.000000,0.000000,0.000000,0,0,0.000000,0.000000,0.000000,0.000000,0.000000,0.000000,0,0,0.000000,0.000000,0.000000,0.000000,0.000000,0.000000,0,0
28,0.560000,4,gripper_r_palm,yup_snapshot,1,1,0.945047,0.992965,-0.041657,0.422114,-0.569023,0.591291,-0.385237,-2.117392,-2.515466,-1.580707,1,0.000000,0.000000,0.000000,0.000000,0.000000,0.000000,0,0,0.000000,0.000000,0.000000,0.000000,0.000000,0.000000,0,0,0.000000,0.000000,0.000000,0.000000,0.000000,0.000000,0,0,0.000000,0.000000,0.000000,0.000000,0.000000,0.000000,0,0
28,0.560000,5,gripper_r_finger1,yup_snapshot,1,1,1.037686,0.972696,-0.054619,0.700816,-0.103768,0.145816,-0.690527,-2.117609,-2.515460,-1.580788,1,0.000000,0.000000,0.000000,0.000000,0.000000,0.000000,0,0,0.000000,0.000000,0.000000,0.000000,0.000000,0.000000,0,0,0.000000,0.000000,0.000000,0.000000,0.000000,0.000000,0,0,0.000000,0.000000,0.000000,0.000000,0.000000,0.000000,0,0
28,0.560000,6,gripper_r_finger2,yup_snapshot,1,1,1.115993,1.030384,-0.113495,0.690496,0.145609,0.103973,0.700859,-2.117327,-2.515467,-1.580683,1,0.000000,0.000000,0.000000,0.000000,0.000000,0.000000,0,0,0.000000,0.000000,0.000000,0.000000,0.000000,0.000000,0,0,0.000000,0.000000,0.000000,0.000000,0.000000,0.000000,0,0,0.000000,0.000000,0.000000,0.000000,0.000000,0.000000,0,0
29,0.580000,0,base,yup_snapshot,0,0,0.000000,0.000000,0.000000,1.000000,0.000000,0.000000,0.000000,0.000000,0.000000,0.000000,0,0.000000,0.000000,0.000000,0.000000,0.000000,0.000000,0,0,0.000000,0.000000,0.000000,0.000000,0.000000,0.000000,0,0,0.000000,0.000000,0.000000,0.000000,0.000000,0.000000,0,0,0.000000,0.000000,0.000000,0.000000,0.000000,0.000000,0,0
29,0.580000,1,gripper_l_palm,yup_snapshot,1,1,-1.014057,1.199774,0.207507,0.585619,-0.454467,-0.671180,0.005221,-0.159521,0.571446,3.977868,1,0.000000,0.000000,0.000000,0.000000,0.000000,0.000000,0,0,0.000000,0.000000,0.000000,0.000000,0.000000,0.000000,0,0,0.000000,0.000000,0.000000,0.000000,0.000000,0.000000,0,0,0.000000,0.000000,0.000000,0.000000,0.000000,0.000000,0,0
29,0.580000,2,gripper_l_finger1,yup_snapshot,1,1,-1.203606,1.300794,0.206000,0.735441,0.092750,-0.470921,0.478286,-0.159572,0.571412,3.977888,1,0.000000,0.000000,0.000000,0.000000,0.000000,0.000000,0,0,0.000000,0.000000,0.000000,0.000000,0.000000,0.000000,0,0,0.000000,0.000000,0.000000,0.000000,0.000000,0.000000,0,0,0.000000,0.000000,0.000000,0.000000,0.000000,0.000000,0,0
29,0.580000,3,gripper_l_finger2,yup_snapshot,1,1,-1.146910,1.237812,0.215198,-0.478297,-0.470830,-0.092690,0.735499,-0.159903,0.571193,3.978020,1,0.000000,0.000000,0.000000,0.000000,0.000000,0.000000,0,0,0.000000,0.000000,0.000000,0.000000,0.000000,0.000000,0,0,0.000000,0.000000,0.000000,0.000000,0.000000,0.000000,0,0,0.000000,0.000000,0.000000,0.000000,0.000000,0.000000,0,0
29,0.580000,4,gripper_r_palm,yup_snapshot,1,1,0.962003,0.975815,-0.033443,-0.401482,0.596055,-0.585131,0.375703,-1.928183,-2.577273,-1.482115,1,0.000000,0.000000,0.000000,0.000000,0.000000,0.000000,0,0,0.000000,0.000000,0.000000,0.000000,0.000000,0.000000,0,0,0.000000,0.000000,0.000000,0.000000,0.000000,0.000000,0,0,0.000000,0.000000,0.000000,0.000000,0.000000,0.000000,0,0
29,0.580000,5,gripper_r_finger1,yup_snapshot,1,1,1.058872,0.950058,-0.042842,0.705341,-0.137472,0.148202,-0.679435,-1.928343,-2.577266,-1.482184,1,0.000000,0.000000,0.000000,0.000000,0.000000,0.000000,0,0,0.000000,0.000000,0.000000,0.000000,0.000000,0.000000,0,0,0.000000,0.000000,0.000000,0.000000,0.000000,0.000000,0,0,0.000000,0.000000,0.000000,0.000000,0.000000,0.000000,0,0
29,0.580000,6,gripper_r_finger2,yup_snapshot,1,1,1.139772,1.007598,-0.104791,0.679394,0.147994,0.137674,0.705385,-1.928030,-2.577279,-1.482049,1,0.000000,0.000000,0.000000,0.000000,0.000000,0.000000,0,0,0.000000,0.000000,0.000000,0.000000,0.000000,0.000000,0,0,0.000000,0.000000,0.000000,0.000000,0.000000,0.000000,0,0,0.000000,0.000000,0.000000,0.000000,0.000000,0.000000,0,0
30,0.600000,0,base,yup_snapshot,0,0,0.000000,0.000000,0.000000,1.000000,0.000000,0.000000,0.000000,0.000000,0.000000,0.000000,0,0.000000,0.000000,0.000000,0.000000,0.000000,0.000000,0,0,0.000000,0.000000,0.000000,0.000000,0.000000,0.000000,0,0,0.000000,0.000000,0.000000,0.000000,0.000000,0.000000,0,0,0.000000,0.000000,0.000000,0.000000,0.000000,0.000000,0,0
30,0.600000,1,gripper_l_palm,yup_snapshot,1,1,-1.033001,1.178929,0.222120,0.583585,-0.480160,-0.654602,-0.019245,0.241964,0.219158,3.742193,1,0.000000,0.000000,0.000000,0.000000,0.000000,0.000000,0,0,0.000000,0.000000,0.000000,0.000000,0.000000,0.000000,0,0,0.000000,0.000000,0.000000,0.000000,0.000000,0.000000,0,0,0.000000,0.000000,0.000000,0.000000,0.000000,0.000000,0,0
30,0.600000,2,gripper_l_finger1,yup_snapshot,1,1,-1.230572,1.274397,0.221102,0.752169,0.073144,-0.476502,0.449264,0.241905,0.219112,3.742218,1,0.000000,0.000000,0.000000,0.000000,0.000000,0.000000,0,0,0.000000,0.000000,0.000000,0.000000,0.000000,0.000000,0,0,0.000000,0.000000,0.000000,0.000000,0.000000,0.000000,0,0,0.000000,0.000000,0.000000,0.000000,0.000000,0.000000,0,0
30,0.600000,3,gripper_l_finger2,yup_snapshot,1,1,-1.168651,1.211340,0.230256,-0.449274,-0.476395,-0.073080,0.752236,0.241674,0.218930,3.742317,1,0.000000,0.000000,0.000000,0.000000,0.000000,0.000000,0,0,0.000000,0.000000,0.000000,0.000000,0.000000,0.000000,0,0,0.000000,0.000000,0.000000,0.000000,0.000000,0.000000,0,0,0.000000,0.000000,0.000000,0.000000,0.000000,0.000000,0,0
30,0.600000,4,gripper_r_palm,yup_snapshot,1,1,0.977824,0.959792,-0.024393,-0.380744,0.621545,-0.579270,0.364915,-1.805474,-2.586746,-1.451443,1,0.000000,0.000000,0.000000,0.000000,0.000000,0.000000,0,0,0.000000,0.000000,0.000000,0.000000,0.000000,0.000000,0,0,0.000000,0.000000,0.000000,0.000000,0.000000,0.000000,0,0,0.000000,0.000000,0.000000,0.000000,0.000000,0.000000,0,0
30,0.600000,5,gripper_r_finger1,yup_snapshot,1,1,1.078709,0.928916,-0.029926,0.708700,-0.170163,0.151688,-0.667667,-1.805737,-2.586732,-1.451574,1,0.000000,0.000000,0.000000,0.000000,0.000000,0.000000,0,0,0.000000,0.000000,0.000000,0.000000,0.000000,0.000000,0,0,0.000000,0.000000,0.000000,0.000000,0.000000,0.000000,0,0,0.000000,0.000000,0.000000,0.000000,0.000000,0.000000,0,0
30,0.600000,6,gripper_r_finger2,yup_snapshot,1,1,1.162210,0.986118,-0.094509,0.667617,0.151479,0.170360,0.708745,-1.805308,-2.586756,-1.451361,1,0.000000,0.000000,0.000000,0.000000,0.000000,0.000000,0,0,0.000000,0.000000,0.000000,0.000000,0.000000,0.000000,0,0,0.000000,0.000000,0.000000,0.000000,0.000000,0.000000,0,0,0.000000,0.000000,0.000000,0.000000,0.000000,0.000000,0,0
31,0.620000,0,base,yup_snapshot,0,0,0.000000,0.000000,0.000000,1.000000,0.000000,0.000000,0.000000,0.000000,0.000000,0.000000,0,0.000000,0.000000,0.000000,0.000000,0.000000,0.000000,0,0,0.000000,0.000000,0.000000,0.000000,0.000000,0.000000,0,0,0.000000,0.000000,0.000000,0.000000,0.000000,0.000000,0,0,0.000000,0.000000,0.000000,0.000000,0.000000,0.000000,0,0
31,0.620000,1,gripper_l_palm,yup_snapshot,1,1,-1.049054,1.159584,0.237262,0.584846,-0.500660,-0.636722,-0.043351,0.691442,-0.029865,3.383940,1,0.000000,0.000000,0.000000,0.000000,0.000000,0.000000,0,0,0.000000,0.000000,0.000000,0.000000,0.000000,0.000000,0,0,0.000000,0.000000,0.000000,0.000000,0.000000,0.000000,0,0,0.000000,0.000000,0.000000,0.000000,0.000000,0.000000,0,0
31,0.620000,2,gripper_l_finger1,yup_snapshot,1,1,-1.253486,1.249609,0.237140,0.767556,0.059541,-0.480905,0.419576,0.691329,-0.029968,3.383990,1,0.000000,0.000000,0.000000,0.000000,0.000000,0.000000,0,0,0.000000,0.000000,0.000000,0.000000,0.000000,0.000000,0,0,0.000000,0.000000,0.000000,0.000000,0.000000,0.000000,0,0,0.000000,0.000000,0.000000,0.000000,0.000000,0.000000,0,0
31,0.620000,3,gripper_l_finger2,yup_snapshot,1,1,-1.186372,1.187517,0.245608,-0.419585,-0.480787,-0.059476,0.767630,0.691486,-0.029825,3.383921,1,0.000000,0.000000,0.000000,0.000000,0.000000,0.000000,0,0,0.000000,0.000000,0.000000,0.000000,0.000000,0.000000,0,0,0.000000,0.000000,0.000000,0.000000,0.000000,0.000000,0,0,0.000000,0.000000,0.000000,0.000000,0.000000,0.000000,0,0
31,0.620000,4,gripper_r_palm,yup_snapshot,1,1,0.992438,0.945723,-0.014355,-0.360353,0.646000,-0.572860,0.353074,-1.700296,-2.552976,-1.522680,1,0.000000,0.000000,0.000000,0.000000,0.000000,0.000000,0,0,0.000000,0.000000,0.000000,0.000000,0.000000,0.000000,0,0,0.000000,0.000000,0.000000,0.000000,0.000000,0.000000,0,0,0.000000,0.000000,0.000000,0.000000,0.000000,0.000000,0,0
31,0.620000,5,gripper_r_finger1,yup_snapshot,1,1,1.096924,0.909952,-0.015769,0.711574,-0.201877,0.155527,-0.654767,-1.700696,-2.552948,-1.522906,1,0.000000,0.000000,0.000000,0.000000,0.000000,0.000000,0,0,0.000000,0.000000,0.000000,0.000000,0.000000,0.000000,0,0,0.000000,0.000000,0.000000,0.000000,0.000000,0.000000,0,0,0.000000,0.000000,0.000000,0.000000,0.000000,0.000000,0,0
31,0.620000,6,gripper_r_finger2,yup_snapshot,1,1,1.183196,0.966621,-0.082633,0.654708,0.155318,0.202069,0.711620,-1.700153,-2.552986,-1.522599,1,0.000000,0.000000,0.000000,0.000000,0.000000,0.000000,0,0,0.000000,0.000000,0.000000,0.000000,0.000000,0.000000,0,0,0.000000,0.000000,0.000000,0.000000,0.000000,0.000000,0,0,0.000000,0.000000,0.000000,0.000000,0.000000,0.000000,0,0
32,0.640000,0,base,yup_snapshot,0,0,0.000000,0.000000,0.000000,1.000000,0.000000,0.000000,0.000000,0.000000,0.000000,0.000000,0,0.000000,0.000000,0.000000,0.000000,0.000000,0.000000,0,0,0.000000,0.000000,0.000000,0.000000,0.000000,0.000000,0,0,0.000000,0.000000,0.000000,0.000000,0.000000,0.000000,0,0,0.000000,0.000000,0.000000,0.000000,0.000000,0.000000,0,0
32,0.640000,1,gripper_l_palm,yup_snapshot,1,1,-1.062252,1.142252,0.252100,0.588859,-0.515426,-0.618959,-0.066868,1.088987,-0.155653,2.934982,1,0.000000,0.000000,0.000000,0.000000,0.000000,0.000000,0,0,0.000000,0.000000,0.000000,0.000000,0.000000,0.000000,0,0,0.000000,0.000000,0.000000,0.000000,0.000000,0.000000,0,0,0.000000,0.000000,0.000000,0.000000,0.000000,0.000000,0,0
32,0.640000,2,gripper_l_finger1,yup_snapshot,1,1,-1.272338,1.227280,0.253312,0.780834,0.051935,-0.484974,0.390386,1.088857,-0.155789,2.935041,1,0.000000,0.000000,0.000000,0.000000,0.000000,0.000000,0,0,0.000000,0.000000,0.000000,0.000000,0.000000,0.000000,0,0,0.000000,0.000000,0.000000,0.000000,0.000000,0.000000,0,0,0.000000,0.000000,0.000000,0.000000,0.000000,0.000000,0,0
32,0.640000,3,gripper_l_finger2,yup_snapshot,1,1,-1.200462,1.167106,0.260528,-0.390394,-0.484851,-0.051873,0.780911,1.089496,-0.155121,2.934753,1,0.000000,0.000000,0.000000,0.000000,0.000000,0.000000,0,0,0.000000,0.000000,0.000000,0.000000,0.000000,0.000000,0,0,0.000000,0.000000,0.000000,0.000000,0.000000,0.000000,0,0,0.000000,0.000000,0.000000,0.000000,0.000000,0.000000,0,0
32,0.640000,4,gripper_r_palm,yup_snapshot,1,1,1.005829,0.934326,-0.003275,-0.340997,0.669984,-0.565002,0.340022,-1.584163,-2.489651,-1.723889,1,0.000000,0.000000,0.000000,0.000000,0.000000,0.000000,0,0,0.000000,0.000000,0.000000,0.000000,0.000000,0.000000,0,0,0.000000,0.000000,0.000000,0.000000,0.000000,0.000000,0,0,0.000000,0.000000,0.000000,0.000000,0.000000,0.000000,0,0
32,0.640000,5,gripper_r_finger1,yup_snapshot,1,1,1.113271,0.893780,-0.000403,0.714847,-0.232527,0.159198,-0.639985,-1.584679,-2.489606,-1.724218,1,0.000000,0.000000,0.000000,0.000000,0.000000,0.000000,0,0,0.000000,0.000000,0.000000,0.000000,0.000000,0.000000,0,0,0.000000,0.000000,0.000000,0.000000,0.000000,0.000000,0,0,0.000000,0.000000,0.000000,0.000000,0.000000,0.000000,0,0
32,0.640000,6,gripper_r_finger2,yup_snapshot,1,1,1.202698,0.949666,-0.069196,0.639918,0.158991,0.232713,0.714893,-1.584037,-2.489662,-1.723808,1,0.000000,0.000000,0.000000,0.000000,0.000000,0.000000,0,0,0.000000,0.000000,0.000000,0.000000,0.000000,0.000000,0,0,0.000000,0.000000,0.000000,0.000000,0.000000,0.000000,0,0,0.000000,0.000000,0.000000,0.000000,0.000000,0.000000,0,0
33,0.660000,0,base,yup_snapshot,0,0,0.000000,0.000000,0.000000,1.000000,0.000000,0.000000,0.000000,0.000000,0.000000,0.000000,0,0.000000,0.000000,0.000000,0.000000,0.000000,0.000000,0,0,0.000000,0.000000,0.000000,0.000000,0.000000,0.000000,0,0,0.000000,0.000000,0.000000,0.000000,0.000000,0.000000,0,0,0.000000,0.000000,0.000000,0.000000,0.000000,0.000000,0,0
33,0.660000,1,gripper_l_palm,yup_snapshot,1,1,-1.072811,1.127248,0.265938,0.594757,-0.524786,-0.602413,-0.089234,1.361668,-0.200492,2.453519,1,0.000000,0.000000,0.000000,0.000000,0.000000,0.000000,0,0,0.000000,0.000000,0.000000,0.000000,0.000000,0.000000,0,0,0.000000,0.000000,0.000000,0.000000,0.000000,0.000000,0,0,0.000000,0.000000,0.000000,0.000000,0.000000,0.000000,0,0
33,0.660000,2,gripper_l_finger1,yup_snapshot,1,1,-1.287415,1.207932,0.268830,0.791625,0.049486,-0.489087,0.362871,1.361522,-0.200663,2.453584,1,0.000000,0.000000,0.000000,0.000000,0.000000,0.000000,0,0,0.000000,0.000000,0.000000,0.000000,0.000000,0.000000,0,0,0.000000,0.000000,0.000000,0.000000,0.000000,0.000000,0,0,0.000000,0.000000,0.000000,0.000000,0.000000,0.000000,0,0
33,0.660000,3,gripper_l_finger2,yup_snapshot,1,1,-1.211464,1.150376,0.274410,-0.362878,-0.488966,-0.049430,0.791700,1.362419,-0.199610,2.453186,1,0.000000,0.000000,0.000000,0.000000,0.000000,0.000000,0,0,0.000000,0.000000,0.000000,0.000000,0.000000,0.000000,0,0,0.000000,0.000000,0.000000,0.000000,0.000000,0.000000,0,0,0.000000,0.000000,0.000000,0.000000,0.000000,0.000000,0,0
33,0.660000,4,gripper_r_palm,yup_snapshot,1,1,1.018012,0.926101,0.008865,-0.323482,0.694131,-0.554692,0.325359,-1.439530,-2.405626,-2.075959,1,0.000000,0.000000,0.000000,0.000000,0.000000,0.000000,0,0,0.000000,0.000000,0.000000,0.000000,0.000000,0.000000,0,0,0.000000,0.000000,0.000000,0.000000,0.000000,0.000000,0,0,0.000000,0.000000,0.000000,0.000000,0.000000,0.000000,0,0
33,0.660000,5,gripper_r_finger1,yup_snapshot,1,1,1.127502,0.880805,0.016067,0.719536,-0.261993,0.162273,-0.622331,-1.440136,-2.405560,-2.076392,1,0.000000,0.000000,0.000000,0.000000,0.000000,0.000000,0,0,0.000000,0.000000,0.000000,0.000000,0.000000,0.000000,0,0,0.000000,0.000000,0.000000,0.000000,0.000000,0.000000,0,0,0.000000,0.000000,0.000000,0.000000,0.000000,0.000000,0,0
33,0.660000,6,gripper_r_finger2,yup_snapshot,1,1,1.220717,0.935554,-0.054245,0.622256,0.162068,0.262171,0.719582,-1.439399,-2.405641,-2.075865,1,0.000000,0.000000,0.000000,0.000000,0.000000,0.000000,0,0,0.000000,0.000000,0.000000,0.000000,0.000000,0.000000,0,0,0.000000,0.000000,0.000000,0.000000,0.000000,0.000000,0,0,0.000000,0.000000,0.000000,0.000000,0.000000,0.000000,0,0
34,0.680000,0,base,yup_snapshot,0,0,0.000000,0.000000,0.000000,1.000000,0.000000,0.000000,0.000000,0.000000,0.000000,0.000000,0,0.000000,0.000000,0.000000,0.000000,0.000000,0.000000,0,0,0.000000,0.000000,0.000000,0.000000,0.000000,0.000000,0,0,0.000000,0.000000,0.000000,0.000000,0.000000,0.000000,0,0,0.000000,0.000000,0.000000,0.000000,0.000000,0.000000,0,0
34,0.680000,1,gripper_l_palm,yup_snapshot,1,1,-1.081253,1.114247,0.278507,0.601939,-0.529364,-0.587698,-0.109796,1.532779,-0.199244,2.005597,1,0.000000,0.000000,0.000000,0.000000,0.000000,0.000000,0,0,0.000000,0.000000,0.000000,0.000000,0.000000,0.000000,0,0,0.000000,0.000000,0.000000,0.000000,0.000000,0.000000,0,0,0.000000,0.000000,0.000000,0.000000,0.000000,0.000000,0,0
34,0.680000,2,gripper_l_finger1,yup_snapshot,1,1,-1.299342,1.191361,0.283291,0.799940,0.051326,-0.493221,0.337926,1.532816,-0.199197,2.005582,1,0.000000,0.000000,0.000000,0.000000,0.000000,0.000000,0,0,0.000000,0.000000,0.000000,0.000000,0.000000,0.000000,0,0,0.000000,0.000000,0.000000,0.000000,0.000000,0.000000,0,0,0.000000,0.000000,0.000000,0.000000,0.000000,0.000000,0,0
34,0.680000,3,gripper_l_finger2,yup_snapshot,1,1,-1.220088,1.136854,0.287036,-0.337934,-0.493105,-0.051277,0.800012,1.533682,-0.198074,2.005213,1,0.000000,0.000000,0.000000,0.000000,0.000000,0.000000,0,0,0.000000,0.000000,0.000000,0.000000,0.000000,0.000000,0,0,0.000000,0.000000,0.000000,0.000000,0.000000,0.000000,0,0,0.000000,0.000000,0.000000,0.000000,0.000000,0.000000,0,0
34,0.680000,4,gripper_r_palm,yup_snapshot,1,1,1.028779,0.921287,0.021951,-0.308741,0.719028,-0.540813,0.308544,-1.244388,-2.222634,-2.571256,1,0.000000,0.000000,0.000000,0.000000,0.000000,0.000000,0,0,0.000000,0.000000,0.000000,0.000000,0.000000,0.000000,0,0,0.000000,0.000000,0.000000,0.000000,0.000000,0.000000,0,0,0.000000,0.000000,0.000000,0.000000,0.000000,0.000000,0,0
34,0.680000,5,gripper_r_finger1,yup_snapshot,1,1,1.139103,0.871191,0.033362,0.726719,-0.290028,0.164345,-0.600628,-1.245530,-2.222472,-2.572165,1,0.000000,0.000000,0.000000,0.000000,0.000000,0.000000,0,0,0.000000,0.000000,0.000000,0.000000,0.000000,0.000000,0,0,0.000000,0.000000,0.000000,0.000000,0.000000,0.000000,0,0,0.000000,0.000000,0.000000,0.000000,0.000000,0.000000,0,0
34,0.680000,6,gripper_r_finger2,yup_snapshot,1,1,1.236989,0.924286,-0.037953,0.600550,0.164150,0.290190,0.726763,-1.243344,-2.222782,-2.570426,1,0.000000,0.000000,0.000000,0.000000,0.000000,0.000000,0,0,0.000000,0.000000,0.000000,0.000000,0.000000,0.000000,0,0,0.000000,0.000000,0.000000,0.000000,0.000000,0.000000,0,0,0.000000,0.000000,0.000000,0.000000,0.000000,0.000000,0,0
35,0.700000,0,base,yup_snapshot,0,0,0.000000,0.000000,0.000000,1.000000,0.000000,0.000000,0.000000,0.000000,0.000000,0.000000,0,0.000000,0.000000,0.000000,0.000000,0.000000,0.000000,0,0,0.000000,0.000000,0.000000,0.000000,0.000000,0.000000,0,0,0.000000,0.000000,0.000000,0.000000,0.000000,0.000000,0,0,0.000000,0.000000,0.000000,0.000000,0.000000,0.000000,0,0
35,0.700000,1,gripper_l_palm,yup_snapshot,1,1,-1.088305,1.102443,0.289800,0.609390,-0.530612,-0.574888,-0.128838,1.584220,-0.133028,1.676356,1,0.000000,0.000000,0.000000,0.000000,0.000000,0.000000,0,0,0.000000,0.000000,0.000000,0.000000,0.000000,0.000000,0,0,0.000000,0.000000,0.000000,0.000000,0.000000,0.000000,0,0,0.000000,0.000000,0.000000,0.000000,0.000000,0.000000,0,0
35,0.700000,2,gripper_l_finger1,yup_snapshot,1,1,-1.309153,1.176587,0.296633,0.806091,0.055712,-0.497628,0.315404,1.584239,-0.133000,1.676348,1,0.000000,0.000000,0.000000,0.000000,0.000000,0.000000,0,0,0.000000,0.000000,0.000000,0.000000,0.000000,0.000000,0,0,0.000000,0.000000,0.000000,0.000000,0.000000,0.000000,0,0,0.000000,0.000000,0.000000,0.000000,0.000000,0.000000,0,0
35,0.700000,3,gripper_l_finger2,yup_snapshot,1,1,-1.227298,1.125328,0.298500,-0.315411,-0.497520,-0.055670,0.806158,1.585212,-0.131629,1.675961,1,0.000000,0.000000,0.000000,0.000000,0.000000,0.000000,0,0,0.000000,0.000000,0.000000,0.000000,0.000000,0.000000,0,0,0.000000,0.000000,0.000000,0.000000,0.000000,0.000000,0,0,0.000000,0.000000,0.000000,0.000000,0.000000,0.000000,0,0
35,0.700000,4,gripper_r_palm,yup_snapshot,1,1,1.037818,0.919806,0.035566,-0.299136,0.742840,-0.523493,0.290967,-0.821862,-1.776448,-2.866497,1,0.000000,0.000000,0.000000,0.000000,0.000000,0.000000,0,0,0.000000,0.000000,0.000000,0.000000,0.000000,0.000000,0,0,0.000000,0.000000,0.000000,0.000000,0.000000,0.000000,0,0,0.000000,0.000000,0.000000,0.000000,0.000000,0.000000,0,0
35,0.700000,5,gripper_r_finger1,yup_snapshot,1,1,1.147372,0.865243,0.050443,0.736766,-0.313668,0.164519,-0.575952,-0.822761,-1.776279,-2.867282,1,0.000000,0.000000,0.000000,0.000000,0.000000,0.000000,0,0,0.000000,0.000000,0.000000,0.000000,0.000000,0.000000,0,0,0.000000,0.000000,0.000000,0.000000,0.000000,0.000000,0,0,0.000000,0.000000,0.000000,0.000000,0.000000,0.000000,0,0
35,0.700000,6,gripper_r_finger2,yup_snapshot,1,1,1.250577,0.916134,-0.021229,0.575874,0.164336,0.313812,0.736807,-0.820860,-1.776636,-2.865620,1,0.000000,0.000000,0.000000,0.000000,0.000000,0.000000,0,0,0.000000,0.000000,0.000000,0.000000,0.000000,0.000000,0,0,0.000000,0.000000,0.000000,0.000000,0.000000,0.000000,0,0,0.000000,0.000000,0.000000,0.000000,0.000000,0.000000,0,0
36,0.720000,0,base,yup_snapshot,0,0,0.000000,0.000000,0.000000,1.000000,0.000000,0.000000,0.000000,0.000000,0.000000,0.000000,0,0.000000,0.000000,0.000000,0.000000,0.000000,0.000000,0,0,0.000000,0.000000,0.000000,0.000000,0.000000,0.000000,0,0,0.000000,0.000000,0.000000,0.000000,0.000000,0.000000,0,0,0.000000,0.000000,0.000000,0.000000,0.000000,0.000000,0,0
36,0.720000,1,gripper_l_palm,yup_snapshot,1,1,-1.094588,1.091000,0.299969,0.616313,-0.530251,-0.563340,-0.147104,1.561925,-0.044687,1.544278,1,0.000000,0.000000,0.000000,0.000000,0.000000,0.000000,0,0,0.000000,0.000000,0.000000,0.000000,0.000000,0.000000,0,0,0.000000,0.000000,0.000000,0.000000,0.000000,0.000000,0,0,0.000000,0.000000,0.000000,0.000000,0.000000,0.000000,0,0
36,0.720000,2,gripper_l_finger1,yup_snapshot,1,1,-1.317829,1.162416,0.308935,0.810731,0.060863,-0.502380,0.294322,1.561946,-0.044655,1.544271,1,0.000000,0.000000,0.000000,0.000000,0.000000,0.000000,0,0,0.000000,0.000000,0.000000,0.000000,0.000000,0.000000,0,0,0.000000,0.000000,0.000000,0.000000,0.000000,0.000000,0,0,0.000000,0.000000,0.000000,0.000000,0.000000,0.000000,0,0
36,0.720000,3,gripper_l_finger2,yup_snapshot,1,1,-1.233863,1.114476,0.308990,-0.294330,-0.502281,-0.060827,0.810792,1.562846,-0.043286,1.543941,1,0.000000,0.000000,0.000000,0.000000,0.000000,0.000000,0,0,0.000000,0.000000,0.000000,0.000000,0.000000,0.000000,0,0,0.000000,0.000000,0.000000,0.000000,0.000000,0.000000,0,0,0.000000,0.000000,0.000000,0.000000,0.000000,0.000000,0,0
36,0.720000,4,gripper_r_palm,yup_snapshot,1,1,1.045151,0.921272,0.049092,-0.295612,0.763633,-0.504835,0.273167,-0.252217,-1.357170,-2.881791,1,0.000000,0.000000,0.000000,0.000000,0.000000,0.000000,0,0,0.000000,0.000000,0.000000,0.000000,0.000000,0.000000,0,0,0.000000,0.000000,0.000000,0.000000,0.000000,0.000000,0,0,0.000000,0.000000,0.000000,0.000000,0.000000,0.000000,0,0
36,0.720000,5,gripper_r_finger1,yup_snapshot,1,1,1.152668,0.863134,0.066229,0.748978,-0.330869,0.163912,-0.550174,-0.252074,-1.357205,-2.881656,1,0.000000,0.000000,0.000000,0.000000,0.000000,0.000000,0,0,0.000000,0.000000,0.000000,0.000000,0.000000,0.000000,0,0,0.000000,0.000000,0.000000,0.000000,0.000000,0.000000,0,0,0.000000,0.000000,0.000000,0.000000,0.000000,0.000000,0,0
36,0.720000,6,gripper_r_finger2,yup_snapshot,1,1,1.261287,0.911411,-0.004967,0.550095,0.163734,0.330999,0.749017,-0.251262,-1.357404,-2.880889,1,0.000000,0.000000,0.000000,0.000000,0.000000,0.000000,0,0,0.000000,0.000000,0.000000,0.000000,0.000000,0.000000,0,0,0.000000,0.000000,0.000000,0.000000,0.000000,0.000000,0,0,0.000000,0.000000,0.000000,0.000000,0.000000,0.000000,0,0
37,0.740000,0,base,yup_snapshot,0,0,0.000000,0.000000,0.000000,1.000000,0.000000,0.000000,0.000000,0.000000,0.000000,0.000000,0,0.000000,0.000000,0.000000,0.000000,0.000000,0.000000,0,0,0.000000,0.000000,0.000000,0.000000,0.000000,0.000000,0,0,0.000000,0.000000,0.000000,0.000000,0.000000,0.000000,0,0,0.000000,0.000000,0.000000,0.000000,0.000000,0.000000,0,0
37,0.740000,1,gripper_l_palm,yup_snapshot,1,1,-1.100465,1.079292,0.309170,0.622419,-0.529265,-0.552488,-0.165014,1.511595,0.027158,1.498690,1,0.000000,0.000000,0.000000,0.000000,0.000000,0.000000,0,0,0.000000,0.000000,0.000000,0.000000,0.000000,0.000000,0,0,0.000000,0.000000,0.000000,0.000000,0.000000,0.000000,0,0,0.000000,0.000000,0.000000,0.000000,0.000000,0.000000,0,0
37,0.740000,2,gripper_l_finger1,yup_snapshot,1,1,-1.325917,1.147995,0.320290,0.814351,0.065877,-0.507371,0.273984,1.511617,0.027193,1.498683,1,0.000000,0.000000,0.000000,0.000000,0.000000,0.000000,0,0,0.000000,0.000000,0.000000,0.000000,0.000000,0.000000,0,0,0.000000,0.000000,0.000000,0.000000,0.000000,0.000000,0,0,0.000000,0.000000,0.000000,0.000000,0.000000,0.000000,0,0
37,0.740000,3,gripper_l_finger2,yup_snapshot,1,1,-1.240167,1.103395,0.318644,-0.273991,-0.507280,-0.065846,0.814408,1.512000,0.027822,1.498556,1,0.000000,0.000000,0.000000,0.000000,0.000000,0.000000,0,0,0.000000,0.000000,0.000000,0.000000,0.000000,0.000000,0,0,0.000000,0.000000,0.000000,0.000000,0.000000,0.000000,0,0,0.000000,0.000000,0.000000,0.000000,0.000000,0.000000,0,0
37,0.740000,4,gripper_r_palm,yup_snapshot,1,1,1.050919,0.925053,0.061958,-0.297500,0.780372,-0.486932,0.255752,0.267930,-0.984533,-2.683959,1,0.000000,0.000000,0.000000,0.000000,0.000000,0.000000,0,0,0.000000,0.000000,0.000000,0.000000,0.000000,0.000000,0,0,0.000000,0.000000,0.000000,0.000000,0.000000,0.000000,0,0,0.000000,0.000000,0.000000,0.000000,0.000000,0.000000,0,0
37,0.740000,5,gripper_r_finger1,yup_snapshot,1,1,1.155736,0.864494,0.080070,0.762150,-0.341373,0.163569,-0.525202,0.268155,-0.984603,-2.683733,1,0.000000,0.000000,0.000000,0.000000,0.000000,0.000000,0,0,0.000000,0.000000,0.000000,0.000000,0.000000,0.000000,0,0,0.000000,0.000000,0.000000,0.000000,0.000000,0.000000,0,0,0.000000,0.000000,0.000000,0.000000,0.000000,0.000000,0,0
37,0.740000,6,gripper_r_finger2,yup_snapshot,1,1,1.269361,0.909982,0.010114,0.525125,0.163397,0.341492,0.762187,0.268823,-0.984812,-2.683061,1,0.000000,0.000000,0.000000,0.000000,0.000000,0.000000,0,0,0.000000,0.000000,0.000000,0.000000,0.000000,0.000000,0,0,0.000000,0.000000,0.000000,0.000000,0.000000,0.000000,0,0,0.000000,0.000000,0.000000,0.000000,0.000000,0.000000,0,0
38,0.760000,0,base,yup_snapshot,0,0,0.000000,0.000000,0.000000,1.000000,0.000000,0.000000,0.000000,0.000000,0.000000,0.000000,0,0.000000,0.000000,0.000000,0.000000,0.000000,0.000000,0,0,0.000000,0.000000,0.000000,0.000000,0.000000,0.000000,0,0,0.000000,0.000000,0.000000,0.000000,0.000000,0.000000,0,0,0.000000,0.000000,0.000000,0.000000,0.000000,0.000000,0,0
38,0.760000,1,gripper_l_palm,yup_snapshot,1,1,-1.106105,1.066943,0.317520,0.627676,-0.528151,-0.541920,-0.182762,1.453220,0.074658,1.503876,1,0.000000,0.000000,0.000000,0.000000,0.000000,0.000000,0,0,0.000000,0.000000,0.000000,0.000000,0.000000,0.000000,0,0,0.000000,0.000000,0.000000,0.000000,0.000000,0.000000,0,0,0.000000,0.000000,0.000000,0.000000,0.000000,0.000000,0,0
38,0.760000,2,gripper_l_finger1,yup_snapshot,1,1,-1.333673,1.132828,0.330754,0.817281,0.070381,-0.512448,0.253961,1.453271,0.074749,1.503861,1,0.000000,0.000000,0.000000,0.000000,0.000000,0.000000,0,0,0.000000,0.000000,0.000000,0.000000,0.000000,0.000000,0,0,0.000000,0.000000,0.000000,0.000000,0.000000,0.000000,0,0,0.000000,0.000000,0.000000,0.000000,0.000000,0.000000,0,0
38,0.760000,3,gripper_l_finger2,yup_snapshot,1,1,-1.246358,1.091573,0.327535,-0.253969,-0.512358,-0.070353,0.817337,1.453377,0.074937,1.503829,1,0.000000,0.000000,0.000000,0.000000,0.000000,0.000000,0,0,0.000000,0.000000,0.000000,0.000000,0.000000,0.000000,0,0,0.000000,0.000000,0.000000,0.000000,0.000000,0.000000,0,0,0.000000,0.000000,0.000000,0.000000,0.000000,0.000000,0,0
38,0.760000,4,gripper_r_palm,yup_snapshot,1,1,1.055295,0.930458,0.073757,-0.303838,0.792964,-0.470761,0.239322,0.684464,-0.657909,-2.395446,1,0.000000,0.000000,0.000000,0.000000,0.000000,0.000000,0,0,0.000000,0.000000,0.000000,0.000000,0.000000,0.000000,0,0,0.000000,0.000000,0.000000,0.000000,0.000000,0.000000,0,0,0.000000,0.000000,0.000000,0.000000,0.000000,0.000000,0,0
38,0.760000,5,gripper_r_finger1,yup_snapshot,1,1,1.157156,0.868618,0.091689,0.775534,-0.345797,0.163756,-0.502151,0.684597,-0.657960,-2.395305,1,0.000000,0.000000,0.000000,0.000000,0.000000,0.000000,0,0,0.000000,0.000000,0.000000,0.000000,0.000000,0.000000,0,0,0.000000,0.000000,0.000000,0.000000,0.000000,0.000000,0,0,0.000000,0.000000,0.000000,0.000000,0.000000,0.000000,0,0
38,0.760000,6,gripper_r_finger2,yup_snapshot,1,1,1.275170,0.911311,0.023515,0.502076,0.163588,0.345906,0.775570,0.685214,-0.658198,-2.394656,1,0.000000,0.000000,0.000000,0.000000,0.000000,0.000000,0,0,0.000000,0.000000,0.000000,0.000000,0.000000,0.000000,0,0,0.000000,0.000000,0.000000,0.000000,0.000000,0.000000,0,0,0.000000,0.000000,0.000000,0.000000,0.000000,0.000000,0,0
39,0.780000,0,base,yup_snapshot,0,0,0.000000,0.000000,0.000000,1.000000,0.000000,0.000000,0.000000,0.000000,0.000000,0.000000,0,0.000000,0.000000,0.000000,0.000000,0.000000,0.000000,0,0,0.000000,0.000000,0.000000,0.000000,0.000000,0.000000,0,0,0.000000,0.000000,0.000000,0.000000,0.000000,0.000000,0,0,0.000000,0.000000,0.000000,0.000000,0.000000,0.000000,0,0
39,0.780000,1,gripper_l_palm,yup_snapshot,1,1,-1.111585,1.053719,0.325088,0.632107,-0.527180,-0.531342,-0.200494,1.396048,0.111834,1.540686,1,0.000000,0.000000,0.000000,0.000000,0.000000,0.000000,0,0,0.000000,0.000000,0.000000,0.000000,0.000000,0.000000,0,0,0.000000,0.000000,0.000000,0.000000,0.000000,0.000000,0,0,0.000000,0.000000,0.000000,0.000000,0.000000,0.000000,0,0
39,0.780000,2,gripper_l_finger1,yup_snapshot,1,1,-1.341218,1.116601,0.340366,0.819727,0.074201,-0.517507,0.233943,1.396089,0.111912,1.540676,1,0.000000,0.000000,0.000000,0.000000,0.000000,0.000000,0,0,0.000000,0.000000,0.000000,0.000000,0.000000,0.000000,0,0,0.000000,0.000000,0.000000,0.000000,0.000000,0.000000,0,0,0.000000,0.000000,0.000000,0.000000,0.000000,0.000000,0,0
39,0.780000,3,gripper_l_finger2,yup_snapshot,1,1,-1.252488,1.078702,0.335705,-0.233951,-0.517417,-0.074175,0.819783,1.396184,0.112094,1.540651,1,0.000000,0.000000,0.000000,0.000000,0.000000,0.000000,0,0,0.000000,0.000000,0.000000,0.000000,0.000000,0.000000,0,0,0.000000,0.000000,0.000000,0.000000,0.000000,0.000000,0,0,0.000000,0.000000,0.000000,0.000000,0.000000,0.000000,0,0
39,0.780000,4,gripper_r_palm,yup_snapshot,1,1,1.058462,0.936858,0.084249,-0.313355,0.801825,-0.456630,0.224443,0.961989,-0.382045,-2.075891,1,0.000000,0.000000,0.000000,0.000000,0.000000,0.000000,0,0,0.000000,0.000000,0.000000,0.000000,0.000000,0.000000,0,0,0.000000,0.000000,0.000000,0.000000,0.000000,0.000000,0,0,0.000000,0.000000,0.000000,0.000000,0.000000,0.000000,0,0
39,0.780000,5,gripper_r_finger1,yup_snapshot,1,1,1.157367,0.874702,0.101125,0.788529,-0.345335,0.164288,-0.481638,0.962118,-0.382104,-2.075751,1,0.000000,0.000000,0.000000,0.000000,0.000000,0.000000,0,0,0.000000,0.000000,0.000000,0.000000,0.000000,0.000000,0,0,0.000000,0.000000,0.000000,0.000000,0.000000,0.000000,0,0,0.000000,0.000000,0.000000,0.000000,0.000000,0.000000,0,0
39,0.780000,6,gripper_r_finger2,yup_snapshot,1,1,1.279103,0.914710,0.034997,0.481566,0.164123,0.345436,0.788563,0.962602,-0.382327,-2.075224,1,0.000000,0.000000,0.000000,0.000000,0.000000,0.000000,0,0,0.000000,0.000000,0.000000,0.000000,0.000000,0.000000,0,0,0.000000,0.000000,0.000000,0.000000,0.000000,0.000000,0,0,0.000000,0.000000,0.000000,0.000000,0.000000,0.000000,0,0
40,0.800000,0,base,yup_snapshot,0,0,0.000000,0.000000,0.000000,1.000000,0.000000,0.000000,0.000000,0.000000,0.000000,0.000000,0,0.000000,0.000000,0.000000,0.000000,0.000000,0.000000,0,0,0.000000,0.000000,0.000000,0.000000,0.000000,0.000000,0,0,0.000000,0.000000,0.000000,0.000000,0.000000,0.000000,0,0,0.000000,0.000000,0.000000,0.000000,0.000000,0.000000,0,0
40,0.800000,1,gripper_l_palm,yup_snapshot,1,1,-1.116924,1.039467,0.331916,0.635721,-0.526473,-0.520580,-0.218362,1.344456,0.145340,1.599103,1,0.000000,0.000000,0.000000,0.000000,0.000000,0.000000,0,0,0.000000,0.000000,0.000000,0.000000,0.000000,0.000000,0,0,0.000000,0.000000,0.000000,0.000000,0.000000,0.000000,0,0,0.000000,0.000000,0.000000,0.000000,0.000000,0.000000,0,0
40,0.800000,2,gripper_l_finger1,yup_snapshot,1,1,-1.348590,1.099114,0.349160,0.821781,0.077256,-0.522533,0.213698,1.344494,0.145418,1.599095,1,0.000000,0.000000,0.000000,0.000000,0.000000,0.000000,0,0,0.000000,0.000000,0.000000,0.000000,0.000000,0.000000,0,0,0.000000,0.000000,0.000000,0.000000,0.000000,0.000000,0,0,0.000000,0.000000,0.000000,0.000000,0.000000,0.000000,0,0
40,0.800000,3,gripper_l_finger2,yup_snapshot,1,1,-1.258566,1.064593,0.343177,-0.213707,-0.522442,-0.077232,0.821839,1.344635,0.145711,1.599064,1,0.000000,0.000000,0.000000,0.000000,0.000000,0.000000,0,0,0.000000,0.000000,0.000000,0.000000,0.000000,0.000000,0,0,0.000000,0.000000,0.000000,0.000000,0.000000,0.000000,0,0,0.000000,0.000000,0.000000,0.000000,0.000000,0.000000,0,0
40,0.800000,4,gripper_r_palm,yup_snapshot,1,1,1.060607,0.943725,0.093338,-0.324747,0.807624,-0.444461,0.211512,1.101204,-0.157339,-1.765228,1,0.000000,0.000000,0.000000,0.000000,0.000000,0.000000,0,0,0.000000,0.000000,0.000000,0.000000,0.000000,0.000000,0,0,0.000000,0.000000,0.000000,0.000000,0.000000,0.000000,0,0,0.000000,0.000000,0.000000,0.000000,0.000000,0.000000,0,0
40,0.800000,5,gripper_r_finger1,yup_snapshot,1,1,1.156694,0.881972,0.108603,0.800685,-0.341382,0.164829,-0.463889,1.101333,-0.157408,-1.765085,1,0.000000,0.000000,0.000000,0.000000,0.000000,0.000000,0,0,0.000000,0.000000,0.000000,0.000000,0.000000,0.000000,0,0,0.000000,0.000000,0.000000,0.000000,0.000000,0.000000,0,0,0.000000,0.000000,0.000000,0.000000,0.000000,0.000000,0,0
40,0.800000,6,gripper_r_finger2,yup_snapshot,1,1,1.281526,0.919478,0.044533,0.463818,0.164663,0.341479,0.800719,1.101101,-0.157284,-1.765343,1,0.000000,0.000000,0.000000,0.000000,0.000000,0.000000,0,0,0.000000,0.000000,0.000000,0.000000,0.000000,0.000000,0,0,0.000000,0.000000,0.000000,0.000000,0.000000,0.000000,0,0,0.000000,0.000000,0.000000,0.000000,0.000000,0.000000,0,0
41,0.820000,0,base,yup_snapshot,0,0,0.000000,0.000000,0.000000,1.000000,0.000000,0.000000,0.000000,0.000000,0.000000,0.000000,0,0.000000,0.000000,0.000000,0.000000,0.000000,0.000000,0,0,0.000000,0.000000,0.000000,0.000000,0.000000,0.000000,0,0,0.000000,0.000000,0.000000,0.000000,0.000000,0.000000,0,0,0.000000,0.000000,0.000000,0.000000,0.000000,0.000000,0,0
41,0.820000,1,gripper_l_palm,yup_snapshot,1,1,-1.122108,1.024078,0.338025,0.638513,-0.526075,-0.509516,-0.236515,1.299989,0.178454,1.674968,1,0.000000,0.000000,0.000000,0.000000,0.000000,0.000000,0,0,0.000000,0.000000,0.000000,0.000000,0.000000,0.000000,0,0,0.000000,0.000000,0.000000,0.000000,0.000000,0.000000,0,0,0.000000,0.000000,0.000000,0.000000,0.000000,0.000000,0,0
41,0.820000,2,gripper_l_finger1,yup_snapshot,1,1,-1.355784,1.080217,0.357164,0.823474,0.079512,-0.527546,0.193038,1.299976,0.178425,1.674970,1,0.000000,0.000000,0.000000,0.000000,0.000000,0.000000,0,0,0.000000,0.000000,0.000000,0.000000,0.000000,0.000000,0,0,0.000000,0.000000,0.000000,0.000000,0.000000,0.000000,0,0,0.000000,0.000000,0.000000,0.000000,0.000000,0.000000,0,0
41,0.820000,3,gripper_l_finger2,yup_snapshot,1,1,-1.264575,1.049115,0.349969,-0.193047,-0.527454,-0.079490,0.823533,1.300103,0.178713,1.674947,1,0.000000,0.000000,0.000000,0.000000,0.000000,0.000000,0,0,0.000000,0.000000,0.000000,0.000000,0.000000,0.000000,0,0,0.000000,0.000000,0.000000,0.000000,0.000000,0.000000,0,0,0.000000,0.000000,0.000000,0.000000,0.000000,0.000000,0,0
41,0.820000,4,gripper_r_palm,yup_snapshot,1,1,1.061912,0.950634,0.101037,-0.336859,0.811111,-0.433974,0.200729,1.121809,0.019751,-1.487001,1,0.000000,0.000000,0.000000,0.000000,0.000000,0.000000,0,0,0.000000,0.000000,0.000000,0.000000,0.000000,0.000000,0,0,0.000000,0.000000,0.000000,0.000000,0.000000,0.000000,0,0,0.000000,0.000000,0.000000,0.000000,0.000000,0.000000,0,0
41,0.820000,5,gripper_r_finger1,yup_snapshot,1,1,1.155368,0.889747,0.114430,0.811714,-0.335284,0.165041,-0.448849,1.121930,0.019678,-1.486865,1,0.000000,0.000000,0.000000,0.000000,0.000000,0.000000,0,0,0.000000,0.000000,0.000000,0.000000,0.000000,0.000000,0,0,0.000000,0.000000,0.000000,0.000000,0.000000,0.000000,0,0,0.000000,0.000000,0.000000,0.000000,0.000000,0.000000,0,0
41,0.820000,6,gripper_r_finger2,yup_snapshot,1,1,1.282759,0.924972,0.052238,0.448779,0.164870,0.335379,0.811749,1.121670,0.019835,-1.487156,1,0.000000,0.000000,0.000000,0.000000,0.000000,0.000000,0,0,0.000000,0.000000,0.000000,0.000000,0.000000,0.000000,0,0,0.000000,0.000000,0.000000,0.000000,0.000000,0.000000,0,0,0.000000,0.000000,0.000000,0.000000,0.000000,0.000000,0,0
42,0.840000,0,base,yup_snapshot,0,0,0.000000,0.000000,0.000000,1.000000,0.000000,0.000000,0.000000,0.000000,0.000000,0.000000,0,0.000000,0.000000,0.000000,0.000000,0.000000,0.000000,0,0,0.000000,0.000000,0.000000,0.000000,0.000000,0.000000,0,0,0.000000,0.000000,0.000000,0.000000,0.000000,0.000000,0,0,0.000000,0.000000,0.000000,0.000000,0.000000,0.000000,0,0
42,0.840000,1,gripper_l_palm,yup_snapshot,1,1,-1.127107,1.007442,0.343426,0.640466,-0.525996,-0.498045,-0.255115,1.264571,0.213065,1.769076,1,0.000000,0.000000,0.000000,0.000000,0.000000,0.000000,0,0,0.000000,0.000000,0.000000,0.000000,0.000000,0.000000,0,0,0.000000,0.000000,0.000000,0.000000,0.000000,0.000000,0,0,0.000000,0.000000,0.000000,0.000000,0.000000,0.000000,0,0
42,0.840000,2,gripper_l_finger1,yup_snapshot,1,1,-1.362765,1.059761,0.364402,0.824798,0.080947,-0.532587,0.171775,1.264528,0.212957,1.769081,1,0.000000,0.000000,0.000000,0.000000,0.000000,0.000000,0,0,0.000000,0.000000,0.000000,0.000000,0.000000,0.000000,0,0,0.000000,0.000000,0.000000,0.000000,0.000000,0.000000,0,0,0.000000,0.000000,0.000000,0.000000,0.000000,0.000000,0,0
42,0.840000,3,gripper_l_finger2,yup_snapshot,1,1,-1.270481,1.032142,0.356091,-0.171784,-0.532494,-0.080928,0.824858,1.264769,0.213562,1.769049,1,0.000000,0.000000,0.000000,0.000000,0.000000,0.000000,0,0,0.000000,0.000000,0.000000,0.000000,0.000000,0.000000,0,0,0.000000,0.000000,0.000000,0.000000,0.000000,0.000000,0,0,0.000000,0.000000,0.000000,0.000000,0.000000,0.000000,0,0
42,0.840000,4,gripper_r_palm,yup_snapshot,1,1,1.062544,0.957257,0.107425,-0.348773,0.813006,-0.424813,0.192127,1.050750,0.155422,-1.252522,1,0.000000,0.000000,0.000000,0.000000,0.000000,0.000000,0,0,0.000000,0.000000,0.000000,0.000000,0.000000,0.000000,0,0,0.000000,0.000000,0.000000,0.000000,0.000000,0.000000,0,0,0.000000,0.000000,0.000000,0.000000,0.000000,0.000000,0,0
42,0.840000,5,gripper_r_finger1,yup_snapshot,1,1,1.153560,0.897462,0.118923,0.821479,-0.328201,0.164649,-0.436288,1.050857,0.155351,-1.252401,1,0.000000,0.000000,0.000000,0.000000,0.000000,0.000000,0,0,0.000000,0.000000,0.000000,0.000000,0.000000,0.000000,0,0,0.000000,0.000000,0.000000,0.000000,0.000000,0.000000,0,0,0.000000,0.000000,0.000000,0.000000,0.000000,0.000000,0,0
42,0.840000,6,gripper_r_finger2,yup_snapshot,1,1,1.283072,0.930641,0.058307,0.436218,0.164473,0.328295,0.821514,1.050658,0.155483,-1.252624,1,0.000000,0.000000,0.000000,0.000000,0.000000,0.000000,0,0,0.000000,0.000000,0.000000,0.000000,0.000000,0.000000,0,0,0.000000,0.000000,0.000000,0.000000,0.000000,0.000000,0,0,0.000000,0.000000,0.000000,0.000000,0.000000,0.000000,0,0
43,0.860000,0,base,yup_snapshot,0,0,0.000000,0.000000,0.000000,1.000000,0.000000,0.000000,0.000000,0.000000,0.000000,0.000000,0,0.000000,0.000000,0.000000,0.000000,0.000000,0.000000,0,0,0.000000,0.000000,0.000000,0.000000,0.000000,0.000000,0,0,0.000000,0.000000,0.000000,0.000000,0.000000,0.000000,0,0,0.000000,0.000000,0.000000,0.000000,0.000000,0.000000,0,0
43,0.860000,1,gripper_l_palm,yup_snapshot,1,1,-1.131875,0.989405,0.348119,0.641517,-0.526247,-0.486057,-0.274349,1.235565,0.252342,1.886862,1,0.000000,0.000000,0.000000,0.000000,0.000000,0.000000,0,0,0.000000,0.000000,0.000000,0.000000,0.000000,0.000000,0,0,0.000000,0.000000,0.000000,0.000000,0.000000,0.000000,0,0,0.000000,0.000000,0.000000,0.000000,0.000000,0.000000,0,0
43,0.860000,2,gripper_l_finger1,yup_snapshot,1,1,-1.369485,1.037540,0.370891,0.825719,0.081513,-0.537712,0.149698,1.235512,0.252193,1.886866,1,0.000000,0.000000,0.000000,0.000000,0.000000,0.000000,0,0,0.000000,0.000000,0.000000,0.000000,0.000000,0.000000,0,0,0.000000,0.000000,0.000000,0.000000,0.000000,0.000000,0,0,0.000000,0.000000,0.000000,0.000000,0.000000,0.000000,0,0
43,0.860000,3,gripper_l_finger2,yup_snapshot,1,1,-1.276245,1.013492,0.361548,-0.149707,-0.537618,-0.081495,0.825781,1.235789,0.252971,1.886844,1,0.000000,0.000000,0.000000,0.000000,0.000000,0.000000,0,0,0.000000,0.000000,0.000000,0.000000,0.000000,0.000000,0,0,0.000000,0.000000,0.000000,0.000000,0.000000,0.000000,0,0,0.000000,0.000000,0.000000,0.000000,0.000000,0.000000,0,0
43,0.860000,4,gripper_r_palm,yup_snapshot,1,1,1.062663,0.963339,0.112634,-0.359830,0.813944,-0.416613,0.185613,0.916183,0.256913,-1.065341,1,0.000000,0.000000,0.000000,0.000000,0.000000,0.000000,0,0,0.000000,0.000000,0.000000,0.000000,0.000000,0.000000,0,0,0.000000,0.000000,0.000000,0.000000,0.000000,0.000000,0,0,0.000000,0.000000,0.000000,0.000000,0.000000,0.000000,0,0
43,0.860000,5,gripper_r_finger1,yup_snapshot,1,1,1.151396,0.904666,0.122374,0.829960,-0.321046,0.163459,-0.425884,0.916275,0.256847,-1.065238,1,0.000000,0.000000,0.000000,0.000000,0.000000,0.000000,0,0,0.000000,0.000000,0.000000,0.000000,0.000000,0.000000,0,0,0.000000,0.000000,0.000000,0.000000,0.000000,0.000000,0,0,0.000000,0.000000,0.000000,0.000000,0.000000,0.000000,0,0
43,0.860000,6,gripper_r_finger2,yup_snapshot,1,1,1.282693,0.936030,0.062962,0.425814,0.163279,0.321139,0.829995,0.916071,0.256993,-1.065466,1,0.000000,0.000000,0.000000,0.000000,0.000000,0.000000,0,0,0.000000,0.000000,0.000000,0.000000,0.000000,0.000000,0,0,0.000000,0.000000,0.000000,0.000000,0.000000,0.000000,0,0,0.000000,0.000000,0.000000,0.000000,0.000000,0.000000,0,0
44,0.880000,0,base,yup_snapshot,0,0,0.000000,0.000000,0.000000,1.000000,0.000000,0.000000,0.000000,0.000000,0.000000,0.000000,0,0.000000,0.000000,0.000000,0.000000,0.000000,0.000000,0,0,0.000000,0.000000,0.000000,0.000000,0.000000,0.000000,0,0,0.000000,0.000000,0.000000,0.000000,0.000000,0.000000,0,0,0.000000,0.000000,0.000000,0.000000,0.000000,0.000000,0,0
44,0.880000,1,gripper_l_palm,yup_snapshot,1,1,-1.136357,0.969712,0.352094,0.641578,-0.526850,-0.473378,-0.294482,1.216300,0.297029,2.040826,1,0.000000,0.000000,0.000000,0.000000,0.000000,0.000000,0,0,0.000000,0.000000,0.000000,0.000000,0.000000,0.000000,0,0,0.000000,0.000000,0.000000,0.000000,0.000000,0.000000,0,0,0.000000,0.000000,0.000000,0.000000,0.000000,0.000000,0,0
44,0.880000,2,gripper_l_finger1,yup_snapshot,1,1,-1.375884,1.013224,0.376639,0.826187,0.081129,-0.542984,0.126496,1.216238,0.296831,2.040827,1,0.000000,0.000000,0.000000,0.000000,0.000000,0.000000,0,0,0.000000,0.000000,0.000000,0.000000,0.000000,0.000000,0,0,0.000000,0.000000,0.000000,0.000000,0.000000,0.000000,0,0,0.000000,0.000000,0.000000,0.000000,0.000000,0.000000,0,0
44,0.880000,3,gripper_l_finger2,yup_snapshot,1,1,-1.281815,0.992875,0.366335,-0.126506,-0.542887,-0.081114,0.826251,1.216626,0.298075,2.040823,1,0.000000,0.000000,0.000000,0.000000,0.000000,0.000000,0,0,0.000000,0.000000,0.000000,0.000000,0.000000,0.000000,0,0,0.000000,0.000000,0.000000,0.000000,0.000000,0.000000,0,0,0.000000,0.000000,0.000000,0.000000,0.000000,0.000000,0,0
44,0.880000,4,gripper_r_palm,yup_snapshot,1,1,1.062512,0.968583,0.117018,-0.369797,0.814368,-0.409030,0.180968,0.768126,0.321510,-0.939339,1,0.000000,0.000000,0.000000,0.000000,0.000000,0.000000,0,0,0.000000,0.000000,0.000000,0.000000,0.000000,0.000000,0,0,0.000000,0.000000,0.000000,0.000000,0.000000,0.000000,0,0,0.000000,0.000000,0.000000,0.000000,0.000000,0.000000,0,0
44,0.880000,5,gripper_r_finger1,yup_snapshot,1,1,1.149071,0.910950,0.125206,0.837308,-0.314299,0.161385,-0.417237,0.768209,0.321446,-0.939247,1,0.000000,0.000000,0.000000,0.000000,0.000000,0.000000,0,0,0.000000,0.000000,0.000000,0.000000,0.000000,0.000000,0,0,0.000000,0.000000,0.000000,0.000000,0.000000,0.000000,0,0,0.000000,0.000000,0.000000,0.000000,0.000000,0.000000,0,0
44,0.880000,6,gripper_r_finger2,yup_snapshot,1,1,1.281904,0.940699,0.066622,0.417167,0.161200,0.314391,0.837343,0.768036,0.321578,-0.939438,1,0.000000,0.000000,0.000000,0.000000,0.000000,0.000000,0,0,0.000000,0.000000,0.000000,0.000000,0.000000,0.000000,0,0,0.000000,0.000000,0.000000,0.000000,0.000000,0.000000,0,0,0.000000,0.000000,0.000000,0.000000,0.000000,0.000000,0,0
45,0.900000,0,base,yup_snapshot,0,0,0.000000,0.000000,0.000000,1.000000,0.000000,0.000000,0.000000,0.000000,0.000000,0.000000,0,0.000000,0.000000,0.000000,0.000000,0.000000,0.000000,0,0,0.000000,0.000000,0.000000,0.000000,0.000000,0.000000,0,0,0.000000,0.000000,0.000000,0.000000,0.000000,0.000000,0,0,0.000000,0.000000,0.000000,0.000000,0.000000,0.000000,0,0
45,0.900000,1,gripper_l_palm,yup_snapshot,1,1,-1.140481,0.947921,0.355317,0.640490,-0.527853,-0.459715,-0.315921,1.210554,0.349735,2.255100,1,0.000000,0.000000,0.000000,0.000000,0.000000,0.000000,0,0,0.000000,0.000000,0.000000,0.000000,0.000000,0.000000,0,0,0.000000,0.000000,0.000000,0.000000,0.000000,0.000000,0,0,0.000000,0.000000,0.000000,0.000000,0.000000,0.000000,0,0
45,0.900000,2,gripper_l_finger1,yup_snapshot,1,1,-1.381884,0.986243,0.381634,0.826125,0.079650,-0.548485,0.101675,1.210480,0.349458,2.255095,1,0.000000,0.000000,0.000000,0.000000,0.000000,0.000000,0,0,0.000000,0.000000,0.000000,0.000000,0.000000,0.000000,0,0,0.000000,0.000000,0.000000,0.000000,0.000000,0.000000,0,0,0.000000,0.000000,0.000000,0.000000,0.000000,0.000000,0,0
45,0.900000,3,gripper_l_finger2,yup_snapshot,1,1,-1.287127,0.969781,0.370430,-0.101684,-0.548384,-0.079637,0.826192,1.210868,0.350924,2.255125,1,0.000000,0.000000,0.000000,0.000000,0.000000,0.000000,0,0,0.000000,0.000000,0.000000,0.000000,0.000000,0.000000,0,0,0.000000,0.000000,0.000000,0.000000,0.000000,0.000000,0,0,0.000000,0.000000,0.000000,0.000000,0.000000,0.000000,0,0
45,0.900000,4,gripper_r_palm,yup_snapshot,1,1,1.062375,0.972715,0.120991,-0.378312,0.814838,-0.401729,0.177575,0.592626,0.333025,-0.867799,1,0.000000,0.000000,0.000000,0.000000,0.000000,0.000000,0,0,0.000000,0.000000,0.000000,0.000000,0.000000,0.000000,0,0,0.000000,0.000000,0.000000,0.000000,0.000000,0.000000,0,0,0.000000,0.000000,0.000000,0.000000,0.000000,0.000000,0,0
45,0.900000,5,gripper_r_finger1,yup_snapshot,1,1,1.146863,0.915923,0.127910,0.843662,-0.308611,0.158623,-0.409674,0.592702,0.332964,-0.867714,1,0.000000,0.000000,0.000000,0.000000,0.000000,0.000000,0,0,0.000000,0.000000,0.000000,0.000000,0.000000,0.000000,0,0,0.000000,0.000000,0.000000,0.000000,0.000000,0.000000,0,0,0.000000,0.000000,0.000000,0.000000,0.000000,0.000000,0,0
45,0.900000,6,gripper_r_finger2,yup_snapshot,1,1,1.281079,0.944197,0.069832,0.409605,0.158435,0.308703,0.843697,0.592566,0.333073,-0.867864,1,0.000000,0.000000,0.000000,0.000000,0.000000,0.000000,0,0,0.000000,0.000000,0.000000,0.000000,0.000000,0.000000,0,0,0.000000,0.000000,0.000000,0.000000,0.000000,0.000000,0,0,0.000000,0.000000,0.000000,0.000000,0.000000,0.000000,0,0
46,0.920000,0,base,yup_snapshot,0,0,0.000000,0.000000,0.000000,1.000000,0.000000,0.000000,0.000000,0.000000,0.000000,0.000000,0,0.000000,0.000000,0.000000,0.000000,0.000000,0.000000,0,0,0.000000,0.000000,0.000000,0.000000,0.000000,0.000000,0,0,0.000000,0.000000,0.000000,0.000000,0.000000,0.000000,0,0,0.000000,0.000000,0.000000,0.000000,0.000000,0.000000,0,0
46,0.920000,1,gripper_l_palm,yup_snapshot,1,1,-1.144126,0.923207,0.357709,0.638035,-0.529251,-0.444667,-0.339228,1.227477,0.415062,2.582466,1,0.000000,0.000000,0.000000,0.000000,0.000000,0.000000,0,0,0.000000,0.000000,0.000000,0.000000,0.000000,0.000000,0,0,0.000000,0.000000,0.000000,0.000000,0.000000,0.000000,0,0,0.000000,0.000000,0.000000,0.000000,0.000000,0.000000,0,0
46,0.920000,2,gripper_l_finger1,yup_snapshot,1,1,-1.387339,0.955600,0.385836,0.825374,0.076925,-0.554331,0.074554,1.227404,0.414720,2.582451,1,0.000000,0.000000,0.000000,0.000000,0.000000,0.000000,0,0,0.000000,0.000000,0.000000,0.000000,0.000000,0.000000,0,0,0.000000,0.000000,0.000000,0.000000,0.000000,0.000000,0,0,0.000000,0.000000,0.000000,0.000000,0.000000,0.000000,0,0
46,0.920000,3,gripper_l_finger2,yup_snapshot,1,1,-1.292070,0.943310,0.373775,-0.074564,-0.554222,-0.076915,0.825447,1.227860,0.416858,2.582548,1,0.000000,0.000000,0.000000,0.000000,0.000000,0.000000,0,0,0.000000,0.000000,0.000000,0.000000,0.000000,0.000000,0,0,0.000000,0.000000,0.000000,0.000000,0.000000,0.000000,0,0,0.000000,0.000000,0.000000,0.000000,0.000000,0.000000,0,0
46,0.920000,4,gripper_r_palm,yup_snapshot,1,1,1.062378,0.975641,0.124752,-0.385220,0.815726,-0.394400,0.175055,0.409759,0.328983,-0.843695,1,0.000000,0.000000,0.000000,0.000000,0.000000,0.000000,0,0,0.000000,0.000000,0.000000,0.000000,0.000000,0.000000,0,0,0.000000,0.000000,0.000000,0.000000,0.000000,0.000000,0,0,0.000000,0.000000,0.000000,0.000000,0.000000,0.000000,0,0
46,0.920000,5,gripper_r_finger1,yup_snapshot,1,1,1.144868,0.919416,0.130718,0.849175,-0.304355,0.155224,-0.402710,0.409784,0.328963,-0.843668,1,0.000000,0.000000,0.000000,0.000000,0.000000,0.000000,0,0,0.000000,0.000000,0.000000,0.000000,0.000000,0.000000,0,0,0.000000,0.000000,0.000000,0.000000,0.000000,0.000000,0,0,0.000000,0.000000,0.000000,0.000000,0.000000,0.000000,0,0
46,0.920000,6,gripper_r_finger2,yup_snapshot,1,1,1.280383,0.946299,0.072858,0.402642,0.155034,0.304446,0.849210,0.409704,0.329029,-0.843755,1,0.000000,0.000000,0.000000,0.000000,0.000000,0.000000,0,0,0.000000,0.000000,0.000000,0.000000,0.000000,0.000000,0,0,0.000000,0.000000,0.000000,0.000000,0.000000,0.000000,0,0,0.000000,0.000000,0.000000,0.000000,0.000000,0.000000,0,0
47,0.940000,0,base,yup_snapshot,0,0,0.000000,0.000000,0.000000,1.000000,0.000000,0.000000,0.000000,0.000000,0.000000,0.000000,0,0.000000,0.000000,0.000000,0.000000,0.000000,0.000000,0,0,0.000000,0.000000,0.000000,0.000000,0.000000,0.000000,0,0,0.000000,0.000000,0.000000,0.000000,0.000000,0.000000,0,0,0.000000,0.000000,0.000000,0.000000,0.000000,0.000000,0,0
47,0.940000,1,gripper_l_palm,yup_snapshot,1,1,-1.147005,0.893857,0.359074,0.634402,-0.530152,-0.428857,-0.364080,1.276816,0.528751,2.739884,1,0.000000,0.000000,0.000000,0.000000,0.000000,0.000000,0,0,0.000000,0.000000,0.000000,0.000000,0.000000,0.000000,0,0,0.000000,0.000000,0.000000,0.000000,0.000000,0.000000,0,0,0.000000,0.000000,0.000000,0.000000,0.000000,0.000000,0,0
47,0.940000,2,gripper_l_finger1,yup_snapshot,1,1,-1.391802,0.919800,0.389147,0.823433,0.073719,-0.560737,0.045800,1.276760,0.528400,2.739859,1,0.000000,0.000000,0.000000,0.000000,0.000000,0.000000,0,0,0.000000,0.000000,0.000000,0.000000,0.000000,0.000000,0,0,0.000000,0.000000,0.000000,0.000000,0.000000,0.000000,0,0,0.000000,0.000000,0.000000,0.000000,0.000000,0.000000,0,0
47,0.940000,3,gripper_l_finger2,yup_snapshot,1,1,-1.296371,0.911951,0.376245,-0.045811,-0.560612,-0.073712,0.823518,1.277129,0.530695,2.740023,1,0.000000,0.000000,0.000000,0.000000,0.000000,0.000000,0,0,0.000000,0.000000,0.000000,0.000000,0.000000,0.000000,0,0,0.000000,0.000000,0.000000,0.000000,0.000000,0.000000,0,0,0.000000,0.000000,0.000000,0.000000,0.000000,0.000000,0,0
47,0.940000,4,gripper_r_palm,yup_snapshot,1,1,1.062541,0.977434,0.128410,-0.390621,0.817214,-0.386748,0.173211,0.239256,0.330218,-0.855074,1,0.000000,0.000000,0.000000,0.000000,0.000000,0.000000,0,0,0.000000,0.000000,0.000000,0.000000,0.000000,0.000000,0,0,0.000000,0.000000,0.000000,0.000000,0.000000,0.000000,0,0,0.000000,0.000000,0.000000,0.000000,0.000000,0.000000,0,0
47,0.940000,5,gripper_r_finger1,yup_snapshot,1,1,1.143043,0.921480,0.133728,0.854046,-0.301589,0.151118,-0.395995,0.239272,0.330204,-0.855057,1,0.000000,0.000000,0.000000,0.000000,0.000000,0.000000,0,0,0.000000,0.000000,0.000000,0.000000,0.000000,0.000000,0,0,0.000000,0.000000,0.000000,0.000000,0.000000,0.000000,0,0,0.000000,0.000000,0.000000,0.000000,0.000000,0.000000,0,0
47,0.940000,6,gripper_r_finger2,yup_snapshot,1,1,1.279829,0.947000,0.075819,0.395927,0.150926,0.301678,0.854080,0.239221,0.330248,-0.855111,1,0.000000,0.000000,0.000000,0.000000,0.000000,0.000000,0,0,0.000000,0.000000,0.000000,0.000000,0.000000,0.000000,0,0,0.000000,0.000000,0.000000,0.000000,0.000000,0.000000,0,0,0.000000,0.000000,0.000000,0.000000,0.000000,0.000000,0,0
48,0.960000,0,base,yup_snapshot,0,0,0.000000,0.000000,0.000000,1.000000,0.000000,0.000000,0.000000,0.000000,0.000000,0.000000,0,0.000000,0.000000,0.000000,0.000000,0.000000,0.000000,0,0,0.000000,0.000000,0.000000,0.000000,0.000000,0.000000,0,0,0.000000,0.000000,0.000000,0.000000,0.000000,0.000000,0,0,0.000000,0.000000,0.000000,0.000000,0.000000,0.000000,0,0
48,0.960000,1,gripper_l_palm,yup_snapshot,1,1,-1.148381,0.856529,0.358940,0.629930,-0.529044,-0.415415,-0.388240,1.214971,0.769360,2.451092,1,0.000000,0.000000,0.000000,0.000000,0.000000,0.000000,0,0,0.000000,0.000000,0.000000,0.000000,0.000000,0.000000,0,0,0.000000,0.000000,0.000000,0.000000,0.000000,0.000000,0,0,0.000000,0.000000,0.000000,0.000000,0.000000,0.000000,0,0
48,0.960000,2,gripper_l_finger1,yup_snapshot,1,1,-1.394273,0.876452,0.391329,0.819476,0.071338,-0.568332,0.019210,1.214883,0.768585,2.451017,1,0.000000,0.000000,0.000000,0.000000,0.000000,0.000000,0,0,0.000000,0.000000,0.000000,0.000000,0.000000,0.000000,0,0,0.000000,0.000000,0.000000,0.000000,0.000000,0.000000,0,0,0.000000,0.000000,0.000000,0.000000,0.000000,0.000000,0,0
48,0.960000,3,gripper_l_finger2,yup_snapshot,1,1,-1.299407,0.872838,0.377566,-0.019222,-0.568192,-0.071335,0.819573,1.215169,0.771100,2.451259,1,0.000000,0.000000,0.000000,0.000000,0.000000,0.000000,0,0,0.000000,0.000000,0.000000,0.000000,0.000000,0.000000,0,0,0.000000,0.000000,0.000000,0.000000,0.000000,0.000000,0,0,0.000000,0.000000,0.000000,0.000000,0.000000,0.000000,0,0
48,0.960000,4,gripper_r_palm,yup_snapshot,1,1,1.062835,0.978268,0.132036,-0.394755,0.819336,-0.378561,0.171900,0.094242,0.339575,-0.887989,1,0.000000,0.000000,0.000000,0.000000,0.000000,0.000000,0,0,0.000000,0.000000,0.000000,0.000000,0.000000,0.000000,0,0,0.000000,0.000000,0.000000,0.000000,0.000000,0.000000,0,0,0.000000,0.000000,0.000000,0.000000,0.000000,0.000000,0,0
48,0.960000,5,gripper_r_finger1,yup_snapshot,1,1,1.141299,0.922311,0.136971,0.858470,-0.300167,0.146257,-0.389278,0.094267,0.339553,-0.887963,1,0.000000,0.000000,0.000000,0.000000,0.000000,0.000000,0,0,0.000000,0.000000,0.000000,0.000000,0.000000,0.000000,0,0,0.000000,0.000000,0.000000,0.000000,0.000000,0.000000,0,0,0.000000,0.000000,0.000000,0.000000,0.000000,0.000000,0,0
48,0.960000,6,gripper_r_finger2,yup_snapshot,1,1,1.279369,0.946451,0.078772,0.389210,0.146063,0.300255,0.858503,0.094214,0.339600,-0.888020,1,0.000000,0.000000,0.000000,0.000000,0.000000,0.000000,0,0,0.000000,0.000000,0.000000,0.000000,0.000000,0.000000,0,0,0.000000,0.000000,0.000000,0.000000,0.000000,0.000000,0,0,0.000000,0.000000,0.000000,0.000000,0.000000,0.000000,0,0
49,0.980000,0,base,yup_snapshot,0,0,0.000000,0.000000,0.000000,1.000000,0.000000,0.000000,0.000000,0.000000,0.000000,0.000000,0,0.000000,0.000000,0.000000,0.000000,0.000000,0.000000,0,0,0.000000,0.000000,0.000000,0.000000,0.000000,0.000000,0,0,0.000000,0.000000,0.000000,0.000000,0.000000,0.000000,0,0,0.000000,0.000000,0.000000,0.000000,0.000000,0.000000,0,0
49,0.980000,1,gripper_l_palm,yup_snapshot,1,1,-1.147482,0.811539,0.357562,0.618336,-0.534480,-0.406178,-0.408670,0.111226,0.652496,2.854802,1,0.000000,0.000000,0.000000,0.000000,0.000000,0.000000,0,0,0.000000,0.000000,0.000000,0.000000,0.000000,0.000000,0,0,0.000000,0.000000,0.000000,0.000000,0.000000,0.000000,0,0,0.000000,0.000000,0.000000,0.000000,0.000000,0.000000,0,0
49,0.980000,2,gripper_l_finger1,yup_snapshot,1,1,-1.394168,0.825335,0.391949,0.815143,0.059295,-0.576214,-0.001764,0.111133,0.651098,2.854663,1,0.000000,0.000000,0.000000,0.000000,0.000000,0.000000,0,0,0.000000,0.000000,0.000000,0.000000,0.000000,0.000000,0,0,0.000000,0.000000,0.000000,0.000000,0.000000,0.000000,0,0,0.000000,0.000000,0.000000,0.000000,0.000000,0.000000,0,0
49,0.980000,3,gripper_l_finger2,yup_snapshot,1,1,-1.300220,0.823851,0.377618,0.001756,-0.576112,-0.059295,0.815216,0.111239,0.652701,2.854822,1,0.000000,0.000000,0.000000,0.000000,0.000000,0.000000,0,0,0.000000,0.000000,0.000000,0.000000,0.000000,0.000000,0,0,0.000000,0.000000,0.000000,0.000000,0.000000,0.000000,0,0,0.000000,0.000000,0.000000,0.000000,0.000000,0.000000,0,0
49,0.980000,4,gripper_r_palm,yup_snapshot,1,1,1.063244,0.978330,0.135708,-0.397884,0.822099,-0.369688,0.170797,-0.017840,0.335865,-0.945226,1,0.000000,0.000000,0.000000,0.000000,0.000000,0.000000,0,0,0.000000,0.000000,0.000000,0.000000,0.000000,0.000000,0,0,0.000000,0.000000,0.000000,0.000000,0.000000,0.000000,0,0,0.000000,0.000000,0.000000,0.000000,0.000000,0.000000,0,0
49,0.980000,5,gripper_r_finger1,yup_snapshot,1,1,1.139587,0.922147,0.140479,0.862638,-0.299910,0.140763,-0.382225,-0.017900,0.335920,-0.945291,1,0.000000,0.000000,0.000000,0.000000,0.000000,0.000000,0,0,0.000000,0.000000,0.000000,0.000000,0.000000,0.000000,0,0,0.000000,0.000000,0.000000,0.000000,0.000000,0.000000,0,0,0.000000,0.000000,0.000000,0.000000,0.000000,0.000000,0,0
49,0.980000,6,gripper_r_finger2,yup_snapshot,1,1,1.278986,0.944831,0.081814,0.382157,0.140568,0.299997,0.862670,-0.017779,0.335810,-0.945160,1,0.000000,0.000000,0.000000,0.000000,0.000000,0.000000,0,0,0.000000,0.000000,0.000000,0.000000,0.000000,0.000000,0,0,0.000000,0.000000,0.000000,0.000000,0.000000,0.000000,0,0,0.000000,0.000000,0.000000,0.000000,0.000000,0.000000,0,0
50,1.000000,0,base,yup_snapshot,0,0,0.000000,0.000000,0.000000,1.000000,0.000000,0.000000,0.000000,0.000000,0.000000,0.000000,0,0.000000,0.000000,0.000000,0.000000,0.000000,0.000000,0,0,0.000000,0.000000,0.000000,0.000000,0.000000,0.000000,0,0,0.000000,0.000000,0.000000,0.000000,0.000000,0.000000,0,0,0.000000,0.000000,0.000000,0.000000,0.000000,0.000000,0,0
50,1.000000,1,gripper_l_palm,yup_snapshot,1,1,-1.144107,0.767427,0.357190,0.595253,-0.555213,-0.390862,-0.429697,-1.071625,0.128001,4.000162,1,0.000000,0.000000,0.000000,0.000000,0.000000,0.000000,0,0,0.000000,0.000000,0.000000,0.000000,0.000000,0.000000,0,0,0.000000,0.000000,0.000000,0.000000,0.000000,0.000000,0,0,0.000000,0.000000,0.000000,0.000000,0.000000,0.000000,0,0
50,1.000000,2,gripper_l_finger1,yup_snapshot,1,1,-1.391630,0.771707,0.392006,0.813479,0.028311,-0.580255,-0.027461,-1.071639,0.129197,4.000256,1,0.000000,0.000000,0.000000,0.000000,0.000000,0.000000,0,0,0.000000,0.000000,0.000000,0.000000,0.000000,0.000000,0,0,0.000000,0.000000,0.000000,0.000000,0.000000,0.000000,0,0,0.000000,0.000000,0.000000,0.000000,0.000000,0.000000,0,0
50,1.000000,3,gripper_l_finger2,yup_snapshot,1,1,-1.297385,0.770796,0.377715,0.027457,-0.580124,-0.028316,0.813573,-1.071631,0.128527,4.000203,1,0.000000,0.000000,0.000000,0.000000,0.000000,0.000000,0,0,0.000000,0.000000,0.000000,0.000000,0.000000,0.000000,0,0,0.000000,0.000000,0.000000,0.000000,0.000000,0.000000,0,0,0.000000,0.000000,0.000000,0.000000,0.000000,0.000000,0,0
50,1.000000,4,gripper_r_palm,yup_snapshot,1,1,1.063742,0.977794,0.139475,-0.400295,0.825352,-0.360171,0.169807,-0.095828,0.338110,-0.997061,1,0.000000,0.000000,0.000000,0.000000,0.000000,0.000000,0,0,0.000000,0.000000,0.000000,0.000000,0.000000,0.000000,0,0,0.000000,0.000000,0.000000,0.000000,0.000000,0.000000,0,0,0.000000,0.000000,0.000000,0.000000,0.000000,0.000000,0,0
50,1.000000,5,gripper_r_finger1,yup_snapshot,1,1,1.137871,0.921230,0.144246,0.866644,-0.300506,0.134734,-0.374795,-0.095870,0.338150,-0.997107,1,0.000000,0.000000,0.000000,0.000000,0.000000,0.000000,0,0,0.000000,0.000000,0.000000,0.000000,0.000000,0.000000,0,0,0.000000,0.000000,0.000000,0.000000,0.000000,0.000000,0,0,0.000000,0.000000,0.000000,0.000000,0.000000,0.000000,0,0
50,1.000000,6,gripper_r_finger2,yup_snapshot,1,1,1.278638,0.942372,0.084982,0.374727,0.134538,0.300591,0.866674,-0.095757,0.338043,-0.996984,1,0.000000,0.000000,0.000000,0.000000,0.000000,0.000000,0,0,0.000000,0.000000,0.000000,0.000000,0.000000,0.000000,0,0,0.000000,0.000000,0.000000,0.000000,0.000000,0.000000,0,0,0.000000,0.000000,0.000000,0.000000,0.000000,0.000000,0,0
51,1.019999,0,base,yup_snapshot,0,0,0.000000,0.000000,0.000000,1.000000,0.000000,0.000000,0.000000,0.000000,0.000000,0.000000,0,0.000000,0.000000,0.000000,0.000000,0.000000,0.000000,0,0,0.000000,0.000000,0.000000,0.000000,0.000000,0.000000,0,0,0.000000,0.000000,0.000000,0.000000,0.000000,0.000000,0,0,0.000000,0.000000,0.000000,0.000000,0.000000,0.000000,0,0
51,1.019999,1,gripper_l_palm,yup_snapshot,1,1,-1.139696,0.734149,0.358748,0.572517,-0.576673,-0.377400,-0.444119,-1.286563,-0.031660,2.765114,1,0.000000,0.000000,0.000000,0.000000,0.000000,0.000000,0,0,0.000000,0.000000,0.000000,0.000000,0.000000,0.000000,0,0,0.000000,0.000000,0.000000,0.000000,0.000000,0.000000,0,0,0.000000,0.000000,0.000000,0.000000,0.000000,0.000000,0,0
51,1.019999,2,gripper_l_finger1,yup_snapshot,1,1,-1.387403,0.730168,0.393407,0.812570,-0.002941,-0.580944,-0.047177,-1.286775,-0.029022,2.765247,1,0.000000,0.000000,0.000000,0.000000,0.000000,0.000000,0,0,0.000000,0.000000,0.000000,0.000000,0.000000,0.000000,0,0,0.000000,0.000000,0.000000,0.000000,0.000000,0.000000,0,0,0.000000,0.000000,0.000000,0.000000,0.000000,0.000000,0,0
51,1.019999,3,gripper_l_finger2,yup_snapshot,1,1,-1.292380,0.728847,0.379427,0.047177,-0.580796,0.002933,0.812675,-1.286671,-0.030310,2.765182,1,0.000000,0.000000,0.000000,0.000000,0.000000,0.000000,0,0,0.000000,0.000000,0.000000,0.000000,0.000000,0.000000,0,0,0.000000,0.000000,0.000000,0.000000,0.000000,0.000000,0,0,0.000000,0.000000,0.000000,0.000000,0.000000,0.000000,0,0
51,1.019999,4,gripper_r_palm,yup_snapshot,1,1,1.064304,0.976813,0.143362,-0.402248,0.828926,-0.350098,0.168847,-0.143023,0.341458,-1.041622,1,0.000000,0.000000,0.000000,0.000000,0.000000,0.000000,0,0,0.000000,0.000000,0.000000,0.000000,0.000000,0.000000,0,0,0.000000,0.000000,0.000000,0.000000,0.000000,0.000000,0,0,0.000000,0.000000,0.000000,0.000000,0.000000,0.000000,0,0
51,1.019999,5,gripper_r_finger1,yup_snapshot,1,1,1.136128,0.919784,0.148247,0.870553,-0.301653,0.128291,-0.366994,-0.143079,0.341513,-1.041684,1,0.000000,0.000000,0.000000,0.000000,0.000000,0.000000,0,0,0.000000,0.000000,0.000000,0.000000,0.000000,0.000000,0,0,0.000000,0.000000,0.000000,0.000000,0.000000,0.000000,0,0,0.000000,0.000000,0.000000,0.000000,0.000000,0.000000,0,0
51,1.019999,6,gripper_r_finger2,yup_snapshot,1,1,1.278290,0.939292,0.088295,0.366926,0.128094,0.301736,0.870582,-0.142951,0.341388,-1.041543,1,0.000000,0.000000,0.000000,0.000000,0.000000,0.000000,0,0,0.000000,0.000000,0.000000,0.000000,0.000000,0.000000,0,0,0.000000,0.000000,0.000000,0.000000,0.000000,0.000000,0,0,0.000000,0.000000,0.000000,0.000000,0.000000,0.000000,0,0
52,1.039999,0,base,yup_snapshot,0,0,0.000000,0.000000,0.000000,1.000000,0.000000,0.000000,0.000000,0.000000,0.000000,0.000000,0,0.000000,0.000000,0.000000,0.000000,0.000000,0.000000,0,0,0.000000,0.000000,0.000000,0.000000,0.000000,0.000000,0,0,0.000000,0.000000,0.000000,0.000000,0.000000,0.000000,0,0,0.000000,0.000000,0.000000,0.000000,0.000000,0.000000,0,0
52,1.039999,1,gripper_l_palm,yup_snapshot,1,1,-1.136557,0.715533,0.361748,0.554928,-0.593541,-0.371277,-0.449352,-1.387124,-0.074161,1.472479,1,0.000000,0.000000,0.000000,0.000000,0.000000,0.000000,0,0,0.000000,0.000000,0.000000,0.000000,0.000000,0.000000,0,0,0.000000,0.000000,0.000000,0.000000,0.000000,0.000000,0,0,0.000000,0.000000,0.000000,0.000000,0.000000,0.000000,0,0
52,1.039999,2,gripper_l_finger1,yup_snapshot,1,1,-1.384129,0.706699,0.396192,0.812056,-0.027307,-0.580321,-0.055206,-1.387476,-0.071284,1.472536,1,0.000000,0.000000,0.000000,0.000000,0.000000,0.000000,0,0,0.000000,0.000000,0.000000,0.000000,0.000000,0.000000,0,0,0.000000,0.000000,0.000000,0.000000,0.000000,0.000000,0,0,0.000000,0.000000,0.000000,0.000000,0.000000,0.000000,0,0
52,1.039999,3,gripper_l_finger2,yup_snapshot,1,1,-1.288377,0.703879,0.382645,0.055211,-0.580166,0.027297,0.812167,-1.387283,-0.072855,1.472504,1,0.000000,0.000000,0.000000,0.000000,0.000000,0.000000,0,0,0.000000,0.000000,0.000000,0.000000,0.000000,0.000000,0,0,0.000000,0.000000,0.000000,0.000000,0.000000,0.000000,0,0,0.000000,0.000000,0.000000,0.000000,0.000000,0.000000,0,0
52,1.039999,4,gripper_r_palm,yup_snapshot,1,1,1.064913,0.975513,0.147388,-0.403961,0.832665,-0.339581,0.167838,-0.162762,0.344001,-1.078549,1,0.000000,0.000000,0.000000,0.000000,0.000000,0.000000,0,0,0.000000,0.000000,0.000000,0.000000,0.000000,0.000000,0,0,0.000000,0.000000,0.000000,0.000000,0.000000,0.000000,0,0,0.000000,0.000000,0.000000,0.000000,0.000000,0.000000,0,0
52,1.039999,5,gripper_r_finger1,yup_snapshot,1,1,1.134353,0.917999,0.152457,0.874409,-0.303087,0.121568,-0.358844,-0.162818,0.344057,-1.078611,1,0.000000,0.000000,0.000000,0.000000,0.000000,0.000000,0,0,0.000000,0.000000,0.000000,0.000000,0.000000,0.000000,0,0,0.000000,0.000000,0.000000,0.000000,0.000000,0.000000,0,0,0.000000,0.000000,0.000000,0.000000,0.000000,0.000000,0,0
52,1.039999,6,gripper_r_finger2,yup_snapshot,1,1,1.277922,0.935783,0.091766,0.358775,0.121370,0.303168,0.874436,-0.162694,0.343932,-1.078473,1,0.000000,0.000000,0.000000,0.000000,0.000000,0.000000,0,0,0.000000,0.000000,0.000000,0.000000,0.000000,0.000000,0,0,0.000000,0.000000,0.000000,0.000000,0.000000,0.000000,0,0,0.000000,0.000000,0.000000,0.000000,0.000000,0.000000,0,0
53,1.059999,0,base,yup_snapshot,0,0,0.000000,0.000000,0.000000,1.000000,0.000000,0.000000,0.000000,0.000000,0.000000,0.000000,0,0.000000,0.000000,0.000000,0.000000,0.000000,0.000000,0,0,0.000000,0.000000,0.000000,0.000000,0.000000,0.000000,0,0,0.000000,0.000000,0.000000,0.000000,0.000000,0.000000,0,0,0.000000,0.000000,0.000000,0.000000,0.000000,0.000000,0,0
53,1.059999,1,gripper_l_palm,yup_snapshot,1,1,-1.135518,0.709428,0.365226,0.542248,-0.605699,-0.371936,-0.448061,-1.385594,-0.030267,0.456095,1,0.000000,0.000000,0.000000,0.000000,0.000000,0.000000,0,0,0.000000,0.000000,0.000000,0.000000,0.000000,0.000000,0,0,0.000000,0.000000,0.000000,0.000000,0.000000,0.000000,0,0,0.000000,0.000000,0.000000,0.000000,0.000000,0.000000,0,0
53,1.059999,2,gripper_l_finger1,yup_snapshot,1,1,-1.382979,0.698645,0.399605,0.811676,-0.044871,-0.579889,-0.053825,-1.386021,-0.027233,0.456063,1,0.000000,0.000000,0.000000,0.000000,0.000000,0.000000,0,0,0.000000,0.000000,0.000000,0.000000,0.000000,0.000000,0,0,0.000000,0.000000,0.000000,0.000000,0.000000,0.000000,0,0,0.000000,0.000000,0.000000,0.000000,0.000000,0.000000,0,0
53,1.059999,3,gripper_l_finger2,yup_snapshot,1,1,-1.286765,0.693563,0.386534,0.053835,-0.579719,0.044860,0.811798,-1.385780,-0.028948,0.456081,1,0.000000,0.000000,0.000000,0.000000,0.000000,0.000000,0,0,0.000000,0.000000,0.000000,0.000000,0.000000,0.000000,0,0,0.000000,0.000000,0.000000,0.000000,0.000000,0.000000,0,0,0.000000,0.000000,0.000000,0.000000,0.000000,0.000000,0,0
53,1.059999,4,gripper_r_palm,yup_snapshot,1,1,1.065560,0.973995,0.151576,-0.405623,0.836433,-0.328724,0.166707,-0.158617,0.344875,-1.108332,1,0.000000,0.000000,0.000000,0.000000,0.000000,0.000000,0,0,0.000000,0.000000,0.000000,0.000000,0.000000,0.000000,0,0,0.000000,0.000000,0.000000,0.000000,0.000000,0.000000,0,0,0.000000,0.000000,0.000000,0.000000,0.000000,0.000000,0,0
53,1.059999,5,gripper_r_finger1,yup_snapshot,1,1,1.132548,0.916030,0.156856,0.878249,-0.304577,0.114692,-0.350367,-0.158674,0.344934,-1.108395,1,0.000000,0.000000,0.000000,0.000000,0.000000,0.000000,0,0,0.000000,0.000000,0.000000,0.000000,0.000000,0.000000,0,0,0.000000,0.000000,0.000000,0.000000,0.000000,0.000000,0,0,0.000000,0.000000,0.000000,0.000000,0.000000,0.000000,0,0
53,1.059999,6,gripper_r_finger2,yup_snapshot,1,1,1.277522,0.932004,0.095412,0.350298,0.114493,0.304657,0.878275,-0.158549,0.344803,-1.108254,1,0.000000,0.000000,0.000000,0.000000,0.000000,0.000000,0,0,0.000000,0.000000,0.000000,0.000000,0.000000,0.000000,0,0,0.000000,0.000000,0.000000,0.000000,0.000000,0.000000,0,0,0.000000,0.000000,0.000000,0.000000,0.000000,0.000000,0,0
54,1.079999,0,base,yup_snapshot,0,0,0.000000,0.000000,0.000000,1.000000,0.000000,0.000000,0.000000,0.000000,0.000000,0.000000,0,0.000000,0.000000,0.000000,0.000000,0.000000,0.000000,0,0,0.000000,0.000000,0.000000,0.000000,0.000000,0.000000,0,0,0.000000,0.000000,0.000000,0.000000,0.000000,0.000000,0,0,0.000000,0.000000,0.000000,0.000000,0.000000,0.000000,0,0
54,1.079999,1,gripper_l_palm,yup_snapshot,1,1,-1.136322,0.712629,0.368334,0.533507,-0.613564,-0.377812,-0.442909,-1.294147,0.061181,-0.275667,1,0.000000,0.000000,0.000000,0.000000,0.000000,0.000000,0,0,0.000000,0.000000,0.000000,0.000000,0.000000,0.000000,0,0,0.000000,0.000000,0.000000,0.000000,0.000000,0.000000,0,0,0.000000,0.000000,0.000000,0.000000,0.000000,0.000000,0,0
54,1.079999,2,gripper_l_finger1,yup_snapshot,1,1,-1.383779,0.702035,0.402896,0.811043,-0.056613,-0.580419,-0.046025,-1.294551,0.064030,-0.275777,1,0.000000,0.000000,0.000000,0.000000,0.000000,0.000000,0,0,0.000000,0.000000,0.000000,0.000000,0.000000,0.000000,0,0,0.000000,0.000000,0.000000,0.000000,0.000000,0.000000,0,0,0.000000,0.000000,0.000000,0.000000,0.000000,0.000000,0,0
54,1.079999,3,gripper_l_finger2,yup_snapshot,1,1,-1.287511,0.694282,0.390280,0.046038,-0.580234,0.056603,0.811175,-1.294354,0.062638,-0.275723,1,0.000000,0.000000,0.000000,0.000000,0.000000,0.000000,0,0,0.000000,0.000000,0.000000,0.000000,0.000000,0.000000,0,0,0.000000,0.000000,0.000000,0.000000,0.000000,0.000000,0,0,0.000000,0.000000,0.000000,0.000000,0.000000,0.000000,0,0
54,1.079999,4,gripper_r_palm,yup_snapshot,1,1,1.066902,0.972408,0.155567,-0.407494,0.838349,-0.323312,0.163062,0.293981,-0.342389,-0.391196,1,0.000000,0.000000,0.000000,0.000000,0.000000,0.000000,0,0,0.000000,0.000000,0.000000,0.000000,0.000000,0.000000,0,0,0.000000,0.000000,0.000000,0.000000,0.000000,0.000000,0,0,0.000000,0.000000,0.000000,0.000000,0.000000,0.000000,0,0
54,1.079999,5,gripper_r_finger1,yup_snapshot,1,1,1.132860,0.914580,0.160675,0.880927,-0.304607,0.113448,-0.343965,0.294218,-0.342643,-0.390925,1,0.000000,0.000000,0.000000,0.000000,0.000000,0.000000,0,0,0.000000,0.000000,0.000000,0.000000,0.000000,0.000000,0,0,0.000000,0.000000,0.000000,0.000000,0.000000,0.000000,0,0,0.000000,0.000000,0.000000,0.000000,0.000000,0.000000,0,0
54,1.079999,6,gripper_r_finger2,yup_snapshot,1,1,1.278640,0.929359,0.099453,0.343893,0.113241,0.304688,0.880953,0.293879,-0.342278,-0.391313,1,0.000000,0.000000,0.000000,0.000000,0.000000,0.000000,0,0,0.000000,0.000000,0.000000,0.000000,0.000000,0.000000,0,0,0.000000,0.000000,0.000000,0.000000,0.000000,0.000000,0,0,0.000000,0.000000,0.000000,0.000000,0.000000,0.000000,0,0
55,1.099999,0,base,yup_snapshot,0,0,0.000000,0.000000,0.000000,1.000000,0.000000,0.000000,0.000000,0.000000,0.000000,0.000000,0,0.000000,0.000000,0.000000,0.000000,0.000000,0.000000,0,0,0.000000,0.000000,0.000000,0.000000,0.000000,0.000000,0,0,0.000000,0.000000,0.000000,0.000000,0.000000,0.000000,0,0,0.000000,0.000000,0.000000,0.000000,0.000000,0.000000,0,0
55,1.099999,1,gripper_l_palm,yup_snapshot,1,1,-1.138316,0.722251,0.370548,0.527870,-0.617741,-0.387188,-0.435700,-1.142727,0.142846,-0.769743,1,0.000000,0.000000,0.000000,0.000000,0.000000,0.000000,0,0,0.000000,0.000000,0.000000,0.000000,0.000000,0.000000,0,0,0.000000,0.000000,0.000000,0.000000,0.000000,0.000000,0,0,0.000000,0.000000,0.000000,0.000000,0.000000,0.000000,0,0
55,1.099999,2,gripper_l_finger1,yup_snapshot,1,1,-1.385834,0.713324,0.405512,0.810000,-0.063553,-0.581967,-0.034295,-1.142851,0.143800,-0.769804,1,0.000000,0.000000,0.000000,0.000000,0.000000,0.000000,0,0,0.000000,0.000000,0.000000,0.000000,0.000000,0.000000,0,0,0.000000,0.000000,0.000000,0.000000,0.000000,0.000000,0,0,0.000000,0.000000,0.000000,0.000000,0.000000,0.000000,0,0
55,1.099999,3,gripper_l_finger2,yup_snapshot,1,1,-1.289935,0.702783,0.393296,0.034311,-0.581775,0.063545,0.810138,-1.142940,0.144477,-0.769847,1,0.000000,0.000000,0.000000,0.000000,0.000000,0.000000,0,0,0.000000,0.000000,0.000000,0.000000,0.000000,0.000000,0,0,0.000000,0.000000,0.000000,0.000000,0.000000,0.000000,0,0,0.000000,0.000000,0.000000,0.000000,0.000000,0.000000,0,0
55,1.099999,4,gripper_r_palm,yup_snapshot,1,1,1.068913,0.970906,0.159474,-0.409696,0.838520,-0.323122,0.156924,0.415938,-0.473152,-0.273265,1,0.000000,0.000000,0.000000,0.000000,0.000000,0.000000,0,0,0.000000,0.000000,0.000000,0.000000,0.000000,0.000000,0,0,0.000000,0.000000,0.000000,0.000000,0.000000,0.000000,0,0,0.000000,0.000000,0.000000,0.000000,0.000000,0.000000,0,0
55,1.099999,5,gripper_r_finger1,yup_snapshot,1,1,1.135211,0.913765,0.164016,0.882604,-0.303173,0.117653,-0.339490,0.415783,-0.472981,-0.273445,1,0.000000,0.000000,0.000000,0.000000,0.000000,0.000000,0,0,0.000000,0.000000,0.000000,0.000000,0.000000,0.000000,0,0,0.000000,0.000000,0.000000,0.000000,0.000000,0.000000,0,0,0.000000,0.000000,0.000000,0.000000,0.000000,0.000000,0,0
55,1.099999,6,gripper_r_finger2,yup_snapshot,1,1,1.281253,0.927941,0.103972,0.339418,0.117446,0.303253,0.882632,0.415909,-0.473120,-0.273299,1,0.000000,0.000000,0.000000,0.000000,0.000000,0.000000,0,0,0.000000,0.000000,0.000000,0.000000,0.000000,0.000000,0,0,0.000000,0.000000,0.000000,0.000000,0.000000,0.000000,0,0,0.000000,0.000000,0.000000,0.000000,0.000000,0.000000,0,0
56,1.119999,0,base,yup_snapshot,0,0,0.000000,0.000000,0.000000,1.000000,0.000000,0.000000,0.000000,0.000000,0.000000,0.000000,0,0.000000,0.000000,0.000000,0.000000,0.000000,0.000000,0,0,0.000000,0.000000,0.000000,0.000000,0.000000,0.000000,0,0,0.000000,0.000000,0.000000,0.000000,0.000000,0.000000,0,0,0.000000,0.000000,0.000000,0.000000,0.000000,0.000000,0,0
56,1.119999,1,gripper_l_palm,yup_snapshot,1,1,-1.140821,0.735902,0.371674,0.524706,-0.618993,-0.398432,-0.427533,-0.961410,0.180112,-1.067985,1,0.000000,0.000000,0.000000,0.000000,0.000000,0.000000,0,0,0.000000,0.000000,0.000000,0.000000,0.000000,0.000000,0,0,0.000000,0.000000,0.000000,0.000000,0.000000,0.000000,0,0,0.000000,0.000000,0.000000,0.000000,0.000000,0.000000,0,0
56,1.119999,2,gripper_l_finger1,yup_snapshot,1,1,-1.388399,0.729578,0.407142,0.808645,-0.066673,-0.584144,-0.020569,-0.961411,0.180120,-1.067986,1,0.000000,0.000000,0.000000,0.000000,0.000000,0.000000,0,0,0.000000,0.000000,0.000000,0.000000,0.000000,0.000000,0,0,0.000000,0.000000,0.000000,0.000000,0.000000,0.000000,0,0,0.000000,0.000000,0.000000,0.000000,0.000000,0.000000,0,0
56,1.119999,3,gripper_l_finger2,yup_snapshot,1,1,-1.293196,0.716356,0.395268,0.020584,-0.583960,0.066669,0.808778,-0.961594,0.181752,-1.068124,1,0.000000,0.000000,0.000000,0.000000,0.000000,0.000000,0,0,0.000000,0.000000,0.000000,0.000000,0.000000,0.000000,0,0,0.000000,0.000000,0.000000,0.000000,0.000000,0.000000,0,0,0.000000,0.000000,0.000000,0.000000,0.000000,0.000000,0,0
56,1.119999,4,gripper_r_palm,yup_snapshot,1,1,1.071006,0.969765,0.163788,-0.412738,0.838140,-0.323430,0.150205,0.561833,-0.459037,-0.298482,1,0.000000,0.000000,0.000000,0.000000,0.000000,0.000000,0,0,0.000000,0.000000,0.000000,0.000000,0.000000,0.000000,0,0,0.000000,0.000000,0.000000,0.000000,0.000000,0.000000,0,0,0.000000,0.000000,0.000000,0.000000,0.000000,0.000000,0,0
56,1.119999,5,gripper_r_finger1,yup_snapshot,1,1,1.137755,0.913544,0.167583,0.884486,-0.300755,0.122620,-0.334955,0.561715,-0.458902,-0.298621,1,0.000000,0.000000,0.000000,0.000000,0.000000,0.000000,0,0,0.000000,0.000000,0.000000,0.000000,0.000000,0.000000,0,0,0.000000,0.000000,0.000000,0.000000,0.000000,0.000000,0,0,0.000000,0.000000,0.000000,0.000000,0.000000,0.000000,0,0
56,1.119999,6,gripper_r_finger2,yup_snapshot,1,1,1.284010,0.927117,0.108909,0.334885,0.122414,0.300833,0.884515,0.561829,-0.459032,-0.298487,1,0.000000,0.000000,0.000000,0.000000,0.000000,0.000000,0,0,0.000000,0.000000,0.000000,0.000000,0.000000,0.000000,0,0,0.000000,0.000000,0.000000,0.000000,0.000000,0.000000,0,0,0.000000,0.000000,0.000000,0.000000,0.000000,0.000000,0,0
57,1.139999,0,base,yup_snapshot,0,0,0.000000,0.000000,0.000000,1.000000,0.000000,0.000000,0.000000,0.000000,0.000000,0.000000,0,0.000000,0.000000,0.000000,0.000000,0.000000,0.000000,0,0,0.000000,0.000000,0.000000,0.000000,0.000000,0.000000,0,0,0.000000,0.000000,0.000000,0.000000,0.000000,0.000000,0,0,0.000000,0.000000,0.000000,0.000000,0.000000,0.000000,0,0
57,1.139999,1,gripper_l_palm,yup_snapshot,1,1,-1.143297,0.751625,0.371759,0.523542,-0.618104,-0.410101,-0.419129,-0.766022,0.168161,-1.203441,1,0.000000,0.000000,0.000000,0.000000,0.000000,0.000000,0,0,0.000000,0.000000,0.000000,0.000000,0.000000,0.000000,0,0,0.000000,0.000000,0.000000,0.000000,0.000000,0.000000,0,0,0.000000,0.000000,0.000000,0.000000,0.000000,0.000000,0,0
57,1.139999,2,gripper_l_finger1,yup_snapshot,1,1,-1.390887,0.748389,0.407710,0.807193,-0.066866,-0.586453,-0.006375,-0.766018,0.168112,-1.203436,1,0.000000,0.000000,0.000000,0.000000,0.000000,0.000000,0,0,0.000000,0.000000,0.000000,0.000000,0.000000,0.000000,0,0,0.000000,0.000000,0.000000,0.000000,0.000000,0.000000,0,0,0.000000,0.000000,0.000000,0.000000,0.000000,0.000000,0,0
57,1.139999,3,gripper_l_finger2,yup_snapshot,1,1,-1.296564,0.732761,0.396124,0.006390,-0.586280,0.066865,0.807319,-0.766130,0.169368,-1.203564,1,0.000000,0.000000,0.000000,0.000000,0.000000,0.000000,0,0,0.000000,0.000000,0.000000,0.000000,0.000000,0.000000,0,0,0.000000,0.000000,0.000000,0.000000,0.000000,0.000000,0,0,0.000000,0.000000,0.000000,0.000000,0.000000,0.000000,0,0
57,1.139999,4,gripper_r_palm,yup_snapshot,1,1,1.073081,0.969307,0.168745,-0.417364,0.837065,-0.323571,0.142939,0.769911,-0.434494,-0.338129,1,0.000000,0.000000,0.000000,0.000000,0.000000,0.000000,0,0,0.000000,0.000000,0.000000,0.000000,0.000000,0.000000,0,0,0.000000,0.000000,0.000000,0.000000,0.000000,0.000000,0,0,0.000000,0.000000,0.000000,0.000000,0.000000,0.000000,0,0
57,1.139999,5,gripper_r_finger1,yup_snapshot,1,1,1.140191,0.914354,0.171525,0.886996,-0.296725,0.127857,-0.329916,0.769800,-0.434363,-0.338261,1,0.000000,0.000000,0.000000,0.000000,0.000000,0.000000,0,0,0.000000,0.000000,0.000000,0.000000,0.000000,0.000000,0,0,0.000000,0.000000,0.000000,0.000000,0.000000,0.000000,0,0,0.000000,0.000000,0.000000,0.000000,0.000000,0.000000,0,0
57,1.139999,6,gripper_r_finger2,yup_snapshot,1,1,1.286692,0.927195,0.114377,0.329847,0.127651,0.296801,0.887026,0.769909,-0.434492,-0.338130,1,0.000000,0.000000,0.000000,0.000000,0.000000,0.000000,0,0,0.000000,0.000000,0.000000,0.000000,0.000000,0.000000,0,0,0.000000,0.000000,0.000000,0.000000,0.000000,0.000000,0,0,0.000000,0.000000,0.000000,0.000000,0.000000,0.000000,0,0
58,1.159999,0,base,yup_snapshot,0,0,0.000000,0.000000,0.000000,1.000000,0.000000,0.000000,0.000000,0.000000,0.000000,0.000000,0,0.000000,0.000000,0.000000,0.000000,0.000000,0.000000,0,0,0.000000,0.000000,0.000000,0.000000,0.000000,0.000000,0,0,0.000000,0.000000,0.000000,0.000000,0.000000,0.000000,0,0,0.000000,0.000000,0.000000,0.000000,0.000000,0.000000,0,0
58,1.159999,1,gripper_l_palm,yup_snapshot,1,1,-1.145397,0.767788,0.371005,0.523959,-0.615838,-0.421020,-0.411038,-0.570199,0.117681,-1.200294,1,0.000000,0.000000,0.000000,0.000000,0.000000,0.000000,0,0,0.000000,0.000000,0.000000,0.000000,0.000000,0.000000,0,0,0.000000,0.000000,0.000000,0.000000,0.000000,0.000000,0,0,0.000000,0.000000,0.000000,0.000000,0.000000,0.000000,0,0
58,1.159999,2,gripper_l_finger1,yup_snapshot,1,1,-1.392930,0.767743,0.407319,0.805887,-0.064967,-0.588452,0.007066,-0.570194,0.117607,-1.200285,1,0.000000,0.000000,0.000000,0.000000,0.000000,0.000000,0,0,0.000000,0.000000,0.000000,0.000000,0.000000,0.000000,0,0,0.000000,0.000000,0.000000,0.000000,0.000000,0.000000,0,0,0.000000,0.000000,0.000000,0.000000,0.000000,0.000000,0,0
58,1.159999,3,gripper_l_finger2,yup_snapshot,1,1,-1.299515,0.750100,0.395969,-0.007053,-0.588285,0.064969,0.806009,-0.570225,0.118077,-1.200339,1,0.000000,0.000000,0.000000,0.000000,0.000000,0.000000,0,0,0.000000,0.000000,0.000000,0.000000,0.000000,0.000000,0,0,0.000000,0.000000,0.000000,0.000000,0.000000,0.000000,0,0,0.000000,0.000000,0.000000,0.000000,0.000000,0.000000,0,0
58,1.159999,4,gripper_r_palm,yup_snapshot,1,1,1.075154,0.969620,0.174452,-0.423944,0.835075,-0.323606,0.134907,1.010500,-0.423856,-0.374805,1,0.000000,0.000000,0.000000,0.000000,0.000000,0.000000,0,0,0.000000,0.000000,0.000000,0.000000,0.000000,0.000000,0,0,0.000000,0.000000,0.000000,0.000000,0.000000,0.000000,0,0,0.000000,0.000000,0.000000,0.000000,0.000000,0.000000,0,0
58,1.159999,5,gripper_r_finger1,yup_snapshot,1,1,1.142550,0.916388,0.175887,0.890242,-0.290666,0.133559,-0.324260,1.010400,-0.423731,-0.374926,1,0.000000,0.000000,0.000000,0.000000,0.000000,0.000000,0,0,0.000000,0.000000,0.000000,0.000000,0.000000,0.000000,0,0,0.000000,0.000000,0.000000,0.000000,0.000000,0.000000,0,0,0.000000,0.000000,0.000000,0.000000,0.000000,0.000000,0,0
58,1.159999,6,gripper_r_finger2,yup_snapshot,1,1,1.289327,0.928339,0.120480,0.324193,0.133355,0.290741,0.890273,1.010506,-0.423864,-0.374797,1,0.000000,0.000000,0.000000,0.000000,0.000000,0.000000,0,0,0.000000,0.000000,0.000000,0.000000,0.000000,0.000000,0,0,0.000000,0.000000,0.000000,0.000000,0.000000,0.000000,0,0,0.000000,0.000000,0.000000,0.000000,0.000000,0.000000,0,0
59,1.179999,0,base,yup_snapshot,0,0,0.000000,0.000000,0.000000,1.000000,0.000000,0.000000,0.000000,0.000000,0.000000,0.000000,0,0.000000,0.000000,0.000000,0.000000,0.000000,0.000000,0,0,0.000000,0.000000,0.000000,0.000000,0.000000,0.000000,0,0,0.000000,0.000000,0.000000,0.000000,0.000000,0.000000,0,0,0.000000,0.000000,0.000000,0.000000,0.000000,0.000000,0,0
59,1.179999,1,gripper_l_palm,yup_snapshot,1,1,-1.146955,0.782983,0.369700,0.525589,-0.612861,-0.430275,-0.403760,-0.377398,0.044915,-1.082072,1,0.000000,0.000000,0.000000,0.000000,0.000000,0.000000,0,0,0.000000,0.000000,0.000000,0.000000,0.000000,0.000000,0,0,0.000000,0.000000,0.000000,0.000000,0.000000,0.000000,0,0,0.000000,0.000000,0.000000,0.000000,0.000000,0.000000,0,0
59,1.179999,2,gripper_l_finger1,yup_snapshot,1,1,-1.394375,0.785911,0.406208,0.804933,-0.061708,-0.589850,0.018757,-0.377398,0.044923,-1.082073,1,0.000000,0.000000,0.000000,0.000000,0.000000,0.000000,0,0,0.000000,0.000000,0.000000,0.000000,0.000000,0.000000,0,0,0.000000,0.000000,0.000000,0.000000,0.000000,0.000000,0,0,0.000000,0.000000,0.000000,0.000000,0.000000,0.000000,0,0
59,1.179999,3,gripper_l_finger2,yup_snapshot,1,1,-1.301764,0.766722,0.395038,-0.018744,-0.589687,0.061712,0.805052,-0.377413,0.045267,-1.082115,1,0.000000,0.000000,0.000000,0.000000,0.000000,0.000000,0,0,0.000000,0.000000,0.000000,0.000000,0.000000,0.000000,0,0,0.000000,0.000000,0.000000,0.000000,0.000000,0.000000,0,0,0.000000,0.000000,0.000000,0.000000,0.000000,0.000000,0,0
59,1.179999,4,gripper_r_palm,yup_snapshot,1,1,1.077271,0.970622,0.180996,-0.432612,0.832034,-0.323598,0.125896,1.268236,-0.428214,-0.414906,1,0.000000,0.000000,0.000000,0.000000,0.000000,0.000000,0,0,0.000000,0.000000,0.000000,0.000000,0.000000,0.000000,0,0,0.000000,0.000000,0.000000,0.000000,0.000000,0.000000,0,0,0.000000,0.000000,0.000000,0.000000,0.000000,0.000000,0,0
59,1.179999,5,gripper_r_finger1,yup_snapshot,1,1,1.144918,0.919630,0.180742,0.894220,-0.282388,0.139925,-0.317881,1.268141,-0.428091,-0.415021,1,0.000000,0.000000,0.000000,0.000000,0.000000,0.000000,0,0,0.000000,0.000000,0.000000,0.000000,0.000000,0.000000,0,0,0.000000,0.000000,0.000000,0.000000,0.000000,0.000000,0,0,0.000000,0.000000,0.000000,0.000000,0.000000,0.000000,0,0
59,1.179999,6,gripper_r_finger2,yup_snapshot,1,1,1.291989,0.930504,0.127332,0.317817,0.139720,0.282461,0.894252,1.268241,-0.428222,-0.414899,1,0.000000,0.000000,0.000000,0.000000,0.000000,0.000000,0,0,0.000000,0.000000,0.000000,0.000000,0.000000,0.000000,0,0,0.000000,0.000000,0.000000,0.000000,0.000000,0.000000,0,0,0.000000,0.000000,0.000000,0.000000,0.000000,0.000000,0,0
60,1.199999,0,base,yup_snapshot,0,0,0.000000,0.000000,0.000000,1.000000,0.000000,0.000000,0.000000,0.000000,0.000000,0.000000,0,0.000000,0.000000,0.000000,0.000000,0.000000,0.000000,0,0,0.000000,0.000000,0.000000,0.000000,0.000000,0.000000,0,0,0.000000,0.000000,0.000000,0.000000,0.000000,0.000000,0,0,0.000000,0.000000,0.000000,0.000000,0.000000,0.000000,0,0
60,1.199999,1,gripper_l_palm,yup_snapshot,1,1,-1.147975,0.796028,0.368163,0.528214,-0.609614,-0.437268,-0.397690,-0.181697,-0.038237,-0.897746,1,0.000000,0.000000,0.000000,0.000000,0.000000,0.000000,0,0,0.000000,0.000000,0.000000,0.000000,0.000000,0.000000,0,0,0.000000,0.000000,0.000000,0.000000,0.000000,0.000000,0,0,0.000000,0.000000,0.000000,0.000000,0.000000,0.000000,0,0
60,1.199999,2,gripper_l_finger1,yup_snapshot,1,1,-1.395261,0.801494,0.404676,0.804494,-0.057555,-0.590502,0.027993,-0.181694,-0.038369,-0.897729,1,0.000000,0.000000,0.000000,0.000000,0.000000,0.000000,0,0,0.000000,0.000000,0.000000,0.000000,0.000000,0.000000,0,0,0.000000,0.000000,0.000000,0.000000,0.000000,0.000000,0,0,0.000000,0.000000,0.000000,0.000000,0.000000,0.000000,0,0
60,1.199999,3,gripper_l_finger2,yup_snapshot,1,1,-1.303251,0.781283,0.393620,-0.027982,-0.590344,0.057561,0.804610,-0.181703,-0.037986,-0.897778,1,0.000000,0.000000,0.000000,0.000000,0.000000,0.000000,0,0,0.000000,0.000000,0.000000,0.000000,0.000000,0.000000,0,0,0.000000,0.000000,0.000000,0.000000,0.000000,0.000000,0,0,0.000000,0.000000,0.000000,0.000000,0.000000,0.000000,0,0
60,1.199999,4,gripper_r_palm,yup_snapshot,1,1,1.079490,0.972145,0.188490,-0.443256,0.827896,-0.323599,0.115743,1.524953,-0.451239,-0.458792,1,0.000000,0.000000,0.000000,0.000000,0.000000,0.000000,0,0,0.000000,0.000000,0.000000,0.000000,0.000000,0.000000,0,0,0.000000,0.000000,0.000000,0.000000,0.000000,0.000000,0,0,0.000000,0.000000,0.000000,0.000000,0.000000,0.000000,0,0
60,1.199999,5,gripper_r_finger1,yup_snapshot,1,1,1.147405,0.923937,0.186244,0.898819,-0.271937,0.147103,-0.310700,1.524849,-0.451096,-0.458918,1,0.000000,0.000000,0.000000,0.000000,0.000000,0.000000,0,0,0.000000,0.000000,0.000000,0.000000,0.000000,0.000000,0,0,0.000000,0.000000,0.000000,0.000000,0.000000,0.000000,0,0,0.000000,0.000000,0.000000,0.000000,0.000000,0.000000,0,0
60,1.199999,6,gripper_r_finger2,yup_snapshot,1,1,1.294777,0.933521,0.135105,0.310639,0.146900,0.272008,0.898853,1.524950,-0.451235,-0.458795,1,0.000000,0.000000,0.000000,0.000000,0.000000,0.000000,0,0,0.000000,0.000000,0.000000,0.000000,0.000000,0.000000,0,0,0.000000,0.000000,0.000000,0.000000,0.000000,0.000000,0,0,0.000000,0.000000,0.000000,0.000000,0.000000,0.000000,0,0
61,1.219999,0,base,yup_snapshot,0,0,0.000000,0.000000,0.000000,1.000000,0.000000,0.000000,0.000000,0.000000,0.000000,0.000000,0,0.000000,0.000000,0.000000,0.000000,0.000000,0.000000,0,0,0.000000,0.000000,0.000000,0.000000,0.000000,0.000000,0,0,0.000000,0.000000,0.000000,0.000000,0.000000,0.000000,0,0,0.000000,0.000000,0.000000,0.000000,0.000000,0.000000,0,0
61,1.219999,1,gripper_l_palm,yup_snapshot,1,1,-1.148551,0.805904,0.366713,0.531669,-0.606340,-0.441547,-0.393340,0.029887,-0.099807,-0.635552,1,0.000000,0.000000,0.000000,0.000000,0.000000,0.000000,0,0,0.000000,0.000000,0.000000,0.000000,0.000000,0.000000,0,0,0.000000,0.000000,0.000000,0.000000,0.000000,0.000000,0,0,0.000000,0.000000,0.000000,0.000000,0.000000,0.000000,0,0
61,1.219999,2,gripper_l_finger1,yup_snapshot,1,1,-1.395716,0.813290,0.403080,0.804624,-0.052796,-0.590450,0.034094,0.029891,-0.100305,-0.635489,1,0.000000,0.000000,0.000000,0.000000,0.000000,0.000000,0,0,0.000000,0.000000,0.000000,0.000000,0.000000,0.000000,0,0,0.000000,0.000000,0.000000,0.000000,0.000000,0.000000,0,0,0.000000,0.000000,0.000000,0.000000,0.000000,0.000000,0,0
61,1.219999,3,gripper_l_finger2,yup_snapshot,1,1,-1.304050,0.792646,0.392049,-0.034084,-0.590298,0.052803,0.804735,0.029884,-0.099432,-0.635599,1,0.000000,0.000000,0.000000,0.000000,0.000000,0.000000,0,0,0.000000,0.000000,0.000000,0.000000,0.000000,0.000000,0,0,0.000000,0.000000,0.000000,0.000000,0.000000,0.000000,0,0,0.000000,0.000000,0.000000,0.000000,0.000000,0.000000,0,0
61,1.219999,4,gripper_r_palm,yup_snapshot,1,1,1.081878,0.973977,0.197100,-0.455937,0.822552,-0.323527,0.104207,1.806550,-0.486509,-0.520166,1,0.000000,0.000000,0.000000,0.000000,0.000000,0.000000,0,0,0.000000,0.000000,0.000000,0.000000,0.000000,0.000000,0,0,0.000000,0.000000,0.000000,0.000000,0.000000,0.000000,0,0,0.000000,0.000000,0.000000,0.000000,0.000000,0.000000,0,0
61,1.219999,5,gripper_r_finger1,yup_snapshot,1,1,1.150098,0.929156,0.192579,0.904007,-0.259194,0.155209,-0.302489,1.806494,-0.486427,-0.520233,1,0.000000,0.000000,0.000000,0.000000,0.000000,0.000000,0,0,0.000000,0.000000,0.000000,0.000000,0.000000,0.000000,0,0,0.000000,0.000000,0.000000,0.000000,0.000000,0.000000,0,0,0.000000,0.000000,0.000000,0.000000,0.000000,0.000000,0,0
61,1.219999,6,gripper_r_finger2,yup_snapshot,1,1,1.297779,0.937177,0.144007,0.302431,0.155006,0.259262,0.904042,1.806548,-0.486506,-0.520168,1,0.000000,0.000000,0.000000,0.000000,0.000000,0.000000,0,0,0.000000,0.000000,0.000000,0.000000,0.000000,0.000000,0,0,0.000000,0.000000,0.000000,0.000000,0.000000,0.000000,0,0,0.000000,0.000000,0.000000,0.000000,0.000000,0.000000,0,0
62,1.239999,0,base,yup_snapshot,0,0,0.000000,0.000000,0.000000,1.000000,0.000000,0.000000,0.000000,0.000000,0.000000,0.000000,0,0.000000,0.000000,0.000000,0.000000,0.000000,0.000000,0,0,0.000000,0.000000,0.000000,0.000000,0.000000,0.000000,0,0,0.000000,0.000000,0.000000,0.000000,0.000000,0.000000,0,0,0.000000,0.000000,0.000000,0.000000,0.000000,0.000000,0,0
62,1.239999,1,gripper_l_palm,yup_snapshot,1,1,-1.148787,0.811805,0.365641,0.535935,-0.602974,-0.443364,-0.390672,0.233583,-0.152661,-0.453257,1,0.000000,0.000000,0.000000,0.000000,0.000000,0.000000,0,0,0.000000,0.000000,0.000000,0.000000,0.000000,0.000000,0,0,0.000000,0.000000,0.000000,0.000000,0.000000,0.000000,0,0,0.000000,0.000000,0.000000,0.000000,0.000000,0.000000,0,0
62,1.239999,2,gripper_l_finger1,yup_snapshot,1,1,-1.395864,0.820546,0.401758,0.805263,-0.047399,-0.589845,0.037265,0.233580,-0.153387,-0.453169,1,0.000000,0.000000,0.000000,0.000000,0.000000,0.000000,0,0,0.000000,0.000000,0.000000,0.000000,0.000000,0.000000,0,0,0.000000,0.000000,0.000000,0.000000,0.000000,0.000000,0,0,0.000000,0.000000,0.000000,0.000000,0.000000,0.000000,0,0
62,1.239999,3,gripper_l_finger2,yup_snapshot,1,1,-1.304309,0.800020,0.390652,-0.037256,-0.589699,0.047406,0.805369,0.233585,-0.152300,-0.453301,1,0.000000,0.000000,0.000000,0.000000,0.000000,0.000000,0,0,0.000000,0.000000,0.000000,0.000000,0.000000,0.000000,0,0,0.000000,0.000000,0.000000,0.000000,0.000000,0.000000,0,0,0.000000,0.000000,0.000000,0.000000,0.000000,0.000000,0,0
62,1.239999,4,gripper_r_palm,yup_snapshot,1,1,1.084500,0.975879,0.207042,-0.470911,0.815785,-0.323212,0.090947,2.139493,-0.530661,-0.608838,1,0.000000,0.000000,0.000000,0.000000,0.000000,0.000000,0,0,0.000000,0.000000,0.000000,0.000000,0.000000,0.000000,0,0,0.000000,0.000000,0.000000,0.000000,0.000000,0.000000,0,0,0.000000,0.000000,0.000000,0.000000,0.000000,0.000000,0,0
62,1.239999,5,gripper_r_finger1,yup_snapshot,1,1,1.153074,0.935166,0.199970,0.909809,-0.243822,0.164362,-0.292889,2.139465,-0.530617,-0.608872,1,0.000000,0.000000,0.000000,0.000000,0.000000,0.000000,0,0,0.000000,0.000000,0.000000,0.000000,0.000000,0.000000,0,0,0.000000,0.000000,0.000000,0.000000,0.000000,0.000000,0,0,0.000000,0.000000,0.000000,0.000000,0.000000,0.000000,0,0
62,1.239999,6,gripper_r_finger2,yup_snapshot,1,1,1.301075,0.941248,0.154292,0.292834,0.164159,0.243888,0.909845,2.139507,-0.530683,-0.608821,1,0.000000,0.000000,0.000000,0.000000,0.000000,0.000000,0,0,0.000000,0.000000,0.000000,0.000000,0.000000,0.000000,0,0,0.000000,0.000000,0.000000,0.000000,0.000000,0.000000,0,0,0.000000,0.000000,0.000000,0.000000,0.000000,0.000000,0,0
63,1.259999,0,base,yup_snapshot,0,0,0.000000,0.000000,0.000000,1.000000,0.000000,0.000000,0.000000,0.000000,0.000000,0.000000,0,0.000000,0.000000,0.000000,0.000000,0.000000,0.000000,0,0,0.000000,0.000000,0.000000,0.000000,0.000000,0.000000,0,0,0.000000,0.000000,0.000000,0.000000,0.000000,0.000000,0,0,0.000000,0.000000,0.000000,0.000000,0.000000,0.000000,0,0
63,1.259999,1,gripper_l_palm,yup_snapshot,1,1,-1.148770,0.813226,0.365117,0.540666,-0.599650,-0.443294,-0.389346,0.374256,-0.174271,-0.265017,1,0.000000,0.000000,0.000000,0.000000,0.000000,0.000000,0,0,0.000000,0.000000,0.000000,0.000000,0.000000,0.000000,0,0,0.000000,0.000000,0.000000,0.000000,0.000000,0.000000,0,0,0.000000,0.000000,0.000000,0.000000,0.000000,0.000000,0,0
63,1.259999,2,gripper_l_finger1,yup_snapshot,1,1,-1.395795,0.822860,0.400920,0.806259,-0.041704,-0.588856,0.038152,0.374246,-0.175060,-0.264928,1,0.000000,0.000000,0.000000,0.000000,0.000000,0.000000,0,0,0.000000,0.000000,0.000000,0.000000,0.000000,0.000000,0,0,0.000000,0.000000,0.000000,0.000000,0.000000,0.000000,0,0,0.000000,0.000000,0.000000,0.000000,0.000000,0.000000,0,0
63,1.259999,3,gripper_l_finger2,yup_snapshot,1,1,-1.304167,0.802857,0.389675,-0.038145,-0.588716,0.041711,0.806361,0.374258,-0.174114,-0.265035,1,0.000000,0.000000,0.000000,0.000000,0.000000,0.000000,0,0,0.000000,0.000000,0.000000,0.000000,0.000000,0.000000,0,0,0.000000,0.000000,0.000000,0.000000,0.000000,0.000000,0,0,0.000000,0.000000,0.000000,0.000000,0.000000,0.000000,0,0
63,1.259999,4,gripper_r_palm,yup_snapshot,1,1,1.087345,0.976979,0.217779,-0.487068,0.808141,-0.322237,0.076393,2.039259,-0.533598,-0.701723,1,0.000000,0.000000,0.000000,0.000000,0.000000,0.000000,0,0,0.000000,0.000000,0.000000,0.000000,0.000000,0.000000,0,0,0.000000,0.000000,0.000000,0.000000,0.000000,0.000000,0,0,0.000000,0.000000,0.000000,0.000000,0.000000,0.000000,0,0
63,1.259999,5,gripper_r_finger1,yup_snapshot,1,1,1.156288,0.940834,0.208117,0.915826,-0.226992,0.173970,-0.281907,2.039805,-0.534519,-0.701081,1,0.000000,0.000000,0.000000,0.000000,0.000000,0.000000,0,0,0.000000,0.000000,0.000000,0.000000,0.000000,0.000000,0,0,0.000000,0.000000,0.000000,0.000000,0.000000,0.000000,0,0,0.000000,0.000000,0.000000,0.000000,0.000000,0.000000,0,0
63,1.259999,6,gripper_r_finger2,yup_snapshot,1,1,1.304634,0.944592,0.165471,0.281853,0.173754,0.227059,0.915867,2.038627,-0.532533,-0.702465,1,0.000000,0.000000,0.000000,0.000000,0.000000,0.000000,0,0,0.000000,0.000000,0.000000,0.000000,0.000000,0.000000,0,0,0.000000,0.000000,0.000000,0.000000,0.000000,0.000000,0,0,0.000000,0.000000,0.000000,0.000000,0.000000,0.000000,0,0
64,1.279999,0,base,yup_snapshot,0,0,0.000000,0.000000,0.000000,1.000000,0.000000,0.000000,0.000000,0.000000,0.000000,0.000000,0,0.000000,0.000000,0.000000,0.000000,0.000000,0.000000,0,0,0.000000,0.000000,0.000000,0.000000,0.000000,0.000000,0,0,0.000000,0.000000,0.000000,0.000000,0.000000,0.000000,0,0,0.000000,0.000000,0.000000,0.000000,0.000000,0.000000,0,0
64,1.279999,1,gripper_l_palm,yup_snapshot,1,1,-1.148520,0.809846,0.365214,0.544877,-0.597000,-0.441835,-0.389207,0.403470,-0.157981,-0.033064,1,0.000000,0.000000,0.000000,0.000000,0.000000,0.000000,0,0,0.000000,0.000000,0.000000,0.000000,0.000000,0.000000,0,0,0.000000,0.000000,0.000000,0.000000,0.000000,0.000000,0,0,0.000000,0.000000,0.000000,0.000000,0.000000,0.000000,0,0
64,1.279999,2,gripper_l_finger1,yup_snapshot,1,1,-1.395537,0.819873,0.400702,0.807364,-0.036852,-0.587725,0.037218,0.403456,-0.158806,-0.032978,1,0.000000,0.000000,0.000000,0.000000,0.000000,0.000000,0,0,0.000000,0.000000,0.000000,0.000000,0.000000,0.000000,0,0,0.000000,0.000000,0.000000,0.000000,0.000000,0.000000,0,0,0.000000,0.000000,0.000000,0.000000,0.000000,0.000000,0,0
64,1.279999,3,gripper_l_finger2,yup_snapshot,1,1,-1.303704,0.800589,0.389304,-0.037211,-0.587588,0.036859,0.807463,0.403470,-0.158004,-0.033062,1,0.000000,0.000000,0.000000,0.000000,0.000000,0.000000,0,0,0.000000,0.000000,0.000000,0.000000,0.000000,0.000000,0,0,0.000000,0.000000,0.000000,0.000000,0.000000,0.000000,0,0,0.000000,0.000000,0.000000,0.000000,0.000000,0.000000,0,0
64,1.279999,4,gripper_r_palm,yup_snapshot,1,1,1.090324,0.976048,0.228083,0.501319,-0.801440,0.320211,-0.061956,1.784585,-0.551213,-0.798839,1,0.000000,0.000000,0.000000,0.000000,0.000000,0.000000,0,0,0.000000,0.000000,0.000000,0.000000,0.000000,0.000000,0,0,0.000000,0.000000,0.000000,0.000000,0.000000,0.000000,0,0,0.000000,0.000000,0.000000,0.000000,0.000000,0.000000,0,0
64,1.279999,5,gripper_r_finger1,yup_snapshot,1,1,1.159630,0.944082,0.216269,0.921162,-0.212176,0.182755,-0.270265,1.784961,-0.551897,-0.798401,1,0.000000,0.000000,0.000000,0.000000,0.000000,0.000000,0,0,0.000000,0.000000,0.000000,0.000000,0.000000,0.000000,0,0,0.000000,0.000000,0.000000,0.000000,0.000000,0.000000,0,0,0.000000,0.000000,0.000000,0.000000,0.000000,0.000000,0,0
64,1.279999,6,gripper_r_finger2,yup_snapshot,1,1,1.308337,0.945347,0.176373,0.270211,0.182518,0.212246,0.921208,1.783887,-0.549946,-0.799651,1,0.000000,0.000000,0.000000,0.000000,0.000000,0.000000,0,0,0.000000,0.000000,0.000000,0.000000,0.000000,0.000000,0,0,0.000000,0.000000,0.000000,0.000000,0.000000,0.000000,0,0,0.000000,0.000000,0.000000,0.000000,0.000000,0.000000,0,0
65,1.299999,0,base,yup_snapshot,0,0,0.000000,0.000000,0.000000,1.000000,0.000000,0.000000,0.000000,0.000000,0.000000,0.000000,0,0.000000,0.000000,0.000000,0.000000,0.000000,0.000000,0,0,0.000000,0.000000,0.000000,0.000000,0.000000,0.000000,0,0,0.000000,0.000000,0.000000,0.000000,0.000000,0.000000,0,0,0.000000,0.000000,0.000000,0.000000,0.000000,0.000000,0,0
65,1.299999,1,gripper_l_palm,yup_snapshot,1,1,-1.147989,0.801823,0.365911,0.547201,-0.596066,-0.438916,-0.390677,0.324204,-0.105543,0.360286,1,0.000000,0.000000,0.000000,0.000000,0.000000,0.000000,0,0,0.000000,0.000000,0.000000,0.000000,0.000000,0.000000,0,0,0.000000,0.000000,0.000000,0.000000,0.000000,0.000000,0,0,0.000000,0.000000,0.000000,0.000000,0.000000,0.000000,0,0
65,1.299999,2,gripper_l_finger1,yup_snapshot,1,1,-1.395069,0.811456,0.401144,0.808353,-0.034550,-0.586693,0.034113,0.324190,-0.106523,0.360380,1,0.000000,0.000000,0.000000,0.000000,0.000000,0.000000,0,0,0.000000,0.000000,0.000000,0.000000,0.000000,0.000000,0,0,0.000000,0.000000,0.000000,0.000000,0.000000,0.000000,0,0,0.000000,0.000000,0.000000,0.000000,0.000000,0.000000,0,0
65,1.299999,3,gripper_l_finger2,yup_snapshot,1,1,-1.302907,0.792944,0.389626,-0.034108,-0.586563,0.034555,0.808447,0.324203,-0.105616,0.360293,1,0.000000,0.000000,0.000000,0.000000,0.000000,0.000000,0,0,0.000000,0.000000,0.000000,0.000000,0.000000,0.000000,0,0,0.000000,0.000000,0.000000,0.000000,0.000000,0.000000,0,0,0.000000,0.000000,0.000000,0.000000,0.000000,0.000000,0,0
65,1.299999,4,gripper_r_palm,yup_snapshot,1,1,1.093450,0.973116,0.237963,0.513753,-0.795729,0.317203,-0.047485,1.610554,-0.567711,-0.898778,1,0.000000,0.000000,0.000000,0.000000,0.000000,0.000000,0,0,0.000000,0.000000,0.000000,0.000000,0.000000,0.000000,0,0,0.000000,0.000000,0.000000,0.000000,0.000000,0.000000,0,0,0.000000,0.000000,0.000000,0.000000,0.000000,0.000000,0,0
65,1.299999,5,gripper_r_finger1,yup_snapshot,1,1,1.163132,0.944928,0.224374,0.925913,-0.199347,0.190867,-0.257905,1.610862,-0.568314,-0.898420,1,0.000000,0.000000,0.000000,0.000000,0.000000,0.000000,0,0,0.000000,0.000000,0.000000,0.000000,0.000000,0.000000,0,0,0.000000,0.000000,0.000000,0.000000,0.000000,0.000000,0,0,0.000000,0.000000,0.000000,0.000000,0.000000,0.000000,0,0
65,1.299999,6,gripper_r_finger2,yup_snapshot,1,1,1.312209,0.943547,0.186993,0.257851,0.190614,0.199417,0.925966,1.609961,-0.566547,-0.899470,1,0.000000,0.000000,0.000000,0.000000,0.000000,0.000000,0,0,0.000000,0.000000,0.000000,0.000000,0.000000,0.000000,0,0,0.000000,0.000000,0.000000,0.000000,0.000000,0.000000,0,0,0.000000,0.000000,0.000000,0.000000,0.000000,0.000000,0,0
66,1.319999,0,base,yup_snapshot,0,0,0.000000,0.000000,0.000000,1.000000,0.000000,0.000000,0.000000,0.000000,0.000000,0.000000,0,0.000000,0.000000,0.000000,0.000000,0.000000,0.000000,0,0,0.000000,0.000000,0.000000,0.000000,0.000000,0.000000,0,0,0.000000,0.000000,0.000000,0.000000,0.000000,0.000000,0,0,0.000000,0.000000,0.000000,0.000000,0.000000,0.000000,0,0
66,1.319999,1,gripper_l_palm,yup_snapshot,1,1,-1.147147,0.790425,0.367055,0.546046,-0.598218,-0.433361,-0.395179,0.193597,-0.025463,1.042534,1,0.000000,0.000000,0.000000,0.000000,0.000000,0.000000,0,0,0.000000,0.000000,0.000000,0.000000,0.000000,0.000000,0,0,0.000000,0.000000,0.000000,0.000000,0.000000,0.000000,0,0,0.000000,0.000000,0.000000,0.000000,0.000000,0.000000,0,0
66,1.319999,2,gripper_l_finger1,yup_snapshot,1,1,-1.394404,0.798215,0.402165,0.809066,-0.036889,-0.585937,0.027002,0.193597,-0.026344,1.042615,1,0.000000,0.000000,0.000000,0.000000,0.000000,0.000000,0,0,0.000000,0.000000,0.000000,0.000000,0.000000,0.000000,0,0,0.000000,0.000000,0.000000,0.000000,0.000000,0.000000,0,0,0.000000,0.000000,0.000000,0.000000,0.000000,0.000000,0,0
66,1.319999,3,gripper_l_finger2,yup_snapshot,1,1,-1.301718,0.780586,0.390567,-0.026996,-0.585813,0.036893,0.809156,0.193597,-0.025671,1.042553,1,0.000000,0.000000,0.000000,0.000000,0.000000,0.000000,0,0,0.000000,0.000000,0.000000,0.000000,0.000000,0.000000,0,0,0.000000,0.000000,0.000000,0.000000,0.000000,0.000000,0,0,0.000000,0.000000,0.000000,0.000000,0.000000,0.000000,0,0
66,1.319999,4,gripper_r_palm,yup_snapshot,1,1,1.096661,0.968430,0.247437,0.524769,-0.790811,0.313294,-0.032897,1.467877,-0.574438,-0.989211,1,0.000000,0.000000,0.000000,0.000000,0.000000,0.000000,0,0,0.000000,0.000000,0.000000,0.000000,0.000000,0.000000,0,0,0.000000,0.000000,0.000000,0.000000,0.000000,0.000000,0,0,0.000000,0.000000,0.000000,0.000000,0.000000,0.000000,0,0
66,1.319999,5,gripper_r_finger1,yup_snapshot,1,1,1.166730,0.943700,0.232360,0.930223,-0.188080,0.198422,-0.244825,1.468151,-0.575019,-0.988890,1,0.000000,0.000000,0.000000,0.000000,0.000000,0.000000,0,0,0.000000,0.000000,0.000000,0.000000,0.000000,0.000000,0,0,0.000000,0.000000,0.000000,0.000000,0.000000,0.000000,0,0,0.000000,0.000000,0.000000,0.000000,0.000000,0.000000,0,0
66,1.319999,6,gripper_r_finger2,yup_snapshot,1,1,1.316172,0.939523,0.197297,0.244771,0.198155,0.188150,0.930280,1.467367,-0.573353,-0.989810,1,0.000000,0.000000,0.000000,0.000000,0.000000,0.000000,0,0,0.000000,0.000000,0.000000,0.000000,0.000000,0.000000,0,0,0.000000,0.000000,0.000000,0.000000,0.000000,0.000000,0,0,0.000000,0.000000,0.000000,0.000000,0.000000,0.000000,0,0
67,1.339999,0,base,yup_snapshot,0,0,0.000000,0.000000,0.000000,1.000000,0.000000,0.000000,0.000000,0.000000,0.000000,0.000000,0,0.000000,0.000000,0.000000,0.000000,0.000000,0.000000,0,0,0.000000,0.000000,0.000000,0.000000,0.000000,0.000000,0,0,0.000000,0.000000,0.000000,0.000000,0.000000,0.000000,0,0,0.000000,0.000000,0.000000,0.000000,0.000000,0.000000,0,0
67,1.339999,1,gripper_l_palm,yup_snapshot,1,1,-1.146086,0.778297,0.368392,0.541307,-0.603491,-0.425450,-0.402215,0.024062,-0.001276,1.249673,1,0.000000,0.000000,0.000000,0.000000,0.000000,0.000000,0,0,0.000000,0.000000,0.000000,0.000000,0.000000,0.000000,0,0,0.000000,0.000000,0.000000,0.000000,0.000000,0.000000,0,0,0.000000,0.000000,0.000000,0.000000,0.000000,0.000000,0,0
67,1.339999,2,gripper_l_finger1,yup_snapshot,1,1,-1.393566,0.782893,0.403473,0.809451,-0.043969,-0.585309,0.016433,0.024069,-0.001552,1.249698,1,0.000000,0.000000,0.000000,0.000000,0.000000,0.000000,0,0,0.000000,0.000000,0.000000,0.000000,0.000000,0.000000,0,0,0.000000,0.000000,0.000000,0.000000,0.000000,0.000000,0,0,0.000000,0.000000,0.000000,0.000000,0.000000,0.000000,0,0
67,1.339999,3,gripper_l_finger2,yup_snapshot,1,1,-1.300179,0.766169,0.391860,-0.016426,-0.585187,0.043972,0.809539,0.024067,-0.001484,1.249692,1,0.000000,0.000000,0.000000,0.000000,0.000000,0.000000,0,0,0.000000,0.000000,0.000000,0.000000,0.000000,0.000000,0,0,0.000000,0.000000,0.000000,0.000000,0.000000,0.000000,0,0,0.000000,0.000000,0.000000,0.000000,0.000000,0.000000,0,0
67,1.339999,4,gripper_r_palm,yup_snapshot,1,1,1.099870,0.962262,0.256466,0.534642,-0.786516,0.308573,-0.018234,1.353791,-0.570116,-1.064870,1,0.000000,0.000000,0.000000,0.000000,0.000000,0.000000,0,0,0.000000,0.000000,0.000000,0.000000,0.000000,0.000000,0,0,0.000000,0.000000,0.000000,0.000000,0.000000,0.000000,0,0,0.000000,0.000000,0.000000,0.000000,0.000000,0.000000,0,0
67,1.339999,5,gripper_r_finger1,yup_snapshot,1,1,1.170331,0.940723,0.240127,0.934166,-0.178063,0.205457,-0.231117,1.354049,-0.570711,-1.064563,1,0.000000,0.000000,0.000000,0.000000,0.000000,0.000000,0,0,0.000000,0.000000,0.000000,0.000000,0.000000,0.000000,0,0,0.000000,0.000000,0.000000,0.000000,0.000000,0.000000,0,0,0.000000,0.000000,0.000000,0.000000,0.000000,0.000000,0,0
67,1.339999,6,gripper_r_finger2,yup_snapshot,1,1,1.320119,0.933616,0.207205,0.231064,0.205178,0.178132,0.934227,1.353350,-0.569094,-1.065396,1,0.000000,0.000000,0.000000,0.000000,0.000000,0.000000,0,0,0.000000,0.000000,0.000000,0.000000,0.000000,0.000000,0,0,0.000000,0.000000,0.000000,0.000000,0.000000,0.000000,0,0,0.000000,0.000000,0.000000,0.000000,0.000000,0.000000,0,0
68,1.359999,0,base,yup_snapshot,0,0,0.000000,0.000000,0.000000,1.000000,0.000000,0.000000,0.000000,0.000000,0.000000,0.000000,0,0.000000,0.000000,0.000000,0.000000,0.000000,0.000000,0,0,0.000000,0.000000,0.000000,0.000000,0.000000,0.000000,0,0,0.000000,0.000000,0.000000,0.000000,0.000000,0.000000,0,0,0.000000,0.000000,0.000000,0.000000,0.000000,0.000000,0,0
68,1.359999,1,gripper_l_palm,yup_snapshot,1,1,-1.145068,0.768819,0.369633,0.535924,-0.609306,-0.419108,-0.407283,-0.162194,-0.041456,0.938326,1,0.000000,0.000000,0.000000,0.000000,0.000000,0.000000,0,0,0.000000,0.000000,0.000000,0.000000,0.000000,0.000000,0,0,0.000000,0.000000,0.000000,0.000000,0.000000,0.000000,0,0,0.000000,0.000000,0.000000,0.000000,0.000000,0.000000,0,0
68,1.359999,2,gripper_l_finger1,yup_snapshot,1,1,-1.392685,0.770647,0.404588,0.809763,-0.051888,-0.584398,0.008365,-0.162207,-0.041175,0.938299,1,0.000000,0.000000,0.000000,0.000000,0.000000,0.000000,0,0,0.000000,0.000000,0.000000,0.000000,0.000000,0.000000,0,0,0.000000,0.000000,0.000000,0.000000,0.000000,0.000000,0,0,0.000000,0.000000,0.000000,0.000000,0.000000,0.000000,0,0
68,1.359999,3,gripper_l_finger2,yup_snapshot,1,1,-1.298639,0.754339,0.393091,-0.008356,-0.584272,0.051889,0.809854,-0.162180,-0.041745,0.938353,1,0.000000,0.000000,0.000000,0.000000,0.000000,0.000000,0,0,0.000000,0.000000,0.000000,0.000000,0.000000,0.000000,0,0,0.000000,0.000000,0.000000,0.000000,0.000000,0.000000,0,0,0.000000,0.000000,0.000000,0.000000,0.000000,0.000000,0,0
68,1.359999,4,gripper_r_palm,yup_snapshot,1,1,1.102987,0.954893,0.264995,0.543584,-0.782691,0.303148,-0.003589,1.259657,-0.555424,-1.122574,1,0.000000,0.000000,0.000000,0.000000,0.000000,0.000000,0,0,0.000000,0.000000,0.000000,0.000000,0.000000,0.000000,0,0,0.000000,0.000000,0.000000,0.000000,0.000000,0.000000,0,0,0.000000,0.000000,0.000000,0.000000,0.000000,0.000000,0,0
68,1.359999,5,gripper_r_finger1,yup_snapshot,1,1,1.173834,0.936323,0.247574,0.937782,-0.169038,0.211978,-0.216924,1.259766,-0.555700,-1.122441,1,0.000000,0.000000,0.000000,0.000000,0.000000,0.000000,0,0,0.000000,0.000000,0.000000,0.000000,0.000000,0.000000,0,0,0.000000,0.000000,0.000000,0.000000,0.000000,0.000000,0,0,0.000000,0.000000,0.000000,0.000000,0.000000,0.000000,0,0
68,1.359999,6,gripper_r_finger2,yup_snapshot,1,1,1.323938,0.926179,0.216625,0.216873,0.211694,0.169104,0.937846,1.259305,-0.554532,-1.123004,1,0.000000,0.000000,0.000000,0.000000,0.000000,0.000000,0,0,0.000000,0.000000,0.000000,0.000000,0.000000,0.000000,0,0,0.000000,0.000000,0.000000,0.000000,0.000000,0.000000,0,0,0.000000,0.000000,0.000000,0.000000,0.000000,0.000000,0,0
69,1.379999,0,base,yup_snapshot,0,0,0.000000,0.000000,0.000000,1.000000,0.000000,0.000000,0.000000,0.000000,0.000000,0.000000,0,0.000000,0.000000,0.000000,0.000000,0.000000,0.000000,0,0,0.000000,0.000000,0.000000,0.000000,0.000000,0.000000,0,0,0.000000,0.000000,0.000000,0.000000,0.000000,0.000000,0,0,0.000000,0.000000,0.000000,0.000000,0.000000,0.000000,0,0
69,1.379999,1,gripper_l_palm,yup_snapshot,1,1,-1.144520,0.764366,0.370441,0.531545,-0.614258,-0.415669,-0.409105,-0.287265,-0.094634,0.444899,1,0.000000,0.000000,0.000000,0.000000,0.000000,0.000000,0,0,0.000000,0.000000,0.000000,0.000000,0.000000,0.000000,0,0,0.000000,0.000000,0.000000,0.000000,0.000000,0.000000,0,0,0.000000,0.000000,0.000000,0.000000,0.000000,0.000000,0,0
69,1.379999,2,gripper_l_finger1,yup_snapshot,1,1,-1.392206,0.764530,0.405145,0.810171,-0.058487,-0.583251,0.004645,-0.287306,-0.093960,0.444830,1,0.000000,0.000000,0.000000,0.000000,0.000000,0.000000,0,0,0.000000,0.000000,0.000000,0.000000,0.000000,0.000000,0,0,0.000000,0.000000,0.000000,0.000000,0.000000,0.000000,0,0,0.000000,0.000000,0.000000,0.000000,0.000000,0.000000,0,0
69,1.379999,3,gripper_l_finger2,yup_snapshot,1,1,-1.297631,0.748087,0.393871,-0.004635,-0.583120,0.058488,0.810264,-0.287267,-0.094600,0.444895,1,0.000000,0.000000,0.000000,0.000000,0.000000,0.000000,0,0,0.000000,0.000000,0.000000,0.000000,0.000000,0.000000,0,0,0.000000,0.000000,0.000000,0.000000,0.000000,0.000000,0,0,0.000000,0.000000,0.000000,0.000000,0.000000,0.000000,0,0
69,1.379999,4,gripper_r_palm,yup_snapshot,1,1,1.105931,0.946597,0.272965,0.551746,-0.779210,0.297136,0.010913,1.179336,-0.531817,-1.160984,1,0.000000,0.000000,0.000000,0.000000,0.000000,0.000000,0,0,0.000000,0.000000,0.000000,0.000000,0.000000,0.000000,0,0,0.000000,0.000000,0.000000,0.000000,0.000000,0.000000,0,0,0.000000,0.000000,0.000000,0.000000,0.000000,0.000000,0,0
69,1.379999,5,gripper_r_finger1,yup_snapshot,1,1,1.177154,0.930806,0.254611,0.941091,-0.160807,0.217982,-0.202417,1.179358,-0.531878,-1.160957,1,0.000000,0.000000,0.000000,0.000000,0.000000,0.000000,0,0,0.000000,0.000000,0.000000,0.000000,0.000000,0.000000,0,0,0.000000,0.000000,0.000000,0.000000,0.000000,0.000000,0,0,0.000000,0.000000,0.000000,0.000000,0.000000,0.000000,0,0
69,1.379999,6,gripper_r_finger2,yup_snapshot,1,1,1.327531,0.917550,0.225465,0.202368,0.217695,0.160869,0.941157,1.179038,-0.530985,-1.161360,1,0.000000,0.000000,0.000000,0.000000,0.000000,0.000000,0,0,0.000000,0.000000,0.000000,0.000000,0.000000,0.000000,0,0,0.000000,0.000000,0.000000,0.000000,0.000000,0.000000,0,0,0.000000,0.000000,0.000000,0.000000,0.000000,0.000000,0,0
70,1.399999,0,base,yup_snapshot,0,0,0.000000,0.000000,0.000000,1.000000,0.000000,0.000000,0.000000,0.000000,0.000000,0.000000,0,0.000000,0.000000,0.000000,0.000000,0.000000,0.000000,0,0,0.000000,0.000000,0.000000,0.000000,0.000000,0.000000,0,0,0.000000,0.000000,0.000000,0.000000,0.000000,0.000000,0,0,0.000000,0.000000,0.000000,0.000000,0.000000,0.000000,0,0
70,1.399999,1,gripper_l_palm,yup_snapshot,1,1,-1.144609,0.765365,0.370618,0.528994,-0.617584,-0.415341,-0.407733,-0.337524,-0.133557,-0.038205,1,0.000000,0.000000,0.000000,0.000000,0.000000,0.000000,0,0,0.000000,0.000000,0.000000,0.000000,0.000000,0.000000,0,0,0.000000,0.000000,0.000000,0.000000,0.000000,0.000000,0,0,0.000000,0.000000,0.000000,0.000000,0.000000,0.000000,0,0
70,1.399999,2,gripper_l_finger1,yup_snapshot,1,1,-1.392333,0.765136,0.404974,0.810718,-0.062642,-0.582051,0.005384,-0.337590,-0.132536,-0.038316,1,0.000000,0.000000,0.000000,0.000000,0.000000,0.000000,0,0,0.000000,0.000000,0.000000,0.000000,0.000000,0.000000,0,0,0.000000,0.000000,0.000000,0.000000,0.000000,0.000000,0,0,0.000000,0.000000,0.000000,0.000000,0.000000,0.000000,0,0
70,1.399999,3,gripper_l_finger2,yup_snapshot,1,1,-1.297411,0.748112,0.393984,-0.005373,-0.581915,0.062643,0.810816,-0.337538,-0.133333,-0.038230,1,0.000000,0.000000,0.000000,0.000000,0.000000,0.000000,0,0,0.000000,0.000000,0.000000,0.000000,0.000000,0.000000,0,0,0.000000,0.000000,0.000000,0.000000,0.000000,0.000000,0,0,0.000000,0.000000,0.000000,0.000000,0.000000,0.000000,0,0
70,1.399999,4,gripper_r_palm,yup_snapshot,1,1,1.108639,0.937635,0.280324,0.559235,-0.775976,0.290665,0.025131,1.107805,-0.500875,-1.179589,1,0.000000,0.000000,0.000000,0.000000,0.000000,0.000000,0,0,0.000000,0.000000,0.000000,0.000000,0.000000,0.000000,0,0,0.000000,0.000000,0.000000,0.000000,0.000000,0.000000,0,0,0.000000,0.000000,0.000000,0.000000,0.000000,0.000000,0,0
70,1.399999,5,gripper_r_finger1,yup_snapshot,1,1,1.180222,0.924453,0.261159,0.944099,-0.153228,0.223459,-0.187786,1.107880,-0.501104,-1.179492,1,0.000000,0.000000,0.000000,0.000000,0.000000,0.000000,0,0,0.000000,0.000000,0.000000,0.000000,0.000000,0.000000,0,0,0.000000,0.000000,0.000000,0.000000,0.000000,0.000000,0,0,0.000000,0.000000,0.000000,0.000000,0.000000,0.000000,0,0
70,1.399999,6,gripper_r_finger2,yup_snapshot,1,1,1.330820,0.908050,0.233650,0.187739,0.223172,0.153285,0.944167,1.107543,-0.500065,-1.179932,1,0.000000,0.000000,0.000000,0.000000,0.000000,0.000000,0,0,0.000000,0.000000,0.000000,0.000000,0.000000,0.000000,0,0,0.000000,0.000000,0.000000,0.000000,0.000000,0.000000,0,0,0.000000,0.000000,0.000000,0.000000,0.000000,0.000000,0,0
71,1.419999,0,base,yup_snapshot,0,0,0.000000,0.000000,0.000000,1.000000,0.000000,0.000000,0.000000,0.000000,0.000000,0.000000,0,0.000000,0.000000,0.000000,0.000000,0.000000,0.000000,0,0,0.000000,0.000000,0.000000,0.000000,0.000000,0.000000,0,0,0.000000,0.000000,0.000000,0.000000,0.000000,0.000000,0,0,0.000000,0.000000,0.000000,0.000000,0.000000,0.000000,0,0
71,1.419999,1,gripper_l_palm,yup_snapshot,1,1,-1.145206,0.770921,0.370120,0.528374,-0.619115,-0.417496,-0.403998,-0.320167,-0.155529,-0.409732,1,0.000000,0.000000,0.000000,0.000000,0.000000,0.000000,0,0,0.000000,0.000000,0.000000,0.000000,0.000000,0.000000,0,0,0.000000,0.000000,0.000000,0.000000,0.000000,0.000000,0,0,0.000000,0.000000,0.000000,0.000000,0.000000,0.000000,0,0
71,1.419999,2,gripper_l_finger1,yup_snapshot,1,1,-1.392951,0.771376,0.404073,0.811358,-0.064163,-0.580939,0.009549,-0.320234,-0.154410,-0.409862,1,0.000000,0.000000,0.000000,0.000000,0.000000,0.000000,0,0,0.000000,0.000000,0.000000,0.000000,0.000000,0.000000,0,0,0.000000,0.000000,0.000000,0.000000,0.000000,0.000000,0,0,0.000000,0.000000,0.000000,0.000000,0.000000,0.000000,0,0
71,1.419999,3,gripper_l_finger2,yup_snapshot,1,1,-1.297870,0.753507,0.393381,-0.009538,-0.580797,0.064165,0.811460,-0.320186,-0.155218,-0.409768,1,0.000000,0.000000,0.000000,0.000000,0.000000,0.000000,0,0,0.000000,0.000000,0.000000,0.000000,0.000000,0.000000,0,0,0.000000,0.000000,0.000000,0.000000,0.000000,0.000000,0,0,0.000000,0.000000,0.000000,0.000000,0.000000,0.000000,0,0
71,1.419999,4,gripper_r_palm,yup_snapshot,1,1,1.111066,0.928253,0.287027,0.566122,-0.772923,0.283868,0.038916,1.041234,-0.464094,-1.178081,1,0.000000,0.000000,0.000000,0.000000,0.000000,0.000000,0,0,0.000000,0.000000,0.000000,0.000000,0.000000,0.000000,0,0,0.000000,0.000000,0.000000,0.000000,0.000000,0.000000,0,0,0.000000,0.000000,0.000000,0.000000,0.000000,0.000000,0,0
71,1.419999,5,gripper_r_finger1,yup_snapshot,1,1,1.182987,0.917525,0.267159,0.946810,-0.146201,0.228401,-0.173232,1.041336,-0.464443,-1.177942,1,0.000000,0.000000,0.000000,0.000000,0.000000,0.000000,0,0,0.000000,0.000000,0.000000,0.000000,0.000000,0.000000,0,0,0.000000,0.000000,0.000000,0.000000,0.000000,0.000000,0,0,0.000000,0.000000,0.000000,0.000000,0.000000,0.000000,0,0
71,1.419999,6,gripper_r_finger2,yup_snapshot,1,1,1.333751,0.897980,0.241115,0.173187,0.228112,0.146254,0.946880,1.041003,-0.463300,-1.178396,1,0.000000,0.000000,0.000000,0.000000,0.000000,0.000000,0,0,0.000000,0.000000,0.000000,0.000000,0.000000,0.000000,0,0,0.000000,0.000000,0.000000,0.000000,0.000000,0.000000,0,0,0.000000,0.000000,0.000000,0.000000,0.000000,0.000000,0,0
72,1.439999,0,base,yup_snapshot,0,0,0.000000,0.000000,0.000000,1.000000,0.000000,0.000000,0.000000,0.000000,0.000000,0.000000,0,0.000000,0.000000,0.000000,0.000000,0.000000,0.000000,0,0,0.000000,0.000000,0.000000,0.000000,0.000000,0.000000,0,0,0.000000,0.000000,0.000000,0.000000,0.000000,0.000000,0,0,0.000000,0.000000,0.000000,0.000000,0.000000,0.000000,0,0
72,1.439999,1,gripper_l_palm,yup_snapshot,1,1,-1.146040,0.779533,0.369037,0.529401,-0.619067,-0.421144,-0.398909,-0.256063,-0.169204,-0.634670,1,0.000000,0.000000,0.000000,0.000000,0.000000,0.000000,0,0,0.000000,0.000000,0.000000,0.000000,0.000000,0.000000,0,0,0.000000,0.000000,0.000000,0.000000,0.000000,0.000000,0,0,0.000000,0.000000,0.000000,0.000000,0.000000,0.000000,0,0
72,1.439999,2,gripper_l_finger1,yup_snapshot,1,1,-1.393779,0.781399,0.402561,0.812044,-0.063402,-0.579929,0.015728,-0.256115,-0.168148,-0.634799,1,0.000000,0.000000,0.000000,0.000000,0.000000,0.000000,0,0,0.000000,0.000000,0.000000,0.000000,0.000000,0.000000,0,0,0.000000,0.000000,0.000000,0.000000,0.000000,0.000000,0,0,0.000000,0.000000,0.000000,0.000000,0.000000,0.000000,0,0
72,1.439999,3,gripper_l_finger2,yup_snapshot,1,1,-1.298690,0.762612,0.392142,-0.015716,-0.579780,0.063405,0.812150,-0.256080,-0.168864,-0.634711,1,0.000000,0.000000,0.000000,0.000000,0.000000,0.000000,0,0,0.000000,0.000000,0.000000,0.000000,0.000000,0.000000,0,0,0.000000,0.000000,0.000000,0.000000,0.000000,0.000000,0,0,0.000000,0.000000,0.000000,0.000000,0.000000,0.000000,0,0
72,1.439999,4,gripper_r_palm,yup_snapshot,1,1,1.113184,0.918691,0.293045,0.572455,-0.770007,0.276891,0.052113,0.976705,-0.422763,-1.155969,1,0.000000,0.000000,0.000000,0.000000,0.000000,0.000000,0,0,0.000000,0.000000,0.000000,0.000000,0.000000,0.000000,0,0,0.000000,0.000000,0.000000,0.000000,0.000000,0.000000,0,0,0.000000,0.000000,0.000000,0.000000,0.000000,0.000000,0,0
72,1.439999,5,gripper_r_finger1,yup_snapshot,1,1,1.185419,0.910264,0.272565,0.949225,-0.139663,0.232800,-0.158966,0.976802,-0.423138,-1.155829,1,0.000000,0.000000,0.000000,0.000000,0.000000,0.000000,0,0,0.000000,0.000000,0.000000,0.000000,0.000000,0.000000,0,0,0.000000,0.000000,0.000000,0.000000,0.000000,0.000000,0,0,0.000000,0.000000,0.000000,0.000000,0.000000,0.000000,0,0
72,1.439999,6,gripper_r_finger2,yup_snapshot,1,1,1.336291,0.887629,0.247815,0.158923,0.232510,0.139712,0.949296,0.976588,-0.422314,-1.156136,1,0.000000,0.000000,0.000000,0.000000,0.000000,0.000000,0,0,0.000000,0.000000,0.000000,0.000000,0.000000,0.000000,0,0,0.000000,0.000000,0.000000,0.000000,0.000000,0.000000,0,0,0.000000,0.000000,0.000000,0.000000,0.000000,0.000000,0,0
73,1.459999,0,base,yup_snapshot,0,0,0.000000,0.000000,0.000000,1.000000,0.000000,0.000000,0.000000,0.000000,0.000000,0.000000,0,0.000000,0.000000,0.000000,0.000000,0.000000,0.000000,0,0,0.000000,0.000000,0.000000,0.000000,0.000000,0.000000,0,0,0.000000,0.000000,0.000000,0.000000,0.000000,0.000000,0,0,0.000000,0.000000,0.000000,0.000000,0.000000,0.000000,0,0
73,1.459999,1,gripper_l_palm,yup_snapshot,1,1,-1.146852,0.789556,0.367559,0.531703,-0.617825,-0.425226,-0.393403,-0.158565,-0.183166,-0.717772,1,0.000000,0.000000,0.000000,0.000000,0.000000,0.000000,0,0,0.000000,0.000000,0.000000,0.000000,0.000000,0.000000,0,0,0.000000,0.000000,0.000000,0.000000,0.000000,0.000000,0,0,0.000000,0.000000,0.000000,0.000000,0.000000,0.000000,0,0
73,1.459999,2,gripper_l_finger1,yup_snapshot,1,1,-1.394553,0.793185,0.400633,0.812786,-0.060895,-0.578933,0.022508,-0.158593,-0.182352,-0.717874,1,0.000000,0.000000,0.000000,0.000000,0.000000,0.000000,0,0,0.000000,0.000000,0.000000,0.000000,0.000000,0.000000,0,0,0.000000,0.000000,0.000000,0.000000,0.000000,0.000000,0,0,0.000000,0.000000,0.000000,0.000000,0.000000,0.000000,0,0
73,1.459999,3,gripper_l_finger2,yup_snapshot,1,1,-1.299535,0.773580,0.390436,-0.022496,-0.578778,0.060900,0.812896,-0.158577,-0.182820,-0.717815,1,0.000000,0.000000,0.000000,0.000000,0.000000,0.000000,0,0,0.000000,0.000000,0.000000,0.000000,0.000000,0.000000,0,0,0.000000,0.000000,0.000000,0.000000,0.000000,0.000000,0,0,0.000000,0.000000,0.000000,0.000000,0.000000,0.000000,0,0
73,1.459999,4,gripper_r_palm,yup_snapshot,1,1,1.114984,0.909177,0.298357,0.578263,-0.767204,0.269892,0.064560,0.912007,-0.377950,-1.112376,1,0.000000,0.000000,0.000000,0.000000,0.000000,0.000000,0,0,0.000000,0.000000,0.000000,0.000000,0.000000,0.000000,0,0,0.000000,0.000000,0.000000,0.000000,0.000000,0.000000,0,0,0.000000,0.000000,0.000000,0.000000,0.000000,0.000000,0,0
73,1.459999,5,gripper_r_finger1,yup_snapshot,1,1,1.187502,0.902901,0.277349,0.951349,-0.133577,0.236653,-0.145214,0.912099,-0.378347,-1.112237,1,0.000000,0.000000,0.000000,0.000000,0.000000,0.000000,0,0,0.000000,0.000000,0.000000,0.000000,0.000000,0.000000,0,0,0.000000,0.000000,0.000000,0.000000,0.000000,0.000000,0,0,0.000000,0.000000,0.000000,0.000000,0.000000,0.000000,0,0
73,1.459999,6,gripper_r_finger2,yup_snapshot,1,1,1.338428,0.877275,0.253722,0.145173,0.236362,0.133621,0.951422,0.911934,-0.377631,-1.112488,1,0.000000,0.000000,0.000000,0.000000,0.000000,0.000000,0,0,0.000000,0.000000,0.000000,0.000000,0.000000,0.000000,0,0,0.000000,0.000000,0.000000,0.000000,0.000000,0.000000,0,0,0.000000,0.000000,0.000000,0.000000,0.000000,0.000000,0,0
74,1.479999,0,base,yup_snapshot,0,0,0.000000,0.000000,0.000000,1.000000,0.000000,0.000000,0.000000,0.000000,0.000000,0.000000,0,0.000000,0.000000,0.000000,0.000000,0.000000,0.000000,0,0,0.000000,0.000000,0.000000,0.000000,0.000000,0.000000,0,0,0.000000,0.000000,0.000000,0.000000,0.000000,0.000000,0,0,0.000000,0.000000,0.000000,0.000000,0.000000,0.000000,0,0
74,1.479999,1,gripper_l_palm,yup_snapshot,1,1,-1.147488,0.799446,0.365921,0.534972,-0.615777,-0.428844,-0.388222,-0.037255,-0.202009,-0.691581,1,0.000000,0.000000,0.000000,0.000000,0.000000,0.000000,0,0,0.000000,0.000000,0.000000,0.000000,0.000000,0.000000,0,0,0.000000,0.000000,0.000000,0.000000,0.000000,0.000000,0,0,0.000000,0.000000,0.000000,0.000000,0.000000,0.000000,0,0
74,1.479999,2,gripper_l_finger1,yup_snapshot,1,1,-1.395124,0.804875,0.398523,0.813644,-0.057135,-0.577836,0.028730,-0.037262,-0.201628,-0.691630,1,0.000000,0.000000,0.000000,0.000000,0.000000,0.000000,0,0,0.000000,0.000000,0.000000,0.000000,0.000000,0.000000,0,0,0.000000,0.000000,0.000000,0.000000,0.000000,0.000000,0,0,0.000000,0.000000,0.000000,0.000000,0.000000,0.000000,0,0
74,1.479999,3,gripper_l_finger2,yup_snapshot,1,1,-1.300178,0.784687,0.388482,-0.028719,-0.577679,0.057140,0.813755,-0.037262,-0.201598,-0.691633,1,0.000000,0.000000,0.000000,0.000000,0.000000,0.000000,0,0,0.000000,0.000000,0.000000,0.000000,0.000000,0.000000,0,0,0.000000,0.000000,0.000000,0.000000,0.000000,0.000000,0,0,0.000000,0.000000,0.000000,0.000000,0.000000,0.000000,0,0
74,1.479999,4,gripper_r_palm,yup_snapshot,1,1,1.116469,0.899941,0.302961,0.583566,-0.764506,0.263043,0.076089,0.845489,-0.330503,-1.046055,1,0.000000,0.000000,0.000000,0.000000,0.000000,0.000000,0,0,0.000000,0.000000,0.000000,0.000000,0.000000,0.000000,0,0,0.000000,0.000000,0.000000,0.000000,0.000000,0.000000,0,0,0.000000,0.000000,0.000000,0.000000,0.000000,0.000000,0,0
74,1.479999,5,gripper_r_finger1,yup_snapshot,1,1,1.189238,0.895661,0.281497,0.953191,-0.127922,0.239962,-0.132218,0.845525,-0.330676,-1.045998,1,0.000000,0.000000,0.000000,0.000000,0.000000,0.000000,0,0,0.000000,0.000000,0.000000,0.000000,0.000000,0.000000,0,0,0.000000,0.000000,0.000000,0.000000,0.000000,0.000000,0,0,0.000000,0.000000,0.000000,0.000000,0.000000,0.000000,0,0
74,1.479999,6,gripper_r_finger2,yup_snapshot,1,1,1.340171,0.867196,0.258825,0.132179,0.239670,0.127963,0.953264,0.845430,-0.330211,-1.046151,1,0.000000,0.000000,0.000000,0.000000,0.000000,0.000000,0,0,0.000000,0.000000,0.000000,0.000000,0.000000,0.000000,0,0,0.000000,0.000000,0.000000,0.000000,0.000000,0.000000,0,0,0.000000,0.000000,0.000000,0.000000,0.000000,0.000000,0,0
75,1.499999,0,base,yup_snapshot,0,0,0.000000,0.000000,0.000000,1.000000,0.000000,0.000000,0.000000,0.000000,0.000000,0.000000,0,0.000000,0.000000,0.000000,0.000000,0.000000,0.000000,0,0,0.000000,0.000000,0.000000,0.000000,0.000000,0.000000,0,0,0.000000,0.000000,0.000000,0.000000,0.000000,0.000000,0,0,0.000000,0.000000,0.000000,0.000000,0.000000,0.000000,0,0
75,1.499999,1,gripper_l_palm,yup_snapshot,1,1,-1.147892,0.807791,0.364380,0.538959,-0.613245,-0.431190,-0.384095,0.110203,-0.216257,-0.550625,1,0.000000,0.000000,0.000000,0.000000,0.000000,0.000000,0,0,0.000000,0.000000,0.000000,0.000000,0.000000,0.000000,0,0,0.000000,0.000000,0.000000,0.000000,0.000000,0.000000,0,0,0.000000,0.000000,0.000000,0.000000,0.000000,0.000000,0,0
75,1.499999,2,gripper_l_finger1,yup_snapshot,1,1,-1.395455,0.814774,0.396499,0.814666,-0.052524,-0.576586,0.033307,0.110203,-0.216203,-0.550632,1,0.000000,0.000000,0.000000,0.000000,0.000000,0.000000,0,0,0.000000,0.000000,0.000000,0.000000,0.000000,0.000000,0,0,0.000000,0.000000,0.000000,0.000000,0.000000,0.000000,0,0,0.000000,0.000000,0.000000,0.000000,0.000000,0.000000,0,0
75,1.499999,3,gripper_l_finger2,yup_snapshot,1,1,-1.300506,0.794369,0.386528,-0.033297,-0.576428,0.052531,0.814778,0.110200,-0.215855,-0.550675,1,0.000000,0.000000,0.000000,0.000000,0.000000,0.000000,0,0,0.000000,0.000000,0.000000,0.000000,0.000000,0.000000,0,0,0.000000,0.000000,0.000000,0.000000,0.000000,0.000000,0,0,0.000000,0.000000,0.000000,0.000000,0.000000,0.000000,0,0
75,1.499999,4,gripper_r_palm,yup_snapshot,1,1,1.117658,0.891210,0.306864,0.588379,-0.761915,0.256533,0.086526,0.776038,-0.281094,-0.955688,1,0.000000,0.000000,0.000000,0.000000,0.000000,0.000000,0,0,0.000000,0.000000,0.000000,0.000000,0.000000,0.000000,0,0,0.000000,0.000000,0.000000,0.000000,0.000000,0.000000,0,0,0.000000,0.000000,0.000000,0.000000,0.000000,0.000000,0,0
75,1.499999,5,gripper_r_finger1,yup_snapshot,1,1,1.190640,0.888764,0.285010,0.954761,-0.122688,0.242739,-0.120234,0.776088,-0.281370,-0.955602,1,0.000000,0.000000,0.000000,0.000000,0.000000,0.000000,0,0,0.000000,0.000000,0.000000,0.000000,0.000000,0.000000,0,0,0.000000,0.000000,0.000000,0.000000,0.000000,0.000000,0,0,0.000000,0.000000,0.000000,0.000000,0.000000,0.000000,0,0
75,1.499999,6,gripper_r_finger2,yup_snapshot,1,1,1.341543,0.857668,0.263130,0.120196,0.242446,0.122726,0.954836,0.775994,-0.280848,-0.955765,1,0.000000,0.000000,0.000000,0.000000,0.000000,0.000000,0,0,0.000000,0.000000,0.000000,0.000000,0.000000,0.000000,0,0,0.000000,0.000000,0.000000,0.000000,0.000000,0.000000,0,0,0.000000,0.000000,0.000000,0.000000,0.000000,0.000000,0,0
76,1.519999,0,base,yup_snapshot,0,0,0.000000,0.000000,0.000000,1.000000,0.000000,0.000000,0.000000,0.000000,0.000000,0.000000,0,0.000000,0.000000,0.000000,0.000000,0.000000,0.000000,0,0,0.000000,0.000000,0.000000,0.000000,0.000000,0.000000,0,0,0.000000,0.000000,0.000000,0.000000,0.000000,0.000000,0,0,0.000000,0.000000,0.000000,0.000000,0.000000,0.000000,0,0
76,1.519999,1,gripper_l_palm,yup_snapshot,1,1,-1.148073,0.813385,0.363174,0.543331,-0.610569,-0.431608,-0.381721,0.272997,-0.217083,-0.316125,1,0.000000,0.000000,0.000000,0.000000,0.000000,0.000000,0,0,0.000000,0.000000,0.000000,0.000000,0.000000,0.000000,0,0,0.000000,0.000000,0.000000,0.000000,0.000000,0.000000,0,0,0.000000,0.000000,0.000000,0.000000,0.000000,0.000000,0,0
76,1.519999,2,gripper_l_finger1,yup_snapshot,1,1,-1.395585,0.821413,0.394829,0.815863,-0.047540,-0.575207,0.035281,0.272995,-0.217492,-0.316077,1,0.000000,0.000000,0.000000,0.000000,0.000000,0.000000,0,0,0.000000,0.000000,0.000000,0.000000,0.000000,0.000000,0,0,0.000000,0.000000,0.000000,0.000000,0.000000,0.000000,0,0,0.000000,0.000000,0.000000,0.000000,0.000000,0.000000,0,0
76,1.519999,3,gripper_l_finger2,yup_snapshot,1,1,-1.300506,0.801256,0.384826,-0.035272,-0.575052,0.047547,0.815972,0.272998,-0.216730,-0.316167,1,0.000000,0.000000,0.000000,0.000000,0.000000,0.000000,0,0,0.000000,0.000000,0.000000,0.000000,0.000000,0.000000,0,0,0.000000,0.000000,0.000000,0.000000,0.000000,0.000000,0,0,0.000000,0.000000,0.000000,0.000000,0.000000,0.000000,0,0
76,1.519999,4,gripper_r_palm,yup_snapshot,1,1,1.118579,0.883209,0.310086,0.592720,-0.759437,0.250562,0.095694,0.703228,-0.230329,-0.840769,1,0.000000,0.000000,0.000000,0.000000,0.000000,0.000000,0,0,0.000000,0.000000,0.000000,0.000000,0.000000,0.000000,0,0,0.000000,0.000000,0.000000,0.000000,0.000000,0.000000,0,0,0.000000,0.000000,0.000000,0.000000,0.000000,0.000000,0,0
76,1.519999,5,gripper_r_finger1,yup_snapshot,1,1,1.191736,0.882427,0.287902,0.956078,-0.117868,0.245001,-0.109528,0.703253,-0.230485,-0.840723,1,0.000000,0.000000,0.000000,0.000000,0.000000,0.000000,0,0,0.000000,0.000000,0.000000,0.000000,0.000000,0.000000,0,0,0.000000,0.000000,0.000000,0.000000,0.000000,0.000000,0,0,0.000000,0.000000,0.000000,0.000000,0.000000,0.000000,0,0
76,1.519999,6,gripper_r_finger2,yup_snapshot,1,1,1.342583,0.848965,0.266655,0.109492,0.244705,0.117902,0.956154,0.703196,-0.230124,-0.840829,1,0.000000,0.000000,0.000000,0.000000,0.000000,0.000000,0,0,0.000000,0.000000,0.000000,0.000000,0.000000,0.000000,0,0,0.000000,0.000000,0.000000,0.000000,0.000000,0.000000,0,0,0.000000,0.000000,0.000000,0.000000,0.000000,0.000000,0,0
77,1.539999,0,base,yup_snapshot,0,0,0.000000,0.000000,0.000000,1.000000,0.000000,0.000000,0.000000,0.000000,0.000000,0.000000,0,0.000000,0.000000,0.000000,0.000000,0.000000,0.000000,0,0,0.000000,0.000000,0.000000,0.000000,0.000000,0.000000,0,0,0.000000,0.000000,0.000000,0.000000,0.000000,0.000000,0,0,0.000000,0.000000,0.000000,0.000000,0.000000,0.000000,0,0
77,1.539999,1,gripper_l_palm,yup_snapshot,1,1,-1.148078,0.815571,0.362441,0.547517,-0.608226,-0.429973,-0.381326,0.391968,-0.200334,-0.041196,1,0.000000,0.000000,0.000000,0.000000,0.000000,0.000000,0,0,0.000000,0.000000,0.000000,0.000000,0.000000,0.000000,0,0,0.000000,0.000000,0.000000,0.000000,0.000000,0.000000,0,0,0.000000,0.000000,0.000000,0.000000,0.000000,0.000000,0,0
77,1.539999,2,gripper_l_finger1,yup_snapshot,1,1,-1.395583,0.823987,0.393676,0.817167,-0.042924,-0.573770,0.034404,0.391963,-0.201103,-0.041112,1,0.000000,0.000000,0.000000,0.000000,0.000000,0.000000,0,0,0.000000,0.000000,0.000000,0.000000,0.000000,0.000000,0,0,0.000000,0.000000,0.000000,0.000000,0.000000,0.000000,0,0,0.000000,0.000000,0.000000,0.000000,0.000000,0.000000,0,0
77,1.539999,3,gripper_l_finger2,yup_snapshot,1,1,-1.300231,0.804503,0.383564,-0.034396,-0.573620,0.042931,0.817272,0.391969,-0.200204,-0.041211,1,0.000000,0.000000,0.000000,0.000000,0.000000,0.000000,0,0,0.000000,0.000000,0.000000,0.000000,0.000000,0.000000,0,0,0.000000,0.000000,0.000000,0.000000,0.000000,0.000000,0,0,0.000000,0.000000,0.000000,0.000000,0.000000,0.000000,0,0
77,1.539999,4,gripper_r_palm,yup_snapshot,1,1,1.119271,0.876142,0.312662,0.596617,-0.757077,0.245324,0.103438,0.627771,-0.179138,-0.703404,1,0.000000,0.000000,0.000000,0.000000,0.000000,0.000000,0,0,0.000000,0.000000,0.000000,0.000000,0.000000,0.000000,0,0,0.000000,0.000000,0.000000,0.000000,0.000000,0.000000,0,0,0.000000,0.000000,0.000000,0.000000,0.000000,0.000000,0,0
77,1.539999,5,gripper_r_finger1,yup_snapshot,1,1,1.192562,0.876853,0.290199,0.957164,-0.113446,0.246773,-0.100348,0.627783,-0.179227,-0.703379,1,0.000000,0.000000,0.000000,0.000000,0.000000,0.000000,0,0,0.000000,0.000000,0.000000,0.000000,0.000000,0.000000,0,0,0.000000,0.000000,0.000000,0.000000,0.000000,0.000000,0,0,0.000000,0.000000,0.000000,0.000000,0.000000,0.000000,0,0
77,1.539999,6,gripper_r_finger2,yup_snapshot,1,1,1.343341,0.841339,0.269439,0.100313,0.246476,0.113477,0.957241,0.627740,-0.178926,-0.703464,1,0.000000,0.000000,0.000000,0.000000,0.000000,0.000000,0,0,0.000000,0.000000,0.000000,0.000000,0.000000,0.000000,0,0,0.000000,0.000000,0.000000,0.000000,0.000000,0.000000,0,0,0.000000,0.000000,0.000000,0.000000,0.000000,0.000000,0,0
78,1.559999,0,base,yup_snapshot,0,0,0.000000,0.000000,0.000000,1.000000,0.000000,0.000000,0.000000,0.000000,0.000000,0.000000,0,0.000000,0.000000,0.000000,0.000000,0.000000,0.000000,0,0,0.000000,0.000000,0.000000,0.000000,0.000000,0.000000,0,0,0.000000,0.000000,0.000000,0.000000,0.000000,0.000000,0,0,0.000000,0.000000,0.000000,0.000000,0.000000,0.000000,0,0
78,1.559999,1,gripper_l_palm,yup_snapshot,1,1,-1.147953,0.814535,0.362164,0.550683,-0.606836,-0.426685,-0.382673,0.408278,-0.169148,0.204702,1,0.000000,0.000000,0.000000,0.000000,0.000000,0.000000,0,0,0.000000,0.000000,0.000000,0.000000,0.000000,0.000000,0,0,0.000000,0.000000,0.000000,0.000000,0.000000,0.000000,0,0,0.000000,0.000000,0.000000,0.000000,0.000000,0.000000,0,0
78,1.559999,2,gripper_l_finger1,yup_snapshot,1,1,-1.395505,0.822649,0.393041,0.818424,-0.039702,-0.572396,0.031126,0.408274,-0.169853,0.204774,1,0.000000,0.000000,0.000000,0.000000,0.000000,0.000000,0,0,0.000000,0.000000,0.000000,0.000000,0.000000,0.000000,0,0,0.000000,0.000000,0.000000,0.000000,0.000000,0.000000,0,0,0.000000,0.000000,0.000000,0.000000,0.000000,0.000000,0,0
78,1.559999,3,gripper_l_finger2,yup_snapshot,1,1,-1.299762,0.804072,0.382800,-0.031119,-0.572248,0.039708,0.818527,0.408278,-0.169172,0.204705,1,0.000000,0.000000,0.000000,0.000000,0.000000,0.000000,0,0,0.000000,0.000000,0.000000,0.000000,0.000000,0.000000,0,0,0.000000,0.000000,0.000000,0.000000,0.000000,0.000000,0,0,0.000000,0.000000,0.000000,0.000000,0.000000,0.000000,0,0
78,1.559999,4,gripper_r_palm,yup_snapshot,1,1,1.119777,0.870164,0.314642,0.600110,-0.754834,0.240974,0.109660,0.552151,-0.129373,-0.551339,1,0.000000,0.000000,0.000000,0.000000,0.000000,0.000000,0,0,0.000000,0.000000,0.000000,0.000000,0.000000,0.000000,0,0,0.000000,0.000000,0.000000,0.000000,0.000000,0.000000,0,0,0.000000,0.000000,0.000000,0.000000,0.000000,0.000000,0,0
78,1.559999,5,gripper_r_finger1,yup_snapshot,1,1,1.193160,0.872199,0.291946,0.958048,-0.109390,0.248097,-0.092872,0.552158,-0.129427,-0.551325,1,0.000000,0.000000,0.000000,0.000000,0.000000,0.000000,0,0,0.000000,0.000000,0.000000,0.000000,0.000000,0.000000,0,0,0.000000,0.000000,0.000000,0.000000,0.000000,0.000000,0,0,0.000000,0.000000,0.000000,0.000000,0.000000,0.000000,0,0
78,1.559999,6,gripper_r_finger2,yup_snapshot,1,1,1.343875,0.834986,0.271538,0.092838,0.247799,0.109419,0.958126,0.552143,-0.129315,-0.551355,1,0.000000,0.000000,0.000000,0.000000,0.000000,0.000000,0,0,0.000000,0.000000,0.000000,0.000000,0.000000,0.000000,0,0,0.000000,0.000000,0.000000,0.000000,0.000000,0.000000,0,0,0.000000,0.000000,0.000000,0.000000,0.000000,0.000000,0,0
79,1.579999,0,base,yup_snapshot,0,0,0.000000,0.000000,0.000000,1.000000,0.000000,0.000000,0.000000,0.000000,0.000000,0.000000,0,0.000000,0.000000,0.000000,0.000000,0.000000,0.000000,0,0,0.000000,0.000000,0.000000,0.000000,0.000000,0.000000,0,0,0.000000,0.000000,0.000000,0.000000,0.000000,0.000000,0,0,0.000000,0.000000,0.000000,0.000000,0.000000,0.000000,0,0
79,1.579999,1,gripper_l_palm,yup_snapshot,1,1,-1.147732,0.811325,0.362208,0.552380,-0.606700,-0.422694,-0.384866,0.316714,-0.139765,0.349665,1,0.000000,0.000000,0.000000,0.000000,0.000000,0.000000,0,0,0.000000,0.000000,0.000000,0.000000,0.000000,0.000000,0,0,0.000000,0.000000,0.000000,0.000000,0.000000,0.000000,0,0,0.000000,0.000000,0.000000,0.000000,0.000000,0.000000,0,0
79,1.579999,2,gripper_l_finger1,yup_snapshot,1,1,-1.395366,0.818655,0.392772,0.819532,-0.038407,-0.571118,0.026752,0.316714,-0.140483,0.349732,1,0.000000,0.000000,0.000000,0.000000,0.000000,0.000000,0,0,0.000000,0.000000,0.000000,0.000000,0.000000,0.000000,0,0,0.000000,0.000000,0.000000,0.000000,0.000000,0.000000,0,0,0.000000,0.000000,0.000000,0.000000,0.000000,0.000000,0,0
79,1.579999,3,gripper_l_finger2,yup_snapshot,1,1,-1.299176,0.800949,0.382444,-0.026745,-0.570975,0.038412,0.819632,0.316714,-0.139843,0.349672,1,0.000000,0.000000,0.000000,0.000000,0.000000,0.000000,0,0,0.000000,0.000000,0.000000,0.000000,0.000000,0.000000,0,0,0.000000,0.000000,0.000000,0.000000,0.000000,0.000000,0,0,0.000000,0.000000,0.000000,0.000000,0.000000,0.000000,0,0
79,1.579999,4,gripper_r_palm,yup_snapshot,1,1,1.120142,0.865330,0.316101,0.603256,-0.752700,0.237568,0.114392,0.481630,-0.084887,-0.402234,1,0.000000,0.000000,0.000000,0.000000,0.000000,0.000000,0,0,0.000000,0.000000,0.000000,0.000000,0.000000,0.000000,0,0,0.000000,0.000000,0.000000,0.000000,0.000000,0.000000,0,0,0.000000,0.000000,0.000000,0.000000,0.000000,0.000000,0,0
79,1.579999,5,gripper_r_finger1,yup_snapshot,1,1,1.193579,0.868532,0.293208,0.958764,-0.105658,0.249034,-0.087116,0.481625,-0.084844,-0.402245,1,0.000000,0.000000,0.000000,0.000000,0.000000,0.000000,0,0,0.000000,0.000000,0.000000,0.000000,0.000000,0.000000,0,0,0.000000,0.000000,0.000000,0.000000,0.000000,0.000000,0,0,0.000000,0.000000,0.000000,0.000000,0.000000,0.000000,0,0
79,1.579999,6,gripper_r_finger2,yup_snapshot,1,1,1.344243,0.829974,0.273039,0.087083,0.248736,0.105685,0.958842,0.481628,-0.084872,-0.402238,1,0.000000,0.000000,0.000000,0.000000,0.000000,0.000000,0,0,0.000000,0.000000,0.000000,0.000000,0.000000,0.000000,0,0,0.000000,0.000000,0.000000,0.000000,0.000000,0.000000,0,0,0.000000,0.000000,0.000000,0.000000,0.000000,0.000000,0,0
80,1.599999,0,base,yup_snapshot,0,0,0.000000,0.000000,0.000000,1.000000,0.000000,0.000000,0.000000,0.000000,0.000000,0.000000,0,0.000000,0.000000,0.000000,0.000000,0.000000,0.000000,0,0,0.000000,0.000000,0.000000,0.000000,0.000000,0.000000,0,0,0.000000,0.000000,0.000000,0.000000,0.000000,0.000000,0,0,0.000000,0.000000,0.000000,0.000000,0.000000,0.000000,0,0
80,1.599999,1,gripper_l_palm,yup_snapshot,1,1,-1.147466,0.807516,0.362394,0.552738,-0.607666,-0.418925,-0.386942,0.174565,-0.124136,0.362135,1,0.000000,0.000000,0.000000,0.000000,0.000000,0.000000,0,0,0.000000,0.000000,0.000000,0.000000,0.000000,0.000000,0,0,0.000000,0.000000,0.000000,0.000000,0.000000,0.000000,0,0,0.000000,0.000000,0.000000,0.000000,0.000000,0.000000,0,0
80,1.599999,2,gripper_l_finger1,yup_snapshot,1,1,-1.395188,0.813890,0.392657,0.820475,-0.038837,-0.569913,0.022619,0.174569,-0.124677,0.362184,1,0.000000,0.000000,0.000000,0.000000,0.000000,0.000000,0,0,0.000000,0.000000,0.000000,0.000000,0.000000,0.000000,0,0,0.000000,0.000000,0.000000,0.000000,0.000000,0.000000,0,0,0.000000,0.000000,0.000000,0.000000,0.000000,0.000000,0,0
80,1.599999,3,gripper_l_finger2,yup_snapshot,1,1,-1.298548,0.796822,0.382318,-0.022613,-0.569774,0.038841,0.820571,0.174566,-0.124307,0.362150,1,0.000000,0.000000,0.000000,0.000000,0.000000,0.000000,0,0,0.000000,0.000000,0.000000,0.000000,0.000000,0.000000,0,0,0.000000,0.000000,0.000000,0.000000,0.000000,0.000000,0,0,0.000000,0.000000,0.000000,0.000000,0.000000,0.000000,0,0
80,1.599999,4,gripper_r_palm,yup_snapshot,1,1,1.120407,0.861531,0.317139,0.606126,-0.750663,0.235007,0.117848,0.420143,-0.049963,-0.278811,1,0.000000,0.000000,0.000000,0.000000,0.000000,0.000000,0,0,0.000000,0.000000,0.000000,0.000000,0.000000,0.000000,0,0,0.000000,0.000000,0.000000,0.000000,0.000000,0.000000,0,0,0.000000,0.000000,0.000000,0.000000,0.000000,0.000000,0,0
80,1.599999,5,gripper_r_finger1,yup_snapshot,1,1,1.193865,0.865770,0.294079,0.959353,-0.102190,0.249667,-0.082861,0.420139,-0.049934,-0.278818,1,0.000000,0.000000,0.000000,0.000000,0.000000,0.000000,0,0,0.000000,0.000000,0.000000,0.000000,0.000000,0.000000,0,0,0.000000,0.000000,0.000000,0.000000,0.000000,0.000000,0,0,0.000000,0.000000,0.000000,0.000000,0.000000,0.000000,0,0
80,1.599999,6,gripper_r_finger2,yup_snapshot,1,1,1.344494,0.826176,0.274059,0.082830,0.249370,0.102216,0.959430,0.420144,-0.049979,-0.278807,1,0.000000,0.000000,0.000000,0.000000,0.000000,0.000000,0,0,0.000000,0.000000,0.000000,0.000000,0.000000,0.000000,0,0,0.000000,0.000000,0.000000,0.000000,0.000000,0.000000,0,0,0.000000,0.000000,0.000000,0.000000,0.000000,0.000000,0,0
81,1.619999,0,base,yup_snapshot,0,0,0.000000,0.000000,0.000000,1.000000,0.000000,0.000000,0.000000,0.000000,0.000000,0.000000,0,0.000000,0.000000,0.000000,0.000000,0.000000,0.000000,0,0,0.000000,0.000000,0.000000,0.000000,0.000000,0.000000,0,0,0.000000,0.000000,0.000000,0.000000,0.000000,0.000000,0,0,0.000000,0.000000,0.000000,0.000000,0.000000,0.000000,0,0
81,1.619999,1,gripper_l_palm,yup_snapshot,1,1,-1.147230,0.804612,0.362548,0.552364,-0.609193,-0.416067,-0.388157,0.044417,-0.122209,0.257640,1,0.000000,0.000000,0.000000,0.000000,0.000000,0.000000,0,0,0.000000,0.000000,0.000000,0.000000,0.000000,0.000000,0,0,0.000000,0.000000,0.000000,0.000000,0.000000,0.000000,0,0,0.000000,0.000000,0.000000,0.000000,0.000000,0.000000,0,0
81,1.619999,2,gripper_l_finger1,yup_snapshot,1,1,-1.395023,0.810178,0.392499,0.821296,-0.040182,-0.568743,0.019739,0.044420,-0.122452,0.257661,1,0.000000,0.000000,0.000000,0.000000,0.000000,0.000000,0,0,0.000000,0.000000,0.000000,0.000000,0.000000,0.000000,0,0,0.000000,0.000000,0.000000,0.000000,0.000000,0.000000,0,0,0.000000,0.000000,0.000000,0.000000,0.000000,0.000000,0,0
81,1.619999,3,gripper_l_finger2,yup_snapshot,1,1,-1.297977,0.793441,0.382224,-0.019732,-0.568607,0.040186,0.821390,0.044419,-0.122388,0.257655,1,0.000000,0.000000,0.000000,0.000000,0.000000,0.000000,0,0,0.000000,0.000000,0.000000,0.000000,0.000000,0.000000,0,0,0.000000,0.000000,0.000000,0.000000,0.000000,0.000000,0,0,0.000000,0.000000,0.000000,0.000000,0.000000,0.000000,0,0
81,1.619999,4,gripper_r_palm,yup_snapshot,1,1,1.120606,0.858473,0.317883,0.608782,-0.748717,0.233028,0.120440,0.373424,-0.029006,-0.206159,1,0.000000,0.000000,0.000000,0.000000,0.000000,0.000000,0,0,0.000000,0.000000,0.000000,0.000000,0.000000,0.000000,0,0,0.000000,0.000000,0.000000,0.000000,0.000000,0.000000,0,0,0.000000,0.000000,0.000000,0.000000,0.000000,0.000000,0,0
81,1.619999,5,gripper_r_finger1,yup_snapshot,1,1,1.194063,0.863651,0.294677,0.959855,-0.098935,0.250101,-0.079628,0.373423,-0.028995,-0.206161,1,0.000000,0.000000,0.000000,0.000000,0.000000,0.000000,0,0,0.000000,0.000000,0.000000,0.000000,0.000000,0.000000,0,0,0.000000,0.000000,0.000000,0.000000,0.000000,0.000000,0,0,0.000000,0.000000,0.000000,0.000000,0.000000,0.000000,0,0
81,1.619999,6,gripper_r_finger2,yup_snapshot,1,1,1.344673,0.823234,0.274748,0.079598,0.249803,0.098960,0.959932,0.373429,-0.029053,-0.206148,1,0.000000,0.000000,0.000000,0.000000,0.000000,0.000000,0,0,0.000000,0.000000,0.000000,0.000000,0.000000,0.000000,0,0,0.000000,0.000000,0.000000,0.000000,0.000000,0.000000,0,0,0.000000,0.000000,0.000000,0.000000,0.000000,0.000000,0,0
82,1.639999,0,base,yup_snapshot,0,0,0.000000,0.000000,0.000000,1.000000,0.000000,0.000000,0.000000,0.000000,0.000000,0.000000,0,0.000000,0.000000,0.000000,0.000000,0.000000,0.000000,0,0,0.000000,0.000000,0.000000,0.000000,0.000000,0.000000,0,0,0.000000,0.000000,0.000000,0.000000,0.000000,0.000000,0,0,0.000000,0.000000,0.000000,0.000000,0.000000,0.000000,0,0
82,1.639999,1,gripper_l_palm,yup_snapshot,1,1,-1.147093,0.803567,0.362535,0.551961,-0.610654,-0.414458,-0.388156,-0.038729,-0.127582,0.087276,1,0.000000,0.000000,0.000000,0.000000,0.000000,0.000000,0,0,0.000000,0.000000,0.000000,0.000000,0.000000,0.000000,0,0,0.000000,0.000000,0.000000,0.000000,0.000000,0.000000,0,0,0.000000,0.000000,0.000000,0.000000,0.000000,0.000000,0,0
82,1.639999,2,gripper_l_finger1,yup_snapshot,1,1,-1.394930,0.808701,0.392156,0.822047,-0.041501,-0.567600,0.018602,-0.038730,-0.127540,0.087272,1,0.000000,0.000000,0.000000,0.000000,0.000000,0.000000,0,0,0.000000,0.000000,0.000000,0.000000,0.000000,0.000000,0,0,0.000000,0.000000,0.000000,0.000000,0.000000,0.000000,0,0,0.000000,0.000000,0.000000,0.000000,0.000000,0.000000,0,0
82,1.639999,3,gripper_l_finger2,yup_snapshot,1,1,-1.297553,0.792010,0.381997,-0.018595,-0.567465,0.041504,0.822140,-0.038727,-0.127679,0.087285,1,0.000000,0.000000,0.000000,0.000000,0.000000,0.000000,0,0,0.000000,0.000000,0.000000,0.000000,0.000000,0.000000,0,0,0.000000,0.000000,0.000000,0.000000,0.000000,0.000000,0,0,0.000000,0.000000,0.000000,0.000000,0.000000,0.000000,0,0
82,1.639999,4,gripper_r_palm,yup_snapshot,1,1,1.120768,0.855714,0.318467,0.611261,-0.746879,0.231267,0.122671,0.341714,-0.022476,-0.194255,1,0.000000,0.000000,0.000000,0.000000,0.000000,0.000000,0,0,0.000000,0.000000,0.000000,0.000000,0.000000,0.000000,0,0,0.000000,0.000000,0.000000,0.000000,0.000000,0.000000,0,0,0.000000,0.000000,0.000000,0.000000,0.000000,0.000000,0,0
82,1.639999,5,gripper_r_finger1,yup_snapshot,1,1,1.194213,0.861764,0.295130,0.960308,-0.095883,0.250433,-0.076805,0.341714,-0.022468,-0.194257,1,0.000000,0.000000,0.000000,0.000000,0.000000,0.000000,0,0,0.000000,0.000000,0.000000,0.000000,0.000000,0.000000,0,0,0.000000,0.000000,0.000000,0.000000,0.000000,0.000000,0,0,0.000000,0.000000,0.000000,0.000000,0.000000,0.000000,0,0
82,1.639999,6,gripper_r_finger2,yup_snapshot,1,1,1.344808,0.820616,0.275264,0.076776,0.250136,0.095907,0.960385,0.341725,-0.022578,-0.194232,1,0.000000,0.000000,0.000000,0.000000,0.000000,0.000000,0,0,0.000000,0.000000,0.000000,0.000000,0.000000,0.000000,0,0,0.000000,0.000000,0.000000,0.000000,0.000000,0.000000,0,0,0.000000,0.000000,0.000000,0.000000,0.000000,0.000000,0,0
83,1.659999,0,base,yup_snapshot,0,0,0.000000,0.000000,0.000000,1.000000,0.000000,0.000000,0.000000,0.000000,0.000000,0.000000,0,0.000000,0.000000,0.000000,0.000000,0.000000,0.000000,0,0,0.000000,0.000000,0.000000,0.000000,0.000000,0.000000,0,0,0.000000,0.000000,0.000000,0.000000,0.000000,0.000000,0,0,0.000000,0.000000,0.000000,0.000000,0.000000,0.000000,0,0
83,1.659999,1,gripper_l_palm,yup_snapshot,1,1,-1.147080,0.804600,0.362291,0.552034,-0.611605,-0.414064,-0.386974,-0.070635,-0.135821,-0.087852,1,0.000000,0.000000,0.000000,0.000000,0.000000,0.000000,0,0,0.000000,0.000000,0.000000,0.000000,0.000000,0.000000,0,0,0.000000,0.000000,0.000000,0.000000,0.000000,0.000000,0,0,0.000000,0.000000,0.000000,0.000000,0.000000,0.000000,0,0
83,1.659999,2,gripper_l_finger1,yup_snapshot,1,1,-1.394933,0.809755,0.391563,0.822772,-0.042122,-0.566485,0.019159,-0.070639,-0.135610,-0.087872,1,0.000000,0.000000,0.000000,0.000000,0.000000,0.000000,0,0,0.000000,0.000000,0.000000,0.000000,0.000000,0.000000,0,0,0.000000,0.000000,0.000000,0.000000,0.000000,0.000000,0,0,0.000000,0.000000,0.000000,0.000000,0.000000,0.000000,0,0
83,1.659999,3,gripper_l_finger2,yup_snapshot,1,1,-1.297308,0.792909,0.381545,-0.019152,-0.566350,0.042125,0.822865,-0.070635,-0.135828,-0.087852,1,0.000000,0.000000,0.000000,0.000000,0.000000,0.000000,0,0,0.000000,0.000000,0.000000,0.000000,0.000000,0.000000,0,0,0.000000,0.000000,0.000000,0.000000,0.000000,0.000000,0,0,0.000000,0.000000,0.000000,0.000000,0.000000,0.000000,0,0
83,1.659999,4,gripper_r_palm,yup_snapshot,1,1,1.120911,0.852769,0.319001,0.613581,-0.745174,0.229361,0.125011,0.323911,-0.027120,-0.236980,1,0.000000,0.000000,0.000000,0.000000,0.000000,0.000000,0,0,0.000000,0.000000,0.000000,0.000000,0.000000,0.000000,0,0,0.000000,0.000000,0.000000,0.000000,0.000000,0.000000,0,0,0.000000,0.000000,0.000000,0.000000,0.000000,0.000000,0,0
83,1.659999,5,gripper_r_finger1,yup_snapshot,1,1,1.194343,0.859647,0.295546,0.960743,-0.093037,0.250739,-0.073802,0.323902,-0.027033,-0.237000,1,0.000000,0.000000,0.000000,0.000000,0.000000,0.000000,0,0,0.000000,0.000000,0.000000,0.000000,0.000000,0.000000,0,0,0.000000,0.000000,0.000000,0.000000,0.000000,0.000000,0,0,0.000000,0.000000,0.000000,0.000000,0.000000,0.000000,0,0
83,1.659999,6,gripper_r_finger2,yup_snapshot,1,1,1.344921,0.817744,0.275741,0.073773,0.250443,0.093060,0.960820,0.323926,-0.027279,-0.236945,1,0.000000,0.000000,0.000000,0.000000,0.000000,0.000000,0,0,0.000000,0.000000,0.000000,0.000000,0.000000,0.000000,0,0,0.000000,0.000000,0.000000,0.000000,0.000000,0.000000,0,0,0.000000,0.000000,0.000000,0.000000,0.000000,0.000000,0,0
84,1.679999,0,base,yup_snapshot,0,0,0.000000,0.000000,0.000000,1.000000,0.000000,0.000000,0.000000,0.000000,0.000000,0.000000,0,0.000000,0.000000,0.000000,0.000000,0.000000,0.000000,0,0,0.000000,0.000000,0.000000,0.000000,0.000000,0.000000,0,0,0.000000,0.000000,0.000000,0.000000,0.000000,0.000000,0,0,0.000000,0.000000,0.000000,0.000000,0.000000,0.000000,0,0
84,1.679999,1,gripper_l_palm,yup_snapshot,1,1,-1.147160,0.807295,0.361823,0.552828,-0.611844,-0.414533,-0.384954,-0.054322,-0.144340,-0.218108,1,0.000000,0.000000,0.000000,0.000000,0.000000,0.000000,0,0,0.000000,0.000000,0.000000,0.000000,0.000000,0.000000,0,0,0.000000,0.000000,0.000000,0.000000,0.000000,0.000000,0,0,0.000000,0.000000,0.000000,0.000000,0.000000,0.000000,0,0
84,1.679999,2,gripper_l_finger1,yup_snapshot,1,1,-1.395003,0.812862,0.390734,0.823502,-0.041729,-0.565390,0.020919,-0.054326,-0.144078,-0.218133,1,0.000000,0.000000,0.000000,0.000000,0.000000,0.000000,0,0,0.000000,0.000000,0.000000,0.000000,0.000000,0.000000,0,0,0.000000,0.000000,0.000000,0.000000,0.000000,0.000000,0,0,0.000000,0.000000,0.000000,0.000000,0.000000,0.000000,0,0
84,1.679999,3,gripper_l_finger2,yup_snapshot,1,1,-1.297203,0.795774,0.380854,-0.020912,-0.565254,0.041733,0.823595,-0.054323,-0.144282,-0.218114,1,0.000000,0.000000,0.000000,0.000000,0.000000,0.000000,0,0,0.000000,0.000000,0.000000,0.000000,0.000000,0.000000,0,0,0.000000,0.000000,0.000000,0.000000,0.000000,0.000000,0,0,0.000000,0.000000,0.000000,0.000000,0.000000,0.000000,0,0
84,1.679999,4,gripper_r_palm,yup_snapshot,1,1,1.121044,0.849189,0.319563,0.615773,-0.743609,0.226991,0.127844,0.320672,-0.038634,-0.323083,1,0.000000,0.000000,0.000000,0.000000,0.000000,0.000000,0,0,0.000000,0.000000,0.000000,0.000000,0.000000,0.000000,0,0,0.000000,0.000000,0.000000,0.000000,0.000000,0.000000,0,0,0.000000,0.000000,0.000000,0.000000,0.000000,0.000000,0,0
84,1.679999,5,gripper_r_finger1,yup_snapshot,1,1,1.194468,0.856877,0.295999,0.961187,-0.090383,0.251066,-0.070123,0.320655,-0.038442,-0.323124,1,0.000000,0.000000,0.000000,0.000000,0.000000,0.000000,0,0,0.000000,0.000000,0.000000,0.000000,0.000000,0.000000,0,0,0.000000,0.000000,0.000000,0.000000,0.000000,0.000000,0,0,0.000000,0.000000,0.000000,0.000000,0.000000,0.000000,0,0
84,1.679999,6,gripper_r_finger2,yup_snapshot,1,1,1.345016,0.814094,0.276265,0.070095,0.250771,0.090404,0.961263,0.320691,-0.038836,-0.323039,1,0.000000,0.000000,0.000000,0.000000,0.000000,0.000000,0,0,0.000000,0.000000,0.000000,0.000000,0.000000,0.000000,0,0,0.000000,0.000000,0.000000,0.000000,0.000000,0.000000,0,0,0.000000,0.000000,0.000000,0.000000,0.000000,0.000000,0,0
85,1.699999,0,base,yup_snapshot,0,0,0.000000,0.000000,0.000000,1.000000,0.000000,0.000000,0.000000,0.000000,0.000000,0.000000,0,0.000000,0.000000,0.000000,0.000000,0.000000,0.000000,0,0,0.000000,0.000000,0.000000,0.000000,0.000000,0.000000,0,0,0.000000,0.000000,0.000000,0.000000,0.000000,0.000000,0,0,0.000000,0.000000,0.000000,0.000000,0.000000,0.000000,0,0
85,1.699999,1,gripper_l_palm,yup_snapshot,1,1,-1.147271,0.810829,0.361212,0.554359,-0.611394,-0.415303,-0.382631,-0.000305,-0.151643,-0.271947,1,0.000000,0.000000,0.000000,0.000000,0.000000,0.000000,0,0,0.000000,0.000000,0.000000,0.000000,0.000000,0.000000,0,0,0.000000,0.000000,0.000000,0.000000,0.000000,0.000000,0,0,0.000000,0.000000,0.000000,0.000000,0.000000,0.000000,0,0
85,1.699999,2,gripper_l_finger1,yup_snapshot,1,1,-1.395087,0.817031,0.389756,0.824264,-0.040328,-0.564295,0.023106,-0.000307,-0.151439,-0.271966,1,0.000000,0.000000,0.000000,0.000000,0.000000,0.000000,0,0,0.000000,0.000000,0.000000,0.000000,0.000000,0.000000,0,0,0.000000,0.000000,0.000000,0.000000,0.000000,0.000000,0,0,0.000000,0.000000,0.000000,0.000000,0.000000,0.000000,0,0
85,1.699999,3,gripper_l_finger2,yup_snapshot,1,1,-1.297151,0.799742,0.379987,-0.023099,-0.564158,0.040332,0.824357,-0.000306,-0.151550,-0.271956,1,0.000000,0.000000,0.000000,0.000000,0.000000,0.000000,0,0,0.000000,0.000000,0.000000,0.000000,0.000000,0.000000,0,0,0.000000,0.000000,0.000000,0.000000,0.000000,0.000000,0,0,0.000000,0.000000,0.000000,0.000000,0.000000,0.000000,0,0
85,1.699999,4,gripper_r_palm,yup_snapshot,1,1,1.121162,0.844577,0.320198,0.617896,-0.742156,0.223867,0.131503,0.333087,-0.054685,-0.447271,1,0.000000,0.000000,0.000000,0.000000,0.000000,0.000000,0,0,0.000000,0.000000,0.000000,0.000000,0.000000,0.000000,0,0,0.000000,0.000000,0.000000,0.000000,0.000000,0.000000,0,0,0.000000,0.000000,0.000000,0.000000,0.000000,0.000000,0,0
85,1.699999,5,gripper_r_finger1,yup_snapshot,1,1,1.194584,0.853090,0.296529,0.961661,-0.087854,0.251442,-0.065326,0.333061,-0.054371,-0.447336,1,0.000000,0.000000,0.000000,0.000000,0.000000,0.000000,0,0,0.000000,0.000000,0.000000,0.000000,0.000000,0.000000,0,0,0.000000,0.000000,0.000000,0.000000,0.000000,0.000000,0,0,0.000000,0.000000,0.000000,0.000000,0.000000,0.000000,0,0
85,1.699999,6,gripper_r_finger2,yup_snapshot,1,1,1.345082,0.809213,0.276885,0.065299,0.251150,0.087875,0.961737,0.333110,-0.054957,-0.447215,1,0.000000,0.000000,0.000000,0.000000,0.000000,0.000000,0,0,0.000000,0.000000,0.000000,0.000000,0.000000,0.000000,0,0,0.000000,0.000000,0.000000,0.000000,0.000000,0.000000,0,0,0.000000,0.000000,0.000000,0.000000,0.000000,0.000000,0,0
86,1.719999,0,base,yup_snapshot,0,0,0.000000,0.000000,0.000000,1.000000,0.000000,0.000000,0.000000,0.000000,0.000000,0.000000,0,0.000000,0.000000,0.000000,0.000000,0.000000,0.000000,0,0,0.000000,0.000000,0.000000,0.000000,0.000000,0.000000,0,0,0.000000,0.000000,0.000000,0.000000,0.000000,0.000000,0,0,0.000000,0.000000,0.000000,0.000000,0.000000,0.000000,0,0
86,1.719999,1,gripper_l_palm,yup_snapshot,1,1,-1.147357,0.814226,0.360572,0.556508,-0.610405,-0.415771,-0.380577,0.081268,-0.156375,-0.245460,1,0.000000,0.000000,0.000000,0.000000,0.000000,0.000000,0,0,0.000000,0.000000,0.000000,0.000000,0.000000,0.000000,0,0,0.000000,0.000000,0.000000,0.000000,0.000000,0.000000,0,0,0.000000,0.000000,0.000000,0.000000,0.000000,0.000000,0,0
86,1.719999,2,gripper_l_finger1,yup_snapshot,1,1,-1.395141,0.821087,0.388753,0.825081,-0.038108,-0.563179,0.024890,0.081268,-0.156291,-0.245467,1,0.000000,0.000000,0.000000,0.000000,0.000000,0.000000,0,0,0.000000,0.000000,0.000000,0.000000,0.000000,0.000000,0,0,0.000000,0.000000,0.000000,0.000000,0.000000,0.000000,0,0,0.000000,0.000000,0.000000,0.000000,0.000000,0.000000,0,0
86,1.719999,3,gripper_l_finger2,yup_snapshot,1,1,-1.297066,0.803755,0.379051,-0.024883,-0.563040,0.038112,0.825175,0.081268,-0.156265,-0.245470,1,0.000000,0.000000,0.000000,0.000000,0.000000,0.000000,0,0,0.000000,0.000000,0.000000,0.000000,0.000000,0.000000,0,0,0.000000,0.000000,0.000000,0.000000,0.000000,0.000000,0,0,0.000000,0.000000,0.000000,0.000000,0.000000,0.000000,0,0
86,1.719999,4,gripper_r_palm,yup_snapshot,1,1,1.121244,0.838536,0.320926,0.620025,-0.740761,0.219663,0.136346,0.364637,-0.075200,-0.616236,1,0.000000,0.000000,0.000000,0.000000,0.000000,0.000000,0,0,0.000000,0.000000,0.000000,0.000000,0.000000,0.000000,0,0,0.000000,0.000000,0.000000,0.000000,0.000000,0.000000,0,0,0.000000,0.000000,0.000000,0.000000,0.000000,0.000000,0,0
86,1.719999,5,gripper_r_finger1,yup_snapshot,1,1,1.194675,0.847931,0.297151,0.962180,-0.085363,0.251893,-0.058928,0.364604,-0.074741,-0.616327,1,0.000000,0.000000,0.000000,0.000000,0.000000,0.000000,0,0,0.000000,0.000000,0.000000,0.000000,0.000000,0.000000,0,0,0.000000,0.000000,0.000000,0.000000,0.000000,0.000000,0,0,0.000000,0.000000,0.000000,0.000000,0.000000,0.000000,0,0
86,1.719999,6,gripper_r_finger2,yup_snapshot,1,1,1.345088,0.802643,0.277624,0.058902,0.251602,0.085381,0.962256,0.364662,-0.075554,-0.616166,1,0.000000,0.000000,0.000000,0.000000,0.000000,0.000000,0,0,0.000000,0.000000,0.000000,0.000000,0.000000,0.000000,0,0,0.000000,0.000000,0.000000,0.000000,0.000000,0.000000,0,0,0.000000,0.000000,0.000000,0.000000,0.000000,0.000000,0,0
87,1.739999,0,base,yup_snapshot,0,0,0.000000,0.000000,0.000000,1.000000,0.000000,0.000000,0.000000,0.000000,0.000000,0.000000,0,0.000000,0.000000,0.000000,0.000000,0.000000,0.000000,0,0,0.000000,0.000000,0.000000,0.000000,0.000000,0.000000,0,0,0.000000,0.000000,0.000000,0.000000,0.000000,0.000000,0,0,0.000000,0.000000,0.000000,0.000000,0.000000,0.000000,0,0
87,1.739999,1,gripper_l_palm,yup_snapshot,1,1,-1.147389,0.816625,0.360024,0.558989,-0.609160,-0.415478,-0.379254,0.164678,-0.155146,-0.151052,1,0.000000,0.000000,0.000000,0.000000,0.000000,0.000000,0,0,0.000000,0.000000,0.000000,0.000000,0.000000,0.000000,0,0,0.000000,0.000000,0.000000,0.000000,0.000000,0.000000,0,0,0.000000,0.000000,0.000000,0.000000,0.000000,0.000000,0,0
87,1.739999,2,gripper_l_finger1,yup_snapshot,1,1,-1.395147,0.823976,0.387856,0.825952,-0.035473,-0.562040,0.025618,0.164677,-0.155227,-0.151045,1,0.000000,0.000000,0.000000,0.000000,0.000000,0.000000,0,0,0.000000,0.000000,0.000000,0.000000,0.000000,0.000000,0,0,0.000000,0.000000,0.000000,0.000000,0.000000,0.000000,0,0,0.000000,0.000000,0.000000,0.000000,0.000000,0.000000,0,0
87,1.739999,3,gripper_l_finger2,yup_snapshot,1,1,-1.296896,0.806822,0.378174,-0.025611,-0.561900,0.035478,0.826047,0.164678,-0.155047,-0.151060,1,0.000000,0.000000,0.000000,0.000000,0.000000,0.000000,0,0,0.000000,0.000000,0.000000,0.000000,0.000000,0.000000,0,0,0.000000,0.000000,0.000000,0.000000,0.000000,0.000000,0,0,0.000000,0.000000,0.000000,0.000000,0.000000,0.000000,0,0
87,1.739999,4,gripper_r_palm,yup_snapshot,1,1,1.121235,0.830586,0.321749,0.622249,-0.739344,0.213928,0.142869,0.420323,-0.101772,-0.849972,1,0.000000,0.000000,0.000000,0.000000,0.000000,0.000000,0,0,0.000000,0.000000,0.000000,0.000000,0.000000,0.000000,0,0,0.000000,0.000000,0.000000,0.000000,0.000000,0.000000,0,0,0.000000,0.000000,0.000000,0.000000,0.000000,0.000000,0,0
87,1.739999,5,gripper_r_finger1,yup_snapshot,1,1,1.194695,0.840977,0.297865,0.962752,-0.082790,0.252446,-0.050259,0.420286,-0.101122,-0.850095,1,0.000000,0.000000,0.000000,0.000000,0.000000,0.000000,0,0,0.000000,0.000000,0.000000,0.000000,0.000000,0.000000,0,0,0.000000,0.000000,0.000000,0.000000,0.000000,0.000000,0,0,0.000000,0.000000,0.000000,0.000000,0.000000,0.000000,0,0
87,1.739999,6,gripper_r_finger2,yup_snapshot,1,1,1.344965,0.793824,0.278488,0.050234,0.252160,0.082806,0.962827,0.420353,-0.102319,-0.849869,1,0.000000,0.000000,0.000000,0.000000,0.000000,0.000000,0,0,0.000000,0.000000,0.000000,0.000000,0.000000,0.000000,0,0,0.000000,0.000000,0.000000,0.000000,0.000000,0.000000,0,0,0.000000,0.000000,0.000000,0.000000,0.000000,0.000000,0,0
88,1.759999,0,base,yup_snapshot,0,0,0.000000,0.000000,0.000000,1.000000,0.000000,0.000000,0.000000,0.000000,0.000000,0.000000,0,0.000000,0.000000,0.000000,0.000000,0.000000,0.000000,0,0,0.000000,0.000000,0.000000,0.000000,0.000000,0.000000,0,0,0.000000,0.000000,0.000000,0.000000,0.000000,0.000000,0,0,0.000000,0.000000,0.000000,0.000000,0.000000,0.000000,0,0
88,1.759999,1,gripper_l_palm,yup_snapshot,1,1,-1.147357,0.817509,0.359647,0.561382,-0.608027,-0.414265,-0.378865,0.218324,-0.145902,-0.021967,1,0.000000,0.000000,0.000000,0.000000,0.000000,0.000000,0,0,0.000000,0.000000,0.000000,0.000000,0.000000,0.000000,0,0,0.000000,0.000000,0.000000,0.000000,0.000000,0.000000,0,0,0.000000,0.000000,0.000000,0.000000,0.000000,0.000000,0,0
88,1.759999,2,gripper_l_finger1,yup_snapshot,1,1,-1.395111,0.825055,0.387156,0.826841,-0.032980,-0.560910,0.025035,0.218323,-0.146142,-0.021947,1,0.000000,0.000000,0.000000,0.000000,0.000000,0.000000,0,0,0.000000,0.000000,0.000000,0.000000,0.000000,0.000000,0,0,0.000000,0.000000,0.000000,0.000000,0.000000,0.000000,0,0,0.000000,0.000000,0.000000,0.000000,0.000000,0.000000,0,0
88,1.759999,3,gripper_l_finger2,yup_snapshot,1,1,-1.296630,0.808280,0.377459,-0.025029,-0.560768,0.032985,0.826937,0.218325,-0.145841,-0.021972,1,0.000000,0.000000,0.000000,0.000000,0.000000,0.000000,0,0,0.000000,0.000000,0.000000,0.000000,0.000000,0.000000,0,0,0.000000,0.000000,0.000000,0.000000,0.000000,0.000000,0,0,0.000000,0.000000,0.000000,0.000000,0.000000,0.000000,0,0
88,1.759999,4,gripper_r_palm,yup_snapshot,1,1,1.121041,0.820153,0.322647,0.624596,-0.737823,0.206109,0.151713,0.500052,-0.147548,-1.162345,1,0.000000,0.000000,0.000000,0.000000,0.000000,0.000000,0,0,0.000000,0.000000,0.000000,0.000000,0.000000,0.000000,0,0,0.000000,0.000000,0.000000,0.000000,0.000000,0.000000,0,0,0.000000,0.000000,0.000000,0.000000,0.000000,0.000000,0,0
88,1.759999,5,gripper_r_finger1,yup_snapshot,1,1,1.194571,0.831707,0.298648,0.963336,-0.080057,0.253168,-0.038476,0.500021,-0.146642,-1.162505,1,0.000000,0.000000,0.000000,0.000000,0.000000,0.000000,0,0,0.000000,0.000000,0.000000,0.000000,0.000000,0.000000,0,0,0.000000,0.000000,0.000000,0.000000,0.000000,0.000000,0,0,0.000000,0.000000,0.000000,0.000000,0.000000,0.000000,0,0
88,1.759999,6,gripper_r_finger2,yup_snapshot,1,1,1.344592,0.782065,0.279463,0.038453,0.252888,0.080069,0.963410,0.500080,-0.148357,-1.162202,1,0.000000,0.000000,0.000000,0.000000,0.000000,0.000000,0,0,0.000000,0.000000,0.000000,0.000000,0.000000,0.000000,0,0,0.000000,0.000000,0.000000,0.000000,0.000000,0.000000,0,0,0.000000,0.000000,0.000000,0.000000,0.000000,0.000000,0,0
89,1.779999,0,base,yup_snapshot,0,0,0.000000,0.000000,0.000000,1.000000,0.000000,0.000000,0.000000,0.000000,0.000000,0.000000,0,0.000000,0.000000,0.000000,0.000000,0.000000,0.000000,0,0,0.000000,0.000000,0.000000,0.000000,0.000000,0.000000,0,0,0.000000,0.000000,0.000000,0.000000,0.000000,0.000000,0,0,0.000000,0.000000,0.000000,0.000000,0.000000,0.000000,0,0
89,1.779999,1,gripper_l_palm,yup_snapshot,1,1,-1.147267,0.816854,0.359456,0.563262,-0.607361,-0.412307,-0.379277,0.219506,-0.131587,0.099604,1,0.000000,0.000000,0.000000,0.000000,0.000000,0.000000,0,0,0.000000,0.000000,0.000000,0.000000,0.000000,0.000000,0,0,0.000000,0.000000,0.000000,0.000000,0.000000,0.000000,0,0,0.000000,0.000000,0.000000,0.000000,0.000000,0.000000,0,0
89,1.779999,2,gripper_l_finger1,yup_snapshot,1,1,-1.395041,0.824273,0.386668,0.827700,-0.031180,-0.559817,0.023358,0.219505,-0.131927,0.099631,1,0.000000,0.000000,0.000000,0.000000,0.000000,0.000000,0,0,0.000000,0.000000,0.000000,0.000000,0.000000,0.000000,0,0,0.000000,0.000000,0.000000,0.000000,0.000000,0.000000,0,0,0.000000,0.000000,0.000000,0.000000,0.000000,0.000000,0,0
89,1.779999,3,gripper_l_finger2,yup_snapshot,1,1,-1.296283,0.807981,0.376949,-0.023353,-0.559676,0.031184,0.827795,0.219506,-0.131587,0.099604,1,0.000000,0.000000,0.000000,0.000000,0.000000,0.000000,0,0,0.000000,0.000000,0.000000,0.000000,0.000000,0.000000,0,0,0.000000,0.000000,0.000000,0.000000,0.000000,0.000000,0,0,0.000000,0.000000,0.000000,0.000000,0.000000,0.000000,0,0
89,1.779999,4,gripper_r_palm,yup_snapshot,1,1,1.120517,0.806709,0.323549,0.626915,-0.736112,0.195832,0.163604,0.590934,-0.242751,-1.537761,1,0.000000,0.000000,0.000000,0.000000,0.000000,0.000000,0,0,0.000000,0.000000,0.000000,0.000000,0.000000,0.000000,0,0,0.000000,0.000000,0.000000,0.000000,0.000000,0.000000,0,0,0.000000,0.000000,0.000000,0.000000,0.000000,0.000000,0,0
89,1.779999,5,gripper_r_finger1,yup_snapshot,1,1,1.194244,0.819607,0.299444,0.963767,-0.077210,0.254305,-0.022800,0.590928,-0.241513,-1.537962,1,0.000000,0.000000,0.000000,0.000000,0.000000,0.000000,0,0,0.000000,0.000000,0.000000,0.000000,0.000000,0.000000,0,0,0.000000,0.000000,0.000000,0.000000,0.000000,0.000000,0,0,0.000000,0.000000,0.000000,0.000000,0.000000,0.000000,0,0
89,1.779999,6,gripper_r_finger2,yup_snapshot,1,1,1.343820,0.766713,0.280533,0.022778,0.254033,0.077217,0.963839,0.590939,-0.243854,-1.537581,1,0.000000,0.000000,0.000000,0.000000,0.000000,0.000000,0,0,0.000000,0.000000,0.000000,0.000000,0.000000,0.000000,0,0,0.000000,0.000000,0.000000,0.000000,0.000000,0.000000,0,0,0.000000,0.000000,0.000000,0.000000,0.000000,0.000000,0,0
90,1.799999,0,base,yup_snapshot,0,0,0.000000,0.000000,0.000000,1.000000,0.000000,0.000000,0.000000,0.000000,0.000000,0.000000,0,0.000000,0.000000,0.000000,0.000000,0.000000,0.000000,0,0,0.000000,0.000000,0.000000,0.000000,0.000000,0.000000,0,0,0.000000,0.000000,0.000000,0.000000,0.000000,0.000000,0,0,0.000000,0.000000,0.000000,0.000000,0.000000,0.000000,0,0
90,1.799999,1,gripper_l_palm,yup_snapshot,1,1,-1.147135,0.815100,0.359413,0.564384,-0.607353,-0.410011,-0.380111,0.167847,-0.117338,0.175613,1,0.000000,0.000000,0.000000,0.000000,0.000000,0.000000,0,0,0.000000,0.000000,0.000000,0.000000,0.000000,0.000000,0,0,0.000000,0.000000,0.000000,0.000000,0.000000,0.000000,0,0,0.000000,0.000000,0.000000,0.000000,0.000000,0.000000,0,0
90,1.799999,2,gripper_l_finger1,yup_snapshot,1,1,-1.394945,0.822144,0.386349,0.828490,-0.030382,-0.558779,0.021145,0.167846,-0.117708,0.175640,1,0.000000,0.000000,0.000000,0.000000,0.000000,0.000000,0,0,0.000000,0.000000,0.000000,0.000000,0.000000,0.000000,0,0,0.000000,0.000000,0.000000,0.000000,0.000000,0.000000,0,0,0.000000,0.000000,0.000000,0.000000,0.000000,0.000000,0,0
90,1.799999,3,gripper_l_finger2,yup_snapshot,1,1,-1.295883,0.806314,0.376629,-0.021140,-0.558641,0.030386,0.828583,0.167847,-0.117388,0.175617,1,0.000000,0.000000,0.000000,0.000000,0.000000,0.000000,0,0,0.000000,0.000000,0.000000,0.000000,0.000000,0.000000,0,0,0.000000,0.000000,0.000000,0.000000,0.000000,0.000000,0,0,0.000000,0.000000,0.000000,0.000000,0.000000,0.000000,0,0
90,1.799999,4,gripper_r_palm,yup_snapshot,1,1,1.119475,0.790110,0.324321,0.628831,-0.734155,0.183215,0.178940,0.662055,-0.367345,-1.913182,1,0.000000,0.000000,0.000000,0.000000,0.000000,0.000000,0,0,0.000000,0.000000,0.000000,0.000000,0.000000,0.000000,0,0,0.000000,0.000000,0.000000,0.000000,0.000000,0.000000,0,0,0.000000,0.000000,0.000000,0.000000,0.000000,0.000000,0,0
90,1.799999,5,gripper_r_finger1,yup_snapshot,1,1,1.193656,0.804476,0.300140,0.963740,-0.074475,0.256221,-0.003034,0.662108,-0.365737,-1.913418,1,0.000000,0.000000,0.000000,0.000000,0.000000,0.000000,0,0,0.000000,0.000000,0.000000,0.000000,0.000000,0.000000,0,0,0.000000,0.000000,0.000000,0.000000,0.000000,0.000000,0,0,0.000000,0.000000,0.000000,0.000000,0.000000,0.000000,0,0
90,1.799999,6,gripper_r_finger2,yup_snapshot,1,1,1.342467,0.747556,0.281641,0.003014,0.255963,0.074476,0.963809,0.662009,-0.368766,-1.912974,1,0.000000,0.000000,0.000000,0.000000,0.000000,0.000000,0,0,0.000000,0.000000,0.000000,0.000000,0.000000,0.000000,0,0,0.000000,0.000000,0.000000,0.000000,0.000000,0.000000,0,0,0.000000,0.000000,0.000000,0.000000,0.000000,0.000000,0,0
91,1.819999,0,base,yup_snapshot,0,0,0.000000,0.000000,0.000000,1.000000,0.000000,0.000000,0.000000,0.000000,0.000000,0.000000,0,0.000000,0.000000,0.000000,0.000000,0.000000,0.000000,0,0,0.000000,0.000000,0.000000,0.000000,0.000000,0.000000,0,0,0.000000,0.000000,0.000000,0.000000,0.000000,0.000000,0,0,0.000000,0.000000,0.000000,0.000000,0.000000,0.000000,0,0
91,1.819999,1,gripper_l_palm,yup_snapshot,1,1,-1.146982,0.812967,0.359452,0.564765,-0.607969,-0.407814,-0.380922,0.090262,-0.107191,0.190965,1,0.000000,0.000000,0.000000,0.000000,0.000000,0.000000,0,0,0.000000,0.000000,0.000000,0.000000,0.000000,0.000000,0,0,0.000000,0.000000,0.000000,0.000000,0.000000,0.000000,0,0,0.000000,0.000000,0.000000,0.000000,0.000000,0.000000,0,0
91,1.819999,2,gripper_l_finger1,yup_snapshot,1,1,-1.394835,0.819528,0.386121,0.829198,-0.030548,-0.557795,0.019019,0.090263,-0.107479,0.190986,1,0.000000,0.000000,0.000000,0.000000,0.000000,0.000000,0,0,0.000000,0.000000,0.000000,0.000000,0.000000,0.000000,0,0,0.000000,0.000000,0.000000,0.000000,0.000000,0.000000,0,0,0.000000,0.000000,0.000000,0.000000,0.000000,0.000000,0,0
91,1.819999,3,gripper_l_finger2,yup_snapshot,1,1,-1.295467,0.804038,0.376436,-0.019014,-0.557659,0.030551,0.829290,0.090262,-0.107282,0.190971,1,0.000000,0.000000,0.000000,0.000000,0.000000,0.000000,0,0,0.000000,0.000000,0.000000,0.000000,0.000000,0.000000,0,0,0.000000,0.000000,0.000000,0.000000,0.000000,0.000000,0,0,0.000000,0.000000,0.000000,0.000000,0.000000,0.000000,0,0
91,1.819999,4,gripper_r_palm,yup_snapshot,1,1,1.117712,0.770900,0.324762,0.629957,-0.731946,0.168834,0.197240,0.695307,-0.482723,-2.196023,1,0.000000,0.000000,0.000000,0.000000,0.000000,0.000000,0,0,0.000000,0.000000,0.000000,0.000000,0.000000,0.000000,0,0,0.000000,0.000000,0.000000,0.000000,0.000000,0.000000,0,0,0.000000,0.000000,0.000000,0.000000,0.000000,0.000000,0,0
91,1.819999,5,gripper_r_finger1,yup_snapshot,1,1,1.192657,0.786735,0.300557,0.962976,-0.072120,0.258984,0.020077,0.695454,-0.480808,-2.196272,1,0.000000,0.000000,0.000000,0.000000,0.000000,0.000000,0,0,0.000000,0.000000,0.000000,0.000000,0.000000,0.000000,0,0,0.000000,0.000000,0.000000,0.000000,0.000000,0.000000,0,0,0.000000,0.000000,0.000000,0.000000,0.000000,0.000000,0,0
91,1.819999,6,gripper_r_finger2,yup_snapshot,1,1,1.340307,0.725202,0.282602,-0.020096,0.258736,0.072115,0.963043,0.695205,-0.484054,-2.195850,1,0.000000,0.000000,0.000000,0.000000,0.000000,0.000000,0,0,0.000000,0.000000,0.000000,0.000000,0.000000,0.000000,0,0,0.000000,0.000000,0.000000,0.000000,0.000000,0.000000,0,0,0.000000,0.000000,0.000000,0.000000,0.000000,0.000000,0,0
92,1.839999,0,base,yup_snapshot,0,0,0.000000,0.000000,0.000000,1.000000,0.000000,0.000000,0.000000,0.000000,0.000000,0.000000,0,0.000000,0.000000,0.000000,0.000000,0.000000,0.000000,0,0,0.000000,0.000000,0.000000,0.000000,0.000000,0.000000,0,0,0.000000,0.000000,0.000000,0.000000,0.000000,0.000000,0,0,0.000000,0.000000,0.000000,0.000000,0.000000,0.000000,0,0
92,1.839999,1,gripper_l_palm,yup_snapshot,1,1,-1.146841,0.811197,0.359498,0.564669,-0.608962,-0.406072,-0.381339,0.016041,-0.102272,0.147286,1,0.000000,0.000000,0.000000,0.000000,0.000000,0.000000,0,0,0.000000,0.000000,0.000000,0.000000,0.000000,0.000000,0,0,0.000000,0.000000,0.000000,0.000000,0.000000,0.000000,0,0,0.000000,0.000000,0.000000,0.000000,0.000000,0.000000,0,0
92,1.839999,2,gripper_l_finger1,yup_snapshot,1,1,-1.394731,0.817321,0.385902,0.829835,-0.031318,-0.556854,0.017492,0.016042,-0.102411,0.147296,1,0.000000,0.000000,0.000000,0.000000,0.000000,0.000000,0,0,0.000000,0.000000,0.000000,0.000000,0.000000,0.000000,0,0,0.000000,0.000000,0.000000,0.000000,0.000000,0.000000,0,0,0.000000,0.000000,0.000000,0.000000,0.000000,0.000000,0,0
92,1.839999,3,gripper_l_finger2,yup_snapshot,1,1,-1.295079,0.802005,0.376290,-0.017486,-0.556719,0.031321,0.829926,0.016041,-0.102359,0.147293,1,0.000000,0.000000,0.000000,0.000000,0.000000,0.000000,0,0,0.000000,0.000000,0.000000,0.000000,0.000000,0.000000,0,0,0.000000,0.000000,0.000000,0.000000,0.000000,0.000000,0,0,0.000000,0.000000,0.000000,0.000000,0.000000,0.000000,0,0
92,1.839999,4,gripper_r_palm,yup_snapshot,1,1,1.115120,0.750199,0.324683,0.630122,-0.729457,0.153576,0.217380,0.692962,-0.564788,-2.334295,1,0.000000,0.000000,0.000000,0.000000,0.000000,0.000000,0,0,0.000000,0.000000,0.000000,0.000000,0.000000,0.000000,0,0,0.000000,0.000000,0.000000,0.000000,0.000000,0.000000,0,0,0.000000,0.000000,0.000000,0.000000,0.000000,0.000000,0,0
92,1.839999,5,gripper_r_finger1,yup_snapshot,1,1,1.191113,0.767400,0.300515,0.961334,-0.070246,0.262427,0.045107,0.693216,-0.562762,-2.334523,1,0.000000,0.000000,0.000000,0.000000,0.000000,0.000000,0,0,0.000000,0.000000,0.000000,0.000000,0.000000,0.000000,0,0,0.000000,0.000000,0.000000,0.000000,0.000000,0.000000,0,0,0.000000,0.000000,0.000000,0.000000,0.000000,0.000000,0,0
92,1.839999,6,gripper_r_finger2,yup_snapshot,1,1,1.337204,0.700974,0.283189,-0.045125,0.262191,0.070235,0.961398,0.692796,-0.566116,-2.334144,1,0.000000,0.000000,0.000000,0.000000,0.000000,0.000000,0,0,0.000000,0.000000,0.000000,0.000000,0.000000,0.000000,0,0,0.000000,0.000000,0.000000,0.000000,0.000000,0.000000,0,0,0.000000,0.000000,0.000000,0.000000,0.000000,0.000000,0,0
93,1.859999,0,base,yup_snapshot,0,0,0.000000,0.000000,0.000000,1.000000,0.000000,0.000000,0.000000,0.000000,0.000000,0.000000,0,0.000000,0.000000,0.000000,0.000000,0.000000,0.000000,0,0,0.000000,0.000000,0.000000,0.000000,0.000000,0.000000,0,0,0.000000,0.000000,0.000000,0.000000,0.000000,0.000000,0,0,0.000000,0.000000,0.000000,0.000000,0.000000,0.000000,0,0
93,1.859999,1,gripper_l_palm,yup_snapshot,1,1,-1.146739,0.810308,0.359488,0.564438,-0.610021,-0.404977,-0.381153,-0.037351,-0.101676,0.066307,1,0.000000,0.000000,0.000000,0.000000,0.000000,0.000000,0,0,0.000000,0.000000,0.000000,0.000000,0.000000,0.000000,0,0,0.000000,0.000000,0.000000,0.000000,0.000000,0.000000,0,0,0.000000,0.000000,0.000000,0.000000,0.000000,0.000000,0,0
93,1.859999,2,gripper_l_finger1,yup_snapshot,1,1,-1.394654,0.816163,0.385623,0.830423,-0.032230,-0.555946,0.016848,-0.037351,-0.101674,0.066306,1,0.000000,0.000000,0.000000,0.000000,0.000000,0.000000,0,0,0.000000,0.000000,0.000000,0.000000,0.000000,0.000000,0,0,0.000000,0.000000,0.000000,0.000000,0.000000,0.000000,0,0,0.000000,0.000000,0.000000,0.000000,0.000000,0.000000,0,0
93,1.859999,3,gripper_l_finger2,yup_snapshot,1,1,-1.294756,0.800858,0.376112,-0.016843,-0.555811,0.032233,0.830513,-0.037351,-0.101724,0.066310,1,0.000000,0.000000,0.000000,0.000000,0.000000,0.000000,0,0,0.000000,0.000000,0.000000,0.000000,0.000000,0.000000,0,0,0.000000,0.000000,0.000000,0.000000,0.000000,0.000000,0,0,0.000000,0.000000,0.000000,0.000000,0.000000,0.000000,0,0
93,1.859999,4,gripper_r_palm,yup_snapshot,1,1,1.111742,0.729245,0.323970,0.629408,-0.726637,0.138288,0.238162,0.670413,-0.611582,-2.342691,1,0.000000,0.000000,0.000000,0.000000,0.000000,0.000000,0,0,0.000000,0.000000,0.000000,0.000000,0.000000,0.000000,0,0,0.000000,0.000000,0.000000,0.000000,0.000000,0.000000,0,0,0.000000,0.000000,0.000000,0.000000,0.000000,0.000000,0,0
93,1.859999,5,gripper_r_finger1,yup_snapshot,1,1,1.188999,0.747658,0.299896,0.958837,-0.068759,0.266304,0.070613,0.670757,-0.609620,-2.342880,1,0.000000,0.000000,0.000000,0.000000,0.000000,0.000000,0,0,0.000000,0.000000,0.000000,0.000000,0.000000,0.000000,0,0,0.000000,0.000000,0.000000,0.000000,0.000000,0.000000,0,0,0.000000,0.000000,0.000000,0.000000,0.000000,0.000000,0,0
93,1.859999,6,gripper_r_finger2,yup_snapshot,1,1,1.333195,0.676349,0.283229,-0.070629,0.266077,0.068743,0.958900,0.670197,-0.612810,-2.342573,1,0.000000,0.000000,0.000000,0.000000,0.000000,0.000000,0,0,0.000000,0.000000,0.000000,0.000000,0.000000,0.000000,0,0,0.000000,0.000000,0.000000,0.000000,0.000000,0.000000,0,0,0.000000,0.000000,0.000000,0.000000,0.000000,0.000000,0,0
94,1.879999,0,base,yup_snapshot,0,0,0.000000,0.000000,0.000000,1.000000,0.000000,0.000000,0.000000,0.000000,0.000000,0.000000,0,0.000000,0.000000,0.000000,0.000000,0.000000,0.000000,0,0,0.000000,0.000000,0.000000,0.000000,0.000000,0.000000,0,0,0.000000,0.000000,0.000000,0.000000,0.000000,0.000000,0,0,0.000000,0.000000,0.000000,0.000000,0.000000,0.000000,0,0
94,1.879999,1,gripper_l_palm,yup_snapshot,1,1,-1.146690,0.810461,0.359383,0.564376,-0.610873,-0.404516,-0.380369,-0.059201,-0.103507,-0.020891,1,0.000000,0.000000,0.000000,0.000000,0.000000,0.000000,0,0,0.000000,0.000000,0.000000,0.000000,0.000000,0.000000,0,0,0.000000,0.000000,0.000000,0.000000,0.000000,0.000000,0,0,0.000000,0.000000,0.000000,0.000000,0.000000,0.000000,0,0
94,1.879999,2,gripper_l_finger1,yup_snapshot,1,1,-1.394613,0.816266,0.385246,0.830982,-0.032877,-0.555064,0.017077,-0.059202,-0.103406,-0.020899,1,0.000000,0.000000,0.000000,0.000000,0.000000,0.000000,0,0,0.000000,0.000000,0.000000,0.000000,0.000000,0.000000,0,0,0.000000,0.000000,0.000000,0.000000,0.000000,0.000000,0,0,0.000000,0.000000,0.000000,0.000000,0.000000,0.000000,0,0
94,1.879999,3,gripper_l_finger2,yup_snapshot,1,1,-1.294513,0.800855,0.375848,-0.017072,-0.554930,0.032880,0.831072,-0.059201,-0.103507,-0.020891,1,0.000000,0.000000,0.000000,0.000000,0.000000,0.000000,0,0,0.000000,0.000000,0.000000,0.000000,0.000000,0.000000,0,0,0.000000,0.000000,0.000000,0.000000,0.000000,0.000000,0,0,0.000000,0.000000,0.000000,0.000000,0.000000,0.000000,0,0
94,1.879999,4,gripper_r_palm,yup_snapshot,1,1,1.107951,0.709442,0.322525,0.628003,-0.723832,0.124591,0.257210,0.544957,-0.532011,-1.889356,1,0.000000,0.000000,0.000000,0.000000,0.000000,0.000000,0,0,0.000000,0.000000,0.000000,0.000000,0.000000,0.000000,0,0,0.000000,0.000000,0.000000,0.000000,0.000000,0.000000,0,0,0.000000,0.000000,0.000000,0.000000,0.000000,0.000000,0,0
94,1.879999,5,gripper_r_finger1,yup_snapshot,1,1,1.186502,0.728790,0.298585,0.955863,-0.067771,0.270075,0.093769,0.545580,-0.529202,-1.889584,1,0.000000,0.000000,0.000000,0.000000,0.000000,0.000000,0,0,0.000000,0.000000,0.000000,0.000000,0.000000,0.000000,0,0,0.000000,0.000000,0.000000,0.000000,0.000000,0.000000,0,0,0.000000,0.000000,0.000000,0.000000,0.000000,0.000000,0,0
94,1.879999,6,gripper_r_finger2,yup_snapshot,1,1,1.328718,0.653147,0.282521,-0.093784,0.269867,0.067751,0.955922,0.544634,-0.533470,-1.889238,1,0.000000,0.000000,0.000000,0.000000,0.000000,0.000000,0,0,0.000000,0.000000,0.000000,0.000000,0.000000,0.000000,0,0,0.000000,0.000000,0.000000,0.000000,0.000000,0.000000,0,0,0.000000,0.000000,0.000000,0.000000,0.000000,0.000000,0,0
95,1.899999,0,base,yup_snapshot,0,0,0.000000,0.000000,0.000000,1.000000,0.000000,0.000000,0.000000,0.000000,0.000000,0.000000,0,0.000000,0.000000,0.000000,0.000000,0.000000,0.000000,0,0,0.000000,0.000000,0.000000,0.000000,0.000000,0.000000,0,0,0.000000,0.000000,0.000000,0.000000,0.000000,0.000000,0,0,0.000000,0.000000,0.000000,0.000000,0.000000,0.000000,0,0
95,1.899999,1,gripper_l_palm,yup_snapshot,1,1,-1.146683,0.811471,0.359180,0.564658,-0.611375,-0.404504,-0.379156,-0.051671,-0.106618,-0.087274,1,0.000000,0.000000,0.000000,0.000000,0.000000,0.000000,0,0,0.000000,0.000000,0.000000,0.000000,0.000000,0.000000,0,0,0.000000,0.000000,0.000000,0.000000,0.000000,0.000000,0,0,0.000000,0.000000,0.000000,0.000000,0.000000,0.000000,0,0
95,1.899999,2,gripper_l_finger1,yup_snapshot,1,1,-1.394602,0.817426,0.384769,0.831535,-0.033032,-0.554199,0.017927,-0.051672,-0.106476,-0.087285,1,0.000000,0.000000,0.000000,0.000000,0.000000,0.000000,0,0,0.000000,0.000000,0.000000,0.000000,0.000000,0.000000,0,0,0.000000,0.000000,0.000000,0.000000,0.000000,0.000000,0,0,0.000000,0.000000,0.000000,0.000000,0.000000,0.000000,0,0
95,1.899999,3,gripper_l_finger2,yup_snapshot,1,1,-1.294336,0.801858,0.375484,-0.017921,-0.554064,0.033036,0.831625,-0.051671,-0.106581,-0.087277,1,0.000000,0.000000,0.000000,0.000000,0.000000,0.000000,0,0,0.000000,0.000000,0.000000,0.000000,0.000000,0.000000,0,0,0.000000,0.000000,0.000000,0.000000,0.000000,0.000000,0,0,0.000000,0.000000,0.000000,0.000000,0.000000,0.000000,0,0
95,1.899999,4,gripper_r_palm,yup_snapshot,1,1,1.104418,0.692503,0.320346,0.627067,-0.720858,0.114156,0.272249,0.533604,-0.476093,-1.492143,1,0.000000,0.000000,0.000000,0.000000,0.000000,0.000000,0,0,0.000000,0.000000,0.000000,0.000000,0.000000,0.000000,0,0,0.000000,0.000000,0.000000,0.000000,0.000000,0.000000,0,0,0.000000,0.000000,0.000000,0.000000,0.000000,0.000000,0,0
95,1.899999,5,gripper_r_finger1,yup_snapshot,1,1,1.184124,0.712687,0.296542,0.953101,-0.066330,0.273319,0.111782,0.534101,-0.474166,-1.492273,1,0.000000,0.000000,0.000000,0.000000,0.000000,0.000000,0,0,0.000000,0.000000,0.000000,0.000000,0.000000,0.000000,0,0,0.000000,0.000000,0.000000,0.000000,0.000000,0.000000,0,0,0.000000,0.000000,0.000000,0.000000,0.000000,0.000000,0,0
95,1.899999,6,gripper_r_finger2,yup_snapshot,1,1,1.324622,0.633692,0.280929,-0.111796,0.273128,0.066308,0.953156,0.533361,-0.477034,-1.492079,1,0.000000,0.000000,0.000000,0.000000,0.000000,0.000000,0,0,0.000000,0.000000,0.000000,0.000000,0.000000,0.000000,0,0,0.000000,0.000000,0.000000,0.000000,0.000000,0.000000,0,0,0.000000,0.000000,0.000000,0.000000,0.000000,0.000000,0,0
96,1.919999,0,base,yup_snapshot,0,0,0.000000,0.000000,0.000000,1.000000,0.000000,0.000000,0.000000,0.000000,0.000000,0.000000,0,0.000000,0.000000,0.000000,0.000000,0.000000,0.000000,0,0,0.000000,0.000000,0.000000,0.000000,0.000000,0.000000,0,0,0.000000,0.000000,0.000000,0.000000,0.000000,0.000000,0,0,0.000000,0.000000,0.000000,0.000000,0.000000,0.000000,0,0
96,1.919999,1,gripper_l_palm,yup_snapshot,1,1,-1.146696,0.812919,0.358911,0.565313,-0.611519,-0.404643,-0.377795,-0.022473,-0.109771,-0.113652,1,0.000000,0.000000,0.000000,0.000000,0.000000,0.000000,0,0,0.000000,0.000000,0.000000,0.000000,0.000000,0.000000,0,0,0.000000,0.000000,0.000000,0.000000,0.000000,0.000000,0,0,0.000000,0.000000,0.000000,0.000000,0.000000,0.000000,0,0
96,1.919999,2,gripper_l_finger1,yup_snapshot,1,1,-1.394601,0.819136,0.384226,0.832100,-0.032671,-0.553337,0.018987,-0.022473,-0.109653,-0.113661,1,0.000000,0.000000,0.000000,0.000000,0.000000,0.000000,0,0,0.000000,0.000000,0.000000,0.000000,0.000000,0.000000,0,0,0.000000,0.000000,0.000000,0.000000,0.000000,0.000000,0,0,0.000000,0.000000,0.000000,0.000000,0.000000,0.000000,0,0
96,1.919999,3,gripper_l_finger2,yup_snapshot,1,1,-1.294189,0.803434,0.375039,-0.018981,-0.553201,0.032674,0.832190,-0.022473,-0.109710,-0.113657,1,0.000000,0.000000,0.000000,0.000000,0.000000,0.000000,0,0,0.000000,0.000000,0.000000,0.000000,0.000000,0.000000,0,0,0.000000,0.000000,0.000000,0.000000,0.000000,0.000000,0,0,0.000000,0.000000,0.000000,0.000000,0.000000,0.000000,0,0
96,1.919999,4,gripper_r_palm,yup_snapshot,1,1,1.101198,0.678483,0.317822,0.626430,-0.717863,0.105777,0.284727,0.473959,-0.426699,-1.237646,1,0.000000,0.000000,0.000000,0.000000,0.000000,0.000000,0,0,0.000000,0.000000,0.000000,0.000000,0.000000,0.000000,0,0,0.000000,0.000000,0.000000,0.000000,0.000000,0.000000,0,0,0.000000,0.000000,0.000000,0.000000,0.000000,0.000000,0,0
96,1.919999,5,gripper_r_finger1,yup_snapshot,1,1,1.181962,0.699426,0.294158,0.950535,-0.064663,0.276210,0.126531,0.474380,-0.425236,-1.237727,1,0.000000,0.000000,0.000000,0.000000,0.000000,0.000000,0,0,0.000000,0.000000,0.000000,0.000000,0.000000,0.000000,0,0,0.000000,0.000000,0.000000,0.000000,0.000000,0.000000,0,0,0.000000,0.000000,0.000000,0.000000,0.000000,0.000000,0,0
96,1.919999,6,gripper_r_finger2,yup_snapshot,1,1,1.320934,0.617700,0.278898,-0.126543,0.276031,0.064640,0.950587,0.473714,-0.427551,-1.237599,1,0.000000,0.000000,0.000000,0.000000,0.000000,0.000000,0,0,0.000000,0.000000,0.000000,0.000000,0.000000,0.000000,0,0,0.000000,0.000000,0.000000,0.000000,0.000000,0.000000,0,0,0.000000,0.000000,0.000000,0.000000,0.000000,0.000000,0,0
97,1.939999,0,base,yup_snapshot,0,0,0.000000,0.000000,0.000000,1.000000,0.000000,0.000000,0.000000,0.000000,0.000000,0.000000,0,0.000000,0.000000,0.000000,0.000000,0.000000,0.000000,0,0,0.000000,0.000000,0.000000,0.000000,0.000000,0.000000,0,0,0.000000,0.000000,0.000000,0.000000,0.000000,0.000000,0,0,0.000000,0.000000,0.000000,0.000000,0.000000,0.000000,0,0
97,1.939999,1,gripper_l_palm,yup_snapshot,1,1,-1.146704,0.814301,0.358625,0.566269,-0.611398,-0.404640,-0.376562,0.016397,-0.112069,-0.100012,1,0.000000,0.000000,0.000000,0.000000,0.000000,0.000000,0,0,0.000000,0.000000,0.000000,0.000000,0.000000,0.000000,0,0,0.000000,0.000000,0.000000,0.000000,0.000000,0.000000,0,0,0.000000,0.000000,0.000000,0.000000,0.000000,0.000000,0,0
97,1.939999,2,gripper_l_finger1,yup_snapshot,1,1,-1.394593,0.820795,0.383668,0.832689,-0.031910,-0.552464,0.019857,0.016397,-0.112018,-0.100016,1,0.000000,0.000000,0.000000,0.000000,0.000000,0.000000,0,0,0.000000,0.000000,0.000000,0.000000,0.000000,0.000000,0,0,0.000000,0.000000,0.000000,0.000000,0.000000,0.000000,0,0,0.000000,0.000000,0.000000,0.000000,0.000000,0.000000,0,0
97,1.939999,3,gripper_l_finger2,yup_snapshot,1,1,-1.294034,0.805035,0.374559,-0.019851,-0.552328,0.031913,0.832779,0.016397,-0.112002,-0.100017,1,0.000000,0.000000,0.000000,0.000000,0.000000,0.000000,0,0,0.000000,0.000000,0.000000,0.000000,0.000000,0.000000,0,0,0.000000,0.000000,0.000000,0.000000,0.000000,0.000000,0,0,0.000000,0.000000,0.000000,0.000000,0.000000,0.000000,0,0
97,1.939999,4,gripper_r_palm,yup_snapshot,1,1,1.098313,0.666959,0.315191,0.625882,-0.715014,0.098863,0.295387,0.414484,-0.391217,-1.048732,1,0.000000,0.000000,0.000000,0.000000,0.000000,0.000000,0,0,0.000000,0.000000,0.000000,0.000000,0.000000,0.000000,0,0,0.000000,0.000000,0.000000,0.000000,0.000000,0.000000,0,0,0.000000,0.000000,0.000000,0.000000,0.000000,0.000000,0,0
97,1.939999,5,gripper_r_finger1,yup_snapshot,1,1,1.180057,0.688562,0.291669,0.948134,-0.063037,0.278852,0.138958,0.414874,-0.389971,-1.048787,1,0.000000,0.000000,0.000000,0.000000,0.000000,0.000000,0,0,0.000000,0.000000,0.000000,0.000000,0.000000,0.000000,0,0,0.000000,0.000000,0.000000,0.000000,0.000000,0.000000,0,0,0.000000,0.000000,0.000000,0.000000,0.000000,0.000000,0,0
97,1.939999,6,gripper_r_finger2,yup_snapshot,1,1,1.317653,0.604551,0.276704,-0.138969,0.278685,0.063013,0.948183,0.414249,-0.391965,-1.048699,1,0.000000,0.000000,0.000000,0.000000,0.000000,0.000000,0,0,0.000000,0.000000,0.000000,0.000000,0.000000,0.000000,0,0,0.000000,0.000000,0.000000,0.000000,0.000000,0.000000,0,0,0.000000,0.000000,0.000000,0.000000,0.000000,0.000000,0,0
98,1.959999,0,base,yup_snapshot,0,0,0.000000,0.000000,0.000000,1.000000,0.000000,0.000000,0.000000,0.000000,0.000000,0.000000,0,0.000000,0.000000,0.000000,0.000000,0.000000,0.000000,0,0,0.000000,0.000000,0.000000,0.000000,0.000000,0.000000,0,0,0.000000,0.000000,0.000000,0.000000,0.000000,0.000000,0,0,0.000000,0.000000,0.000000,0.000000,0.000000,0.000000,0,0
98,1.959999,1,gripper_l_palm,yup_snapshot,1,1,-1.146688,0.815192,0.358374,0.567369,-0.611165,-0.404271,-0.375678,0.054640,-0.111894,-0.053190,1,0.000000,0.000000,0.000000,0.000000,0.000000,0.000000,0,0,0.000000,0.000000,0.000000,0.000000,0.000000,0.000000,0,0,0.000000,0.000000,0.000000,0.000000,0.000000,0.000000,0,0,0.000000,0.000000,0.000000,0.000000,0.000000,0.000000,0,0
98,1.959999,2,gripper_l_finger1,yup_snapshot,1,1,-1.394567,0.821881,0.383150,0.833301,-0.030967,-0.551581,0.020221,0.054640,-0.111921,-0.053188,1,0.000000,0.000000,0.000000,0.000000,0.000000,0.000000,0,0,0.000000,0.000000,0.000000,0.000000,0.000000,0.000000,0,0,0.000000,0.000000,0.000000,0.000000,0.000000,0.000000,0,0,0.000000,0.000000,0.000000,0.000000,0.000000,0.000000,0,0
98,1.959999,3,gripper_l_finger2,yup_snapshot,1,1,-1.293843,0.806166,0.374100,-0.020215,-0.551444,0.030970,0.833392,0.054640,-0.111838,-0.053195,1,0.000000,0.000000,0.000000,0.000000,0.000000,0.000000,0,0,0.000000,0.000000,0.000000,0.000000,0.000000,0.000000,0,0,0.000000,0.000000,0.000000,0.000000,0.000000,0.000000,0,0,0.000000,0.000000,0.000000,0.000000,0.000000,0.000000,0,0
98,1.959999,4,gripper_r_palm,yup_snapshot,1,1,1.095767,0.657456,0.312591,0.625333,-0.712370,0.093123,0.304657,0.355027,-0.366516,-0.899432,1,0.000000,0.000000,0.000000,0.000000,0.000000,0.000000,0,0,0.000000,0.000000,0.000000,0.000000,0.000000,0.000000,0,0,0.000000,0.000000,0.000000,0.000000,0.000000,0.000000,0,0,0.000000,0.000000,0.000000,0.000000,0.000000,0.000000,0,0
98,1.959999,5,gripper_r_finger1,yup_snapshot,1,1,1.178431,0.679613,0.289214,0.945877,-0.061556,0.281344,0.149573,0.355126,-0.366222,-0.899442,1,0.000000,0.000000,0.000000,0.000000,0.000000,0.000000,0,0,0.000000,0.000000,0.000000,0.000000,0.000000,0.000000,0,0,0.000000,0.000000,0.000000,0.000000,0.000000,0.000000,0,0,0.000000,0.000000,0.000000,0.000000,0.000000,0.000000,0,0
98,1.959999,6,gripper_r_finger2,yup_snapshot,1,1,1.314775,0.593673,0.274517,-0.149583,0.281188,0.061531,0.945924,0.354807,-0.367171,-0.899410,1,0.000000,0.000000,0.000000,0.000000,0.000000,0.000000,0,0,0.000000,0.000000,0.000000,0.000000,0.000000,0.000000,0,0,0.000000,0.000000,0.000000,0.000000,0.000000,0.000000,0,0,0.000000,0.000000,0.000000,0.000000,0.000000,0.000000,0,0
99,1.979999,0,base,yup_snapshot,0,0,0.000000,0.000000,0.000000,1.000000,0.000000,0.000000,0.000000,0.000000,0.000000,0.000000,0,0.000000,0.000000,0.000000,0.000000,0.000000,0.000000,0,0,0.000000,0.000000,0.000000,0.000000,0.000000,0.000000,0,0,0.000000,0.000000,0.000000,0.000000,0.000000,0.000000,0,0,0.000000,0.000000,0.000000,0.000000,0.000000,0.000000,0,0
99,1.979999,1,gripper_l_palm,yup_snapshot,1,1,-1.146642,0.815361,0.358191,0.568405,-0.611014,-0.403469,-0.375222,0.075868,-0.109077,0.008369,1,0.000000,0.000000,0.000000,0.000000,0.000000,0.000000,0,0,0.000000,0.000000,0.000000,0.000000,0.000000,0.000000,0,0,0.000000,0.000000,0.000000,0.000000,0.000000,0.000000,0,0,0.000000,0.000000,0.000000,0.000000,0.000000,0.000000,0,0
99,1.979999,2,gripper_l_finger1,yup_snapshot,1,1,-1.394519,0.822104,0.382708,0.833925,-0.030127,-0.550692,0.019976,0.075868,-0.109175,0.008376,1,0.000000,0.000000,0.000000,0.000000,0.000000,0.000000,0,0,0.000000,0.000000,0.000000,0.000000,0.000000,0.000000,0,0,0.000000,0.000000,0.000000,0.000000,0.000000,0.000000,0,0,0.000000,0.000000,0.000000,0.000000,0.000000,0.000000,0,0
99,1.979999,3,gripper_l_finger2,yup_snapshot,1,1,-1.293605,0.806525,0.373704,-0.019971,-0.550555,0.030131,0.834016,0.075868,-0.109046,0.008367,1,0.000000,0.000000,0.000000,0.000000,0.000000,0.000000,0,0,0.000000,0.000000,0.000000,0.000000,0.000000,0.000000,0,0,0.000000,0.000000,0.000000,0.000000,0.000000,0.000000,0,0,0.000000,0.000000,0.000000,0.000000,0.000000,0.000000,0,0
99,1.979999,4,gripper_r_palm,yup_snapshot,1,1,1.093539,0.649549,0.310112,0.624724,-0.709956,0.088390,0.312842,0.296886,-0.352154,-0.777863,1,0.000000,0.000000,0.000000,0.000000,0.000000,0.000000,0,0,0.000000,0.000000,0.000000,0.000000,0.000000,0.000000,0,0,0.000000,0.000000,0.000000,0.000000,0.000000,0.000000,0,0,0.000000,0.000000,0.000000,0.000000,0.000000,0.000000,0,0
99,1.979999,5,gripper_r_finger1,yup_snapshot,1,1,1.177084,0.672153,0.286883,0.943740,-0.060279,0.283783,0.158707,0.296991,-0.351858,-0.777871,1,0.000000,0.000000,0.000000,0.000000,0.000000,0.000000,0,0,0.000000,0.000000,0.000000,0.000000,0.000000,0.000000,0,0,0.000000,0.000000,0.000000,0.000000,0.000000,0.000000,0,0,0.000000,0.000000,0.000000,0.000000,0.000000,0.000000,0,0
99,1.979999,6,gripper_r_finger2,yup_snapshot,1,1,1.312283,0.584576,0.272451,-0.158717,0.283633,0.060254,0.943785,0.296684,-0.352724,-0.777849,1,0.000000,0.000000,0.000000,0.000000,0.000000,0.000000,0,0,0.000000,0.000000,0.000000,0.000000,0.000000,0.000000,0,0,0.000000,0.000000,0.000000,0.000000,0.000000,0.000000,0,0,0.000000,0.000000,0.000000,0.000000,0.000000,0.000000,0,0
100,1.999999,0,base,yup_snapshot,0,0,0.000000,0.000000,0.000000,1.000000,0.000000,0.000000,0.000000,0.000000,0.000000,0.000000,0,0.000000,0.000000,0.000000,0.000000,0.000000,0.000000,0,0,0.000000,0.000000,0.000000,0.000000,0.000000,0.000000,0,0,0.000000,0.000000,0.000000,0.000000,0.000000,0.000000,0,0,0.000000,0.000000,0.000000,0.000000,0.000000,0.000000,0,0
100,1.999999,1,gripper_l_palm,yup_snapshot,1,1,-1.146566,0.814830,0.358088,0.569195,-0.611097,-0.402318,-0.375123,0.073249,-0.104456,0.063665,1,0.000000,0.000000,0.000000,0.000000,0.000000,0.000000,0,0,0.000000,0.000000,0.000000,0.000000,0.000000,0.000000,0,0,0.000000,0.000000,0.000000,0.000000,0.000000,0.000000,0,0,0.000000,0.000000,0.000000,0.000000,0.000000,0.000000,0,0
100,1.999999,2,gripper_l_finger1,yup_snapshot,1,1,-1.394453,0.821475,0.382352,0.834544,-0.029627,-0.549808,0.019232,0.073249,-0.104602,0.063675,1,0.000000,0.000000,0.000000,0.000000,0.000000,0.000000,0,0,0.000000,0.000000,0.000000,0.000000,0.000000,0.000000,0,0,0.000000,0.000000,0.000000,0.000000,0.000000,0.000000,0,0,0.000000,0.000000,0.000000,0.000000,0.000000,0.000000,0,0
100,1.999999,3,gripper_l_finger2,yup_snapshot,1,1,-1.293323,0.806079,0.373392,-0.019227,-0.549671,0.029631,0.834634,0.073249,-0.104451,0.063665,1,0.000000,0.000000,0.000000,0.000000,0.000000,0.000000,0,0,0.000000,0.000000,0.000000,0.000000,0.000000,0.000000,0,0,0.000000,0.000000,0.000000,0.000000,0.000000,0.000000,0,0,0.000000,0.000000,0.000000,0.000000,0.000000,0.000000,0,0
100,1.999999,4,gripper_r_palm,yup_snapshot,1,1,1.091604,0.642894,0.307811,0.623958,-0.707837,0.084571,0.320143,0.223015,-0.341042,-0.675626,1,0.000000,0.000000,0.000000,0.000000,0.000000,0.000000,0,0,0.000000,0.000000,0.000000,0.000000,0.000000,0.000000,0,0,0.000000,0.000000,0.000000,0.000000,0.000000,0.000000,0,0,0.000000,0.000000,0.000000,0.000000,0.000000,0.000000,0,0
100,1.999999,5,gripper_r_finger1,yup_snapshot,1,1,1.176005,0.665817,0.284735,0.941700,-0.059324,0.286244,0.166570,0.223037,-0.340980,-0.675627,1,0.000000,0.000000,0.000000,0.000000,0.000000,0.000000,0,0,0.000000,0.000000,0.000000,0.000000,0.000000,0.000000,0,0,0.000000,0.000000,0.000000,0.000000,0.000000,0.000000,0,0,0.000000,0.000000,0.000000,0.000000,0.000000,0.000000,0,0
100,1.999999,6,gripper_r_finger2,yup_snapshot,1,1,1.310145,0.576861,0.270589,-0.166580,0.286099,0.059298,0.941744,0.222781,-0.341672,-0.675615,1,0.000000,0.000000,0.000000,0.000000,0.000000,0.000000,0,0,0.000000,0.000000,0.000000,0.000000,0.000000,0.000000,0,0,0.000000,0.000000,0.000000,0.000000,0.000000,0.000000,0,0,0.000000,0.000000,0.000000,0.000000,0.000000,0.000000,0,0
101,2.019999,0,base,yup_snapshot,0,0,0.000000,0.000000,0.000000,1.000000,0.000000,0.000000,0.000000,0.000000,0.000000,0.000000,0,0.000000,0.000000,0.000000,0.000000,0.000000,0.000000,0,0,0.000000,0.000000,0.000000,0.000000,0.000000,0.000000,0,0,0.000000,0.000000,0.000000,0.000000,0.000000,0.000000,0,0,0.000000,0.000000,0.000000,0.000000,0.000000,0.000000,0,0
101,2.019999,1,gripper_l_palm,yup_snapshot,1,1,-1.146471,0.813837,0.358047,0.569662,-0.611473,-0.401015,-0.375196,0.050693,-0.099757,0.094090,1,0.000000,0.000000,0.000000,0.000000,0.000000,0.000000,0,0,0.000000,0.000000,0.000000,0.000000,0.000000,0.000000,0,0,0.000000,0.000000,0.000000,0.000000,0.000000,0.000000,0,0,0.000000,0.000000,0.000000,0.000000,0.000000,0.000000,0,0
101,2.019999,2,gripper_l_finger1,yup_snapshot,1,1,-1.394372,0.820277,0.382064,0.835141,-0.029564,-0.548938,0.018259,0.050693,-0.099899,0.094100,1,0.000000,0.000000,0.000000,0.000000,0.000000,0.000000,0,0,0.000000,0.000000,0.000000,0.000000,0.000000,0.000000,0,0,0.000000,0.000000,0.000000,0.000000,0.000000,0.000000,0,0,0.000000,0.000000,0.000000,0.000000,0.000000,0.000000,0,0
101,2.019999,3,gripper_l_finger2,yup_snapshot,1,1,-1.293015,0.805055,0.373158,-0.018254,-0.548801,0.029567,0.835230,0.050693,-0.099775,0.094091,1,0.000000,0.000000,0.000000,0.000000,0.000000,0.000000,0,0,0.000000,0.000000,0.000000,0.000000,0.000000,0.000000,0,0,0.000000,0.000000,0.000000,0.000000,0.000000,0.000000,0,0,0.000000,0.000000,0.000000,0.000000,0.000000,0.000000,0,0
101,2.019999,4,gripper_r_palm,yup_snapshot,1,1,1.089930,0.637223,0.305721,0.622846,-0.706191,0.081633,0.326640,0.123765,-0.327019,-0.585207,1,0.000000,0.000000,0.000000,0.000000,0.000000,0.000000,0,0,0.000000,0.000000,0.000000,0.000000,0.000000,0.000000,0,0,0.000000,0.000000,0.000000,0.000000,0.000000,0.000000,0,0,0.000000,0.000000,0.000000,0.000000,0.000000,0.000000,0,0
101,2.019999,5,gripper_r_finger1,yup_snapshot,1,1,1.175156,0.660277,0.282800,0.939750,-0.058946,0.288760,0.173242,0.123827,-0.326858,-0.585209,1,0.000000,0.000000,0.000000,0.000000,0.000000,0.000000,0,0,0.000000,0.000000,0.000000,0.000000,0.000000,0.000000,0,0,0.000000,0.000000,0.000000,0.000000,0.000000,0.000000,0,0,0.000000,0.000000,0.000000,0.000000,0.000000,0.000000,0,0
101,2.019999,6,gripper_r_finger2,yup_snapshot,1,1,1.308324,0.570199,0.268988,-0.173251,0.288622,0.058921,0.939793,0.123547,-0.327584,-0.585201,1,0.000000,0.000000,0.000000,0.000000,0.000000,0.000000,0,0,0.000000,0.000000,0.000000,0.000000,0.000000,0.000000,0,0,0.000000,0.000000,0.000000,0.000000,0.000000,0.000000,0,0,0.000000,0.000000,0.000000,0.000000,0.000000,0.000000,0,0
102,2.039999,0,base,yup_snapshot,0,0,0.000000,0.000000,0.000000,1.000000,0.000000,0.000000,0.000000,0.000000,0.000000,0.000000,0,0.000000,0.000000,0.000000,0.000000,0.000000,0.000000,0,0,0.000000,0.000000,0.000000,0.000000,0.000000,0.000000,0,0,0.000000,0.000000,0.000000,0.000000,0.000000,0.000000,0,0,0.000000,0.000000,0.000000,0.000000,0.000000,0.000000,0,0
102,2.039999,1,gripper_l_palm,yup_snapshot,1,1,-1.146369,0.812737,0.358037,0.569834,-0.612102,-0.399764,-0.375245,0.018690,-0.096116,0.096123,1,0.000000,0.000000,0.000000,0.000000,0.000000,0.000000,0,0,0.000000,0.000000,0.000000,0.000000,0.000000,0.000000,0,0,0.000000,0.000000,0.000000,0.000000,0.000000,0.000000,0,0,0.000000,0.000000,0.000000,0.000000,0.000000,0.000000,0,0
102,2.039999,2,gripper_l_finger1,yup_snapshot,1,1,-1.394289,0.818930,0.381810,0.835708,-0.029887,-0.548085,0.017340,0.018690,-0.096217,0.096130,1,0.000000,0.000000,0.000000,0.000000,0.000000,0.000000,0,0,0.000000,0.000000,0.000000,0.000000,0.000000,0.000000,0,0,0.000000,0.000000,0.000000,0.000000,0.000000,0.000000,0,0,0.000000,0.000000,0.000000,0.000000,0.000000,0.000000,0,0
102,2.039999,3,gripper_l_finger2,yup_snapshot,1,1,-1.292701,0.803831,0.372973,-0.017335,-0.547949,0.029890,0.835798,0.018690,-0.096146,0.096126,1,0.000000,0.000000,0.000000,0.000000,0.000000,0.000000,0,0,0.000000,0.000000,0.000000,0.000000,0.000000,0.000000,0,0,0.000000,0.000000,0.000000,0.000000,0.000000,0.000000,0,0,0.000000,0.000000,0.000000,0.000000,0.000000,0.000000,0,0
102,2.039999,4,gripper_r_palm,yup_snapshot,1,1,1.088487,0.632327,0.303858,0.621401,-0.704970,0.079498,0.332502,0.054476,-0.327747,-0.511647,1,0.000000,0.000000,0.000000,0.000000,0.000000,0.000000,0,0,0.000000,0.000000,0.000000,0.000000,0.000000,0.000000,0,0,0.000000,0.000000,0.000000,0.000000,0.000000,0.000000,0,0,0.000000,0.000000,0.000000,0.000000,0.000000,0.000000,0,0
102,2.039999,5,gripper_r_finger1,yup_snapshot,1,1,1.174524,0.655340,0.281096,0.937866,-0.059105,0.291394,0.178897,0.054482,-0.327732,-0.511647,1,0.000000,0.000000,0.000000,0.000000,0.000000,0.000000,0,0,0.000000,0.000000,0.000000,0.000000,0.000000,0.000000,0,0,0.000000,0.000000,0.000000,0.000000,0.000000,0.000000,0,0,0.000000,0.000000,0.000000,0.000000,0.000000,0.000000,0,0
102,2.039999,6,gripper_r_finger2,yup_snapshot,1,1,1.306788,0.564362,0.267676,-0.178905,0.291261,0.059080,0.937907,0.054283,-0.328231,-0.511644,1,0.000000,0.000000,0.000000,0.000000,0.000000,0.000000,0,0,0.000000,0.000000,0.000000,0.000000,0.000000,0.000000,0,0,0.000000,0.000000,0.000000,0.000000,0.000000,0.000000,0,0,0.000000,0.000000,0.000000,0.000000,0.000000,0.000000,0,0
103,2.059999,0,base,yup_snapshot,0,0,0.000000,0.000000,0.000000,1.000000,0.000000,0.000000,0.000000,0.000000,0.000000,0.000000,0,0.000000,0.000000,0.000000,0.000000,0.000000,0.000000,0,0,0.000000,0.000000,0.000000,0.000000,0.000000,0.000000,0,0,0.000000,0.000000,0.000000,0.000000,0.000000,0.000000,0,0,0.000000,0.000000,0.000000,0.000000,0.000000,0.000000,0,0
103,2.059999,1,gripper_l_palm,yup_snapshot,1,1,-1.146275,0.811866,0.358024,0.569823,-0.612876,-0.398736,-0.375093,-0.012771,-0.094409,0.071516,1,0.000000,0.000000,0.000000,0.000000,0.000000,0.000000,0,0,0.000000,0.000000,0.000000,0.000000,0.000000,0.000000,0,0,0.000000,0.000000,0.000000,0.000000,0.000000,0.000000,0,0,0.000000,0.000000,0.000000,0.000000,0.000000,0.000000,0,0
103,2.059999,2,gripper_l_finger1,yup_snapshot,1,1,-1.394210,0.817844,0.381552,0.836249,-0.030442,-0.547249,0.016720,-0.012771,-0.094444,0.071518,1,0.000000,0.000000,0.000000,0.000000,0.000000,0.000000,0,0,0.000000,0.000000,0.000000,0.000000,0.000000,0.000000,0,0,0.000000,0.000000,0.000000,0.000000,0.000000,0.000000,0,0,0.000000,0.000000,0.000000,0.000000,0.000000,0.000000,0,0
103,2.059999,3,gripper_l_finger2,yup_snapshot,1,1,-1.292404,0.802793,0.372800,-0.016715,-0.547114,0.030445,0.836337,-0.012771,-0.094430,0.071517,1,0.000000,0.000000,0.000000,0.000000,0.000000,0.000000,0,0,0.000000,0.000000,0.000000,0.000000,0.000000,0.000000,0,0,0.000000,0.000000,0.000000,0.000000,0.000000,0.000000,0,0,0.000000,0.000000,0.000000,0.000000,0.000000,0.000000,0,0
103,2.059999,4,gripper_r_palm,yup_snapshot,1,1,1.087246,0.628046,0.302223,0.619765,-0.703984,0.078045,0.337945,0.010678,-0.339825,-0.452986,1,0.000000,0.000000,0.000000,0.000000,0.000000,0.000000,0,0,0.000000,0.000000,0.000000,0.000000,0.000000,0.000000,0,0,0.000000,0.000000,0.000000,0.000000,0.000000,0.000000,0,0,0.000000,0.000000,0.000000,0.000000,0.000000,0.000000,0,0
103,2.059999,5,gripper_r_finger1,yup_snapshot,1,1,1.174111,0.650908,0.279631,0.936011,-0.059565,0.294215,0.183773,0.010726,-0.339707,-0.452987,1,0.000000,0.000000,0.000000,0.000000,0.000000,0.000000,0,0,0.000000,0.000000,0.000000,0.000000,0.000000,0.000000,0,0,0.000000,0.000000,0.000000,0.000000,0.000000,0.000000,0,0,0.000000,0.000000,0.000000,0.000000,0.000000,0.000000,0,0
103,2.059999,6,gripper_r_finger2,yup_snapshot,1,1,1.305513,0.559195,0.266656,-0.183781,0.294085,0.059540,0.936052,0.010621,-0.339963,-0.452986,1,0.000000,0.000000,0.000000,0.000000,0.000000,0.000000,0,0,0.000000,0.000000,0.000000,0.000000,0.000000,0.000000,0,0,0.000000,0.000000,0.000000,0.000000,0.000000,0.000000,0,0,0.000000,0.000000,0.000000,0.000000,0.000000,0.000000,0,0
104,2.079999,0,base,yup_snapshot,0,0,0.000000,0.000000,0.000000,1.000000,0.000000,0.000000,0.000000,0.000000,0.000000,0.000000,0,0.000000,0.000000,0.000000,0.000000,0.000000,0.000000,0,0,0.000000,0.000000,0.000000,0.000000,0.000000,0.000000,0,0,0.000000,0.000000,0.000000,0.000000,0.000000,0.000000,0,0,0.000000,0.000000,0.000000,0.000000,0.000000,0.000000,0,0
104,2.079999,1,gripper_l_palm,yup_snapshot,1,1,-1.146203,0.811439,0.357979,0.569781,-0.613652,-0.398013,-0.374655,-0.034061,-0.094490,0.031804,1,0.000000,0.000000,0.000000,0.000000,0.000000,0.000000,0,0,0.000000,0.000000,0.000000,0.000000,0.000000,0.000000,0,0,0.000000,0.000000,0.000000,0.000000,0.000000,0.000000,0,0,0.000000,0.000000,0.000000,0.000000,0.000000,0.000000,0,0
104,2.079999,2,gripper_l_finger1,yup_snapshot,1,1,-1.394146,0.817287,0.381261,0.836769,-0.031020,-0.546427,0.016519,-0.034061,-0.094463,0.031802,1,0.000000,0.000000,0.000000,0.000000,0.000000,0.000000,0,0,0.000000,0.000000,0.000000,0.000000,0.000000,0.000000,0,0,0.000000,0.000000,0.000000,0.000000,0.000000,0.000000,0,0,0.000000,0.000000,0.000000,0.000000,0.000000,0.000000,0,0
104,2.079999,3,gripper_l_finger2,yup_snapshot,1,1,-1.292139,0.802210,0.372605,-0.016514,-0.546292,0.031023,0.836857,-0.034061,-0.094490,0.031804,1,0.000000,0.000000,0.000000,0.000000,0.000000,0.000000,0,0,0.000000,0.000000,0.000000,0.000000,0.000000,0.000000,0,0,0.000000,0.000000,0.000000,0.000000,0.000000,0.000000,0,0,0.000000,0.000000,0.000000,0.000000,0.000000,0.000000,0,0
104,2.079999,4,gripper_r_palm,yup_snapshot,1,1,1.086183,0.624259,0.300815,0.618034,-0.703093,0.077171,0.343131,-0.016228,-0.358748,-0.405655,1,0.000000,0.000000,0.000000,0.000000,0.000000,0.000000,0,0,0.000000,0.000000,0.000000,0.000000,0.000000,0.000000,0,0,0.000000,0.000000,0.000000,0.000000,0.000000,0.000000,0,0,0.000000,0.000000,0.000000,0.000000,0.000000,0.000000,0,0
104,2.079999,5,gripper_r_finger1,yup_snapshot,1,1,1.173910,0.646904,0.278405,0.934157,-0.060159,0.297264,0.188058,-0.016197,-0.358674,-0.405655,1,0.000000,0.000000,0.000000,0.000000,0.000000,0.000000,0,0,0.000000,0.000000,0.000000,0.000000,0.000000,0.000000,0,0,0.000000,0.000000,0.000000,0.000000,0.000000,0.000000,0,0,0.000000,0.000000,0.000000,0.000000,0.000000,0.000000,0,0
104,2.079999,6,gripper_r_finger2,yup_snapshot,1,1,1.304476,0.554578,0.265924,-0.188066,0.297135,0.060133,0.934198,-0.016239,-0.358774,-0.405655,1,0.000000,0.000000,0.000000,0.000000,0.000000,0.000000,0,0,0.000000,0.000000,0.000000,0.000000,0.000000,0.000000,0,0,0.000000,0.000000,0.000000,0.000000,0.000000,0.000000,0,0,0.000000,0.000000,0.000000,0.000000,0.000000,0.000000,0,0
105,2.099999,0,base,yup_snapshot,0,0,0.000000,0.000000,0.000000,1.000000,0.000000,0.000000,0.000000,0.000000,0.000000,0.000000,0,0.000000,0.000000,0.000000,0.000000,0.000000,0.000000,0,0,0.000000,0.000000,0.000000,0.000000,0.000000,0.000000,0,0,0.000000,0.000000,0.000000,0.000000,0.000000,0.000000,0,0,0.000000,0.000000,0.000000,0.000000,0.000000,0.000000,0,0
105,2.099999,1,gripper_l_palm,yup_snapshot,1,1,-1.146152,0.811493,0.357887,0.569840,-0.614315,-0.397573,-0.373946,-0.041255,-0.095807,-0.007539,1,0.000000,0.000000,0.000000,0.000000,0.000000,0.000000,0,0,0.000000,0.000000,0.000000,0.000000,0.000000,0.000000,0,0,0.000000,0.000000,0.000000,0.000000,0.000000,0.000000,0,0,0.000000,0.000000,0.000000,0.000000,0.000000,0.000000,0,0
105,2.099999,2,gripper_l_finger1,yup_snapshot,1,1,-1.394098,0.817314,0.380921,0.837279,-0.031447,-0.545614,0.016709,-0.041256,-0.095744,-0.007543,1,0.000000,0.000000,0.000000,0.000000,0.000000,0.000000,0,0,0.000000,0.000000,0.000000,0.000000,0.000000,0.000000,0,0,0.000000,0.000000,0.000000,0.000000,0.000000,0.000000,0,0,0.000000,0.000000,0.000000,0.000000,0.000000,0.000000,0,0
105,2.099999,3,gripper_l_finger2,yup_snapshot,1,1,-1.291910,0.802161,0.372366,-0.016704,-0.545479,0.031450,0.837368,-0.041255,-0.095785,-0.007540,1,0.000000,0.000000,0.000000,0.000000,0.000000,0.000000,0,0,0.000000,0.000000,0.000000,0.000000,0.000000,0.000000,0,0,0.000000,0.000000,0.000000,0.000000,0.000000,0.000000,0,0,0.000000,0.000000,0.000000,0.000000,0.000000,0.000000,0,0
105,2.099999,4,gripper_r_palm,yup_snapshot,1,1,1.085278,0.620881,0.299626,0.616270,-0.702207,0.076797,0.348166,-0.032312,-0.381498,-0.366316,1,0.000000,0.000000,0.000000,0.000000,0.000000,0.000000,0,0,0.000000,0.000000,0.000000,0.000000,0.000000,0.000000,0,0,0.000000,0.000000,0.000000,0.000000,0.000000,0.000000,0,0,0.000000,0.000000,0.000000,0.000000,0.000000,0.000000,0,0
105,2.099999,5,gripper_r_finger1,yup_snapshot,1,1,1.173916,0.643274,0.277418,0.932283,-0.060780,0.300559,0.191883,-0.032284,-0.381434,-0.366316,1,0.000000,0.000000,0.000000,0.000000,0.000000,0.000000,0,0,0.000000,0.000000,0.000000,0.000000,0.000000,0.000000,0,0,0.000000,0.000000,0.000000,0.000000,0.000000,0.000000,0,0,0.000000,0.000000,0.000000,0.000000,0.000000,0.000000,0,0
105,2.099999,6,gripper_r_finger2,yup_snapshot,1,1,1.303655,0.550427,0.265473,-0.191892,0.300431,0.060754,0.932324,-0.032297,-0.381465,-0.366316,1,0.000000,0.000000,0.000000,0.000000,0.000000,0.000000,0,0,0.000000,0.000000,0.000000,0.000000,0.000000,0.000000,0,0,0.000000,0.000000,0.000000,0.000000,0.000000,0.000000,0,0,0.000000,0.000000,0.000000,0.000000,0.000000,0.000000,0,0
106,2.119999,0,base,yup_snapshot,0,0,0.000000,0.000000,0.000000,1.000000,0.000000,0.000000,0.000000,0.000000,0.000000,0.000000,0,0.000000,0.000000,0.000000,0.000000,0.000000,0.000000,0,0,0.000000,0.000000,0.000000,0.000000,0.000000,0.000000,0,0,0.000000,0.000000,0.000000,0.000000,0.000000,0.000000,0,0,0.000000,0.000000,0.000000,0.000000,0.000000,0.000000,0,0
106,2.119999,1,gripper_l_palm,yup_snapshot,1,1,-1.146121,0.811908,0.357752,0.570071,-0.614808,-0.397305,-0.373067,-0.034972,-0.097708,-0.034116,1,0.000000,0.000000,0.000000,0.000000,0.000000,0.000000,0,0,0.000000,0.000000,0.000000,0.000000,0.000000,0.000000,0,0,0.000000,0.000000,0.000000,0.000000,0.000000,0.000000,0,0,0.000000,0.000000,0.000000,0.000000,0.000000,0.000000,0,0
106,2.119999,2,gripper_l_finger1,yup_snapshot,1,1,-1.394061,0.817785,0.380536,0.837791,-0.031633,-0.544804,0.017142,-0.034972,-0.097643,-0.034120,1,0.000000,0.000000,0.000000,0.000000,0.000000,0.000000,0,0,0.000000,0.000000,0.000000,0.000000,0.000000,0.000000,0,0,0.000000,0.000000,0.000000,0.000000,0.000000,0.000000,0,0,0.000000,0.000000,0.000000,0.000000,0.000000,0.000000,0,0
106,2.119999,3,gripper_l_finger2,yup_snapshot,1,1,-1.291707,0.802543,0.372081,-0.017137,-0.544668,0.031636,0.837880,-0.034972,-0.097665,-0.034119,1,0.000000,0.000000,0.000000,0.000000,0.000000,0.000000,0,0,0.000000,0.000000,0.000000,0.000000,0.000000,0.000000,0,0,0.000000,0.000000,0.000000,0.000000,0.000000,0.000000,0,0,0.000000,0.000000,0.000000,0.000000,0.000000,0.000000,0,0
106,2.119999,4,gripper_r_palm,yup_snapshot,1,1,1.084521,0.617861,0.298652,0.614508,-0.701270,0.076863,0.353118,-0.041358,-0.406244,-0.332381,1,0.000000,0.000000,0.000000,0.000000,0.000000,0.000000,0,0,0.000000,0.000000,0.000000,0.000000,0.000000,0.000000,0,0,0.000000,0.000000,0.000000,0.000000,0.000000,0.000000,0,0,0.000000,0.000000,0.000000,0.000000,0.000000,0.000000,0,0
106,2.119999,5,gripper_r_finger1,yup_snapshot,1,1,1.174124,0.639984,0.276665,0.930375,-0.061363,0.304106,0.195338,-0.041334,-0.406189,-0.332381,1,0.000000,0.000000,0.000000,0.000000,0.000000,0.000000,0,0,0.000000,0.000000,0.000000,0.000000,0.000000,0.000000,0,0,0.000000,0.000000,0.000000,0.000000,0.000000,0.000000,0,0,0.000000,0.000000,0.000000,0.000000,0.000000,0.000000,0,0
106,2.119999,6,gripper_r_finger2,yup_snapshot,1,1,1.303035,0.546688,0.265295,-0.195346,0.303979,0.061336,0.930416,-0.041364,-0.406259,-0.332381,1,0.000000,0.000000,0.000000,0.000000,0.000000,0.000000,0,0,0.000000,0.000000,0.000000,0.000000,0.000000,0.000000,0,0,0.000000,0.000000,0.000000,0.000000,0.000000,0.000000,0,0,0.000000,0.000000,0.000000,0.000000,0.000000,0.000000,0,0
107,2.139999,0,base,yup_snapshot,0,0,0.000000,0.000000,0.000000,1.000000,0.000000,0.000000,0.000000,0.000000,0.000000,0.000000,0,0.000000,0.000000,0.000000,0.000000,0.000000,0.000000,0,0,0.000000,0.000000,0.000000,0.000000,0.000000,0.000000,0,0,0.000000,0.000000,0.000000,0.000000,0.000000,0.000000,0,0,0.000000,0.000000,0.000000,0.000000,0.000000,0.000000,0,0
107,2.139999,1,gripper_l_palm,yup_snapshot,1,1,-1.146095,0.812464,0.357591,0.570472,-0.615144,-0.397064,-0.372155,-0.019093,-0.099428,-0.040276,1,0.000000,0.000000,0.000000,0.000000,0.000000,0.000000,0,0,0.000000,0.000000,0.000000,0.000000,0.000000,0.000000,0,0,0.000000,0.000000,0.000000,0.000000,0.000000,0.000000,0,0,0.000000,0.000000,0.000000,0.000000,0.000000,0.000000,0,0
107,2.139999,2,gripper_l_finger1,yup_snapshot,1,1,-1.394027,0.818439,0.380126,0.838312,-0.031586,-0.543990,0.017616,-0.019093,-0.099381,-0.040280,1,0.000000,0.000000,0.000000,0.000000,0.000000,0.000000,0,0,0.000000,0.000000,0.000000,0.000000,0.000000,0.000000,0,0,0.000000,0.000000,0.000000,0.000000,0.000000,0.000000,0,0,0.000000,0.000000,0.000000,0.000000,0.000000,0.000000,0,0
107,2.139999,3,gripper_l_finger2,yup_snapshot,1,1,-1.291512,0.803124,0.371762,-0.017610,-0.543853,0.031589,0.838401,-0.019093,-0.099375,-0.040280,1,0.000000,0.000000,0.000000,0.000000,0.000000,0.000000,0,0,0.000000,0.000000,0.000000,0.000000,0.000000,0.000000,0,0,0.000000,0.000000,0.000000,0.000000,0.000000,0.000000,0,0,0.000000,0.000000,0.000000,0.000000,0.000000,0.000000,0,0
107,2.139999,4,gripper_r_palm,yup_snapshot,1,1,1.083905,0.615168,0.297888,0.612774,-0.700246,0.077328,0.358027,-0.045716,-0.431886,-0.302034,1,0.000000,0.000000,0.000000,0.000000,0.000000,0.000000,0,0,0.000000,0.000000,0.000000,0.000000,0.000000,0.000000,0,0,0.000000,0.000000,0.000000,0.000000,0.000000,0.000000,0,0,0.000000,0.000000,0.000000,0.000000,0.000000,0.000000,0,0
107,2.139999,5,gripper_r_finger1,yup_snapshot,1,1,1.174530,0.637014,0.276145,0.928425,-0.061865,0.307905,0.198480,-0.045687,-0.431822,-0.302034,1,0.000000,0.000000,0.000000,0.000000,0.000000,0.000000,0,0,0.000000,0.000000,0.000000,0.000000,0.000000,0.000000,0,0,0.000000,0.000000,0.000000,0.000000,0.000000,0.000000,0,0,0.000000,0.000000,0.000000,0.000000,0.000000,0.000000,0,0
107,2.139999,6,gripper_r_finger2,yup_snapshot,1,1,1.302610,0.543328,0.265382,-0.198488,0.307779,0.061839,0.928467,-0.045715,-0.431883,-0.302034,1,0.000000,0.000000,0.000000,0.000000,0.000000,0.000000,0,0,0.000000,0.000000,0.000000,0.000000,0.000000,0.000000,0,0,0.000000,0.000000,0.000000,0.000000,0.000000,0.000000,0,0,0.000000,0.000000,0.000000,0.000000,0.000000,0.000000,0,0
108,2.159999,0,base,yup_snapshot,0,0,0.000000,0.000000,0.000000,1.000000,0.000000,0.000000,0.000000,0.000000,0.000000,0.000000,0,0.000000,0.000000,0.000000,0.000000,0.000000,0.000000,0,0,0.000000,0.000000,0.000000,0.000000,0.000000,0.000000,0,0,0.000000,0.000000,0.000000,0.000000,0.000000,0.000000,0,0,0.000000,0.000000,0.000000,0.000000,0.000000,0.000000,0,0
108,2.159999,1,gripper_l_palm,yup_snapshot,1,1,-1.146064,0.812926,0.357430,0.570993,-0.615379,-0.396722,-0.371331,-0.000617,-0.100509,-0.028688,1,0.000000,0.000000,0.000000,0.000000,0.000000,0.000000,0,0,0.000000,0.000000,0.000000,0.000000,0.000000,0.000000,0,0,0.000000,0.000000,0.000000,0.000000,0.000000,0.000000,0,0,0.000000,0.000000,0.000000,0.000000,0.000000,0.000000,0,0
108,2.159999,2,gripper_l_finger1,yup_snapshot,1,1,-1.393988,0.818990,0.379714,0.838846,-0.031384,-0.543167,0.017957,-0.000617,-0.100492,-0.028689,1,0.000000,0.000000,0.000000,0.000000,0.000000,0.000000,0,0,0.000000,0.000000,0.000000,0.000000,0.000000,0.000000,0,0,0.000000,0.000000,0.000000,0.000000,0.000000,0.000000,0,0,0.000000,0.000000,0.000000,0.000000,0.000000,0.000000,0,0
108,2.159999,3,gripper_l_finger2,yup_snapshot,1,1,-1.291309,0.803644,0.371434,-0.017951,-0.543030,0.031387,0.838934,-0.000617,-0.100455,-0.028692,1,0.000000,0.000000,0.000000,0.000000,0.000000,0.000000,0,0,0.000000,0.000000,0.000000,0.000000,0.000000,0.000000,0,0,0.000000,0.000000,0.000000,0.000000,0.000000,0.000000,0,0,0.000000,0.000000,0.000000,0.000000,0.000000,0.000000,0,0
108,2.159999,4,gripper_r_palm,yup_snapshot,1,1,1.083428,0.612784,0.297328,0.611005,-0.699210,0.078190,0.362855,-0.068342,-0.448905,-0.270720,1,0.000000,0.000000,0.000000,0.000000,0.000000,0.000000,0,0,0.000000,0.000000,0.000000,0.000000,0.000000,0.000000,0,0,0.000000,0.000000,0.000000,0.000000,0.000000,0.000000,0,0,0.000000,0.000000,0.000000,0.000000,0.000000,0.000000,0,0
108,2.159999,5,gripper_r_finger1,yup_snapshot,1,1,1.175119,0.634325,0.275850,0.926441,-0.062384,0.311929,0.201285,-0.068316,-0.448847,-0.270719,1,0.000000,0.000000,0.000000,0.000000,0.000000,0.000000,0,0,0.000000,0.000000,0.000000,0.000000,0.000000,0.000000,0,0,0.000000,0.000000,0.000000,0.000000,0.000000,0.000000,0,0,0.000000,0.000000,0.000000,0.000000,0.000000,0.000000,0,0
108,2.159999,6,gripper_r_finger2,yup_snapshot,1,1,1.302369,0.540317,0.265732,-0.201293,0.311803,0.062357,0.926483,-0.068346,-0.448913,-0.270720,1,0.000000,0.000000,0.000000,0.000000,0.000000,0.000000,0,0,0.000000,0.000000,0.000000,0.000000,0.000000,0.000000,0,0,0.000000,0.000000,0.000000,0.000000,0.000000,0.000000,0,0,0.000000,0.000000,0.000000,0.000000,0.000000,0.000000,0,0
109,2.179999,0,base,yup_snapshot,0,0,0.000000,0.000000,0.000000,1.000000,0.000000,0.000000,0.000000,0.000000,0.000000,0.000000,0,0.000000,0.000000,0.000000,0.000000,0.000000,0.000000,0,0,0.000000,0.000000,0.000000,0.000000,0.000000,0.000000,0,0,0.000000,0.000000,0.000000,0.000000,0.000000,0.000000,0,0,0.000000,0.000000,0.000000,0.000000,0.000000,0.000000,0,0
109,2.179999,1,gripper_l_palm,yup_snapshot,1,1,-1.146021,0.813119,0.357289,0.571541,-0.615603,-0.396201,-0.370674,0.012651,-0.100552,-0.004196,1,0.000000,0.000000,0.000000,0.000000,0.000000,0.000000,0,0,0.000000,0.000000,0.000000,0.000000,0.000000,0.000000,0,0,0.000000,0.000000,0.000000,0.000000,0.000000,0.000000,0,0,0.000000,0.000000,0.000000,0.000000,0.000000,0.000000,0,0
109,2.179999,2,gripper_l_finger1,yup_snapshot,1,1,-1.393939,0.819226,0.379324,0.839391,-0.031155,-0.542334,0.018053,0.012651,-0.100572,-0.004195,1,0.000000,0.000000,0.000000,0.000000,0.000000,0.000000,0,0,0.000000,0.000000,0.000000,0.000000,0.000000,0.000000,0,0,0.000000,0.000000,0.000000,0.000000,0.000000,0.000000,0,0,0.000000,0.000000,0.000000,0.000000,0.000000,0.000000,0,0
109,2.179999,3,gripper_l_finger2,yup_snapshot,1,1,-1.291085,0.803891,0.371121,-0.018048,-0.542197,0.031158,0.839479,0.012651,-0.100510,-0.004199,1,0.000000,0.000000,0.000000,0.000000,0.000000,0.000000,0,0,0.000000,0.000000,0.000000,0.000000,0.000000,0.000000,0,0,0.000000,0.000000,0.000000,0.000000,0.000000,0.000000,0,0,0.000000,0.000000,0.000000,0.000000,0.000000,0.000000,0,0
109,2.179999,4,gripper_r_palm,yup_snapshot,1,1,1.083088,0.610699,0.296969,0.609258,-0.698090,0.079407,0.367654,-0.067679,-0.474681,-0.243769,1,0.000000,0.000000,0.000000,0.000000,0.000000,0.000000,0,0,0.000000,0.000000,0.000000,0.000000,0.000000,0.000000,0,0,0.000000,0.000000,0.000000,0.000000,0.000000,0.000000,0,0,0.000000,0.000000,0.000000,0.000000,0.000000,0.000000,0,0
109,2.179999,5,gripper_r_finger1,yup_snapshot,1,1,1.175899,0.631931,0.275781,0.924414,-0.062827,0.316182,0.203817,-0.067658,-0.474636,-0.243768,1,0.000000,0.000000,0.000000,0.000000,0.000000,0.000000,0,0,0.000000,0.000000,0.000000,0.000000,0.000000,0.000000,0,0,0.000000,0.000000,0.000000,0.000000,0.000000,0.000000,0,0,0.000000,0.000000,0.000000,0.000000,0.000000,0.000000,0,0
109,2.179999,6,gripper_r_finger2,yup_snapshot,1,1,1.302311,0.537650,0.266335,-0.203825,0.316057,0.062800,0.924456,-0.067683,-0.474691,-0.243769,1,0.000000,0.000000,0.000000,0.000000,0.000000,0.000000,0,0,0.000000,0.000000,0.000000,0.000000,0.000000,0.000000,0,0,0.000000,0.000000,0.000000,0.000000,0.000000,0.000000,0,0,0.000000,0.000000,0.000000,0.000000,0.000000,0.000000,0,0
110,2.199999,0,base,yup_snapshot,0,0,0.000000,0.000000,0.000000,1.000000,0.000000,0.000000,0.000000,0.000000,0.000000,0.000000,0,0.000000,0.000000,0.000000,0.000000,0.000000,0.000000,0,0,0.000000,0.000000,0.000000,0.000000,0.000000,0.000000,0,0,0.000000,0.000000,0.000000,0.000000,0.000000,0.000000,0,0,0.000000,0.000000,0.000000,0.000000,0.000000,0.000000,0,0
110,2.199999,1,gripper_l_palm,yup_snapshot,1,1,-1.145962,0.812981,0.357182,0.572036,-0.615885,-0.395485,-0.370205,0.019490,-0.099418,0.023325,1,0.000000,0.000000,0.000000,0.000000,0.000000,0.000000,0,0,0.000000,0.000000,0.000000,0.000000,0.000000,0.000000,0,0,0.000000,0.000000,0.000000,0.000000,0.000000,0.000000,0,0,0.000000,0.000000,0.000000,0.000000,0.000000,0.000000,0,0
110,2.199999,2,gripper_l_finger1,yup_snapshot,1,1,-1.393879,0.819064,0.378970,0.839941,-0.031004,-0.541497,0.017878,0.019490,-0.099462,0.023328,1,0.000000,0.000000,0.000000,0.000000,0.000000,0.000000,0,0,0.000000,0.000000,0.000000,0.000000,0.000000,0.000000,0,0,0.000000,0.000000,0.000000,0.000000,0.000000,0.000000,0,0,0.000000,0.000000,0.000000,0.000000,0.000000,0.000000,0,0
110,2.199999,3,gripper_l_finger2,yup_snapshot,1,1,-1.290839,0.803778,0.370840,-0.017873,-0.541360,0.031007,0.840029,0.019490,-0.099391,0.023323,1,0.000000,0.000000,0.000000,0.000000,0.000000,0.000000,0,0,0.000000,0.000000,0.000000,0.000000,0.000000,0.000000,0,0,0.000000,0.000000,0.000000,0.000000,0.000000,0.000000,0,0,0.000000,0.000000,0.000000,0.000000,0.000000,0.000000,0,0
110,2.199999,4,gripper_r_palm,yup_snapshot,1,1,1.082886,0.608905,0.296805,0.607402,-0.697050,0.081016,0.372318,-0.107947,-0.481508,-0.212736,1,0.000000,0.000000,0.000000,0.000000,0.000000,0.000000,0,0,0.000000,0.000000,0.000000,0.000000,0.000000,0.000000,0,0,0.000000,0.000000,0.000000,0.000000,0.000000,0.000000,0,0,0.000000,0.000000,0.000000,0.000000,0.000000,0.000000,0,0
110,2.199999,5,gripper_r_finger1,yup_snapshot,1,1,1.176843,0.629774,0.275925,0.922365,-0.063404,0.320617,0.205977,-0.107929,-0.481468,-0.212735,1,0.000000,0.000000,0.000000,0.000000,0.000000,0.000000,0,0,0.000000,0.000000,0.000000,0.000000,0.000000,0.000000,0,0,0.000000,0.000000,0.000000,0.000000,0.000000,0.000000,0,0,0.000000,0.000000,0.000000,0.000000,0.000000,0.000000,0,0
110,2.199999,6,gripper_r_finger2,yup_snapshot,1,1,1.302426,0.535302,0.267190,-0.205986,0.320493,0.063377,0.922408,-0.107934,-0.481480,-0.212735,1,0.000000,0.000000,0.000000,0.000000,0.000000,0.000000,0,0,0.000000,0.000000,0.000000,0.000000,0.000000,0.000000,0,0,0.000000,0.000000,0.000000,0.000000,0.000000,0.000000,0,0,0.000000,0.000000,0.000000,0.000000,0.000000,0.000000,0,0
111,2.219999,0,base,yup_snapshot,0,0,0.000000,0.000000,0.000000,1.000000,0.000000,0.000000,0.000000,0.000000,0.000000,0.000000,0,0.000000,0.000000,0.000000,0.000000,0.000000,0.000000,0,0,0.000000,0.000000,0.000000,0.000000,0.000000,0.000000,0,0,0.000000,0.000000,0.000000,0.000000,0.000000,0.000000,0,0,0.000000,0.000000,0.000000,0.000000,0.000000,0.000000,0,0
111,2.219999,1,gripper_l_palm,yup_snapshot,1,1,-1.145891,0.812564,0.357107,0.572425,-0.616268,-0.394626,-0.369884,0.017733,-0.097621,0.044685,1,0.000000,0.000000,0.000000,0.000000,0.000000,0.000000,0,0,0.000000,0.000000,0.000000,0.000000,0.000000,0.000000,0,0,0.000000,0.000000,0.000000,0.000000,0.000000,0.000000,0,0,0.000000,0.000000,0.000000,0.000000,0.000000,0.000000,0,0
111,2.219999,2,gripper_l_finger1,yup_snapshot,1,1,-1.393810,0.818559,0.378651,0.840487,-0.031000,-0.540662,0.017498,0.017733,-0.097677,0.044689,1,0.000000,0.000000,0.000000,0.000000,0.000000,0.000000,0,0,0.000000,0.000000,0.000000,0.000000,0.000000,0.000000,0,0,0.000000,0.000000,0.000000,0.000000,0.000000,0.000000,0,0,0.000000,0.000000,0.000000,0.000000,0.000000,0.000000,0,0
111,2.219999,3,gripper_l_finger2,yup_snapshot,1,1,-1.290572,0.803341,0.370594,-0.017493,-0.540525,0.031003,0.840575,0.017733,-0.097607,0.044684,1,0.000000,0.000000,0.000000,0.000000,0.000000,0.000000,0,0,0.000000,0.000000,0.000000,0.000000,0.000000,0.000000,0,0,0.000000,0.000000,0.000000,0.000000,0.000000,0.000000,0,0,0.000000,0.000000,0.000000,0.000000,0.000000,0.000000,0,0
111,2.219999,4,gripper_r_palm,yup_snapshot,1,1,1.082816,0.607393,0.296828,0.605272,-0.696178,0.082797,0.376996,-0.142113,-0.488824,-0.240307,1,0.000000,0.000000,0.000000,0.000000,0.000000,0.000000,0,0,0.000000,0.000000,0.000000,0.000000,0.000000,0.000000,0,0,0.000000,0.000000,0.000000,0.000000,0.000000,0.000000,0,0,0.000000,0.000000,0.000000,0.000000,0.000000,0.000000,0,0
111,2.219999,5,gripper_r_finger1,yup_snapshot,1,1,1.177932,0.627807,0.276277,0.920243,-0.064294,0.325184,0.208026,-0.142095,-0.488785,-0.240306,1,0.000000,0.000000,0.000000,0.000000,0.000000,0.000000,0,0,0.000000,0.000000,0.000000,0.000000,0.000000,0.000000,0,0,0.000000,0.000000,0.000000,0.000000,0.000000,0.000000,0,0,0.000000,0.000000,0.000000,0.000000,0.000000,0.000000,0,0
111,2.219999,6,gripper_r_finger2,yup_snapshot,1,1,1.302669,0.533192,0.268290,-0.208035,0.325061,0.064266,0.920286,-0.142128,-0.488855,-0.240307,1,0.000000,0.000000,0.000000,0.000000,0.000000,0.000000,0,0,0.000000,0.000000,0.000000,0.000000,0.000000,0.000000,0,0,0.000000,0.000000,0.000000,0.000000,0.000000,0.000000,0,0,0.000000,0.000000,0.000000,0.000000,0.000000,0.000000,0,0
112,2.239999,0,base,yup_snapshot,0,0,0.000000,0.000000,0.000000,1.000000,0.000000,0.000000,0.000000,0.000000,0.000000,0.000000,0,0.000000,0.000000,0.000000,0.000000,0.000000,0.000000,0,0,0.000000,0.000000,0.000000,0.000000,0.000000,0.000000,0,0,0.000000,0.000000,0.000000,0.000000,0.000000,0.000000,0,0,0.000000,0.000000,0.000000,0.000000,0.000000,0.000000,0,0
112,2.239999,1,gripper_l_palm,yup_snapshot,1,1,-1.145812,0.812004,0.357055,0.572691,-0.616761,-0.393728,-0.369606,0.008174,-0.096014,0.051999,1,0.000000,0.000000,0.000000,0.000000,0.000000,0.000000,0,0,0.000000,0.000000,0.000000,0.000000,0.000000,0.000000,0,0,0.000000,0.000000,0.000000,0.000000,0.000000,0.000000,0,0,0.000000,0.000000,0.000000,0.000000,0.000000,0.000000,0,0
112,2.239999,2,gripper_l_finger1,yup_snapshot,1,1,-1.393735,0.817876,0.378356,0.841024,-0.031161,-0.539830,0.017059,0.008174,-0.096058,0.052002,1,0.000000,0.000000,0.000000,0.000000,0.000000,0.000000,0,0,0.000000,0.000000,0.000000,0.000000,0.000000,0.000000,0,0,0.000000,0.000000,0.000000,0.000000,0.000000,0.000000,0,0,0.000000,0.000000,0.000000,0.000000,0.000000,0.000000,0,0
112,2.239999,3,gripper_l_finger2,yup_snapshot,1,1,-1.290297,0.802719,0.370376,-0.017054,-0.539693,0.031164,0.841112,0.008174,-0.096006,0.051999,1,0.000000,0.000000,0.000000,0.000000,0.000000,0.000000,0,0,0.000000,0.000000,0.000000,0.000000,0.000000,0.000000,0,0,0.000000,0.000000,0.000000,0.000000,0.000000,0.000000,0,0,0.000000,0.000000,0.000000,0.000000,0.000000,0.000000,0,0
112,2.239999,4,gripper_r_palm,yup_snapshot,1,1,1.082870,0.606144,0.297026,0.602614,-0.695507,0.084200,0.382148,-0.173344,-0.494732,-0.343937,1,0.000000,0.000000,0.000000,0.000000,0.000000,0.000000,0,0,0.000000,0.000000,0.000000,0.000000,0.000000,0.000000,0,0,0.000000,0.000000,0.000000,0.000000,0.000000,0.000000,0,0,0.000000,0.000000,0.000000,0.000000,0.000000,0.000000,0,0
112,2.239999,5,gripper_r_finger1,yup_snapshot,1,1,1.179151,0.625973,0.276823,0.917888,-0.065699,0.329818,0.210676,-0.173329,-0.494702,-0.343937,1,0.000000,0.000000,0.000000,0.000000,0.000000,0.000000,0,0,0.000000,0.000000,0.000000,0.000000,0.000000,0.000000,0,0,0.000000,0.000000,0.000000,0.000000,0.000000,0.000000,0,0,0.000000,0.000000,0.000000,0.000000,0.000000,0.000000,0,0
112,2.239999,6,gripper_r_finger2,yup_snapshot,1,1,1.302945,0.531164,0.269616,-0.210685,0.329696,0.065671,0.917932,-0.173365,-0.494778,-0.343938,1,0.000000,0.000000,0.000000,0.000000,0.000000,0.000000,0,0,0.000000,0.000000,0.000000,0.000000,0.000000,0.000000,0,0,0.000000,0.000000,0.000000,0.000000,0.000000,0.000000,0,0,0.000000,0.000000,0.000000,0.000000,0.000000,0.000000,0,0
113,2.259999,0,base,yup_snapshot,0,0,0.000000,0.000000,0.000000,1.000000,0.000000,0.000000,0.000000,0.000000,0.000000,0.000000,0,0.000000,0.000000,0.000000,0.000000,0.000000,0.000000,0,0,0.000000,0.000000,0.000000,0.000000,0.000000,0.000000,0,0,0.000000,0.000000,0.000000,0.000000,0.000000,0.000000,0,0,0.000000,0.000000,0.000000,0.000000,0.000000,0.000000,0,0
113,2.259999,1,gripper_l_palm,yup_snapshot,1,1,-1.145733,0.811462,0.357009,0.572856,-0.617340,-0.392878,-0.369290,-0.004788,-0.094925,0.047720,1,0.000000,0.000000,0.000000,0.000000,0.000000,0.000000,0,0,0.000000,0.000000,0.000000,0.000000,0.000000,0.000000,0,0,0.000000,0.000000,0.000000,0.000000,0.000000,0.000000,0,0,0.000000,0.000000,0.000000,0.000000,0.000000,0.000000,0,0
113,2.259999,2,gripper_l_finger1,yup_snapshot,1,1,-1.393661,0.817206,0.378068,0.841550,-0.031453,-0.539005,0.016682,-0.004787,-0.094951,0.047722,1,0.000000,0.000000,0.000000,0.000000,0.000000,0.000000,0,0,0.000000,0.000000,0.000000,0.000000,0.000000,0.000000,0,0,0.000000,0.000000,0.000000,0.000000,0.000000,0.000000,0,0,0.000000,0.000000,0.000000,0.000000,0.000000,0.000000,0,0
113,2.259999,3,gripper_l_finger2,yup_snapshot,1,1,-1.290022,0.802086,0.370173,-0.016677,-0.538868,0.031456,0.841637,-0.004788,-0.094920,0.047720,1,0.000000,0.000000,0.000000,0.000000,0.000000,0.000000,0,0,0.000000,0.000000,0.000000,0.000000,0.000000,0.000000,0,0,0.000000,0.000000,0.000000,0.000000,0.000000,0.000000,0,0,0.000000,0.000000,0.000000,0.000000,0.000000,0.000000,0,0
113,2.259999,4,gripper_r_palm,yup_snapshot,1,1,1.083028,0.605119,0.297373,0.599330,-0.695017,0.084999,0.387982,-0.198049,-0.504764,-0.454386,1,0.000000,0.000000,0.000000,0.000000,0.000000,0.000000,0,0,0.000000,0.000000,0.000000,0.000000,0.000000,0.000000,0,0,0.000000,0.000000,0.000000,0.000000,0.000000,0.000000,0,0,0.000000,0.000000,0.000000,0.000000,0.000000,0.000000,0,0
113,2.259999,5,gripper_r_finger1,yup_snapshot,1,1,1.180478,0.624216,0.277541,0.915220,-0.067675,0.334508,0.214237,-0.198040,-0.504746,-0.454385,1,0.000000,0.000000,0.000000,0.000000,0.000000,0.000000,0,0,0.000000,0.000000,0.000000,0.000000,0.000000,0.000000,0,0,0.000000,0.000000,0.000000,0.000000,0.000000,0.000000,0,0,0.000000,0.000000,0.000000,0.000000,0.000000,0.000000,0,0
113,2.259999,6,gripper_r_finger2,yup_snapshot,1,1,1.303197,0.529120,0.271143,-0.214246,0.334386,0.067647,0.915264,-0.198085,-0.504839,-0.454387,1,0.000000,0.000000,0.000000,0.000000,0.000000,0.000000,0,0,0.000000,0.000000,0.000000,0.000000,0.000000,0.000000,0,0,0.000000,0.000000,0.000000,0.000000,0.000000,0.000000,0,0,0.000000,0.000000,0.000000,0.000000,0.000000,0.000000,0,0
114,2.279999,0,base,yup_snapshot,0,0,0.000000,0.000000,0.000000,1.000000,0.000000,0.000000,0.000000,0.000000,0.000000,0.000000,0,0.000000,0.000000,0.000000,0.000000,0.000000,0.000000,0,0,0.000000,0.000000,0.000000,0.000000,0.000000,0.000000,0,0,0.000000,0.000000,0.000000,0.000000,0.000000,0.000000,0,0,0.000000,0.000000,0.000000,0.000000,0.000000,0.000000,0,0
114,2.279999,1,gripper_l_palm,yup_snapshot,1,1,-1.145661,0.811069,0.356955,0.572975,-0.617948,-0.392140,-0.368871,-0.015783,-0.094598,0.033559,1,0.000000,0.000000,0.000000,0.000000,0.000000,0.000000,0,0,0.000000,0.000000,0.000000,0.000000,0.000000,0.000000,0,0,0.000000,0.000000,0.000000,0.000000,0.000000,0.000000,0,0,0.000000,0.000000,0.000000,0.000000,0.000000,0.000000,0,0
114,2.279999,2,gripper_l_finger1,yup_snapshot,1,1,-1.393590,0.816709,0.377772,0.842065,-0.031799,-0.538186,0.016456,-0.015783,-0.094598,0.033559,1,0.000000,0.000000,0.000000,0.000000,0.000000,0.000000,0,0,0.000000,0.000000,0.000000,0.000000,0.000000,0.000000,0,0,0.000000,0.000000,0.000000,0.000000,0.000000,0.000000,0,0,0.000000,0.000000,0.000000,0.000000,0.000000,0.000000,0,0
114,2.279999,3,gripper_l_finger2,yup_snapshot,1,1,-1.289759,0.801594,0.369966,-0.016451,-0.538049,0.031802,0.842153,-0.015783,-0.094587,0.033559,1,0.000000,0.000000,0.000000,0.000000,0.000000,0.000000,0,0,0.000000,0.000000,0.000000,0.000000,0.000000,0.000000,0,0,0.000000,0.000000,0.000000,0.000000,0.000000,0.000000,0,0,0.000000,0.000000,0.000000,0.000000,0.000000,0.000000,0,0
114,2.279999,4,gripper_r_palm,yup_snapshot,1,1,1.083261,0.604252,0.297845,0.595383,-0.694678,0.085086,0.394592,-0.219423,-0.515047,-0.584399,1,0.000000,0.000000,0.000000,0.000000,0.000000,0.000000,0,0,0.000000,0.000000,0.000000,0.000000,0.000000,0.000000,0,0,0.000000,0.000000,0.000000,0.000000,0.000000,0.000000,0,0,0.000000,0.000000,0.000000,0.000000,0.000000,0.000000,0,0
114,2.279999,5,gripper_r_finger1,yup_snapshot,1,1,1.181884,0.622470,0.278409,0.912189,-0.070226,0.339243,0.218849,-0.219424,-0.515049,-0.584399,1,0.000000,0.000000,0.000000,0.000000,0.000000,0.000000,0,0,0.000000,0.000000,0.000000,0.000000,0.000000,0.000000,0,0,0.000000,0.000000,0.000000,0.000000,0.000000,0.000000,0,0,0.000000,0.000000,0.000000,0.000000,0.000000,0.000000,0,0
114,2.279999,6,gripper_r_finger2,yup_snapshot,1,1,1.303375,0.526976,0.272845,-0.218858,0.339122,0.070197,0.912234,-0.219457,-0.515116,-0.584401,1,0.000000,0.000000,0.000000,0.000000,0.000000,0.000000,0,0,0.000000,0.000000,0.000000,0.000000,0.000000,0.000000,0,0,0.000000,0.000000,0.000000,0.000000,0.000000,0.000000,0,0,0.000000,0.000000,0.000000,0.000000,0.000000,0.000000,0,0
115,2.299999,0,base,yup_snapshot,0,0,0.000000,0.000000,0.000000,1.000000,0.000000,0.000000,0.000000,0.000000,0.000000,0.000000,0,0.000000,0.000000,0.000000,0.000000,0.000000,0.000000,0,0,0.000000,0.000000,0.000000,0.000000,0.000000,0.000000,0,0,0.000000,0.000000,0.000000,0.000000,0.000000,0.000000,0,0,0.000000,0.000000,0.000000,0.000000,0.000000,0.000000,0,0
115,2.299999,1,gripper_l_palm,yup_snapshot,1,1,-1.145598,0.810887,0.356881,0.573112,-0.618531,-0.391531,-0.368327,-0.021651,-0.095011,0.015557,1,0.000000,0.000000,0.000000,0.000000,0.000000,0.000000,0,0,0.000000,0.000000,0.000000,0.000000,0.000000,0.000000,0,0,0.000000,0.000000,0.000000,0.000000,0.000000,0.000000,0,0,0.000000,0.000000,0.000000,0.000000,0.000000,0.000000,0,0
115,2.299999,2,gripper_l_finger1,yup_snapshot,1,1,-1.393527,0.816465,0.377455,0.842574,-0.032115,-0.537371,0.016410,-0.021652,-0.094988,0.015555,1,0.000000,0.000000,0.000000,0.000000,0.000000,0.000000,0,0,0.000000,0.000000,0.000000,0.000000,0.000000,0.000000,0,0,0.000000,0.000000,0.000000,0.000000,0.000000,0.000000,0,0,0.000000,0.000000,0.000000,0.000000,0.000000,0.000000,0,0
115,2.299999,3,gripper_l_finger2,yup_snapshot,1,1,-1.289510,0.801327,0.369742,-0.016405,-0.537234,0.032118,0.842662,-0.021652,-0.094989,0.015555,1,0.000000,0.000000,0.000000,0.000000,0.000000,0.000000,0,0,0.000000,0.000000,0.000000,0.000000,0.000000,0.000000,0,0,0.000000,0.000000,0.000000,0.000000,0.000000,0.000000,0,0,0.000000,0.000000,0.000000,0.000000,0.000000,0.000000,0,0
115,2.299999,4,gripper_r_palm,yup_snapshot,1,1,1.083529,0.603462,0.298411,0.590701,-0.694460,0.084310,0.402106,-0.236821,-0.527038,-0.736142,1,0.000000,0.000000,0.000000,0.000000,0.000000,0.000000,0,0,0.000000,0.000000,0.000000,0.000000,0.000000,0.000000,0,0,0.000000,0.000000,0.000000,0.000000,0.000000,0.000000,0,0,0.000000,0.000000,0.000000,0.000000,0.000000,0.000000,0,0
115,2.299999,5,gripper_r_finger1,yup_snapshot,1,1,1.183324,0.620642,0.279398,0.908724,-0.073383,0.344007,0.224711,-0.236839,-0.527072,-0.736143,1,0.000000,0.000000,0.000000,0.000000,0.000000,0.000000,0,0,0.000000,0.000000,0.000000,0.000000,0.000000,0.000000,0,0,0.000000,0.000000,0.000000,0.000000,0.000000,0.000000,0,0,0.000000,0.000000,0.000000,0.000000,0.000000,0.000000,0,0
115,2.299999,6,gripper_r_finger2,yup_snapshot,1,1,1.303405,0.524617,0.274689,-0.224721,0.343886,0.073353,0.908770,-0.236853,-0.527099,-0.736143,1,0.000000,0.000000,0.000000,0.000000,0.000000,0.000000,0,0,0.000000,0.000000,0.000000,0.000000,0.000000,0.000000,0,0,0.000000,0.000000,0.000000,0.000000,0.000000,0.000000,0,0,0.000000,0.000000,0.000000,0.000000,0.000000,0.000000,0,0
116,2.319999,0,base,yup_snapshot,0,0,0.000000,0.000000,0.000000,1.000000,0.000000,0.000000,0.000000,0.000000,0.000000,0.000000,0,0.000000,0.000000,0.000000,0.000000,0.000000,0.000000,0,0,0.000000,0.000000,0.000000,0.000000,0.000000,0.000000,0,0,0.000000,0.000000,0.000000,0.000000,0.000000,0.000000,0,0,0.000000,0.000000,0.000000,0.000000,0.000000,0.000000,0,0
116,2.319999,1,gripper_l_palm,yup_snapshot,1,1,-1.145545,0.810895,0.356786,0.573309,-0.619051,-0.391026,-0.367683,-0.021857,-0.095883,0.000861,1,0.000000,0.000000,0.000000,0.000000,0.000000,0.000000,0,0,0.000000,0.000000,0.000000,0.000000,0.000000,0.000000,0,0,0.000000,0.000000,0.000000,0.000000,0.000000,0.000000,0,0,0.000000,0.000000,0.000000,0.000000,0.000000,0.000000,0,0
116,2.319999,2,gripper_l_finger1,yup_snapshot,1,1,-1.393469,0.816453,0.377116,0.843082,-0.032343,-0.536558,0.016509,-0.021857,-0.095854,0.000859,1,0.000000,0.000000,0.000000,0.000000,0.000000,0.000000,0,0,0.000000,0.000000,0.000000,0.000000,0.000000,0.000000,0,0,0.000000,0.000000,0.000000,0.000000,0.000000,0.000000,0,0,0.000000,0.000000,0.000000,0.000000,0.000000,0.000000,0,0
116,2.319999,3,gripper_l_finger2,yup_snapshot,1,1,-1.289275,0.801277,0.369498,-0.016503,-0.536421,0.032346,0.843169,-0.021857,-0.095853,0.000859,1,0.000000,0.000000,0.000000,0.000000,0.000000,0.000000,0,0,0.000000,0.000000,0.000000,0.000000,0.000000,0.000000,0,0,0.000000,0.000000,0.000000,0.000000,0.000000,0.000000,0,0,0.000000,0.000000,0.000000,0.000000,0.000000,0.000000,0,0
116,2.319999,4,gripper_r_palm,yup_snapshot,1,1,1.083788,0.602665,0.299039,0.585181,-0.694340,0.082487,0.410672,-0.251437,-0.539513,-0.915579,1,0.000000,0.000000,0.000000,0.000000,0.000000,0.000000,0,0,0.000000,0.000000,0.000000,0.000000,0.000000,0.000000,0,0,0.000000,0.000000,0.000000,0.000000,0.000000,0.000000,0,0,0.000000,0.000000,0.000000,0.000000,0.000000,0.000000,0,0
116,2.319999,5,gripper_r_finger1,yup_snapshot,1,1,1.184744,0.618629,0.280479,0.904735,-0.077202,0.348776,0.232057,-0.251472,-0.539578,-0.915580,1,0.000000,0.000000,0.000000,0.000000,0.000000,0.000000,0,0,0.000000,0.000000,0.000000,0.000000,0.000000,0.000000,0,0,0.000000,0.000000,0.000000,0.000000,0.000000,0.000000,0,0,0.000000,0.000000,0.000000,0.000000,0.000000,0.000000,0,0
116,2.319999,6,gripper_r_finger2,yup_snapshot,1,1,1.303200,0.521917,0.276642,-0.232067,0.348653,0.077171,0.904782,-0.251469,-0.539572,-0.915580,1,0.000000,0.000000,0.000000,0.000000,0.000000,0.000000,0,0,0.000000,0.000000,0.000000,0.000000,0.000000,0.000000,0,0,0.000000,0.000000,0.000000,0.000000,0.000000,0.000000,0,0,0.000000,0.000000,0.000000,0.000000,0.000000,0.000000,0,0
117,2.339999,0,base,yup_snapshot,0,0,0.000000,0.000000,0.000000,1.000000,0.000000,0.000000,0.000000,0.000000,0.000000,0.000000,0,0.000000,0.000000,0.000000,0.000000,0.000000,0.000000,0,0,0.000000,0.000000,0.000000,0.000000,0.000000,0.000000,0,0,0.000000,0.000000,0.000000,0.000000,0.000000,0.000000,0,0,0.000000,0.000000,0.000000,0.000000,0.000000,0.000000,0,0
117,2.339999,1,gripper_l_palm,yup_snapshot,1,1,-1.145498,0.811014,0.356676,0.573579,-0.619504,-0.390560,-0.366995,-0.017063,-0.096788,-0.005526,1,0.000000,0.000000,0.000000,0.000000,0.000000,0.000000,0,0,0.000000,0.000000,0.000000,0.000000,0.000000,0.000000,0,0,0.000000,0.000000,0.000000,0.000000,0.000000,0.000000,0,0,0.000000,0.000000,0.000000,0.000000,0.000000,0.000000,0,0
117,2.339999,2,gripper_l_finger1,yup_snapshot,1,1,-1.393415,0.816577,0.376760,0.843592,-0.032472,-0.535743,0.016666,-0.017063,-0.096764,-0.005528,1,0.000000,0.000000,0.000000,0.000000,0.000000,0.000000,0,0,0.000000,0.000000,0.000000,0.000000,0.000000,0.000000,0,0,0.000000,0.000000,0.000000,0.000000,0.000000,0.000000,0,0,0.000000,0.000000,0.000000,0.000000,0.000000,0.000000,0,0
117,2.339999,3,gripper_l_finger2,yup_snapshot,1,1,-1.289048,0.801365,0.369236,-0.016661,-0.535606,0.032475,0.843679,-0.017063,-0.096753,-0.005529,1,0.000000,0.000000,0.000000,0.000000,0.000000,0.000000,0,0,0.000000,0.000000,0.000000,0.000000,0.000000,0.000000,0,0,0.000000,0.000000,0.000000,0.000000,0.000000,0.000000,0,0,0.000000,0.000000,0.000000,0.000000,0.000000,0.000000,0,0
117,2.339999,4,gripper_r_palm,yup_snapshot,1,1,1.083996,0.601775,0.299694,0.578851,-0.694263,0.079687,0.420215,-0.262414,-0.554039,-1.062037,1,0.000000,0.000000,0.000000,0.000000,0.000000,0.000000,0,0,0.000000,0.000000,0.000000,0.000000,0.000000,0.000000,0,0,0.000000,0.000000,0.000000,0.000000,0.000000,0.000000,0,0,0.000000,0.000000,0.000000,0.000000,0.000000,0.000000,0,0
117,2.339999,5,gripper_r_finger1,yup_snapshot,1,1,1.186094,0.616353,0.281621,0.900204,-0.081624,0.353544,0.240784,-0.262456,-0.554114,-1.062039,1,0.000000,0.000000,0.000000,0.000000,0.000000,0.000000,0,0,0.000000,0.000000,0.000000,0.000000,0.000000,0.000000,0,0,0.000000,0.000000,0.000000,0.000000,0.000000,0.000000,0,0,0.000000,0.000000,0.000000,0.000000,0.000000,0.000000,0,0
117,2.339999,6,gripper_r_finger2,yup_snapshot,1,1,1.302711,0.518824,0.278669,-0.240795,0.353419,0.081591,0.900253,-0.262451,-0.554105,-1.062039,1,0.000000,0.000000,0.000000,0.000000,0.000000,0.000000,0,0,0.000000,0.000000,0.000000,0.000000,0.000000,0.000000,0,0,0.000000,0.000000,0.000000,0.000000,0.000000,0.000000,0,0,0.000000,0.000000,0.000000,0.000000,0.000000,0.000000,0,0
118,2.359999,0,base,yup_snapshot,0,0,0.000000,0.000000,0.000000,1.000000,0.000000,0.000000,0.000000,0.000000,0.000000,0.000000,0,0.000000,0.000000,0.000000,0.000000,0.000000,0.000000,0,0,0.000000,0.000000,0.000000,0.000000,0.000000,0.000000,0,0,0.000000,0.000000,0.000000,0.000000,0.000000,0.000000,0,0,0.000000,0.000000,0.000000,0.000000,0.000000,0.000000,0,0
118,2.359999,1,gripper_l_palm,yup_snapshot,1,1,-1.145451,0.811144,0.356559,0.573910,-0.619901,-0.390077,-0.366319,-0.009838,-0.097534,-0.004276,1,0.000000,0.000000,0.000000,0.000000,0.000000,0.000000,0,0,0.000000,0.000000,0.000000,0.000000,0.000000,0.000000,0,0,0.000000,0.000000,0.000000,0.000000,0.000000,0.000000,0,0,0.000000,0.000000,0.000000,0.000000,0.000000,0.000000,0,0
118,2.359999,2,gripper_l_finger1,yup_snapshot,1,1,-1.393360,0.816720,0.376399,0.844107,-0.032519,-0.534923,0.016802,-0.009838,-0.097520,-0.004277,1,0.000000,0.000000,0.000000,0.000000,0.000000,0.000000,0,0,0.000000,0.000000,0.000000,0.000000,0.000000,0.000000,0,0,0.000000,0.000000,0.000000,0.000000,0.000000,0.000000,0,0,0.000000,0.000000,0.000000,0.000000,0.000000,0.000000,0,0
118,2.359999,3,gripper_l_finger2,yup_snapshot,1,1,-1.288819,0.801483,0.368963,-0.016797,-0.534786,0.032522,0.844194,-0.009838,-0.097495,-0.004279,1,0.000000,0.000000,0.000000,0.000000,0.000000,0.000000,0,0,0.000000,0.000000,0.000000,0.000000,0.000000,0.000000,0,0,0.000000,0.000000,0.000000,0.000000,0.000000,0.000000,0,0,0.000000,0.000000,0.000000,0.000000,0.000000,0.000000,0,0
118,2.359999,4,gripper_r_palm,yup_snapshot,1,1,1.084114,0.600710,0.300345,0.572011,-0.694130,0.076425,0.430287,-0.269934,-0.569944,-1.110567,1,0.000000,0.000000,0.000000,0.000000,0.000000,0.000000,0,0,0.000000,0.000000,0.000000,0.000000,0.000000,0.000000,0,0,0.000000,0.000000,0.000000,0.000000,0.000000,0.000000,0,0,0.000000,0.000000,0.000000,0.000000,0.000000,0.000000,0,0
118,2.359999,5,gripper_r_finger1,yup_snapshot,1,1,1.187342,0.613792,0.282792,0.895272,-0.086368,0.358360,0.250213,-0.269966,-0.569999,-1.110568,1,0.000000,0.000000,0.000000,0.000000,0.000000,0.000000,0,0,0.000000,0.000000,0.000000,0.000000,0.000000,0.000000,0,0,0.000000,0.000000,0.000000,0.000000,0.000000,0.000000,0,0,0.000000,0.000000,0.000000,0.000000,0.000000,0.000000,0,0
118,2.359999,6,gripper_r_finger2,yup_snapshot,1,1,1.301980,0.515408,0.280737,-0.250225,0.358234,0.086333,0.895323,-0.269981,-0.570023,-1.110569,1,0.000000,0.000000,0.000000,0.000000,0.000000,0.000000,0,0,0.000000,0.000000,0.000000,0.000000,0.000000,0.000000,0,0,0.000000,0.000000,0.000000,0.000000,0.000000,0.000000,0,0,0.000000,0.000000,0.000000,0.000000,0.000000,0.000000,0,0
119,2.379999,0,base,yup_snapshot,0,0,0.000000,0.000000,0.000000,1.000000,0.000000,0.000000,0.000000,0.000000,0.000000,0.000000,0,0.000000,0.000000,0.000000,0.000000,0.000000,0.000000,0,0,0.000000,0.000000,0.000000,0.000000,0.000000,0.000000,0,0,0.000000,0.000000,0.000000,0.000000,0.000000,0.000000,0,0,0.000000,0.000000,0.000000,0.000000,0.000000,0.000000,0,0
119,2.379999,1,gripper_l_palm,yup_snapshot,1,1,-1.145399,0.811199,0.356447,0.574276,-0.620272,-0.389534,-0.365696,-0.002947,-0.097854,0.003025,1,0.000000,0.000000,0.000000,0.000000,0.000000,0.000000,0,0,0.000000,0.000000,0.000000,0.000000,0.000000,0.000000,0,0,0.000000,0.000000,0.000000,0.000000,0.000000,0.000000,0,0,0.000000,0.000000,0.000000,0.000000,0.000000,0.000000,0,0
119,2.379999,2,gripper_l_finger1,yup_snapshot,1,1,-1.393301,0.816778,0.376040,0.844628,-0.032523,-0.534099,0.016859,-0.002947,-0.097854,0.003025,1,0.000000,0.000000,0.000000,0.000000,0.000000,0.000000,0,0,0.000000,0.000000,0.000000,0.000000,0.000000,0.000000,0,0,0.000000,0.000000,0.000000,0.000000,0.000000,0.000000,0,0,0.000000,0.000000,0.000000,0.000000,0.000000,0.000000,0,0
119,2.379999,3,gripper_l_finger2,yup_snapshot,1,1,-1.288585,0.801535,0.368692,-0.016854,-0.533961,0.032526,0.844715,-0.002947,-0.097818,0.003022,1,0.000000,0.000000,0.000000,0.000000,0.000000,0.000000,0,0,0.000000,0.000000,0.000000,0.000000,0.000000,0.000000,0,0,0.000000,0.000000,0.000000,0.000000,0.000000,0.000000,0,0,0.000000,0.000000,0.000000,0.000000,0.000000,0.000000,0,0
119,2.379999,4,gripper_r_palm,yup_snapshot,1,1,1.084117,0.599413,0.300968,0.564886,-0.693885,0.073050,0.440559,-0.276995,-0.581946,-1.131763,1,0.000000,0.000000,0.000000,0.000000,0.000000,0.000000,0,0,0.000000,0.000000,0.000000,0.000000,0.000000,0.000000,0,0,0.000000,0.000000,0.000000,0.000000,0.000000,0.000000,0,0,0.000000,0.000000,0.000000,0.000000,0.000000,0.000000,0,0
119,2.379999,5,gripper_r_finger1,yup_snapshot,1,1,1.188463,0.610936,0.283970,0.890060,-0.091234,0.363237,0.259862,-0.277022,-0.581989,-1.131764,1,0.000000,0.000000,0.000000,0.000000,0.000000,0.000000,0,0,0.000000,0.000000,0.000000,0.000000,0.000000,0.000000,0,0,0.000000,0.000000,0.000000,0.000000,0.000000,0.000000,0,0,0.000000,0.000000,0.000000,0.000000,0.000000,0.000000,0,0
119,2.379999,6,gripper_r_finger2,yup_snapshot,1,1,1.301039,0.511723,0.282815,-0.259875,0.363109,0.091197,0.890112,-0.277055,-0.582041,-1.131766,1,0.000000,0.000000,0.000000,0.000000,0.000000,0.000000,0,0,0.000000,0.000000,0.000000,0.000000,0.000000,0.000000,0,0,0.000000,0.000000,0.000000,0.000000,0.000000,0.000000,0,0,0.000000,0.000000,0.000000,0.000000,0.000000,0.000000,0,0
120,2.399999,0,base,yup_snapshot,0,0,0.000000,0.000000,0.000000,1.000000,0.000000,0.000000,0.000000,0.000000,0.000000,0.000000,0,0.000000,0.000000,0.000000,0.000000,0.000000,0.000000,0,0,0.000000,0.000000,0.000000,0.000000,0.000000,0.000000,0,0,0.000000,0.000000,0.000000,0.000000,0.000000,0.000000,0,0,0.000000,0.000000,0.000000,0.000000,0.000000,0.000000,0,0
120,2.399999,1,gripper_l_palm,yup_snapshot,1,1,-1.145342,0.811136,0.356345,0.574642,-0.620647,-0.388912,-0.365146,0.001961,-0.097691,0.013352,1,0.000000,0.000000,0.000000,0.000000,0.000000,0.000000,0,0,0.000000,0.000000,0.000000,0.000000,0.000000,0.000000,0,0,0.000000,0.000000,0.000000,0.000000,0.000000,0.000000,0,0,0.000000,0.000000,0.000000,0.000000,0.000000,0.000000,0,0
120,2.399999,2,gripper_l_finger1,yup_snapshot,1,1,-1.393238,0.816695,0.375694,0.845152,-0.032528,-0.533271,0.016808,0.001961,-0.097703,0.013353,1,0.000000,0.000000,0.000000,0.000000,0.000000,0.000000,0,0,0.000000,0.000000,0.000000,0.000000,0.000000,0.000000,0,0,0.000000,0.000000,0.000000,0.000000,0.000000,0.000000,0,0,0.000000,0.000000,0.000000,0.000000,0.000000,0.000000,0,0
120,2.399999,3,gripper_l_finger2,yup_snapshot,1,1,-1.288341,0.801463,0.368430,-0.016803,-0.533133,0.032531,0.845239,0.001961,-0.097660,0.013350,1,0.000000,0.000000,0.000000,0.000000,0.000000,0.000000,0,0,0.000000,0.000000,0.000000,0.000000,0.000000,0.000000,0,0,0.000000,0.000000,0.000000,0.000000,0.000000,0.000000,0,0,0.000000,0.000000,0.000000,0.000000,0.000000,0.000000,0,0
120,2.399999,4,gripper_r_palm,yup_snapshot,1,1,1.083991,0.597861,0.301554,0.557522,-0.693532,0.069619,0.450928,-0.284969,-0.589486,-1.150273,1,0.000000,0.000000,0.000000,0.000000,0.000000,0.000000,0,0,0.000000,0.000000,0.000000,0.000000,0.000000,0.000000,0,0,0.000000,0.000000,0.000000,0.000000,0.000000,0.000000,0,0,0.000000,0.000000,0.000000,0.000000,0.000000,0.000000,0,0
120,2.399999,5,gripper_r_finger1,yup_snapshot,1,1,1.189430,0.607768,0.285143,0.884603,-0.096192,0.368143,0.269619,-0.284993,-0.589522,-1.150274,1,0.000000,0.000000,0.000000,0.000000,0.000000,0.000000,0,0,0.000000,0.000000,0.000000,0.000000,0.000000,0.000000,0,0,0.000000,0.000000,0.000000,0.000000,0.000000,0.000000,0,0,0.000000,0.000000,0.000000,0.000000,0.000000,0.000000,0,0
120,2.399999,6,gripper_r_finger2,yup_snapshot,1,1,1.299879,0.507769,0.284887,-0.269634,0.368014,0.096153,0.884657,-0.285044,-0.589601,-1.150277,1,0.000000,0.000000,0.000000,0.000000,0.000000,0.000000,0,0,0.000000,0.000000,0.000000,0.000000,0.000000,0.000000,0,0,0.000000,0.000000,0.000000,0.000000,0.000000,0.000000,0,0,0.000000,0.000000,0.000000,0.000000,0.000000,0.000000,0,0
121,2.419999,0,base,yup_snapshot,0,0,0.000000,0.000000,0.000000,1.000000,0.000000,0.000000,0.000000,0.000000,0.000000,0.000000,0,0.000000,0.000000,0.000000,0.000000,0.000000,0.000000,0,0,0.000000,0.000000,0.000000,0.000000,0.000000,0.000000,0,0,0.000000,0.000000,0.000000,0.000000,0.000000,0.000000,0,0,0.000000,0.000000,0.000000,0.000000,0.000000,0.000000,0,0
121,2.419999,1,gripper_l_palm,yup_snapshot,1,1,-1.145278,0.810951,0.356257,0.574981,-0.621049,-0.388220,-0.364665,0.003518,-0.097144,0.023110,1,0.000000,0.000000,0.000000,0.000000,0.000000,0.000000,0,0,0.000000,0.000000,0.000000,0.000000,0.000000,0.000000,0,0,0.000000,0.000000,0.000000,0.000000,0.000000,0.000000,0,0,0.000000,0.000000,0.000000,0.000000,0.000000,0.000000,0,0
121,2.419999,2,gripper_l_finger1,yup_snapshot,1,1,-1.393169,0.816463,0.375361,0.845676,-0.032573,-0.532441,0.016659,0.003518,-0.097163,0.023111,1,0.000000,0.000000,0.000000,0.000000,0.000000,0.000000,0,0,0.000000,0.000000,0.000000,0.000000,0.000000,0.000000,0,0,0.000000,0.000000,0.000000,0.000000,0.000000,0.000000,0,0,0.000000,0.000000,0.000000,0.000000,0.000000,0.000000,0,0
121,2.419999,3,gripper_l_finger2,yup_snapshot,1,1,-1.288086,0.801256,0.368181,-0.016653,-0.532304,0.032576,0.845762,0.003518,-0.097118,0.023108,1,0.000000,0.000000,0.000000,0.000000,0.000000,0.000000,0,0,0.000000,0.000000,0.000000,0.000000,0.000000,0.000000,0,0,0.000000,0.000000,0.000000,0.000000,0.000000,0.000000,0,0,0.000000,0.000000,0.000000,0.000000,0.000000,0.000000,0,0
121,2.419999,4,gripper_r_palm,yup_snapshot,1,1,1.083732,0.596060,0.302100,0.549904,-0.693088,0.066104,0.461373,-0.294098,-0.593978,-1.172457,1,0.000000,0.000000,0.000000,0.000000,0.000000,0.000000,0,0,0.000000,0.000000,0.000000,0.000000,0.000000,0.000000,0,0,0.000000,0.000000,0.000000,0.000000,0.000000,0.000000,0,0,0.000000,0.000000,0.000000,0.000000,0.000000,0.000000,0,0
121,2.419999,5,gripper_r_finger1,yup_snapshot,1,1,1.190228,0.604292,0.286306,0.878902,-0.101266,0.373044,0.279490,-0.294122,-0.594013,-1.172458,1,0.000000,0.000000,0.000000,0.000000,0.000000,0.000000,0,0,0.000000,0.000000,0.000000,0.000000,0.000000,0.000000,0,0,0.000000,0.000000,0.000000,0.000000,0.000000,0.000000,0,0,0.000000,0.000000,0.000000,0.000000,0.000000,0.000000,0,0
121,2.419999,6,gripper_r_finger2,yup_snapshot,1,1,1.298491,0.503554,0.286942,-0.279505,0.372915,0.101225,0.878957,-0.294190,-0.594112,-1.172462,1,0.000000,0.000000,0.000000,0.000000,0.000000,0.000000,0,0,0.000000,0.000000,0.000000,0.000000,0.000000,0.000000,0,0,0.000000,0.000000,0.000000,0.000000,0.000000,0.000000,0,0,0.000000,0.000000,0.000000,0.000000,0.000000,0.000000,0,0
122,2.439999,0,base,yup_snapshot,0,0,0.000000,0.000000,0.000000,1.000000,0.000000,0.000000,0.000000,0.000000,0.000000,0.000000,0,0.000000,0.000000,0.000000,0.000000,0.000000,0.000000,0,0,0.000000,0.000000,0.000000,0.000000,0.000000,0.000000,0,0,0.000000,0.000000,0.000000,0.000000,0.000000,0.000000,0,0,0.000000,0.000000,0.000000,0.000000,0.000000,0.000000,0,0
122,2.439999,1,gripper_l_palm,yup_snapshot,1,1,-1.145211,0.810683,0.356180,0.575279,-0.621488,-0.387488,-0.364225,0.001928,-0.096456,0.028727,1,0.000000,0.000000,0.000000,0.000000,0.000000,0.000000,0,0,0.000000,0.000000,0.000000,0.000000,0.000000,0.000000,0,0,0.000000,0.000000,0.000000,0.000000,0.000000,0.000000,0,0,0.000000,0.000000,0.000000,0.000000,0.000000,0.000000,0,0
122,2.439999,2,gripper_l_finger1,yup_snapshot,1,1,-1.393096,0.816129,0.375041,0.846197,-0.032673,-0.531613,0.016452,0.001928,-0.096476,0.028728,1,0.000000,0.000000,0.000000,0.000000,0.000000,0.000000,0,0,0.000000,0.000000,0.000000,0.000000,0.000000,0.000000,0,0,0.000000,0.000000,0.000000,0.000000,0.000000,0.000000,0,0,0.000000,0.000000,0.000000,0.000000,0.000000,0.000000,0,0
122,2.439999,3,gripper_l_finger2,yup_snapshot,1,1,-1.287827,0.800950,0.367945,-0.016447,-0.531475,0.032676,0.846283,0.001928,-0.096434,0.028725,1,0.000000,0.000000,0.000000,0.000000,0.000000,0.000000,0,0,0.000000,0.000000,0.000000,0.000000,0.000000,0.000000,0,0,0.000000,0.000000,0.000000,0.000000,0.000000,0.000000,0,0,0.000000,0.000000,0.000000,0.000000,0.000000,0.000000,0,0
122,2.439999,4,gripper_r_palm,yup_snapshot,1,1,1.083346,0.594039,0.302609,0.542008,-0.692570,0.062479,0.471880,-0.304728,-0.595456,-1.196036,1,0.000000,0.000000,0.000000,0.000000,0.000000,0.000000,0,0,0.000000,0.000000,0.000000,0.000000,0.000000,0.000000,0,0,0.000000,0.000000,0.000000,0.000000,0.000000,0.000000,0,0,0.000000,0.000000,0.000000,0.000000,0.000000,0.000000,0,0
122,2.439999,5,gripper_r_finger1,yup_snapshot,1,1,1.190853,0.600531,0.287460,0.872952,-0.106484,0.377910,0.289482,-0.304747,-0.595483,-1.196038,1,0.000000,0.000000,0.000000,0.000000,0.000000,0.000000,0,0,0.000000,0.000000,0.000000,0.000000,0.000000,0.000000,0,0,0.000000,0.000000,0.000000,0.000000,0.000000,0.000000,0,0,0.000000,0.000000,0.000000,0.000000,0.000000,0.000000,0,0
122,2.439999,6,gripper_r_finger2,yup_snapshot,1,1,1.296868,0.499101,0.288980,-0.289498,0.377780,0.106441,0.873008,-0.304838,-0.595609,-1.196043,1,0.000000,0.000000,0.000000,0.000000,0.000000,0.000000,0,0,0.000000,0.000000,0.000000,0.000000,0.000000,0.000000,0,0,0.000000,0.000000,0.000000,0.000000,0.000000,0.000000,0,0,0.000000,0.000000,0.000000,0.000000,0.000000,0.000000,0,0
123,2.459999,0,base,yup_snapshot,0,0,0.000000,0.000000,0.000000,1.000000,0.000000,0.000000,0.000000,0.000000,0.000000,0.000000,0,0.000000,0.000000,0.000000,0.000000,0.000000,0.000000,0,0,0.000000,0.000000,0.000000,0.000000,0.000000,0.000000,0,0,0.000000,0.000000,0.000000,0.000000,0.000000,0.000000,0,0,0.000000,0.000000,0.000000,0.000000,0.000000,0.000000,0,0
123,2.459999,1,gripper_l_palm,yup_snapshot,1,1,-1.145142,0.810393,0.356107,0.575541,-0.621956,-0.386758,-0.363787,-0.001535,-0.095894,0.028511,1,0.000000,0.000000,0.000000,0.000000,0.000000,0.000000,0,0,0.000000,0.000000,0.000000,0.000000,0.000000,0.000000,0,0,0.000000,0.000000,0.000000,0.000000,0.000000,0.000000,0,0,0.000000,0.000000,0.000000,0.000000,0.000000,0.000000,0,0
123,2.459999,2,gripper_l_finger1,yup_snapshot,1,1,-1.393023,0.815767,0.374727,0.846714,-0.032819,-0.530787,0.016246,-0.001535,-0.095907,0.028512,1,0.000000,0.000000,0.000000,0.000000,0.000000,0.000000,0,0,0.000000,0.000000,0.000000,0.000000,0.000000,0.000000,0,0,0.000000,0.000000,0.000000,0.000000,0.000000,0.000000,0,0,0.000000,0.000000,0.000000,0.000000,0.000000,0.000000,0,0
123,2.459999,3,gripper_l_finger2,yup_snapshot,1,1,-1.287565,0.800612,0.367717,-0.016240,-0.530649,0.032822,0.846800,-0.001535,-0.095874,0.028510,1,0.000000,0.000000,0.000000,0.000000,0.000000,0.000000,0,0,0.000000,0.000000,0.000000,0.000000,0.000000,0.000000,0,0,0.000000,0.000000,0.000000,0.000000,0.000000,0.000000,0,0,0.000000,0.000000,0.000000,0.000000,0.000000,0.000000,0,0
123,2.459999,4,gripper_r_palm,yup_snapshot,1,1,1.082843,0.591830,0.303078,0.533821,-0.691980,0.058742,0.482440,-0.315311,-0.597217,-1.219068,1,0.000000,0.000000,0.000000,0.000000,0.000000,0.000000,0,0,0.000000,0.000000,0.000000,0.000000,0.000000,0.000000,0,0,0.000000,0.000000,0.000000,0.000000,0.000000,0.000000,0,0,0.000000,0.000000,0.000000,0.000000,0.000000,0.000000,0,0
123,2.459999,5,gripper_r_finger1,yup_snapshot,1,1,1.191308,0.596516,0.288603,0.866745,-0.111856,0.382735,0.299592,-0.315337,-0.597252,-1.219070,1,0.000000,0.000000,0.000000,0.000000,0.000000,0.000000,0,0,0.000000,0.000000,0.000000,0.000000,0.000000,0.000000,0,0,0.000000,0.000000,0.000000,0.000000,0.000000,0.000000,0,0,0.000000,0.000000,0.000000,0.000000,0.000000,0.000000,0,0
123,2.459999,6,gripper_r_finger2,yup_snapshot,1,1,1.295018,0.494449,0.290997,-0.299609,0.382604,0.111811,0.866803,-0.315437,-0.597382,-1.219076,1,0.000000,0.000000,0.000000,0.000000,0.000000,0.000000,0,0,0.000000,0.000000,0.000000,0.000000,0.000000,0.000000,0,0,0.000000,0.000000,0.000000,0.000000,0.000000,0.000000,0,0,0.000000,0.000000,0.000000,0.000000,0.000000,0.000000,0,0
124,2.479999,0,base,yup_snapshot,0,0,0.000000,0.000000,0.000000,1.000000,0.000000,0.000000,0.000000,0.000000,0.000000,0.000000,0,0.000000,0.000000,0.000000,0.000000,0.000000,0.000000,0,0,0.000000,0.000000,0.000000,0.000000,0.000000,0.000000,0,0,0.000000,0.000000,0.000000,0.000000,0.000000,0.000000,0,0,0.000000,0.000000,0.000000,0.000000,0.000000,0.000000,0,0
124,2.479999,1,gripper_l_palm,yup_snapshot,1,1,-1.145074,0.810141,0.356034,0.575784,-0.622437,-0.386060,-0.363321,-0.005121,-0.095555,0.024200,1,0.000000,0.000000,0.000000,0.000000,0.000000,0.000000,0,0,0.000000,0.000000,0.000000,0.000000,0.000000,0.000000,0,0,0.000000,0.000000,0.000000,0.000000,0.000000,0.000000,0,0,0.000000,0.000000,0.000000,0.000000,0.000000,0.000000,0,0
124,2.479999,2,gripper_l_finger1,yup_snapshot,1,1,-1.392950,0.815449,0.374411,0.847226,-0.032988,-0.529964,0.016082,-0.005121,-0.095559,0.024200,1,0.000000,0.000000,0.000000,0.000000,0.000000,0.000000,0,0,0.000000,0.000000,0.000000,0.000000,0.000000,0.000000,0,0,0.000000,0.000000,0.000000,0.000000,0.000000,0.000000,0,0,0.000000,0.000000,0.000000,0.000000,0.000000,0.000000,0,0
124,2.479999,3,gripper_l_finger2,yup_snapshot,1,1,-1.287306,0.800308,0.367490,-0.016076,-0.529826,0.032990,0.847312,-0.005121,-0.095535,0.024198,1,0.000000,0.000000,0.000000,0.000000,0.000000,0.000000,0,0,0.000000,0.000000,0.000000,0.000000,0.000000,0.000000,0,0,0.000000,0.000000,0.000000,0.000000,0.000000,0.000000,0,0,0.000000,0.000000,0.000000,0.000000,0.000000,0.000000,0,0
124,2.479999,4,gripper_r_palm,yup_snapshot,1,1,1.082232,0.589468,0.303505,0.525353,-0.691317,0.054903,0.493022,-0.326012,-0.596979,-1.238626,1,0.000000,0.000000,0.000000,0.000000,0.000000,0.000000,0,0,0.000000,0.000000,0.000000,0.000000,0.000000,0.000000,0,0,0.000000,0.000000,0.000000,0.000000,0.000000,0.000000,0,0,0.000000,0.000000,0.000000,0.000000,0.000000,0.000000,0,0
124,2.479999,5,gripper_r_finger1,yup_snapshot,1,1,1.191597,0.592285,0.289730,0.860288,-0.117376,0.387504,0.309788,-0.326039,-0.597012,-1.238628,1,0.000000,0.000000,0.000000,0.000000,0.000000,0.000000,0,0,0.000000,0.000000,0.000000,0.000000,0.000000,0.000000,0,0,0.000000,0.000000,0.000000,0.000000,0.000000,0.000000,0,0,0.000000,0.000000,0.000000,0.000000,0.000000,0.000000,0,0
124,2.479999,6,gripper_r_finger2,yup_snapshot,1,1,1.292948,0.489641,0.292988,-0.309806,0.387372,0.117329,0.860347,-0.326154,-0.597156,-1.238635,1,0.000000,0.000000,0.000000,0.000000,0.000000,0.000000,0,0,0.000000,0.000000,0.000000,0.000000,0.000000,0.000000,0,0,0.000000,0.000000,0.000000,0.000000,0.000000,0.000000,0,0,0.000000,0.000000,0.000000,0.000000,0.000000,0.000000,0,0
125,2.499999,0,base,yup_snapshot,0,0,0.000000,0.000000,0.000000,1.000000,0.000000,0.000000,0.000000,0.000000,0.000000,0.000000,0,0.000000,0.000000,0.000000,0.000000,0.000000,0.000000,0,0,0.000000,0.000000,0.000000,0.000000,0.000000,0.000000,0,0,0.000000,0.000000,0.000000,0.000000,0.000000,0.000000,0,0,0.000000,0.000000,0.000000,0.000000,0.000000,0.000000,0,0
125,2.499999,1,gripper_l_palm,yup_snapshot,1,1,-1.145010,0.809961,0.355954,0.576027,-0.622912,-0.385407,-0.362816,-0.007472,-0.095495,0.017986,1,0.000000,0.000000,0.000000,0.000000,0.000000,0.000000,0,0,0.000000,0.000000,0.000000,0.000000,0.000000,0.000000,0,0,0.000000,0.000000,0.000000,0.000000,0.000000,0.000000,0,0,0.000000,0.000000,0.000000,0.000000,0.000000,0.000000,0,0
125,2.499999,2,gripper_l_finger1,yup_snapshot,1,1,-1.392879,0.815215,0.374090,0.847734,-0.033151,-0.529144,0.015977,-0.007473,-0.095492,0.017986,1,0.000000,0.000000,0.000000,0.000000,0.000000,0.000000,0,0,0.000000,0.000000,0.000000,0.000000,0.000000,0.000000,0,0,0.000000,0.000000,0.000000,0.000000,0.000000,0.000000,0,0,0.000000,0.000000,0.000000,0.000000,0.000000,0.000000,0,0
125,2.499999,3,gripper_l_finger2,yup_snapshot,1,1,-1.287052,0.800078,0.367258,-0.015972,-0.529006,0.033154,0.847820,-0.007473,-0.095473,0.017985,1,0.000000,0.000000,0.000000,0.000000,0.000000,0.000000,0,0,0.000000,0.000000,0.000000,0.000000,0.000000,0.000000,0,0,0.000000,0.000000,0.000000,0.000000,0.000000,0.000000,0,0,0.000000,0.000000,0.000000,0.000000,0.000000,0.000000,0,0
125,2.499999,4,gripper_r_palm,yup_snapshot,1,1,1.081522,0.586983,0.303889,0.516621,-0.690583,0.050984,0.503586,-0.336586,-0.594719,-1.253829,1,0.000000,0.000000,0.000000,0.000000,0.000000,0.000000,0,0,0.000000,0.000000,0.000000,0.000000,0.000000,0.000000,0,0,0.000000,0.000000,0.000000,0.000000,0.000000,0.000000,0,0,0.000000,0.000000,0.000000,0.000000,0.000000,0.000000,0,0
125,2.499999,5,gripper_r_finger1,yup_snapshot,1,1,1.191720,0.587873,0.290841,0.853593,-0.123033,0.392202,0.320029,-0.336611,-0.594749,-1.253831,1,0.000000,0.000000,0.000000,0.000000,0.000000,0.000000,0,0,0.000000,0.000000,0.000000,0.000000,0.000000,0.000000,0,0,0.000000,0.000000,0.000000,0.000000,0.000000,0.000000,0,0,0.000000,0.000000,0.000000,0.000000,0.000000,0.000000,0,0
125,2.499999,6,gripper_r_finger2,yup_snapshot,1,1,1.290671,0.484717,0.294949,-0.320048,0.392070,0.122984,0.853654,-0.336744,-0.594907,-1.253839,1,0.000000,0.000000,0.000000,0.000000,0.000000,0.000000,0,0,0.000000,0.000000,0.000000,0.000000,0.000000,0.000000,0,0,0.000000,0.000000,0.000000,0.000000,0.000000,0.000000,0,0,0.000000,0.000000,0.000000,0.000000,0.000000,0.000000,0,0
126,2.519999,0,base,yup_snapshot,0,0,0.000000,0.000000,0.000000,1.000000,0.000000,0.000000,0.000000,0.000000,0.000000,0.000000,0,0.000000,0.000000,0.000000,0.000000,0.000000,0.000000,0,0,0.000000,0.000000,0.000000,0.000000,0.000000,0.000000,0,0,0.000000,0.000000,0.000000,0.000000,0.000000,0.000000,0,0,0.000000,0.000000,0.000000,0.000000,0.000000,0.000000,0,0
126,2.519999,1,gripper_l_palm,yup_snapshot,1,1,-1.144949,0.809859,0.355865,0.576288,-0.623366,-0.384795,-0.362270,-0.007977,-0.095677,0.011872,1,0.000000,0.000000,0.000000,0.000000,0.000000,0.000000,0,0,0.000000,0.000000,0.000000,0.000000,0.000000,0.000000,0,0,0.000000,0.000000,0.000000,0.000000,0.000000,0.000000,0,0,0.000000,0.000000,0.000000,0.000000,0.000000,0.000000,0,0
126,2.519999,2,gripper_l_finger1,yup_snapshot,1,1,-1.392810,0.815074,0.373759,0.848240,-0.033287,-0.528326,0.015930,-0.007977,-0.095673,0.011871,1,0.000000,0.000000,0.000000,0.000000,0.000000,0.000000,0,0,0.000000,0.000000,0.000000,0.000000,0.000000,0.000000,0,0,0.000000,0.000000,0.000000,0.000000,0.000000,0.000000,0,0,0.000000,0.000000,0.000000,0.000000,0.000000,0.000000,0,0
126,2.519999,3,gripper_l_finger2,yup_snapshot,1,1,-1.286804,0.799936,0.367018,-0.015925,-0.528188,0.033290,0.848325,-0.007978,-0.095652,0.011870,1,0.000000,0.000000,0.000000,0.000000,0.000000,0.000000,0,0,0.000000,0.000000,0.000000,0.000000,0.000000,0.000000,0,0,0.000000,0.000000,0.000000,0.000000,0.000000,0.000000,0,0,0.000000,0.000000,0.000000,0.000000,0.000000,0.000000,0,0
126,2.519999,4,gripper_r_palm,yup_snapshot,1,1,1.080717,0.584399,0.304229,0.507647,-0.689783,0.047005,0.514087,-0.346958,-0.590321,-1.264609,1,0.000000,0.000000,0.000000,0.000000,0.000000,0.000000,0,0,0.000000,0.000000,0.000000,0.000000,0.000000,0.000000,0,0,0.000000,0.000000,0.000000,0.000000,0.000000,0.000000,0,0,0.000000,0.000000,0.000000,0.000000,0.000000,0.000000,0,0
126,2.519999,5,gripper_r_finger1,yup_snapshot,1,1,1.191681,0.583310,0.291933,0.846681,-0.128814,0.396814,0.330267,-0.346980,-0.590346,-1.264611,1,0.000000,0.000000,0.000000,0.000000,0.000000,0.000000,0,0,0.000000,0.000000,0.000000,0.000000,0.000000,0.000000,0,0,0.000000,0.000000,0.000000,0.000000,0.000000,0.000000,0,0,0.000000,0.000000,0.000000,0.000000,0.000000,0.000000,0,0
126,2.519999,6,gripper_r_finger2,yup_snapshot,1,1,1.288197,0.479715,0.296875,-0.330288,0.396682,0.128762,0.846743,-0.347131,-0.590517,-1.264621,1,0.000000,0.000000,0.000000,0.000000,0.000000,0.000000,0,0,0.000000,0.000000,0.000000,0.000000,0.000000,0.000000,0,0,0.000000,0.000000,0.000000,0.000000,0.000000,0.000000,0,0,0.000000,0.000000,0.000000,0.000000,0.000000,0.000000,0,0
127,2.539999,0,base,yup_snapshot,0,0,0.000000,0.000000,0.000000,1.000000,0.000000,0.000000,0.000000,0.000000,0.000000,0.000000,0,0.000000,0.000000,0.000000,0.000000,0.000000,0.000000,0,0,0.000000,0.000000,0.000000,0.000000,0.000000,0.000000,0,0,0.000000,0.000000,0.000000,0.000000,0.000000,0.000000,0,0,0.000000,0.000000,0.000000,0.000000,0.000000,0.000000,0,0
127,2.539999,1,gripper_l_palm,yup_snapshot,1,1,-1.144891,0.809813,0.355769,0.576577,-0.623792,-0.384207,-0.361700,-0.006564,-0.095924,0.008248,1,0.000000,0.000000,0.000000,0.000000,0.000000,0.000000,0,0,0.000000,0.000000,0.000000,0.000000,0.000000,0.000000,0,0,0.000000,0.000000,0.000000,0.000000,0.000000,0.000000,0,0,0.000000,0.000000,0.000000,0.000000,0.000000,0.000000,0,0
127,2.539999,2,gripper_l_finger1,yup_snapshot,1,1,-1.392743,0.815003,0.373422,0.848745,-0.033385,-0.527507,0.015917,-0.006564,-0.095918,0.008247,1,0.000000,0.000000,0.000000,0.000000,0.000000,0.000000,0,0,0.000000,0.000000,0.000000,0.000000,0.000000,0.000000,0,0,0.000000,0.000000,0.000000,0.000000,0.000000,0.000000,0,0,0.000000,0.000000,0.000000,0.000000,0.000000,0.000000,0,0
127,2.539999,3,gripper_l_finger2,yup_snapshot,1,1,-1.286560,0.799860,0.366770,-0.015912,-0.527369,0.033388,0.848831,-0.006564,-0.095898,0.008246,1,0.000000,0.000000,0.000000,0.000000,0.000000,0.000000,0,0,0.000000,0.000000,0.000000,0.000000,0.000000,0.000000,0,0,0.000000,0.000000,0.000000,0.000000,0.000000,0.000000,0,0,0.000000,0.000000,0.000000,0.000000,0.000000,0.000000,0,0
127,2.539999,4,gripper_r_palm,yup_snapshot,1,1,1.079825,0.581736,0.304526,-0.498454,0.688921,-0.042985,-0.524485,-0.356992,-0.583719,-1.271266,1,0.000000,0.000000,0.000000,0.000000,0.000000,0.000000,0,0,0.000000,0.000000,0.000000,0.000000,0.000000,0.000000,0,0,0.000000,0.000000,0.000000,0.000000,0.000000,0.000000,0,0,0.000000,0.000000,0.000000,0.000000,0.000000,0.000000,0,0
127,2.539999,5,gripper_r_finger1,yup_snapshot,1,1,1.191478,0.578623,0.293004,0.839571,-0.134706,0.401324,0.340462,-0.357010,-0.583738,-1.271268,1,0.000000,0.000000,0.000000,0.000000,0.000000,0.000000,0,0,0.000000,0.000000,0.000000,0.000000,0.000000,0.000000,0,0,0.000000,0.000000,0.000000,0.000000,0.000000,0.000000,0,0,0.000000,0.000000,0.000000,0.000000,0.000000,0.000000,0,0
127,2.539999,6,gripper_r_finger2,yup_snapshot,1,1,1.285537,0.474666,0.298762,-0.340483,0.401192,0.134652,0.839634,-0.357180,-0.583921,-1.271279,1,0.000000,0.000000,0.000000,0.000000,0.000000,0.000000,0,0,0.000000,0.000000,0.000000,0.000000,0.000000,0.000000,0,0,0.000000,0.000000,0.000000,0.000000,0.000000,0.000000,0,0,0.000000,0.000000,0.000000,0.000000,0.000000,0.000000,0,0
128,2.559999,0,base,yup_snapshot,0,0,0.000000,0.000000,0.000000,1.000000,0.000000,0.000000,0.000000,0.000000,0.000000,0.000000,0,0.000000,0.000000,0.000000,0.000000,0.000000,0.000000,0,0,0.000000,0.000000,0.000000,0.000000,0.000000,0.000000,0,0,0.000000,0.000000,0.000000,0.000000,0.000000,0.000000,0,0,0.000000,0.000000,0.000000,0.000000,0.000000,0.000000,0,0
128,2.559999,1,gripper_l_palm,yup_snapshot,1,1,-1.144834,0.809788,0.355669,0.576890,-0.624195,-0.383619,-0.361130,-0.003933,-0.096090,0.007935,1,0.000000,0.000000,0.000000,0.000000,0.000000,0.000000,0,0,0.000000,0.000000,0.000000,0.000000,0.000000,0.000000,0,0,0.000000,0.000000,0.000000,0.000000,0.000000,0.000000,0,0,0.000000,0.000000,0.000000,0.000000,0.000000,0.000000,0,0
128,2.559999,2,gripper_l_finger1,yup_snapshot,1,1,-1.392675,0.814958,0.373080,0.849251,-0.033448,-0.526688,0.015904,-0.003933,-0.096086,0.007935,1,0.000000,0.000000,0.000000,0.000000,0.000000,0.000000,0,0,0.000000,0.000000,0.000000,0.000000,0.000000,0.000000,0,0,0.000000,0.000000,0.000000,0.000000,0.000000,0.000000,0,0,0.000000,0.000000,0.000000,0.000000,0.000000,0.000000,0,0
128,2.559999,3,gripper_l_finger2,yup_snapshot,1,1,-1.286317,0.799815,0.366518,-0.015899,-0.526550,0.033451,0.849337,-0.003933,-0.096063,0.007933,1,0.000000,0.000000,0.000000,0.000000,0.000000,0.000000,0,0,0.000000,0.000000,0.000000,0.000000,0.000000,0.000000,0,0,0.000000,0.000000,0.000000,0.000000,0.000000,0.000000,0,0,0.000000,0.000000,0.000000,0.000000,0.000000,0.000000,0,0
128,2.559999,4,gripper_r_palm,yup_snapshot,1,1,1.078850,0.579010,0.304779,-0.489067,0.688004,-0.038941,-0.534741,-0.366619,-0.574908,-1.274213,1,0.000000,0.000000,0.000000,0.000000,0.000000,0.000000,0,0,0.000000,0.000000,0.000000,0.000000,0.000000,0.000000,0,0,0.000000,0.000000,0.000000,0.000000,0.000000,0.000000,0,0,0.000000,0.000000,0.000000,0.000000,0.000000,0.000000,0,0
128,2.559999,5,gripper_r_finger1,yup_snapshot,1,1,1.191110,0.573834,0.294050,0.832284,-0.140696,0.405717,0.350573,-0.366633,-0.574922,-1.274214,1,0.000000,0.000000,0.000000,0.000000,0.000000,0.000000,0,0,0.000000,0.000000,0.000000,0.000000,0.000000,0.000000,0,0,0.000000,0.000000,0.000000,0.000000,0.000000,0.000000,0,0,0.000000,0.000000,0.000000,0.000000,0.000000,0.000000,0,0
128,2.559999,6,gripper_r_finger2,yup_snapshot,1,1,1.282701,0.469597,0.300605,-0.350595,0.405584,0.140641,0.832349,-0.366822,-0.575115,-1.274228,1,0.000000,0.000000,0.000000,0.000000,0.000000,0.000000,0,0,0.000000,0.000000,0.000000,0.000000,0.000000,0.000000,0,0,0.000000,0.000000,0.000000,0.000000,0.000000,0.000000,0,0,0.000000,0.000000,0.000000,0.000000,0.000000,0.000000,0,0
129,2.579999,0,base,yup_snapshot,0,0,0.000000,0.000000,0.000000,1.000000,0.000000,0.000000,0.000000,0.000000,0.000000,0.000000,0,0.000000,0.000000,0.000000,0.000000,0.000000,0.000000,0,0,0.000000,0.000000,0.000000,0.000000,0.000000,0.000000,0,0,0.000000,0.000000,0.000000,0.000000,0.000000,0.000000,0,0,0.000000,0.000000,0.000000,0.000000,0.000000,0.000000,0,0
129,2.579999,1,gripper_l_palm,yup_snapshot,1,1,-1.144776,0.809751,0.355569,0.577220,-0.624582,-0.383013,-0.360576,-0.001085,-0.096169,0.009636,1,0.000000,0.000000,0.000000,0.000000,0.000000,0.000000,0,0,0.000000,0.000000,0.000000,0.000000,0.000000,0.000000,0,0,0.000000,0.000000,0.000000,0.000000,0.000000,0.000000,0,0,0.000000,0.000000,0.000000,0.000000,0.000000,0.000000,0,0
129,2.579999,2,gripper_l_finger1,yup_snapshot,1,1,-1.392607,0.814899,0.372738,0.849758,-0.033488,-0.525869,0.015868,-0.001085,-0.096172,0.009636,1,0.000000,0.000000,0.000000,0.000000,0.000000,0.000000,0,0,0.000000,0.000000,0.000000,0.000000,0.000000,0.000000,0,0,0.000000,0.000000,0.000000,0.000000,0.000000,0.000000,0,0,0.000000,0.000000,0.000000,0.000000,0.000000,0.000000,0,0
129,2.579999,3,gripper_l_finger2,yup_snapshot,1,1,-1.286072,0.799762,0.366264,-0.015863,-0.525730,0.033491,0.849844,-0.001086,-0.096140,0.009634,1,0.000000,0.000000,0.000000,0.000000,0.000000,0.000000,0,0,0.000000,0.000000,0.000000,0.000000,0.000000,0.000000,0,0,0.000000,0.000000,0.000000,0.000000,0.000000,0.000000,0,0,0.000000,0.000000,0.000000,0.000000,0.000000,0.000000,0,0
129,2.579999,4,gripper_r_palm,yup_snapshot,1,1,1.077792,0.576231,0.304987,-0.479515,0.687040,-0.034891,-0.544816,-0.374552,-0.564208,-1.269984,1,0.000000,0.000000,0.000000,0.000000,0.000000,0.000000,0,0,0.000000,0.000000,0.000000,0.000000,0.000000,0.000000,0,0,0.000000,0.000000,0.000000,0.000000,0.000000,0.000000,0,0,0.000000,0.000000,0.000000,0.000000,0.000000,0.000000,0,0
129,2.579999,5,gripper_r_finger1,yup_snapshot,1,1,1.190578,0.568962,0.295069,0.824847,-0.146770,0.409978,0.360560,-0.374559,-0.564215,-1.269985,1,0.000000,0.000000,0.000000,0.000000,0.000000,0.000000,0,0,0.000000,0.000000,0.000000,0.000000,0.000000,0.000000,0,0,0.000000,0.000000,0.000000,0.000000,0.000000,0.000000,0,0,0.000000,0.000000,0.000000,0.000000,0.000000,0.000000,0,0
129,2.579999,6,gripper_r_finger2,yup_snapshot,1,1,1.279698,0.464528,0.302399,-0.360584,0.409845,0.146712,0.824913,-0.374760,-0.564410,-1.270000,1,0.000000,0.000000,0.000000,0.000000,0.000000,0.000000,0,0,0.000000,0.000000,0.000000,0.000000,0.000000,0.000000,0,0,0.000000,0.000000,0.000000,0.000000,0.000000,0.000000,0,0,0.000000,0.000000,0.000000,0.000000,0.000000,0.000000,0,0
130,2.599999,0,base,yup_snapshot,0,0,0.000000,0.000000,0.000000,1.000000,0.000000,0.000000,0.000000,0.000000,0.000000,0.000000,0,0.000000,0.000000,0.000000,0.000000,0.000000,0.000000,0,0,0.000000,0.000000,0.000000,0.000000,0.000000,0.000000,0,0,0.000000,0.000000,0.000000,0.000000,0.000000,0.000000,0,0,0.000000,0.000000,0.000000,0.000000,0.000000,0.000000,0,0
130,2.599999,1,gripper_l_palm,yup_snapshot,1,1,-1.144717,0.809681,0.355471,0.577559,-0.624961,-0.382383,-0.360046,0.001305,-0.096042,0.012567,1,0.000000,0.000000,0.000000,0.000000,0.000000,0.000000,0,0,0.000000,0.000000,0.000000,0.000000,0.000000,0.000000,0,0,0.000000,0.000000,0.000000,0.000000,0.000000,0.000000,0,0,0.000000,0.000000,0.000000,0.000000,0.000000,0.000000,0,0
130,2.599999,2,gripper_l_finger1,yup_snapshot,1,1,-1.392537,0.814801,0.372399,0.850266,-0.033517,-0.525048,0.015798,0.001305,-0.096049,0.012567,1,0.000000,0.000000,0.000000,0.000000,0.000000,0.000000,0,0,0.000000,0.000000,0.000000,0.000000,0.000000,0.000000,0,0,0.000000,0.000000,0.000000,0.000000,0.000000,0.000000,0,0,0.000000,0.000000,0.000000,0.000000,0.000000,0.000000,0,0
130,2.599999,3,gripper_l_finger2,yup_snapshot,1,1,-1.285824,0.799677,0.366012,-0.015792,-0.524910,0.033520,0.850351,0.001305,-0.096015,0.012565,1,0.000000,0.000000,0.000000,0.000000,0.000000,0.000000,0,0,0.000000,0.000000,0.000000,0.000000,0.000000,0.000000,0,0,0.000000,0.000000,0.000000,0.000000,0.000000,0.000000,0,0,0.000000,0.000000,0.000000,0.000000,0.000000,0.000000,0,0
130,2.599999,4,gripper_r_palm,yup_snapshot,1,1,1.076631,0.573337,0.305136,-0.469918,0.686016,-0.030918,-0.554620,-0.377079,-0.551051,-1.244898,1,0.000000,0.000000,0.000000,0.000000,0.000000,0.000000,0,0,0.000000,0.000000,0.000000,0.000000,0.000000,0.000000,0,0,0.000000,0.000000,0.000000,0.000000,0.000000,0.000000,0,0,0.000000,0.000000,0.000000,0.000000,0.000000,0.000000,0,0
130,2.599999,5,gripper_r_finger1,yup_snapshot,1,1,1.189862,0.563974,0.296040,0.817337,-0.152833,0.414101,0.370301,-0.377077,-0.551048,-1.244898,1,0.000000,0.000000,0.000000,0.000000,0.000000,0.000000,0,0,0.000000,0.000000,0.000000,0.000000,0.000000,0.000000,0,0,0.000000,0.000000,0.000000,0.000000,0.000000,0.000000,0,0,0.000000,0.000000,0.000000,0.000000,0.000000,0.000000,0,0
130,2.599999,6,gripper_r_finger2,yup_snapshot,1,1,1.276538,0.459428,0.304116,-0.370326,0.413968,0.152773,0.817404,-0.377292,-0.551248,-1.244915,1,0.000000,0.000000,0.000000,0.000000,0.000000,0.000000,0,0,0.000000,0.000000,0.000000,0.000000,0.000000,0.000000,0,0,0.000000,0.000000,0.000000,0.000000,0.000000,0.000000,0,0,0.000000,0.000000,0.000000,0.000000,0.000000,0.000000,0,0
131,2.619999,0,base,yup_snapshot,0,0,0.000000,0.000000,0.000000,1.000000,0.000000,0.000000,0.000000,0.000000,0.000000,0.000000,0,0.000000,0.000000,0.000000,0.000000,0.000000,0.000000,0,0,0.000000,0.000000,0.000000,0.000000,0.000000,0.000000,0,0,0.000000,0.000000,0.000000,0.000000,0.000000,0.000000,0,0,0.000000,0.000000,0.000000,0.000000,0.000000,0.000000,0,0
131,2.619999,1,gripper_l_palm,yup_snapshot,1,1,-1.144655,0.809572,0.355377,0.577895,-0.625341,-0.381728,-0.359541,0.002858,-0.095713,0.015794,1,0.000000,0.000000,0.000000,0.000000,0.000000,0.000000,0,0,0.000000,0.000000,0.000000,0.000000,0.000000,0.000000,0,0,0.000000,0.000000,0.000000,0.000000,0.000000,0.000000,0,0,0.000000,0.000000,0.000000,0.000000,0.000000,0.000000,0,0
131,2.619999,2,gripper_l_finger1,yup_snapshot,1,1,-1.392465,0.814657,0.372066,0.850772,-0.033548,-0.524228,0.015691,0.002858,-0.095721,0.015795,1,0.000000,0.000000,0.000000,0.000000,0.000000,0.000000,0,0,0.000000,0.000000,0.000000,0.000000,0.000000,0.000000,0,0,0.000000,0.000000,0.000000,0.000000,0.000000,0.000000,0,0,0.000000,0.000000,0.000000,0.000000,0.000000,0.000000,0,0
131,2.619999,3,gripper_l_finger2,yup_snapshot,1,1,-1.285573,0.799552,0.365765,-0.015685,-0.524090,0.033551,0.850857,0.002858,-0.095689,0.015793,1,0.000000,0.000000,0.000000,0.000000,0.000000,0.000000,0,0,0.000000,0.000000,0.000000,0.000000,0.000000,0.000000,0,0,0.000000,0.000000,0.000000,0.000000,0.000000,0.000000,0,0,0.000000,0.000000,0.000000,0.000000,0.000000,0.000000,0,0
131,2.619999,4,gripper_r_palm,yup_snapshot,1,1,1.075320,0.570226,0.305207,-0.460360,0.684946,-0.027055,-0.564080,-0.378441,-0.533373,-1.219851,1,0.000000,0.000000,0.000000,0.000000,0.000000,0.000000,0,0,0.000000,0.000000,0.000000,0.000000,0.000000,0.000000,0,0,0.000000,0.000000,0.000000,0.000000,0.000000,0.000000,0,0,0.000000,0.000000,0.000000,0.000000,0.000000,0.000000,0,0
131,2.619999,5,gripper_r_finger1,yup_snapshot,1,1,1.188919,0.558787,0.296937,0.809821,-0.158835,0.418058,0.379722,-0.378427,-0.533361,-1.219850,1,0.000000,0.000000,0.000000,0.000000,0.000000,0.000000,0,0,0.000000,0.000000,0.000000,0.000000,0.000000,0.000000,0,0,0.000000,0.000000,0.000000,0.000000,0.000000,0.000000,0,0,0.000000,0.000000,0.000000,0.000000,0.000000,0.000000,0,0
131,2.619999,6,gripper_r_finger2,yup_snapshot,1,1,1.273197,0.454211,0.305729,-0.379748,0.417926,0.158774,0.809889,-0.378665,-0.533571,-1.219869,1,0.000000,0.000000,0.000000,0.000000,0.000000,0.000000,0,0,0.000000,0.000000,0.000000,0.000000,0.000000,0.000000,0,0,0.000000,0.000000,0.000000,0.000000,0.000000,0.000000,0,0,0.000000,0.000000,0.000000,0.000000,0.000000,0.000000,0,0
132,2.639999,0,base,yup_snapshot,0,0,0.000000,0.000000,0.000000,1.000000,0.000000,0.000000,0.000000,0.000000,0.000000,0.000000,0,0.000000,0.000000,0.000000,0.000000,0.000000,0.000000,0,0,0.000000,0.000000,0.000000,0.000000,0.000000,0.000000,0,0,0.000000,0.000000,0.000000,0.000000,0.000000,0.000000,0,0,0.000000,0.000000,0.000000,0.000000,0.000000,0.000000,0,0
132,2.639999,1,gripper_l_palm,yup_snapshot,1,1,-1.144591,0.809434,0.355287,0.578224,-0.625726,-0.381055,-0.359057,0.003390,-0.095314,0.017821,1,0.000000,0.000000,0.000000,0.000000,0.000000,0.000000,0,0,0.000000,0.000000,0.000000,0.000000,0.000000,0.000000,0,0,0.000000,0.000000,0.000000,0.000000,0.000000,0.000000,0,0,0.000000,0.000000,0.000000,0.000000,0.000000,0.000000,0,0
132,2.639999,2,gripper_l_finger1,yup_snapshot,1,1,-1.392390,0.814477,0.371736,0.851277,-0.033588,-0.523410,0.015558,0.003391,-0.095326,0.017822,1,0.000000,0.000000,0.000000,0.000000,0.000000,0.000000,0,0,0.000000,0.000000,0.000000,0.000000,0.000000,0.000000,0,0,0.000000,0.000000,0.000000,0.000000,0.000000,0.000000,0,0,0.000000,0.000000,0.000000,0.000000,0.000000,0.000000,0,0
132,2.639999,3,gripper_l_finger2,yup_snapshot,1,1,-1.285321,0.799394,0.365521,-0.015552,-0.523272,0.033591,0.851362,0.003390,-0.095292,0.017819,1,0.000000,0.000000,0.000000,0.000000,0.000000,0.000000,0,0,0.000000,0.000000,0.000000,0.000000,0.000000,0.000000,0,0,0.000000,0.000000,0.000000,0.000000,0.000000,0.000000,0,0,0.000000,0.000000,0.000000,0.000000,0.000000,0.000000,0,0
132,2.639999,4,gripper_r_palm,yup_snapshot,1,1,1.073825,0.566833,0.305192,-0.450805,0.683858,-0.023245,-0.573212,-0.381127,-0.513278,-1.205653,1,0.000000,0.000000,0.000000,0.000000,0.000000,0.000000,0,0,0.000000,0.000000,0.000000,0.000000,0.000000,0.000000,0,0,0.000000,0.000000,0.000000,0.000000,0.000000,0.000000,0,0,0.000000,0.000000,0.000000,0.000000,0.000000,0.000000,0,0
132,2.639999,5,gripper_r_finger1,yup_snapshot,1,1,1.187704,0.553328,0.297751,0.802295,-0.164823,0.421821,0.388873,-0.381110,-0.513263,-1.205652,1,0.000000,0.000000,0.000000,0.000000,0.000000,0.000000,0,0,0.000000,0.000000,0.000000,0.000000,0.000000,0.000000,0,0,0.000000,0.000000,0.000000,0.000000,0.000000,0.000000,0,0,0.000000,0.000000,0.000000,0.000000,0.000000,0.000000,0,0
132,2.639999,6,gripper_r_finger2,yup_snapshot,1,1,1.269629,0.448799,0.307227,-0.388900,0.421690,0.164760,0.802364,-0.381365,-0.513478,-1.205673,1,0.000000,0.000000,0.000000,0.000000,0.000000,0.000000,0,0,0.000000,0.000000,0.000000,0.000000,0.000000,0.000000,0,0,0.000000,0.000000,0.000000,0.000000,0.000000,0.000000,0,0,0.000000,0.000000,0.000000,0.000000,0.000000,0.000000,0,0
133,2.659999,0,base,yup_snapshot,0,0,0.000000,0.000000,0.000000,1.000000,0.000000,0.000000,0.000000,0.000000,0.000000,0.000000,0,0.000000,0.000000,0.000000,0.000000,0.000000,0.000000,0,0,0.000000,0.000000,0.000000,0.000000,0.000000,0.000000,0,0,0.000000,0.000000,0.000000,0.000000,0.000000,0.000000,0,0,0.000000,0.000000,0.000000,0.000000,0.000000,0.000000,0,0
133,2.659999,1,gripper_l_palm,yup_snapshot,1,1,-1.144527,0.809287,0.355198,0.578546,-0.626114,-0.380380,-0.358578,0.003193,-0.094942,0.017712,1,0.000000,0.000000,0.000000,0.000000,0.000000,0.000000,0,0,0.000000,0.000000,0.000000,0.000000,0.000000,0.000000,0,0,0.000000,0.000000,0.000000,0.000000,0.000000,0.000000,0,0,0.000000,0.000000,0.000000,0.000000,0.000000,0.000000,0,0
133,2.659999,2,gripper_l_finger1,yup_snapshot,1,1,-1.392315,0.814286,0.371409,0.851779,-0.033634,-0.522594,0.015419,0.003193,-0.094953,0.017713,1,0.000000,0.000000,0.000000,0.000000,0.000000,0.000000,0,0,0.000000,0.000000,0.000000,0.000000,0.000000,0.000000,0,0,0.000000,0.000000,0.000000,0.000000,0.000000,0.000000,0,0,0.000000,0.000000,0.000000,0.000000,0.000000,0.000000,0,0
133,2.659999,3,gripper_l_finger2,yup_snapshot,1,1,-1.285067,0.799227,0.365281,-0.015413,-0.522455,0.033637,0.851863,0.003193,-0.094921,0.017711,1,0.000000,0.000000,0.000000,0.000000,0.000000,0.000000,0,0,0.000000,0.000000,0.000000,0.000000,0.000000,0.000000,0,0,0.000000,0.000000,0.000000,0.000000,0.000000,0.000000,0,0,0.000000,0.000000,0.000000,0.000000,0.000000,0.000000,0,0
133,2.659999,4,gripper_r_palm,yup_snapshot,1,1,1.072125,0.563127,0.305088,-0.441183,0.682777,-0.019417,-0.582062,-0.385694,-0.492396,-1.202648,1,0.000000,0.000000,0.000000,0.000000,0.000000,0.000000,0,0,0.000000,0.000000,0.000000,0.000000,0.000000,0.000000,0,0,0.000000,0.000000,0.000000,0.000000,0.000000,0.000000,0,0,0.000000,0.000000,0.000000,0.000000,0.000000,0.000000,0,0
133,2.659999,5,gripper_r_finger1,yup_snapshot,1,1,1.186185,0.547556,0.298474,0.794727,-0.170863,0.425372,0.397837,-0.385679,-0.492384,-1.202647,1,0.000000,0.000000,0.000000,0.000000,0.000000,0.000000,0,0,0.000000,0.000000,0.000000,0.000000,0.000000,0.000000,0,0,0.000000,0.000000,0.000000,0.000000,0.000000,0.000000,0,0,0.000000,0.000000,0.000000,0.000000,0.000000,0.000000,0,0
133,2.659999,6,gripper_r_finger2,yup_snapshot,1,1,1.265797,0.443147,0.308605,-0.397865,0.425241,0.170798,0.794796,-0.385944,-0.492597,-1.202669,1,0.000000,0.000000,0.000000,0.000000,0.000000,0.000000,0,0,0.000000,0.000000,0.000000,0.000000,0.000000,0.000000,0,0,0.000000,0.000000,0.000000,0.000000,0.000000,0.000000,0,0,0.000000,0.000000,0.000000,0.000000,0.000000,0.000000,0,0
134,2.679999,0,base,yup_snapshot,0,0,0.000000,0.000000,0.000000,1.000000,0.000000,0.000000,0.000000,0.000000,0.000000,0.000000,0,0.000000,0.000000,0.000000,0.000000,0.000000,0.000000,0,0,0.000000,0.000000,0.000000,0.000000,0.000000,0.000000,0,0,0.000000,0.000000,0.000000,0.000000,0.000000,0.000000,0,0,0.000000,0.000000,0.000000,0.000000,0.000000,0.000000,0,0
134,2.679999,1,gripper_l_palm,yup_snapshot,1,1,-1.144464,0.809152,0.355109,0.578866,-0.626499,-0.379713,-0.358094,0.002853,-0.094615,0.016127,1,0.000000,0.000000,0.000000,0.000000,0.000000,0.000000,0,0,0.000000,0.000000,0.000000,0.000000,0.000000,0.000000,0,0,0.000000,0.000000,0.000000,0.000000,0.000000,0.000000,0,0,0.000000,0.000000,0.000000,0.000000,0.000000,0.000000,0,0
134,2.679999,2,gripper_l_finger1,yup_snapshot,1,1,-1.392241,0.814109,0.371082,0.852278,-0.033680,-0.521780,0.015290,0.002854,-0.094623,0.016128,1,0.000000,0.000000,0.000000,0.000000,0.000000,0.000000,0,0,0.000000,0.000000,0.000000,0.000000,0.000000,0.000000,0,0,0.000000,0.000000,0.000000,0.000000,0.000000,0.000000,0,0,0.000000,0.000000,0.000000,0.000000,0.000000,0.000000,0,0
134,2.679999,3,gripper_l_finger2,yup_snapshot,1,1,-1.284815,0.799071,0.365040,-0.015285,-0.521642,0.033682,0.852362,0.002853,-0.094596,0.016126,1,0.000000,0.000000,0.000000,0.000000,0.000000,0.000000,0,0,0.000000,0.000000,0.000000,0.000000,0.000000,0.000000,0,0,0.000000,0.000000,0.000000,0.000000,0.000000,0.000000,0,0,0.000000,0.000000,0.000000,0.000000,0.000000,0.000000,0,0
134,2.679999,4,gripper_r_palm,yup_snapshot,1,1,1.070206,0.559103,0.304888,-0.431433,0.681716,-0.015521,-0.590667,-0.391559,-0.471276,-1.207000,1,0.000000,0.000000,0.000000,0.000000,0.000000,0.000000,0,0,0.000000,0.000000,0.000000,0.000000,0.000000,0.000000,0,0,0.000000,0.000000,0.000000,0.000000,0.000000,0.000000,0,0,0.000000,0.000000,0.000000,0.000000,0.000000,0.000000,0,0
134,2.679999,5,gripper_r_finger1,yup_snapshot,1,1,1.184344,0.541454,0.299101,0.787082,-0.177009,0.428701,0.406676,-0.391548,-0.471268,-1.206999,1,0.000000,0.000000,0.000000,0.000000,0.000000,0.000000,0,0,0.000000,0.000000,0.000000,0.000000,0.000000,0.000000,0,0,0.000000,0.000000,0.000000,0.000000,0.000000,0.000000,0,0,0.000000,0.000000,0.000000,0.000000,0.000000,0.000000,0,0
134,2.679999,6,gripper_r_finger2,yup_snapshot,1,1,1.261671,0.437234,0.309863,-0.406705,0.428572,0.176942,0.787152,-0.391818,-0.471475,-1.207023,1,0.000000,0.000000,0.000000,0.000000,0.000000,0.000000,0,0,0.000000,0.000000,0.000000,0.000000,0.000000,0.000000,0,0,0.000000,0.000000,0.000000,0.000000,0.000000,0.000000,0,0,0.000000,0.000000,0.000000,0.000000,0.000000,0.000000,0,0
135,2.699999,0,base,yup_snapshot,0,0,0.000000,0.000000,0.000000,1.000000,0.000000,0.000000,0.000000,0.000000,0.000000,0.000000,0,0.000000,0.000000,0.000000,0.000000,0.000000,0.000000,0,0,0.000000,0.000000,0.000000,0.000000,0.000000,0.000000,0,0,0.000000,0.000000,0.000000,0.000000,0.000000,0.000000,0,0,0.000000,0.000000,0.000000,0.000000,0.000000,0.000000,0,0
135,2.699999,1,gripper_l_palm,yup_snapshot,1,1,-1.144402,0.809041,0.355017,0.579191,-0.626876,-0.379060,-0.357601,0.002849,-0.094318,0.014187,1,0.000000,0.000000,0.000000,0.000000,0.000000,0.000000,0,0,0.000000,0.000000,0.000000,0.000000,0.000000,0.000000,0,0,0.000000,0.000000,0.000000,0.000000,0.000000,0.000000,0,0,0.000000,0.000000,0.000000,0.000000,0.000000,0.000000,0,0
135,2.699999,2,gripper_l_finger1,yup_snapshot,1,1,-1.392166,0.813961,0.370754,0.852774,-0.033717,-0.520970,0.015177,0.002849,-0.094323,0.014188,1,0.000000,0.000000,0.000000,0.000000,0.000000,0.000000,0,0,0.000000,0.000000,0.000000,0.000000,0.000000,0.000000,0,0,0.000000,0.000000,0.000000,0.000000,0.000000,0.000000,0,0,0.000000,0.000000,0.000000,0.000000,0.000000,0.000000,0,0
135,2.699999,3,gripper_l_finger2,yup_snapshot,1,1,-1.284565,0.798943,0.364798,-0.015171,-0.520831,0.033719,0.852858,0.002848,-0.094299,0.014186,1,0.000000,0.000000,0.000000,0.000000,0.000000,0.000000,0,0,0.000000,0.000000,0.000000,0.000000,0.000000,0.000000,0,0,0.000000,0.000000,0.000000,0.000000,0.000000,0.000000,0,0,0.000000,0.000000,0.000000,0.000000,0.000000,0.000000,0,0
135,2.699999,4,gripper_r_palm,yup_snapshot,1,1,1.068059,0.554762,0.304587,-0.421521,0.680685,-0.011531,-0.599045,-0.397805,-0.449827,-1.214539,1,0.000000,0.000000,0.000000,0.000000,0.000000,0.000000,0,0,0.000000,0.000000,0.000000,0.000000,0.000000,0.000000,0,0,0.000000,0.000000,0.000000,0.000000,0.000000,0.000000,0,0,0.000000,0.000000,0.000000,0.000000,0.000000,0.000000,0,0
135,2.699999,5,gripper_r_finger1,yup_snapshot,1,1,1.182167,0.535019,0.299627,0.779343,-0.183289,0.431804,0.415421,-0.397797,-0.449821,-1.214538,1,0.000000,0.000000,0.000000,0.000000,0.000000,0.000000,0,0,0.000000,0.000000,0.000000,0.000000,0.000000,0.000000,0,0,0.000000,0.000000,0.000000,0.000000,0.000000,0.000000,0,0,0.000000,0.000000,0.000000,0.000000,0.000000,0.000000,0,0
135,2.699999,6,gripper_r_finger2,yup_snapshot,1,1,1.257235,0.431058,0.310997,-0.415451,0.431675,0.183220,0.779415,-0.398071,-0.450021,-1.214563,1,0.000000,0.000000,0.000000,0.000000,0.000000,0.000000,0,0,0.000000,0.000000,0.000000,0.000000,0.000000,0.000000,0,0,0.000000,0.000000,0.000000,0.000000,0.000000,0.000000,0,0,0.000000,0.000000,0.000000,0.000000,0.000000,0.000000,0,0
136,2.719999,0,base,yup_snapshot,0,0,0.000000,0.000000,0.000000,1.000000,0.000000,0.000000,0.000000,0.000000,0.000000,0.000000,0,0.000000,0.000000,0.000000,0.000000,0.000000,0.000000,0,0,0.000000,0.000000,0.000000,0.000000,0.000000,0.000000,0,0,0.000000,0.000000,0.000000,0.000000,0.000000,0.000000,0,0,0.000000,0.000000,0.000000,0.000000,0.000000,0.000000,0,0
136,2.719999,1,gripper_l_palm,yup_snapshot,1,1,-1.144341,0.808956,0.354922,0.579524,-0.627241,-0.378419,-0.357100,0.003316,-0.094101,0.012191,1,0.000000,0.000000,0.000000,0.000000,0.000000,0.000000,0,0,0.000000,0.000000,0.000000,0.000000,0.000000,0.000000,0,0,0.000000,0.000000,0.000000,0.000000,0.000000,0.000000,0,0,0.000000,0.000000,0.000000,0.000000,0.000000,0.000000,0,0
136,2.719999,2,gripper_l_finger1,yup_snapshot,1,1,-1.392092,0.813843,0.370423,0.853268,-0.033739,-0.520162,0.015078,0.003316,-0.094106,0.012191,1,0.000000,0.000000,0.000000,0.000000,0.000000,0.000000,0,0,0.000000,0.000000,0.000000,0.000000,0.000000,0.000000,0,0,0.000000,0.000000,0.000000,0.000000,0.000000,0.000000,0,0,0.000000,0.000000,0.000000,0.000000,0.000000,0.000000,0,0
136,2.719999,3,gripper_l_finger2,yup_snapshot,1,1,-1.284317,0.798844,0.364554,-0.015072,-0.520023,0.033742,0.853352,0.003316,-0.094082,0.012189,1,0.000000,0.000000,0.000000,0.000000,0.000000,0.000000,0,0,0.000000,0.000000,0.000000,0.000000,0.000000,0.000000,0,0,0.000000,0.000000,0.000000,0.000000,0.000000,0.000000,0,0,0.000000,0.000000,0.000000,0.000000,0.000000,0.000000,0,0
136,2.719999,4,gripper_r_palm,yup_snapshot,1,1,1.065678,0.550109,0.304178,-0.411441,0.679686,-0.007436,-0.607197,-0.403678,-0.427761,-1.222349,1,0.000000,0.000000,0.000000,0.000000,0.000000,0.000000,0,0,0.000000,0.000000,0.000000,0.000000,0.000000,0.000000,0,0,0.000000,0.000000,0.000000,0.000000,0.000000,0.000000,0,0,0.000000,0.000000,0.000000,0.000000,0.000000,0.000000,0,0
136,2.719999,5,gripper_r_finger1,yup_snapshot,1,1,1.179644,0.528259,0.300044,0.771509,-0.189711,0.434672,0.424080,-0.403671,-0.427756,-1.222348,1,0.000000,0.000000,0.000000,0.000000,0.000000,0.000000,0,0,0.000000,0.000000,0.000000,0.000000,0.000000,0.000000,0,0,0.000000,0.000000,0.000000,0.000000,0.000000,0.000000,0,0,0.000000,0.000000,0.000000,0.000000,0.000000,0.000000,0,0
136,2.719999,6,gripper_r_finger2,yup_snapshot,1,1,1.252481,0.424625,0.312002,-0.424111,0.434544,0.189641,0.771581,-0.403947,-0.427948,-1.222374,1,0.000000,0.000000,0.000000,0.000000,0.000000,0.000000,0,0,0.000000,0.000000,0.000000,0.000000,0.000000,0.000000,0,0,0.000000,0.000000,0.000000,0.000000,0.000000,0.000000,0,0,0.000000,0.000000,0.000000,0.000000,0.000000,0.000000,0,0
137,2.739999,0,base,yup_snapshot,0,0,0.000000,0.000000,0.000000,1.000000,0.000000,0.000000,0.000000,0.000000,0.000000,0.000000,0,0.000000,0.000000,0.000000,0.000000,0.000000,0.000000,0,0,0.000000,0.000000,0.000000,0.000000,0.000000,0.000000,0,0,0.000000,0.000000,0.000000,0.000000,0.000000,0.000000,0,0,0.000000,0.000000,0.000000,0.000000,0.000000,0.000000,0,0
137,2.739999,1,gripper_l_palm,yup_snapshot,1,1,-1.144280,0.808890,0.354825,0.579868,-0.627593,-0.377785,-0.356594,0.004261,-0.093880,0.010979,1,0.000000,0.000000,0.000000,0.000000,0.000000,0.000000,0,0,0.000000,0.000000,0.000000,0.000000,0.000000,0.000000,0,0,0.000000,0.000000,0.000000,0.000000,0.000000,0.000000,0,0,0.000000,0.000000,0.000000,0.000000,0.000000,0.000000,0,0
137,2.739999,2,gripper_l_finger1,yup_snapshot,1,1,-1.392018,0.813749,0.370090,0.853760,-0.033745,-0.519357,0.014987,0.004262,-0.093885,0.010979,1,0.000000,0.000000,0.000000,0.000000,0.000000,0.000000,0,0,0.000000,0.000000,0.000000,0.000000,0.000000,0.000000,0,0,0.000000,0.000000,0.000000,0.000000,0.000000,0.000000,0,0,0.000000,0.000000,0.000000,0.000000,0.000000,0.000000,0,0
137,2.739999,3,gripper_l_finger2,yup_snapshot,1,1,-1.284070,0.798769,0.364307,-0.014981,-0.519218,0.033748,0.853844,0.004261,-0.093861,0.010978,1,0.000000,0.000000,0.000000,0.000000,0.000000,0.000000,0,0,0.000000,0.000000,0.000000,0.000000,0.000000,0.000000,0,0,0.000000,0.000000,0.000000,0.000000,0.000000,0.000000,0,0,0.000000,0.000000,0.000000,0.000000,0.000000,0.000000,0,0
137,2.739999,4,gripper_r_palm,yup_snapshot,1,1,1.063052,0.545147,0.303655,-0.401200,0.678724,-0.003239,-0.615111,-0.408757,-0.404855,-1.228973,1,0.000000,0.000000,0.000000,0.000000,0.000000,0.000000,0,0,0.000000,0.000000,0.000000,0.000000,0.000000,0.000000,0,0,0.000000,0.000000,0.000000,0.000000,0.000000,0.000000,0,0,0.000000,0.000000,0.000000,0.000000,0.000000,0.000000,0,0
137,2.739999,5,gripper_r_finger1,yup_snapshot,1,1,1.176764,0.521179,0.300344,0.763587,-0.196273,0.437301,0.432643,-0.408750,-0.404850,-1.228973,1,0.000000,0.000000,0.000000,0.000000,0.000000,0.000000,0,0,0.000000,0.000000,0.000000,0.000000,0.000000,0.000000,0,0,0.000000,0.000000,0.000000,0.000000,0.000000,0.000000,0,0,0.000000,0.000000,0.000000,0.000000,0.000000,0.000000,0,0
137,2.739999,6,gripper_r_finger2,yup_snapshot,1,1,1.247403,0.417941,0.312870,-0.432676,0.437174,0.196202,0.763659,-0.409027,-0.405033,-1.228999,1,0.000000,0.000000,0.000000,0.000000,0.000000,0.000000,0,0,0.000000,0.000000,0.000000,0.000000,0.000000,0.000000,0,0,0.000000,0.000000,0.000000,0.000000,0.000000,0.000000,0,0,0.000000,0.000000,0.000000,0.000000,0.000000,0.000000,0,0
138,2.759999,0,base,yup_snapshot,0,0,0.000000,0.000000,0.000000,1.000000,0.000000,0.000000,0.000000,0.000000,0.000000,0.000000,0,0.000000,0.000000,0.000000,0.000000,0.000000,0.000000,0,0,0.000000,0.000000,0.000000,0.000000,0.000000,0.000000,0,0,0.000000,0.000000,0.000000,0.000000,0.000000,0.000000,0,0,0.000000,0.000000,0.000000,0.000000,0.000000,0.000000,0,0
138,2.759999,1,gripper_l_palm,yup_snapshot,1,1,-1.144220,0.808834,0.354726,0.580221,-0.627932,-0.377152,-0.356091,0.005526,-0.093629,0.010627,1,0.000000,0.000000,0.000000,0.000000,0.000000,0.000000,0,0,0.000000,0.000000,0.000000,0.000000,0.000000,0.000000,0,0,0.000000,0.000000,0.000000,0.000000,0.000000,0.000000,0,0,0.000000,0.000000,0.000000,0.000000,0.000000,0.000000,0,0
138,2.759999,2,gripper_l_finger1,yup_snapshot,1,1,-1.391945,0.813667,0.369757,0.854250,-0.033735,-0.518553,0.014895,0.005527,-0.093635,0.010627,1,0.000000,0.000000,0.000000,0.000000,0.000000,0.000000,0,0,0.000000,0.000000,0.000000,0.000000,0.000000,0.000000,0,0,0.000000,0.000000,0.000000,0.000000,0.000000,0.000000,0,0,0.000000,0.000000,0.000000,0.000000,0.000000,0.000000,0,0
138,2.759999,3,gripper_l_finger2,yup_snapshot,1,1,-1.283825,0.798708,0.364059,-0.014890,-0.518415,0.033738,0.854334,0.005526,-0.093610,0.010626,1,0.000000,0.000000,0.000000,0.000000,0.000000,0.000000,0,0,0.000000,0.000000,0.000000,0.000000,0.000000,0.000000,0,0,0.000000,0.000000,0.000000,0.000000,0.000000,0.000000,0,0,0.000000,0.000000,0.000000,0.000000,0.000000,0.000000,0,0
138,2.759999,4,gripper_r_palm,yup_snapshot,1,1,1.060174,0.539875,0.303012,-0.390814,0.677802,0.001056,-0.622774,-0.412934,-0.381033,-1.234027,1,0.000000,0.000000,0.000000,0.000000,0.000000,0.000000,0,0,0.000000,0.000000,0.000000,0.000000,0.000000,0.000000,0,0,0.000000,0.000000,0.000000,0.000000,0.000000,0.000000,0,0,0.000000,0.000000,0.000000,0.000000,0.000000,0.000000,0,0
138,2.759999,5,gripper_r_finger1,yup_snapshot,1,1,1.173518,0.513786,0.300519,0.755591,-0.202966,0.439681,0.441098,-0.412925,-0.381027,-1.234026,1,0.000000,0.000000,0.000000,0.000000,0.000000,0.000000,0,0,0.000000,0.000000,0.000000,0.000000,0.000000,0.000000,0,0,0.000000,0.000000,0.000000,0.000000,0.000000,0.000000,0,0,0.000000,0.000000,0.000000,0.000000,0.000000,0.000000,0,0
138,2.759999,6,gripper_r_finger2,yup_snapshot,1,1,1.241998,0.411010,0.313592,-0.441132,0.439556,0.202893,0.755664,-0.413204,-0.381202,-1.234053,1,0.000000,0.000000,0.000000,0.000000,0.000000,0.000000,0,0,0.000000,0.000000,0.000000,0.000000,0.000000,0.000000,0,0,0.000000,0.000000,0.000000,0.000000,0.000000,0.000000,0,0,0.000000,0.000000,0.000000,0.000000,0.000000,0.000000,0,0
139,2.779999,0,base,yup_snapshot,0,0,0.000000,0.000000,0.000000,1.000000,0.000000,0.000000,0.000000,0.000000,0.000000,0.000000,0,0.000000,0.000000,0.000000,0.000000,0.000000,0.000000,0,0,0.000000,0.000000,0.000000,0.000000,0.000000,0.000000,0,0,0.000000,0.000000,0.000000,0.000000,0.000000,0.000000,0,0,0.000000,0.000000,0.000000,0.000000,0.000000,0.000000,0,0
139,2.779999,1,gripper_l_palm,yup_snapshot,1,1,-1.144161,0.808778,0.354626,0.580583,-0.628261,-0.376516,-0.355594,0.006855,-0.093336,0.010730,1,0.000000,0.000000,0.000000,0.000000,0.000000,0.000000,0,0,0.000000,0.000000,0.000000,0.000000,0.000000,0.000000,0,0,0.000000,0.000000,0.000000,0.000000,0.000000,0.000000,0,0,0.000000,0.000000,0.000000,0.000000,0.000000,0.000000,0,0
139,2.779999,2,gripper_l_finger1,yup_snapshot,1,1,-1.391870,0.813586,0.369425,0.854738,-0.033712,-0.517753,0.014797,0.006855,-0.093344,0.010730,1,0.000000,0.000000,0.000000,0.000000,0.000000,0.000000,0,0,0.000000,0.000000,0.000000,0.000000,0.000000,0.000000,0,0,0.000000,0.000000,0.000000,0.000000,0.000000,0.000000,0,0,0.000000,0.000000,0.000000,0.000000,0.000000,0.000000,0,0
139,2.779999,3,gripper_l_finger2,yup_snapshot,1,1,-1.283580,0.798650,0.363811,-0.014791,-0.517614,0.033715,0.854822,0.006855,-0.093317,0.010728,1,0.000000,0.000000,0.000000,0.000000,0.000000,0.000000,0,0,0.000000,0.000000,0.000000,0.000000,0.000000,0.000000,0,0,0.000000,0.000000,0.000000,0.000000,0.000000,0.000000,0,0,0.000000,0.000000,0.000000,0.000000,0.000000,0.000000,0,0
139,2.779999,4,gripper_r_palm,yup_snapshot,1,1,1.057030,0.534293,0.302245,-0.380299,0.676925,0.005445,-0.630171,-0.416307,-0.356351,-1.237694,1,0.000000,0.000000,0.000000,0.000000,0.000000,0.000000,0,0,0.000000,0.000000,0.000000,0.000000,0.000000,0.000000,0,0,0.000000,0.000000,0.000000,0.000000,0.000000,0.000000,0,0,0.000000,0.000000,0.000000,0.000000,0.000000,0.000000,0,0
139,2.779999,5,gripper_r_finger1,yup_snapshot,1,1,1.169894,0.506087,0.300563,0.747534,-0.209782,0.441808,0.449432,-0.416295,-0.356344,-1.237692,1,0.000000,0.000000,0.000000,0.000000,0.000000,0.000000,0,0,0.000000,0.000000,0.000000,0.000000,0.000000,0.000000,0,0,0.000000,0.000000,0.000000,0.000000,0.000000,0.000000,0,0,0.000000,0.000000,0.000000,0.000000,0.000000,0.000000,0,0
139,2.779999,6,gripper_r_finger2,yup_snapshot,1,1,1.236258,0.403837,0.314165,-0.449467,0.441684,0.209708,0.747608,-0.416575,-0.356510,-1.237720,1,0.000000,0.000000,0.000000,0.000000,0.000000,0.000000,0,0,0.000000,0.000000,0.000000,0.000000,0.000000,0.000000,0,0,0.000000,0.000000,0.000000,0.000000,0.000000,0.000000,0,0,0.000000,0.000000,0.000000,0.000000,0.000000,0.000000,0,0
140,2.799999,0,base,yup_snapshot,0,0,0.000000,0.000000,0.000000,1.000000,0.000000,0.000000,0.000000,0.000000,0.000000,0.000000,0,0.000000,0.000000,0.000000,0.000000,0.000000,0.000000,0,0,0.000000,0.000000,0.000000,0.000000,0.000000,0.000000,0,0,0.000000,0.000000,0.000000,0.000000,0.000000,0.000000,0,0,0.000000,0.000000,0.000000,0.000000,0.000000,0.000000,0,0
140,2.799999,1,gripper_l_palm,yup_snapshot,1,1,-1.144101,0.808718,0.354527,0.580950,-0.628582,-0.375875,-0.355106,0.008071,-0.092975,0.011174,1,0.000000,0.000000,0.000000,0.000000,0.000000,0.000000,0,0,0.000000,0.000000,0.000000,0.000000,0.000000,0.000000,0,0,0.000000,0.000000,0.000000,0.000000,0.000000,0.000000,0,0,0.000000,0.000000,0.000000,0.000000,0.000000,0.000000,0,0
140,2.799999,2,gripper_l_finger1,yup_snapshot,1,1,-1.391796,0.813500,0.369093,0.855224,-0.033679,-0.516954,0.014689,0.008071,-0.092985,0.011175,1,0.000000,0.000000,0.000000,0.000000,0.000000,0.000000,0,0,0.000000,0.000000,0.000000,0.000000,0.000000,0.000000,0,0,0.000000,0.000000,0.000000,0.000000,0.000000,0.000000,0,0,0.000000,0.000000,0.000000,0.000000,0.000000,0.000000,0,0
140,2.799999,3,gripper_l_finger2,yup_snapshot,1,1,-1.283335,0.798590,0.363564,-0.014683,-0.516815,0.033682,0.855308,0.008071,-0.092957,0.011173,1,0.000000,0.000000,0.000000,0.000000,0.000000,0.000000,0,0,0.000000,0.000000,0.000000,0.000000,0.000000,0.000000,0,0,0.000000,0.000000,0.000000,0.000000,0.000000,0.000000,0,0,0.000000,0.000000,0.000000,0.000000,0.000000,0.000000,0,0
140,2.799999,4,gripper_r_palm,yup_snapshot,1,1,1.053609,0.528400,0.301350,-0.369667,0.676097,0.009924,-0.637292,-0.419065,-0.330944,-1.240340,1,0.000000,0.000000,0.000000,0.000000,0.000000,0.000000,0,0,0.000000,0.000000,0.000000,0.000000,0.000000,0.000000,0,0,0.000000,0.000000,0.000000,0.000000,0.000000,0.000000,0,0,0.000000,0.000000,0.000000,0.000000,0.000000,0.000000,0,0
140,2.799999,5,gripper_r_finger1,yup_snapshot,1,1,1.165879,0.498086,0.300470,0.739431,-0.216715,0.443676,0.457633,-0.419051,-0.330936,-1.240339,1,0.000000,0.000000,0.000000,0.000000,0.000000,0.000000,0,0,0.000000,0.000000,0.000000,0.000000,0.000000,0.000000,0,0,0.000000,0.000000,0.000000,0.000000,0.000000,0.000000,0,0,0.000000,0.000000,0.000000,0.000000,0.000000,0.000000,0,0
140,2.799999,6,gripper_r_finger2,yup_snapshot,1,1,1.230178,0.396425,0.314583,-0.457669,0.443553,0.216639,0.739505,-0.419331,-0.331093,-1.240367,1,0.000000,0.000000,0.000000,0.000000,0.000000,0.000000,0,0,0.000000,0.000000,0.000000,0.000000,0.000000,0.000000,0,0,0.000000,0.000000,0.000000,0.000000,0.000000,0.000000,0,0,0.000000,0.000000,0.000000,0.000000,0.000000,0.000000,0,0
141,2.819999,0,base,yup_snapshot,0,0,0.000000,0.000000,0.000000,1.000000,0.000000,0.000000,0.000000,0.000000,0.000000,0.000000,0,0.000000,0.000000,0.000000,0.000000,0.000000,0.000000,0,0,0.000000,0.000000,0.000000,0.000000,0.000000,0.000000,0,0,0.000000,0.000000,0.000000,0.000000,0.000000,0.000000,0,0,0.000000,0.000000,0.000000,0.000000,0.000000,0.000000,0,0
141,2.819999,1,gripper_l_palm,yup_snapshot,1,1,-1.144040,0.808651,0.354427,0.581321,-0.628895,-0.375229,-0.354627,0.009094,-0.092555,0.011573,1,0.000000,0.000000,0.000000,0.000000,0.000000,0.000000,0,0,0.000000,0.000000,0.000000,0.000000,0.000000,0.000000,0,0,0.000000,0.000000,0.000000,0.000000,0.000000,0.000000,0,0,0.000000,0.000000,0.000000,0.000000,0.000000,0.000000,0,0
141,2.819999,2,gripper_l_finger1,yup_snapshot,1,1,-1.391720,0.813407,0.368763,0.855708,-0.033639,-0.516159,0.014571,0.009094,-0.092566,0.011573,1,0.000000,0.000000,0.000000,0.000000,0.000000,0.000000,0,0,0.000000,0.000000,0.000000,0.000000,0.000000,0.000000,0,0,0.000000,0.000000,0.000000,0.000000,0.000000,0.000000,0,0,0.000000,0.000000,0.000000,0.000000,0.000000,0.000000,0,0
141,2.819999,3,gripper_l_finger2,yup_snapshot,1,1,-1.283090,0.798526,0.363317,-0.014565,-0.516020,0.033642,0.855792,0.009093,-0.092538,0.011571,1,0.000000,0.000000,0.000000,0.000000,0.000000,0.000000,0,0,0.000000,0.000000,0.000000,0.000000,0.000000,0.000000,0,0,0.000000,0.000000,0.000000,0.000000,0.000000,0.000000,0,0,0.000000,0.000000,0.000000,0.000000,0.000000,0.000000,0,0
141,2.819999,4,gripper_r_palm,yup_snapshot,1,1,1.049900,0.522198,0.300324,-0.358929,0.675322,0.014489,-0.644127,-0.421404,-0.304978,-1.242300,1,0.000000,0.000000,0.000000,0.000000,0.000000,0.000000,0,0,0.000000,0.000000,0.000000,0.000000,0.000000,0.000000,0,0,0.000000,0.000000,0.000000,0.000000,0.000000,0.000000,0,0,0.000000,0.000000,0.000000,0.000000,0.000000,0.000000,0,0
141,2.819999,5,gripper_r_finger1,yup_snapshot,1,1,1.161462,0.489790,0.300236,0.731290,-0.223761,0.445281,0.465694,-0.421388,-0.304969,-1.242298,1,0.000000,0.000000,0.000000,0.000000,0.000000,0.000000,0,0,0.000000,0.000000,0.000000,0.000000,0.000000,0.000000,0,0,0.000000,0.000000,0.000000,0.000000,0.000000,0.000000,0,0,0.000000,0.000000,0.000000,0.000000,0.000000,0.000000,0,0
141,2.819999,6,gripper_r_finger2,yup_snapshot,1,1,1.223750,0.388779,0.314844,-0.465731,0.445159,0.223684,0.731364,-0.421666,-0.305116,-1.242326,1,0.000000,0.000000,0.000000,0.000000,0.000000,0.000000,0,0,0.000000,0.000000,0.000000,0.000000,0.000000,0.000000,0,0,0.000000,0.000000,0.000000,0.000000,0.000000,0.000000,0,0,0.000000,0.000000,0.000000,0.000000,0.000000,0.000000,0,0
142,2.839999,0,base,yup_snapshot,0,0,0.000000,0.000000,0.000000,1.000000,0.000000,0.000000,0.000000,0.000000,0.000000,0.000000,0,0.000000,0.000000,0.000000,0.000000,0.000000,0.000000,0,0,0.000000,0.000000,0.000000,0.000000,0.000000,0.000000,0,0,0.000000,0.000000,0.000000,0.000000,0.000000,0.000000,0,0,0.000000,0.000000,0.000000,0.000000,0.000000,0.000000,0,0
142,2.839999,1,gripper_l_palm,yup_snapshot,1,1,-1.143980,0.808583,0.354329,0.581694,-0.629203,-0.374581,-0.354155,0.009916,-0.092095,0.011642,1,0.000000,0.000000,0.000000,0.000000,0.000000,0.000000,0,0,0.000000,0.000000,0.000000,0.000000,0.000000,0.000000,0,0,0.000000,0.000000,0.000000,0.000000,0.000000,0.000000,0,0,0.000000,0.000000,0.000000,0.000000,0.000000,0.000000,0,0
142,2.839999,2,gripper_l_finger1,yup_snapshot,1,1,-1.391644,0.813311,0.368435,0.856189,-0.033592,-0.515367,0.014446,0.009917,-0.092107,0.011643,1,0.000000,0.000000,0.000000,0.000000,0.000000,0.000000,0,0,0.000000,0.000000,0.000000,0.000000,0.000000,0.000000,0,0,0.000000,0.000000,0.000000,0.000000,0.000000,0.000000,0,0,0.000000,0.000000,0.000000,0.000000,0.000000,0.000000,0,0
142,2.839999,3,gripper_l_finger2,yup_snapshot,1,1,-1.282845,0.798460,0.363072,-0.014440,-0.515228,0.033595,0.856273,0.009916,-0.092080,0.011641,1,0.000000,0.000000,0.000000,0.000000,0.000000,0.000000,0,0,0.000000,0.000000,0.000000,0.000000,0.000000,0.000000,0,0,0.000000,0.000000,0.000000,0.000000,0.000000,0.000000,0,0,0.000000,0.000000,0.000000,0.000000,0.000000,0.000000,0,0
142,2.839999,4,gripper_r_palm,yup_snapshot,1,1,1.045889,0.515692,0.299166,-0.348091,0.674606,0.019137,-0.650671,-0.423480,-0.278616,-1.243777,1,0.000000,0.000000,0.000000,0.000000,0.000000,0.000000,0,0,0.000000,0.000000,0.000000,0.000000,0.000000,0.000000,0,0,0.000000,0.000000,0.000000,0.000000,0.000000,0.000000,0,0,0.000000,0.000000,0.000000,0.000000,0.000000,0.000000,0,0
142,2.839999,5,gripper_r_finger1,yup_snapshot,1,1,1.156632,0.481208,0.299860,0.723119,-0.230919,0.446621,0.473607,-0.423461,-0.278606,-1.243775,1,0.000000,0.000000,0.000000,0.000000,0.000000,0.000000,0,0,0.000000,0.000000,0.000000,0.000000,0.000000,0.000000,0,0,0.000000,0.000000,0.000000,0.000000,0.000000,0.000000,0,0,0.000000,0.000000,0.000000,0.000000,0.000000,0.000000,0,0
142,2.839999,6,gripper_r_finger2,yup_snapshot,1,1,1.216967,0.380905,0.314946,-0.473646,0.446501,0.230841,0.723194,-0.423737,-0.278744,-1.243803,1,0.000000,0.000000,0.000000,0.000000,0.000000,0.000000,0,0,0.000000,0.000000,0.000000,0.000000,0.000000,0.000000,0,0,0.000000,0.000000,0.000000,0.000000,0.000000,0.000000,0,0,0.000000,0.000000,0.000000,0.000000,0.000000,0.000000,0,0
143,2.859999,0,base,yup_snapshot,0,0,0.000000,0.000000,0.000000,1.000000,0.000000,0.000000,0.000000,0.000000,0.000000,0.000000,0,0.000000,0.000000,0.000000,0.000000,0.000000,0.000000,0,0,0.000000,0.000000,0.000000,0.000000,0.000000,0.000000,0,0,0.000000,0.000000,0.000000,0.000000,0.000000,0.000000,0,0,0.000000,0.000000,0.000000,0.000000,0.000000,0.000000,0,0
143,2.859999,1,gripper_l_palm,yup_snapshot,1,1,-1.143919,0.808517,0.354229,0.582070,-0.629503,-0.373933,-0.353688,0.010615,-0.091616,0.011286,1,0.000000,0.000000,0.000000,0.000000,0.000000,0.000000,0,0,0.000000,0.000000,0.000000,0.000000,0.000000,0.000000,0,0,0.000000,0.000000,0.000000,0.000000,0.000000,0.000000,0,0,0.000000,0.000000,0.000000,0.000000,0.000000,0.000000,0,0
143,2.859999,2,gripper_l_finger1,yup_snapshot,1,1,-1.391568,0.813219,0.368107,0.856667,-0.033539,-0.514578,0.014319,0.010615,-0.091628,0.011287,1,0.000000,0.000000,0.000000,0.000000,0.000000,0.000000,0,0,0.000000,0.000000,0.000000,0.000000,0.000000,0.000000,0,0,0.000000,0.000000,0.000000,0.000000,0.000000,0.000000,0,0,0.000000,0.000000,0.000000,0.000000,0.000000,0.000000,0,0
143,2.859999,3,gripper_l_finger2,yup_snapshot,1,1,-1.282601,0.798399,0.362827,-0.014313,-0.514439,0.033541,0.856751,0.010615,-0.091603,0.011285,1,0.000000,0.000000,0.000000,0.000000,0.000000,0.000000,0,0,0.000000,0.000000,0.000000,0.000000,0.000000,0.000000,0,0,0.000000,0.000000,0.000000,0.000000,0.000000,0.000000,0,0,0.000000,0.000000,0.000000,0.000000,0.000000,0.000000,0,0
143,2.859999,4,gripper_r_palm,yup_snapshot,1,1,1.041568,0.508892,0.297877,-0.337159,0.673952,0.023864,-0.656920,-0.425391,-0.252003,-1.244848,1,0.000000,0.000000,0.000000,0.000000,0.000000,0.000000,0,0,0.000000,0.000000,0.000000,0.000000,0.000000,0.000000,0,0,0.000000,0.000000,0.000000,0.000000,0.000000,0.000000,0,0,0.000000,0.000000,0.000000,0.000000,0.000000,0.000000,0,0
143,2.859999,5,gripper_r_finger1,yup_snapshot,1,1,1.151380,0.472353,0.299342,0.714926,-0.238188,0.447697,0.481367,-0.425371,-0.251994,-1.244846,1,0.000000,0.000000,0.000000,0.000000,0.000000,0.000000,0,0,0.000000,0.000000,0.000000,0.000000,0.000000,0.000000,0,0,0.000000,0.000000,0.000000,0.000000,0.000000,0.000000,0,0,0.000000,0.000000,0.000000,0.000000,0.000000,0.000000,0,0
143,2.859999,6,gripper_r_finger2,yup_snapshot,1,1,1.209822,0.372815,0.314892,-0.481407,0.447578,0.238108,0.715001,-0.425644,-0.252122,-1.244873,1,0.000000,0.000000,0.000000,0.000000,0.000000,0.000000,0,0,0.000000,0.000000,0.000000,0.000000,0.000000,0.000000,0,0,0.000000,0.000000,0.000000,0.000000,0.000000,0.000000,0,0,0.000000,0.000000,0.000000,0.000000,0.000000,0.000000,0,0
144,2.879999,0,base,yup_snapshot,0,0,0.000000,0.000000,0.000000,1.000000,0.000000,0.000000,0.000000,0.000000,0.000000,0.000000,0,0.000000,0.000000,0.000000,0.000000,0.000000,0.000000,0,0,0.000000,0.000000,0.000000,0.000000,0.000000,0.000000,0,0,0.000000,0.000000,0.000000,0.000000,0.000000,0.000000,0,0,0.000000,0.000000,0.000000,0.000000,0.000000,0.000000,0,0
144,2.879999,1,gripper_l_palm,yup_snapshot,1,1,-1.143859,0.808458,0.354130,0.582450,-0.629794,-0.373290,-0.353222,0.011293,-0.091132,0.010593,1,0.000000,0.000000,0.000000,0.000000,0.000000,0.000000,0,0,0.000000,0.000000,0.000000,0.000000,0.000000,0.000000,0,0,0.000000,0.000000,0.000000,0.000000,0.000000,0.000000,0,0,0.000000,0.000000,0.000000,0.000000,0.000000,0.000000,0,0
144,2.879999,2,gripper_l_finger1,yup_snapshot,1,1,-1.391492,0.813135,0.367780,0.857143,-0.033476,-0.513794,0.014193,0.011293,-0.091143,0.010594,1,0.000000,0.000000,0.000000,0.000000,0.000000,0.000000,0,0,0.000000,0.000000,0.000000,0.000000,0.000000,0.000000,0,0,0.000000,0.000000,0.000000,0.000000,0.000000,0.000000,0,0,0.000000,0.000000,0.000000,0.000000,0.000000,0.000000,0,0
144,2.879999,3,gripper_l_finger2,yup_snapshot,1,1,-1.282359,0.798348,0.362582,-0.014187,-0.513655,0.033479,0.857226,0.011293,-0.091119,0.010592,1,0.000000,0.000000,0.000000,0.000000,0.000000,0.000000,0,0,0.000000,0.000000,0.000000,0.000000,0.000000,0.000000,0,0,0.000000,0.000000,0.000000,0.000000,0.000000,0.000000,0,0,0.000000,0.000000,0.000000,0.000000,0.000000,0.000000,0,0
144,2.879999,4,gripper_r_palm,yup_snapshot,1,1,1.036926,0.501809,0.296457,-0.326137,0.673362,0.028664,-0.662870,-0.427172,-0.225287,-1.245410,1,0.000000,0.000000,0.000000,0.000000,0.000000,0.000000,0,0,0.000000,0.000000,0.000000,0.000000,0.000000,0.000000,0,0,0.000000,0.000000,0.000000,0.000000,0.000000,0.000000,0,0,0.000000,0.000000,0.000000,0.000000,0.000000,0.000000,0,0
144,2.879999,5,gripper_r_finger1,yup_snapshot,1,1,1.145699,0.463241,0.298682,0.706716,-0.245566,0.448509,0.488968,-0.427150,-0.225277,-1.245408,1,0.000000,0.000000,0.000000,0.000000,0.000000,0.000000,0,0,0.000000,0.000000,0.000000,0.000000,0.000000,0.000000,0,0,0.000000,0.000000,0.000000,0.000000,0.000000,0.000000,0,0,0.000000,0.000000,0.000000,0.000000,0.000000,0.000000,0,0
144,2.879999,6,gripper_r_finger2,yup_snapshot,1,1,1.202312,0.364523,0.314684,-0.489009,0.448392,0.245484,0.706790,-0.427417,-0.225395,-1.245435,1,0.000000,0.000000,0.000000,0.000000,0.000000,0.000000,0,0,0.000000,0.000000,0.000000,0.000000,0.000000,0.000000,0,0,0.000000,0.000000,0.000000,0.000000,0.000000,0.000000,0,0,0.000000,0.000000,0.000000,0.000000,0.000000,0.000000,0,0
145,2.899999,0,base,yup_snapshot,0,0,0.000000,0.000000,0.000000,1.000000,0.000000,0.000000,0.000000,0.000000,0.000000,0.000000,0,0.000000,0.000000,0.000000,0.000000,0.000000,0.000000,0,0,0.000000,0.000000,0.000000,0.000000,0.000000,0.000000,0,0,0.000000,0.000000,0.000000,0.000000,0.000000,0.000000,0,0,0.000000,0.000000,0.000000,0.000000,0.000000,0.000000,0,0
145,2.899999,1,gripper_l_palm,yup_snapshot,1,1,-1.143800,0.808409,0.354029,0.582833,-0.630079,-0.372652,-0.352757,0.011828,-0.090658,0.009753,1,0.000000,0.000000,0.000000,0.000000,0.000000,0.000000,0,0,0.000000,0.000000,0.000000,0.000000,0.000000,0.000000,0,0,0.000000,0.000000,0.000000,0.000000,0.000000,0.000000,0,0,0.000000,0.000000,0.000000,0.000000,0.000000,0.000000,0,0
145,2.899999,2,gripper_l_finger1,yup_snapshot,1,1,-1.391417,0.813063,0.367454,0.857615,-0.033406,-0.513014,0.014071,0.011828,-0.090668,0.009753,1,0.000000,0.000000,0.000000,0.000000,0.000000,0.000000,0,0,0.000000,0.000000,0.000000,0.000000,0.000000,0.000000,0,0,0.000000,0.000000,0.000000,0.000000,0.000000,0.000000,0,0,0.000000,0.000000,0.000000,0.000000,0.000000,0.000000,0,0
145,2.899999,3,gripper_l_finger2,yup_snapshot,1,1,-1.282118,0.798308,0.362337,-0.014065,-0.512875,0.033409,0.857698,0.011828,-0.090646,0.009752,1,0.000000,0.000000,0.000000,0.000000,0.000000,0.000000,0,0,0.000000,0.000000,0.000000,0.000000,0.000000,0.000000,0,0,0.000000,0.000000,0.000000,0.000000,0.000000,0.000000,0,0,0.000000,0.000000,0.000000,0.000000,0.000000,0.000000,0,0
145,2.899999,4,gripper_r_palm,yup_snapshot,1,1,1.031957,0.494461,0.294909,-0.315032,0.672840,0.033532,-0.668518,-0.428833,-0.198551,-1.245462,1,0.000000,0.000000,0.000000,0.000000,0.000000,0.000000,0,0,0.000000,0.000000,0.000000,0.000000,0.000000,0.000000,0,0,0.000000,0.000000,0.000000,0.000000,0.000000,0.000000,0,0,0.000000,0.000000,0.000000,0.000000,0.000000,0.000000,0,0
145,2.899999,5,gripper_r_finger1,yup_snapshot,1,1,1.139581,0.453892,0.297883,0.698494,-0.253050,0.449061,0.496403,-0.428810,-0.198541,-1.245459,1,0.000000,0.000000,0.000000,0.000000,0.000000,0.000000,0,0,0.000000,0.000000,0.000000,0.000000,0.000000,0.000000,0,0,0.000000,0.000000,0.000000,0.000000,0.000000,0.000000,0,0,0.000000,0.000000,0.000000,0.000000,0.000000,0.000000,0,0
145,2.899999,6,gripper_r_finger2,yup_snapshot,1,1,1.194432,0.356047,0.314327,-0.496445,0.448945,0.252968,0.698568,-0.429071,-0.198649,-1.245486,1,0.000000,0.000000,0.000000,0.000000,0.000000,0.000000,0,0,0.000000,0.000000,0.000000,0.000000,0.000000,0.000000,0,0,0.000000,0.000000,0.000000,0.000000,0.000000,0.000000,0,0,0.000000,0.000000,0.000000,0.000000,0.000000,0.000000,0,0
146,2.919999,0,base,yup_snapshot,0,0,0.000000,0.000000,0.000000,1.000000,0.000000,0.000000,0.000000,0.000000,0.000000,0.000000,0,0.000000,0.000000,0.000000,0.000000,0.000000,0.000000,0,0,0.000000,0.000000,0.000000,0.000000,0.000000,0.000000,0,0,0.000000,0.000000,0.000000,0.000000,0.000000,0.000000,0,0,0.000000,0.000000,0.000000,0.000000,0.000000,0.000000,0,0
146,2.919999,1,gripper_l_palm,yup_snapshot,1,1,-1.143742,0.808370,0.353927,0.583219,-0.630356,-0.372020,-0.352290,0.011861,-0.090237,0.008942,1,0.000000,0.000000,0.000000,0.000000,0.000000,0.000000,0,0,0.000000,0.000000,0.000000,0.000000,0.000000,0.000000,0,0,0.000000,0.000000,0.000000,0.000000,0.000000,0.000000,0,0,0.000000,0.000000,0.000000,0.000000,0.000000,0.000000,0,0
146,2.919999,2,gripper_l_finger1,yup_snapshot,1,1,-1.391341,0.813003,0.367127,0.858084,-0.033330,-0.512237,0.013954,0.011861,-0.090249,0.008943,1,0.000000,0.000000,0.000000,0.000000,0.000000,0.000000,0,0,0.000000,0.000000,0.000000,0.000000,0.000000,0.000000,0,0,0.000000,0.000000,0.000000,0.000000,0.000000,0.000000,0,0,0.000000,0.000000,0.000000,0.000000,0.000000,0.000000,0,0
146,2.919999,3,gripper_l_finger2,yup_snapshot,1,1,-1.281878,0.798280,0.362092,-0.013949,-0.512098,0.033333,0.858167,0.011861,-0.090226,0.008941,1,0.000000,0.000000,0.000000,0.000000,0.000000,0.000000,0,0,0.000000,0.000000,0.000000,0.000000,0.000000,0.000000,0,0,0.000000,0.000000,0.000000,0.000000,0.000000,0.000000,0,0,0.000000,0.000000,0.000000,0.000000,0.000000,0.000000,0,0
146,2.919999,4,gripper_r_palm,yup_snapshot,1,1,1.026655,0.486869,0.293238,0.303849,-0.672387,-0.038461,0.673863,-0.430338,-0.171904,-1.244852,1,0.000000,0.000000,0.000000,0.000000,0.000000,0.000000,0,0,0.000000,0.000000,0.000000,0.000000,0.000000,0.000000,0,0,0.000000,0.000000,0.000000,0.000000,0.000000,0.000000,0,0,0.000000,0.000000,0.000000,0.000000,0.000000,0.000000,0,0
146,2.919999,5,gripper_r_finger1,yup_snapshot,1,1,1.133027,0.444332,0.296950,0.690266,-0.260638,0.449354,0.503668,-0.430313,-0.171895,-1.244849,1,0.000000,0.000000,0.000000,0.000000,0.000000,0.000000,0,0,0.000000,0.000000,0.000000,0.000000,0.000000,0.000000,0,0,0.000000,0.000000,0.000000,0.000000,0.000000,0.000000,0,0,0.000000,0.000000,0.000000,0.000000,0.000000,0.000000,0,0
146,2.919999,6,gripper_r_finger2,yup_snapshot,1,1,1.186184,0.347411,0.313827,0.503711,-0.449240,-0.260555,-0.690340,-0.430570,-0.171993,-1.244875,1,0.000000,0.000000,0.000000,0.000000,0.000000,0.000000,0,0,0.000000,0.000000,0.000000,0.000000,0.000000,0.000000,0,0,0.000000,0.000000,0.000000,0.000000,0.000000,0.000000,0,0,0.000000,0.000000,0.000000,0.000000,0.000000,0.000000,0,0
147,2.939999,0,base,yup_snapshot,0,0,0.000000,0.000000,0.000000,1.000000,0.000000,0.000000,0.000000,0.000000,0.000000,0.000000,0,0.000000,0.000000,0.000000,0.000000,0.000000,0.000000,0,0,0.000000,0.000000,0.000000,0.000000,0.000000,0.000000,0,0,0.000000,0.000000,0.000000,0.000000,0.000000,0.000000,0,0,0.000000,0.000000,0.000000,0.000000,0.000000,0.000000,0,0
147,2.939999,1,gripper_l_palm,yup_snapshot,1,1,-1.143683,0.808338,0.353825,0.583608,-0.630626,-0.371393,-0.351823,0.012455,-0.089748,0.008325,1,0.000000,0.000000,0.000000,0.000000,0.000000,0.000000,0,0,0.000000,0.000000,0.000000,0.000000,0.000000,0.000000,0,0,0.000000,0.000000,0.000000,0.000000,0.000000,0.000000,0,0,0.000000,0.000000,0.000000,0.000000,0.000000,0.000000,0,0
147,2.939999,2,gripper_l_finger1,yup_snapshot,1,1,-1.391265,0.812953,0.366802,0.858550,-0.033245,-0.511464,0.013841,0.012455,-0.089759,0.008326,1,0.000000,0.000000,0.000000,0.000000,0.000000,0.000000,0,0,0.000000,0.000000,0.000000,0.000000,0.000000,0.000000,0,0,0.000000,0.000000,0.000000,0.000000,0.000000,0.000000,0,0,0.000000,0.000000,0.000000,0.000000,0.000000,0.000000,0,0
147,2.939999,3,gripper_l_finger2,yup_snapshot,1,1,-1.281641,0.798262,0.361847,-0.013835,-0.511325,0.033248,0.858632,0.012455,-0.089738,0.008324,1,0.000000,0.000000,0.000000,0.000000,0.000000,0.000000,0,0,0.000000,0.000000,0.000000,0.000000,0.000000,0.000000,0,0,0.000000,0.000000,0.000000,0.000000,0.000000,0.000000,0,0,0.000000,0.000000,0.000000,0.000000,0.000000,0.000000,0,0
147,2.939999,4,gripper_r_palm,yup_snapshot,1,1,1.021019,0.479059,0.291449,0.292597,-0.672004,-0.043443,0.678904,-0.431601,-0.145496,-1.243188,1,0.000000,0.000000,0.000000,0.000000,0.000000,0.000000,0,0,0.000000,0.000000,0.000000,0.000000,0.000000,0.000000,0,0,0.000000,0.000000,0.000000,0.000000,0.000000,0.000000,0,0,0.000000,0.000000,0.000000,0.000000,0.000000,0.000000,0,0
147,2.939999,5,gripper_r_finger1,yup_snapshot,1,1,1.126036,0.434589,0.295890,0.682038,-0.268324,0.449395,0.510754,-0.431575,-0.145487,-1.243185,1,0.000000,0.000000,0.000000,0.000000,0.000000,0.000000,0,0,0.000000,0.000000,0.000000,0.000000,0.000000,0.000000,0,0,0.000000,0.000000,0.000000,0.000000,0.000000,0.000000,0,0,0.000000,0.000000,0.000000,0.000000,0.000000,0.000000,0,0
147,2.939999,6,gripper_r_finger2,yup_snapshot,1,1,1.177571,0.338641,0.313191,0.510799,-0.449282,-0.268240,-0.682113,-0.431825,-0.145576,-1.243210,1,0.000000,0.000000,0.000000,0.000000,0.000000,0.000000,0,0,0.000000,0.000000,0.000000,0.000000,0.000000,0.000000,0,0,0.000000,0.000000,0.000000,0.000000,0.000000,0.000000,0,0,0.000000,0.000000,0.000000,0.000000,0.000000,0.000000,0,0
148,2.959999,0,base,yup_snapshot,0,0,0.000000,0.000000,0.000000,1.000000,0.000000,0.000000,0.000000,0.000000,0.000000,0.000000,0,0.000000,0.000000,0.000000,0.000000,0.000000,0.000000,0,0,0.000000,0.000000,0.000000,0.000000,0.000000,0.000000,0,0,0.000000,0.000000,0.000000,0.000000,0.000000,0.000000,0,0,0.000000,0.000000,0.000000,0.000000,0.000000,0.000000,0,0
148,2.959999,1,gripper_l_palm,yup_snapshot,1,1,-1.143625,0.808312,0.353722,0.584005,-0.630883,-0.370768,-0.351363,0.013699,-0.089191,0.007944,1,0.000000,0.000000,0.000000,0.000000,0.000000,0.000000,0,0,0.000000,0.000000,0.000000,0.000000,0.000000,0.000000,0,0,0.000000,0.000000,0.000000,0.000000,0.000000,0.000000,0,0,0.000000,0.000000,0.000000,0.000000,0.000000,0.000000,0,0
148,2.959999,2,gripper_l_finger1,yup_snapshot,1,1,-1.391190,0.812909,0.366477,0.859012,-0.033147,-0.510697,0.013725,0.013699,-0.089202,0.007945,1,0.000000,0.000000,0.000000,0.000000,0.000000,0.000000,0,0,0.000000,0.000000,0.000000,0.000000,0.000000,0.000000,0,0,0.000000,0.000000,0.000000,0.000000,0.000000,0.000000,0,0,0.000000,0.000000,0.000000,0.000000,0.000000,0.000000,0,0
148,2.959999,3,gripper_l_finger2,yup_snapshot,1,1,-1.281404,0.798253,0.361602,-0.013719,-0.510557,0.033149,0.859095,0.013698,-0.089181,0.007943,1,0.000000,0.000000,0.000000,0.000000,0.000000,0.000000,0,0,0.000000,0.000000,0.000000,0.000000,0.000000,0.000000,0,0,0.000000,0.000000,0.000000,0.000000,0.000000,0.000000,0,0,0.000000,0.000000,0.000000,0.000000,0.000000,0.000000,0,0
148,2.959999,4,gripper_r_palm,yup_snapshot,1,1,1.015050,0.471060,0.289549,0.281287,-0.671690,-0.048468,0.683638,-0.432553,-0.119424,-1.240268,1,0.000000,0.000000,0.000000,0.000000,0.000000,0.000000,0,0,0.000000,0.000000,0.000000,0.000000,0.000000,0.000000,0,0,0.000000,0.000000,0.000000,0.000000,0.000000,0.000000,0,0,0.000000,0.000000,0.000000,0.000000,0.000000,0.000000,0,0
148,2.959999,5,gripper_r_finger1,yup_snapshot,1,1,1.118614,0.424698,0.294710,0.673819,-0.276099,0.449190,0.517654,-0.432526,-0.119415,-1.240265,1,0.000000,0.000000,0.000000,0.000000,0.000000,0.000000,0,0,0.000000,0.000000,0.000000,0.000000,0.000000,0.000000,0,0,0.000000,0.000000,0.000000,0.000000,0.000000,0.000000,0,0,0.000000,0.000000,0.000000,0.000000,0.000000,0.000000,0,0
148,2.959999,6,gripper_r_finger2,yup_snapshot,1,1,1.168601,0.329767,0.312428,0.517700,-0.449079,-0.276014,-0.673893,-0.432768,-0.119495,-1.240289,1,0.000000,0.000000,0.000000,0.000000,0.000000,0.000000,0,0,0.000000,0.000000,0.000000,0.000000,0.000000,0.000000,0,0,0.000000,0.000000,0.000000,0.000000,0.000000,0.000000,0,0,0.000000,0.000000,0.000000,0.000000,0.000000,0.000000,0,0
149,2.979999,0,base,yup_snapshot,0,0,0.000000,0.000000,0.000000,1.000000,0.000000,0.000000,0.000000,0.000000,0.000000,0.000000,0,0.000000,0.000000,0.000000,0.000000,0.000000,0.000000,0,0,0.000000,0.000000,0.000000,0.000000,0.000000,0.000000,0,0,0.000000,0.000000,0.000000,0.000000,0.000000,0.000000,0,0,0.000000,0.000000,0.000000,0.000000,0.000000,0.000000,0,0
149,2.979999,1,gripper_l_palm,yup_snapshot,1,1,-1.143568,0.808289,0.353618,0.584408,-0.631130,-0.370144,-0.350908,0.014869,-0.088626,0.007732,1,0.000000,0.000000,0.000000,0.000000,0.000000,0.000000,0,0,0.000000,0.000000,0.000000,0.000000,0.000000,0.000000,0,0,0.000000,0.000000,0.000000,0.000000,0.000000,0.000000,0,0,0.000000,0.000000,0.000000,0.000000,0.000000,0.000000,0,0
149,2.979999,2,gripper_l_finger1,yup_snapshot,1,1,-1.391114,0.812870,0.366153,0.859471,-0.033036,-0.509934,0.013604,0.014869,-0.088638,0.007733,1,0.000000,0.000000,0.000000,0.000000,0.000000,0.000000,0,0,0.000000,0.000000,0.000000,0.000000,0.000000,0.000000,0,0,0.000000,0.000000,0.000000,0.000000,0.000000,0.000000,0,0,0.000000,0.000000,0.000000,0.000000,0.000000,0.000000,0,0
149,2.979999,3,gripper_l_finger2,yup_snapshot,1,1,-1.281168,0.798250,0.361358,-0.013599,-0.509794,0.033038,0.859554,0.014868,-0.088617,0.007731,1,0.000000,0.000000,0.000000,0.000000,0.000000,0.000000,0,0,0.000000,0.000000,0.000000,0.000000,0.000000,0.000000,0,0,0.000000,0.000000,0.000000,0.000000,0.000000,0.000000,0,0,0.000000,0.000000,0.000000,0.000000,0.000000,0.000000,0,0
149,2.979999,4,gripper_r_palm,yup_snapshot,1,1,1.008753,0.462904,0.287547,0.269933,-0.671444,-0.053523,0.688066,-0.433124,-0.093797,-1.235924,1,0.000000,0.000000,0.000000,0.000000,0.000000,0.000000,0,0,0.000000,0.000000,0.000000,0.000000,0.000000,0.000000,0,0,0.000000,0.000000,0.000000,0.000000,0.000000,0.000000,0,0,0.000000,0.000000,0.000000,0.000000,0.000000,0.000000,0,0
149,2.979999,5,gripper_r_finger1,yup_snapshot,1,1,1.110771,0.414694,0.293419,0.665617,-0.283954,0.448745,0.524359,-0.433096,-0.093788,-1.235921,1,0.000000,0.000000,0.000000,0.000000,0.000000,0.000000,0,0,0.000000,0.000000,0.000000,0.000000,0.000000,0.000000,0,0,0.000000,0.000000,0.000000,0.000000,0.000000,0.000000,0,0,0.000000,0.000000,0.000000,0.000000,0.000000,0.000000,0,0
149,2.979999,6,gripper_r_finger2,yup_snapshot,1,1,1.159285,0.320824,0.311550,0.524406,-0.448635,-0.283868,-0.665690,-0.433331,-0.093859,-1.235944,1,0.000000,0.000000,0.000000,0.000000,0.000000,0.000000,0,0,0.000000,0.000000,0.000000,0.000000,0.000000,0.000000,0,0,0.000000,0.000000,0.000000,0.000000,0.000000,0.000000,0,0,0.000000,0.000000,0.000000,0.000000,0.000000,0.000000,0,0
150,2.999999,0,base,yup_snapshot,0,0,0.000000,0.000000,0.000000,1.000000,0.000000,0.000000,0.000000,0.000000,0.000000,0.000000,0,0.000000,0.000000,0.000000,0.000000,0.000000,0.000000,0,0,0.000000,0.000000,0.000000,0.000000,0.000000,0.000000,0,0,0.000000,0.000000,0.000000,0.000000,0.000000,0.000000,0,0,0.000000,0.000000,0.000000,0.000000,0.000000,0.000000,0,0
150,2.999999,1,gripper_l_palm,yup_snapshot,1,1,-1.143511,0.808268,0.353513,0.584816,-0.631366,-0.369519,-0.350461,0.015958,-0.088037,0.007573,1,0.000000,0.000000,0.000000,0.000000,0.000000,0.000000,0,0,0.000000,0.000000,0.000000,0.000000,0.000000,0.000000,0,0,0.000000,0.000000,0.000000,0.000000,0.000000,0.000000,0,0,0.000000,0.000000,0.000000,0.000000,0.000000,0.000000,0,0
150,2.999999,2,gripper_l_finger1,yup_snapshot,1,1,-1.391038,0.812834,0.365830,0.859927,-0.032914,-0.509176,0.013479,0.015958,-0.088050,0.007574,1,0.000000,0.000000,0.000000,0.000000,0.000000,0.000000,0,0,0.000000,0.000000,0.000000,0.000000,0.000000,0.000000,0,0,0.000000,0.000000,0.000000,0.000000,0.000000,0.000000,0,0,0.000000,0.000000,0.000000,0.000000,0.000000,0.000000,0,0
150,2.999999,3,gripper_l_finger2,yup_snapshot,1,1,-1.280934,0.798251,0.361114,-0.013474,-0.509036,0.032916,0.860010,0.015958,-0.088029,0.007573,1,0.000000,0.000000,0.000000,0.000000,0.000000,0.000000,0,0,0.000000,0.000000,0.000000,0.000000,0.000000,0.000000,0,0,0.000000,0.000000,0.000000,0.000000,0.000000,0.000000,0,0,0.000000,0.000000,0.000000,0.000000,0.000000,0.000000,0,0
150,2.999999,4,gripper_r_palm,yup_snapshot,1,1,1.002136,0.454626,0.285453,0.258550,-0.671264,-0.058598,0.692187,-0.433244,-0.068742,-1.229955,1,0.000000,0.000000,0.000000,0.000000,0.000000,0.000000,0,0,0.000000,0.000000,0.000000,0.000000,0.000000,0.000000,0,0,0.000000,0.000000,0.000000,0.000000,0.000000,0.000000,0,0,0.000000,0.000000,0.000000,0.000000,0.000000,0.000000,0,0
150,2.999999,5,gripper_r_finger1,yup_snapshot,1,1,1.102520,0.404617,0.292029,0.657441,-0.291877,0.448070,0.530861,-0.433215,-0.068734,-1.229952,1,0.000000,0.000000,0.000000,0.000000,0.000000,0.000000,0,0,0.000000,0.000000,0.000000,0.000000,0.000000,0.000000,0,0,0.000000,0.000000,0.000000,0.000000,0.000000,0.000000,0,0,0.000000,0.000000,0.000000,0.000000,0.000000,0.000000,0,0
150,2.999999,6,gripper_r_finger2,yup_snapshot,1,1,1.149639,0.311847,0.310567,0.530909,-0.447962,-0.291790,-0.657514,-0.433442,-0.068797,-1.229974,1,0.000000,0.000000,0.000000,0.000000,0.000000,0.000000,0,0,0.000000,0.000000,0.000000,0.000000,0.000000,0.000000,0,0,0.000000,0.000000,0.000000,0.000000,0.000000,0.000000,0,0,0.000000,0.000000,0.000000,0.000000,0.000000,0.000000,0,0
151,3.019999,0,base,yup_snapshot,0,0,0.000000,0.000000,0.000000,1.000000,0.000000,0.000000,0.000000,0.000000,0.000000,0.000000,0,0.000000,0.000000,0.000000,0.000000,0.000000,0.000000,0,0,0.000000,0.000000,0.000000,0.000000,0.000000,0.000000,0,0,0.000000,0.000000,0.000000,0.000000,0.000000,0.000000,0,0,0.000000,0.000000,0.000000,0.000000,0.000000,0.000000,0,0
151,3.019999,1,gripper_l_palm,yup_snapshot,1,1,-1.143454,0.808250,0.353409,0.585230,-0.631592,-0.368895,-0.350019,0.016954,-0.087421,0.007349,1,0.000000,0.000000,0.000000,0.000000,0.000000,0.000000,0,0,0.000000,0.000000,0.000000,0.000000,0.000000,0.000000,0,0,0.000000,0.000000,0.000000,0.000000,0.000000,0.000000,0,0,0.000000,0.000000,0.000000,0.000000,0.000000,0.000000,0,0
151,3.019999,2,gripper_l_finger1,yup_snapshot,1,1,-1.390963,0.812801,0.365510,0.860380,-0.032782,-0.508423,0.013350,0.016955,-0.087435,0.007350,1,0.000000,0.000000,0.000000,0.000000,0.000000,0.000000,0,0,0.000000,0.000000,0.000000,0.000000,0.000000,0.000000,0,0,0.000000,0.000000,0.000000,0.000000,0.000000,0.000000,0,0,0.000000,0.000000,0.000000,0.000000,0.000000,0.000000,0,0
151,3.019999,3,gripper_l_finger2,yup_snapshot,1,1,-1.280702,0.798258,0.360870,-0.013345,-0.508283,0.032784,0.860462,0.016954,-0.087415,0.007349,1,0.000000,0.000000,0.000000,0.000000,0.000000,0.000000,0,0,0.000000,0.000000,0.000000,0.000000,0.000000,0.000000,0,0,0.000000,0.000000,0.000000,0.000000,0.000000,0.000000,0,0,0.000000,0.000000,0.000000,0.000000,0.000000,0.000000,0,0
151,3.019999,4,gripper_r_palm,yup_snapshot,1,1,0.995212,0.446265,0.283278,0.247156,-0.671149,-0.063679,0.696001,-0.432842,-0.044399,-1.222150,1,0.000000,0.000000,0.000000,0.000000,0.000000,0.000000,0,0,0.000000,0.000000,0.000000,0.000000,0.000000,0.000000,0,0,0.000000,0.000000,0.000000,0.000000,0.000000,0.000000,0,0,0.000000,0.000000,0.000000,0.000000,0.000000,0.000000,0,0
151,3.019999,5,gripper_r_finger1,yup_snapshot,1,1,1.093880,0.394508,0.290552,0.649303,-0.299853,0.447173,0.537150,-0.432812,-0.044392,-1.222147,1,0.000000,0.000000,0.000000,0.000000,0.000000,0.000000,0,0,0.000000,0.000000,0.000000,0.000000,0.000000,0.000000,0,0,0.000000,0.000000,0.000000,0.000000,0.000000,0.000000,0,0,0.000000,0.000000,0.000000,0.000000,0.000000,0.000000,0,0
151,3.019999,6,gripper_r_finger2,yup_snapshot,1,1,1.139683,0.302874,0.309493,0.537199,-0.447067,-0.299765,-0.649376,-0.433032,-0.044447,-1.222168,1,0.000000,0.000000,0.000000,0.000000,0.000000,0.000000,0,0,0.000000,0.000000,0.000000,0.000000,0.000000,0.000000,0,0,0.000000,0.000000,0.000000,0.000000,0.000000,0.000000,0,0,0.000000,0.000000,0.000000,0.000000,0.000000,0.000000,0,0
152,3.039999,0,base,yup_snapshot,0,0,0.000000,0.000000,0.000000,1.000000,0.000000,0.000000,0.000000,0.000000,0.000000,0.000000,0,0.000000,0.000000,0.000000,0.000000,0.000000,0.000000,0,0,0.000000,0.000000,0.000000,0.000000,0.000000,0.000000,0,0,0.000000,0.000000,0.000000,0.000000,0.000000,0.000000,0,0,0.000000,0.000000,0.000000,0.000000,0.000000,0.000000,0,0
152,3.039999,1,gripper_l_palm,yup_snapshot,1,1,-1.143397,0.808235,0.353304,0.585647,-0.631810,-0.368273,-0.349584,0.017820,-0.086787,0.007014,1,0.000000,0.000000,0.000000,0.000000,0.000000,0.000000,0,0,0.000000,0.000000,0.000000,0.000000,0.000000,0.000000,0,0,0.000000,0.000000,0.000000,0.000000,0.000000,0.000000,0,0,0.000000,0.000000,0.000000,0.000000,0.000000,0.000000,0,0
152,3.039999,2,gripper_l_finger1,yup_snapshot,1,1,-1.390887,0.812772,0.365190,0.860829,-0.032640,-0.507675,0.013218,0.017820,-0.086801,0.007015,1,0.000000,0.000000,0.000000,0.000000,0.000000,0.000000,0,0,0.000000,0.000000,0.000000,0.000000,0.000000,0.000000,0,0,0.000000,0.000000,0.000000,0.000000,0.000000,0.000000,0,0,0.000000,0.000000,0.000000,0.000000,0.000000,0.000000,0,0
152,3.039999,3,gripper_l_finger2,yup_snapshot,1,1,-1.280470,0.798270,0.360627,-0.013213,-0.507535,0.032643,0.860911,0.017819,-0.086782,0.007014,1,0.000000,0.000000,0.000000,0.000000,0.000000,0.000000,0,0,0.000000,0.000000,0.000000,0.000000,0.000000,0.000000,0,0,0.000000,0.000000,0.000000,0.000000,0.000000,0.000000,0,0,0.000000,0.000000,0.000000,0.000000,0.000000,0.000000,0,0
152,3.039999,4,gripper_r_palm,yup_snapshot,1,1,0.987998,0.437861,0.281037,0.235770,-0.671096,-0.068753,0.699511,-0.431840,-0.020809,-1.212430,1,0.000000,0.000000,0.000000,0.000000,0.000000,0.000000,0,0,0.000000,0.000000,0.000000,0.000000,0.000000,0.000000,0,0,0.000000,0.000000,0.000000,0.000000,0.000000,0.000000,0,0,0.000000,0.000000,0.000000,0.000000,0.000000,0.000000,0,0
152,3.039999,5,gripper_r_finger1,yup_snapshot,1,1,1.084875,0.384413,0.289002,0.641214,-0.307867,0.446067,0.543219,-0.431810,-0.020802,-1.212427,1,0.000000,0.000000,0.000000,0.000000,0.000000,0.000000,0,0,0.000000,0.000000,0.000000,0.000000,0.000000,0.000000,0,0,0.000000,0.000000,0.000000,0.000000,0.000000,0.000000,0,0,0.000000,0.000000,0.000000,0.000000,0.000000,0.000000,0,0
152,3.039999,6,gripper_r_finger2,yup_snapshot,1,1,1.129442,0.293945,0.308341,0.543269,-0.445962,-0.307779,-0.641286,-0.432021,-0.020850,-1.212447,1,0.000000,0.000000,0.000000,0.000000,0.000000,0.000000,0,0,0.000000,0.000000,0.000000,0.000000,0.000000,0.000000,0,0,0.000000,0.000000,0.000000,0.000000,0.000000,0.000000,0,0,0.000000,0.000000,0.000000,0.000000,0.000000,0.000000,0,0
153,3.059999,0,base,yup_snapshot,0,0,0.000000,0.000000,0.000000,1.000000,0.000000,0.000000,0.000000,0.000000,0.000000,0.000000,0,0.000000,0.000000,0.000000,0.000000,0.000000,0.000000,0,0,0.000000,0.000000,0.000000,0.000000,0.000000,0.000000,0,0,0.000000,0.000000,0.000000,0.000000,0.000000,0.000000,0,0,0.000000,0.000000,0.000000,0.000000,0.000000,0.000000,0,0
153,3.059999,1,gripper_l_palm,yup_snapshot,1,1,-1.143341,0.808224,0.353199,0.586068,-0.632018,-0.367654,-0.349153,0.018544,-0.086139,0.006611,1,0.000000,0.000000,0.000000,0.000000,0.000000,0.000000,0,0,0.000000,0.000000,0.000000,0.000000,0.000000,0.000000,0,0,0.000000,0.000000,0.000000,0.000000,0.000000,0.000000,0,0,0.000000,0.000000,0.000000,0.000000,0.000000,0.000000,0,0
153,3.059999,2,gripper_l_finger1,yup_snapshot,1,1,-1.390812,0.812750,0.364871,0.861274,-0.032490,-0.506932,0.013086,0.018544,-0.086154,0.006612,1,0.000000,0.000000,0.000000,0.000000,0.000000,0.000000,0,0,0.000000,0.000000,0.000000,0.000000,0.000000,0.000000,0,0,0.000000,0.000000,0.000000,0.000000,0.000000,0.000000,0,0,0.000000,0.000000,0.000000,0.000000,0.000000,0.000000,0,0
153,3.059999,3,gripper_l_finger2,yup_snapshot,1,1,-1.280241,0.798290,0.360384,-0.013080,-0.506793,0.032493,0.861356,0.018544,-0.086136,0.006610,1,0.000000,0.000000,0.000000,0.000000,0.000000,0.000000,0,0,0.000000,0.000000,0.000000,0.000000,0.000000,0.000000,0,0,0.000000,0.000000,0.000000,0.000000,0.000000,0.000000,0,0,0.000000,0.000000,0.000000,0.000000,0.000000,0.000000,0,0
153,3.059999,4,gripper_r_palm,yup_snapshot,1,1,0.980516,0.429455,0.278744,0.224412,-0.671102,-0.073805,0.702719,-0.430229,0.001940,-1.200685,1,0.000000,0.000000,0.000000,0.000000,0.000000,0.000000,0,0,0.000000,0.000000,0.000000,0.000000,0.000000,0.000000,0,0,0.000000,0.000000,0.000000,0.000000,0.000000,0.000000,0,0,0.000000,0.000000,0.000000,0.000000,0.000000,0.000000,0,0
153,3.059999,5,gripper_r_finger1,yup_snapshot,1,1,1.075534,0.374377,0.287396,0.633187,-0.315903,0.444762,0.549059,-0.430197,0.001947,-1.200682,1,0.000000,0.000000,0.000000,0.000000,0.000000,0.000000,0,0,0.000000,0.000000,0.000000,0.000000,0.000000,0.000000,0,0,0.000000,0.000000,0.000000,0.000000,0.000000,0.000000,0,0,0.000000,0.000000,0.000000,0.000000,0.000000,0.000000,0,0
153,3.059999,6,gripper_r_finger2,yup_snapshot,1,1,1.118948,0.285102,0.307128,0.549111,-0.444659,-0.315814,-0.633259,-0.430402,0.001905,-1.200701,1,0.000000,0.000000,0.000000,0.000000,0.000000,0.000000,0,0,0.000000,0.000000,0.000000,0.000000,0.000000,0.000000,0,0,0.000000,0.000000,0.000000,0.000000,0.000000,0.000000,0,0,0.000000,0.000000,0.000000,0.000000,0.000000,0.000000,0,0
154,3.079999,0,base,yup_snapshot,0,0,0.000000,0.000000,0.000000,1.000000,0.000000,0.000000,0.000000,0.000000,0.000000,0.000000,0,0.000000,0.000000,0.000000,0.000000,0.000000,0.000000,0,0,0.000000,0.000000,0.000000,0.000000,0.000000,0.000000,0,0,0.000000,0.000000,0.000000,0.000000,0.000000,0.000000,0,0,0.000000,0.000000,0.000000,0.000000,0.000000,0.000000,0,0
154,3.079999,1,gripper_l_palm,yup_snapshot,1,1,-1.143285,0.808219,0.353093,0.586492,-0.632218,-0.367039,-0.348725,0.019173,-0.085474,0.006208,1,0.000000,0.000000,0.000000,0.000000,0.000000,0.000000,0,0,0.000000,0.000000,0.000000,0.000000,0.000000,0.000000,0,0,0.000000,0.000000,0.000000,0.000000,0.000000,0.000000,0,0,0.000000,0.000000,0.000000,0.000000,0.000000,0.000000,0,0
154,3.079999,2,gripper_l_finger1,yup_snapshot,1,1,-1.390737,0.812733,0.364554,0.861715,-0.032332,-0.506195,0.012953,0.019173,-0.085489,0.006209,1,0.000000,0.000000,0.000000,0.000000,0.000000,0.000000,0,0,0.000000,0.000000,0.000000,0.000000,0.000000,0.000000,0,0,0.000000,0.000000,0.000000,0.000000,0.000000,0.000000,0,0,0.000000,0.000000,0.000000,0.000000,0.000000,0.000000,0,0
154,3.079999,3,gripper_l_finger2,yup_snapshot,1,1,-1.280013,0.798316,0.360142,-0.012947,-0.506056,0.032335,0.861797,0.019173,-0.085472,0.006208,1,0.000000,0.000000,0.000000,0.000000,0.000000,0.000000,0,0,0.000000,0.000000,0.000000,0.000000,0.000000,0.000000,0,0,0.000000,0.000000,0.000000,0.000000,0.000000,0.000000,0,0,0.000000,0.000000,0.000000,0.000000,0.000000,0.000000,0,0
154,3.079999,4,gripper_r_palm,yup_snapshot,1,1,0.972794,0.421090,0.276417,0.213104,-0.671164,-0.078821,0.705630,-0.428064,0.023612,-1.186615,1,0.000000,0.000000,0.000000,0.000000,0.000000,0.000000,0,0,0.000000,0.000000,0.000000,0.000000,0.000000,0.000000,0,0,0.000000,0.000000,0.000000,0.000000,0.000000,0.000000,0,0,0.000000,0.000000,0.000000,0.000000,0.000000,0.000000,0,0
154,3.079999,5,gripper_r_finger1,yup_snapshot,1,1,1.065893,0.364446,0.285751,0.625235,-0.323943,0.443273,0.554664,-0.428032,0.023618,-1.186612,1,0.000000,0.000000,0.000000,0.000000,0.000000,0.000000,0,0,0.000000,0.000000,0.000000,0.000000,0.000000,0.000000,0,0,0.000000,0.000000,0.000000,0.000000,0.000000,0.000000,0,0,0.000000,0.000000,0.000000,0.000000,0.000000,0.000000,0,0
154,3.079999,6,gripper_r_finger2,yup_snapshot,1,1,1.108235,0.276386,0.305872,0.554716,-0.443171,-0.323853,-0.625307,-0.428229,0.023583,-1.186630,1,0.000000,0.000000,0.000000,0.000000,0.000000,0.000000,0,0,0.000000,0.000000,0.000000,0.000000,0.000000,0.000000,0,0,0.000000,0.000000,0.000000,0.000000,0.000000,0.000000,0,0,0.000000,0.000000,0.000000,0.000000,0.000000,0.000000,0,0
155,3.099999,0,base,yup_snapshot,0,0,0.000000,0.000000,0.000000,1.000000,0.000000,0.000000,0.000000,0.000000,0.000000,0.000000,0,0.000000,0.000000,0.000000,0.000000,0.000000,0.000000,0,0,0.000000,0.000000,0.000000,0.000000,0.000000,0.000000,0,0,0.000000,0.000000,0.000000,0.000000,0.000000,0.000000,0,0,0.000000,0.000000,0.000000,0.000000,0.000000,0.000000,0,0
155,3.099999,1,gripper_l_palm,yup_snapshot,1,1,-1.143230,0.808217,0.352987,0.586918,-0.632411,-0.366428,-0.348302,0.019728,-0.084788,0.005863,1,0.000000,0.000000,0.000000,0.000000,0.000000,0.000000,0,0,0.000000,0.000000,0.000000,0.000000,0.000000,0.000000,0,0,0.000000,0.000000,0.000000,0.000000,0.000000,0.000000,0,0,0.000000,0.000000,0.000000,0.000000,0.000000,0.000000,0,0
155,3.099999,2,gripper_l_finger1,yup_snapshot,1,1,-1.390662,0.812721,0.364239,0.862153,-0.032167,-0.505464,0.012819,0.019728,-0.084803,0.005864,1,0.000000,0.000000,0.000000,0.000000,0.000000,0.000000,0,0,0.000000,0.000000,0.000000,0.000000,0.000000,0.000000,0,0,0.000000,0.000000,0.000000,0.000000,0.000000,0.000000,0,0,0.000000,0.000000,0.000000,0.000000,0.000000,0.000000,0,0
155,3.099999,3,gripper_l_finger2,yup_snapshot,1,1,-1.279787,0.798348,0.359902,-0.012814,-0.505324,0.032169,0.862234,0.019728,-0.084787,0.005863,1,0.000000,0.000000,0.000000,0.000000,0.000000,0.000000,0,0,0.000000,0.000000,0.000000,0.000000,0.000000,0.000000,0,0,0.000000,0.000000,0.000000,0.000000,0.000000,0.000000,0,0,0.000000,0.000000,0.000000,0.000000,0.000000,0.000000,0,0
155,3.099999,4,gripper_r_palm,yup_snapshot,1,1,0.964863,0.412811,0.274073,0.201871,-0.671277,-0.083782,0.708248,-0.425366,0.043980,-1.169928,1,0.000000,0.000000,0.000000,0.000000,0.000000,0.000000,0,0,0.000000,0.000000,0.000000,0.000000,0.000000,0.000000,0,0,0.000000,0.000000,0.000000,0.000000,0.000000,0.000000,0,0,0.000000,0.000000,0.000000,0.000000,0.000000,0.000000,0,0
155,3.099999,5,gripper_r_finger1,yup_snapshot,1,1,1.055993,0.354665,0.284085,0.617372,-0.331967,0.441615,0.560023,-0.425333,0.043986,-1.169925,1,0.000000,0.000000,0.000000,0.000000,0.000000,0.000000,0,0,0.000000,0.000000,0.000000,0.000000,0.000000,0.000000,0,0,0.000000,0.000000,0.000000,0.000000,0.000000,0.000000,0,0,0.000000,0.000000,0.000000,0.000000,0.000000,0.000000,0,0
155,3.099999,6,gripper_r_finger2,yup_snapshot,1,1,1.097346,0.267839,0.304592,0.560076,-0.441515,-0.331876,-0.617444,-0.425523,0.043956,-1.169942,1,0.000000,0.000000,0.000000,0.000000,0.000000,0.000000,0,0,0.000000,0.000000,0.000000,0.000000,0.000000,0.000000,0,0,0.000000,0.000000,0.000000,0.000000,0.000000,0.000000,0,0,0.000000,0.000000,0.000000,0.000000,0.000000,0.000000,0,0
156,3.119999,0,base,yup_snapshot,0,0,0.000000,0.000000,0.000000,1.000000,0.000000,0.000000,0.000000,0.000000,0.000000,0.000000,0,0.000000,0.000000,0.000000,0.000000,0.000000,0.000000,0,0,0.000000,0.000000,0.000000,0.000000,0.000000,0.000000,0,0,0.000000,0.000000,0.000000,0.000000,0.000000,0.000000,0,0,0.000000,0.000000,0.000000,0.000000,0.000000,0.000000,0,0
156,3.119999,1,gripper_l_palm,yup_snapshot,1,1,-1.143175,0.808219,0.352881,0.587345,-0.632596,-0.365820,-0.347884,0.020218,-0.084078,0.005597,1,0.000000,0.000000,0.000000,0.000000,0.000000,0.000000,0,0,0.000000,0.000000,0.000000,0.000000,0.000000,0.000000,0,0,0.000000,0.000000,0.000000,0.000000,0.000000,0.000000,0,0,0.000000,0.000000,0.000000,0.000000,0.000000,0.000000,0,0
156,3.119999,2,gripper_l_finger1,yup_snapshot,1,1,-1.390587,0.812714,0.363925,0.862586,-0.031996,-0.504739,0.012686,0.020219,-0.084095,0.005598,1,0.000000,0.000000,0.000000,0.000000,0.000000,0.000000,0,0,0.000000,0.000000,0.000000,0.000000,0.000000,0.000000,0,0,0.000000,0.000000,0.000000,0.000000,0.000000,0.000000,0,0,0.000000,0.000000,0.000000,0.000000,0.000000,0.000000,0,0
156,3.119999,3,gripper_l_finger2,yup_snapshot,1,1,-1.279562,0.798384,0.359662,-0.012681,-0.504599,0.031998,0.862667,0.020218,-0.084078,0.005597,1,0.000000,0.000000,0.000000,0.000000,0.000000,0.000000,0,0,0.000000,0.000000,0.000000,0.000000,0.000000,0.000000,0,0,0.000000,0.000000,0.000000,0.000000,0.000000,0.000000,0,0,0.000000,0.000000,0.000000,0.000000,0.000000,0.000000,0,0
156,3.119999,4,gripper_r_palm,yup_snapshot,1,1,0.956760,0.404658,0.271731,0.190753,-0.671439,-0.088680,0.710576,-0.409366,0.066956,-1.148301,1,0.000000,0.000000,0.000000,0.000000,0.000000,0.000000,0,0,0.000000,0.000000,0.000000,0.000000,0.000000,0.000000,0,0,0.000000,0.000000,0.000000,0.000000,0.000000,0.000000,0,0,0.000000,0.000000,0.000000,0.000000,0.000000,0.000000,0,0
156,3.119999,5,gripper_r_finger1,yup_snapshot,1,1,1.045880,0.345083,0.282415,0.609626,-0.339943,0.439797,0.565132,-0.408514,0.067069,-1.148230,1,0.000000,0.000000,0.000000,0.000000,0.000000,0.000000,0,0,0.000000,0.000000,0.000000,0.000000,0.000000,0.000000,0,0,0.000000,0.000000,0.000000,0.000000,0.000000,0.000000,0,0,0.000000,0.000000,0.000000,0.000000,0.000000,0.000000,0,0
156,3.119999,6,gripper_r_finger2,yup_snapshot,1,1,1.086328,0.259499,0.303302,0.565186,-0.439699,-0.339852,-0.609696,-0.409205,0.066978,-1.148288,1,0.000000,0.000000,0.000000,0.000000,0.000000,0.000000,0,0,0.000000,0.000000,0.000000,0.000000,0.000000,0.000000,0,0,0.000000,0.000000,0.000000,0.000000,0.000000,0.000000,0,0,0.000000,0.000000,0.000000,0.000000,0.000000,0.000000,0,0
157,3.139999,0,base,yup_snapshot,0,0,0.000000,0.000000,0.000000,1.000000,0.000000,0.000000,0.000000,0.000000,0.000000,0.000000,0,0.000000,0.000000,0.000000,0.000000,0.000000,0.000000,0,0,0.000000,0.000000,0.000000,0.000000,0.000000,0.000000,0,0,0.000000,0.000000,0.000000,0.000000,0.000000,0.000000,0,0,0.000000,0.000000,0.000000,0.000000,0.000000,0.000000,0,0
157,3.139999,1,gripper_l_palm,yup_snapshot,1,1,-1.143122,0.808225,0.352776,0.587776,-0.632773,-0.365222,-0.347464,0.020513,-0.083531,0.004309,1,0.000000,0.000000,0.000000,0.000000,0.000000,0.000000,0,0,0.000000,0.000000,0.000000,0.000000,0.000000,0.000000,0,0,0.000000,0.000000,0.000000,0.000000,0.000000,0.000000,0,0,0.000000,0.000000,0.000000,0.000000,0.000000,0.000000,0,0
157,3.139999,2,gripper_l_finger1,yup_snapshot,1,1,-1.390513,0.812714,0.363614,0.863015,-0.031817,-0.504018,0.012560,0.020514,-0.083555,0.004311,1,0.000000,0.000000,0.000000,0.000000,0.000000,0.000000,0,0,0.000000,0.000000,0.000000,0.000000,0.000000,0.000000,0,0,0.000000,0.000000,0.000000,0.000000,0.000000,0.000000,0,0,0.000000,0.000000,0.000000,0.000000,0.000000,0.000000,0,0
157,3.139999,3,gripper_l_finger2,yup_snapshot,1,1,-1.279340,0.798428,0.359424,-0.012554,-0.503878,0.031819,0.863097,0.020513,-0.083530,0.004309,1,0.000000,0.000000,0.000000,0.000000,0.000000,0.000000,0,0,0.000000,0.000000,0.000000,0.000000,0.000000,0.000000,0,0,0.000000,0.000000,0.000000,0.000000,0.000000,0.000000,0,0,0.000000,0.000000,0.000000,0.000000,0.000000,0.000000,0,0
157,3.139999,4,gripper_r_palm,yup_snapshot,1,1,0.948519,0.396675,0.269403,0.180228,-0.671620,-0.093901,0.712480,-0.317462,0.095789,-1.117134,1,0.000000,0.000000,0.000000,0.000000,0.000000,0.000000,0,0,0.000000,0.000000,0.000000,0.000000,0.000000,0.000000,0,0,0.000000,0.000000,0.000000,0.000000,0.000000,0.000000,0,0,0.000000,0.000000,0.000000,0.000000,0.000000,0.000000,0,0
157,3.139999,5,gripper_r_finger1,yup_snapshot,1,1,1.035593,0.335859,0.280644,0.602315,-0.347507,0.437445,0.570172,-0.317164,0.095821,-1.117110,1,0.000000,0.000000,0.000000,0.000000,0.000000,0.000000,0,0,0.000000,0.000000,0.000000,0.000000,0.000000,0.000000,0,0,0.000000,0.000000,0.000000,0.000000,0.000000,0.000000,0,0,0.000000,0.000000,0.000000,0.000000,0.000000,0.000000,0,0
157,3.139999,6,gripper_r_finger2,yup_snapshot,1,1,1.075243,0.251405,0.301859,0.570227,-0.437351,-0.347418,-0.602384,-0.316880,0.095852,-1.117087,1,0.000000,0.000000,0.000000,0.000000,0.000000,0.000000,0,0,0.000000,0.000000,0.000000,0.000000,0.000000,0.000000,0,0,0.000000,0.000000,0.000000,0.000000,0.000000,0.000000,0,0,0.000000,0.000000,0.000000,0.000000,0.000000,0.000000,0,0
158,3.159999,0,base,yup_snapshot,0,0,0.000000,0.000000,0.000000,1.000000,0.000000,0.000000,0.000000,0.000000,0.000000,0.000000,0,0.000000,0.000000,0.000000,0.000000,0.000000,0.000000,0,0,0.000000,0.000000,0.000000,0.000000,0.000000,0.000000,0,0,0.000000,0.000000,0.000000,0.000000,0.000000,0.000000,0,0,0.000000,0.000000,0.000000,0.000000,0.000000,0.000000,0,0
158,3.159999,1,gripper_l_palm,yup_snapshot,1,1,-1.143069,0.808235,0.352670,0.588211,-0.632940,-0.364633,-0.347040,0.020981,-0.082968,0.003015,1,0.000000,0.000000,0.000000,0.000000,0.000000,0.000000,0,0,0.000000,0.000000,0.000000,0.000000,0.000000,0.000000,0,0,0.000000,0.000000,0.000000,0.000000,0.000000,0.000000,0,0,0.000000,0.000000,0.000000,0.000000,0.000000,0.000000,0,0
158,3.159999,2,gripper_l_finger1,yup_snapshot,1,1,-1.390440,0.812721,0.363303,0.863442,-0.031627,-0.503302,0.012442,0.020982,-0.082992,0.003016,1,0.000000,0.000000,0.000000,0.000000,0.000000,0.000000,0,0,0.000000,0.000000,0.000000,0.000000,0.000000,0.000000,0,0,0.000000,0.000000,0.000000,0.000000,0.000000,0.000000,0,0,0.000000,0.000000,0.000000,0.000000,0.000000,0.000000,0,0
158,3.159999,3,gripper_l_finger2,yup_snapshot,1,1,-1.279120,0.798478,0.359187,-0.012437,-0.503163,0.031629,0.863523,0.020981,-0.082967,0.003014,1,0.000000,0.000000,0.000000,0.000000,0.000000,0.000000,0,0,0.000000,0.000000,0.000000,0.000000,0.000000,0.000000,0,0,0.000000,0.000000,0.000000,0.000000,0.000000,0.000000,0,0,0.000000,0.000000,0.000000,0.000000,0.000000,0.000000,0,0
158,3.159999,4,gripper_r_palm,yup_snapshot,1,1,0.940171,0.388893,0.267067,0.170452,-0.671783,-0.099512,0.713969,-0.241794,0.117839,-1.081229,1,0.000000,0.000000,0.000000,0.000000,0.000000,0.000000,0,0,0.000000,0.000000,0.000000,0.000000,0.000000,0.000000,0,0,0.000000,0.000000,0.000000,0.000000,0.000000,0.000000,0,0,0.000000,0.000000,0.000000,0.000000,0.000000,0.000000,0,0
158,3.159999,5,gripper_r_finger1,yup_snapshot,1,1,1.025184,0.327048,0.278723,0.595518,-0.354536,0.434530,0.575192,-0.241948,0.117826,-1.081241,1,0.000000,0.000000,0.000000,0.000000,0.000000,0.000000,0,0,0.000000,0.000000,0.000000,0.000000,0.000000,0.000000,0,0,0.000000,0.000000,0.000000,0.000000,0.000000,0.000000,0,0,0.000000,0.000000,0.000000,0.000000,0.000000,0.000000,0,0
158,3.159999,6,gripper_r_finger2,yup_snapshot,1,1,1.064140,0.243576,0.300204,0.575250,-0.434432,-0.354443,-0.595589,-0.241278,0.117884,-1.081188,1,0.000000,0.000000,0.000000,0.000000,0.000000,0.000000,0,0,0.000000,0.000000,0.000000,0.000000,0.000000,0.000000,0,0,0.000000,0.000000,0.000000,0.000000,0.000000,0.000000,0,0,0.000000,0.000000,0.000000,0.000000,0.000000,0.000000,0,0
159,3.179999,0,base,yup_snapshot,0,0,0.000000,0.000000,0.000000,1.000000,0.000000,0.000000,0.000000,0.000000,0.000000,0.000000,0,0.000000,0.000000,0.000000,0.000000,0.000000,0.000000,0,0,0.000000,0.000000,0.000000,0.000000,0.000000,0.000000,0,0,0.000000,0.000000,0.000000,0.000000,0.000000,0.000000,0,0,0.000000,0.000000,0.000000,0.000000,0.000000,0.000000,0,0
159,3.179999,1,gripper_l_palm,yup_snapshot,1,1,-1.143018,0.808242,0.352565,0.588653,-0.633097,-0.364048,-0.346621,0.021840,-0.082277,0.002872,1,0.000000,0.000000,0.000000,0.000000,0.000000,0.000000,0,0,0.000000,0.000000,0.000000,0.000000,0.000000,0.000000,0,0,0.000000,0.000000,0.000000,0.000000,0.000000,0.000000,0,0,0.000000,0.000000,0.000000,0.000000,0.000000,0.000000,0,0
159,3.179999,2,gripper_l_finger1,yup_snapshot,1,1,-1.390368,0.812728,0.362996,0.863865,-0.031426,-0.502592,0.012326,0.021841,-0.082297,0.002874,1,0.000000,0.000000,0.000000,0.000000,0.000000,0.000000,0,0,0.000000,0.000000,0.000000,0.000000,0.000000,0.000000,0,0,0.000000,0.000000,0.000000,0.000000,0.000000,0.000000,0,0,0.000000,0.000000,0.000000,0.000000,0.000000,0.000000,0,0
159,3.179999,3,gripper_l_finger2,yup_snapshot,1,1,-1.278903,0.798529,0.358951,-0.012320,-0.502452,0.031428,0.863946,0.021840,-0.082277,0.002872,1,0.000000,0.000000,0.000000,0.000000,0.000000,0.000000,0,0,0.000000,0.000000,0.000000,0.000000,0.000000,0.000000,0,0,0.000000,0.000000,0.000000,0.000000,0.000000,0.000000,0,0,0.000000,0.000000,0.000000,0.000000,0.000000,0.000000,0,0
159,3.179999,4,gripper_r_palm,yup_snapshot,1,1,0.931733,0.381309,0.264717,0.161368,-0.671920,-0.105363,0.715110,-0.179605,0.132545,-1.040614,1,0.000000,0.000000,0.000000,0.000000,0.000000,0.000000,0,0,0.000000,0.000000,0.000000,0.000000,0.000000,0.000000,0,0,0.000000,0.000000,0.000000,0.000000,0.000000,0.000000,0,0,0.000000,0.000000,0.000000,0.000000,0.000000,0.000000,0,0
159,3.179999,5,gripper_r_finger1,yup_snapshot,1,1,1.014700,0.318620,0.276673,0.589192,-0.361058,0.431200,0.580135,-0.179798,0.132532,-1.040628,1,0.000000,0.000000,0.000000,0.000000,0.000000,0.000000,0,0,0.000000,0.000000,0.000000,0.000000,0.000000,0.000000,0,0,0.000000,0.000000,0.000000,0.000000,0.000000,0.000000,0,0,0.000000,0.000000,0.000000,0.000000,0.000000,0.000000,0,0
159,3.179999,6,gripper_r_finger2,yup_snapshot,1,1,1.053047,0.236003,0.298371,0.580197,-0.431099,-0.360959,-0.589265,-0.179180,0.132573,-1.040582,1,0.000000,0.000000,0.000000,0.000000,0.000000,0.000000,0,0,0.000000,0.000000,0.000000,0.000000,0.000000,0.000000,0,0,0.000000,0.000000,0.000000,0.000000,0.000000,0.000000,0,0,0.000000,0.000000,0.000000,0.000000,0.000000,0.000000,0,0
160,3.199999,0,base,yup_snapshot,0,0,0.000000,0.000000,0.000000,1.000000,0.000000,0.000000,0.000000,0.000000,0.000000,0.000000,0,0.000000,0.000000,0.000000,0.000000,0.000000,0.000000,0,0,0.000000,0.000000,0.000000,0.000000,0.000000,0.000000,0,0,0.000000,0.000000,0.000000,0.000000,0.000000,0.000000,0,0,0.000000,0.000000,0.000000,0.000000,0.000000,0.000000,0,0
160,3.199999,1,gripper_l_palm,yup_snapshot,1,1,-1.142967,0.808231,0.352464,0.589096,-0.633245,-0.363459,-0.346213,0.022851,-0.081440,0.004164,1,0.000000,0.000000,0.000000,0.000000,0.000000,0.000000,0,0,0.000000,0.000000,0.000000,0.000000,0.000000,0.000000,0,0,0.000000,0.000000,0.000000,0.000000,0.000000,0.000000,0,0,0.000000,0.000000,0.000000,0.000000,0.000000,0.000000,0,0
160,3.199999,2,gripper_l_finger1,yup_snapshot,1,1,-1.390296,0.812715,0.362694,0.864283,-0.031217,-0.501888,0.012198,0.022852,-0.081459,0.004165,1,0.000000,0.000000,0.000000,0.000000,0.000000,0.000000,0,0,0.000000,0.000000,0.000000,0.000000,0.000000,0.000000,0,0,0.000000,0.000000,0.000000,0.000000,0.000000,0.000000,0,0,0.000000,0.000000,0.000000,0.000000,0.000000,0.000000,0,0
160,3.199999,3,gripper_l_finger2,yup_snapshot,1,1,-1.278687,0.798563,0.358720,-0.012192,-0.501748,0.031219,0.864364,0.022851,-0.081441,0.004164,1,0.000000,0.000000,0.000000,0.000000,0.000000,0.000000,0,0,0.000000,0.000000,0.000000,0.000000,0.000000,0.000000,0,0,0.000000,0.000000,0.000000,0.000000,0.000000,0.000000,0,0,0.000000,0.000000,0.000000,0.000000,0.000000,0.000000,0,0
160,3.199999,4,gripper_r_palm,yup_snapshot,1,1,0.923212,0.373915,0.262343,0.152928,-0.672026,-0.111337,0.715960,-0.128593,0.141930,-0.998098,1,0.000000,0.000000,0.000000,0.000000,0.000000,0.000000,0,0,0.000000,0.000000,0.000000,0.000000,0.000000,0.000000,0,0,0.000000,0.000000,0.000000,0.000000,0.000000,0.000000,0,0,0.000000,0.000000,0.000000,0.000000,0.000000,0.000000,0,0
160,3.199999,5,gripper_r_finger1,yup_snapshot,1,1,1.004168,0.310542,0.274506,0.583297,-0.367103,0.427578,0.584959,-0.128742,0.141924,-0.998109,1,0.000000,0.000000,0.000000,0.000000,0.000000,0.000000,0,0,0.000000,0.000000,0.000000,0.000000,0.000000,0.000000,0,0,0.000000,0.000000,0.000000,0.000000,0.000000,0.000000,0,0,0.000000,0.000000,0.000000,0.000000,0.000000,0.000000,0,0
160,3.199999,6,gripper_r_finger2,yup_snapshot,1,1,1.041979,0.228671,0.296383,0.585024,-0.427475,-0.366999,-0.583373,-0.128246,0.141947,-0.998073,1,0.000000,0.000000,0.000000,0.000000,0.000000,0.000000,0,0,0.000000,0.000000,0.000000,0.000000,0.000000,0.000000,0,0,0.000000,0.000000,0.000000,0.000000,0.000000,0.000000,0,0,0.000000,0.000000,0.000000,0.000000,0.000000,0.000000,0,0
161,3.219999,0,base,yup_snapshot,0,0,0.000000,0.000000,0.000000,1.000000,0.000000,0.000000,0.000000,0.000000,0.000000,0.000000,0,0.000000,0.000000,0.000000,0.000000,0.000000,0.000000,0,0,0.000000,0.000000,0.000000,0.000000,0.000000,0.000000,0,0,0.000000,0.000000,0.000000,0.000000,0.000000,0.000000,0,0,0.000000,0.000000,0.000000,0.000000,0.000000,0.000000,0,0
161,3.219999,1,gripper_l_palm,yup_snapshot,1,1,-1.142915,0.808190,0.352367,0.589536,-0.633391,-0.362861,-0.345825,0.023652,-0.080467,0.006398,1,0.000000,0.000000,0.000000,0.000000,0.000000,0.000000,0,0,0.000000,0.000000,0.000000,0.000000,0.000000,0.000000,0,0,0.000000,0.000000,0.000000,0.000000,0.000000,0.000000,0,0,0.000000,0.000000,0.000000,0.000000,0.000000,0.000000,0,0
161,3.219999,2,gripper_l_finger1,yup_snapshot,1,1,-1.390223,0.812668,0.362399,0.864697,-0.031009,-0.501190,0.012049,0.023652,-0.080488,0.006400,1,0.000000,0.000000,0.000000,0.000000,0.000000,0.000000,0,0,0.000000,0.000000,0.000000,0.000000,0.000000,0.000000,0,0,0.000000,0.000000,0.000000,0.000000,0.000000,0.000000,0,0,0.000000,0.000000,0.000000,0.000000,0.000000,0.000000,0,0
161,3.219999,3,gripper_l_finger2,yup_snapshot,1,1,-1.278471,0.798567,0.358495,-0.012044,-0.501051,0.031011,0.864778,0.023652,-0.080469,0.006399,1,0.000000,0.000000,0.000000,0.000000,0.000000,0.000000,0,0,0.000000,0.000000,0.000000,0.000000,0.000000,0.000000,0,0,0.000000,0.000000,0.000000,0.000000,0.000000,0.000000,0,0,0.000000,0.000000,0.000000,0.000000,0.000000,0.000000,0,0
161,3.219999,4,gripper_r_palm,yup_snapshot,1,1,0.914609,0.366706,0.259943,0.145071,-0.672098,-0.117352,0.716567,-0.086916,0.147809,-0.956255,1,0.000000,0.000000,0.000000,0.000000,0.000000,0.000000,0,0,0.000000,0.000000,0.000000,0.000000,0.000000,0.000000,0,0,0.000000,0.000000,0.000000,0.000000,0.000000,0.000000,0,0,0.000000,0.000000,0.000000,0.000000,0.000000,0.000000,0,0
161,3.219999,5,gripper_r_finger1,yup_snapshot,1,1,0.993602,0.302785,0.272236,0.577792,-0.372711,0.423755,0.589640,-0.087170,0.147803,-0.956272,1,0.000000,0.000000,0.000000,0.000000,0.000000,0.000000,0,0,0.000000,0.000000,0.000000,0.000000,0.000000,0.000000,0,0,0.000000,0.000000,0.000000,0.000000,0.000000,0.000000,0,0,0.000000,0.000000,0.000000,0.000000,0.000000,0.000000,0,0
161,3.219999,6,gripper_r_finger2,yup_snapshot,1,1,1.030940,0.221566,0.294260,0.589708,-0.423649,-0.372603,-0.577869,-0.086633,0.147817,-0.956235,1,0.000000,0.000000,0.000000,0.000000,0.000000,0.000000,0,0,0.000000,0.000000,0.000000,0.000000,0.000000,0.000000,0,0,0.000000,0.000000,0.000000,0.000000,0.000000,0.000000,0,0,0.000000,0.000000,0.000000,0.000000,0.000000,0.000000,0,0
162,3.239999,0,base,yup_snapshot,0,0,0.000000,0.000000,0.000000,1.000000,0.000000,0.000000,0.000000,0.000000,0.000000,0.000000,0,0.000000,0.000000,0.000000,0.000000,0.000000,0.000000,0,0,0.000000,0.000000,0.000000,0.000000,0.000000,0.000000,0,0,0.000000,0.000000,0.000000,0.000000,0.000000,0.000000,0,0,0.000000,0.000000,0.000000,0.000000,0.000000,0.000000,0,0
162,3.239999,1,gripper_l_palm,yup_snapshot,1,1,-1.142862,0.808115,0.352276,0.589966,-0.633539,-0.362252,-0.345459,0.023996,-0.079387,0.008750,1,0.000000,0.000000,0.000000,0.000000,0.000000,0.000000,0,0,0.000000,0.000000,0.000000,0.000000,0.000000,0.000000,0,0,0.000000,0.000000,0.000000,0.000000,0.000000,0.000000,0,0,0.000000,0.000000,0.000000,0.000000,0.000000,0.000000,0,0
162,3.239999,2,gripper_l_finger1,yup_snapshot,1,1,-1.390150,0.812582,0.362112,0.865106,-0.030809,-0.500501,0.011877,0.023996,-0.079409,0.008751,1,0.000000,0.000000,0.000000,0.000000,0.000000,0.000000,0,0,0.000000,0.000000,0.000000,0.000000,0.000000,0.000000,0,0,0.000000,0.000000,0.000000,0.000000,0.000000,0.000000,0,0,0.000000,0.000000,0.000000,0.000000,0.000000,0.000000,0,0
162,3.239999,3,gripper_l_finger2,yup_snapshot,1,1,-1.278256,0.798534,0.358277,-0.011872,-0.500361,0.030811,0.865187,0.023996,-0.079389,0.008750,1,0.000000,0.000000,0.000000,0.000000,0.000000,0.000000,0,0,0.000000,0.000000,0.000000,0.000000,0.000000,0.000000,0,0,0.000000,0.000000,0.000000,0.000000,0.000000,0.000000,0,0,0.000000,0.000000,0.000000,0.000000,0.000000,0.000000,0,0
162,3.239999,4,gripper_r_palm,yup_snapshot,1,1,0.905931,0.359681,0.257514,0.137736,-0.672137,-0.123353,0.716969,-0.052984,0.151443,-0.916485,1,0.000000,0.000000,0.000000,0.000000,0.000000,0.000000,0,0,0.000000,0.000000,0.000000,0.000000,0.000000,0.000000,0,0,0.000000,0.000000,0.000000,0.000000,0.000000,0.000000,0,0,0.000000,0.000000,0.000000,0.000000,0.000000,0.000000,0,0
162,3.239999,5,gripper_r_finger1,yup_snapshot,1,1,0.983015,0.295329,0.269879,0.572633,-0.377927,0.419796,0.594166,-0.053086,0.151442,-0.916491,1,0.000000,0.000000,0.000000,0.000000,0.000000,0.000000,0,0,0.000000,0.000000,0.000000,0.000000,0.000000,0.000000,0,0,0.000000,0.000000,0.000000,0.000000,0.000000,0.000000,0,0,0.000000,0.000000,0.000000,0.000000,0.000000,0.000000,0,0
162,3.239999,6,gripper_r_finger2,yup_snapshot,1,1,1.019931,0.214682,0.292024,0.594237,-0.419689,-0.377816,-0.572712,-0.052752,0.151445,-0.916469,1,0.000000,0.000000,0.000000,0.000000,0.000000,0.000000,0,0,0.000000,0.000000,0.000000,0.000000,0.000000,0.000000,0,0,0.000000,0.000000,0.000000,0.000000,0.000000,0.000000,0,0,0.000000,0.000000,0.000000,0.000000,0.000000,0.000000,0,0
163,3.259999,0,base,yup_snapshot,0,0,0.000000,0.000000,0.000000,1.000000,0.000000,0.000000,0.000000,0.000000,0.000000,0.000000,0,0.000000,0.000000,0.000000,0.000000,0.000000,0.000000,0,0,0.000000,0.000000,0.000000,0.000000,0.000000,0.000000,0,0,0.000000,0.000000,0.000000,0.000000,0.000000,0.000000,0,0,0.000000,0.000000,0.000000,0.000000,0.000000,0.000000,0,0
163,3.259999,1,gripper_l_palm,yup_snapshot,1,1,-1.142809,0.808011,0.352190,0.590385,-0.633690,-0.361637,-0.345111,0.023842,-0.078238,0.010537,1,0.000000,0.000000,0.000000,0.000000,0.000000,0.000000,0,0,0.000000,0.000000,0.000000,0.000000,0.000000,0.000000,0,0,0.000000,0.000000,0.000000,0.000000,0.000000,0.000000,0,0,0.000000,0.000000,0.000000,0.000000,0.000000,0.000000,0,0
163,3.259999,2,gripper_l_finger1,yup_snapshot,1,1,-1.390076,0.812461,0.361833,0.865509,-0.030620,-0.499820,0.011688,0.023843,-0.078262,0.010539,1,0.000000,0.000000,0.000000,0.000000,0.000000,0.000000,0,0,0.000000,0.000000,0.000000,0.000000,0.000000,0.000000,0,0,0.000000,0.000000,0.000000,0.000000,0.000000,0.000000,0,0,0.000000,0.000000,0.000000,0.000000,0.000000,0.000000,0,0
163,3.259999,3,gripper_l_finger2,yup_snapshot,1,1,-1.278041,0.798468,0.358066,-0.011683,-0.499680,0.030622,0.865590,0.023842,-0.078240,0.010537,1,0.000000,0.000000,0.000000,0.000000,0.000000,0.000000,0,0,0.000000,0.000000,0.000000,0.000000,0.000000,0.000000,0,0,0.000000,0.000000,0.000000,0.000000,0.000000,0.000000,0,0,0.000000,0.000000,0.000000,0.000000,0.000000,0.000000,0,0
163,3.259999,4,gripper_r_palm,yup_snapshot,1,1,0.897186,0.352843,0.255061,0.130864,-0.672149,-0.129305,0.717196,-0.025440,0.153588,-0.879167,1,0.000000,0.000000,0.000000,0.000000,0.000000,0.000000,0,0,0.000000,0.000000,0.000000,0.000000,0.000000,0.000000,0,0,0.000000,0.000000,0.000000,0.000000,0.000000,0.000000,0,0,0.000000,0.000000,0.000000,0.000000,0.000000,0.000000,0,0
163,3.259999,5,gripper_r_finger1,yup_snapshot,1,1,0.972416,0.288161,0.267447,0.567782,-0.382795,0.415748,0.598535,-0.025607,0.153590,-0.879178,1,0.000000,0.000000,0.000000,0.000000,0.000000,0.000000,0,0,0.000000,0.000000,0.000000,0.000000,0.000000,0.000000,0,0,0.000000,0.000000,0.000000,0.000000,0.000000,0.000000,0,0,0.000000,0.000000,0.000000,0.000000,0.000000,0.000000,0,0
163,3.259999,6,gripper_r_finger2,yup_snapshot,1,1,1.008956,0.208018,0.289694,0.598608,-0.415640,-0.382682,-0.567861,-0.025249,0.153587,-0.879155,1,0.000000,0.000000,0.000000,0.000000,0.000000,0.000000,0,0,0.000000,0.000000,0.000000,0.000000,0.000000,0.000000,0,0,0.000000,0.000000,0.000000,0.000000,0.000000,0.000000,0,0,0.000000,0.000000,0.000000,0.000000,0.000000,0.000000,0,0
164,3.279999,0,base,yup_snapshot,0,0,0.000000,0.000000,0.000000,1.000000,0.000000,0.000000,0.000000,0.000000,0.000000,0.000000,0,0.000000,0.000000,0.000000,0.000000,0.000000,0.000000,0,0,0.000000,0.000000,0.000000,0.000000,0.000000,0.000000,0,0,0.000000,0.000000,0.000000,0.000000,0.000000,0.000000,0,0,0.000000,0.000000,0.000000,0.000000,0.000000,0.000000,0,0
164,3.279999,1,gripper_l_palm,yup_snapshot,1,1,-1.142756,0.807885,0.352109,0.590792,-0.633843,-0.361021,-0.344777,0.023400,-0.077055,0.011515,1,0.000000,0.000000,0.000000,0.000000,0.000000,0.000000,0,0,0.000000,0.000000,0.000000,0.000000,0.000000,0.000000,0,0,0.000000,0.000000,0.000000,0.000000,0.000000,0.000000,0,0,0.000000,0.000000,0.000000,0.000000,0.000000,0.000000,0,0
164,3.279999,2,gripper_l_finger1,yup_snapshot,1,1,-1.390003,0.812315,0.361561,0.865906,-0.030440,-0.499148,0.011489,0.023400,-0.077080,0.011517,1,0.000000,0.000000,0.000000,0.000000,0.000000,0.000000,0,0,0.000000,0.000000,0.000000,0.000000,0.000000,0.000000,0,0,0.000000,0.000000,0.000000,0.000000,0.000000,0.000000,0,0,0.000000,0.000000,0.000000,0.000000,0.000000,0.000000,0,0
164,3.279999,3,gripper_l_finger2,yup_snapshot,1,1,-1.277828,0.798378,0.357862,-0.011484,-0.499008,0.030443,0.865986,0.023400,-0.077055,0.011515,1,0.000000,0.000000,0.000000,0.000000,0.000000,0.000000,0,0,0.000000,0.000000,0.000000,0.000000,0.000000,0.000000,0,0,0.000000,0.000000,0.000000,0.000000,0.000000,0.000000,0,0,0.000000,0.000000,0.000000,0.000000,0.000000,0.000000,0,0
164,3.279999,4,gripper_r_palm,yup_snapshot,1,1,0.888384,0.346206,0.252587,0.124351,-0.672142,-0.135237,0.717268,-0.002221,0.159200,-0.858603,1,0.000000,0.000000,0.000000,0.000000,0.000000,0.000000,0,0,0.000000,0.000000,0.000000,0.000000,0.000000,0.000000,0,0,0.000000,0.000000,0.000000,0.000000,0.000000,0.000000,0,0,0.000000,0.000000,0.000000,0.000000,0.000000,0.000000,0,0
164,3.279999,5,gripper_r_finger1,yup_snapshot,1,1,0.961800,0.281277,0.264957,0.563171,-0.387397,0.411605,0.602779,-0.002375,0.159204,-0.858612,1,0.000000,0.000000,0.000000,0.000000,0.000000,0.000000,0,0,0.000000,0.000000,0.000000,0.000000,0.000000,0.000000,0,0,0.000000,0.000000,0.000000,0.000000,0.000000,0.000000,0,0,0.000000,0.000000,0.000000,0.000000,0.000000,0.000000,0,0
164,3.279999,6,gripper_r_finger2,yup_snapshot,1,1,0.998002,0.201585,0.287291,0.602854,-0.411497,-0.387281,-0.563250,-0.002071,0.159196,-0.858594,1,0.000000,0.000000,0.000000,0.000000,0.000000,0.000000,0,0,0.000000,0.000000,0.000000,0.000000,0.000000,0.000000,0,0,0.000000,0.000000,0.000000,0.000000,0.000000,0.000000,0,0,0.000000,0.000000,0.000000,0.000000,0.000000,0.000000,0,0
165,3.299999,0,base,yup_snapshot,0,0,0.000000,0.000000,0.000000,1.000000,0.000000,0.000000,0.000000,0.000000,0.000000,0.000000,0,0.000000,0.000000,0.000000,0.000000,0.000000,0.000000,0,0,0.000000,0.000000,0.000000,0.000000,0.000000,0.000000,0,0,0.000000,0.000000,0.000000,0.000000,0.000000,0.000000,0,0,0.000000,0.000000,0.000000,0.000000,0.000000,0.000000,0,0
165,3.299999,1,gripper_l_palm,yup_snapshot,1,1,-1.142703,0.807746,0.352032,0.591190,-0.633997,-0.360410,-0.344451,0.023034,-0.075863,0.011888,1,0.000000,0.000000,0.000000,0.000000,0.000000,0.000000,0,0,0.000000,0.000000,0.000000,0.000000,0.000000,0.000000,0,0,0.000000,0.000000,0.000000,0.000000,0.000000,0.000000,0,0,0.000000,0.000000,0.000000,0.000000,0.000000,0.000000,0,0
165,3.299999,2,gripper_l_finger1,yup_snapshot,1,1,-1.389930,0.812156,0.361297,0.866296,-0.030268,-0.498485,0.011287,0.023034,-0.075886,0.011889,1,0.000000,0.000000,0.000000,0.000000,0.000000,0.000000,0,0,0.000000,0.000000,0.000000,0.000000,0.000000,0.000000,0,0,0.000000,0.000000,0.000000,0.000000,0.000000,0.000000,0,0,0.000000,0.000000,0.000000,0.000000,0.000000,0.000000,0,0
165,3.299999,3,gripper_l_finger2,yup_snapshot,1,1,-1.277617,0.798274,0.357664,-0.011282,-0.498345,0.030270,0.866377,0.023034,-0.075864,0.011888,1,0.000000,0.000000,0.000000,0.000000,0.000000,0.000000,0,0,0.000000,0.000000,0.000000,0.000000,0.000000,0.000000,0,0,0.000000,0.000000,0.000000,0.000000,0.000000,0.000000,0,0,0.000000,0.000000,0.000000,0.000000,0.000000,0.000000,0,0
165,3.299999,4,gripper_r_palm,yup_snapshot,1,1,0.879541,0.339785,0.250102,0.118111,-0.672123,-0.141171,0.717197,0.016548,0.162510,-0.835252,1,0.000000,0.000000,0.000000,0.000000,0.000000,0.000000,0,0,0.000000,0.000000,0.000000,0.000000,0.000000,0.000000,0,0,0.000000,0.000000,0.000000,0.000000,0.000000,0.000000,0,0,0.000000,0.000000,0.000000,0.000000,0.000000,0.000000,0,0
165,3.299999,5,gripper_r_finger1,yup_snapshot,1,1,0.951166,0.274681,0.262423,0.558745,-0.391797,0.407359,0.606925,0.016400,0.162517,-0.835260,1,0.000000,0.000000,0.000000,0.000000,0.000000,0.000000,0,0,0.000000,0.000000,0.000000,0.000000,0.000000,0.000000,0,0,0.000000,0.000000,0.000000,0.000000,0.000000,0.000000,0,0,0.000000,0.000000,0.000000,0.000000,0.000000,0.000000,0,0
165,3.299999,6,gripper_r_finger2,yup_snapshot,1,1,0.987062,0.195396,0.284831,0.607001,-0.407250,-0.391679,-0.558824,0.016676,0.162504,-0.835245,1,0.000000,0.000000,0.000000,0.000000,0.000000,0.000000,0,0,0.000000,0.000000,0.000000,0.000000,0.000000,0.000000,0,0,0.000000,0.000000,0.000000,0.000000,0.000000,0.000000,0,0,0.000000,0.000000,0.000000,0.000000,0.000000,0.000000,0,0
166,3.319999,0,base,yup_snapshot,0,0,0.000000,0.000000,0.000000,1.000000,0.000000,0.000000,0.000000,0.000000,0.000000,0.000000,0,0.000000,0.000000,0.000000,0.000000,0.000000,0.000000,0,0,0.000000,0.000000,0.000000,0.000000,0.000000,0.000000,0,0,0.000000,0.000000,0.000000,0.000000,0.000000,0.000000,0,0,0.000000,0.000000,0.000000,0.000000,0.000000,0.000000,0,0
166,3.319999,1,gripper_l_palm,yup_snapshot,1,1,-1.142650,0.807600,0.351957,0.591581,-0.634150,-0.359804,-0.344133,0.022748,-0.074675,0.012052,1,0.000000,0.000000,0.000000,0.000000,0.000000,0.000000,0,0,0.000000,0.000000,0.000000,0.000000,0.000000,0.000000,0,0,0.000000,0.000000,0.000000,0.000000,0.000000,0.000000,0,0,0.000000,0.000000,0.000000,0.000000,0.000000,0.000000,0,0
166,3.319999,2,gripper_l_finger1,yup_snapshot,1,1,-1.389857,0.811988,0.361038,0.866680,-0.030100,-0.497832,0.011084,0.022748,-0.074695,0.012053,1,0.000000,0.000000,0.000000,0.000000,0.000000,0.000000,0,0,0.000000,0.000000,0.000000,0.000000,0.000000,0.000000,0,0,0.000000,0.000000,0.000000,0.000000,0.000000,0.000000,0,0,0.000000,0.000000,0.000000,0.000000,0.000000,0.000000,0,0
166,3.319999,3,gripper_l_finger2,yup_snapshot,1,1,-1.277409,0.798162,0.357471,-0.011079,-0.497692,0.030102,0.866760,0.022748,-0.074675,0.012052,1,0.000000,0.000000,0.000000,0.000000,0.000000,0.000000,0,0,0.000000,0.000000,0.000000,0.000000,0.000000,0.000000,0,0,0.000000,0.000000,0.000000,0.000000,0.000000,0.000000,0,0,0.000000,0.000000,0.000000,0.000000,0.000000,0.000000,0,0
166,3.319999,4,gripper_r_palm,yup_snapshot,1,1,0.870676,0.333581,0.247610,0.112158,-0.672086,-0.147041,0.717008,0.031416,0.163018,-0.807253,1,0.000000,0.000000,0.000000,0.000000,0.000000,0.000000,0,0,0.000000,0.000000,0.000000,0.000000,0.000000,0.000000,0,0,0.000000,0.000000,0.000000,0.000000,0.000000,0.000000,0,0,0.000000,0.000000,0.000000,0.000000,0.000000,0.000000,0,0
166,3.319999,5,gripper_r_finger1,yup_snapshot,1,1,0.940551,0.268367,0.259858,0.554510,-0.395981,0.403075,0.610940,0.031326,0.163024,-0.807258,1,0.000000,0.000000,0.000000,0.000000,0.000000,0.000000,0,0,0.000000,0.000000,0.000000,0.000000,0.000000,0.000000,0,0,0.000000,0.000000,0.000000,0.000000,0.000000,0.000000,0,0,0.000000,0.000000,0.000000,0.000000,0.000000,0.000000,0,0
166,3.319999,6,gripper_r_finger2,yup_snapshot,1,1,0.976170,0.189450,0.282331,0.611018,-0.402966,-0.395862,-0.554589,0.031529,0.163011,-0.807247,1,0.000000,0.000000,0.000000,0.000000,0.000000,0.000000,0,0,0.000000,0.000000,0.000000,0.000000,0.000000,0.000000,0,0,0.000000,0.000000,0.000000,0.000000,0.000000,0.000000,0,0,0.000000,0.000000,0.000000,0.000000,0.000000,0.000000,0,0
167,3.339999,0,base,yup_snapshot,0,0,0.000000,0.000000,0.000000,1.000000,0.000000,0.000000,0.000000,0.000000,0.000000,0.000000,0,0.000000,0.000000,0.000000,0.000000,0.000000,0.000000,0,0,0.000000,0.000000,0.000000,0.000000,0.000000,0.000000,0,0,0.000000,0.000000,0.000000,0.000000,0.000000,0.000000,0,0,0.000000,0.000000,0.000000,0.000000,0.000000,0.000000,0,0
167,3.339999,1,gripper_l_palm,yup_snapshot,1,1,-1.142598,0.807447,0.351886,0.591963,-0.634301,-0.359206,-0.343822,0.022406,-0.073498,0.012347,1,0.000000,0.000000,0.000000,0.000000,0.000000,0.000000,0,0,0.000000,0.000000,0.000000,0.000000,0.000000,0.000000,0,0,0.000000,0.000000,0.000000,0.000000,0.000000,0.000000,0,0,0.000000,0.000000,0.000000,0.000000,0.000000,0.000000,0,0
167,3.339999,2,gripper_l_finger1,yup_snapshot,1,1,-1.389785,0.811812,0.360785,0.867057,-0.029937,-0.497189,0.010880,0.022406,-0.073515,0.012349,1,0.000000,0.000000,0.000000,0.000000,0.000000,0.000000,0,0,0.000000,0.000000,0.000000,0.000000,0.000000,0.000000,0,0,0.000000,0.000000,0.000000,0.000000,0.000000,0.000000,0,0,0.000000,0.000000,0.000000,0.000000,0.000000,0.000000,0,0
167,3.339999,3,gripper_l_finger2,yup_snapshot,1,1,-1.277204,0.798041,0.357283,-0.010875,-0.497049,0.029938,0.867138,0.022406,-0.073497,0.012347,1,0.000000,0.000000,0.000000,0.000000,0.000000,0.000000,0,0,0.000000,0.000000,0.000000,0.000000,0.000000,0.000000,0,0,0.000000,0.000000,0.000000,0.000000,0.000000,0.000000,0,0,0.000000,0.000000,0.000000,0.000000,0.000000,0.000000,0,0
167,3.339999,4,gripper_r_palm,yup_snapshot,1,1,0.861808,0.327596,0.245119,0.106495,-0.672031,-0.152796,0.716720,0.042958,0.161810,-0.777065,1,0.000000,0.000000,0.000000,0.000000,0.000000,0.000000,0,0,0.000000,0.000000,0.000000,0.000000,0.000000,0.000000,0,0,0.000000,0.000000,0.000000,0.000000,0.000000,0.000000,0,0,0.000000,0.000000,0.000000,0.000000,0.000000,0.000000,0,0
167,3.339999,5,gripper_r_finger1,yup_snapshot,1,1,0.929985,0.262328,0.257277,0.550467,-0.399947,0.398802,0.614805,0.042858,0.161818,-0.777070,1,0.000000,0.000000,0.000000,0.000000,0.000000,0.000000,0,0,0.000000,0.000000,0.000000,0.000000,0.000000,0.000000,0,0,0.000000,0.000000,0.000000,0.000000,0.000000,0.000000,0,0,0.000000,0.000000,0.000000,0.000000,0.000000,0.000000,0,0
167,3.339999,6,gripper_r_finger2,yup_snapshot,1,1,0.965353,0.183744,0.279807,0.614885,-0.398693,-0.399826,-0.550545,0.043059,0.161803,-0.777060,1,0.000000,0.000000,0.000000,0.000000,0.000000,0.000000,0,0,0.000000,0.000000,0.000000,0.000000,0.000000,0.000000,0,0,0.000000,0.000000,0.000000,0.000000,0.000000,0.000000,0,0,0.000000,0.000000,0.000000,0.000000,0.000000,0.000000,0,0
168,3.359999,0,base,yup_snapshot,0,0,0.000000,0.000000,0.000000,1.000000,0.000000,0.000000,0.000000,0.000000,0.000000,0.000000,0,0.000000,0.000000,0.000000,0.000000,0.000000,0.000000,0,0,0.000000,0.000000,0.000000,0.000000,0.000000,0.000000,0,0,0.000000,0.000000,0.000000,0.000000,0.000000,0.000000,0,0,0.000000,0.000000,0.000000,0.000000,0.000000,0.000000,0,0
168,3.359999,1,gripper_l_palm,yup_snapshot,1,1,-1.142546,0.807284,0.351818,0.592336,-0.634452,-0.358612,-0.343520,0.022061,-0.072323,0.012923,1,0.000000,0.000000,0.000000,0.000000,0.000000,0.000000,0,0,0.000000,0.000000,0.000000,0.000000,0.000000,0.000000,0,0,0.000000,0.000000,0.000000,0.000000,0.000000,0.000000,0,0,0.000000,0.000000,0.000000,0.000000,0.000000,0.000000,0,0
168,3.359999,2,gripper_l_finger1,yup_snapshot,1,1,-1.389714,0.811625,0.360538,0.867428,-0.029779,-0.496556,0.010675,0.022062,-0.072339,0.012924,1,0.000000,0.000000,0.000000,0.000000,0.000000,0.000000,0,0,0.000000,0.000000,0.000000,0.000000,0.000000,0.000000,0,0,0.000000,0.000000,0.000000,0.000000,0.000000,0.000000,0,0,0.000000,0.000000,0.000000,0.000000,0.000000,0.000000,0,0
168,3.359999,3,gripper_l_finger2,yup_snapshot,1,1,-1.277000,0.797909,0.357101,-0.010670,-0.496416,0.029781,0.867508,0.022061,-0.072321,0.012922,1,0.000000,0.000000,0.000000,0.000000,0.000000,0.000000,0,0,0.000000,0.000000,0.000000,0.000000,0.000000,0.000000,0,0,0.000000,0.000000,0.000000,0.000000,0.000000,0.000000,0,0,0.000000,0.000000,0.000000,0.000000,0.000000,0.000000,0,0
168,3.359999,4,gripper_r_palm,yup_snapshot,1,1,0.852957,0.321835,0.242638,0.101115,-0.671958,-0.158404,0.716349,0.051736,0.159573,-0.746131,1,0.000000,0.000000,0.000000,0.000000,0.000000,0.000000,0,0,0.000000,0.000000,0.000000,0.000000,0.000000,0.000000,0,0,0.000000,0.000000,0.000000,0.000000,0.000000,0.000000,0,0,0.000000,0.000000,0.000000,0.000000,0.000000,0.000000,0,0
168,3.359999,5,gripper_r_finger1,yup_snapshot,1,1,0.919492,0.256559,0.254692,0.546611,-0.403701,0.394574,0.618509,0.051645,0.159582,-0.746136,1,0.000000,0.000000,0.000000,0.000000,0.000000,0.000000,0,0,0.000000,0.000000,0.000000,0.000000,0.000000,0.000000,0,0,0.000000,0.000000,0.000000,0.000000,0.000000,0.000000,0,0,0.000000,0.000000,0.000000,0.000000,0.000000,0.000000,0,0
168,3.359999,6,gripper_r_finger2,yup_snapshot,1,1,0.954633,0.178277,0.277272,0.618589,-0.394465,-0.403578,-0.546689,0.051825,0.159565,-0.746127,1,0.000000,0.000000,0.000000,0.000000,0.000000,0.000000,0,0,0.000000,0.000000,0.000000,0.000000,0.000000,0.000000,0,0,0.000000,0.000000,0.000000,0.000000,0.000000,0.000000,0,0,0.000000,0.000000,0.000000,0.000000,0.000000,0.000000,0,0
169,3.379999,0,base,yup_snapshot,0,0,0.000000,0.000000,0.000000,1.000000,0.000000,0.000000,0.000000,0.000000,0.000000,0.000000,0,0.000000,0.000000,0.000000,0.000000,0.000000,0.000000,0,0,0.000000,0.000000,0.000000,0.000000,0.000000,0.000000,0,0,0.000000,0.000000,0.000000,0.000000,0.000000,0.000000,0,0,0.000000,0.000000,0.000000,0.000000,0.000000,0.000000,0,0
169,3.379999,1,gripper_l_palm,yup_snapshot,1,1,-1.142495,0.807109,0.351754,0.592700,-0.634603,-0.358023,-0.343227,0.021657,-0.071150,0.013681,1,0.000000,0.000000,0.000000,0.000000,0.000000,0.000000,0,0,0.000000,0.000000,0.000000,0.000000,0.000000,0.000000,0,0,0.000000,0.000000,0.000000,0.000000,0.000000,0.000000,0,0,0.000000,0.000000,0.000000,0.000000,0.000000,0.000000,0,0
169,3.379999,2,gripper_l_finger1,yup_snapshot,1,1,-1.389643,0.811425,0.360299,0.867793,-0.029629,-0.495932,0.010465,0.021657,-0.071165,0.013682,1,0.000000,0.000000,0.000000,0.000000,0.000000,0.000000,0,0,0.000000,0.000000,0.000000,0.000000,0.000000,0.000000,0,0,0.000000,0.000000,0.000000,0.000000,0.000000,0.000000,0,0,0.000000,0.000000,0.000000,0.000000,0.000000,0.000000,0,0
169,3.379999,3,gripper_l_finger2,yup_snapshot,1,1,-1.276799,0.797763,0.356925,-0.010460,-0.495792,0.029631,0.867873,0.021657,-0.071147,0.013681,1,0.000000,0.000000,0.000000,0.000000,0.000000,0.000000,0,0,0.000000,0.000000,0.000000,0.000000,0.000000,0.000000,0,0,0.000000,0.000000,0.000000,0.000000,0.000000,0.000000,0,0,0.000000,0.000000,0.000000,0.000000,0.000000,0.000000,0,0
169,3.379999,4,gripper_r_palm,yup_snapshot,1,1,0.844144,0.316300,0.240173,0.096006,-0.671871,-0.163847,0.715910,0.058244,0.156667,-0.715072,1,0.000000,0.000000,0.000000,0.000000,0.000000,0.000000,0,0,0.000000,0.000000,0.000000,0.000000,0.000000,0.000000,0,0,0.000000,0.000000,0.000000,0.000000,0.000000,0.000000,0,0,0.000000,0.000000,0.000000,0.000000,0.000000,0.000000,0,0
169,3.379999,5,gripper_r_finger1,yup_snapshot,1,1,0.909097,0.251058,0.252117,0.542936,-0.407252,0.390416,0.622046,0.058196,0.156672,-0.715074,1,0.000000,0.000000,0.000000,0.000000,0.000000,0.000000,0,0,0.000000,0.000000,0.000000,0.000000,0.000000,0.000000,0,0,0.000000,0.000000,0.000000,0.000000,0.000000,0.000000,0,0,0.000000,0.000000,0.000000,0.000000,0.000000,0.000000,0,0
169,3.379999,6,gripper_r_finger2,yup_snapshot,1,1,0.944032,0.173051,0.274742,0.622128,-0.390307,-0.407128,-0.543014,0.058325,0.156659,-0.715069,1,0.000000,0.000000,0.000000,0.000000,0.000000,0.000000,0,0,0.000000,0.000000,0.000000,0.000000,0.000000,0.000000,0,0,0.000000,0.000000,0.000000,0.000000,0.000000,0.000000,0,0,0.000000,0.000000,0.000000,0.000000,0.000000,0.000000,0,0
170,3.399999,0,base,yup_snapshot,0,0,0.000000,0.000000,0.000000,1.000000,0.000000,0.000000,0.000000,0.000000,0.000000,0.000000,0,0.000000,0.000000,0.000000,0.000000,0.000000,0.000000,0,0,0.000000,0.000000,0.000000,0.000000,0.000000,0.000000,0,0,0.000000,0.000000,0.000000,0.000000,0.000000,0.000000,0,0,0.000000,0.000000,0.000000,0.000000,0.000000,0.000000,0,0
170,3.399999,1,gripper_l_palm,yup_snapshot,1,1,-1.142443,0.806921,0.351693,0.593054,-0.634756,-0.357437,-0.342944,0.021181,-0.069980,0.014411,1,0.000000,0.000000,0.000000,0.000000,0.000000,0.000000,0,0,0.000000,0.000000,0.000000,0.000000,0.000000,0.000000,0,0,0.000000,0.000000,0.000000,0.000000,0.000000,0.000000,0,0,0.000000,0.000000,0.000000,0.000000,0.000000,0.000000,0,0
170,3.399999,2,gripper_l_finger1,yup_snapshot,1,1,-1.389572,0.811210,0.360065,0.868151,-0.029487,-0.495318,0.010250,0.021181,-0.069994,0.014412,1,0.000000,0.000000,0.000000,0.000000,0.000000,0.000000,0,0,0.000000,0.000000,0.000000,0.000000,0.000000,0.000000,0,0,0.000000,0.000000,0.000000,0.000000,0.000000,0.000000,0,0,0.000000,0.000000,0.000000,0.000000,0.000000,0.000000,0,0
170,3.399999,3,gripper_l_finger2,yup_snapshot,1,1,-1.276600,0.797603,0.356753,-0.010246,-0.495178,0.029489,0.868231,0.021181,-0.069977,0.014411,1,0.000000,0.000000,0.000000,0.000000,0.000000,0.000000,0,0,0.000000,0.000000,0.000000,0.000000,0.000000,0.000000,0,0,0.000000,0.000000,0.000000,0.000000,0.000000,0.000000,0,0,0.000000,0.000000,0.000000,0.000000,0.000000,0.000000,0,0
170,3.399999,4,gripper_r_palm,yup_snapshot,1,1,0.835391,0.310996,0.237735,0.091155,-0.671770,-0.169107,0.715414,0.062893,0.153252,-0.684026,1,0.000000,0.000000,0.000000,0.000000,0.000000,0.000000,0,0,0.000000,0.000000,0.000000,0.000000,0.000000,0.000000,0,0,0.000000,0.000000,0.000000,0.000000,0.000000,0.000000,0,0,0.000000,0.000000,0.000000,0.000000,0.000000,0.000000,0,0
170,3.399999,5,gripper_r_finger1,yup_snapshot,1,1,0.898823,0.245822,0.249564,0.539436,-0.410612,0.386345,0.625415,0.062828,0.153259,-0.684028,1,0.000000,0.000000,0.000000,0.000000,0.000000,0.000000,0,0,0.000000,0.000000,0.000000,0.000000,0.000000,0.000000,0,0,0.000000,0.000000,0.000000,0.000000,0.000000,0.000000,0,0,0.000000,0.000000,0.000000,0.000000,0.000000,0.000000,0,0
170,3.399999,6,gripper_r_finger2,yup_snapshot,1,1,0.933571,0.168067,0.272229,0.625498,-0.386237,-0.410487,-0.539513,0.062966,0.153243,-0.684023,1,0.000000,0.000000,0.000000,0.000000,0.000000,0.000000,0,0,0.000000,0.000000,0.000000,0.000000,0.000000,0.000000,0,0,0.000000,0.000000,0.000000,0.000000,0.000000,0.000000,0,0,0.000000,0.000000,0.000000,0.000000,0.000000,0.000000,0,0
171,3.419999,0,base,yup_snapshot,0,0,0.000000,0.000000,0.000000,1.000000,0.000000,0.000000,0.000000,0.000000,0.000000,0.000000,0,0.000000,0.000000,0.000000,0.000000,0.000000,0.000000,0,0,0.000000,0.000000,0.000000,0.000000,0.000000,0.000000,0,0,0.000000,0.000000,0.000000,0.000000,0.000000,0.000000,0,0,0.000000,0.000000,0.000000,0.000000,0.000000,0.000000,0,0
171,3.419999,1,gripper_l_palm,yup_snapshot,1,1,-1.142392,0.806723,0.351635,0.593398,-0.634909,-0.356856,-0.342670,0.020485,-0.068831,0.014899,1,0.000000,0.000000,0.000000,0.000000,0.000000,0.000000,0,0,0.000000,0.000000,0.000000,0.000000,0.000000,0.000000,0,0,0.000000,0.000000,0.000000,0.000000,0.000000,0.000000,0,0,0.000000,0.000000,0.000000,0.000000,0.000000,0.000000,0,0
171,3.419999,2,gripper_l_finger1,yup_snapshot,1,1,-1.389502,0.810983,0.359837,0.868502,-0.029352,-0.494713,0.010033,0.020485,-0.068847,0.014900,1,0.000000,0.000000,0.000000,0.000000,0.000000,0.000000,0,0,0.000000,0.000000,0.000000,0.000000,0.000000,0.000000,0,0,0.000000,0.000000,0.000000,0.000000,0.000000,0.000000,0,0,0.000000,0.000000,0.000000,0.000000,0.000000,0.000000,0,0
171,3.419999,3,gripper_l_finger2,yup_snapshot,1,1,-1.276403,0.797430,0.356587,-0.010029,-0.494573,0.029354,0.868582,0.020485,-0.068828,0.014899,1,0.000000,0.000000,0.000000,0.000000,0.000000,0.000000,0,0,0.000000,0.000000,0.000000,0.000000,0.000000,0.000000,0,0,0.000000,0.000000,0.000000,0.000000,0.000000,0.000000,0,0,0.000000,0.000000,0.000000,0.000000,0.000000,0.000000,0,0
171,3.419999,4,gripper_r_palm,yup_snapshot,1,1,0.826720,0.305927,0.235331,0.086554,-0.671661,-0.174175,0.714873,0.066007,0.149384,-0.652912,1,0.000000,0.000000,0.000000,0.000000,0.000000,0.000000,0,0,0.000000,0.000000,0.000000,0.000000,0.000000,0.000000,0,0,0.000000,0.000000,0.000000,0.000000,0.000000,0.000000,0,0,0.000000,0.000000,0.000000,0.000000,0.000000,0.000000,0,0
171,3.419999,5,gripper_r_finger1,yup_snapshot,1,1,0.888694,0.240850,0.247042,0.536105,-0.413788,0.382379,0.628615,0.065962,0.149390,-0.652914,1,0.000000,0.000000,0.000000,0.000000,0.000000,0.000000,0,0,0.000000,0.000000,0.000000,0.000000,0.000000,0.000000,0,0,0.000000,0.000000,0.000000,0.000000,0.000000,0.000000,0,0,0.000000,0.000000,0.000000,0.000000,0.000000,0.000000,0,0
171,3.419999,6,gripper_r_finger2,yup_snapshot,1,1,0.923274,0.163325,0.269744,0.628699,-0.382271,-0.413662,-0.536182,0.066074,0.149375,-0.652910,1,0.000000,0.000000,0.000000,0.000000,0.000000,0.000000,0,0,0.000000,0.000000,0.000000,0.000000,0.000000,0.000000,0,0,0.000000,0.000000,0.000000,0.000000,0.000000,0.000000,0,0,0.000000,0.000000,0.000000,0.000000,0.000000,0.000000,0,0
172,3.439999,0,base,yup_snapshot,0,0,0.000000,0.000000,0.000000,1.000000,0.000000,0.000000,0.000000,0.000000,0.000000,0.000000,0,0.000000,0.000000,0.000000,0.000000,0.000000,0.000000,0,0,0.000000,0.000000,0.000000,0.000000,0.000000,0.000000,0,0,0.000000,0.000000,0.000000,0.000000,0.000000,0.000000,0,0,0.000000,0.000000,0.000000,0.000000,0.000000,0.000000,0,0
172,3.439999,1,gripper_l_palm,yup_snapshot,1,1,-1.142341,0.806518,0.351581,0.593732,-0.635063,-0.356282,-0.342403,0.019839,-0.067710,0.015065,1,0.000000,0.000000,0.000000,0.000000,0.000000,0.000000,0,0,0.000000,0.000000,0.000000,0.000000,0.000000,0.000000,0,0,0.000000,0.000000,0.000000,0.000000,0.000000,0.000000,0,0,0.000000,0.000000,0.000000,0.000000,0.000000,0.000000,0,0
172,3.439999,2,gripper_l_finger1,yup_snapshot,1,1,-1.389432,0.810748,0.359615,0.868848,-0.029224,-0.494118,0.009816,0.019839,-0.067727,0.015066,1,0.000000,0.000000,0.000000,0.000000,0.000000,0.000000,0,0,0.000000,0.000000,0.000000,0.000000,0.000000,0.000000,0,0,0.000000,0.000000,0.000000,0.000000,0.000000,0.000000,0,0,0.000000,0.000000,0.000000,0.000000,0.000000,0.000000,0,0
172,3.439999,3,gripper_l_finger2,yup_snapshot,1,1,-1.276209,0.797250,0.356426,-0.009811,-0.493978,0.029226,0.868928,0.019839,-0.067708,0.015065,1,0.000000,0.000000,0.000000,0.000000,0.000000,0.000000,0,0,0.000000,0.000000,0.000000,0.000000,0.000000,0.000000,0,0,0.000000,0.000000,0.000000,0.000000,0.000000,0.000000,0,0,0.000000,0.000000,0.000000,0.000000,0.000000,0.000000,0,0
172,3.439999,4,gripper_r_palm,yup_snapshot,1,1,0.818155,0.301095,0.232968,0.082196,-0.671543,-0.179040,0.714296,0.067847,0.145083,-0.621601,1,0.000000,0.000000,0.000000,0.000000,0.000000,0.000000,0,0,0.000000,0.000000,0.000000,0.000000,0.000000,0.000000,0,0,0.000000,0.000000,0.000000,0.000000,0.000000,0.000000,0,0,0.000000,0.000000,0.000000,0.000000,0.000000,0.000000,0,0
172,3.439999,5,gripper_r_finger1,yup_snapshot,1,1,0.878734,0.236137,0.244562,0.532941,-0.416787,0.378531,0.631647,0.067802,0.145090,-0.621602,1,0.000000,0.000000,0.000000,0.000000,0.000000,0.000000,0,0,0.000000,0.000000,0.000000,0.000000,0.000000,0.000000,0,0,0.000000,0.000000,0.000000,0.000000,0.000000,0.000000,0,0,0.000000,0.000000,0.000000,0.000000,0.000000,0.000000,0,0
172,3.439999,6,gripper_r_finger2,yup_snapshot,1,1,0.913162,0.158823,0.267298,0.631731,-0.378423,-0.416660,-0.533017,0.067908,0.145074,-0.621598,1,0.000000,0.000000,0.000000,0.000000,0.000000,0.000000,0,0,0.000000,0.000000,0.000000,0.000000,0.000000,0.000000,0,0,0.000000,0.000000,0.000000,0.000000,0.000000,0.000000,0,0,0.000000,0.000000,0.000000,0.000000,0.000000,0.000000,0,0
173,3.459999,0,base,yup_snapshot,0,0,0.000000,0.000000,0.000000,1.000000,0.000000,0.000000,0.000000,0.000000,0.000000,0.000000,0,0.000000,0.000000,0.000000,0.000000,0.000000,0.000000,0,0,0.000000,0.000000,0.000000,0.000000,0.000000,0.000000,0,0,0.000000,0.000000,0.000000,0.000000,0.000000,0.000000,0,0,0.000000,0.000000,0.000000,0.000000,0.000000,0.000000,0,0
173,3.459999,1,gripper_l_palm,yup_snapshot,1,1,-1.142291,0.806311,0.351528,0.594059,-0.635215,-0.355716,-0.342142,0.019605,-0.066569,0.015006,1,0.000000,0.000000,0.000000,0.000000,0.000000,0.000000,0,0,0.000000,0.000000,0.000000,0.000000,0.000000,0.000000,0,0,0.000000,0.000000,0.000000,0.000000,0.000000,0.000000,0,0,0.000000,0.000000,0.000000,0.000000,0.000000,0.000000,0,0
173,3.459999,2,gripper_l_finger1,yup_snapshot,1,1,-1.389363,0.810511,0.359397,0.869187,-0.029101,-0.493533,0.009601,0.019605,-0.066583,0.015007,1,0.000000,0.000000,0.000000,0.000000,0.000000,0.000000,0,0,0.000000,0.000000,0.000000,0.000000,0.000000,0.000000,0,0,0.000000,0.000000,0.000000,0.000000,0.000000,0.000000,0,0,0.000000,0.000000,0.000000,0.000000,0.000000,0.000000,0,0
173,3.459999,3,gripper_l_finger2,yup_snapshot,1,1,-1.276018,0.797065,0.356269,-0.009596,-0.493393,0.029103,0.869267,0.019605,-0.066565,0.015006,1,0.000000,0.000000,0.000000,0.000000,0.000000,0.000000,0,0,0.000000,0.000000,0.000000,0.000000,0.000000,0.000000,0,0,0.000000,0.000000,0.000000,0.000000,0.000000,0.000000,0,0,0.000000,0.000000,0.000000,0.000000,0.000000,0.000000,0,0
173,3.459999,4,gripper_r_palm,yup_snapshot,1,1,0.809717,0.296499,0.230653,0.078077,-0.671420,-0.183692,0.713692,0.068621,0.140367,-0.589981,1,0.000000,0.000000,0.000000,0.000000,0.000000,0.000000,0,0,0.000000,0.000000,0.000000,0.000000,0.000000,0.000000,0,0,0.000000,0.000000,0.000000,0.000000,0.000000,0.000000,0,0,0.000000,0.000000,0.000000,0.000000,0.000000,0.000000,0,0
173,3.459999,5,gripper_r_finger1,yup_snapshot,1,1,0.868967,0.231680,0.242131,0.529941,-0.419613,0.374814,0.634509,0.068586,0.140373,-0.589982,1,0.000000,0.000000,0.000000,0.000000,0.000000,0.000000,0,0,0.000000,0.000000,0.000000,0.000000,0.000000,0.000000,0,0,0.000000,0.000000,0.000000,0.000000,0.000000,0.000000,0,0,0.000000,0.000000,0.000000,0.000000,0.000000,0.000000,0,0
173,3.459999,6,gripper_r_finger2,yup_snapshot,1,1,0.903258,0.154561,0.264898,0.634594,-0.374707,-0.419485,-0.530017,0.068676,0.140358,-0.589979,1,0.000000,0.000000,0.000000,0.000000,0.000000,0.000000,0,0,0.000000,0.000000,0.000000,0.000000,0.000000,0.000000,0,0,0.000000,0.000000,0.000000,0.000000,0.000000,0.000000,0,0,0.000000,0.000000,0.000000,0.000000,0.000000,0.000000,0,0
174,3.479999,0,base,yup_snapshot,0,0,0.000000,0.000000,0.000000,1.000000,0.000000,0.000000,0.000000,0.000000,0.000000,0.000000,0,0.000000,0.000000,0.000000,0.000000,0.000000,0.000000,0,0,0.000000,0.000000,0.000000,0.000000,0.000000,0.000000,0,0,0.000000,0.000000,0.000000,0.000000,0.000000,0.000000,0,0,0.000000,0.000000,0.000000,0.000000,0.000000,0.000000,0,0
174,3.479999,1,gripper_l_palm,yup_snapshot,1,1,-1.142241,0.806103,0.351477,0.594381,-0.635365,-0.355158,-0.341885,0.019436,-0.065467,0.014808,1,0.000000,0.000000,0.000000,0.000000,0.000000,0.000000,0,0,0.000000,0.000000,0.000000,0.000000,0.000000,0.000000,0,0,0.000000,0.000000,0.000000,0.000000,0.000000,0.000000,0,0,0.000000,0.000000,0.000000,0.000000,0.000000,0.000000,0,0
174,3.479999,2,gripper_l_finger1,yup_snapshot,1,1,-1.389294,0.810274,0.359184,0.869520,-0.028979,-0.492957,0.009387,0.019436,-0.065479,0.014809,1,0.000000,0.000000,0.000000,0.000000,0.000000,0.000000,0,0,0.000000,0.000000,0.000000,0.000000,0.000000,0.000000,0,0,0.000000,0.000000,0.000000,0.000000,0.000000,0.000000,0,0,0.000000,0.000000,0.000000,0.000000,0.000000,0.000000,0,0
174,3.479999,3,gripper_l_finger2,yup_snapshot,1,1,-1.275829,0.796881,0.356116,-0.009383,-0.492817,0.028981,0.869600,0.019436,-0.065462,0.014808,1,0.000000,0.000000,0.000000,0.000000,0.000000,0.000000,0,0,0.000000,0.000000,0.000000,0.000000,0.000000,0.000000,0,0,0.000000,0.000000,0.000000,0.000000,0.000000,0.000000,0,0,0.000000,0.000000,0.000000,0.000000,0.000000,0.000000,0,0
174,3.479999,4,gripper_r_palm,yup_snapshot,1,1,0.801426,0.292139,0.228391,0.074195,-0.671293,-0.188123,0.713072,0.068504,0.135267,-0.557992,1,0.000000,0.000000,0.000000,0.000000,0.000000,0.000000,0,0,0.000000,0.000000,0.000000,0.000000,0.000000,0.000000,0,0,0.000000,0.000000,0.000000,0.000000,0.000000,0.000000,0,0,0.000000,0.000000,0.000000,0.000000,0.000000,0.000000,0,0
174,3.479999,5,gripper_r_finger1,yup_snapshot,1,1,0.859414,0.227474,0.239757,0.527106,-0.422269,0.371242,0.637203,0.068475,0.135272,-0.557993,1,0.000000,0.000000,0.000000,0.000000,0.000000,0.000000,0,0,0.000000,0.000000,0.000000,0.000000,0.000000,0.000000,0,0,0.000000,0.000000,0.000000,0.000000,0.000000,0.000000,0,0,0.000000,0.000000,0.000000,0.000000,0.000000,0.000000,0,0
174,3.479999,6,gripper_r_finger2,yup_snapshot,1,1,0.893582,0.150532,0.262551,0.637289,-0.371135,-0.422140,-0.527181,0.068550,0.135259,-0.557990,1,0.000000,0.000000,0.000000,0.000000,0.000000,0.000000,0,0,0.000000,0.000000,0.000000,0.000000,0.000000,0.000000,0,0,0.000000,0.000000,0.000000,0.000000,0.000000,0.000000,0,0,0.000000,0.000000,0.000000,0.000000,0.000000,0.000000,0,0
175,3.499999,0,base,yup_snapshot,0,0,0.000000,0.000000,0.000000,1.000000,0.000000,0.000000,0.000000,0.000000,0.000000,0.000000,0,0.000000,0.000000,0.000000,0.000000,0.000000,0.000000,0,0,0.000000,0.000000,0.000000,0.000000,0.000000,0.000000,0,0,0.000000,0.000000,0.000000,0.000000,0.000000,0.000000,0,0,0.000000,0.000000,0.000000,0.000000,0.000000,0.000000,0,0
175,3.499999,1,gripper_l_palm,yup_snapshot,1,1,-1.142192,0.805897,0.351427,0.594697,-0.635512,-0.354608,-0.341633,0.019242,-0.064411,0.014565,1,0.000000,0.000000,0.000000,0.000000,0.000000,0.000000,0,0,0.000000,0.000000,0.000000,0.000000,0.000000,0.000000,0,0,0.000000,0.000000,0.000000,0.000000,0.000000,0.000000,0,0,0.000000,0.000000,0.000000,0.000000,0.000000,0.000000,0,0
175,3.499999,2,gripper_l_finger1,yup_snapshot,1,1,-1.389226,0.810039,0.358975,0.869848,-0.028860,-0.492390,0.009177,0.019243,-0.064421,0.014565,1,0.000000,0.000000,0.000000,0.000000,0.000000,0.000000,0,0,0.000000,0.000000,0.000000,0.000000,0.000000,0.000000,0,0,0.000000,0.000000,0.000000,0.000000,0.000000,0.000000,0,0,0.000000,0.000000,0.000000,0.000000,0.000000,0.000000,0,0
175,3.499999,3,gripper_l_finger2,yup_snapshot,1,1,-1.275643,0.796697,0.355966,-0.009172,-0.492250,0.028861,0.869927,0.019242,-0.064405,0.014564,1,0.000000,0.000000,0.000000,0.000000,0.000000,0.000000,0,0,0.000000,0.000000,0.000000,0.000000,0.000000,0.000000,0,0,0.000000,0.000000,0.000000,0.000000,0.000000,0.000000,0,0,0.000000,0.000000,0.000000,0.000000,0.000000,0.000000,0,0
175,3.499999,4,gripper_r_palm,yup_snapshot,1,1,0.793303,0.288012,0.226187,0.070548,-0.671161,-0.192328,0.712443,0.067780,0.129642,-0.525672,1,0.000000,0.000000,0.000000,0.000000,0.000000,0.000000,0,0,0.000000,0.000000,0.000000,0.000000,0.000000,0.000000,0,0,0.000000,0.000000,0.000000,0.000000,0.000000,0.000000,0,0,0.000000,0.000000,0.000000,0.000000,0.000000,0.000000,0,0
175,3.499999,5,gripper_r_finger1,yup_snapshot,1,1,0.850098,0.223512,0.237443,0.524435,-0.424755,0.367824,0.639732,0.067772,0.129643,-0.525672,1,0.000000,0.000000,0.000000,0.000000,0.000000,0.000000,0,0,0.000000,0.000000,0.000000,0.000000,0.000000,0.000000,0,0,0.000000,0.000000,0.000000,0.000000,0.000000,0.000000,0,0,0.000000,0.000000,0.000000,0.000000,0.000000,0.000000,0,0
175,3.499999,6,gripper_r_finger2,yup_snapshot,1,1,0.884155,0.146732,0.260264,0.639818,-0.367717,-0.424625,-0.524509,0.067812,0.129636,-0.525671,1,0.000000,0.000000,0.000000,0.000000,0.000000,0.000000,0,0,0.000000,0.000000,0.000000,0.000000,0.000000,0.000000,0,0,0.000000,0.000000,0.000000,0.000000,0.000000,0.000000,0,0,0.000000,0.000000,0.000000,0.000000,0.000000,0.000000,0,0
176,3.519999,0,base,yup_snapshot,0,0,0.000000,0.000000,0.000000,1.000000,0.000000,0.000000,0.000000,0.000000,0.000000,0.000000,0,0.000000,0.000000,0.000000,0.000000,0.000000,0.000000,0,0,0.000000,0.000000,0.000000,0.000000,0.000000,0.000000,0,0,0.000000,0.000000,0.000000,0.000000,0.000000,0.000000,0,0,0.000000,0.000000,0.000000,0.000000,0.000000,0.000000,0,0
176,3.519999,1,gripper_l_palm,yup_snapshot,1,1,-1.142144,0.805693,0.351378,0.595008,-0.635656,-0.354067,-0.341385,0.019021,-0.063393,0.014334,1,0.000000,0.000000,0.000000,0.000000,0.000000,0.000000,0,0,0.000000,0.000000,0.000000,0.000000,0.000000,0.000000,0,0,0.000000,0.000000,0.000000,0.000000,0.000000,0.000000,0,0,0.000000,0.000000,0.000000,0.000000,0.000000,0.000000,0,0
176,3.519999,2,gripper_l_finger1,yup_snapshot,1,1,-1.389160,0.809806,0.358770,0.870169,-0.028742,-0.491832,0.008970,0.019021,-0.063402,0.014335,1,0.000000,0.000000,0.000000,0.000000,0.000000,0.000000,0,0,0.000000,0.000000,0.000000,0.000000,0.000000,0.000000,0,0,0.000000,0.000000,0.000000,0.000000,0.000000,0.000000,0,0,0.000000,0.000000,0.000000,0.000000,0.000000,0.000000,0,0
176,3.519999,3,gripper_l_finger2,yup_snapshot,1,1,-1.275460,0.796515,0.355818,-0.008966,-0.491692,0.028743,0.870249,0.019021,-0.063386,0.014334,1,0.000000,0.000000,0.000000,0.000000,0.000000,0.000000,0,0,0.000000,0.000000,0.000000,0.000000,0.000000,0.000000,0,0,0.000000,0.000000,0.000000,0.000000,0.000000,0.000000,0,0,0.000000,0.000000,0.000000,0.000000,0.000000,0.000000,0,0
176,3.519999,4,gripper_r_palm,yup_snapshot,1,1,0.785363,0.284113,0.224045,0.067136,-0.671029,-0.196299,0.711815,0.066873,0.122728,-0.493305,1,0.000000,0.000000,0.000000,0.000000,0.000000,0.000000,0,0,0.000000,0.000000,0.000000,0.000000,0.000000,0.000000,0,0,0.000000,0.000000,0.000000,0.000000,0.000000,0.000000,0,0,0.000000,0.000000,0.000000,0.000000,0.000000,0.000000,0,0
176,3.519999,5,gripper_r_finger1,yup_snapshot,1,1,0.841035,0.219785,0.235197,0.521928,-0.427074,0.364571,0.642095,0.066857,0.122731,-0.493305,1,0.000000,0.000000,0.000000,0.000000,0.000000,0.000000,0,0,0.000000,0.000000,0.000000,0.000000,0.000000,0.000000,0,0,0.000000,0.000000,0.000000,0.000000,0.000000,0.000000,0,0,0.000000,0.000000,0.000000,0.000000,0.000000,0.000000,0,0
176,3.519999,6,gripper_r_finger2,yup_snapshot,1,1,0.874993,0.143153,0.258041,0.642182,-0.364465,-0.426944,-0.522002,0.066911,0.122721,-0.493304,1,0.000000,0.000000,0.000000,0.000000,0.000000,0.000000,0,0,0.000000,0.000000,0.000000,0.000000,0.000000,0.000000,0,0,0.000000,0.000000,0.000000,0.000000,0.000000,0.000000,0,0,0.000000,0.000000,0.000000,0.000000,0.000000,0.000000,0,0
177,3.539999,0,base,yup_snapshot,0,0,0.000000,0.000000,0.000000,1.000000,0.000000,0.000000,0.000000,0.000000,0.000000,0.000000,0,0.000000,0.000000,0.000000,0.000000,0.000000,0.000000,0,0,0.000000,0.000000,0.000000,0.000000,0.000000,0.000000,0,0,0.000000,0.000000,0.000000,0.000000,0.000000,0.000000,0,0,0.000000,0.000000,0.000000,0.000000,0.000000,0.000000,0,0
177,3.539999,1,gripper_l_palm,yup_snapshot,1,1,-1.142096,0.805491,0.351330,0.595314,-0.635798,-0.353534,-0.341140,0.018794,-0.062405,0.014119,1,0.000000,0.000000,0.000000,0.000000,0.000000,0.000000,0,0,0.000000,0.000000,0.000000,0.000000,0.000000,0.000000,0,0,0.000000,0.000000,0.000000,0.000000,0.000000,0.000000,0,0,0.000000,0.000000,0.000000,0.000000,0.000000,0.000000,0,0
177,3.539999,2,gripper_l_finger1,yup_snapshot,1,1,-1.389093,0.809576,0.358568,0.870486,-0.028626,-0.491282,0.008767,0.018794,-0.062412,0.014120,1,0.000000,0.000000,0.000000,0.000000,0.000000,0.000000,0,0,0.000000,0.000000,0.000000,0.000000,0.000000,0.000000,0,0,0.000000,0.000000,0.000000,0.000000,0.000000,0.000000,0,0,0.000000,0.000000,0.000000,0.000000,0.000000,0.000000,0,0
177,3.539999,3,gripper_l_finger2,yup_snapshot,1,1,-1.275279,0.796335,0.355674,-0.008762,-0.491142,0.028627,0.870565,0.018794,-0.062397,0.014119,1,0.000000,0.000000,0.000000,0.000000,0.000000,0.000000,0,0,0.000000,0.000000,0.000000,0.000000,0.000000,0.000000,0,0,0.000000,0.000000,0.000000,0.000000,0.000000,0.000000,0,0,0.000000,0.000000,0.000000,0.000000,0.000000,0.000000,0,0
177,3.539999,4,gripper_r_palm,yup_snapshot,1,1,0.777623,0.280437,0.221969,0.063956,-0.670899,-0.200030,0.711191,0.065298,0.115710,-0.460651,1,0.000000,0.000000,0.000000,0.000000,0.000000,0.000000,0,0,0.000000,0.000000,0.000000,0.000000,0.000000,0.000000,0,0,0.000000,0.000000,0.000000,0.000000,0.000000,0.000000,0,0,0.000000,0.000000,0.000000,0.000000,0.000000,0.000000,0,0
177,3.539999,5,gripper_r_finger1,yup_snapshot,1,1,0.832242,0.216286,0.233020,0.519589,-0.429231,0.361492,0.644292,0.065284,0.115713,-0.460651,1,0.000000,0.000000,0.000000,0.000000,0.000000,0.000000,0,0,0.000000,0.000000,0.000000,0.000000,0.000000,0.000000,0,0,0.000000,0.000000,0.000000,0.000000,0.000000,0.000000,0,0,0.000000,0.000000,0.000000,0.000000,0.000000,0.000000,0,0
177,3.539999,6,gripper_r_finger2,yup_snapshot,1,1,0.866112,0.139787,0.255886,0.644379,-0.361386,-0.429100,-0.519662,0.065344,0.115701,-0.460650,1,0.000000,0.000000,0.000000,0.000000,0.000000,0.000000,0,0,0.000000,0.000000,0.000000,0.000000,0.000000,0.000000,0,0,0.000000,0.000000,0.000000,0.000000,0.000000,0.000000,0,0,0.000000,0.000000,0.000000,0.000000,0.000000,0.000000,0,0
178,3.559999,0,base,yup_snapshot,0,0,0.000000,0.000000,0.000000,1.000000,0.000000,0.000000,0.000000,0.000000,0.000000,0.000000,0,0.000000,0.000000,0.000000,0.000000,0.000000,0.000000,0,0,0.000000,0.000000,0.000000,0.000000,0.000000,0.000000,0,0,0.000000,0.000000,0.000000,0.000000,0.000000,0.000000,0,0,0.000000,0.000000,0.000000,0.000000,0.000000,0.000000,0,0
178,3.559999,1,gripper_l_palm,yup_snapshot,1,1,-1.142048,0.805291,0.351284,0.595615,-0.635936,-0.353010,-0.340899,0.018556,-0.061444,0.013882,1,0.000000,0.000000,0.000000,0.000000,0.000000,0.000000,0,0,0.000000,0.000000,0.000000,0.000000,0.000000,0.000000,0,0,0.000000,0.000000,0.000000,0.000000,0.000000,0.000000,0,0,0.000000,0.000000,0.000000,0.000000,0.000000,0.000000,0,0
178,3.559999,2,gripper_l_finger1,yup_snapshot,1,1,-1.389028,0.809349,0.358370,0.870797,-0.028511,-0.490741,0.008566,0.018556,-0.061451,0.013883,1,0.000000,0.000000,0.000000,0.000000,0.000000,0.000000,0,0,0.000000,0.000000,0.000000,0.000000,0.000000,0.000000,0,0,0.000000,0.000000,0.000000,0.000000,0.000000,0.000000,0,0,0.000000,0.000000,0.000000,0.000000,0.000000,0.000000,0,0
178,3.559999,3,gripper_l_finger2,yup_snapshot,1,1,-1.275101,0.796157,0.355532,-0.008561,-0.490600,0.028512,0.870876,0.018555,-0.061436,0.013882,1,0.000000,0.000000,0.000000,0.000000,0.000000,0.000000,0,0,0.000000,0.000000,0.000000,0.000000,0.000000,0.000000,0,0,0.000000,0.000000,0.000000,0.000000,0.000000,0.000000,0,0,0.000000,0.000000,0.000000,0.000000,0.000000,0.000000,0,0
178,3.559999,4,gripper_r_palm,yup_snapshot,1,1,0.770095,0.276976,0.219960,0.061008,-0.670777,-0.203515,0.710576,0.063064,0.108884,-0.427764,1,0.000000,0.000000,0.000000,0.000000,0.000000,0.000000,0,0,0.000000,0.000000,0.000000,0.000000,0.000000,0.000000,0,0,0.000000,0.000000,0.000000,0.000000,0.000000,0.000000,0,0,0.000000,0.000000,0.000000,0.000000,0.000000,0.000000,0,0
178,3.559999,5,gripper_r_finger1,yup_snapshot,1,1,0.823731,0.213002,0.230917,0.517418,-0.431229,0.358593,0.646321,0.063053,0.108887,-0.427764,1,0.000000,0.000000,0.000000,0.000000,0.000000,0.000000,0,0,0.000000,0.000000,0.000000,0.000000,0.000000,0.000000,0,0,0.000000,0.000000,0.000000,0.000000,0.000000,0.000000,0,0,0.000000,0.000000,0.000000,0.000000,0.000000,0.000000,0,0
178,3.559999,6,gripper_r_finger2,yup_snapshot,1,1,0.857525,0.136624,0.253803,0.646409,-0.358488,-0.431098,-0.517491,0.063116,0.108874,-0.427763,1,0.000000,0.000000,0.000000,0.000000,0.000000,0.000000,0,0,0.000000,0.000000,0.000000,0.000000,0.000000,0.000000,0,0,0.000000,0.000000,0.000000,0.000000,0.000000,0.000000,0,0,0.000000,0.000000,0.000000,0.000000,0.000000,0.000000,0,0
179,3.579999,0,base,yup_snapshot,0,0,0.000000,0.000000,0.000000,1.000000,0.000000,0.000000,0.000000,0.000000,0.000000,0.000000,0,0.000000,0.000000,0.000000,0.000000,0.000000,0.000000,0,0,0.000000,0.000000,0.000000,0.000000,0.000000,0.000000,0,0,0.000000,0.000000,0.000000,0.000000,0.000000,0.000000,0,0,0.000000,0.000000,0.000000,0.000000,0.000000,0.000000,0,0
179,3.579999,1,gripper_l_palm,yup_snapshot,1,1,-1.142002,0.805094,0.351238,0.595912,-0.636072,-0.352493,-0.340662,0.018305,-0.060512,0.013579,1,0.000000,0.000000,0.000000,0.000000,0.000000,0.000000,0,0,0.000000,0.000000,0.000000,0.000000,0.000000,0.000000,0,0,0.000000,0.000000,0.000000,0.000000,0.000000,0.000000,0,0,0.000000,0.000000,0.000000,0.000000,0.000000,0.000000,0,0
179,3.579999,2,gripper_l_finger1,yup_snapshot,1,1,-1.388963,0.809126,0.358175,0.871103,-0.028397,-0.490208,0.008368,0.018305,-0.060519,0.013580,1,0.000000,0.000000,0.000000,0.000000,0.000000,0.000000,0,0,0.000000,0.000000,0.000000,0.000000,0.000000,0.000000,0,0,0.000000,0.000000,0.000000,0.000000,0.000000,0.000000,0,0,0.000000,0.000000,0.000000,0.000000,0.000000,0.000000,0,0
179,3.579999,3,gripper_l_finger2,yup_snapshot,1,1,-1.274925,0.795982,0.355392,-0.008364,-0.490067,0.028399,0.871182,0.018305,-0.060504,0.013579,1,0.000000,0.000000,0.000000,0.000000,0.000000,0.000000,0,0,0.000000,0.000000,0.000000,0.000000,0.000000,0.000000,0,0,0.000000,0.000000,0.000000,0.000000,0.000000,0.000000,0,0,0.000000,0.000000,0.000000,0.000000,0.000000,0.000000,0,0
179,3.579999,4,gripper_r_palm,yup_snapshot,1,1,0.762790,0.273722,0.218021,0.058289,-0.670665,-0.206752,0.709975,0.060297,0.102357,-0.394763,1,0.000000,0.000000,0.000000,0.000000,0.000000,0.000000,0,0,0.000000,0.000000,0.000000,0.000000,0.000000,0.000000,0,0,0.000000,0.000000,0.000000,0.000000,0.000000,0.000000,0,0,0.000000,0.000000,0.000000,0.000000,0.000000,0.000000,0,0
179,3.579999,5,gripper_r_finger1,yup_snapshot,1,1,0.815515,0.209924,0.228889,0.515416,-0.433073,0.355879,0.648185,0.060303,0.102355,-0.394762,1,0.000000,0.000000,0.000000,0.000000,0.000000,0.000000,0,0,0.000000,0.000000,0.000000,0.000000,0.000000,0.000000,0,0,0.000000,0.000000,0.000000,0.000000,0.000000,0.000000,0,0,0.000000,0.000000,0.000000,0.000000,0.000000,0.000000,0,0
179,3.579999,6,gripper_r_finger2,yup_snapshot,1,1,0.849243,0.133654,0.251794,0.648273,-0.355774,-0.432941,-0.515489,0.060348,0.102345,-0.394762,1,0.000000,0.000000,0.000000,0.000000,0.000000,0.000000,0,0,0.000000,0.000000,0.000000,0.000000,0.000000,0.000000,0,0,0.000000,0.000000,0.000000,0.000000,0.000000,0.000000,0,0,0.000000,0.000000,0.000000,0.000000,0.000000,0.000000,0,0
180,3.599999,0,base,yup_snapshot,0,0,0.000000,0.000000,0.000000,1.000000,0.000000,0.000000,0.000000,0.000000,0.000000,0.000000,0,0.000000,0.000000,0.000000,0.000000,0.000000,0.000000,0,0,0.000000,0.000000,0.000000,0.000000,0.000000,0.000000,0,0,0.000000,0.000000,0.000000,0.000000,0.000000,0.000000,0,0,0.000000,0.000000,0.000000,0.000000,0.000000,0.000000,0,0
180,3.599999,1,gripper_l_palm,yup_snapshot,1,1,-1.141956,0.804902,0.351193,0.596204,-0.636205,-0.351985,-0.340427,0.018048,-0.059608,0.013186,1,0.000000,0.000000,0.000000,0.000000,0.000000,0.000000,0,0,0.000000,0.000000,0.000000,0.000000,0.000000,0.000000,0,0,0.000000,0.000000,0.000000,0.000000,0.000000,0.000000,0,0,0.000000,0.000000,0.000000,0.000000,0.000000,0.000000,0,0
180,3.599999,2,gripper_l_finger1,yup_snapshot,1,1,-1.388898,0.808908,0.357983,0.871404,-0.028284,-0.489682,0.008175,0.018048,-0.059615,0.013186,1,0.000000,0.000000,0.000000,0.000000,0.000000,0.000000,0,0,0.000000,0.000000,0.000000,0.000000,0.000000,0.000000,0,0,0.000000,0.000000,0.000000,0.000000,0.000000,0.000000,0,0,0.000000,0.000000,0.000000,0.000000,0.000000,0.000000,0,0
180,3.599999,3,gripper_l_finger2,yup_snapshot,1,1,-1.274752,0.795812,0.355255,-0.008170,-0.489542,0.028285,0.871483,0.018048,-0.059601,0.013185,1,0.000000,0.000000,0.000000,0.000000,0.000000,0.000000,0,0,0.000000,0.000000,0.000000,0.000000,0.000000,0.000000,0,0,0.000000,0.000000,0.000000,0.000000,0.000000,0.000000,0,0,0.000000,0.000000,0.000000,0.000000,0.000000,0.000000,0,0
180,3.599999,4,gripper_r_palm,yup_snapshot,1,1,0.755716,0.270666,0.216152,0.055797,-0.670564,-0.209740,0.709394,0.057344,0.095620,-0.361947,1,0.000000,0.000000,0.000000,0.000000,0.000000,0.000000,0,0,0.000000,0.000000,0.000000,0.000000,0.000000,0.000000,0,0,0.000000,0.000000,0.000000,0.000000,0.000000,0.000000,0,0,0.000000,0.000000,0.000000,0.000000,0.000000,0.000000,0,0
180,3.599999,5,gripper_r_finger1,yup_snapshot,1,1,0.807601,0.207041,0.226937,0.513584,-0.434764,0.353355,0.649886,0.057339,0.095621,-0.361947,1,0.000000,0.000000,0.000000,0.000000,0.000000,0.000000,0,0,0.000000,0.000000,0.000000,0.000000,0.000000,0.000000,0,0,0.000000,0.000000,0.000000,0.000000,0.000000,0.000000,0,0,0.000000,0.000000,0.000000,0.000000,0.000000,0.000000,0,0
180,3.599999,6,gripper_r_finger2,yup_snapshot,1,1,0.841272,0.130867,0.249859,0.649975,-0.353250,-0.434632,-0.513655,0.057395,0.095609,-0.361946,1,0.000000,0.000000,0.000000,0.000000,0.000000,0.000000,0,0,0.000000,0.000000,0.000000,0.000000,0.000000,0.000000,0,0,0.000000,0.000000,0.000000,0.000000,0.000000,0.000000,0,0,0.000000,0.000000,0.000000,0.000000,0.000000,0.000000,0,0
181,3.619999,0,base,yup_snapshot,0,0,0.000000,0.000000,0.000000,1.000000,0.000000,0.000000,0.000000,0.000000,0.000000,0.000000,0,0.000000,0.000000,0.000000,0.000000,0.000000,0.000000,0,0,0.000000,0.000000,0.000000,0.000000,0.000000,0.000000,0,0,0.000000,0.000000,0.000000,0.000000,0.000000,0.000000,0,0,0.000000,0.000000,0.000000,0.000000,0.000000,0.000000,0,0
181,3.619999,1,gripper_l_palm,yup_snapshot,1,1,-1.141911,0.804716,0.351148,0.596494,-0.636334,-0.351485,-0.340194,0.017771,-0.058738,0.012705,1,0.000000,0.000000,0.000000,0.000000,0.000000,0.000000,0,0,0.000000,0.000000,0.000000,0.000000,0.000000,0.000000,0,0,0.000000,0.000000,0.000000,0.000000,0.000000,0.000000,0,0,0.000000,0.000000,0.000000,0.000000,0.000000,0.000000,0,0
181,3.619999,2,gripper_l_finger1,yup_snapshot,1,1,-1.388835,0.808697,0.357793,0.871700,-0.028171,-0.489165,0.007986,0.017772,-0.058744,0.012705,1,0.000000,0.000000,0.000000,0.000000,0.000000,0.000000,0,0,0.000000,0.000000,0.000000,0.000000,0.000000,0.000000,0,0,0.000000,0.000000,0.000000,0.000000,0.000000,0.000000,0,0,0.000000,0.000000,0.000000,0.000000,0.000000,0.000000,0,0
181,3.619999,3,gripper_l_finger2,yup_snapshot,1,1,-1.274581,0.795648,0.355120,-0.007982,-0.489024,0.028172,0.871779,0.017771,-0.058730,0.012704,1,0.000000,0.000000,0.000000,0.000000,0.000000,0.000000,0,0,0.000000,0.000000,0.000000,0.000000,0.000000,0.000000,0,0,0.000000,0.000000,0.000000,0.000000,0.000000,0.000000,0,0,0.000000,0.000000,0.000000,0.000000,0.000000,0.000000,0,0
181,3.619999,4,gripper_r_palm,yup_snapshot,1,1,0.748880,0.267801,0.214353,0.053531,-0.670477,-0.212481,0.708835,0.054255,0.088747,-0.329433,1,0.000000,0.000000,0.000000,0.000000,0.000000,0.000000,0,0,0.000000,0.000000,0.000000,0.000000,0.000000,0.000000,0,0,0.000000,0.000000,0.000000,0.000000,0.000000,0.000000,0,0,0.000000,0.000000,0.000000,0.000000,0.000000,0.000000,0,0
181,3.619999,5,gripper_r_finger1,yup_snapshot,1,1,0.799995,0.204342,0.225061,0.511919,-0.436305,0.351022,0.651430,0.054256,0.088746,-0.329433,1,0.000000,0.000000,0.000000,0.000000,0.000000,0.000000,0,0,0.000000,0.000000,0.000000,0.000000,0.000000,0.000000,0,0,0.000000,0.000000,0.000000,0.000000,0.000000,0.000000,0,0,0.000000,0.000000,0.000000,0.000000,0.000000,0.000000,0,0
181,3.619999,6,gripper_r_finger2,yup_snapshot,1,1,0.833621,0.128253,0.247999,0.651518,-0.350917,-0.436173,-0.511990,0.054306,0.088735,-0.329433,1,0.000000,0.000000,0.000000,0.000000,0.000000,0.000000,0,0,0.000000,0.000000,0.000000,0.000000,0.000000,0.000000,0,0,0.000000,0.000000,0.000000,0.000000,0.000000,0.000000,0,0,0.000000,0.000000,0.000000,0.000000,0.000000,0.000000,0,0
182,3.639999,0,base,yup_snapshot,0,0,0.000000,0.000000,0.000000,1.000000,0.000000,0.000000,0.000000,0.000000,0.000000,0.000000,0,0.000000,0.000000,0.000000,0.000000,0.000000,0.000000,0,0,0.000000,0.000000,0.000000,0.000000,0.000000,0.000000,0,0,0.000000,0.000000,0.000000,0.000000,0.000000,0.000000,0,0,0.000000,0.000000,0.000000,0.000000,0.000000,0.000000,0,0
182,3.639999,1,gripper_l_palm,yup_snapshot,1,1,-1.141866,0.804536,0.351103,0.596780,-0.636460,-0.350995,-0.339963,0.017474,-0.057900,0.012161,1,0.000000,0.000000,0.000000,0.000000,0.000000,0.000000,0,0,0.000000,0.000000,0.000000,0.000000,0.000000,0.000000,0,0,0.000000,0.000000,0.000000,0.000000,0.000000,0.000000,0,0,0.000000,0.000000,0.000000,0.000000,0.000000,0.000000,0,0
182,3.639999,2,gripper_l_finger1,yup_snapshot,1,1,-1.388772,0.808493,0.357605,0.871991,-0.028057,-0.488654,0.007803,0.017474,-0.057907,0.012162,1,0.000000,0.000000,0.000000,0.000000,0.000000,0.000000,0,0,0.000000,0.000000,0.000000,0.000000,0.000000,0.000000,0,0,0.000000,0.000000,0.000000,0.000000,0.000000,0.000000,0,0,0.000000,0.000000,0.000000,0.000000,0.000000,0.000000,0,0
182,3.639999,3,gripper_l_finger2,yup_snapshot,1,1,-1.274413,0.795491,0.354986,-0.007798,-0.488514,0.028059,0.872070,0.017474,-0.057894,0.012161,1,0.000000,0.000000,0.000000,0.000000,0.000000,0.000000,0,0,0.000000,0.000000,0.000000,0.000000,0.000000,0.000000,0,0,0.000000,0.000000,0.000000,0.000000,0.000000,0.000000,0,0,0.000000,0.000000,0.000000,0.000000,0.000000,0.000000,0,0
182,3.639999,4,gripper_r_palm,yup_snapshot,1,1,0.742289,0.265103,0.212620,0.051594,-0.670401,-0.214864,0.708332,0.048869,0.073385,-0.271848,1,0.000000,0.000000,0.000000,0.000000,0.000000,0.000000,0,0,0.000000,0.000000,0.000000,0.000000,0.000000,0.000000,0,0,0.000000,0.000000,0.000000,0.000000,0.000000,0.000000,0,0,0.000000,0.000000,0.000000,0.000000,0.000000,0.000000,0,0
182,3.639999,5,gripper_r_finger1,yup_snapshot,1,1,0.792739,0.201797,0.223258,0.510496,-0.437621,0.348980,0.652759,0.048876,0.073384,-0.271848,1,0.000000,0.000000,0.000000,0.000000,0.000000,0.000000,0,0,0.000000,0.000000,0.000000,0.000000,0.000000,0.000000,0,0,0.000000,0.000000,0.000000,0.000000,0.000000,0.000000,0,0,0.000000,0.000000,0.000000,0.000000,0.000000,0.000000,0,0
182,3.639999,6,gripper_r_finger2,yup_snapshot,1,1,0.826326,0.125775,0.246209,0.652848,-0.348876,-0.437488,-0.510567,0.048933,0.073370,-0.271847,1,0.000000,0.000000,0.000000,0.000000,0.000000,0.000000,0,0,0.000000,0.000000,0.000000,0.000000,0.000000,0.000000,0,0,0.000000,0.000000,0.000000,0.000000,0.000000,0.000000,0,0,0.000000,0.000000,0.000000,0.000000,0.000000,0.000000,0,0
183,3.659999,0,base,yup_snapshot,0,0,0.000000,0.000000,0.000000,1.000000,0.000000,0.000000,0.000000,0.000000,0.000000,0.000000,0,0.000000,0.000000,0.000000,0.000000,0.000000,0.000000,0,0,0.000000,0.000000,0.000000,0.000000,0.000000,0.000000,0,0,0.000000,0.000000,0.000000,0.000000,0.000000,0.000000,0,0,0.000000,0.000000,0.000000,0.000000,0.000000,0.000000,0,0
183,3.659999,1,gripper_l_palm,yup_snapshot,1,1,-1.141822,0.804364,0.351058,0.597062,-0.636584,-0.350514,-0.339732,0.017065,-0.057102,0.011583,1,0.000000,0.000000,0.000000,0.000000,0.000000,0.000000,0,0,0.000000,0.000000,0.000000,0.000000,0.000000,0.000000,0,0,0.000000,0.000000,0.000000,0.000000,0.000000,0.000000,0,0,0.000000,0.000000,0.000000,0.000000,0.000000,0.000000,0,0
183,3.659999,2,gripper_l_finger1,yup_snapshot,1,1,-1.388710,0.808299,0.357420,0.872278,-0.027945,-0.488151,0.007626,0.017065,-0.057109,0.011584,1,0.000000,0.000000,0.000000,0.000000,0.000000,0.000000,0,0,0.000000,0.000000,0.000000,0.000000,0.000000,0.000000,0,0,0.000000,0.000000,0.000000,0.000000,0.000000,0.000000,0,0,0.000000,0.000000,0.000000,0.000000,0.000000,0.000000,0,0
183,3.659999,3,gripper_l_finger2,yup_snapshot,1,1,-1.274248,0.795341,0.354854,-0.007622,-0.488011,0.027947,0.872357,0.017065,-0.057097,0.011583,1,0.000000,0.000000,0.000000,0.000000,0.000000,0.000000,0,0,0.000000,0.000000,0.000000,0.000000,0.000000,0.000000,0,0,0.000000,0.000000,0.000000,0.000000,0.000000,0.000000,0,0,0.000000,0.000000,0.000000,0.000000,0.000000,0.000000,0,0
183,3.659999,4,gripper_r_palm,yup_snapshot,1,1,0.735944,0.262541,0.210947,0.050147,-0.670338,-0.216723,0.707929,0.041458,0.051377,-0.194017,1,0.000000,0.000000,0.000000,0.000000,0.000000,0.000000,0,0,0.000000,0.000000,0.000000,0.000000,0.000000,0.000000,0,0,0.000000,0.000000,0.000000,0.000000,0.000000,0.000000,0,0,0.000000,0.000000,0.000000,0.000000,0.000000,0.000000,0,0
183,3.659999,5,gripper_r_finger1,yup_snapshot,1,1,0.785886,0.199365,0.221523,0.509428,-0.438600,0.347381,0.653788,0.041471,0.051373,-0.194017,1,0.000000,0.000000,0.000000,0.000000,0.000000,0.000000,0,0,0.000000,0.000000,0.000000,0.000000,0.000000,0.000000,0,0,0.000000,0.000000,0.000000,0.000000,0.000000,0.000000,0,0,0.000000,0.000000,0.000000,0.000000,0.000000,0.000000,0,0
183,3.659999,6,gripper_r_finger2,yup_snapshot,1,1,0.819445,0.123384,0.244479,0.653878,-0.347277,-0.438467,-0.509499,0.041534,0.051358,-0.194016,1,0.000000,0.000000,0.000000,0.000000,0.000000,0.000000,0,0,0.000000,0.000000,0.000000,0.000000,0.000000,0.000000,0,0,0.000000,0.000000,0.000000,0.000000,0.000000,0.000000,0,0,0.000000,0.000000,0.000000,0.000000,0.000000,0.000000,0,0
184,3.679999,0,base,yup_snapshot,0,0,0.000000,0.000000,0.000000,1.000000,0.000000,0.000000,0.000000,0.000000,0.000000,0.000000,0,0.000000,0.000000,0.000000,0.000000,0.000000,0.000000,0,0,0.000000,0.000000,0.000000,0.000000,0.000000,0.000000,0,0,0.000000,0.000000,0.000000,0.000000,0.000000,0.000000,0,0,0.000000,0.000000,0.000000,0.000000,0.000000,0.000000,0,0
184,3.679999,1,gripper_l_palm,yup_snapshot,1,1,-1.141779,0.804200,0.351014,0.597341,-0.636705,-0.350043,-0.339502,0.016929,-0.056292,0.011037,1,0.000000,0.000000,0.000000,0.000000,0.000000,0.000000,0,0,0.000000,0.000000,0.000000,0.000000,0.000000,0.000000,0,0,0.000000,0.000000,0.000000,0.000000,0.000000,0.000000,0,0,0.000000,0.000000,0.000000,0.000000,0.000000,0.000000,0,0
184,3.679999,2,gripper_l_finger1,yup_snapshot,1,1,-1.388649,0.808113,0.357236,0.872561,-0.027834,-0.487655,0.007456,0.016929,-0.056296,0.011037,1,0.000000,0.000000,0.000000,0.000000,0.000000,0.000000,0,0,0.000000,0.000000,0.000000,0.000000,0.000000,0.000000,0,0,0.000000,0.000000,0.000000,0.000000,0.000000,0.000000,0,0,0.000000,0.000000,0.000000,0.000000,0.000000,0.000000,0,0
184,3.679999,3,gripper_l_finger2,yup_snapshot,1,1,-1.274085,0.795199,0.354722,-0.007451,-0.487515,0.027835,0.872639,0.016928,-0.056284,0.011036,1,0.000000,0.000000,0.000000,0.000000,0.000000,0.000000,0,0,0.000000,0.000000,0.000000,0.000000,0.000000,0.000000,0,0,0.000000,0.000000,0.000000,0.000000,0.000000,0.000000,0,0,0.000000,0.000000,0.000000,0.000000,0.000000,0.000000,0,0
184,3.679999,4,gripper_r_palm,yup_snapshot,1,1,0.729841,0.260104,0.209329,0.049194,-0.670294,-0.218046,0.707631,0.034893,0.033950,-0.128725,1,0.000000,0.000000,0.000000,0.000000,0.000000,0.000000,0,0,0.000000,0.000000,0.000000,0.000000,0.000000,0.000000,0,0,0.000000,0.000000,0.000000,0.000000,0.000000,0.000000,0,0,0.000000,0.000000,0.000000,0.000000,0.000000,0.000000,0,0
184,3.679999,5,gripper_r_finger1,yup_snapshot,1,1,0.779432,0.197030,0.219852,0.508724,-0.439243,0.346235,0.654513,0.034907,0.033947,-0.128725,1,0.000000,0.000000,0.000000,0.000000,0.000000,0.000000,0,0,0.000000,0.000000,0.000000,0.000000,0.000000,0.000000,0,0,0.000000,0.000000,0.000000,0.000000,0.000000,0.000000,0,0,0.000000,0.000000,0.000000,0.000000,0.000000,0.000000,0,0
184,3.679999,6,gripper_r_finger2,yup_snapshot,1,1,0.812974,0.121066,0.242809,0.654602,-0.346131,-0.439109,-0.508795,0.034964,0.033932,-0.128725,1,0.000000,0.000000,0.000000,0.000000,0.000000,0.000000,0,0,0.000000,0.000000,0.000000,0.000000,0.000000,0.000000,0,0,0.000000,0.000000,0.000000,0.000000,0.000000,0.000000,0,0,0.000000,0.000000,0.000000,0.000000,0.000000,0.000000,0,0
185,3.699999,0,base,yup_snapshot,0,0,0.000000,0.000000,0.000000,1.000000,0.000000,0.000000,0.000000,0.000000,0.000000,0.000000,0,0.000000,0.000000,0.000000,0.000000,0.000000,0.000000,0,0,0.000000,0.000000,0.000000,0.000000,0.000000,0.000000,0,0,0.000000,0.000000,0.000000,0.000000,0.000000,0.000000,0,0,0.000000,0.000000,0.000000,0.000000,0.000000,0.000000,0,0
185,3.699999,1,gripper_l_palm,yup_snapshot,1,1,-1.141737,0.804043,0.350969,0.597619,-0.636819,-0.349579,-0.339274,0.017210,-0.055472,0.010552,1,0.000000,0.000000,0.000000,0.000000,0.000000,0.000000,0,0,0.000000,0.000000,0.000000,0.000000,0.000000,0.000000,0,0,0.000000,0.000000,0.000000,0.000000,0.000000,0.000000,0,0,0.000000,0.000000,0.000000,0.000000,0.000000,0.000000,0,0
185,3.699999,2,gripper_l_finger1,yup_snapshot,1,1,-1.388588,0.807937,0.357055,0.872839,-0.027718,-0.487166,0.007289,0.017210,-0.055475,0.010552,1,0.000000,0.000000,0.000000,0.000000,0.000000,0.000000,0,0,0.000000,0.000000,0.000000,0.000000,0.000000,0.000000,0,0,0.000000,0.000000,0.000000,0.000000,0.000000,0.000000,0,0,0.000000,0.000000,0.000000,0.000000,0.000000,0.000000,0,0
185,3.699999,3,gripper_l_finger2,yup_snapshot,1,1,-1.273924,0.795065,0.354593,-0.007284,-0.487026,0.027719,0.872917,0.017210,-0.055464,0.010551,1,0.000000,0.000000,0.000000,0.000000,0.000000,0.000000,0,0,0.000000,0.000000,0.000000,0.000000,0.000000,0.000000,0,0,0.000000,0.000000,0.000000,0.000000,0.000000,0.000000,0,0,0.000000,0.000000,0.000000,0.000000,0.000000,0.000000,0,0
185,3.699999,4,gripper_r_palm,yup_snapshot,1,1,0.723975,0.257790,0.207765,0.048673,-0.670277,-0.218899,0.707420,0.028943,0.018837,-0.069191,1,0.000000,0.000000,0.000000,0.000000,0.000000,0.000000,0,0,0.000000,0.000000,0.000000,0.000000,0.000000,0.000000,0,0,0.000000,0.000000,0.000000,0.000000,0.000000,0.000000,0,0,0.000000,0.000000,0.000000,0.000000,0.000000,0.000000,0,0
185,3.699999,5,gripper_r_finger1,yup_snapshot,1,1,0.773352,0.194793,0.218242,0.508344,-0.439600,0.345482,0.654966,0.028954,0.018834,-0.069191,1,0.000000,0.000000,0.000000,0.000000,0.000000,0.000000,0,0,0.000000,0.000000,0.000000,0.000000,0.000000,0.000000,0,0,0.000000,0.000000,0.000000,0.000000,0.000000,0.000000,0,0,0.000000,0.000000,0.000000,0.000000,0.000000,0.000000,0,0
185,3.699999,6,gripper_r_finger2,yup_snapshot,1,1,0.806887,0.118823,0.241195,0.655056,-0.345378,-0.439466,-0.508414,0.029010,0.018820,-0.069190,1,0.000000,0.000000,0.000000,0.000000,0.000000,0.000000,0,0,0.000000,0.000000,0.000000,0.000000,0.000000,0.000000,0,0,0.000000,0.000000,0.000000,0.000000,0.000000,0.000000,0,0,0.000000,0.000000,0.000000,0.000000,0.000000,0.000000,0,0
186,3.719999,0,base,yup_snapshot,0,0,0.000000,0.000000,0.000000,1.000000,0.000000,0.000000,0.000000,0.000000,0.000000,0.000000,0,0.000000,0.000000,0.000000,0.000000,0.000000,0.000000,0,0,0.000000,0.000000,0.000000,0.000000,0.000000,0.000000,0,0,0.000000,0.000000,0.000000,0.000000,0.000000,0.000000,0,0,0.000000,0.000000,0.000000,0.000000,0.000000,0.000000,0,0
186,3.719999,1,gripper_l_palm,yup_snapshot,1,1,-1.141695,0.803894,0.350923,0.597898,-0.636928,-0.349122,-0.339050,0.017435,-0.054698,0.010066,1,0.000000,0.000000,0.000000,0.000000,0.000000,0.000000,0,0,0.000000,0.000000,0.000000,0.000000,0.000000,0.000000,0,0,0.000000,0.000000,0.000000,0.000000,0.000000,0.000000,0,0,0.000000,0.000000,0.000000,0.000000,0.000000,0.000000,0,0
186,3.719999,2,gripper_l_finger1,yup_snapshot,1,1,-1.388529,0.807769,0.356874,0.873113,-0.027598,-0.486685,0.007124,0.017435,-0.054701,0.010066,1,0.000000,0.000000,0.000000,0.000000,0.000000,0.000000,0,0,0.000000,0.000000,0.000000,0.000000,0.000000,0.000000,0,0,0.000000,0.000000,0.000000,0.000000,0.000000,0.000000,0,0,0.000000,0.000000,0.000000,0.000000,0.000000,0.000000,0,0
186,3.719999,3,gripper_l_finger2,yup_snapshot,1,1,-1.273766,0.794941,0.354464,-0.007120,-0.486544,0.027599,0.873191,0.017435,-0.054691,0.010066,1,0.000000,0.000000,0.000000,0.000000,0.000000,0.000000,0,0,0.000000,0.000000,0.000000,0.000000,0.000000,0.000000,0,0,0.000000,0.000000,0.000000,0.000000,0.000000,0.000000,0,0,0.000000,0.000000,0.000000,0.000000,0.000000,0.000000,0,0
186,3.719999,4,gripper_r_palm,yup_snapshot,1,1,0.718339,0.255596,0.206248,0.048542,-0.670290,-0.219328,0.707284,0.023824,0.005858,-0.015568,1,0.000000,0.000000,0.000000,0.000000,0.000000,0.000000,0,0,0.000000,0.000000,0.000000,0.000000,0.000000,0.000000,0,0,0.000000,0.000000,0.000000,0.000000,0.000000,0.000000,0,0,0.000000,0.000000,0.000000,0.000000,0.000000,0.000000,0,0
186,3.719999,5,gripper_r_finger1,yup_snapshot,1,1,0.767625,0.192652,0.216687,0.508260,-0.439701,0.345083,0.655173,0.023846,0.005853,-0.015568,1,0.000000,0.000000,0.000000,0.000000,0.000000,0.000000,0,0,0.000000,0.000000,0.000000,0.000000,0.000000,0.000000,0,0,0.000000,0.000000,0.000000,0.000000,0.000000,0.000000,0,0,0.000000,0.000000,0.000000,0.000000,0.000000,0.000000,0,0
186,3.719999,6,gripper_r_finger2,yup_snapshot,1,1,0.801164,0.116657,0.239632,0.655263,-0.344979,-0.439568,-0.508330,0.023890,0.005842,-0.015568,1,0.000000,0.000000,0.000000,0.000000,0.000000,0.000000,0,0,0.000000,0.000000,0.000000,0.000000,0.000000,0.000000,0,0,0.000000,0.000000,0.000000,0.000000,0.000000,0.000000,0,0,0.000000,0.000000,0.000000,0.000000,0.000000,0.000000,0,0
187,3.739999,0,base,yup_snapshot,0,0,0.000000,0.000000,0.000000,1.000000,0.000000,0.000000,0.000000,0.000000,0.000000,0.000000,0,0.000000,0.000000,0.000000,0.000000,0.000000,0.000000,0,0,0.000000,0.000000,0.000000,0.000000,0.000000,0.000000,0,0,0.000000,0.000000,0.000000,0.000000,0.000000,0.000000,0,0,0.000000,0.000000,0.000000,0.000000,0.000000,0.000000,0,0
187,3.739999,1,gripper_l_palm,yup_snapshot,1,1,-1.141654,0.803753,0.350877,0.598176,-0.637031,-0.348672,-0.338828,0.017622,-0.053953,0.009553,1,0.000000,0.000000,0.000000,0.000000,0.000000,0.000000,0,0,0.000000,0.000000,0.000000,0.000000,0.000000,0.000000,0,0,0.000000,0.000000,0.000000,0.000000,0.000000,0.000000,0,0,0.000000,0.000000,0.000000,0.000000,0.000000,0.000000,0,0
187,3.739999,2,gripper_l_finger1,yup_snapshot,1,1,-1.388470,0.807611,0.356696,0.873383,-0.027474,-0.486209,0.006963,0.017622,-0.053956,0.009553,1,0.000000,0.000000,0.000000,0.000000,0.000000,0.000000,0,0,0.000000,0.000000,0.000000,0.000000,0.000000,0.000000,0,0,0.000000,0.000000,0.000000,0.000000,0.000000,0.000000,0,0,0.000000,0.000000,0.000000,0.000000,0.000000,0.000000,0,0
187,3.739999,3,gripper_l_finger2,yup_snapshot,1,1,-1.273610,0.794825,0.354335,-0.006958,-0.486069,0.027475,0.873461,0.017622,-0.053947,0.009553,1,0.000000,0.000000,0.000000,0.000000,0.000000,0.000000,0,0,0.000000,0.000000,0.000000,0.000000,0.000000,0.000000,0,0,0.000000,0.000000,0.000000,0.000000,0.000000,0.000000,0,0,0.000000,0.000000,0.000000,0.000000,0.000000,0.000000,0,0
187,3.739999,4,gripper_r_palm,yup_snapshot,1,1,0.712930,0.253520,0.204773,0.048764,-0.670334,-0.219376,0.707212,0.019507,-0.005385,0.032966,1,0.000000,0.000000,0.000000,0.000000,0.000000,0.000000,0,0,0.000000,0.000000,0.000000,0.000000,0.000000,0.000000,0,0,0.000000,0.000000,0.000000,0.000000,0.000000,0.000000,0,0,0.000000,0.000000,0.000000,0.000000,0.000000,0.000000,0,0
187,3.739999,5,gripper_r_finger1,yup_snapshot,1,1,0.762234,0.190608,0.215179,0.508448,-0.439576,0.344998,0.655157,0.019523,-0.005389,0.032966,1,0.000000,0.000000,0.000000,0.000000,0.000000,0.000000,0,0,0.000000,0.000000,0.000000,0.000000,0.000000,0.000000,0,0,0.000000,0.000000,0.000000,0.000000,0.000000,0.000000,0,0,0.000000,0.000000,0.000000,0.000000,0.000000,0.000000,0,0
187,3.739999,6,gripper_r_finger2,yup_snapshot,1,1,0.795788,0.114567,0.238113,0.655246,-0.344894,-0.439442,-0.508518,0.019574,-0.005402,0.032967,1,0.000000,0.000000,0.000000,0.000000,0.000000,0.000000,0,0,0.000000,0.000000,0.000000,0.000000,0.000000,0.000000,0,0,0.000000,0.000000,0.000000,0.000000,0.000000,0.000000,0,0,0.000000,0.000000,0.000000,0.000000,0.000000,0.000000,0,0
188,3.759999,0,base,yup_snapshot,0,0,0.000000,0.000000,0.000000,1.000000,0.000000,0.000000,0.000000,0.000000,0.000000,0.000000,0,0.000000,0.000000,0.000000,0.000000,0.000000,0.000000,0,0,0.000000,0.000000,0.000000,0.000000,0.000000,0.000000,0,0,0.000000,0.000000,0.000000,0.000000,0.000000,0.000000,0,0,0.000000,0.000000,0.000000,0.000000,0.000000,0.000000,0,0
188,3.759999,1,gripper_l_palm,yup_snapshot,1,1,-1.141613,0.803619,0.350831,0.598455,-0.637129,-0.348229,-0.338608,0.017779,-0.053228,0.009004,1,0.000000,0.000000,0.000000,0.000000,0.000000,0.000000,0,0,0.000000,0.000000,0.000000,0.000000,0.000000,0.000000,0,0,0.000000,0.000000,0.000000,0.000000,0.000000,0.000000,0,0,0.000000,0.000000,0.000000,0.000000,0.000000,0.000000,0,0
188,3.759999,2,gripper_l_finger1,yup_snapshot,1,1,-1.388412,0.807462,0.356518,0.873649,-0.027346,-0.485741,0.006805,0.017779,-0.053232,0.009004,1,0.000000,0.000000,0.000000,0.000000,0.000000,0.000000,0,0,0.000000,0.000000,0.000000,0.000000,0.000000,0.000000,0,0,0.000000,0.000000,0.000000,0.000000,0.000000,0.000000,0,0,0.000000,0.000000,0.000000,0.000000,0.000000,0.000000,0,0
188,3.759999,3,gripper_l_finger2,yup_snapshot,1,1,-1.273457,0.794719,0.354207,-0.006801,-0.485600,0.027347,0.873727,0.017779,-0.053223,0.009004,1,0.000000,0.000000,0.000000,0.000000,0.000000,0.000000,0,0,0.000000,0.000000,0.000000,0.000000,0.000000,0.000000,0,0,0.000000,0.000000,0.000000,0.000000,0.000000,0.000000,0,0,0.000000,0.000000,0.000000,0.000000,0.000000,0.000000,0,0
188,3.759999,4,gripper_r_palm,yup_snapshot,1,1,0.707740,0.251555,0.203337,0.049307,-0.670410,-0.219082,0.707193,0.015919,-0.015176,0.076960,1,0.000000,0.000000,0.000000,0.000000,0.000000,0.000000,0,0,0.000000,0.000000,0.000000,0.000000,0.000000,0.000000,0,0,0.000000,0.000000,0.000000,0.000000,0.000000,0.000000,0,0,0.000000,0.000000,0.000000,0.000000,0.000000,0.000000,0,0
188,3.759999,5,gripper_r_finger1,yup_snapshot,1,1,0.757160,0.188657,0.213714,0.508886,-0.439245,0.345193,0.654936,0.015941,-0.015182,0.076960,1,0.000000,0.000000,0.000000,0.000000,0.000000,0.000000,0,0,0.000000,0.000000,0.000000,0.000000,0.000000,0.000000,0,0,0.000000,0.000000,0.000000,0.000000,0.000000,0.000000,0,0,0.000000,0.000000,0.000000,0.000000,0.000000,0.000000,0,0
188,3.759999,6,gripper_r_finger2,yup_snapshot,1,1,0.790740,0.112555,0.236634,0.655026,-0.345089,-0.439111,-0.508956,0.015988,-0.015194,0.076961,1,0.000000,0.000000,0.000000,0.000000,0.000000,0.000000,0,0,0.000000,0.000000,0.000000,0.000000,0.000000,0.000000,0,0,0.000000,0.000000,0.000000,0.000000,0.000000,0.000000,0,0,0.000000,0.000000,0.000000,0.000000,0.000000,0.000000,0,0
189,3.779999,0,base,yup_snapshot,0,0,0.000000,0.000000,0.000000,1.000000,0.000000,0.000000,0.000000,0.000000,0.000000,0.000000,0,0.000000,0.000000,0.000000,0.000000,0.000000,0.000000,0,0,0.000000,0.000000,0.000000,0.000000,0.000000,0.000000,0,0,0.000000,0.000000,0.000000,0.000000,0.000000,0.000000,0,0,0.000000,0.000000,0.000000,0.000000,0.000000,0.000000,0,0
189,3.779999,1,gripper_l_palm,yup_snapshot,1,1,-1.141573,0.803494,0.350783,0.598734,-0.637221,-0.347793,-0.338390,0.017913,-0.052521,0.008428,1,0.000000,0.000000,0.000000,0.000000,0.000000,0.000000,0,0,0.000000,0.000000,0.000000,0.000000,0.000000,0.000000,0,0,0.000000,0.000000,0.000000,0.000000,0.000000,0.000000,0,0,0.000000,0.000000,0.000000,0.000000,0.000000,0.000000,0,0
189,3.779999,2,gripper_l_finger1,yup_snapshot,1,1,-1.388354,0.807323,0.356342,0.873911,-0.027214,-0.485278,0.006651,0.017913,-0.052525,0.008429,1,0.000000,0.000000,0.000000,0.000000,0.000000,0.000000,0,0,0.000000,0.000000,0.000000,0.000000,0.000000,0.000000,0,0,0.000000,0.000000,0.000000,0.000000,0.000000,0.000000,0,0,0.000000,0.000000,0.000000,0.000000,0.000000,0.000000,0,0
189,3.779999,3,gripper_l_finger2,yup_snapshot,1,1,-1.273305,0.794622,0.354079,-0.006647,-0.485138,0.027215,0.873989,0.017913,-0.052517,0.008428,1,0.000000,0.000000,0.000000,0.000000,0.000000,0.000000,0,0,0.000000,0.000000,0.000000,0.000000,0.000000,0.000000,0,0,0.000000,0.000000,0.000000,0.000000,0.000000,0.000000,0,0,0.000000,0.000000,0.000000,0.000000,0.000000,0.000000,0,0
189,3.779999,4,gripper_r_palm,yup_snapshot,1,1,0.702759,0.249699,0.201933,0.050144,-0.670516,-0.218479,0.707221,0.012956,-0.023754,0.116927,1,0.000000,0.000000,0.000000,0.000000,0.000000,0.000000,0,0,0.000000,0.000000,0.000000,0.000000,0.000000,0.000000,0,0,0.000000,0.000000,0.000000,0.000000,0.000000,0.000000,0,0,0.000000,0.000000,0.000000,0.000000,0.000000,0.000000,0,0
189,3.779999,5,gripper_r_finger1,yup_snapshot,1,1,0.752384,0.186799,0.212285,0.509552,-0.438728,0.345638,0.654529,0.012970,-0.023758,0.116928,1,0.000000,0.000000,0.000000,0.000000,0.000000,0.000000,0,0,0.000000,0.000000,0.000000,0.000000,0.000000,0.000000,0,0,0.000000,0.000000,0.000000,0.000000,0.000000,0.000000,0,0,0.000000,0.000000,0.000000,0.000000,0.000000,0.000000,0,0
189,3.779999,6,gripper_r_finger2,yup_snapshot,1,1,0.786001,0.110618,0.235188,0.654619,-0.345534,-0.438595,-0.509622,0.013027,-0.023772,0.116928,1,0.000000,0.000000,0.000000,0.000000,0.000000,0.000000,0,0,0.000000,0.000000,0.000000,0.000000,0.000000,0.000000,0,0,0.000000,0.000000,0.000000,0.000000,0.000000,0.000000,0,0,0.000000,0.000000,0.000000,0.000000,0.000000,0.000000,0,0
190,3.799999,0,base,yup_snapshot,0,0,0.000000,0.000000,0.000000,1.000000,0.000000,0.000000,0.000000,0.000000,0.000000,0.000000,0,0.000000,0.000000,0.000000,0.000000,0.000000,0.000000,0,0,0.000000,0.000000,0.000000,0.000000,0.000000,0.000000,0,0,0.000000,0.000000,0.000000,0.000000,0.000000,0.000000,0,0,0.000000,0.000000,0.000000,0.000000,0.000000,0.000000,0,0
190,3.799999,1,gripper_l_palm,yup_snapshot,1,1,-1.141535,0.803378,0.350735,0.599013,-0.637307,-0.347365,-0.338173,0.018028,-0.051828,0.007848,1,0.000000,0.000000,0.000000,0.000000,0.000000,0.000000,0,0,0.000000,0.000000,0.000000,0.000000,0.000000,0.000000,0,0,0.000000,0.000000,0.000000,0.000000,0.000000,0.000000,0,0,0.000000,0.000000,0.000000,0.000000,0.000000,0.000000,0,0
190,3.799999,2,gripper_l_finger1,yup_snapshot,1,1,-1.388298,0.807194,0.356167,0.874169,-0.027078,-0.484822,0.006502,0.018028,-0.051832,0.007849,1,0.000000,0.000000,0.000000,0.000000,0.000000,0.000000,0,0,0.000000,0.000000,0.000000,0.000000,0.000000,0.000000,0,0,0.000000,0.000000,0.000000,0.000000,0.000000,0.000000,0,0,0.000000,0.000000,0.000000,0.000000,0.000000,0.000000,0,0
190,3.799999,3,gripper_l_finger2,yup_snapshot,1,1,-1.273156,0.794535,0.353951,-0.006497,-0.484682,0.027079,0.874247,0.018028,-0.051825,0.007848,1,0.000000,0.000000,0.000000,0.000000,0.000000,0.000000,0,0,0.000000,0.000000,0.000000,0.000000,0.000000,0.000000,0,0,0.000000,0.000000,0.000000,0.000000,0.000000,0.000000,0,0,0.000000,0.000000,0.000000,0.000000,0.000000,0.000000,0,0
190,3.799999,4,gripper_r_palm,yup_snapshot,1,1,0.697977,0.247945,0.200558,0.051248,-0.670650,-0.217598,0.707285,0.010516,-0.031318,0.153326,1,0.000000,0.000000,0.000000,0.000000,0.000000,0.000000,0,0,0.000000,0.000000,0.000000,0.000000,0.000000,0.000000,0,0,0.000000,0.000000,0.000000,0.000000,0.000000,0.000000,0,0,0.000000,0.000000,0.000000,0.000000,0.000000,0.000000,0,0
190,3.799999,5,gripper_r_finger1,yup_snapshot,1,1,0.747887,0.185030,0.210887,0.510428,-0.438042,0.346307,0.653952,0.010535,-0.031322,0.153326,1,0.000000,0.000000,0.000000,0.000000,0.000000,0.000000,0,0,0.000000,0.000000,0.000000,0.000000,0.000000,0.000000,0,0,0.000000,0.000000,0.000000,0.000000,0.000000,0.000000,0,0,0.000000,0.000000,0.000000,0.000000,0.000000,0.000000,0,0
190,3.799999,6,gripper_r_finger2,yup_snapshot,1,1,0.781552,0.108754,0.233772,0.654041,-0.346203,-0.437909,-0.510499,0.010590,-0.031336,0.153327,1,0.000000,0.000000,0.000000,0.000000,0.000000,0.000000,0,0,0.000000,0.000000,0.000000,0.000000,0.000000,0.000000,0,0,0.000000,0.000000,0.000000,0.000000,0.000000,0.000000,0,0,0.000000,0.000000,0.000000,0.000000,0.000000,0.000000,0,0
191,3.819999,0,base,yup_snapshot,0,0,0.000000,0.000000,0.000000,1.000000,0.000000,0.000000,0.000000,0.000000,0.000000,0.000000,0,0.000000,0.000000,0.000000,0.000000,0.000000,0.000000,0,0,0.000000,0.000000,0.000000,0.000000,0.000000,0.000000,0,0,0.000000,0.000000,0.000000,0.000000,0.000000,0.000000,0,0,0.000000,0.000000,0.000000,0.000000,0.000000,0.000000,0,0
191,3.819999,1,gripper_l_palm,yup_snapshot,1,1,-1.141497,0.803270,0.350687,0.599291,-0.637389,-0.346944,-0.337958,0.018127,-0.051147,0.007286,1,0.000000,0.000000,0.000000,0.000000,0.000000,0.000000,0,0,0.000000,0.000000,0.000000,0.000000,0.000000,0.000000,0,0,0.000000,0.000000,0.000000,0.000000,0.000000,0.000000,0,0,0.000000,0.000000,0.000000,0.000000,0.000000,0.000000,0,0
191,3.819999,2,gripper_l_finger1,yup_snapshot,1,1,-1.388242,0.807075,0.355993,0.874424,-0.026939,-0.484372,0.006356,0.018127,-0.051151,0.007287,1,0.000000,0.000000,0.000000,0.000000,0.000000,0.000000,0,0,0.000000,0.000000,0.000000,0.000000,0.000000,0.000000,0,0,0.000000,0.000000,0.000000,0.000000,0.000000,0.000000,0,0,0.000000,0.000000,0.000000,0.000000,0.000000,0.000000,0,0
191,3.819999,3,gripper_l_finger2,yup_snapshot,1,1,-1.273010,0.794458,0.353825,-0.006352,-0.484232,0.026940,0.874502,0.018127,-0.051145,0.007286,1,0.000000,0.000000,0.000000,0.000000,0.000000,0.000000,0,0,0.000000,0.000000,0.000000,0.000000,0.000000,0.000000,0,0,0.000000,0.000000,0.000000,0.000000,0.000000,0.000000,0,0,0.000000,0.000000,0.000000,0.000000,0.000000,0.000000,0,0
191,3.819999,4,gripper_r_palm,yup_snapshot,1,1,0.693381,0.246286,0.199209,0.052598,-0.670812,-0.216464,0.707382,0.008507,-0.038031,0.186573,1,0.000000,0.000000,0.000000,0.000000,0.000000,0.000000,0,0,0.000000,0.000000,0.000000,0.000000,0.000000,0.000000,0,0,0.000000,0.000000,0.000000,0.000000,0.000000,0.000000,0,0,0.000000,0.000000,0.000000,0.000000,0.000000,0.000000,0,0
191,3.819999,5,gripper_r_finger1,yup_snapshot,1,1,0.743649,0.183345,0.209518,0.511497,-0.437201,0.347178,0.653218,0.008519,-0.038034,0.186573,1,0.000000,0.000000,0.000000,0.000000,0.000000,0.000000,0,0,0.000000,0.000000,0.000000,0.000000,0.000000,0.000000,0,0,0.000000,0.000000,0.000000,0.000000,0.000000,0.000000,0,0,0.000000,0.000000,0.000000,0.000000,0.000000,0.000000,0,0
191,3.819999,6,gripper_r_finger2,yup_snapshot,1,1,0.777372,0.106960,0.232382,0.653307,-0.347073,-0.437069,-0.511567,0.008584,-0.038050,0.186574,1,0.000000,0.000000,0.000000,0.000000,0.000000,0.000000,0,0,0.000000,0.000000,0.000000,0.000000,0.000000,0.000000,0,0,0.000000,0.000000,0.000000,0.000000,0.000000,0.000000,0,0,0.000000,0.000000,0.000000,0.000000,0.000000,0.000000,0,0
192,3.839999,0,base,yup_snapshot,0,0,0.000000,0.000000,0.000000,1.000000,0.000000,0.000000,0.000000,0.000000,0.000000,0.000000,0,0.000000,0.000000,0.000000,0.000000,0.000000,0.000000,0,0,0.000000,0.000000,0.000000,0.000000,0.000000,0.000000,0,0,0.000000,0.000000,0.000000,0.000000,0.000000,0.000000,0,0,0.000000,0.000000,0.000000,0.000000,0.000000,0.000000,0,0
192,3.839999,1,gripper_l_palm,yup_snapshot,1,1,-1.141459,0.803171,0.350637,0.599570,-0.637466,-0.346530,-0.337744,0.018208,-0.050476,0.006757,1,0.000000,0.000000,0.000000,0.000000,0.000000,0.000000,0,0,0.000000,0.000000,0.000000,0.000000,0.000000,0.000000,0,0,0.000000,0.000000,0.000000,0.000000,0.000000,0.000000,0,0,0.000000,0.000000,0.000000,0.000000,0.000000,0.000000,0,0
192,3.839999,2,gripper_l_finger1,yup_snapshot,1,1,-1.388187,0.806966,0.355820,0.874675,-0.026796,-0.483928,0.006215,0.018209,-0.050481,0.006757,1,0.000000,0.000000,0.000000,0.000000,0.000000,0.000000,0,0,0.000000,0.000000,0.000000,0.000000,0.000000,0.000000,0,0,0.000000,0.000000,0.000000,0.000000,0.000000,0.000000,0,0,0.000000,0.000000,0.000000,0.000000,0.000000,0.000000,0,0
192,3.839999,3,gripper_l_finger2,yup_snapshot,1,1,-1.272865,0.794389,0.353698,-0.006211,-0.483788,0.026797,0.874753,0.018208,-0.050475,0.006757,1,0.000000,0.000000,0.000000,0.000000,0.000000,0.000000,0,0,0.000000,0.000000,0.000000,0.000000,0.000000,0.000000,0,0,0.000000,0.000000,0.000000,0.000000,0.000000,0.000000,0,0,0.000000,0.000000,0.000000,0.000000,0.000000,0.000000,0,0
192,3.839999,4,gripper_r_palm,yup_snapshot,1,1,0.688958,0.244717,0.197882,0.054174,-0.670997,-0.215099,0.707503,0.006851,-0.044034,0.217055,1,0.000000,0.000000,0.000000,0.000000,0.000000,0.000000,0,0,0.000000,0.000000,0.000000,0.000000,0.000000,0.000000,0,0,0.000000,0.000000,0.000000,0.000000,0.000000,0.000000,0,0,0.000000,0.000000,0.000000,0.000000,0.000000,0.000000,0,0
192,3.839999,5,gripper_r_finger1,yup_snapshot,1,1,0.739650,0.181740,0.208174,0.512742,-0.436218,0.348229,0.652339,0.006868,-0.044038,0.217056,1,0.000000,0.000000,0.000000,0.000000,0.000000,0.000000,0,0,0.000000,0.000000,0.000000,0.000000,0.000000,0.000000,0,0,0.000000,0.000000,0.000000,0.000000,0.000000,0.000000,0,0,0.000000,0.000000,0.000000,0.000000,0.000000,0.000000,0,0
192,3.839999,6,gripper_r_finger2,yup_snapshot,1,1,0.773440,0.105232,0.231014,0.652428,-0.348125,-0.436086,-0.512813,0.006932,-0.044053,0.217056,1,0.000000,0.000000,0.000000,0.000000,0.000000,0.000000,0,0,0.000000,0.000000,0.000000,0.000000,0.000000,0.000000,0,0,0.000000,0.000000,0.000000,0.000000,0.000000,0.000000,0,0,0.000000,0.000000,0.000000,0.000000,0.000000,0.000000,0,0
193,3.859999,0,base,yup_snapshot,0,0,0.000000,0.000000,0.000000,1.000000,0.000000,0.000000,0.000000,0.000000,0.000000,0.000000,0,0.000000,0.000000,0.000000,0.000000,0.000000,0.000000,0,0,0.000000,0.000000,0.000000,0.000000,0.000000,0.000000,0,0,0.000000,0.000000,0.000000,0.000000,0.000000,0.000000,0,0,0.000000,0.000000,0.000000,0.000000,0.000000,0.000000,0,0
193,3.859999,1,gripper_l_palm,yup_snapshot,1,1,-1.141422,0.803079,0.350587,0.599848,-0.637538,-0.346123,-0.337531,0.018270,-0.049814,0.006262,1,0.000000,0.000000,0.000000,0.000000,0.000000,0.000000,0,0,0.000000,0.000000,0.000000,0.000000,0.000000,0.000000,0,0,0.000000,0.000000,0.000000,0.000000,0.000000,0.000000,0,0,0.000000,0.000000,0.000000,0.000000,0.000000,0.000000,0,0
193,3.859999,2,gripper_l_finger1,yup_snapshot,1,1,-1.388133,0.806866,0.355648,0.874923,-0.026650,-0.483490,0.006078,0.018270,-0.049818,0.006262,1,0.000000,0.000000,0.000000,0.000000,0.000000,0.000000,0,0,0.000000,0.000000,0.000000,0.000000,0.000000,0.000000,0,0,0.000000,0.000000,0.000000,0.000000,0.000000,0.000000,0,0,0.000000,0.000000,0.000000,0.000000,0.000000,0.000000,0,0
193,3.859999,3,gripper_l_finger2,yup_snapshot,1,1,-1.272723,0.794330,0.353572,-0.006073,-0.483349,0.026652,0.875001,0.018270,-0.049814,0.006262,1,0.000000,0.000000,0.000000,0.000000,0.000000,0.000000,0,0,0.000000,0.000000,0.000000,0.000000,0.000000,0.000000,0,0,0.000000,0.000000,0.000000,0.000000,0.000000,0.000000,0,0,0.000000,0.000000,0.000000,0.000000,0.000000,0.000000,0,0
193,3.859999,4,gripper_r_palm,yup_snapshot,1,1,0.684692,0.243230,0.196574,0.055959,-0.671204,-0.213522,0.707646,0.005488,-0.049445,0.245130,1,0.000000,0.000000,0.000000,0.000000,0.000000,0.000000,0,0,0.000000,0.000000,0.000000,0.000000,0.000000,0.000000,0,0,0.000000,0.000000,0.000000,0.000000,0.000000,0.000000,0,0,0.000000,0.000000,0.000000,0.000000,0.000000,0.000000,0,0
193,3.859999,5,gripper_r_finger1,yup_snapshot,1,1,0.735870,0.180210,0.206850,0.514150,-0.435103,0.349444,0.651325,0.005496,-0.049447,0.245130,1,0.000000,0.000000,0.000000,0.000000,0.000000,0.000000,0,0,0.000000,0.000000,0.000000,0.000000,0.000000,0.000000,0,0,0.000000,0.000000,0.000000,0.000000,0.000000,0.000000,0,0,0.000000,0.000000,0.000000,0.000000,0.000000,0.000000,0,0
193,3.859999,6,gripper_r_finger2,yup_snapshot,1,1,0.769737,0.103567,0.229665,0.651413,-0.349340,-0.434971,-0.514221,0.005573,-0.049465,0.245131,1,0.000000,0.000000,0.000000,0.000000,0.000000,0.000000,0,0,0.000000,0.000000,0.000000,0.000000,0.000000,0.000000,0,0,0.000000,0.000000,0.000000,0.000000,0.000000,0.000000,0,0,0.000000,0.000000,0.000000,0.000000,0.000000,0.000000,0,0
194,3.879999,0,base,yup_snapshot,0,0,0.000000,0.000000,0.000000,1.000000,0.000000,0.000000,0.000000,0.000000,0.000000,0.000000,0,0.000000,0.000000,0.000000,0.000000,0.000000,0.000000,0,0,0.000000,0.000000,0.000000,0.000000,0.000000,0.000000,0,0,0.000000,0.000000,0.000000,0.000000,0.000000,0.000000,0,0,0.000000,0.000000,0.000000,0.000000,0.000000,0.000000,0,0
194,3.879999,1,gripper_l_palm,yup_snapshot,1,1,-1.141386,0.802995,0.350536,0.600125,-0.637606,-0.345722,-0.337320,0.018311,-0.049158,0.005796,1,0.000000,0.000000,0.000000,0.000000,0.000000,0.000000,0,0,0.000000,0.000000,0.000000,0.000000,0.000000,0.000000,0,0,0.000000,0.000000,0.000000,0.000000,0.000000,0.000000,0,0,0.000000,0.000000,0.000000,0.000000,0.000000,0.000000,0,0
194,3.879999,2,gripper_l_finger1,yup_snapshot,1,1,-1.388079,0.806774,0.355477,0.875167,-0.026502,-0.483057,0.005944,0.018311,-0.049163,0.005796,1,0.000000,0.000000,0.000000,0.000000,0.000000,0.000000,0,0,0.000000,0.000000,0.000000,0.000000,0.000000,0.000000,0,0,0.000000,0.000000,0.000000,0.000000,0.000000,0.000000,0,0,0.000000,0.000000,0.000000,0.000000,0.000000,0.000000,0,0
194,3.879999,3,gripper_l_finger2,yup_snapshot,1,1,-1.272583,0.794279,0.353446,-0.005939,-0.482917,0.026503,0.875245,0.018311,-0.049159,0.005796,1,0.000000,0.000000,0.000000,0.000000,0.000000,0.000000,0,0,0.000000,0.000000,0.000000,0.000000,0.000000,0.000000,0,0,0.000000,0.000000,0.000000,0.000000,0.000000,0.000000,0,0,0.000000,0.000000,0.000000,0.000000,0.000000,0.000000,0,0
194,3.879999,4,gripper_r_palm,yup_snapshot,1,1,0.680569,0.241818,0.195283,0.057936,-0.671430,-0.211751,0.707804,0.004372,-0.054366,0.271134,1,0.000000,0.000000,0.000000,0.000000,0.000000,0.000000,0,0,0.000000,0.000000,0.000000,0.000000,0.000000,0.000000,0,0,0.000000,0.000000,0.000000,0.000000,0.000000,0.000000,0,0,0.000000,0.000000,0.000000,0.000000,0.000000,0.000000,0,0
194,3.879999,5,gripper_r_finger1,yup_snapshot,1,1,0.732288,0.178751,0.205545,0.515708,-0.433864,0.350809,0.650185,0.004386,-0.054369,0.271134,1,0.000000,0.000000,0.000000,0.000000,0.000000,0.000000,0,0,0.000000,0.000000,0.000000,0.000000,0.000000,0.000000,0,0,0.000000,0.000000,0.000000,0.000000,0.000000,0.000000,0,0,0.000000,0.000000,0.000000,0.000000,0.000000,0.000000,0,0
194,3.879999,6,gripper_r_finger2,yup_snapshot,1,1,0.766242,0.101961,0.228333,0.650273,-0.350704,-0.433732,-0.515779,0.004460,-0.054386,0.271135,1,0.000000,0.000000,0.000000,0.000000,0.000000,0.000000,0,0,0.000000,0.000000,0.000000,0.000000,0.000000,0.000000,0,0,0.000000,0.000000,0.000000,0.000000,0.000000,0.000000,0,0,0.000000,0.000000,0.000000,0.000000,0.000000,0.000000,0,0
195,3.899999,0,base,yup_snapshot,0,0,0.000000,0.000000,0.000000,1.000000,0.000000,0.000000,0.000000,0.000000,0.000000,0.000000,0,0.000000,0.000000,0.000000,0.000000,0.000000,0.000000,0,0,0.000000,0.000000,0.000000,0.000000,0.000000,0.000000,0,0,0.000000,0.000000,0.000000,0.000000,0.000000,0.000000,0,0,0.000000,0.000000,0.000000,0.000000,0.000000,0.000000,0,0
195,3.899999,1,gripper_l_palm,yup_snapshot,1,1,-1.141351,0.802918,0.350485,0.600402,-0.637670,-0.345329,-0.337110,0.018328,-0.048508,0.005350,1,0.000000,0.000000,0.000000,0.000000,0.000000,0.000000,0,0,0.000000,0.000000,0.000000,0.000000,0.000000,0.000000,0,0,0.000000,0.000000,0.000000,0.000000,0.000000,0.000000,0,0,0.000000,0.000000,0.000000,0.000000,0.000000,0.000000,0,0
195,3.899999,2,gripper_l_finger1,yup_snapshot,1,1,-1.388026,0.806691,0.355307,0.875408,-0.026352,-0.482631,0.005814,0.018328,-0.048513,0.005350,1,0.000000,0.000000,0.000000,0.000000,0.000000,0.000000,0,0,0.000000,0.000000,0.000000,0.000000,0.000000,0.000000,0,0,0.000000,0.000000,0.000000,0.000000,0.000000,0.000000,0,0,0.000000,0.000000,0.000000,0.000000,0.000000,0.000000,0,0
195,3.899999,3,gripper_l_finger2,yup_snapshot,1,1,-1.272444,0.794235,0.353321,-0.005809,-0.482490,0.026353,0.875486,0.018328,-0.048510,0.005350,1,0.000000,0.000000,0.000000,0.000000,0.000000,0.000000,0,0,0.000000,0.000000,0.000000,0.000000,0.000000,0.000000,0,0,0.000000,0.000000,0.000000,0.000000,0.000000,0.000000,0,0,0.000000,0.000000,0.000000,0.000000,0.000000,0.000000,0,0
195,3.899999,4,gripper_r_palm,yup_snapshot,1,1,0.676571,0.240475,0.194006,0.060094,-0.671672,-0.209800,0.707975,0.003472,-0.058885,0.295382,1,0.000000,0.000000,0.000000,0.000000,0.000000,0.000000,0,0,0.000000,0.000000,0.000000,0.000000,0.000000,0.000000,0,0,0.000000,0.000000,0.000000,0.000000,0.000000,0.000000,0,0,0.000000,0.000000,0.000000,0.000000,0.000000,0.000000,0,0
195,3.899999,5,gripper_r_finger1,yup_snapshot,1,1,0.728885,0.177357,0.204256,0.517405,-0.432509,0.352310,0.648926,0.003479,-0.058886,0.295382,1,0.000000,0.000000,0.000000,0.000000,0.000000,0.000000,0,0,0.000000,0.000000,0.000000,0.000000,0.000000,0.000000,0,0,0.000000,0.000000,0.000000,0.000000,0.000000,0.000000,0,0,0.000000,0.000000,0.000000,0.000000,0.000000,0.000000,0,0
195,3.899999,6,gripper_r_finger2,yup_snapshot,1,1,0.762934,0.100408,0.227015,0.649013,-0.352205,-0.432378,-0.517477,0.003564,-0.058905,0.295383,1,0.000000,0.000000,0.000000,0.000000,0.000000,0.000000,0,0,0.000000,0.000000,0.000000,0.000000,0.000000,0.000000,0,0,0.000000,0.000000,0.000000,0.000000,0.000000,0.000000,0,0,0.000000,0.000000,0.000000,0.000000,0.000000,0.000000,0,0
196,3.919999,0,base,yup_snapshot,0,0,0.000000,0.000000,0.000000,1.000000,0.000000,0.000000,0.000000,0.000000,0.000000,0.000000,0,0.000000,0.000000,0.000000,0.000000,0.000000,0.000000,0,0,0.000000,0.000000,0.000000,0.000000,0.000000,0.000000,0,0,0.000000,0.000000,0.000000,0.000000,0.000000,0.000000,0,0,0.000000,0.000000,0.000000,0.000000,0.000000,0.000000,0,0
196,3.919999,1,gripper_l_palm,yup_snapshot,1,1,-1.141315,0.802848,0.350434,0.600677,-0.637730,-0.344941,-0.336902,0.018324,-0.047865,0.004915,1,0.000000,0.000000,0.000000,0.000000,0.000000,0.000000,0,0,0.000000,0.000000,0.000000,0.000000,0.000000,0.000000,0,0,0.000000,0.000000,0.000000,0.000000,0.000000,0.000000,0,0,0.000000,0.000000,0.000000,0.000000,0.000000,0.000000,0,0
196,3.919999,2,gripper_l_finger1,yup_snapshot,1,1,-1.387974,0.806616,0.355138,0.875645,-0.026199,-0.482210,0.005687,0.018324,-0.047870,0.004915,1,0.000000,0.000000,0.000000,0.000000,0.000000,0.000000,0,0,0.000000,0.000000,0.000000,0.000000,0.000000,0.000000,0,0,0.000000,0.000000,0.000000,0.000000,0.000000,0.000000,0,0,0.000000,0.000000,0.000000,0.000000,0.000000,0.000000,0,0
196,3.919999,3,gripper_l_finger2,yup_snapshot,1,1,-1.272308,0.794199,0.353197,-0.005683,-0.482069,0.026201,0.875723,0.018324,-0.047867,0.004915,1,0.000000,0.000000,0.000000,0.000000,0.000000,0.000000,0,0,0.000000,0.000000,0.000000,0.000000,0.000000,0.000000,0,0,0.000000,0.000000,0.000000,0.000000,0.000000,0.000000,0,0,0.000000,0.000000,0.000000,0.000000,0.000000,0.000000,0,0
196,3.919999,4,gripper_r_palm,yup_snapshot,1,1,0.672683,0.239194,0.192741,0.062422,-0.671929,-0.207679,0.708155,0.002768,-0.063081,0.318175,1,0.000000,0.000000,0.000000,0.000000,0.000000,0.000000,0,0,0.000000,0.000000,0.000000,0.000000,0.000000,0.000000,0,0,0.000000,0.000000,0.000000,0.000000,0.000000,0.000000,0,0,0.000000,0.000000,0.000000,0.000000,0.000000,0.000000,0,0
196,3.919999,5,gripper_r_finger1,yup_snapshot,1,1,0.725640,0.176023,0.202979,0.519233,-0.431045,0.353937,0.647554,0.002779,-0.063084,0.318175,1,0.000000,0.000000,0.000000,0.000000,0.000000,0.000000,0,0,0.000000,0.000000,0.000000,0.000000,0.000000,0.000000,0,0,0.000000,0.000000,0.000000,0.000000,0.000000,0.000000,0,0,0.000000,0.000000,0.000000,0.000000,0.000000,0.000000,0,0
196,3.919999,6,gripper_r_finger2,yup_snapshot,1,1,0.759794,0.098906,0.225708,0.647641,-0.353831,-0.430914,-0.519305,0.002864,-0.063102,0.318176,1,0.000000,0.000000,0.000000,0.000000,0.000000,0.000000,0,0,0.000000,0.000000,0.000000,0.000000,0.000000,0.000000,0,0,0.000000,0.000000,0.000000,0.000000,0.000000,0.000000,0,0,0.000000,0.000000,0.000000,0.000000,0.000000,0.000000,0,0
197,3.939999,0,base,yup_snapshot,0,0,0.000000,0.000000,0.000000,1.000000,0.000000,0.000000,0.000000,0.000000,0.000000,0.000000,0,0.000000,0.000000,0.000000,0.000000,0.000000,0.000000,0,0,0.000000,0.000000,0.000000,0.000000,0.000000,0.000000,0,0,0.000000,0.000000,0.000000,0.000000,0.000000,0.000000,0,0,0.000000,0.000000,0.000000,0.000000,0.000000,0.000000,0,0
197,3.939999,1,gripper_l_palm,yup_snapshot,1,1,-1.141282,0.802784,0.350382,0.600952,-0.637786,-0.344561,-0.336695,0.018299,-0.047227,0.004491,1,0.000000,0.000000,0.000000,0.000000,0.000000,0.000000,0,0,0.000000,0.000000,0.000000,0.000000,0.000000,0.000000,0,0,0.000000,0.000000,0.000000,0.000000,0.000000,0.000000,0,0,0.000000,0.000000,0.000000,0.000000,0.000000,0.000000,0,0
197,3.939999,2,gripper_l_finger1,yup_snapshot,1,1,-1.387922,0.806549,0.354971,0.875879,-0.026045,-0.481794,0.005564,0.018299,-0.047232,0.004491,1,0.000000,0.000000,0.000000,0.000000,0.000000,0.000000,0,0,0.000000,0.000000,0.000000,0.000000,0.000000,0.000000,0,0,0.000000,0.000000,0.000000,0.000000,0.000000,0.000000,0,0,0.000000,0.000000,0.000000,0.000000,0.000000,0.000000,0,0
197,3.939999,3,gripper_l_finger2,yup_snapshot,1,1,-1.272174,0.794170,0.353073,-0.005560,-0.481654,0.026046,0.875957,0.018299,-0.047230,0.004491,1,0.000000,0.000000,0.000000,0.000000,0.000000,0.000000,0,0,0.000000,0.000000,0.000000,0.000000,0.000000,0.000000,0,0,0.000000,0.000000,0.000000,0.000000,0.000000,0.000000,0,0,0.000000,0.000000,0.000000,0.000000,0.000000,0.000000,0,0
197,3.939999,4,gripper_r_palm,yup_snapshot,1,1,0.668889,0.237971,0.191484,0.064911,-0.672199,-0.205400,0.708341,0.002251,-0.067025,0.339796,1,0.000000,0.000000,0.000000,0.000000,0.000000,0.000000,0,0,0.000000,0.000000,0.000000,0.000000,0.000000,0.000000,0,0,0.000000,0.000000,0.000000,0.000000,0.000000,0.000000,0,0,0.000000,0.000000,0.000000,0.000000,0.000000,0.000000,0,0
197,3.939999,5,gripper_r_finger1,yup_snapshot,1,1,0.722535,0.174746,0.201713,0.521183,-0.429475,0.355680,0.646073,0.002256,-0.067026,0.339796,1,0.000000,0.000000,0.000000,0.000000,0.000000,0.000000,0,0,0.000000,0.000000,0.000000,0.000000,0.000000,0.000000,0,0,0.000000,0.000000,0.000000,0.000000,0.000000,0.000000,0,0,0.000000,0.000000,0.000000,0.000000,0.000000,0.000000,0,0
197,3.939999,6,gripper_r_finger2,yup_snapshot,1,1,0.756802,0.097450,0.224409,0.646160,-0.355574,-0.429345,-0.521255,0.002351,-0.067045,0.339797,1,0.000000,0.000000,0.000000,0.000000,0.000000,0.000000,0,0,0.000000,0.000000,0.000000,0.000000,0.000000,0.000000,0,0,0.000000,0.000000,0.000000,0.000000,0.000000,0.000000,0,0,0.000000,0.000000,0.000000,0.000000,0.000000,0.000000,0,0
198,3.959999,0,base,yup_snapshot,0,0,0.000000,0.000000,0.000000,1.000000,0.000000,0.000000,0.000000,0.000000,0.000000,0.000000,0,0.000000,0.000000,0.000000,0.000000,0.000000,0.000000,0,0,0.000000,0.000000,0.000000,0.000000,0.000000,0.000000,0,0,0.000000,0.000000,0.000000,0.000000,0.000000,0.000000,0,0,0.000000,0.000000,0.000000,0.000000,0.000000,0.000000,0,0
198,3.959999,1,gripper_l_palm,yup_snapshot,1,1,-1.141248,0.802727,0.350329,0.601225,-0.637839,-0.344187,-0.336489,0.018255,-0.046596,0.004081,1,0.000000,0.000000,0.000000,0.000000,0.000000,0.000000,0,0,0.000000,0.000000,0.000000,0.000000,0.000000,0.000000,0,0,0.000000,0.000000,0.000000,0.000000,0.000000,0.000000,0,0,0.000000,0.000000,0.000000,0.000000,0.000000,0.000000,0,0
198,3.959999,2,gripper_l_finger1,yup_snapshot,1,1,-1.387871,0.806489,0.354805,0.876110,-0.025890,-0.481385,0.005445,0.018255,-0.046601,0.004081,1,0.000000,0.000000,0.000000,0.000000,0.000000,0.000000,0,0,0.000000,0.000000,0.000000,0.000000,0.000000,0.000000,0,0,0.000000,0.000000,0.000000,0.000000,0.000000,0.000000,0,0,0.000000,0.000000,0.000000,0.000000,0.000000,0.000000,0,0
198,3.959999,3,gripper_l_finger2,yup_snapshot,1,1,-1.272042,0.794148,0.352949,-0.005441,-0.481244,0.025891,0.876187,0.018255,-0.046600,0.004081,1,0.000000,0.000000,0.000000,0.000000,0.000000,0.000000,0,0,0.000000,0.000000,0.000000,0.000000,0.000000,0.000000,0,0,0.000000,0.000000,0.000000,0.000000,0.000000,0.000000,0,0,0.000000,0.000000,0.000000,0.000000,0.000000,0.000000,0,0
198,3.959999,4,gripper_r_palm,yup_snapshot,1,1,0.665171,0.236798,0.190234,0.067554,-0.672478,-0.202969,0.708529,0.001920,-0.070779,0.360520,1,0.000000,0.000000,0.000000,0.000000,0.000000,0.000000,0,0,0.000000,0.000000,0.000000,0.000000,0.000000,0.000000,0,0,0.000000,0.000000,0.000000,0.000000,0.000000,0.000000,0,0,0.000000,0.000000,0.000000,0.000000,0.000000,0.000000,0,0
198,3.959999,5,gripper_r_finger1,yup_snapshot,1,1,0.719550,0.173520,0.200452,0.523249,-0.427803,0.357532,0.644488,0.001922,-0.070779,0.360520,1,0.000000,0.000000,0.000000,0.000000,0.000000,0.000000,0,0,0.000000,0.000000,0.000000,0.000000,0.000000,0.000000,0,0,0.000000,0.000000,0.000000,0.000000,0.000000,0.000000,0,0,0.000000,0.000000,0.000000,0.000000,0.000000,0.000000,0,0
198,3.959999,6,gripper_r_finger2,yup_snapshot,1,1,0.753940,0.096035,0.223116,0.644574,-0.357427,-0.427674,-0.523321,0.002024,-0.070800,0.360522,1,0.000000,0.000000,0.000000,0.000000,0.000000,0.000000,0,0,0.000000,0.000000,0.000000,0.000000,0.000000,0.000000,0,0,0.000000,0.000000,0.000000,0.000000,0.000000,0.000000,0,0,0.000000,0.000000,0.000000,0.000000,0.000000,0.000000,0,0
199,3.979999,0,base,yup_snapshot,0,0,0.000000,0.000000,0.000000,1.000000,0.000000,0.000000,0.000000,0.000000,0.000000,0.000000,0,0.000000,0.000000,0.000000,0.000000,0.000000,0.000000,0,0,0.000000,0.000000,0.000000,0.000000,0.000000,0.000000,0,0,0.000000,0.000000,0.000000,0.000000,0.000000,0.000000,0,0,0.000000,0.000000,0.000000,0.000000,0.000000,0.000000,0,0
199,3.979999,1,gripper_l_palm,yup_snapshot,1,1,-1.141215,0.802676,0.350277,0.601497,-0.637889,-0.343819,-0.336285,0.018196,-0.045971,0.003690,1,0.000000,0.000000,0.000000,0.000000,0.000000,0.000000,0,0,0.000000,0.000000,0.000000,0.000000,0.000000,0.000000,0,0,0.000000,0.000000,0.000000,0.000000,0.000000,0.000000,0,0,0.000000,0.000000,0.000000,0.000000,0.000000,0.000000,0,0
199,3.979999,2,gripper_l_finger1,yup_snapshot,1,1,-1.387821,0.806436,0.354640,0.876337,-0.025733,-0.480980,0.005330,0.018196,-0.045977,0.003690,1,0.000000,0.000000,0.000000,0.000000,0.000000,0.000000,0,0,0.000000,0.000000,0.000000,0.000000,0.000000,0.000000,0,0,0.000000,0.000000,0.000000,0.000000,0.000000,0.000000,0,0,0.000000,0.000000,0.000000,0.000000,0.000000,0.000000,0,0
199,3.979999,3,gripper_l_finger2,yup_snapshot,1,1,-1.271912,0.794133,0.352827,-0.005326,-0.480840,0.025734,0.876415,0.018196,-0.045976,0.003690,1,0.000000,0.000000,0.000000,0.000000,0.000000,0.000000,0,0,0.000000,0.000000,0.000000,0.000000,0.000000,0.000000,0,0,0.000000,0.000000,0.000000,0.000000,0.000000,0.000000,0,0,0.000000,0.000000,0.000000,0.000000,0.000000,0.000000,0,0
199,3.979999,4,gripper_r_palm,yup_snapshot,1,1,0.661512,0.235672,0.188985,0.070348,-0.672765,-0.200393,0.708718,0.001783,-0.074404,0.380611,1,0.000000,0.000000,0.000000,0.000000,0.000000,0.000000,0,0,0.000000,0.000000,0.000000,0.000000,0.000000,0.000000,0,0,0.000000,0.000000,0.000000,0.000000,0.000000,0.000000,0,0,0.000000,0.000000,0.000000,0.000000,0.000000,0.000000,0,0
199,3.979999,5,gripper_r_finger1,yup_snapshot,1,1,0.716667,0.172343,0.199196,0.525428,-0.426031,0.359488,0.642800,0.001786,-0.074404,0.380611,1,0.000000,0.000000,0.000000,0.000000,0.000000,0.000000,0,0,0.000000,0.000000,0.000000,0.000000,0.000000,0.000000,0,0,0.000000,0.000000,0.000000,0.000000,0.000000,0.000000,0,0,0.000000,0.000000,0.000000,0.000000,0.000000,0.000000,0,0
199,3.979999,6,gripper_r_finger2,yup_snapshot,1,1,0.751188,0.094660,0.221824,0.642886,-0.359382,-0.425902,-0.525500,0.001890,-0.074425,0.380613,1,0.000000,0.000000,0.000000,0.000000,0.000000,0.000000,0,0,0.000000,0.000000,0.000000,0.000000,0.000000,0.000000,0,0,0.000000,0.000000,0.000000,0.000000,0.000000,0.000000,0,0,0.000000,0.000000,0.000000,0.000000,0.000000,0.000000,0,0
