macro_frame,sim_time_mjc,sim_time_xpbd,t1_utc,t1w_utc,t2_utc,t3_utc,t_force_utc,t4_utc,t_step_utc,t1_next_utc,dt_t1_t1w,dt_t1w_t2,dt_t2_t3,dt_t3_tforce,dt_tforce_t4,dt_t4_tstep,dt_tstep_t1next,dt_t1_t1next,cycle_order_ok,paired,note
0,0.000000,0.000000,1781244056.861727476,1781244056.862536430,1781244056.862807512,1781244056.940563917,1781244056.940571308,1781244056.941620827,1781244056.941632986,1781244056.949537277,0.000809,0.000271,0.077756,0.000007,0.001050,0.000012,0.007904,0.087810,1,1,
1,0.000000,0.020000,1781244056.949537277,1781244056.961319208,1781244056.961596251,1781244057.059956074,1781244057.059963465,1781244057.060936451,1781244057.060948133,1781244057.068820477,0.011782,0.000277,0.098360,0.000007,0.000973,0.000012,0.007872,0.119283,1,1,sim_time_mjc
2,0.000000,0.040000,1781244057.068820477,1781244057.078161716,1781244057.078478575,1781244057.191697121,1781244057.191703081,1781244057.192064762,1781244057.192075968,1781244057.197928429,0.009341,0.000317,0.113219,0.000006,0.000362,0.000011,0.005852,0.129108,1,1,sim_time_mjc
3,0.000000,0.060000,1781244057.197928429,1781244057.211522818,1781244057.211851120,1781244057.324939251,1781244057.324946404,1781244057.326287031,1781244057.326305866,1781244057.335284948,0.013594,0.000328,0.113088,0.000007,0.001341,0.000019,0.008979,0.137357,1,1,sim_time_mjc
4,0.000000,0.080000,1781244057.335284948,1781244057.344980001,1781244057.345343113,1781244057.459274292,1781244057.459280014,1781244057.460882425,1781244057.460899830,1781244057.470661163,0.009695,0.000363,0.113931,0.000006,0.001602,0.000017,0.009761,0.135376,1,1,sim_time_mjc
5,0.000000,0.100000,1781244057.470661163,1781244057.478403807,1781244057.478800297,1781244057.597608805,1781244057.597616434,1781244057.598110914,1781244057.598122358,1781244057.605353117,0.007743,0.000396,0.118809,0.000008,0.000494,0.000011,0.007231,0.134692,1,1,sim_time_mjc
6,0.000000,0.120000,1781244057.605353117,1781244057.611983538,1781244057.612567902,1781244057.729130268,1781244057.729136467,1781244057.729976654,1781244057.729995012,1781244057.738070965,0.006630,0.000584,0.116562,0.000006,0.000840,0.000018,0.008076,0.132718,1,1,sim_time_mjc
7,0.000000,0.140000,1781244057.738070965,1781244057.745425701,1781244057.746045113,1781244057.859965086,1781244057.859972715,1781244057.862386703,1781244057.862405300,1781244057.870399475,0.007355,0.000619,0.113920,0.000008,0.002414,0.000019,0.007994,0.132329,1,1,sim_time_mjc
8,0.000000,0.160000,1781244057.870399475,1781244057.878815413,1781244057.879464865,1781244057.993503094,1781244057.993509054,1781244057.995366096,1781244057.995377302,1781244058.000943184,0.008416,0.000649,0.114038,0.000006,0.001857,0.000011,0.005566,0.130544,1,1,sim_time_mjc
9,0.000000,0.180000,1781244058.000943184,1781244058.012267351,1781244058.012737274,1781244058.125684500,1781244058.125691891,1781244058.126063108,1781244058.126080275,1781244058.135791302,0.011324,0.000470,0.112947,0.000007,0.000371,0.000017,0.009711,0.134848,1,1,sim_time_mjc
10,0.000000,0.200000,1781244058.135791302,1781244058.145689249,1781244058.146409988,1781244058.261312246,1781244058.261318445,1781244058.263036013,1781244058.263048410,1781244058.268827677,0.009898,0.000721,0.114902,0.000006,0.001718,0.000012,0.005779,0.133036,1,1,sim_time_mjc
11,0.000000,0.220000,1781244058.268827677,1781244058.362793684,1781244058.363338232,1781244058.477846384,1781244058.477853775,1781244058.478206396,1781244058.478224993,1781244058.486396074,0.093966,0.000545,0.114508,0.000007,0.000353,0.000019,0.008171,0.217568,1,1,sim_time_mjc
12,0.000000,0.240000,1781244058.486396074,1781244058.495998383,1781244058.496546507,1781244058.609528780,1781244058.609534502,1781244058.609717846,1781244058.609729052,1781244058.615210772,0.009602,0.000548,0.112982,0.000006,0.000183,0.000011,0.005482,0.128815,1,1,sim_time_mjc
13,0.000000,0.260000,1781244058.615210772,1781244058.629374504,1781244058.629956007,1781244058.750725746,1781244058.750733852,1781244058.752894402,1781244058.752907038,1781244058.760663748,0.014164,0.000582,0.120770,0.000008,0.002161,0.000013,0.007757,0.145453,1,1,sim_time_mjc
14,0.000000,0.280000,1781244058.760663748,1781244058.762974977,1781244058.763951302,1781244058.877835989,1781244058.877841949,1781244058.879483223,1781244058.879500628,1781244058.885071516,0.002311,0.000976,0.113885,0.000006,0.001641,0.000017,0.005571,0.124408,1,1,sim_time_mjc
15,0.000000,0.300000,1781244058.885071516,1781244058.896492004,1781244058.897124290,1781244059.015204191,1781244059.015212297,1781244059.015832663,1781244059.015854359,1781244059.024081707,0.011420,0.000632,0.118080,0.000008,0.000620,0.000022,0.008227,0.139010,1,1,sim_time_mjc
16,0.000000,0.320000,1781244059.024081707,1781244059.029674530,1781244059.030304193,1781244059.143892527,1781244059.143899202,1781244059.145111799,1781244059.145129442,1781244059.154735804,0.005593,0.000630,0.113588,0.000007,0.001213,0.000018,0.009606,0.130654,1,1,sim_time_mjc
17,0.000000,0.340000,1781244059.154735804,1781244059.163275003,1781244059.163920641,1781244059.276900530,1781244059.276907921,1781244059.278491735,1781244059.278501987,1781244059.284434080,0.008539,0.000646,0.112980,0.000007,0.001584,0.000010,0.005932,0.129698,1,1,sim_time_mjc
18,0.000000,0.360000,1781244059.284434080,1781244059.296717167,1781244059.297408342,1781244059.410210609,1781244059.410216331,1781244059.412161112,1781244059.412178278,1781244059.419377804,0.012283,0.000691,0.112802,0.000006,0.001945,0.000017,0.007200,0.134944,1,1,sim_time_mjc
19,0.000000,0.380000,1781244059.419377804,1781244059.430077553,1781244059.431148291,1781244059.546224356,1781244059.546232224,1781244059.547214270,1781244059.547232151,1781244059.554116249,0.010700,0.001071,0.115076,0.000008,0.000982,0.000018,0.006884,0.134738,1,1,sim_time_mjc
20,0.000000,0.400000,1781244059.554116249,1781244059.563711643,1781244059.564663649,1781244059.677947998,1781244059.677953720,1781244059.678594828,1781244059.678611040,1781244059.687254429,0.009595,0.000952,0.113284,0.000006,0.000641,0.000016,0.008643,0.133138,1,1,sim_time_mjc
21,0.000000,0.420000,1781244059.687254429,1781244059.696990252,1781244059.698065042,1781244059.810263157,1781244059.810270309,1781244059.811313391,1781244059.811330795,1781244059.821202278,0.009736,0.001075,0.112198,0.000007,0.001043,0.000017,0.009871,0.133948,1,1,sim_time_mjc
22,0.000000,0.440000,1781244059.821202278,1781244059.830448151,1781244059.831622839,1781244059.948621511,1781244059.948627949,1781244059.949713707,1781244059.949732542,1781244059.956133127,0.009246,0.001175,0.116999,0.000006,0.001086,0.000019,0.006401,0.134931,1,1,sim_time_mjc
23,0.000000,0.460000,1781244059.956133127,1781244059.963835716,1781244059.964643240,1781244060.077967882,1781244060.077975512,1781244060.079503059,1781244060.079515219,1781244060.085224867,0.007703,0.000808,0.113325,0.000008,0.001528,0.000012,0.005710,0.129092,1,1,sim_time_mjc
24,0.000000,0.480000,1781244060.085224867,1781244060.097251892,1781244060.098067045,1781244060.213312149,1781244060.213318348,1781244060.214184284,1781244060.214201927,1781244060.220922947,0.012027,0.000815,0.115245,0.000006,0.000866,0.000018,0.006721,0.135698,1,1,sim_time_mjc
25,0.000000,0.500000,1781244060.220922947,1781244060.230726719,1781244060.231554031,1781244060.343256235,1781244060.343264341,1781244060.344589710,1781244060.344607830,1781244060.354128122,0.009804,0.000827,0.111702,0.000008,0.001325,0.000018,0.009520,0.133205,1,1,sim_time_mjc
26,0.000000,0.520000,1781244060.354128122,1781244060.365420580,1781244060.366451979,1781244060.480802774,1781244060.480808735,1781244060.481733561,1781244060.481744051,1781244060.489067078,0.011292,0.001031,0.114351,0.000006,0.000925,0.000010,0.007323,0.134939,1,1,sim_time_mjc
27,0.000000,0.540000,1781244060.489067078,1781244060.497658968,1781244060.498547554,1781244060.610886812,1781244060.610895634,1781244060.612926483,1781244060.612936974,1781244060.620901585,0.008592,0.000889,0.112339,0.000009,0.002031,0.000010,0.007965,0.131835,1,1,sim_time_mjc
28,0.000000,0.560000,1781244060.620901585,1781244060.631075382,1781244060.631961107,1781244060.745267391,1781244060.745273113,1781244060.746708393,1781244060.746725798,1781244060.755908966,0.010174,0.000886,0.113306,0.000006,0.001435,0.000017,0.009183,0.135007,1,1,sim_time_mjc
29,0.000000,0.580000,1781244060.755908966,1781244060.764525175,1781244060.765460491,1781244060.878377199,1781244060.878384590,1781244060.878963709,1781244060.878973961,1781244060.884623766,0.008616,0.000935,0.112917,0.000007,0.000579,0.000010,0.005650,0.128715,1,1,sim_time_mjc
30,0.000000,0.600000,1781244060.884623766,1781244060.898133755,1781244060.899093390,1781244061.011609793,1781244061.011616230,1781244061.013132334,1781244061.013148069,1781244061.021175385,0.013510,0.000960,0.112516,0.000006,0.001516,0.000016,0.008027,0.136552,1,1,sim_time_mjc
31,0.000000,0.620000,1781244061.021175385,1781244061.031403065,1781244061.032524824,1781244061.144173622,1781244061.144181252,1781244061.145997286,1781244061.146014690,1781244061.152532578,0.010228,0.001122,0.111649,0.000008,0.001816,0.000017,0.006518,0.131357,1,1,sim_time_mjc
32,0.000000,0.640000,1781244061.152532578,1781244061.164843559,1781244061.165847540,1781244061.278826237,1781244061.278833866,1781244061.279743433,1781244061.279753685,1781244061.285288334,0.012311,0.001004,0.112979,0.000008,0.000910,0.000010,0.005535,0.132756,1,1,sim_time_mjc
33,0.000000,0.660000,1781244061.285288334,1781244061.298239470,1781244061.299742937,1781244061.414294481,1781244061.414303064,1781244061.416384459,1781244061.416402102,1781244061.423534155,0.012951,0.001503,0.114552,0.000009,0.002081,0.000018,0.007132,0.138246,1,1,sim_time_mjc
34,0.000000,0.680000,1781244061.423534155,1781244061.431869984,1781244061.432894230,1781244061.545568943,1781244061.545574665,1781244061.546042919,1781244061.546053410,1781244061.551616669,0.008336,0.001024,0.112675,0.000006,0.000468,0.000010,0.005563,0.128083,1,1,sim_time_mjc
35,0.000000,0.700000,1781244061.551616669,1781244061.565131426,1781244061.566206217,1781244061.678627014,1781244061.678635120,1781244061.680912495,1781244061.680936337,1781244061.688658237,0.013515,0.001075,0.112421,0.000008,0.002277,0.000024,0.007722,0.137042,1,1,sim_time_mjc
36,0.000000,0.720000,1781244061.688658237,1781244061.698671818,1781244061.700341225,1781244061.813578129,1781244061.813584566,1781244061.814003229,1781244061.814014196,1781244061.819627762,0.010014,0.001669,0.113237,0.000006,0.000419,0.000011,0.005614,0.130970,1,1,sim_time_mjc
37,0.000000,0.740000,1781244061.819627762,1781244061.832281590,1781244061.833480120,1781244061.945598364,1781244061.945605516,1781244061.946069241,1781244061.946079969,1781244061.952073097,0.012654,0.001199,0.112118,0.000007,0.000464,0.000011,0.005993,0.132445,1,1,sim_time_mjc
38,0.000000,0.760000,1781244061.952073097,1781244061.965590954,1781244061.966816664,1781244062.082484245,1781244062.082490206,1781244062.083922386,1781244062.083933592,1781244062.089418650,0.013518,0.001226,0.115668,0.000006,0.001432,0.000011,0.005485,0.137346,1,1,sim_time_mjc
39,0.000000,0.780000,1781244062.089418650,1781244062.098956108,1781244062.100109577,1781244062.212101221,1781244062.212108850,1781244062.213673353,1781244062.213683367,1781244062.219271898,0.009537,0.001153,0.111992,0.000008,0.001565,0.000010,0.005589,0.129853,1,1,sim_time_mjc
40,0.000000,0.800000,1781244062.219271898,1781244062.232502460,1781244062.233780622,1781244062.346333742,1781244062.346338987,1781244062.348672867,1781244062.348690271,1781244062.357434988,0.013231,0.001278,0.112553,0.000005,0.002334,0.000017,0.008745,0.138163,1,1,sim_time_mjc
41,0.000000,0.820000,1781244062.357434988,1781244062.365823507,1781244062.367055655,1781244062.479061365,1781244062.479069233,1781244062.481029987,1781244062.481046438,1781244062.490710735,0.008389,0.001232,0.112006,0.000008,0.001961,0.000016,0.009664,0.133276,1,1,sim_time_mjc
42,0.000000,0.840000,1781244062.490710735,1781244062.499292374,1781244062.500500917,1781244062.612897873,1781244062.612903833,1781244062.614215374,1781244062.614228249,1781244062.620068312,0.008582,0.001209,0.112397,0.000006,0.001312,0.000013,0.005840,0.129358,1,1,sim_time_mjc
43,0.000000,0.860000,1781244062.620068312,1781244062.632795095,1781244062.634047031,1781244062.746682405,1781244062.746690512,1781244062.749123335,1781244062.749140739,1781244062.758639574,0.012727,0.001252,0.112635,0.000008,0.002433,0.000017,0.009499,0.138571,1,1,sim_time_mjc
44,0.000000,0.880000,1781244062.758639574,1781244062.766234398,1781244062.768130064,1781244062.887857676,1781244062.887863398,1781244062.889059305,1781244062.889075994,1781244062.894879818,0.007595,0.001896,0.119728,0.000006,0.001196,0.000017,0.005804,0.136240,1,1,sim_time_mjc
45,0.000000,0.900000,1781244062.894879818,1781244062.899666786,1781244062.900938272,1781244063.013336897,1781244063.013344765,1781244063.014074564,1781244063.014091730,1781244063.022007227,0.004787,0.001271,0.112399,0.000008,0.000730,0.000017,0.007915,0.127127,1,1,sim_time_mjc
46,0.000000,0.920000,1781244063.022007227,1781244063.033105135,1781244063.035022020,1781244063.148390055,1781244063.148396969,1781244063.149394989,1781244063.149411678,1781244063.157334805,0.011098,0.001917,0.113368,0.000007,0.000998,0.000017,0.007923,0.135328,1,1,sim_time_mjc
47,0.000000,0.940000,1781244063.157334805,1781244063.166667938,1781244063.168059826,1781244063.280694485,1781244063.280701399,1781244063.282577991,1781244063.282588482,1781244063.288279295,0.009333,0.001392,0.112635,0.000007,0.001877,0.000010,0.005691,0.130944,1,1,sim_time_mjc
48,0.000000,0.960000,1781244063.288279295,1781244063.300060987,1781244063.301473618,1781244063.414577007,1781244063.414582491,1781244063.416789532,1781244063.416800499,1781244063.422980547,0.011782,0.001413,0.113103,0.000005,0.002207,0.000011,0.006180,0.134701,1,1,sim_time_mjc
49,0.000000,0.980000,1781244063.422980547,1781244063.433449745,1781244063.434850454,1781244063.556205034,1781244063.556212664,1781244063.557788610,1781244063.557799578,1781244063.563445330,0.010469,0.001401,0.121355,0.000008,0.001576,0.000011,0.005646,0.140465,1,1,sim_time_mjc
50,0.000000,1.000000,1781244063.563445330,1781244063.566669226,1781244063.568035603,1781244063.681140423,1781244063.681146622,1781244063.683037043,1781244063.683048248,1781244063.689923525,0.003224,0.001366,0.113105,0.000006,0.001890,0.000011,0.006875,0.126478,1,1,sim_time_mjc
51,0.000000,1.020000,1781244063.689923525,1781244063.700429916,1781244063.702303410,1781244063.815807819,1781244063.815814734,1781244063.818089485,1781244063.818107128,1781244063.826960564,0.010506,0.001873,0.113504,0.000007,0.002275,0.000018,0.008853,0.137037,1,1,sim_time_mjc
52,0.000000,1.040000,1781244063.826960564,1781244063.833893776,1781244063.835337877,1781244063.948615789,1781244063.948621511,1781244063.948869944,1781244063.948880672,1781244063.954568386,0.006933,0.001444,0.113278,0.000006,0.000248,0.000011,0.005688,0.127608,1,1,sim_time_mjc
53,0.000000,1.060000,1781244063.954568386,1781244063.967250109,1781244063.968702793,1781244064.081385374,1781244064.081393719,1781244064.082353354,1781244064.082371950,1781244064.090426922,0.012682,0.001453,0.112683,0.000008,0.000960,0.000019,0.008055,0.135859,1,1,sim_time_mjc
54,0.000000,1.080000,1781244064.090426922,1781244064.101100206,1781244064.103066206,1781244064.224983454,1781244064.224989176,1781244064.226421356,1781244064.226442099,1781244064.236157656,0.010673,0.001966,0.121917,0.000006,0.001432,0.000021,0.009716,0.145731,1,1,sim_time_mjc
55,0.000000,1.100000,1781244064.236157656,1781244064.250703812,1781244064.252268314,1781244064.365841150,1781244064.365848541,1781244064.366648436,1781244064.366657972,1781244064.372402191,0.014546,0.001565,0.113573,0.000007,0.000800,0.000010,0.005744,0.136245,1,1,sim_time_mjc
56,0.000000,1.120000,1781244064.372402191,1781244064.384173632,1781244064.385699034,1781244064.498724937,1781244064.498730898,1781244064.500915289,1781244064.500931978,1781244064.508659363,0.011771,0.001525,0.113026,0.000006,0.002184,0.000017,0.007727,0.136257,1,1,sim_time_mjc
57,0.000000,1.140000,1781244064.508659363,1781244064.517586231,1781244064.519151211,1781244064.631556273,1781244064.631564617,1781244064.632922888,1781244064.632941008,1781244064.643088341,0.008927,0.001565,0.112405,0.000008,0.001358,0.000018,0.010147,0.134429,1,1,sim_time_mjc
58,0.000000,1.160000,1781244064.643088341,1781244064.651155710,1781244064.652722597,1781244064.766042948,1781244064.766048908,1781244064.766710520,1781244064.766727924,1781244064.776382923,0.008067,0.001567,0.113320,0.000006,0.000662,0.000017,0.009655,0.133295,1,1,sim_time_mjc
59,0.000000,1.180000,1781244064.776382923,1781244064.784604311,1781244064.786215305,1781244064.899287224,1781244064.899295568,1781244064.899750948,1781244064.899768829,1781244064.909323215,0.008221,0.001611,0.113072,0.000008,0.000455,0.000018,0.009554,0.132940,1,1,sim_time_mjc
60,0.000000,1.200000,1781244064.909323215,1781244064.985215425,1781244064.986845732,1781244065.101129293,1781244065.101134539,1781244065.102573395,1781244065.102591038,1781244065.112198114,0.075892,0.001630,0.114284,0.000005,0.001439,0.000018,0.009607,0.202875,1,1,sim_time_mjc
61,0.000000,1.220000,1781244065.112198114,1781244065.118134260,1781244065.119782448,1781244065.233713627,1781244065.233720779,1781244065.234164476,1781244065.234181643,1781244065.239913464,0.005936,0.001648,0.113931,0.000007,0.000444,0.000017,0.005732,0.127715,1,1,sim_time_mjc
62,0.000000,1.240000,1781244065.239913464,1781244065.251493692,1781244065.253191471,1781244065.366594791,1781244065.366600990,1781244065.368747473,1781244065.368757725,1781244065.374299288,0.011580,0.001698,0.113403,0.000006,0.002146,0.000010,0.005542,0.134386,1,1,sim_time_mjc
63,0.000000,1.260000,1781244065.374299288,1781244065.384977102,1781244065.386724234,1781244065.502149343,1781244065.502156734,1781244065.502933502,1781244065.502944469,1781244065.508787632,0.010678,0.001747,0.115425,0.000007,0.000777,0.000011,0.005843,0.134488,1,1,sim_time_mjc
64,0.000000,1.280000,1781244065.508787632,1781244065.518348217,1781244065.520075083,1781244065.634153366,1781244065.634159327,1781244065.635895491,1781244065.635906935,1781244065.641530991,0.009561,0.001727,0.114078,0.000006,0.001736,0.000011,0.005624,0.132743,1,1,sim_time_mjc
65,0.000000,1.300000,1781244065.641530991,1781244065.651868343,1781244065.653589010,1781244065.767116547,1781244065.767124653,1781244065.767679691,1781244065.767697334,1781244065.774993420,0.010337,0.001721,0.113528,0.000008,0.000555,0.000018,0.007296,0.133462,1,1,sim_time_mjc
66,0.000000,1.320000,1781244065.774993420,1781244065.785274506,1781244065.787072182,1781244065.901010036,1781244065.901016951,1781244065.903491259,1781244065.903509617,1781244065.912752151,0.010281,0.001798,0.113938,0.000007,0.002474,0.000018,0.009243,0.137759,1,1,sim_time_mjc
67,0.000000,1.340000,1781244065.912752151,1781244065.918793917,1781244065.920603752,1781244066.033958197,1781244066.033966064,1781244066.035396576,1781244066.035415888,1781244066.042918205,0.006042,0.001810,0.113354,0.000008,0.001431,0.000019,0.007502,0.130166,1,1,sim_time_mjc
68,0.000000,1.360000,1781244066.042918205,1781244066.052251339,1781244066.054045677,1781244066.167528868,1781244066.167534828,1781244066.167782068,1781244066.167798758,1781244066.176592350,0.009333,0.001794,0.113483,0.000006,0.000247,0.000017,0.008794,0.133674,1,1,sim_time_mjc
69,0.000000,1.380000,1781244066.176592350,1781244066.185718536,1781244066.187586784,1781244066.300476789,1781244066.300484896,1781244066.301953316,1781244066.301963806,1781244066.307691097,0.009126,0.001868,0.112890,0.000008,0.001468,0.000010,0.005727,0.131099,1,1,sim_time_mjc
70,0.000000,1.400000,1781244066.307691097,1781244066.319182873,1781244066.321212530,1781244066.434401035,1781244066.434406996,1781244066.435084105,1781244066.435101032,1781244066.443357229,0.011492,0.002030,0.113189,0.000006,0.000677,0.000017,0.008256,0.135666,1,1,sim_time_mjc
71,0.000000,1.420000,1781244066.443357229,1781244066.452506781,1781244066.454369545,1781244066.567537546,1781244066.567545652,1781244066.569185257,1781244066.569196224,1781244066.577124357,0.009150,0.001863,0.113168,0.000008,0.001640,0.000011,0.007928,0.133767,1,1,sim_time_mjc
72,0.000000,1.440000,1781244066.577124357,1781244066.585990191,1781244066.587906837,1781244066.701294184,1781244066.701301098,1781244066.701645136,1781244066.701663256,1781244066.708789349,0.008866,0.001917,0.113387,0.000007,0.000344,0.000018,0.007126,0.131665,1,1,sim_time_mjc
73,0.000000,1.460000,1781244066.708789349,1781244066.719443560,1781244066.721434116,1781244066.834196329,1781244066.834203482,1781244066.835349083,1781244066.835366488,1781244066.843356848,0.010654,0.001991,0.112762,0.000007,0.001146,0.000017,0.007990,0.134567,1,1,sim_time_mjc
74,0.000000,1.480000,1781244066.843356848,1781244066.852927685,1781244066.854891062,1781244066.969134092,1781244066.969139814,1781244066.969606638,1781244066.969624043,1781244066.977898836,0.009571,0.001963,0.114243,0.000006,0.000467,0.000017,0.008275,0.134542,1,1,sim_time_mjc
75,0.000000,1.500000,1781244066.977898836,1781244066.986351728,1781244066.988323927,1781244067.100441694,1781244067.100449324,1781244067.100915670,1781244067.100935936,1781244067.109476089,0.008453,0.001972,0.112118,0.000008,0.000466,0.000020,0.008540,0.131577,1,1,sim_time_mjc
76,0.000000,1.520000,1781244067.109476089,1781244067.119931698,1781244067.122946024,1781244067.236511946,1781244067.236520052,1781244067.236881971,1781244067.236901045,1781244067.242892981,0.010456,0.003014,0.113566,0.000008,0.000362,0.000019,0.005992,0.133417,1,1,sim_time_mjc
77,0.000000,1.540000,1781244067.242892981,1781244067.253175974,1781244067.255201578,1781244067.367697477,1781244067.367704868,1781244067.368487120,1781244067.368496895,1781244067.374010324,0.010283,0.002026,0.112496,0.000007,0.000782,0.000010,0.005513,0.131117,1,1,sim_time_mjc
78,0.000000,1.560000,1781244067.374010324,1781244067.386674166,1781244067.389752388,1781244067.504147530,1781244067.504155636,1781244067.505496025,1781244067.505515337,1781244067.511289597,0.012664,0.003078,0.114395,0.000008,0.001340,0.000019,0.005774,0.137279,1,1,sim_time_mjc
79,0.000000,1.580000,1781244067.511289597,1781244067.520143032,1781244067.522190332,1781244067.635318279,1781244067.635325193,1781244067.635993242,1781244067.636010647,1781244067.643536329,0.008853,0.002047,0.113128,0.000007,0.000668,0.000017,0.007526,0.132247,1,1,sim_time_mjc
80,0.000000,1.600000,1781244067.643536329,1781244067.687110186,1781244067.689161777,1781244067.803058624,1781244067.803067207,1781244067.805220127,1781244067.805237532,1781244067.811494350,0.043574,0.002052,0.113897,0.000009,0.002153,0.000017,0.006257,0.167958,1,1,sim_time_mjc
81,0.000000,1.620000,1781244067.811494350,1781244067.821532011,1781244067.823624372,1781244067.936871767,1781244067.936880112,1781244067.938758612,1781244067.938776016,1781244067.944125414,0.010038,0.002092,0.113247,0.000008,0.001878,0.000017,0.005349,0.132631,1,1,sim_time_mjc
82,0.000000,1.640000,1781244067.944125414,1781244067.956212044,1781244067.959427595,1781244068.074631929,1781244068.074639559,1781244068.075444937,1781244068.075462341,1781244068.082915068,0.012087,0.003216,0.115204,0.000008,0.000805,0.000017,0.007453,0.138790,1,1,sim_time_mjc
83,0.000000,1.660000,1781244068.082915068,1781244068.108724117,1781244068.110933304,1781244068.224150419,1781244068.224157333,1781244068.224406242,1781244068.224416494,1781244068.229859352,0.025809,0.002209,0.113217,0.000007,0.000249,0.000010,0.005443,0.146944,1,1,sim_time_mjc
84,0.000000,1.680000,1781244068.229859352,1781244068.241283178,1781244068.243434191,1781244068.356115341,1781244068.356124640,1781244068.357176781,1781244068.357194662,1781244068.363656282,0.011424,0.002151,0.112681,0.000009,0.001052,0.000018,0.006462,0.133797,1,1,sim_time_mjc
85,0.000000,1.700000,1781244068.363656282,1781244068.389365673,1781244068.391618729,1781244068.510878801,1781244068.510886431,1781244068.512311220,1781244068.512328625,1781244068.518346548,0.025709,0.002253,0.119260,0.000008,0.001425,0.000017,0.006018,0.154690,1,1,sim_time_mjc
86,0.000000,1.720000,1781244068.518346548,1781244068.520851612,1781244068.523100376,1781244068.637052774,1781244068.637060881,1781244068.638207436,1781244068.638224840,1781244068.646189451,0.002505,0.002249,0.113952,0.000008,0.001147,0.000017,0.007965,0.127843,1,1,sim_time_mjc
87,0.000000,1.740000,1781244068.646189451,1781244068.654528618,1781244068.656866550,1781244068.770291567,1781244068.770299435,1781244068.772334576,1781244068.772347450,1781244068.777920246,0.008339,0.002338,0.113425,0.000008,0.002035,0.000013,0.005573,0.131731,1,1,sim_time_mjc
88,0.000000,1.760000,1781244068.777920246,1781244068.787971497,1781244068.790352821,1781244068.903643847,1781244068.903652906,1781244068.904413700,1781244068.904426098,1781244068.912443638,0.010051,0.002381,0.113291,0.000009,0.000761,0.000012,0.008018,0.134523,1,1,sim_time_mjc
89,0.000000,1.780000,1781244068.912443638,1781244068.921198606,1781244068.923442125,1781244069.037287474,1781244069.037294865,1781244069.038928986,1781244069.038940430,1781244069.045029402,0.008755,0.002244,0.113845,0.000007,0.001634,0.000011,0.006089,0.132586,1,1,sim_time_mjc
90,0.000000,1.800000,1781244069.045029402,1781244069.054659843,1781244069.057089806,1781244069.170758724,1781244069.170766592,1781244069.171829462,1781244069.171843290,1781244069.178078651,0.009630,0.002430,0.113669,0.000008,0.001063,0.000014,0.006235,0.133049,1,1,sim_time_mjc
91,0.000000,1.820000,1781244069.178078651,1781244069.188090563,1781244069.190682173,1781244069.303668737,1781244069.303676128,1781244069.305817127,1781244069.305840969,1781244069.312723398,0.010012,0.002592,0.112987,0.000007,0.002141,0.000024,0.006882,0.134645,1,1,sim_time_mjc
92,0.000000,1.840000,1781244069.312723398,1781244069.321757555,1781244069.324096441,1781244069.436964750,1781244069.436973095,1781244069.438187599,1781244069.438205004,1781244069.446063280,0.009034,0.002339,0.112868,0.000008,0.001215,0.000017,0.007858,0.133340,1,1,sim_time_mjc
93,0.000000,1.860000,1781244069.446063280,1781244069.455174208,1781244069.457545996,1781244069.569864750,1781244069.569873095,1781244069.572219372,1781244069.572237253,1781244069.581687450,0.009111,0.002372,0.112319,0.000008,0.002346,0.000018,0.009450,0.135624,1,1,sim_time_mjc
94,0.000000,1.880000,1781244069.581687450,1781244069.605431318,1781244069.607823610,1781244069.722026825,1781244069.722034931,1781244069.724317551,1781244069.724335432,1781244069.733776331,0.023744,0.002392,0.114203,0.000008,0.002283,0.000018,0.009441,0.152089,1,1,sim_time_mjc
95,0.000000,1.900000,1781244069.733776331,1781244069.738527298,1781244069.740991592,1781244069.854161263,1781244069.854168415,1781244069.854667664,1781244069.854678631,1781244069.860297441,0.004751,0.002464,0.113170,0.000007,0.000499,0.000011,0.005619,0.126521,1,1,sim_time_mjc
96,0.000000,1.920000,1781244069.860297441,1781244069.872249365,1781244069.874674082,1781244069.987478971,1781244069.987487316,1781244069.989522457,1781244069.989540815,1781244069.997214556,0.011952,0.002425,0.112805,0.000008,0.002035,0.000018,0.007674,0.136917,1,1,sim_time_mjc
97,0.000000,1.940000,1781244069.997214556,1781244070.005624771,1781244070.009356499,1781244070.124719143,1781244070.124726295,1781244070.126493931,1781244070.126504898,1781244070.131999493,0.008410,0.003732,0.115363,0.000007,0.001768,0.000011,0.005495,0.134785,1,1,sim_time_mjc
98,0.000000,1.960000,1781244070.131999493,1781244070.139024973,1781244070.141762972,1781244070.254995346,1781244070.255001783,1781244070.255340815,1781244070.255359173,1781244070.261151791,0.007025,0.002738,0.113232,0.000006,0.000339,0.000018,0.005793,0.129152,1,1,sim_time_mjc
99,0.000000,1.980000,1781244070.261151791,1781244070.272335291,1781244070.274910450,1781244070.387459278,1781244070.387467623,1781244070.389510870,1781244070.389528990,1781244070.395172834,0.011184,0.002575,0.112549,0.000008,0.002043,0.000018,0.005644,0.134021,1,1,sim_time_mjc
100,0.000000,2.000000,1781244070.395172834,1781244070.405944586,1781244070.408724546,1781244070.521535635,1781244070.521542072,1781244070.523455381,1781244070.523473740,1781244070.529275656,0.010772,0.002780,0.112811,0.000006,0.001913,0.000018,0.005802,0.134103,1,1,sim_time_mjc
101,0.000000,2.020000,1781244070.529275656,1781244070.539223671,1781244070.541859388,1781244070.655410528,1781244070.655417681,1781244070.657652140,1781244070.657670736,1781244070.666045189,0.009948,0.002636,0.113551,0.000007,0.002234,0.000019,0.008374,0.136770,1,1,sim_time_mjc
102,0.000000,2.040000,1781244070.666045189,1781244070.672680140,1781244070.675345182,1781244070.787487030,1781244070.787494183,1781244070.788568020,1781244070.788585424,1781244070.795441151,0.006635,0.002665,0.112142,0.000007,0.001074,0.000017,0.006856,0.129396,1,1,sim_time_mjc
103,0.000000,2.060000,1781244070.795441151,1781244070.806092501,1781244070.808693171,1781244070.921982288,1781244070.921989918,1781244070.922417641,1781244070.922428608,1781244070.928195477,0.010651,0.002601,0.113289,0.000008,0.000428,0.000011,0.005767,0.132754,1,1,sim_time_mjc
104,0.000000,2.080000,1781244070.928195477,1781244070.939569473,1781244070.942191601,1781244071.055302143,1781244071.055308104,1781244071.056759357,1781244071.056773424,1781244071.064113140,0.011374,0.002622,0.113111,0.000006,0.001451,0.000014,0.007340,0.135918,1,1,sim_time_mjc
105,0.000000,2.100000,1781244071.064113140,1781244071.073049784,1781244071.075757980,1781244071.188577652,1781244071.188585520,1781244071.190047503,1781244071.190057993,1781244071.195957184,0.008937,0.002708,0.112820,0.000008,0.001462,0.000010,0.005899,0.131844,1,1,sim_time_mjc
106,0.000000,2.120000,1781244071.195957184,1781244071.206427813,1781244071.209145308,1781244071.322235823,1781244071.322241545,1781244071.323398352,1781244071.323408365,1781244071.329092264,0.010471,0.002717,0.113091,0.000006,0.001157,0.000010,0.005684,0.133135,1,1,sim_time_mjc
107,0.000000,2.140000,1781244071.329092264,1781244071.339941263,1781244071.342751265,1781244071.456011772,1781244071.456019640,1781244071.457420349,1781244071.457432270,1781244071.463133812,0.010849,0.002810,0.113261,0.000008,0.001401,0.000012,0.005702,0.134042,1,1,sim_time_mjc
108,0.000000,2.160000,1781244071.463133812,1781244071.473278522,1781244071.476001263,1781244071.589091301,1781244071.589097500,1781244071.590705156,1781244071.590724707,1781244071.598641634,0.010145,0.002723,0.113090,0.000006,0.001608,0.000020,0.007917,0.135508,1,1,sim_time_mjc
109,0.000000,2.180000,1781244071.598641634,1781244071.606785059,1781244071.609511375,1781244071.722111702,1781244071.722118616,1781244071.724440575,1781244071.724457979,1781244071.733839035,0.008143,0.002726,0.112600,0.000007,0.002322,0.000017,0.009381,0.135197,1,1,sim_time_mjc
110,0.000000,2.200000,1781244071.733839035,1781244071.740405321,1781244071.743880749,1781244071.858422756,1781244071.858428955,1781244071.859637260,1781244071.859647989,1781244071.867312431,0.006566,0.003475,0.114542,0.000006,0.001208,0.000011,0.007664,0.133473,1,1,sim_time_mjc
111,0.000000,2.220000,1781244071.867312431,1781244071.873698711,1781244071.876501799,1781244071.989427090,1781244071.989434004,1781244071.990805387,1781244071.990823507,1781244071.999851704,0.006386,0.002803,0.112925,0.000007,0.001371,0.000018,0.009028,0.132539,1,1,sim_time_mjc
112,0.000000,2.240000,1781244071.999851704,1781244072.007143736,1781244072.009956598,1781244072.123103380,1781244072.123109818,1781244072.124881506,1781244072.124893188,1781244072.131372452,0.007292,0.002813,0.113147,0.000006,0.001772,0.000012,0.006479,0.131521,1,1,sim_time_mjc
113,0.000000,2.260000,1781244072.131372452,1781244072.140661478,1781244072.143671989,1781244072.257652760,1781244072.257660389,1781244072.259324074,1781244072.259334326,1781244072.266197681,0.009289,0.003011,0.113981,0.000008,0.001664,0.000010,0.006863,0.134825,1,1,sim_time_mjc
114,0.000000,2.280000,1781244072.266197681,1781244072.274132729,1781244072.277003527,1781244072.390507698,1781244072.390513659,1781244072.392419577,1781244072.392431259,1781244072.399696589,0.007935,0.002871,0.113504,0.000006,0.001906,0.000012,0.007265,0.133499,1,1,sim_time_mjc
115,0.000000,2.300000,1781244072.399696589,1781244072.407452822,1781244072.410488367,1781244072.523362398,1781244072.523370504,1781244072.524710894,1781244072.524721384,1781244072.531944513,0.007756,0.003036,0.112874,0.000008,0.001340,0.000010,0.007223,0.132248,1,1,sim_time_mjc
116,0.000000,2.320000,1781244072.531944513,1781244072.540873766,1781244072.543840170,1781244072.656529903,1781244072.656536818,1781244072.658418894,1781244072.658429861,1781244072.666160107,0.008929,0.002966,0.112690,0.000007,0.001882,0.000011,0.007730,0.134216,1,1,sim_time_mjc
117,0.000000,2.340000,1781244072.666160107,1781244072.674397707,1781244072.677319527,1781244072.790090084,1781244072.790097952,1781244072.791366816,1781244072.791377068,1781244072.799290895,0.008238,0.002922,0.112771,0.000008,0.001269,0.000010,0.007914,0.133131,1,1,sim_time_mjc
118,0.000000,2.360000,1781244072.799290895,1781244072.807833195,1781244072.810833454,1781244072.923525095,1781244072.923531294,1781244072.924829721,1781244072.924848080,1781244072.933186054,0.008542,0.003000,0.112692,0.000006,0.001298,0.000018,0.008338,0.133895,1,1,sim_time_mjc
119,0.000000,2.380000,1781244072.933186054,1781244072.941431522,1781244072.945556164,1781244073.058724165,1781244073.058732033,1781244073.061234474,1781244073.061253548,1781244073.070897818,0.008245,0.004125,0.113168,0.000008,0.002502,0.000019,0.009644,0.137712,1,1,sim_time_mjc
120,0.000000,2.400000,1781244073.070897818,1781244073.074671030,1781244073.078426838,1781244073.192626953,1781244073.192633152,1781244073.193561316,1781244073.193573475,1781244073.200723648,0.003773,0.003756,0.114200,0.000006,0.000928,0.000012,0.007150,0.129826,1,1,sim_time_mjc
121,0.000000,2.420000,1781244073.200723648,1781244073.208044052,1781244073.211158514,1781244073.323186398,1781244073.323194265,1781244073.324386835,1781244073.324404955,1781244073.333184481,0.007320,0.003114,0.112028,0.000008,0.001193,0.000018,0.008780,0.132461,1,1,sim_time_mjc
122,0.000000,2.440000,1781244073.333184481,1781244073.341800690,1781244073.345249176,1781244073.458585501,1781244073.458591461,1781244073.459352970,1781244073.459364176,1781244073.467329741,0.008616,0.003448,0.113336,0.000006,0.000762,0.000011,0.007966,0.134145,1,1,sim_time_mjc
123,0.000000,2.460000,1781244073.467329741,1781244073.475050211,1781244073.478210926,1781244073.595221281,1781244073.595228910,1781244073.597023010,1781244073.597041368,1781244073.606085539,0.007720,0.003161,0.117010,0.000008,0.001794,0.000018,0.009044,0.138756,1,1,sim_time_mjc
124,0.000000,2.480000,1781244073.606085539,1781244073.608488083,1781244073.613113165,1781244073.729622126,1781244073.729628325,1781244073.731443405,1781244073.731461048,1781244073.739511728,0.002403,0.004625,0.116509,0.000006,0.001815,0.000018,0.008051,0.133426,1,1,sim_time_mjc
125,0.000000,2.500000,1781244073.739511728,1781244073.741801739,1781244073.744999647,1781244073.859408855,1781244073.859416485,1781244073.860227346,1781244073.860238314,1781244073.868193626,0.002290,0.003198,0.114409,0.000008,0.000811,0.000011,0.007955,0.128682,1,1,sim_time_mjc
126,0.000000,2.520000,1781244073.868193626,1781244073.875453949,1781244073.878765345,1781244073.993123770,1781244073.993130684,1781244073.994818449,1781244073.994837523,1781244074.004547119,0.007260,0.003311,0.114358,0.000007,0.001688,0.000019,0.009710,0.136353,1,1,sim_time_mjc
127,0.000000,2.540000,1781244074.004547119,1781244074.008733749,1781244074.011876345,1781244074.126854897,1781244074.126862526,1781244074.128274202,1781244074.128286839,1781244074.134978771,0.004187,0.003143,0.114979,0.000008,0.001412,0.000013,0.006692,0.130432,1,1,sim_time_mjc
128,0.000000,2.560000,1781244074.134978771,1781244074.142182827,1781244074.145501137,1781244074.258228064,1781244074.258234739,1781244074.259672880,1781244074.259683132,1781244074.267546415,0.007204,0.003318,0.112727,0.000007,0.001438,0.000010,0.007863,0.132568,1,1,sim_time_mjc
129,0.000000,2.580000,1781244074.267546415,1781244074.275619745,1781244074.278873682,1781244074.391753912,1781244074.391762257,1781244074.392867088,1781244074.392878056,1781244074.400976419,0.008073,0.003254,0.112880,0.000008,0.001105,0.000011,0.008098,0.133430,1,1,sim_time_mjc
130,0.000000,2.600000,1781244074.400976419,1781244074.409097910,1781244074.412437916,1781244074.556142569,1781244074.556149960,1781244074.558424473,1781244074.558442354,1781244074.568282843,0.008121,0.003340,0.143705,0.000007,0.002275,0.000018,0.009840,0.167306,1,1,sim_time_mjc
131,0.000000,2.620000,1781244074.568282843,1781244074.575827599,1781244074.579087734,1781244074.691428900,1781244074.691437721,1781244074.693556070,1781244074.693567753,1781244074.700259686,0.007545,0.003260,0.112341,0.000009,0.002118,0.000012,0.006692,0.131977,1,1,sim_time_mjc
132,0.000000,2.640000,1781244074.700259686,1781244074.709548950,1781244074.713074923,1781244074.826171875,1781244074.826177835,1781244074.826527834,1781244074.826544285,1781244074.834001780,0.009289,0.003526,0.113097,0.000006,0.000350,0.000016,0.007457,0.133742,1,1,sim_time_mjc
133,0.000000,2.660000,1781244074.834001780,1781244074.842759848,1781244074.846075535,1781244074.958647251,1781244074.958654881,1781244074.960443497,1781244074.960462809,1781244074.968252659,0.008758,0.003316,0.112572,0.000008,0.001789,0.000019,0.007790,0.134251,1,1,sim_time_mjc
134,0.000000,2.680000,1781244074.968252659,1781244074.976315498,1781244074.979607105,1781244075.092437267,1781244075.092443466,1781244075.093853235,1781244075.093870878,1781244075.100362301,0.008063,0.003292,0.112830,0.000006,0.001410,0.000018,0.006491,0.132110,1,1,sim_time_mjc
135,0.000000,2.700000,1781244075.100362301,1781244075.109706640,1781244075.113067865,1781244075.225192785,1781244075.225200891,1781244075.225757360,1781244075.225780487,1781244075.234645844,0.009344,0.003361,0.112125,0.000008,0.000556,0.000023,0.008865,0.134284,1,1,sim_time_mjc
136,0.000000,2.720000,1781244075.234645844,1781244075.243188620,1781244075.246632814,1781244075.359597683,1781244075.359603882,1781244075.361218214,1781244075.361230850,1781244075.368704796,0.008543,0.003444,0.112965,0.000006,0.001614,0.000013,0.007474,0.134059,1,1,sim_time_mjc
137,0.000000,2.740000,1781244075.368704796,1781244075.376595497,1781244075.380052567,1781244075.492044210,1781244075.492052317,1781244075.494548798,1781244075.494567156,1781244075.504008532,0.007891,0.003457,0.111992,0.000008,0.002496,0.000018,0.009441,0.135304,1,1,sim_time_mjc
138,0.000000,2.760000,1781244075.504008532,1781244075.577550173,1781244075.581663847,1781244075.697703600,1781244075.697710037,1781244075.699086666,1781244075.699103832,1781244075.707957029,0.073542,0.004114,0.116040,0.000006,0.001377,0.000017,0.008853,0.203948,1,1,sim_time_mjc
139,0.000000,2.780000,1781244075.707957029,1781244075.710148811,1781244075.713607788,1781244075.825591564,1781244075.825599909,1781244075.826950073,1781244075.826961517,1781244075.832688093,0.002192,0.003459,0.111984,0.000008,0.001350,0.000011,0.005727,0.124731,1,1,sim_time_mjc
140,0.000000,2.800000,1781244075.832688093,1781244075.843616724,1781244075.847053289,1781244075.959858179,1781244075.959864378,1781244075.961926222,1781244075.961943865,1781244075.971069336,0.010929,0.003437,0.112805,0.000006,0.002062,0.000018,0.009125,0.138381,1,1,sim_time_mjc
141,0.000000,2.820000,1781244075.971069336,1781244075.977081299,1781244075.980524778,1781244076.093288422,1781244076.093296289,1781244076.094686031,1781244076.094703436,1781244076.101719856,0.006012,0.003443,0.112764,0.000008,0.001390,0.000017,0.007016,0.130651,1,1,sim_time_mjc
142,0.000000,2.840000,1781244076.101719856,1781244076.110731602,1781244076.114270210,1781244076.227096319,1781244076.227102757,1781244076.228039265,1781244076.228050232,1781244076.233526707,0.009012,0.003539,0.112826,0.000006,0.000937,0.000011,0.005476,0.131807,1,1,sim_time_mjc
143,0.000000,2.860000,1781244076.233526707,1781244076.243906260,1781244076.248299122,1781244076.359528542,1781244076.359536648,1781244076.361294270,1781244076.361315489,1781244076.369075298,0.010380,0.004393,0.111229,0.000008,0.001758,0.000021,0.007760,0.135549,1,1,sim_time_mjc
144,0.000000,2.880000,1781244076.369075298,1781244076.377355099,1781244076.380840302,1781244076.492923021,1781244076.492928982,1781244076.493772030,1781244076.493783236,1781244076.499455690,0.008280,0.003485,0.112083,0.000006,0.000843,0.000011,0.005672,0.130380,1,1,sim_time_mjc
145,0.000000,2.900000,1781244076.499455690,1781244076.510798693,1781244076.514348507,1781244076.626311541,1781244076.626319170,1781244076.627736092,1781244076.627754688,1781244076.634925365,0.011343,0.003550,0.111963,0.000008,0.001417,0.000019,0.007171,0.135470,1,1,sim_time_mjc
146,0.000000,2.920000,1781244076.634925365,1781244076.644274712,1781244076.647871494,1781244076.760094881,1781244076.760100603,1781244076.761740446,1781244076.761759996,1781244076.767311573,0.009349,0.003597,0.112223,0.000006,0.001640,0.000020,0.005552,0.132386,1,1,sim_time_mjc
147,0.000000,2.940000,1781244076.767311573,1781244076.777699947,1781244076.781378746,1781244076.893267393,1781244076.893274069,1781244076.895066977,1781244076.895085096,1781244076.901495218,0.010388,0.003679,0.111889,0.000007,0.001793,0.000018,0.006410,0.134184,1,1,sim_time_mjc
148,0.000000,2.960000,1781244076.901495218,1781244076.911121130,1781244076.915140152,1781244077.026987791,1781244077.026993752,1781244077.028692961,1781244077.028707266,1781244077.034468412,0.009626,0.004019,0.111848,0.000006,0.001699,0.000014,0.005761,0.132973,1,1,sim_time_mjc
149,0.000000,2.980000,1781244077.034468412,1781244077.044606924,1781244077.048211575,1781244077.159782648,1781244077.159790754,1781244077.161173582,1781244077.161185026,1781244077.167011738,0.010139,0.003605,0.111571,0.000008,0.001383,0.000011,0.005827,0.132543,1,1,sim_time_mjc
150,0.000000,3.000000,1781244077.167011738,1781244077.178018093,1781244077.181782722,1781244077.293658972,1781244077.293665648,1781244077.295670033,1781244077.295680523,1781244077.301030636,0.011006,0.003765,0.111876,0.000007,0.002004,0.000010,0.005350,0.134019,1,1,sim_time_mjc
151,0.000000,3.020000,1781244077.301030636,1781244077.311424494,1781244077.315093994,1781244077.426410198,1781244077.426418066,1781244077.428436279,1781244077.428452969,1781244077.434114218,0.010394,0.003670,0.111316,0.000008,0.002018,0.000017,0.005661,0.133084,1,1,sim_time_mjc
152,0.000000,3.040000,1781244077.434114218,1781244077.444927692,1781244077.448657751,1781244077.560447693,1781244077.560454130,1781244077.560986996,1781244077.561004639,1781244077.566995859,0.010813,0.003730,0.111790,0.000006,0.000533,0.000018,0.005991,0.132882,1,1,sim_time_mjc
153,0.000000,3.060000,1781244077.566995859,1781244077.578438044,1781244077.582225084,1781244077.694061518,1781244077.694069862,1781244077.696282625,1781244077.696292877,1781244077.701871395,0.011442,0.003787,0.111836,0.000008,0.002213,0.000010,0.005579,0.134876,1,1,sim_time_mjc
154,0.000000,3.080000,1781244077.701871395,1781244077.711943626,1781244077.715647697,1781244077.827638626,1781244077.827644587,1781244077.827907324,1781244077.827917576,1781244077.833661795,0.010072,0.003704,0.111991,0.000006,0.000263,0.000010,0.005744,0.131790,1,1,sim_time_mjc
155,0.000000,3.100000,1781244077.833661795,1781244077.845386744,1781244077.849272728,1781244077.963509321,1781244077.963517189,1781244077.965664864,1781244077.965681553,1781244077.973088264,0.011725,0.003886,0.114237,0.000008,0.002148,0.000017,0.007407,0.139426,1,1,sim_time_mjc
156,0.000000,3.120000,1781244077.973088264,1781244077.978649855,1781244077.982458353,1781244078.094835997,1781244078.094842196,1781244078.095535517,1781244078.095553875,1781244078.101184845,0.005562,0.003808,0.112378,0.000006,0.000693,0.000018,0.005631,0.128097,1,1,sim_time_mjc
157,0.000000,3.140000,1781244078.101184845,1781244078.112221479,1781244078.116116047,1781244078.229037762,1781244078.229046106,1781244078.229485750,1781244078.229496479,1781244078.237915993,0.011037,0.003895,0.112922,0.000008,0.000440,0.000011,0.008420,0.136731,1,1,sim_time_mjc
158,0.000000,3.160000,1781244078.237915993,1781244078.245578289,1781244078.249417543,1781244078.361989260,1781244078.361997366,1781244078.364248037,1781244078.364266396,1781244078.369923353,0.007662,0.003839,0.112572,0.000008,0.002251,0.000018,0.005657,0.132007,1,1,sim_time_mjc
159,0.000000,3.180000,1781244078.369923353,1781244078.378985643,1781244078.382902622,1781244078.495409012,1781244078.495416880,1781244078.496479034,1781244078.496497393,1781244078.505658865,0.009062,0.003917,0.112506,0.000008,0.001062,0.000018,0.009161,0.135736,1,1,sim_time_mjc
160,0.000000,3.200000,1781244078.505658865,1781244078.512463093,1781244078.516396761,1781244078.629347324,1781244078.629353523,1781244078.630289078,1781244078.630306482,1781244078.639284849,0.006804,0.003934,0.112951,0.000006,0.000936,0.000017,0.008978,0.133626,1,1,sim_time_mjc
161,0.000000,3.220000,1781244078.639284849,1781244078.645960808,1781244078.649950743,1781244078.763613701,1781244078.763620615,1781244078.765685558,1781244078.765702963,1781244078.771297455,0.006676,0.003990,0.113663,0.000007,0.002065,0.000017,0.005594,0.132013,1,1,sim_time_mjc
162,0.000000,3.240000,1781244078.771297455,1781244078.779260874,1781244078.783302546,1781244078.895630360,1781244078.895636082,1781244078.896759987,1781244078.896776438,1781244078.902455091,0.007963,0.004042,0.112328,0.000006,0.001124,0.000016,0.005679,0.131158,1,1,sim_time_mjc
163,0.000000,3.260000,1781244078.902455091,1781244078.912808657,1781244078.916918039,1781244079.031185865,1781244079.031193495,1781244079.033138752,1781244079.033156872,1781244079.039808989,0.010354,0.004109,0.114268,0.000008,0.001945,0.000018,0.006652,0.137354,1,1,sim_time_mjc
164,0.000000,3.280000,1781244079.039808989,1781244079.046365023,1781244079.050496578,1781244079.164349794,1781244079.164356709,1781244079.165310144,1781244079.165323496,1781244079.173132896,0.006556,0.004132,0.113853,0.000007,0.000953,0.000013,0.007809,0.133324,1,1,sim_time_mjc
165,0.000000,3.300000,1781244079.173132896,1781244079.179655790,1781244079.183783770,1781244079.297012806,1781244079.297020435,1781244079.297909498,1781244079.297928333,1781244079.305085659,0.006523,0.004128,0.113229,0.000008,0.000889,0.000019,0.007157,0.131953,1,1,sim_time_mjc
166,0.000000,3.320000,1781244079.305085659,1781244079.313107729,1781244079.317271709,1781244079.430485010,1781244079.430491209,1781244079.431869507,1781244079.431890726,1781244079.438895941,0.008022,0.004164,0.113213,0.000006,0.001378,0.000021,0.007005,0.133810,1,1,sim_time_mjc
167,0.000000,3.340000,1781244079.438895941,1781244079.446502209,1781244079.450690985,1781244079.591388702,1781244079.591398716,1781244079.591688871,1781244079.591702223,1781244079.597916603,0.007606,0.004189,0.140698,0.000010,0.000290,0.000013,0.006214,0.159021,1,1,sim_time_mjc
168,0.000000,3.360000,1781244079.597916603,1781244079.613695145,1781244079.619265079,1781244079.733268738,1781244079.733275652,1781244079.733751535,1781244079.733774424,1781244079.743552208,0.015779,0.005570,0.114004,0.000007,0.000476,0.000023,0.009778,0.145636,1,1,sim_time_mjc
169,0.000000,3.380000,1781244079.743552208,1781244079.746849775,1781244079.751047611,1781244079.864209652,1781244079.864217758,1781244079.866536140,1781244079.866555214,1781244079.872363329,0.003298,0.004198,0.113162,0.000008,0.002318,0.000019,0.005808,0.128811,1,1,sim_time_mjc
170,0.000000,3.400000,1781244079.872363329,1781244079.880439997,1781244079.886697292,1781244080.001370192,1781244080.001377821,1781244080.003174543,1781244080.003185749,1781244080.008640766,0.008077,0.006257,0.114673,0.000008,0.001797,0.000011,0.005455,0.136277,1,1,sim_time_mjc
171,0.000000,3.420000,1781244080.008640766,1781244080.013708353,1781244080.017867565,1781244080.130604506,1781244080.130613327,1781244080.132462263,1781244080.132482529,1781244080.140443087,0.005068,0.004159,0.112737,0.000009,0.001849,0.000020,0.007961,0.131802,1,1,sim_time_mjc
172,0.000000,3.440000,1781244080.140443087,1781244080.147148132,1781244080.151408672,1781244080.265015841,1781244080.265022039,1781244080.266550064,1781244080.266561747,1781244080.274407148,0.006705,0.004261,0.113607,0.000006,0.001528,0.000012,0.007845,0.133964,1,1,sim_time_mjc
173,0.000000,3.460000,1781244080.274407148,1781244080.280551434,1781244080.284797668,1781244080.398269892,1781244080.398277283,1781244080.400150061,1781244080.400168180,1781244080.410002708,0.006144,0.004246,0.113472,0.000007,0.001873,0.000018,0.009835,0.135596,1,1,sim_time_mjc
174,0.000000,3.480000,1781244080.410002708,1781244080.414058685,1781244080.418287039,1781244080.531414986,1781244080.531421423,1781244080.531692505,1781244080.531703711,1781244080.538953304,0.004056,0.004228,0.113128,0.000006,0.000271,0.000011,0.007250,0.128951,1,1,sim_time_mjc
175,0.000000,3.500000,1781244080.538953304,1781244080.547404289,1781244080.551610708,1781244080.663868189,1781244080.663876057,1781244080.665684938,1781244080.665702581,1781244080.675476551,0.008451,0.004206,0.112257,0.000008,0.001809,0.000018,0.009774,0.136523,1,1,sim_time_mjc
176,0.000000,3.520000,1781244080.675476551,1781244080.680935860,1781244080.685404778,1781244080.799557924,1781244080.799564362,1781244080.801520109,1781244080.801536560,1781244080.811027765,0.005459,0.004469,0.114153,0.000006,0.001956,0.000016,0.009491,0.135551,1,1,sim_time_mjc
177,0.000000,3.540000,1781244080.811027765,1781244080.814299583,1781244080.818600893,1781244080.931040525,1781244080.931049585,1781244080.932423353,1781244080.932442188,1781244080.939217091,0.003272,0.004301,0.112440,0.000009,0.001374,0.000019,0.006775,0.128189,1,1,sim_time_mjc
178,0.000000,3.560000,1781244080.939217091,1781244080.947796106,1781244080.952070475,1781244081.064441919,1781244081.064448595,1781244081.064790726,1781244081.064801931,1781244081.072634459,0.008579,0.004274,0.112371,0.000007,0.000342,0.000011,0.007833,0.133417,1,1,sim_time_mjc
179,0.000000,3.580000,1781244081.072634459,1781244081.081302643,1781244081.085669279,1781244081.198147058,1781244081.198155165,1781244081.199069023,1781244081.199086905,1781244081.206725836,0.008668,0.004367,0.112478,0.000008,0.000914,0.000018,0.007639,0.134091,1,1,sim_time_mjc
180,0.000000,3.600000,1781244081.206725836,1781244081.214679956,1781244081.220817327,1781244081.334960222,1781244081.334965944,1781244081.336535692,1781244081.336547375,1781244081.343651056,0.007954,0.006137,0.114143,0.000006,0.001570,0.000012,0.007104,0.136925,1,1,sim_time_mjc
181,0.000000,3.620000,1781244081.343651056,1781244081.348062992,1781244081.352524042,1781244081.465116501,1781244081.465125084,1781244081.465903759,1781244081.465920925,1781244081.474288225,0.004412,0.004461,0.112592,0.000009,0.000779,0.000017,0.008367,0.130637,1,1,sim_time_mjc
182,0.000000,3.640000,1781244081.474288225,1781244081.481702805,1781244081.486178637,1781244081.598897457,1781244081.598903656,1781244081.600284576,1781244081.600306034,1781244081.610037804,0.007415,0.004476,0.112719,0.000006,0.001381,0.000021,0.009732,0.135750,1,1,sim_time_mjc
183,0.000000,3.660000,1781244081.610037804,1781244081.614975214,1781244081.619384289,1781244081.731830120,1781244081.731838226,1781244081.733483315,1781244081.733502388,1781244081.742044449,0.004937,0.004409,0.112446,0.000008,0.001645,0.000019,0.008542,0.132007,1,1,sim_time_mjc
184,0.000000,3.680000,1781244081.742044449,1781244081.748426914,1781244081.752867699,1781244081.865028858,1781244081.865036249,1781244081.866880178,1781244081.866897821,1781244081.873014212,0.006382,0.004441,0.112161,0.000007,0.001844,0.000018,0.006116,0.130970,1,1,sim_time_mjc
185,0.000000,3.700000,1781244081.873014212,1781244081.881951809,1781244081.886475086,1781244081.999158621,1781244081.999167204,1781244081.999885321,1781244081.999902248,1781244082.006148577,0.008938,0.004523,0.112684,0.000009,0.000718,0.000017,0.006246,0.133134,1,1,sim_time_mjc
186,0.000000,3.720000,1781244082.006148577,1781244082.015448093,1781244082.020020008,1781244082.133704424,1781244082.133712053,1781244082.134360552,1781244082.134377956,1781244082.142524004,0.009300,0.004572,0.113684,0.000008,0.000648,0.000017,0.008146,0.136375,1,1,sim_time_mjc
187,0.000000,3.740000,1781244082.142524004,1781244082.148851871,1781244082.154414177,1781244082.267648220,1781244082.267656088,1781244082.268948078,1781244082.268964767,1781244082.277266979,0.006328,0.005562,0.113234,0.000008,0.001292,0.000017,0.008302,0.134743,1,1,sim_time_mjc
188,0.000000,3.760000,1781244082.277266979,1781244082.282379150,1781244082.286890030,1781244082.399811506,1781244082.399817944,1781244082.400848627,1781244082.400860071,1781244082.406426668,0.005112,0.004511,0.112921,0.000006,0.001031,0.000011,0.005567,0.129160,1,1,sim_time_mjc
189,0.000000,3.780000,1781244082.406426668,1781244082.415809393,1781244082.420480013,1781244082.534062386,1781244082.534070015,1781244082.534447908,1781244082.534461975,1781244082.540440321,0.009383,0.004671,0.113582,0.000008,0.000378,0.000014,0.005978,0.134014,1,1,sim_time_mjc
190,0.000000,3.800000,1781244082.540440321,1781244082.549107790,1781244082.553738356,1781244082.666828632,1781244082.666834593,1781244082.667195082,1781244082.667213678,1781244082.676805019,0.008667,0.004631,0.113090,0.000006,0.000360,0.000019,0.009591,0.136365,1,1,sim_time_mjc
191,0.000000,3.820000,1781244082.676805019,1781244082.682543755,1781244082.687132120,1781244082.801537037,1781244082.801545143,1781244082.801988125,1781244082.801999092,1781244082.807724953,0.005739,0.004588,0.114405,0.000008,0.000443,0.000011,0.005726,0.130920,1,1,sim_time_mjc
192,0.000000,3.840000,1781244082.807724953,1781244082.816003323,1781244082.820626497,1781244082.934336185,1781244082.934344530,1781244082.936598063,1781244082.936609268,1781244082.942301273,0.008278,0.004623,0.113710,0.000008,0.002254,0.000011,0.005692,0.134576,1,1,sim_time_mjc
193,0.000000,3.860000,1781244082.942301273,1781244082.949406147,1781244082.954177618,1781244083.068159819,1781244083.068167925,1781244083.069875479,1781244083.069888830,1781244083.075537443,0.007105,0.004771,0.113982,0.000008,0.001708,0.000013,0.005649,0.133236,1,1,sim_time_mjc
194,0.000000,3.880000,1781244083.075537443,1781244083.082960606,1781244083.087821722,1781244083.207065582,1781244083.207074165,1781244083.209283113,1781244083.209300280,1781244083.218228817,0.007423,0.004861,0.119244,0.000009,0.002209,0.000017,0.008929,0.142691,1,1,sim_time_mjc
195,0.000000,3.900000,1781244083.218228817,1781244083.232990026,1781244083.238280535,1781244083.351925611,1781244083.351933241,1781244083.353749752,1781244083.353767872,1781244083.360462189,0.014761,0.005291,0.113645,0.000008,0.001817,0.000018,0.006694,0.142233,1,1,sim_time_mjc
196,0.000000,3.920000,1781244083.360462189,1781244083.366493702,1781244083.371179342,1781244083.484325409,1781244083.484332561,1781244083.484883785,1781244083.484896660,1781244083.490778208,0.006032,0.004686,0.113146,0.000007,0.000551,0.000013,0.005882,0.130316,1,1,sim_time_mjc
197,0.000000,3.940000,1781244083.490778208,1781244083.499906301,1781244083.504710674,1781244083.625021219,1781244083.625028849,1781244083.626350164,1781244083.626368046,1781244083.634995699,0.009128,0.004804,0.120311,0.000008,0.001321,0.000018,0.008628,0.144217,1,1,sim_time_mjc
198,0.000000,3.960000,1781244083.634995699,1781244083.649952173,1781244083.654809713,1781244083.768403530,1781244083.768412590,1781244083.769186735,1781244083.769207239,1781244083.779141188,0.014956,0.004858,0.113594,0.000009,0.000774,0.000021,0.009934,0.144145,1,1,sim_time_mjc
199,0.000000,3.980000,1781244083.779141188,1781244083.783412695,1781244083.788323164,1781244083.901494741,1781244083.901503563,1781244083.902315378,1781244083.902327538,1781244083.908009052,0.004272,0.004910,0.113172,0.000009,0.000812,0.000012,0.005682,0.128868,1,1,sim_time_mjc
200,0.000000,4.000000,1781244083.908009052,1781244083.917016745,1781244083.921827555,1781244084.035911798,1781244084.035919905,1781244084.036835670,1781244084.036857128,1781244084.043488026,0.009008,0.004811,0.114084,0.000008,0.000916,0.000021,0.006631,0.135479,1,1,sim_time_mjc
201,0.000000,4.020000,1781244084.043488026,1781244084.050479412,1781244084.055755854,1781244084.170090914,1781244084.170099735,1781244084.170571327,1781244084.170588493,1781244084.180254221,0.006991,0.005276,0.114335,0.000009,0.000472,0.000017,0.009666,0.136766,1,1,sim_time_mjc
202,0.000000,4.040000,1781244084.180254221,1781244084.183947802,1781244084.189333916,1781244084.304378510,1781244084.304386616,1781244084.306592464,1781244084.306610346,1781244084.312610865,0.003694,0.005386,0.115045,0.000008,0.002206,0.000018,0.006001,0.132357,1,1,sim_time_mjc
203,0.000000,4.060000,1781244084.312610865,1781244084.317149639,1781244084.322225094,1781244084.435804367,1781244084.435813665,1781244084.437987328,1781244084.437999725,1781244084.445676804,0.004539,0.005075,0.113579,0.000009,0.002174,0.000012,0.007677,0.133066,1,1,sim_time_mjc
204,0.000000,4.080000,1781244084.445676804,1781244084.450808764,1781244084.455708504,1781244084.600639820,1781244084.600649118,1781244084.602028847,1781244084.602048874,1781244084.608539581,0.005132,0.004900,0.144931,0.000009,0.001380,0.000020,0.006491,0.162863,1,1,sim_time_mjc
205,0.000000,4.100000,1781244084.608539581,1781244084.617572308,1781244084.622794867,1781244084.736426830,1781244084.736434221,1781244084.737299919,1781244084.737319708,1781244084.745512247,0.009033,0.005223,0.113632,0.000007,0.000866,0.000020,0.008193,0.136973,1,1,sim_time_mjc
206,0.000000,4.120000,1781244084.745512247,1781244084.750906706,1781244084.755863190,1781244084.870048523,1781244084.870056868,1781244084.871382236,1781244084.871402025,1781244084.881016493,0.005394,0.004956,0.114185,0.000008,0.001325,0.000020,0.009614,0.135504,1,1,sim_time_mjc
207,0.000000,4.140000,1781244084.881016493,1781244084.884535313,1781244084.889508009,1781244085.003178358,1781244085.003186464,1781244085.004626751,1781244085.004645586,1781244085.011268616,0.003519,0.004973,0.113670,0.000008,0.001440,0.000019,0.006623,0.130252,1,1,sim_time_mjc
208,0.000000,4.160000,1781244085.011268616,1781244085.017820358,1781244085.023000479,1781244085.137620449,1781244085.137628078,1781244085.138375521,1781244085.138386965,1781244085.146417618,0.006552,0.005180,0.114620,0.000008,0.000747,0.000011,0.008031,0.135149,1,1,sim_time_mjc
209,0.000000,4.180000,1781244085.146417618,1781244085.151134253,1781244085.156481981,1781244085.270808935,1781244085.270817041,1781244085.271579027,1781244085.271596432,1781244085.279992819,0.004717,0.005348,0.114327,0.000008,0.000762,0.000017,0.008396,0.133575,1,1,sim_time_mjc
210,0.000000,4.200000,1781244085.279992819,1781244085.284672976,1781244085.289715052,1781244085.404023886,1781244085.404031992,1781244085.405222654,1781244085.405240774,1781244085.412325621,0.004680,0.005042,0.114309,0.000008,0.001191,0.000018,0.007085,0.132333,1,1,sim_time_mjc
211,0.000000,4.220000,1781244085.412325621,1781244085.418092012,1781244085.425720930,1781244085.539530754,1781244085.539538622,1781244085.540268660,1781244085.540279388,1781244085.546033382,0.005766,0.007629,0.113810,0.000008,0.000730,0.000011,0.005754,0.133708,1,1,sim_time_mjc
212,0.000000,4.240000,1781244085.546033382,1781244085.551456213,1781244085.556594849,1781244085.670562267,1781244085.670570135,1781244085.671220303,1781244085.671232224,1781244085.677517414,0.005423,0.005139,0.113967,0.000008,0.000650,0.000012,0.006285,0.131484,1,1,sim_time_mjc
213,0.000000,4.260000,1781244085.677517414,1781244085.684945107,1781244085.690139055,1781244085.803545952,1781244085.803553820,1781244085.806093454,1781244085.806110859,1781244085.813122511,0.007428,0.005194,0.113407,0.000008,0.002540,0.000017,0.007012,0.135605,1,1,sim_time_mjc
214,0.000000,4.280000,1781244085.813122511,1781244085.818645954,1781244085.825916529,1781244085.940366030,1781244085.940373421,1781244085.940836430,1781244085.940846682,1781244085.946828127,0.005523,0.007271,0.114450,0.000007,0.000463,0.000010,0.005981,0.133706,1,1,sim_time_mjc
215,0.000000,4.300000,1781244085.946828127,1781244085.951999903,1781244085.957339764,1781244086.070985794,1781244086.070992947,1781244086.072263718,1781244086.072274923,1781244086.078257561,0.005172,0.005340,0.113646,0.000007,0.001271,0.000011,0.005983,0.131429,1,1,sim_time_mjc
216,0.000000,4.320000,1781244086.078257561,1781244086.085544348,1781244086.090962410,1781244086.203957319,1781244086.203964472,1781244086.205333710,1781244086.205352306,1781244086.211109161,0.007287,0.005418,0.112995,0.000007,0.001369,0.000019,0.005757,0.132852,1,1,sim_time_mjc
217,0.000000,4.340000,1781244086.211109161,1781244086.218735218,1781244086.224064350,1781244086.337292910,1781244086.337300539,1781244086.337779284,1781244086.337798595,1781244086.345605135,0.007626,0.005329,0.113229,0.000008,0.000479,0.000019,0.007807,0.134496,1,1,sim_time_mjc
218,0.000000,4.360000,1781244086.345605135,1781244086.352321386,1781244086.357636213,1781244086.471267223,1781244086.471273899,1781244086.472762585,1781244086.472778082,1781244086.478494644,0.006716,0.005315,0.113631,0.000007,0.001489,0.000015,0.005717,0.132890,1,1,sim_time_mjc
219,0.000000,4.380000,1781244086.478494644,1781244086.485637188,1781244086.490880489,1781244086.603889942,1781244086.603898048,1781244086.606359720,1781244086.606377363,1781244086.614122391,0.007143,0.005243,0.113009,0.000008,0.002462,0.000018,0.007745,0.135628,1,1,sim_time_mjc
220,0.000000,4.400000,1781244086.614122391,1781244086.619340658,1781244086.625887156,1781244086.739793062,1781244086.739799261,1781244086.741506577,1781244086.741524696,1781244086.749518871,0.005218,0.006546,0.113906,0.000006,0.001707,0.000018,0.007994,0.135396,1,1,sim_time_mjc
221,0.000000,4.420000,1781244086.749518871,1781244086.752813816,1781244086.758270264,1781244086.871674061,1781244086.871681690,1781244086.872601271,1781244086.872618437,1781244086.879322529,0.003295,0.005456,0.113404,0.000008,0.000920,0.000017,0.006704,0.129804,1,1,sim_time_mjc
222,0.000000,4.440000,1781244086.879322529,1781244086.886106968,1781244086.891566277,1781244087.005306959,1781244087.005312920,1781244087.006655931,1781244087.006666660,1781244087.012414217,0.006784,0.005459,0.113741,0.000006,0.001343,0.000011,0.005748,0.133092,1,1,sim_time_mjc
223,0.000000,4.460000,1781244087.012414217,1781244087.019465446,1781244087.024873018,1781244087.138761282,1781244087.138768673,1781244087.140266418,1781244087.140284300,1781244087.148264170,0.007051,0.005408,0.113888,0.000007,0.001498,0.000018,0.007980,0.135850,1,1,sim_time_mjc
224,0.000000,4.480000,1781244087.148264170,1781244087.152864218,1781244087.158218861,1781244087.271752119,1781244087.271757841,1781244087.273672819,1781244087.273690701,1781244087.281682730,0.004600,0.005355,0.113533,0.000006,0.001915,0.000018,0.007992,0.133419,1,1,sim_time_mjc
225,0.000000,4.500000,1781244087.281682730,1781244087.286330938,1781244087.291734934,1781244087.404845238,1781244087.404853106,1781244087.406009912,1781244087.406028748,1781244087.412346601,0.004648,0.005404,0.113110,0.000008,0.001157,0.000019,0.006318,0.130664,1,1,sim_time_mjc
226,0.000000,4.520000,1781244087.412346601,1781244087.419772625,1781244087.425172806,1781244087.538758516,1781244087.538764954,1781244087.540458918,1781244087.540477276,1781244087.548121452,0.007426,0.005400,0.113586,0.000006,0.001694,0.000018,0.007644,0.135775,1,1,sim_time_mjc
227,0.000000,4.540000,1781244087.548121452,1781244087.553132772,1781244087.558712006,1781244087.672576427,1781244087.672585249,1781244087.674108744,1781244087.674124241,1781244087.679930210,0.005011,0.005579,0.113864,0.000009,0.001523,0.000015,0.005806,0.131809,1,1,sim_time_mjc
228,0.000000,4.560000,1781244087.679930210,1781244087.686829805,1781244087.692534924,1781244087.807650805,1781244087.807658195,1781244087.808303118,1781244087.808320045,1781244087.815553188,0.006900,0.005705,0.115116,0.000007,0.000645,0.000017,0.007233,0.135623,1,1,sim_time_mjc
229,0.000000,4.580000,1781244087.815553188,1781244087.836897612,1781244087.842371702,1781244087.956883907,1781244087.956891537,1781244087.958858728,1781244087.958873510,1781244087.964601517,0.021344,0.005474,0.114512,0.000008,0.001967,0.000015,0.005728,0.149048,1,1,sim_time_mjc
230,0.000000,4.600000,1781244087.964601517,1781244087.970457792,1781244087.976151705,1781244088.091275692,1781244088.091281891,1781244088.093172312,1781244088.093183517,1781244088.098724365,0.005856,0.005694,0.115124,0.000006,0.001890,0.000011,0.005541,0.134123,1,1,sim_time_mjc
231,0.000000,4.620000,1781244088.098724365,1781244088.103889942,1781244088.109750986,1781244088.223403931,1781244088.223411560,1781244088.224317074,1781244088.224328279,1781244088.230054617,0.005166,0.005861,0.113653,0.000008,0.000906,0.000011,0.005726,0.131330,1,1,sim_time_mjc
232,0.000000,4.640000,1781244088.230054617,1781244088.237048864,1781244088.242564201,1781244088.356315136,1781244088.356321573,1781244088.357181549,1781244088.357199192,1781244088.365010262,0.006994,0.005515,0.113751,0.000006,0.000860,0.000018,0.007811,0.134956,1,1,sim_time_mjc
233,0.000000,4.660000,1781244088.365010262,1781244088.370687962,1781244088.376458168,1781244088.490190744,1781244088.490198374,1781244088.492704630,1781244088.492721558,1781244088.500546217,0.005678,0.005770,0.113733,0.000008,0.002506,0.000017,0.007825,0.135536,1,1,sim_time_mjc
234,0.000000,4.680000,1781244088.500546217,1781244088.504122734,1781244088.510675907,1781244088.624261618,1781244088.624267578,1781244088.625114441,1781244088.625132799,1781244088.632908106,0.003577,0.006553,0.113586,0.000006,0.000847,0.000018,0.007775,0.132362,1,1,sim_time_mjc
235,0.000000,4.700000,1781244088.632908106,1781244088.637530088,1781244088.643338680,1781244088.756521225,1781244088.756529331,1781244088.759165525,1781244088.759177923,1781244088.764894962,0.004622,0.005809,0.113183,0.000008,0.002636,0.000012,0.005717,0.131987,1,1,sim_time_mjc
236,0.000000,4.720000,1781244088.764894962,1781244088.770867348,1781244088.776610613,1781244088.890273333,1781244088.890280485,1781244088.892223120,1781244088.892233610,1781244088.898395300,0.005972,0.005743,0.113663,0.000007,0.001943,0.000010,0.006162,0.133500,1,1,sim_time_mjc
237,0.000000,4.740000,1781244088.898395300,1781244088.904468060,1781244088.910235167,1781244089.023097038,1781244089.023105621,1781244089.025130987,1781244089.025141954,1781244089.030874729,0.006073,0.005767,0.112862,0.000009,0.002025,0.000011,0.005733,0.132479,1,1,sim_time_mjc
238,0.000000,4.760000,1781244089.030874729,1781244089.037702322,1781244089.043419838,1781244089.157744646,1781244089.157751083,1781244089.159694672,1781244089.159705639,1781244089.165357828,0.006828,0.005718,0.114325,0.000006,0.001944,0.000011,0.005652,0.134483,1,1,sim_time_mjc
239,0.000000,4.780000,1781244089.165357828,1781244089.171247005,1781244089.177330017,1781244089.290562153,1781244089.290569544,1781244089.291601181,1781244089.291618824,1781244089.297944546,0.005889,0.006083,0.113232,0.000007,0.001032,0.000018,0.006326,0.132587,1,1,sim_time_mjc
240,0.000000,4.800000,1781244089.297944546,1781244089.304875374,1781244089.310937881,1781244089.425633430,1781244089.425639629,1781244089.426760912,1781244089.426783800,1781244089.432940006,0.006931,0.006063,0.114696,0.000006,0.001121,0.000023,0.006156,0.134995,1,1,sim_time_mjc
241,0.000000,4.820000,1781244089.432940006,1781244089.438257933,1781244089.444292307,1781244089.557157040,1781244089.557163954,1781244089.559437990,1781244089.559457064,1781244089.569297075,0.005318,0.006034,0.112865,0.000007,0.002274,0.000019,0.009840,0.136357,1,1,sim_time_mjc
242,0.000000,4.840000,1781244089.569297075,1781244089.571862221,1781244089.578069210,1781244089.693373442,1781244089.693380117,1781244089.694501400,1781244089.694519758,1781244089.703861237,0.002565,0.006207,0.115304,0.000007,0.001121,0.000018,0.009341,0.134564,1,1,sim_time_mjc
243,0.000000,4.860000,1781244089.703861237,1781244089.705442667,1781244089.711260557,1781244089.825857878,1781244089.825865507,1781244089.827177525,1781244089.827195168,1781244089.835324526,0.001581,0.005818,0.114597,0.000008,0.001312,0.000018,0.008129,0.131463,1,1,sim_time_mjc
244,0.000000,4.880000,1781244089.835324526,1781244089.838676214,1781244089.845887899,1781244089.959686995,1781244089.959692955,1781244089.959987164,1781244089.960006237,1781244089.968377352,0.003352,0.007212,0.113799,0.000006,0.000294,0.000019,0.008371,0.133053,1,1,sim_time_mjc
245,0.000000,4.900000,1781244089.968377352,1781244089.972006321,1781244089.977986813,1781244090.093282461,1781244090.093289614,1781244090.093572855,1781244090.093590260,1781244090.102935076,0.003629,0.005980,0.115296,0.000007,0.000283,0.000017,0.009345,0.134558,1,1,sim_time_mjc
246,0.000000,4.920000,1781244090.102935076,1781244090.105792999,1781244090.111630440,1781244090.225848675,1781244090.225855350,1781244090.227264881,1781244090.227279663,1781244090.235056162,0.002858,0.005837,0.114218,0.000007,0.001410,0.000015,0.007776,0.132121,1,1,sim_time_mjc
247,0.000000,4.940000,1781244090.235056162,1781244090.238955498,1781244090.247811079,1781244090.364393234,1781244090.364400864,1781244090.366394520,1781244090.366412401,1781244090.373758316,0.003899,0.008856,0.116582,0.000008,0.001994,0.000018,0.007346,0.138702,1,1,sim_time_mjc
248,0.000000,4.960000,1781244090.373758316,1781244090.389137983,1781244090.395282984,1781244090.508322239,1781244090.508328438,1781244090.508852005,1781244090.508870125,1781244090.517126799,0.015380,0.006145,0.113039,0.000006,0.000524,0.000018,0.008257,0.143368,1,1,sim_time_mjc
249,0.000000,4.980000,1781244090.517126799,1781244090.522500277,1781244090.528679132,1781244090.641968012,1781244090.641975880,1781244090.643700123,1781244090.643711329,1781244090.651534319,0.005373,0.006179,0.113289,0.000008,0.001724,0.000011,0.007823,0.134408,1,1,sim_time_mjc
250,0.000000,5.000000,1781244090.651534319,1781244090.656011820,1781244090.662108183,1781244090.776367426,1781244090.776372910,1781244090.778604269,1781244090.778617382,1781244090.784433842,0.004478,0.006096,0.114259,0.000005,0.002231,0.000013,0.005816,0.132900,1,1,sim_time_mjc
251,0.000000,5.020000,1781244090.784433842,1781244090.789465666,1781244090.795403004,1781244090.908515930,1781244090.908524036,1781244090.909983635,1781244090.909995556,1781244090.917834520,0.005032,0.005937,0.113113,0.000008,0.001460,0.000012,0.007839,0.133401,1,1,sim_time_mjc
252,0.000000,5.040000,1781244090.917834520,1781244090.922888756,1781244090.929072142,1781244091.042441368,1781244091.042447567,1781244091.043171883,1781244091.043189287,1781244091.051915884,0.005054,0.006183,0.113369,0.000006,0.000724,0.000017,0.008727,0.134081,1,1,sim_time_mjc
253,0.000000,5.060000,1781244091.051915884,1781244091.056301832,1781244091.064139366,1781244091.177875042,1781244091.177882910,1781244091.178817511,1781244091.178837299,1781244091.186194420,0.004386,0.007838,0.113736,0.000008,0.000935,0.000020,0.007357,0.134279,1,1,sim_time_mjc
254,0.000000,5.080000,1781244091.186194420,1781244091.189651251,1781244091.196007252,1781244091.311527014,1781244091.311532974,1781244091.313138485,1781244091.313155890,1781244091.321201086,0.003457,0.006356,0.115520,0.000006,0.001606,0.000017,0.008045,0.135007,1,1,sim_time_mjc
255,0.000000,5.100000,1781244091.321201086,1781244091.323124647,1781244091.329200029,1781244091.443117142,1781244091.443125248,1781244091.443955898,1781244091.443973780,1781244091.452185392,0.001924,0.006075,0.113917,0.000008,0.000831,0.000018,0.008212,0.130984,1,1,sim_time_mjc
256,0.000000,5.120000,1781244091.452185392,1781244091.456676960,1781244091.462807655,1781244091.577383757,1781244091.577389479,1781244091.579688787,1781244091.579705715,1781244091.586359262,0.004492,0.006131,0.114576,0.000006,0.002299,0.000017,0.006654,0.134174,1,1,sim_time_mjc
257,0.000000,5.140000,1781244091.586359262,1781244091.589802027,1781244091.595911503,1781244091.709498405,1781244091.709506512,1781244091.711562634,1781244091.711574078,1781244091.718878508,0.003443,0.006109,0.113587,0.000008,0.002056,0.000011,0.007304,0.132519,1,1,sim_time_mjc
258,0.000000,5.160000,1781244091.718878508,1781244091.723368645,1781244091.729661465,1781244091.843879938,1781244091.843885899,1781244091.845670462,1781244091.845688820,1781244091.855636835,0.004490,0.006293,0.114218,0.000006,0.001785,0.000018,0.009948,0.136758,1,1,sim_time_mjc
259,0.000000,5.180000,1781244091.855636835,1781244091.857027531,1781244091.863278151,1781244091.976410866,1781244091.976418734,1781244091.978790760,1781244091.978801727,1781244091.984607458,0.001391,0.006251,0.113133,0.000008,0.002372,0.000011,0.005806,0.128971,1,1,sim_time_mjc
260,0.000000,5.200000,1781244091.984607458,1781244091.990365267,1781244091.996810198,1781244092.111691236,1781244092.111697435,1781244092.112321615,1781244092.112333536,1781244092.118167877,0.005758,0.006445,0.114881,0.000006,0.000624,0.000012,0.005834,0.133560,1,1,sim_time_mjc
261,0.000000,5.220000,1781244092.118167877,1781244092.123607159,1781244092.129868269,1781244092.243083000,1781244092.243090868,1781244092.244056940,1781244092.244073868,1781244092.250212669,0.005439,0.006261,0.113215,0.000008,0.000966,0.000017,0.006139,0.132045,1,1,sim_time_mjc
262,0.000000,5.240000,1781244092.250212669,1781244092.257218838,1781244092.263630629,1781244092.376870155,1781244092.376876354,1781244092.379060030,1781244092.379081488,1781244092.386966228,0.007006,0.006412,0.113240,0.000006,0.002184,0.000021,0.007885,0.136754,1,1,sim_time_mjc
263,0.000000,5.260000,1781244092.386966228,1781244092.390744686,1781244092.397691250,1781244092.510841846,1781244092.510849476,1781244092.513087988,1781244092.513105392,1781244092.519205332,0.003778,0.006947,0.113151,0.000008,0.002239,0.000017,0.006100,0.132239,1,1,sim_time_mjc
264,0.000000,5.280000,1781244092.519205332,1781244092.524131298,1781244092.530562878,1781244092.646858931,1781244092.646864891,1781244092.648334265,1781244092.648352861,1781244092.656451941,0.004926,0.006432,0.116296,0.000006,0.001469,0.000019,0.008099,0.137247,1,1,sim_time_mjc
265,0.000000,5.300000,1781244092.656451941,1781244092.657341719,1781244092.665858269,1781244092.779618263,1781244092.779625893,1781244092.780956507,1781244092.780974150,1781244092.787174702,0.000890,0.008517,0.113760,0.000008,0.001331,0.000018,0.006201,0.130723,1,1,sim_time_mjc
266,0.000000,5.320000,1781244092.787174702,1781244092.791098118,1781244092.798135519,1781244092.911488533,1781244092.911494732,1781244092.913493395,1781244092.913504362,1781244092.919388533,0.003923,0.007037,0.113353,0.000006,0.001999,0.000011,0.005884,0.132214,1,1,sim_time_mjc
267,0.000000,5.340000,1781244092.919388533,1781244092.924476147,1781244092.930940390,1781244093.043978214,1781244093.043986320,1781244093.044922113,1781244093.044933796,1781244093.050804138,0.005088,0.006464,0.113038,0.000008,0.000936,0.000012,0.005870,0.131416,1,1,sim_time_mjc
268,0.000000,5.360000,1781244093.050804138,1781244093.057811975,1781244093.064352989,1781244093.178699255,1781244093.178705454,1781244093.180272579,1781244093.180283546,1781244093.186324120,0.007008,0.006541,0.114346,0.000006,0.001567,0.000011,0.006041,0.135520,1,1,sim_time_mjc
269,0.000000,5.380000,1781244093.186324120,1781244093.191406012,1781244093.198132753,1781244093.312690973,1781244093.312699318,1781244093.314591169,1781244093.314608335,1781244093.322287798,0.005082,0.006727,0.114558,0.000008,0.001892,0.000017,0.007679,0.135964,1,1,sim_time_mjc
270,0.000000,5.400000,1781244093.322287798,1781244093.324939966,1781244093.331621408,1781244093.445566416,1781244093.445572615,1781244093.446683645,1781244093.446701288,1781244093.452981710,0.002652,0.006681,0.113945,0.000006,0.001111,0.000018,0.006280,0.130694,1,1,sim_time_mjc
271,0.000000,5.420000,1781244093.452981710,1781244093.458199024,1781244093.464653254,1781244093.578081608,1781244093.578089952,1781244093.580311537,1781244093.580330610,1781244093.588659286,0.005217,0.006454,0.113428,0.000008,0.002222,0.000019,0.008329,0.135678,1,1,sim_time_mjc
272,0.000000,5.440000,1781244093.588659286,1781244093.591738462,1781244093.598613977,1781244093.714535952,1781244093.714541912,1781244093.715446949,1781244093.715463638,1781244093.723247290,0.003079,0.006876,0.115922,0.000006,0.000905,0.000017,0.007784,0.134588,1,1,sim_time_mjc
273,0.000000,5.460000,1781244093.723247290,1781244093.724829674,1781244093.731302738,1781244093.844067097,1781244093.844074965,1781244093.844760180,1781244093.844774485,1781244093.850649118,0.001582,0.006473,0.112764,0.000008,0.000685,0.000014,0.005875,0.127402,1,1,sim_time_mjc
274,0.000000,5.480000,1781244093.850649118,1781244093.858384371,1781244093.864877224,1781244093.977982044,1781244093.977988243,1781244093.980256557,1781244093.980267048,1781244093.986048937,0.007735,0.006493,0.113105,0.000006,0.002268,0.000010,0.005782,0.135400,1,1,sim_time_mjc
275,0.000000,5.500000,1781244093.986048937,1781244093.992008448,1781244093.998593092,1781244094.141654015,1781244094.141889572,1781244094.143877029,1781244094.143900871,1781244094.155326605,0.005960,0.006585,0.143061,0.000236,0.001987,0.000024,0.011426,0.169278,1,1,sim_time_mjc
276,0.000000,5.520000,1781244094.155326605,1781244094.158849955,1781244094.168605804,1781244094.284813881,1781244094.284819603,1781244094.286440849,1781244094.286452770,1781244094.292199612,0.003523,0.009756,0.116208,0.000006,0.001621,0.000012,0.005747,0.136873,1,1,sim_time_mjc
277,0.000000,5.540000,1781244094.292199612,1781244094.308727980,1781244094.315250635,1781244094.428734303,1781244094.428741693,1781244094.429280281,1781244094.429291487,1781244094.435248375,0.016528,0.006523,0.113484,0.000007,0.000539,0.000011,0.005957,0.143049,1,1,sim_time_mjc
278,0.000000,5.560000,1781244094.435248375,1781244094.442136288,1781244094.448727131,1781244094.562017679,1781244094.562023640,1781244094.562752724,1781244094.562763214,1781244094.568626404,0.006888,0.006591,0.113291,0.000006,0.000729,0.000010,0.005863,0.133378,1,1,sim_time_mjc
279,0.000000,5.580000,1781244094.568626404,1781244094.575875282,1781244094.582736492,1781244094.696243763,1781244094.696251392,1781244094.698626995,1781244094.698643923,1781244094.704657316,0.007249,0.006861,0.113507,0.000008,0.002376,0.000017,0.006013,0.136031,1,1,sim_time_mjc
280,0.000000,5.600000,1781244094.704657316,1781244094.709291697,1781244094.716272354,1781244094.830978870,1781244094.830985069,1781244094.831604958,1781244094.831622601,1781244094.837811947,0.004634,0.006981,0.114707,0.000006,0.000620,0.000018,0.006189,0.133155,1,1,sim_time_mjc
281,0.000000,5.620000,1781244094.837811947,1781244094.842469215,1781244094.851665974,1781244094.965796471,1781244094.965804100,1781244094.967842340,1781244094.967864990,1781244094.973827600,0.004657,0.009197,0.114130,0.000008,0.002038,0.000023,0.005963,0.136016,1,1,sim_time_mjc
282,0.000000,5.640000,1781244094.973827600,1781244094.976052284,1781244094.984566450,1781244095.102592230,1781244095.102598190,1781244095.103982687,1781244095.103993416,1781244095.109704494,0.002225,0.008514,0.118026,0.000006,0.001384,0.000011,0.005711,0.135877,1,1,sim_time_mjc
283,0.000000,5.660000,1781244095.109704494,1781244095.126262188,1781244095.133153200,1781244095.260806322,1781244095.260816574,1781244095.262402534,1781244095.262419701,1781244095.268515825,0.016558,0.006891,0.127653,0.000010,0.001586,0.000017,0.006096,0.158811,1,1,sim_time_mjc
284,0.000000,5.680000,1781244095.268515825,1781244095.276412249,1781244095.283968925,1781244095.398193121,1781244095.398199797,1781244095.399425030,1781244095.399442434,1781244095.407033205,0.007896,0.007557,0.114224,0.000007,0.001225,0.000017,0.007591,0.138517,1,1,sim_time_mjc
285,0.000000,5.700000,1781244095.407033205,1781244095.409574747,1781244095.416460752,1781244095.530105591,1781244095.530113459,1781244095.531471252,1781244095.531482458,1781244095.537460327,0.002542,0.006886,0.113645,0.000008,0.001358,0.000011,0.005978,0.130427,1,1,sim_time_mjc
286,0.000000,5.720000,1781244095.537460327,1781244095.543033361,1781244095.549785137,1781244095.663210392,1781244095.663217068,1781244095.664964914,1781244095.664975405,1781244095.670763016,0.005573,0.006752,0.113425,0.000007,0.001748,0.000010,0.005788,0.133303,1,1,sim_time_mjc
287,0.000000,5.740000,1781244095.670763016,1781244095.676558733,1781244095.683515787,1781244095.797072411,1781244095.797080517,1781244095.799060106,1781244095.799078703,1781244095.807188749,0.005796,0.006957,0.113557,0.000008,0.001980,0.000019,0.008110,0.136426,1,1,sim_time_mjc
288,0.000000,5.760000,1781244095.807188749,1781244095.809924364,1781244095.816708565,1781244095.930665731,1781244095.930672169,1781244095.933051348,1781244095.933063507,1781244095.939068317,0.002736,0.006784,0.113957,0.000006,0.002379,0.000012,0.006005,0.131880,1,1,sim_time_mjc
289,0.000000,5.780000,1781244095.939068317,1781244095.943596363,1781244095.950687408,1781244096.064944744,1781244096.064951897,1781244096.067392349,1781244096.067410231,1781244096.077563047,0.004528,0.007091,0.114257,0.000007,0.002440,0.000018,0.010153,0.138495,1,1,sim_time_mjc
290,0.000000,5.800000,1781244096.077563047,1781244096.093750715,1781244096.101064444,1781244096.215251923,1781244096.215257883,1781244096.216140032,1781244096.216150761,1781244096.222075701,0.016188,0.007314,0.114187,0.000006,0.000882,0.000011,0.005925,0.144513,1,1,sim_time_mjc
291,0.000000,5.820000,1781244096.222075701,1781244096.227093697,1781244096.234241247,1781244096.348712683,1781244096.348720551,1781244096.350125790,1781244096.350136518,1781244096.358697414,0.005018,0.007148,0.114471,0.000008,0.001405,0.000011,0.008561,0.136622,1,1,sim_time_mjc
292,0.000000,5.840000,1781244096.358697414,1781244096.362083673,1781244096.372546911,1781244096.491002560,1781244096.491008520,1781244096.491452694,1781244096.491469622,1781244096.500630856,0.003386,0.010463,0.118456,0.000006,0.000444,0.000017,0.009161,0.141933,1,1,sim_time_mjc
293,0.000000,5.860000,1781244096.500630856,1781244096.510726929,1781244096.517971516,1781244096.631496429,1781244096.631504059,1781244096.633847237,1781244096.633865118,1781244096.641020775,0.010096,0.007245,0.113525,0.000008,0.002343,0.000018,0.007156,0.140390,1,1,sim_time_mjc
294,0.000000,5.880000,1781244096.641020775,1781244096.644285202,1781244096.651279449,1781244096.764975548,1781244096.764982224,1781244096.766467333,1781244096.766484737,1781244096.776371717,0.003264,0.006994,0.113696,0.000007,0.001485,0.000017,0.009887,0.135351,1,1,sim_time_mjc
295,0.000000,5.900000,1781244096.776371717,1781244096.777350187,1781244096.784509420,1781244096.897453070,1781244096.897460461,1781244096.898586988,1781244096.898605108,1781244096.907970190,0.000978,0.007159,0.112944,0.000007,0.001127,0.000018,0.009365,0.131598,1,1,sim_time_mjc
296,0.000000,5.920000,1781244096.907970190,1781244096.910967112,1781244096.918098927,1781244097.032461882,1781244097.032468319,1781244097.033789635,1781244097.033801317,1781244097.042112350,0.002997,0.007132,0.114363,0.000006,0.001321,0.000012,0.008311,0.134142,1,1,sim_time_mjc
297,0.000000,5.940000,1781244097.042112350,1781244097.044567585,1781244097.054125309,1781244097.166970730,1781244097.166979313,1781244097.167261839,1781244097.167279243,1781244097.176321983,0.002455,0.009558,0.112845,0.000009,0.000283,0.000017,0.009043,0.134210,1,1,sim_time_mjc
298,0.000000,5.960000,1781244097.176321983,1781244097.178012848,1781244097.185054541,1781244097.298937321,1781244097.298943758,1781244097.300739288,1781244097.300751209,1781244097.308016062,0.001691,0.007042,0.113883,0.000006,0.001796,0.000012,0.007265,0.131694,1,1,sim_time_mjc
299,0.000000,5.980000,1781244097.308016062,1781244097.311372519,1781244097.318565369,1781244097.431880474,1781244097.431887865,1781244097.432882547,1781244097.432894707,1781244097.441458702,0.003356,0.007193,0.113315,0.000007,0.000995,0.000012,0.008564,0.133443,1,1,sim_time_mjc
300,0.000000,6.000000,1781244097.441458702,1781244097.444614172,1781244097.451708078,1781244097.564878941,1781244097.564884663,1781244097.565695047,1781244097.565712690,1781244097.573733568,0.003155,0.007094,0.113171,0.000006,0.000810,0.000018,0.008021,0.132275,1,1,sim_time_mjc
301,0.000000,6.020000,1781244097.573733568,1781244097.578264236,1781244097.585595846,1781244097.698701143,1781244097.698711634,1781244097.699458361,1781244097.699470520,1781244097.707139254,0.004531,0.007332,0.113105,0.000010,0.000747,0.000012,0.007669,0.133406,1,1,sim_time_mjc
302,0.000000,6.040000,1781244097.707139254,1781244097.712431669,1781244097.719875097,1781244097.847856045,1781244097.847862005,1781244097.848679781,1781244097.848695278,1781244097.859292746,0.005292,0.007443,0.127981,0.000006,0.000818,0.000015,0.010597,0.152153,1,1,sim_time_mjc
303,0.000000,6.060000,1781244097.859292746,1781244097.861817598,1781244097.872626543,1781244097.987938643,1781244097.987945795,1781244097.988376379,1781244097.988387346,1781244097.995398760,0.002525,0.010809,0.115312,0.000007,0.000431,0.000011,0.007011,0.136106,1,1,sim_time_mjc
304,0.000000,6.080000,1781244097.995398760,1781244098.011799812,1781244098.019215345,1781244098.132683992,1781244098.132689953,1781244098.133738995,1781244098.133756399,1781244098.142543316,0.016401,0.007416,0.113469,0.000006,0.001049,0.000017,0.008787,0.147145,1,1,sim_time_mjc
305,0.000000,6.100000,1781244098.142543316,1781244098.145256519,1781244098.152496099,1781244098.266854048,1781244098.266861200,1781244098.269068956,1781244098.269087315,1781244098.278053284,0.002713,0.007240,0.114358,0.000007,0.002208,0.000018,0.008966,0.135510,1,1,sim_time_mjc
306,0.000000,6.120000,1781244098.278053284,1781244098.278673887,1781244098.286012650,1781244098.399810553,1781244098.399816751,1781244098.401139259,1781244098.401150942,1781244098.409817934,0.000621,0.007339,0.113798,0.000006,0.001323,0.000012,0.008667,0.131765,1,1,sim_time_mjc
307,0.000000,6.140000,1781244098.409817934,1781244098.412106514,1781244098.419497490,1781244098.532786846,1781244098.532793999,1781244098.534509897,1781244098.534521341,1781244098.543228865,0.002289,0.007391,0.113289,0.000007,0.001716,0.000011,0.008708,0.133411,1,1,sim_time_mjc
308,0.000000,6.160000,1781244098.543228865,1781244098.545513153,1781244098.552757978,1781244098.665875435,1781244098.665881872,1781244098.666103601,1781244098.666114569,1781244098.673541069,0.002284,0.007245,0.113117,0.000006,0.000222,0.000011,0.007427,0.130312,1,1,sim_time_mjc
309,0.000000,6.180000,1781244098.673541069,1781244098.678992271,1781244098.686372280,1781244098.798934698,1781244098.798943043,1781244098.799206495,1781244098.799224377,1781244098.810072422,0.005451,0.007380,0.112562,0.000008,0.000263,0.000018,0.010848,0.136531,1,1,sim_time_mjc
310,0.000000,6.200000,1781244098.810072422,1781244098.812420607,1781244098.819697380,1781244098.932941198,1781244098.932947397,1781244098.933699608,1781244098.933709621,1781244098.941942453,0.002348,0.007277,0.113244,0.000006,0.000752,0.000010,0.008233,0.131870,1,1,sim_time_mjc
311,0.000000,6.220000,1781244098.941942453,1781244098.945881605,1781244098.953226805,1781244099.066312075,1781244099.066319704,1781244099.067938566,1781244099.067955256,1781244099.077115297,0.003939,0.007345,0.113085,0.000008,0.001619,0.000017,0.009160,0.135173,1,1,sim_time_mjc
312,0.000000,6.240000,1781244099.077115297,1781244099.079491377,1781244099.086908817,1781244099.200964928,1781244099.200971365,1781244099.202468395,1781244099.202485800,1781244099.213560581,0.002376,0.007417,0.114056,0.000006,0.001497,0.000017,0.011075,0.136445,1,1,sim_time_mjc
313,0.000000,6.260000,1781244099.213560581,1781244099.229528666,1781244099.236872673,1781244099.349683762,1781244099.349690914,1781244099.350929260,1781244099.350946903,1781244099.361429930,0.015968,0.007344,0.112811,0.000007,0.001238,0.000018,0.010483,0.147869,1,1,sim_time_mjc
314,0.000000,6.280000,1781244099.361429930,1781244099.363148212,1781244099.370570898,1781244099.484076262,1781244099.484084129,1781244099.484545946,1781244099.484559059,1781244099.495220900,0.001718,0.007423,0.113505,0.000008,0.000462,0.000013,0.010662,0.133791,1,1,sim_time_mjc
315,0.000000,6.300000,1781244099.495220900,1781244099.496334076,1781244099.503881216,1781244099.617155313,1781244099.617163658,1781244099.619606495,1781244099.619625330,1781244099.627279043,0.001113,0.007547,0.113274,0.000008,0.002443,0.000019,0.007654,0.132058,1,1,sim_time_mjc
316,0.000000,6.320000,1781244099.627279043,1781244099.630020142,1781244099.637438536,1781244099.750384331,1781244099.750390530,1781244099.752149820,1781244099.752166748,1781244099.760999680,0.002741,0.007418,0.112946,0.000006,0.001759,0.000017,0.008833,0.133721,1,1,sim_time_mjc
317,0.000000,6.340000,1781244099.760999680,1781244099.763317585,1781244099.770739317,1781244099.883367538,1781244099.883375168,1781244099.884816885,1781244099.884838343,1781244099.893514633,0.002318,0.007422,0.112628,0.000008,0.001442,0.000021,0.008676,0.132515,1,1,sim_time_mjc
318,0.000000,6.360000,1781244099.893514633,1781244099.897197962,1781244099.905796766,1781244100.018507481,1781244100.018513918,1781244100.019833088,1781244100.019850731,1781244100.029011965,0.003683,0.008599,0.112711,0.000006,0.001319,0.000018,0.009161,0.135497,1,1,sim_time_mjc
319,0.000000,6.380000,1781244100.029011965,1781244100.030156851,1781244100.038131475,1781244100.152137280,1781244100.152144909,1781244100.152970552,1781244100.152987719,1781244100.164063692,0.001145,0.007975,0.114006,0.000008,0.000826,0.000017,0.011076,0.135052,1,1,sim_time_mjc
320,0.000000,6.400000,1781244100.164063692,1781244100.180289507,1781244100.188613653,1781244100.301835537,1781244100.301841259,1781244100.303117752,1781244100.303128481,1781244100.311869144,0.016226,0.008324,0.113222,0.000006,0.001276,0.000011,0.008741,0.147805,1,1,sim_time_mjc
321,0.000000,6.420000,1781244100.311869144,1781244100.313780546,1781244100.322227240,1781244100.435117006,1781244100.435124636,1781244100.437298536,1781244100.437309504,1781244100.446069479,0.001911,0.008447,0.112890,0.000008,0.002174,0.000011,0.008760,0.134200,1,1,sim_time_mjc
322,0.000000,6.440000,1781244100.446069479,1781244100.447178841,1781244100.454677105,1781244100.567310095,1781244100.567316771,1781244100.568739653,1781244100.568758488,1781244100.576389313,0.001109,0.007498,0.112633,0.000007,0.001423,0.000019,0.007631,0.130320,1,1,sim_time_mjc
323,0.000000,6.460000,1781244100.576389313,1781244100.580708504,1781244100.588616371,1781244100.703575850,1781244100.703583002,1781244100.704955339,1781244100.704973936,1781244100.714047670,0.004319,0.007908,0.114959,0.000007,0.001372,0.000019,0.009074,0.137658,1,1,sim_time_mjc
324,0.000000,6.480000,1781244100.714047670,1781244100.714178324,1781244100.722333670,1781244100.841023922,1781244100.841029882,1781244100.842356443,1781244100.842374086,1781244100.850572824,0.000131,0.008155,0.118690,0.000006,0.001327,0.000018,0.008199,0.136525,1,1,sim_time_mjc
325,0.000000,6.500000,1781244100.850572824,1781244100.864186287,1781244100.871956110,1781244100.985743761,1781244100.985752821,1781244100.986152411,1781244100.986173391,1781244100.996798038,0.013613,0.007770,0.113788,0.000009,0.000400,0.000021,0.010625,0.146225,1,1,sim_time_mjc
326,0.000000,6.520000,1781244100.996798038,1781244100.997862101,1781244101.005668640,1781244101.119980097,1781244101.119987965,1781244101.121274948,1781244101.121293068,1781244101.132116795,0.001064,0.007807,0.114311,0.000008,0.001287,0.000018,0.010824,0.135319,1,1,sim_time_mjc
327,0.000000,6.540000,1781244101.132116795,1781244101.147922516,1781244101.157733679,1781244101.277316093,1781244101.277324200,1781244101.277823687,1781244101.277842760,1781244101.287308216,0.015806,0.009811,0.119582,0.000008,0.000499,0.000019,0.009465,0.155191,1,1,sim_time_mjc
328,0.000000,6.560000,1781244101.287308216,1781244101.298170328,1781244101.308630228,1781244101.424615383,1781244101.424621582,1781244101.424788475,1781244101.424799442,1781244101.433156252,0.010862,0.010460,0.115985,0.000006,0.000167,0.000011,0.008357,0.145848,1,1,sim_time_mjc
329,0.000000,6.580000,1781244101.433156252,1781244101.448264599,1781244101.456254721,1781244101.571076632,1781244101.571084738,1781244101.572391510,1781244101.572409630,1781244101.581466436,0.015108,0.007990,0.114822,0.000008,0.001307,0.000018,0.009057,0.148310,1,1,sim_time_mjc
330,0.000000,6.600000,1781244101.581466436,1781244101.581469297,1781244101.589370012,1781244101.704546452,1781244101.704552412,1781244101.705299139,1781244101.705309868,1781244101.714253426,0.000003,0.007901,0.115176,0.000006,0.000747,0.000011,0.008944,0.132787,1,1,sim_time_mjc
331,0.000000,6.620000,1781244101.714253426,1781244101.714981318,1781244101.723006248,1781244101.837556839,1781244101.837565422,1781244101.838825941,1781244101.838843346,1781244101.847750902,0.000728,0.008025,0.114551,0.000009,0.001261,0.000017,0.008908,0.133497,1,1,sim_time_mjc
332,0.000000,6.640000,1781244101.847750902,1781244101.848265648,1781244101.856151819,1781244101.969941854,1781244101.969948053,1781244101.972102880,1781244101.972120523,1781244101.982717991,0.000515,0.007886,0.113790,0.000006,0.002155,0.000018,0.010597,0.134967,1,1,sim_time_mjc
333,0.000000,6.660000,1781244101.982717991,1781244101.998443365,1781244102.007139683,1781244102.120375633,1781244102.120383024,1781244102.122575045,1781244102.122592211,1781244102.130808115,0.015725,0.008696,0.113236,0.000007,0.002192,0.000017,0.008216,0.148090,1,1,sim_time_mjc
334,0.000000,6.680000,1781244102.130808115,1781244102.132019758,1781244102.139841080,1781244102.258829117,1781244102.258837461,1781244102.260102987,1781244102.260122299,1781244102.271889210,0.001212,0.007821,0.118988,0.000008,0.001266,0.000019,0.011767,0.141081,1,1,sim_time_mjc
335,0.000000,6.700000,1781244102.271889210,1781244102.282178164,1781244102.294198751,1781244102.408869028,1781244102.408877373,1781244102.410630226,1781244102.410640240,1781244102.419554234,0.010289,0.012021,0.114670,0.000008,0.001753,0.000010,0.008914,0.147665,1,1,sim_time_mjc
336,0.000000,6.720000,1781244102.419554234,1781244102.432308435,1781244102.440447330,1781244102.555247784,1781244102.555254221,1781244102.556812286,1781244102.556829929,1781244102.566777229,0.012754,0.008139,0.114800,0.000006,0.001558,0.000018,0.009947,0.147223,1,1,sim_time_mjc
337,0.000000,6.740000,1781244102.566777229,1781244102.582426310,1781244102.592256546,1781244102.706791162,1781244102.706798553,1781244102.707994938,1781244102.708013058,1781244102.718991518,0.015649,0.009830,0.114535,0.000007,0.001196,0.000018,0.010978,0.152214,1,1,sim_time_mjc
338,0.000000,6.760000,1781244102.718991518,1781244102.732472658,1781244102.744430065,1781244102.859948874,1781244102.859954596,1781244102.860584497,1781244102.860602379,1781244102.870051861,0.013481,0.011957,0.115519,0.000006,0.000630,0.000018,0.009449,0.151060,1,1,sim_time_mjc
339,0.000000,6.780000,1781244102.870051861,1781244102.882700205,1781244102.891018391,1781244103.004006147,1781244103.004014015,1781244103.006696224,1781244103.006713390,1781244103.017398834,0.012648,0.008318,0.112988,0.000008,0.002682,0.000017,0.010685,0.147347,1,1,sim_time_mjc
340,0.000000,6.800000,1781244103.017398834,1781244103.032666445,1781244103.040834188,1781244103.153779268,1781244103.153804541,1781244103.155181170,1781244103.155192375,1781244103.161577225,0.015268,0.008168,0.112945,0.000025,0.001377,0.000011,0.006385,0.144178,1,1,sim_time_mjc
341,0.000000,6.820000,1781244103.161577225,1781244103.166141748,1781244103.174641609,1781244103.289763689,1781244103.289774418,1781244103.291134834,1781244103.291152954,1781244103.299620390,0.004565,0.008500,0.115122,0.000011,0.001360,0.000018,0.008467,0.138043,1,1,sim_time_mjc
342,0.000000,6.840000,1781244103.299620390,1781244103.316238642,1781244103.324452877,1781244103.437541962,1781244103.437550545,1781244103.438926220,1781244103.438942671,1781244103.449234486,0.016618,0.008214,0.113089,0.000009,0.001376,0.000016,0.010292,0.149614,1,1,sim_time_mjc
343,0.000000,6.860000,1781244103.449234486,1781244103.449628353,1781244103.458839655,1781244103.573728561,1781244103.573735952,1781244103.574315548,1781244103.574325562,1781244103.580855608,0.000394,0.009211,0.114889,0.000007,0.000580,0.000010,0.006530,0.131621,1,1,sim_time_mjc
344,0.000000,6.880000,1781244103.580855608,1781244103.583240986,1781244103.591635466,1781244103.706058741,1781244103.706066608,1781244103.707879782,1781244103.707890749,1781244103.714344025,0.002385,0.008394,0.114423,0.000008,0.001813,0.000011,0.006453,0.133488,1,1,sim_time_mjc
345,0.000000,6.900000,1781244103.714344025,1781244103.716500759,1781244103.725347519,1781244103.838166714,1781244103.838175058,1781244103.840421438,1781244103.840431929,1781244103.847141981,0.002157,0.008847,0.112819,0.000008,0.002246,0.000010,0.006710,0.132798,1,1,sim_time_mjc
346,0.000000,6.920000,1781244103.847141981,1781244103.849898815,1781244103.858203173,1781244103.974133492,1781244103.974141121,1781244103.975435972,1781244103.975445747,1781244103.981827021,0.002757,0.008304,0.115930,0.000008,0.001295,0.000010,0.006381,0.134685,1,1,sim_time_mjc
347,0.000000,6.940000,1781244103.981827021,1781244103.983478785,1781244103.991596460,1781244104.103597164,1781244104.103605270,1781244104.104224205,1781244104.104244471,1781244104.111353874,0.001652,0.008118,0.112001,0.000008,0.000619,0.000020,0.007109,0.129527,1,1,sim_time_mjc
348,0.000000,6.960000,1781244104.111353874,1781244104.116787195,1781244104.124975920,1781244104.237806320,1781244104.237813711,1781244104.238291025,1781244104.238311768,1781244104.246524334,0.005433,0.008189,0.112830,0.000007,0.000477,0.000021,0.008213,0.135170,1,1,sim_time_mjc
349,0.000000,6.980000,1781244104.246524334,1781244104.250236988,1781244104.258433342,1781244104.370853186,1781244104.370860100,1781244104.372850418,1781244104.372867823,1781244104.381626129,0.003713,0.008196,0.112420,0.000007,0.001990,0.000017,0.008758,0.135102,1,1,sim_time_mjc
350,0.000000,7.000000,1781244104.381626129,1781244104.383686066,1781244104.392079830,1781244104.505601168,1781244104.505609512,1781244104.507002354,1781244104.507018805,1781244104.514360428,0.002060,0.008394,0.113521,0.000008,0.001393,0.000016,0.007342,0.132734,1,1,sim_time_mjc
351,0.000000,7.020000,1781244104.514360428,1781244104.517274618,1781244104.525520086,1781244104.638409615,1781244104.638417482,1781244104.638879299,1781244104.638897181,1781244104.646231651,0.002914,0.008245,0.112890,0.000008,0.000462,0.000018,0.007334,0.131871,1,1,sim_time_mjc
352,0.000000,7.040000,1781244104.646231651,1781244104.650717497,1781244104.659056902,1781244104.773150921,1781244104.773159027,1781244104.774994135,1781244104.775005102,1781244104.781223536,0.004486,0.008339,0.114094,0.000008,0.001835,0.000011,0.006218,0.134992,1,1,sim_time_mjc
353,0.000000,7.060000,1781244104.781223536,1781244104.783918619,1781244104.792202711,1781244104.905274153,1781244104.905281782,1781244104.907198191,1781244104.907217264,1781244104.917976856,0.002695,0.008284,0.113071,0.000008,0.001916,0.000019,0.010760,0.136753,1,1,sim_time_mjc
354,0.000000,7.080000,1781244104.917976856,1781244104.934207916,1781244104.943111181,1781244105.056518555,1781244105.056526423,1781244105.056819916,1781244105.056830883,1781244105.063388109,0.016231,0.008903,0.113407,0.000008,0.000293,0.000011,0.006557,0.145411,1,1,sim_time_mjc
355,0.000000,7.100000,1781244105.063388109,1781244105.068871021,1781244105.081437588,1781244105.195407391,1781244105.195415020,1781244105.196531773,1781244105.196550369,1781244105.203273773,0.005483,0.012567,0.113970,0.000008,0.001117,0.000019,0.006723,0.139886,1,1,sim_time_mjc
356,0.000000,7.120000,1781244105.203273773,1781244105.217784405,1781244105.227674007,1781244105.341102600,1781244105.341108799,1781244105.343339443,1781244105.343356371,1781244105.351910353,0.014511,0.009890,0.113429,0.000006,0.002231,0.000017,0.008554,0.148637,1,1,sim_time_mjc
357,0.000000,7.140000,1781244105.351910353,1781244105.368010759,1781244105.377441883,1781244105.493318319,1781244105.493325472,1781244105.495907068,1781244105.495932341,1781244105.502628326,0.016100,0.009431,0.115876,0.000007,0.002582,0.000025,0.006696,0.150718,1,1,sim_time_mjc
358,0.000000,7.160000,1781244105.502628326,1781244105.518043280,1781244105.526463509,1781244105.640305042,1781244105.640311241,1781244105.641126156,1781244105.641143799,1781244105.652144432,0.015415,0.008420,0.113842,0.000006,0.000815,0.000018,0.011001,0.149516,1,1,sim_time_mjc
359,0.000000,7.180000,1781244105.652144432,1781244105.668176889,1781244105.678890944,1781244105.791702986,1781244105.791709900,1781244105.793410063,1781244105.793426752,1781244105.804137468,0.016032,0.010714,0.112812,0.000007,0.001700,0.000017,0.010711,0.151993,1,1,sim_time_mjc
360,0.000000,7.200000,1781244105.804137468,1781244105.851710320,1781244105.860254049,1781244105.973643303,1781244105.973649740,1781244105.974930286,1781244105.974950314,1781244105.984077215,0.047573,0.008544,0.113389,0.000006,0.001281,0.000020,0.009127,0.179940,1,1,sim_time_mjc
361,0.000000,7.220000,1781244105.984077215,1781244106.068816662,1781244106.077928305,1781244106.191928387,1781244106.191936016,1781244106.193443298,1781244106.193455935,1781244106.199859381,0.084739,0.009112,0.114000,0.000008,0.001507,0.000013,0.006403,0.215782,1,1,sim_time_mjc
362,0.000000,7.240000,1781244106.199859381,1781244106.285474539,1781244106.293986797,1781244106.407105684,1781244106.407111883,1781244106.408039093,1781244106.408056736,1781244106.417664051,0.085615,0.008512,0.113119,0.000006,0.000927,0.000018,0.009607,0.217805,1,1,sim_time_mjc
363,0.000000,7.260000,1781244106.417664051,1781244106.420231104,1781244106.428850651,1781244106.542336464,1781244106.542344332,1781244106.543800831,1781244106.543817520,1781244106.554664135,0.002567,0.008620,0.113486,0.000008,0.001456,0.000017,0.010847,0.137000,1,1,sim_time_mjc
364,0.000000,7.280000,1781244106.554664135,1781244106.569017410,1781244106.577513218,1781244106.690847635,1781244106.690853596,1781244106.691912651,1781244106.691926479,1781244106.701849461,0.014353,0.008496,0.113334,0.000006,0.001059,0.000014,0.009923,0.147185,1,1,sim_time_mjc
365,0.000000,7.300000,1781244106.701849461,1781244106.702406645,1781244106.710993052,1781244106.823500633,1781244106.823508501,1781244106.824841261,1781244106.824859142,1781244106.834057570,0.000557,0.008586,0.112508,0.000008,0.001333,0.000018,0.009198,0.132208,1,1,sim_time_mjc
366,0.000000,7.320000,1781244106.834057570,1781244106.835676670,1781244106.844228506,1781244106.957262278,1781244106.957268476,1781244106.958258152,1781244106.958269358,1781244106.964720726,0.001619,0.008552,0.113034,0.000006,0.000990,0.000011,0.006451,0.130663,1,1,sim_time_mjc
367,0.000000,7.340000,1781244106.964720726,1781244106.969090462,1781244106.977662563,1781244107.090245008,1781244107.090254068,1781244107.092408419,1781244107.092419624,1781244107.098825932,0.004370,0.008572,0.112582,0.000009,0.002154,0.000011,0.006406,0.134105,1,1,sim_time_mjc
368,0.000000,7.360000,1781244107.098825932,1781244107.102642775,1781244107.112685204,1781244107.226346731,1781244107.226353645,1781244107.228120327,1781244107.228132010,1781244107.234832525,0.003817,0.010042,0.113662,0.000007,0.001767,0.000012,0.006701,0.136007,1,1,sim_time_mjc
369,0.000000,7.380000,1781244107.234832525,1781244107.236234903,1781244107.245134592,1781244107.357352018,1781244107.357359409,1781244107.357862473,1781244107.357880592,1781244107.365930080,0.001402,0.008900,0.112217,0.000007,0.000503,0.000018,0.008049,0.131098,1,1,sim_time_mjc
370,0.000000,7.400000,1781244107.365930080,1781244107.369773626,1781244107.378538609,1781244107.491195679,1781244107.491203547,1781244107.493310928,1781244107.493329048,1781244107.503980398,0.003844,0.008765,0.112657,0.000008,0.002107,0.000018,0.010651,0.138050,1,1,sim_time_mjc
371,0.000000,7.420000,1781244107.503980398,1781244107.536484241,1781244107.545258522,1781244107.658706903,1781244107.658715487,1781244107.658981800,1781244107.658993483,1781244107.665414810,0.032504,0.008774,0.113448,0.000009,0.000266,0.000012,0.006421,0.161434,1,1,sim_time_mjc
372,0.000000,7.440000,1781244107.665414810,1781244107.669687271,1781244107.678443193,1781244107.790466785,1781244107.790473938,1781244107.791005135,1781244107.791023016,1781244107.801666021,0.004272,0.008756,0.112024,0.000007,0.000531,0.000018,0.010643,0.136251,1,1,sim_time_mjc
373,0.000000,7.460000,1781244107.801666021,1781244107.803346395,1781244107.811963797,1781244107.925194502,1781244107.925203800,1781244107.927147865,1781244107.927161932,1781244107.935101032,0.001680,0.008617,0.113231,0.000009,0.001944,0.000014,0.007939,0.133435,1,1,sim_time_mjc
374,0.000000,7.480000,1781244107.935101032,1781244107.936546803,1781244107.945304632,1781244108.057963610,1781244108.057971716,1781244108.058287621,1781244108.058298349,1781244108.064718485,0.001446,0.008758,0.112659,0.000008,0.000316,0.000011,0.006420,0.129617,1,1,sim_time_mjc
375,0.000000,7.500000,1781244108.064718485,1781244108.070065498,1781244108.079107285,1781244108.192158461,1781244108.192166805,1781244108.192447662,1781244108.192458868,1781244108.199130297,0.005347,0.009042,0.113051,0.000008,0.000281,0.000011,0.006671,0.134412,1,1,sim_time_mjc
376,0.000000,7.520000,1781244108.199130297,1781244108.203609228,1781244108.212512970,1781244108.325872421,1781244108.325878620,1781244108.327785015,1781244108.327796698,1781244108.334144115,0.004479,0.008904,0.113359,0.000006,0.001906,0.000012,0.006347,0.135014,1,1,sim_time_mjc
377,0.000000,7.540000,1781244108.334144115,1781244108.336893797,1781244108.345761776,1781244108.458313227,1781244108.458321095,1781244108.460306644,1781244108.460317612,1781244108.467032433,0.002750,0.008868,0.112551,0.000008,0.001986,0.000011,0.006715,0.132888,1,1,sim_time_mjc
378,0.000000,7.560000,1781244108.467032433,1781244108.470511436,1781244108.479470491,1781244108.593195677,1781244108.593201637,1781244108.594484806,1781244108.594498158,1781244108.603061438,0.003479,0.008959,0.113725,0.000006,0.001283,0.000013,0.008563,0.136029,1,1,sim_time_mjc
379,0.000000,7.580000,1781244108.603061438,1781244108.654132366,1781244108.663298607,1781244108.777017593,1781244108.777025938,1781244108.778266668,1781244108.778277159,1781244108.784641743,0.051071,0.009166,0.113719,0.000008,0.001241,0.000010,0.006365,0.181580,1,1,sim_time_mjc
380,0.000000,7.600000,1781244108.784641743,1781244108.787451744,1781244108.796355724,1781244108.909484863,1781244108.909492016,1781244108.910522223,1781244108.910540104,1781244108.918006897,0.002810,0.008904,0.113129,0.000007,0.001030,0.000018,0.007467,0.133365,1,1,sim_time_mjc
381,0.000000,7.620000,1781244108.918006897,1781244108.920691729,1781244108.929601908,1781244109.042754650,1781244109.042762756,1781244109.043393612,1781244109.043410778,1781244109.053309679,0.002685,0.008910,0.113153,0.000008,0.000631,0.000017,0.009899,0.135303,1,1,sim_time_mjc
382,0.000000,7.640000,1781244109.053309679,1781244109.054371119,1781244109.063596010,1781244109.177651882,1781244109.177658796,1781244109.178158998,1781244109.178177118,1781244109.185285330,0.001061,0.009225,0.114056,0.000007,0.000500,0.000018,0.007108,0.131976,1,1,sim_time_mjc
383,0.000000,7.660000,1781244109.185285330,1781244109.187767029,1781244109.198937654,1781244109.312673330,1781244109.312681437,1781244109.313472509,1781244109.313482523,1781244109.320092678,0.002482,0.011171,0.113736,0.000008,0.000791,0.000010,0.006610,0.134807,1,1,sim_time_mjc
384,0.000000,7.680000,1781244109.320092678,1781244109.321950197,1781244109.331076860,1781244109.445045471,1781244109.445051193,1781244109.445554495,1781244109.445564985,1781244109.451935768,0.001858,0.009127,0.113969,0.000006,0.000503,0.000010,0.006371,0.131843,1,1,sim_time_mjc
385,0.000000,7.700000,1781244109.451935768,1781244109.454571724,1781244109.463729858,1781244109.577179909,1781244109.577188015,1781244109.578193426,1781244109.578211784,1781244109.585298777,0.002636,0.009158,0.113450,0.000008,0.001005,0.000018,0.007087,0.133363,1,1,sim_time_mjc
386,0.000000,7.720000,1781244109.585298777,1781244109.587974310,1781244109.596994162,1781244109.710671425,1781244109.710678577,1781244109.713064432,1781244109.713076115,1781244109.719362736,0.002676,0.009020,0.113677,0.000007,0.002386,0.000012,0.006287,0.134064,1,1,sim_time_mjc
387,0.000000,7.740000,1781244109.719362736,1781244109.721388340,1781244109.730582237,1781244109.843925714,1781244109.843934298,1781244109.845946074,1781244109.845964432,1781244109.854298115,0.002026,0.009194,0.113343,0.000009,0.002012,0.000018,0.008334,0.134935,1,1,sim_time_mjc
388,0.000000,7.760000,1781244109.854298115,1781244109.854991198,1781244109.864330292,1781244109.978013039,1781244109.978018999,1781244109.978446245,1781244109.978460789,1781244109.984998465,0.000693,0.009339,0.113683,0.000006,0.000427,0.000015,0.006538,0.130700,1,1,sim_time_mjc
389,0.000000,7.780000,1781244109.984998465,1781244109.988525629,1781244109.997666359,1781244110.110472441,1781244110.110480070,1781244110.112475634,1781244110.112487316,1781244110.118829966,0.003527,0.009141,0.112806,0.000008,0.001996,0.000012,0.006343,0.133832,1,1,sim_time_mjc
390,0.000000,7.800000,1781244110.118829966,1781244110.121665955,1781244110.130842924,1781244110.244199514,1781244110.244206429,1781244110.245994091,1781244110.246004581,1781244110.252373219,0.002836,0.009177,0.113357,0.000007,0.001788,0.000010,0.006369,0.133543,1,1,sim_time_mjc
391,0.000000,7.820000,1781244110.252373219,1781244110.255269289,1781244110.264663458,1781244110.377651453,1781244110.377659798,1781244110.379430056,1781244110.379446983,1781244110.386040211,0.002896,0.009394,0.112988,0.000008,0.001770,0.000017,0.006593,0.133667,1,1,sim_time_mjc
392,0.000000,7.840000,1781244110.386040211,1781244110.438898325,1781244110.448101997,1781244110.561863422,1781244110.561870098,1781244110.562962532,1781244110.562979937,1781244110.572784662,0.052858,0.009204,0.113761,0.000007,0.001092,0.000017,0.009805,0.186744,1,1,sim_time_mjc
393,0.000000,7.860000,1781244110.572784662,1781244110.639168262,1781244110.648360252,1781244110.761684895,1781244110.761693239,1781244110.761987925,1781244110.762006044,1781244110.772801638,0.066384,0.009192,0.113325,0.000008,0.000295,0.000018,0.010796,0.200017,1,1,sim_time_mjc
394,0.000000,7.880000,1781244110.772801638,1781244110.789097071,1781244110.798373699,1781244110.911343575,1781244110.911349773,1781244110.913419724,1781244110.913436890,1781244110.922800779,0.016295,0.009277,0.112970,0.000006,0.002070,0.000017,0.009364,0.149999,1,1,sim_time_mjc
395,0.000000,7.900000,1781244110.922800779,1781244110.939242601,1781244110.948445082,1781244111.061413288,1781244111.061421394,1781244111.063067913,1781244111.063078642,1781244111.071767330,0.016442,0.009202,0.112968,0.000008,0.001647,0.000011,0.008689,0.148967,1,1,sim_time_mjc
396,0.000000,7.920000,1781244111.071767330,1781244111.072675943,1781244111.081974983,1781244111.195327282,1781244111.195333004,1781244111.196882486,1781244111.196893215,1781244111.203213930,0.000909,0.009299,0.113352,0.000006,0.001549,0.000011,0.006321,0.131447,1,1,sim_time_mjc
397,0.000000,7.940000,1781244111.203213930,1781244111.205917597,1781244111.215231419,1781244111.327844381,1781244111.327851534,1781244111.330208540,1781244111.330225468,1781244111.340572119,0.002704,0.009314,0.112613,0.000007,0.002357,0.000017,0.010347,0.137358,1,1,sim_time_mjc
398,0.000000,7.960000,1781244111.340572119,1781244111.356256247,1781244111.365562916,1781244111.479561806,1781244111.479567766,1781244111.479952574,1781244111.479962826,1781244111.486293793,0.015684,0.009307,0.113999,0.000006,0.000385,0.000010,0.006331,0.145722,1,1,sim_time_mjc
399,0.000000,7.980000,1781244111.486293793,1781244111.489639997,1781244111.498976231,1781244111.611860514,1781244111.611868858,1781244111.613971710,1781244111.613990068,1781244111.622625828,0.003346,0.009336,0.112884,0.000008,0.002103,0.000018,0.008636,0.136332,1,1,sim_time_mjc
400,0.000000,8.000000,1781244111.622625828,1781244111.623040199,1781244111.632429123,1781244111.746026278,1781244111.746032238,1781244111.748202324,1781244111.748213291,1781244111.754689693,0.000414,0.009389,0.113597,0.000006,0.002170,0.000011,0.006476,0.132064,1,1,sim_time_mjc
401,0.000000,8.020000,1781244111.754689693,1781244111.756362438,1781244111.765792370,1781244111.878947020,1781244111.878954649,1781244111.880425453,1781244111.880436420,1781244111.886756420,0.001673,0.009430,0.113155,0.000008,0.001471,0.000011,0.006320,0.132067,1,1,sim_time_mjc
402,0.000000,8.040000,1781244111.886756420,1781244111.889876842,1781244111.899225235,1781244112.007809162,1781244112.007814884,1781244112.008429766,1781244112.008449793,1781244112.019291878,0.003120,0.009348,0.108584,0.000006,0.000615,0.000020,0.010842,0.132535,1,1,sim_time_mjc
403,0.000000,8.060000,1781244112.019291878,1781244112.023414135,1781244112.032804251,1781244112.140444756,1781244112.140452147,1781244112.142465353,1781244112.142483711,1781244112.151763201,0.004122,0.009390,0.107641,0.000007,0.002013,0.000018,0.009279,0.132471,1,1,sim_time_mjc
404,0.000000,8.080000,1781244112.151763201,1781244112.156871080,1781244112.166745186,1781244112.274614334,1781244112.274621010,1781244112.274862289,1781244112.274879217,1781244112.281818628,0.005108,0.009874,0.107869,0.000007,0.000241,0.000017,0.006939,0.130055,1,1,sim_time_mjc
405,0.000000,8.100000,1781244112.281818628,1781244112.323873997,1781244112.333495378,1781244112.441705227,1781244112.441713095,1781244112.442098379,1781244112.442115307,1781244112.450616598,0.042055,0.009621,0.108210,0.000008,0.000385,0.000017,0.008501,0.168798,1,1,sim_time_mjc
406,0.000000,8.120000,1781244112.450616598,1781244112.457241058,1781244112.466725349,1781244112.574632883,1781244112.574642181,1781244112.576571465,1781244112.576583624,1781244112.583070040,0.006624,0.009484,0.107908,0.000009,0.001929,0.000012,0.006486,0.132453,1,1,sim_time_mjc
407,0.000000,8.140000,1781244112.583070040,1781244112.591238976,1781244112.601536989,1781244112.709198236,1781244112.709206104,1781244112.711292982,1781244112.711309910,1781244112.720858574,0.008169,0.010298,0.107661,0.000008,0.002087,0.000017,0.009549,0.137789,1,1,sim_time_mjc
408,0.000000,8.160000,1781244112.720858574,1781244112.775432587,1781244112.784794092,1781244112.898439407,1781244112.898445368,1781244112.899545670,1781244112.899556637,1781244112.906138897,0.054574,0.009362,0.113645,0.000006,0.001100,0.000011,0.006582,0.185280,1,1,sim_time_mjc
409,0.000000,8.180000,1781244112.906138897,1781244112.907497644,1781244112.922004938,1781244113.036025286,1781244113.036033392,1781244113.036361933,1781244113.036378384,1781244113.043747425,0.001359,0.014507,0.114020,0.000008,0.000329,0.000016,0.007369,0.137609,1,1,sim_time_mjc
410,0.000000,8.200000,1781244113.043747425,1781244113.057653427,1781244113.067408562,1781244113.181354046,1781244113.181359768,1781244113.182332993,1781244113.182349682,1781244113.190909624,0.013906,0.009755,0.113945,0.000006,0.000973,0.000017,0.008560,0.147162,1,1,sim_time_mjc
411,0.000000,8.220000,1781244113.190909624,1781244113.191095352,1781244113.200726748,1781244113.313469648,1781244113.313478947,1781244113.315999746,1781244113.316013336,1781244113.322415590,0.000186,0.009631,0.112743,0.000009,0.002521,0.000014,0.006402,0.131506,1,1,sim_time_mjc
412,0.000000,8.240000,1781244113.322415590,1781244113.324387312,1781244113.333973646,1781244113.446900129,1781244113.446906567,1781244113.447804689,1781244113.447823524,1781244113.458071470,0.001972,0.009586,0.112926,0.000006,0.000898,0.000019,0.010248,0.135656,1,1,sim_time_mjc
413,0.000000,8.260000,1781244113.458071470,1781244113.474735498,1781244113.486334324,1781244113.599999189,1781244113.600008011,1781244113.601876259,1781244113.601890087,1781244113.610757113,0.016664,0.011599,0.113665,0.000009,0.001868,0.000014,0.008867,0.152686,1,1,sim_time_mjc
414,0.000000,8.280000,1781244113.610757113,1781244113.624899149,1781244113.634907484,1781244113.752981901,1781244113.752988100,1781244113.754245043,1781244113.754261971,1781244113.763113976,0.014142,0.010008,0.118074,0.000006,0.001257,0.000017,0.008852,0.152357,1,1,sim_time_mjc
415,0.000000,8.300000,1781244113.763113976,1781244113.774957895,1781244113.784628153,1781244113.897658110,1781244113.897666216,1781244113.898017645,1781244113.898036003,1781244113.908923149,0.011844,0.009670,0.113030,0.000008,0.000351,0.000018,0.010887,0.145809,1,1,sim_time_mjc
416,0.000000,8.320000,1781244113.908923149,1781244113.924932003,1781244113.934653044,1781244114.047628880,1781244114.047634840,1781244114.048378229,1781244114.048387766,1781244114.054702759,0.016009,0.009721,0.112976,0.000006,0.000743,0.000010,0.006315,0.145780,1,1,sim_time_mjc
417,0.000000,8.340000,1781244114.054702759,1781244114.075128794,1781244114.084941387,1781244114.198330164,1781244114.198338032,1781244114.199004889,1781244114.199015379,1781244114.205402136,0.020426,0.009813,0.113389,0.000008,0.000667,0.000010,0.006387,0.150699,1,1,sim_time_mjc
418,0.000000,8.360000,1781244114.205402136,1781244114.208537817,1781244114.218341112,1781244114.331422091,1781244114.331428289,1781244114.331591129,1781244114.331600428,1781244114.337954044,0.003136,0.009803,0.113081,0.000006,0.000163,0.000009,0.006354,0.132552,1,1,sim_time_mjc
419,0.000000,8.380000,1781244114.337954044,1781244114.392105579,1781244114.401954889,1781244114.515292883,1781244114.515300035,1781244114.517497540,1781244114.517508745,1781244114.524017334,0.054152,0.009849,0.113338,0.000007,0.002198,0.000011,0.006509,0.186063,1,1,sim_time_mjc
420,0.000000,8.400000,1781244114.524017334,1781244114.558986425,1781244114.568745375,1781244114.684381723,1781244114.684387922,1781244114.686485767,1781244114.686504602,1781244114.697378635,0.034969,0.009759,0.115636,0.000006,0.002098,0.000019,0.010874,0.173361,1,1,sim_time_mjc
421,0.000000,8.420000,1781244114.697378635,1781244114.708856821,1781244114.718735695,1781244114.831931353,1781244114.831939936,1781244114.832218647,1781244114.832229137,1781244114.838673592,0.011478,0.009879,0.113196,0.000009,0.000279,0.000010,0.006444,0.141295,1,1,sim_time_mjc
422,0.000000,8.440000,1781244114.838673592,1781244114.842463970,1781244114.852372408,1781244114.966395378,1781244114.966400862,1781244114.967812538,1781244114.967829466,1781244114.978546858,0.003790,0.009908,0.114023,0.000005,0.001412,0.000017,0.010717,0.139873,1,1,sim_time_mjc
423,0.000000,8.460000,1781244114.978546858,1781244115.059387922,1781244115.069233179,1781244115.182811975,1781244115.182820320,1781244115.184565544,1781244115.184582233,1781244115.191059828,0.080841,0.009845,0.113579,0.000008,0.001745,0.000017,0.006478,0.212513,1,1,sim_time_mjc
424,0.000000,8.480000,1781244115.191059828,1781244115.192807913,1781244115.202959061,1781244115.317328453,1781244115.317336082,1781244115.317702770,1781244115.317719221,1781244115.324164152,0.001748,0.010151,0.114369,0.000008,0.000367,0.000016,0.006445,0.133104,1,1,sim_time_mjc
425,0.000000,8.500000,1781244115.324164152,1781244115.326164246,1781244115.336191893,1781244115.450804710,1781244115.450812817,1781244115.452015877,1781244115.452033281,1781244115.461134434,0.002000,0.010028,0.114613,0.000008,0.001203,0.000017,0.009101,0.136970,1,1,sim_time_mjc
426,0.000000,8.520000,1781244115.461134434,1781244115.476410151,1781244115.486785889,1781244115.599918127,1781244115.599925041,1781244115.601564407,1781244115.601582050,1781244115.610913992,0.015276,0.010376,0.113132,0.000007,0.001639,0.000018,0.009332,0.149780,1,1,sim_time_mjc
427,0.000000,8.540000,1781244115.610913992,1781244115.626380682,1781244115.636568308,1781244115.755515575,1781244115.755523682,1781244115.756027460,1781244115.756046534,1781244115.767061234,0.015467,0.010188,0.118947,0.000008,0.000504,0.000019,0.011015,0.156147,1,1,sim_time_mjc
428,0.000000,8.560000,1781244115.767061234,1781244115.776430845,1781244115.786648273,1781244115.900000095,1781244115.900005817,1781244115.901506662,1781244115.901522636,1781244115.910594702,0.009370,0.010217,0.113352,0.000006,0.001501,0.000016,0.009072,0.143533,1,1,sim_time_mjc
429,0.000000,8.580000,1781244115.910594702,1781244115.926835775,1781244115.937018394,1781244116.050442934,1781244116.050451517,1781244116.052697182,1781244116.052714586,1781244116.062410593,0.016241,0.010183,0.113425,0.000009,0.002246,0.000017,0.009696,0.151816,1,1,sim_time_mjc
430,0.000000,8.600000,1781244116.062410593,1781244116.076674700,1781244116.086716413,1781244116.200155973,1781244116.200162411,1781244116.202372551,1781244116.202389240,1781244116.211606741,0.014264,0.010042,0.113440,0.000006,0.002210,0.000017,0.009218,0.149196,1,1,sim_time_mjc
431,0.000000,8.620000,1781244116.211606741,1781244116.226811647,1781244116.236945391,1781244116.352957726,1781244116.352965117,1781244116.355222702,1781244116.355233192,1781244116.361551046,0.015205,0.010134,0.116012,0.000007,0.002258,0.000010,0.006318,0.149944,1,1,sim_time_mjc
432,0.000000,8.640000,1781244116.361551046,1781244116.376916170,1781244116.387221575,1781244116.503390551,1781244116.503396273,1781244116.505131245,1781244116.505142450,1781244116.512960196,0.015365,0.010305,0.116169,0.000006,0.001735,0.000011,0.007818,0.151409,1,1,sim_time_mjc
433,0.000000,8.660000,1781244116.512960196,1781244116.527251482,1781244116.538807631,1781244116.651405811,1781244116.651413918,1781244116.652148485,1781244116.652165413,1781244116.659232855,0.014291,0.011556,0.112598,0.000008,0.000735,0.000017,0.007067,0.146273,1,1,sim_time_mjc
434,0.000000,8.680000,1781244116.659232855,1781244116.660609722,1781244116.671311617,1781244116.787486792,1781244116.787492514,1781244116.789489985,1781244116.789507627,1781244116.798939466,0.001377,0.010702,0.116175,0.000006,0.001997,0.000018,0.009432,0.139707,1,1,sim_time_mjc
435,0.000000,8.700000,1781244116.798939466,1781244116.810635567,1781244116.820859909,1781244116.935085297,1781244116.935092688,1781244116.936837435,1781244116.936855316,1781244116.946175814,0.011696,0.010224,0.114225,0.000007,0.001745,0.000018,0.009320,0.147236,1,1,sim_time_mjc
436,0.000000,8.720000,1781244116.946175814,1781244116.960902691,1781244116.972793102,1781244117.087992668,1781244117.087998390,1781244117.088241100,1781244117.088258266,1781244117.096405029,0.014727,0.011890,0.115200,0.000006,0.000243,0.000017,0.008147,0.150229,1,1,sim_time_mjc
437,0.000000,8.740000,1781244117.096405029,1781244117.111137629,1781244117.123583317,1781244117.236725569,1781244117.236732483,1781244117.237931490,1781244117.237949610,1781244117.249210835,0.014733,0.012446,0.113142,0.000007,0.001199,0.000018,0.011261,0.152806,1,1,sim_time_mjc
438,0.000000,8.760000,1781244117.249210835,1781244117.261087179,1781244117.272953272,1781244117.386568546,1781244117.386574745,1781244117.387300491,1781244117.387310743,1781244117.393571377,0.011876,0.011866,0.113615,0.000006,0.000726,0.000010,0.006261,0.144361,1,1,sim_time_mjc
439,0.000000,8.780000,1781244117.393571377,1781244117.394479513,1781244117.404930115,1781244117.517455578,1781244117.517463207,1781244117.519511223,1781244117.519528627,1781244117.530235529,0.000908,0.010451,0.112525,0.000008,0.002048,0.000017,0.010707,0.136664,1,1,sim_time_mjc
440,0.000000,8.800000,1781244117.530235529,1781244117.544803619,1781244117.555772781,1781244117.670470476,1781244117.670477152,1781244117.672421932,1781244117.672439098,1781244117.680474997,0.014568,0.010969,0.114698,0.000007,0.001945,0.000017,0.008036,0.150239,1,1,sim_time_mjc
441,0.000000,8.820000,1781244117.680474997,1781244117.694842815,1781244117.705301523,1781244117.818954468,1781244117.818961382,1781244117.819179773,1781244117.819192410,1781244117.825487375,0.014368,0.010459,0.113653,0.000007,0.000218,0.000013,0.006295,0.145012,1,1,sim_time_mjc
442,0.000000,8.840000,1781244117.825487375,1781244117.828177691,1781244117.838491917,1781244117.952337980,1781244117.952343702,1781244117.954114914,1781244117.954133511,1781244117.964131117,0.002690,0.010314,0.113846,0.000006,0.001771,0.000019,0.009998,0.138644,1,1,sim_time_mjc
443,0.000000,8.860000,1781244117.964131117,1781244117.978236675,1781244117.988494396,1781244118.101449966,1781244118.101458073,1781244118.103791714,1781244118.103809834,1781244118.110977650,0.014106,0.010258,0.112956,0.000008,0.002334,0.000018,0.007168,0.146847,1,1,sim_time_mjc
444,0.000000,8.880000,1781244118.110977650,1781244118.111704826,1781244118.122017860,1781244118.235233068,1781244118.235240459,1781244118.237371445,1781244118.237381935,1781244118.243613720,0.000727,0.010313,0.113215,0.000007,0.002131,0.000010,0.006232,0.132636,1,1,sim_time_mjc
445,0.000000,8.900000,1781244118.243613720,1781244118.245136976,1781244118.255520582,1781244118.368465900,1781244118.368473530,1781244118.369434834,1781244118.369452238,1781244118.378691673,0.001523,0.010384,0.112945,0.000008,0.000961,0.000017,0.009239,0.135078,1,1,sim_time_mjc
446,0.000000,8.920000,1781244118.378691673,1781244118.378629446,1781244118.389024496,1781244118.502041340,1781244118.502047300,1781244118.503166437,1781244118.503183842,1781244118.512190819,-0.000062,0.010395,0.113017,0.000006,0.001119,0.000017,0.009007,0.133499,0,1,sim_time_mjc;cycle_order
447,0.000000,8.940000,1781244118.512190819,1781244118.528701067,1781244118.541465759,1781244118.654266596,1781244118.654275179,1781244118.655596256,1781244118.655613899,1781244118.665487289,0.016510,0.012765,0.112801,0.000009,0.001321,0.000018,0.009873,0.153296,1,1,sim_time_mjc
448,0.000000,8.960000,1781244118.665487289,1781244118.678854942,1781244118.689263105,1781244118.802133322,1781244118.802139044,1781244118.804025888,1781244118.804044485,1781244118.813069105,0.013368,0.010408,0.112870,0.000006,0.001887,0.000019,0.009025,0.147582,1,1,sim_time_mjc
449,0.000000,8.980000,1781244118.813069105,1781244118.828995228,1781244118.839640379,1781244118.953381300,1781244118.953389406,1781244118.954654455,1781244118.954671383,1781244118.963614941,0.015926,0.010645,0.113741,0.000008,0.001265,0.000017,0.008944,0.150546,1,1,sim_time_mjc
450,0.000000,9.000000,1781244118.963614941,1781244118.979071140,1781244118.989697695,1781244119.103834629,1781244119.103840351,1781244119.106203556,1781244119.106220484,1781244119.116655111,0.015456,0.010627,0.114137,0.000006,0.002363,0.000017,0.010435,0.153040,1,1,sim_time_mjc
451,0.000000,9.020000,1781244119.116655111,1781244119.129233599,1781244119.139773369,1781244119.253091335,1781244119.253098488,1781244119.254543304,1781244119.254561424,1781244119.263136148,0.012578,0.010540,0.113318,0.000007,0.001445,0.000018,0.008575,0.146481,1,1,sim_time_mjc
452,0.000000,9.040000,1781244119.263136148,1781244119.279396296,1781244119.289894342,1781244119.403272867,1781244119.403278589,1781244119.403867722,1781244119.403887510,1781244119.412477732,0.016260,0.010498,0.113379,0.000006,0.000589,0.000020,0.008590,0.149342,1,1,sim_time_mjc
453,0.000000,9.060000,1781244119.412477732,1781244119.412692070,1781244119.423354387,1781244119.536274672,1781244119.536282063,1781244119.537866354,1781244119.537878752,1781244119.544486761,0.000214,0.010662,0.112920,0.000007,0.001584,0.000012,0.006608,0.132009,1,1,sim_time_mjc
454,0.000000,9.080000,1781244119.544486761,1781244119.546412230,1781244119.557104349,1781244119.672147036,1781244119.672153234,1781244119.673520803,1781244119.673532486,1781244119.680011511,0.001925,0.010692,0.115043,0.000006,0.001368,0.000012,0.006479,0.135525,1,1,sim_time_mjc
455,0.000000,9.100000,1781244119.680011511,1781244119.696464539,1781244119.707572937,1781244119.824359417,1781244119.824367285,1781244119.825498581,1781244119.825508833,1781244119.834324837,0.016453,0.011108,0.116786,0.000008,0.001131,0.000010,0.008816,0.154313,1,1,sim_time_mjc
456,0.000000,9.120000,1781244119.834324837,1781244119.846465826,1781244119.857343912,1781244119.971101046,1781244119.971106768,1781244119.972031593,1781244119.972047567,1781244119.981969118,0.012141,0.010878,0.113757,0.000006,0.000925,0.000016,0.009922,0.147644,1,1,sim_time_mjc
457,0.000000,9.140000,1781244119.981969118,1781244119.997185707,1781244120.007953882,1781244120.121627092,1781244120.121634483,1781244120.122119904,1781244120.122138977,1781244120.130498409,0.015217,0.010768,0.113673,0.000007,0.000485,0.000019,0.008359,0.148529,1,1,sim_time_mjc
458,0.000000,9.160000,1781244120.130498409,1781244120.180265903,1781244120.191016197,1781244120.305280924,1781244120.305287123,1781244120.307105780,1781244120.307123184,1781244120.316815138,0.049767,0.010750,0.114265,0.000006,0.001819,0.000017,0.009692,0.186317,1,1,sim_time_mjc
459,0.000000,9.180000,1781244120.316815138,1781244120.330181122,1781244120.340915918,1781244120.453304052,1781244120.453312159,1781244120.453707695,1781244120.453718424,1781244120.461736679,0.013366,0.010735,0.112388,0.000008,0.000396,0.000011,0.008018,0.144922,1,1,sim_time_mjc
460,0.000000,9.200000,1781244120.461736679,1781244120.463734388,1781244120.474395037,1781244120.587140560,1781244120.587146759,1781244120.587875366,1781244120.587886333,1781244120.596420527,0.001998,0.010661,0.112746,0.000006,0.000729,0.000011,0.008534,0.134684,1,1,sim_time_mjc
461,0.000000,9.220000,1781244120.596420527,1781244120.664047956,1781244120.674773216,1781244120.788856268,1781244120.788863897,1781244120.790509224,1781244120.790518761,1781244120.797976017,0.067627,0.010725,0.114083,0.000008,0.001645,0.000010,0.007457,0.201555,1,1,sim_time_mjc
462,0.000000,9.240000,1781244120.797976017,1781244120.814121723,1781244120.826619864,1781244120.940059185,1781244120.940065861,1781244120.940485954,1781244120.940496445,1781244120.949371815,0.016146,0.012498,0.113439,0.000007,0.000420,0.000010,0.008875,0.151396,1,1,sim_time_mjc
463,0.000000,9.260000,1781244120.949371815,1781244120.964031219,1781244120.974977970,1781244121.088466644,1781244121.088475227,1781244121.089447498,1781244121.089457989,1781244121.098177195,0.014659,0.010947,0.113489,0.000009,0.000972,0.000010,0.008719,0.148805,1,1,sim_time_mjc
464,0.000000,9.280000,1781244121.098177195,1781244121.114181995,1781244121.125204325,1781244121.237777233,1781244121.237783670,1781244121.239577293,1781244121.239594221,1781244121.249553680,0.016005,0.011022,0.112573,0.000006,0.001794,0.000017,0.009959,0.151376,1,1,sim_time_mjc
465,0.000000,9.300000,1781244121.249553680,1781244121.264656544,1781244121.275560141,1781244121.388304472,1781244121.388312340,1781244121.390317678,1781244121.390335798,1781244121.401306152,0.015103,0.010904,0.112744,0.000008,0.002005,0.000018,0.010970,0.151752,1,1,sim_time_mjc
466,0.000000,9.320000,1781244121.401306152,1781244121.414567471,1781244121.429541588,1781244121.542727947,1781244121.542733669,1781244121.544874668,1781244121.544890881,1781244121.553347349,0.013261,0.014974,0.113186,0.000006,0.002141,0.000016,0.008456,0.152041,1,1,sim_time_mjc
467,0.000000,9.340000,1781244121.553347349,1781244121.581329346,1781244121.592091084,1781244121.705276728,1781244121.705284834,1781244121.706752777,1781244121.706774235,1781244121.717314959,0.027982,0.010762,0.113186,0.000008,0.001468,0.000021,0.010541,0.163968,1,1,sim_time_mjc
468,0.000000,9.360000,1781244121.717314959,1781244121.781576633,1781244121.792410612,1781244121.906026125,1781244121.906032801,1781244121.907255650,1781244121.907266617,1781244121.915370464,0.064262,0.010834,0.113616,0.000007,0.001223,0.000011,0.008104,0.198056,1,1,sim_time_mjc
469,0.000000,9.380000,1781244121.915370464,1781244121.931661367,1781244121.942785263,1781244122.055241108,1781244122.055249214,1781244122.056718111,1781244122.056735992,1781244122.065721035,0.016291,0.011124,0.112456,0.000008,0.001469,0.000018,0.008985,0.150351,1,1,sim_time_mjc
470,0.000000,9.400000,1781244122.065721035,1781244122.081751585,1781244122.093037128,1781244122.205944061,1781244122.205950260,1781244122.206434250,1781244122.206451893,1781244122.214732170,0.016031,0.011286,0.112907,0.000006,0.000484,0.000018,0.008280,0.149011,1,1,sim_time_mjc
471,0.000000,9.420000,1781244122.214732170,1781244122.215571404,1781244122.226974249,1781244122.341877222,1781244122.341884851,1781244122.342148066,1781244122.342160463,1781244122.348808527,0.000839,0.011403,0.114903,0.000008,0.000263,0.000012,0.006648,0.134076,1,1,sim_time_mjc
472,0.000000,9.440000,1781244122.348808527,1781244122.365182400,1781244122.376481295,1781244122.489574194,1781244122.489580393,1781244122.490173101,1781244122.490183353,1781244122.496782303,0.016374,0.011299,0.113093,0.000006,0.000593,0.000010,0.006599,0.147974,1,1,sim_time_mjc
473,0.000000,9.460000,1781244122.496782303,1781244122.498798132,1781244122.512774229,1781244122.625819921,1781244122.625827074,1781244122.626883745,1781244122.626893044,1781244122.633295774,0.002016,0.013976,0.113046,0.000007,0.001057,0.000009,0.006403,0.136513,1,1,sim_time_mjc
474,0.000000,9.480000,1781244122.633295774,1781244122.648890257,1781244122.660104990,1781244122.773199320,1781244122.773205280,1781244122.774625540,1781244122.774636745,1781244122.780915737,0.015594,0.011215,0.113094,0.000006,0.001420,0.000011,0.006279,0.147620,1,1,sim_time_mjc
475,0.000000,9.500000,1781244122.780915737,1781244122.782264471,1781244122.793328524,1781244122.906800032,1781244122.906807661,1781244122.907365322,1781244122.907382488,1781244122.913993835,0.001349,0.011064,0.113472,0.000008,0.000558,0.000017,0.006611,0.133078,1,1,sim_time_mjc
476,0.000000,9.520000,1781244122.913993835,1781244122.915756702,1781244122.926947832,1781244123.040563107,1781244123.040569305,1781244123.041358709,1781244123.041376829,1781244123.050104141,0.001763,0.011191,0.113615,0.000006,0.000789,0.000018,0.008727,0.136110,1,1,sim_time_mjc
477,0.000000,9.540000,1781244123.050104141,1781244123.065749407,1781244123.076909781,1781244123.189731359,1781244123.189738512,1781244123.190870762,1781244123.190887451,1781244123.199090719,0.015645,0.011160,0.112822,0.000007,0.001132,0.000017,0.008203,0.148987,1,1,sim_time_mjc
478,0.000000,9.560000,1781244123.199090719,1781244123.199286461,1781244123.210440397,1781244123.323360205,1781244123.323366404,1781244123.323786020,1781244123.323803425,1781244123.331634760,0.000196,0.011154,0.112920,0.000006,0.000420,0.000017,0.007831,0.132544,1,1,sim_time_mjc
479,0.000000,9.580000,1781244123.331634760,1781244123.332613230,1781244123.343745470,1781244123.456272840,1781244123.456280470,1781244123.457581282,1781244123.457599401,1781244123.466285706,0.000978,0.011132,0.112527,0.000008,0.001301,0.000018,0.008686,0.134651,1,1,sim_time_mjc
480,0.000000,9.600000,1781244123.466285706,1781244123.482754469,1781244123.493807316,1781244123.606109381,1781244123.606115341,1781244123.608067751,1781244123.608084917,1781244123.615406990,0.016469,0.011053,0.112302,0.000006,0.001952,0.000017,0.007322,0.149121,1,1,sim_time_mjc
481,0.000000,9.620000,1781244123.615406990,1781244123.616267443,1781244123.627756119,1781244123.741907597,1781244123.741914988,1781244123.742695093,1781244123.742705584,1781244123.749049902,0.000860,0.011489,0.114151,0.000007,0.000780,0.000010,0.006344,0.133643,1,1,sim_time_mjc
482,0.000000,9.640000,1781244123.749049902,1781244123.749552488,1781244123.760892153,1781244123.876870155,1781244123.876876831,1781244123.878609180,1781244123.878620625,1781244123.885179996,0.000503,0.011340,0.115978,0.000007,0.001732,0.000011,0.006559,0.136130,1,1,sim_time_mjc
483,0.000000,9.660000,1781244123.885179996,1781244123.899958849,1781244123.911470175,1781244124.025281906,1781244124.025289297,1781244124.026578903,1781244124.026596785,1781244124.035192490,0.014779,0.011511,0.113812,0.000007,0.001290,0.000018,0.008596,0.150012,1,1,sim_time_mjc
484,0.000000,9.680000,1781244124.035192490,1781244124.050203085,1781244124.062418222,1781244124.182496309,1781244124.182505131,1781244124.183066607,1781244124.183088064,1781244124.193933487,0.015011,0.012215,0.120078,0.000009,0.000561,0.000021,0.010845,0.158741,1,1,sim_time_mjc
485,0.000000,9.700000,1781244124.193933487,1781244124.200286388,1781244124.212812901,1781244124.326401472,1781244124.326408863,1781244124.327173233,1781244124.327184677,1781244124.336120844,0.006353,0.012527,0.113589,0.000007,0.000764,0.000011,0.008936,0.142187,1,1,sim_time_mjc
486,0.000000,9.720000,1781244124.336120844,1781244124.350206375,1781244124.361537218,1781244124.474784374,1781244124.474790812,1781244124.476886511,1781244124.476903200,1781244124.486127138,0.014086,0.011331,0.113247,0.000006,0.002096,0.000017,0.009224,0.150006,1,1,sim_time_mjc
487,0.000000,9.740000,1781244124.486127138,1781244124.500410318,1781244124.513663292,1781244124.626269102,1781244124.626275778,1781244124.628254175,1781244124.628264666,1781244124.637047529,0.014283,0.013253,0.112606,0.000007,0.001978,0.000010,0.008783,0.150920,1,1,sim_time_mjc
488,0.000000,9.760000,1781244124.637047529,1781244124.650406837,1781244124.661713839,1781244124.774802208,1781244124.774808884,1781244124.776538372,1781244124.776548624,1781244124.785263300,0.013359,0.011307,0.113088,0.000007,0.001729,0.000010,0.008715,0.148216,1,1,sim_time_mjc
489,0.000000,9.780000,1781244124.785263300,1781244124.800524473,1781244124.812607765,1781244124.926819801,1781244124.926826954,1781244124.927480936,1781244124.927491665,1781244124.936336279,0.015261,0.012083,0.114212,0.000007,0.000654,0.000011,0.008845,0.151073,1,1,sim_time_mjc
490,0.000000,9.800000,1781244124.936336279,1781244124.950717211,1781244124.968289852,1781244125.088473082,1781244125.088479280,1781244125.090201855,1781244125.090219021,1781244125.098616362,0.014381,0.017573,0.120183,0.000006,0.001723,0.000017,0.008397,0.162280,1,1,sim_time_mjc
491,0.000000,9.820000,1781244125.098616362,1781244125.100989103,1781244125.115279436,1781244125.228043318,1781244125.228050709,1781244125.229594707,1781244125.229612827,1781244125.238315582,0.002373,0.014290,0.112764,0.000007,0.001544,0.000018,0.008703,0.139699,1,1,sim_time_mjc
492,0.000000,9.840000,1781244125.238315582,1781244125.251064301,1781244125.262708902,1781244125.377071857,1781244125.377078295,1781244125.377943277,1781244125.377953768,1781244125.385898829,0.012749,0.011645,0.114363,0.000006,0.000865,0.000010,0.007945,0.147583,1,1,sim_time_mjc
493,0.000000,9.860000,1781244125.385898829,1781244125.401203871,1781244125.413678885,1781244125.526806593,1781244125.526814461,1781244125.528992176,1781244125.529009819,1781244125.538815737,0.015305,0.012475,0.113128,0.000008,0.002178,0.000018,0.009806,0.152917,1,1,sim_time_mjc
494,0.000000,9.880000,1781244125.538815737,1781244125.551384926,1781244125.563592196,1781244125.677577972,1781244125.677583933,1781244125.678736210,1781244125.678754091,1781244125.688126802,0.012569,0.012207,0.113986,0.000006,0.001152,0.000018,0.009373,0.149311,1,1,sim_time_mjc
495,0.000000,9.900000,1781244125.688126802,1781244125.701418638,1781244125.713013411,1781244125.826402187,1781244125.826411486,1781244125.828802586,1781244125.828821659,1781244125.838896990,0.013292,0.011595,0.113389,0.000009,0.002391,0.000019,0.010075,0.150770,1,1,sim_time_mjc
496,0.000000,9.920000,1781244125.838896990,1781244125.851441622,1781244125.862951756,1781244125.977035046,1781244125.977041245,1781244125.979134321,1781244125.979152203,1781244125.988582611,0.012545,0.011510,0.114083,0.000006,0.002093,0.000018,0.009430,0.149686,1,1,sim_time_mjc
497,0.000000,9.940000,1781244125.988582611,1781244126.001545191,1781244126.013206959,1781244126.125692606,1781244126.125700712,1781244126.127379656,1781244126.127390385,1781244126.135445356,0.012963,0.011662,0.112486,0.000008,0.001679,0.000011,0.008055,0.146863,1,1,sim_time_mjc
498,0.000000,9.960000,1781244126.135445356,1781244126.151716471,1781244126.163287401,1781244126.276586771,1781244126.276593208,1781244126.277056456,1781244126.277067423,1781244126.285112381,0.016271,0.011571,0.113299,0.000006,0.000463,0.000011,0.008045,0.149667,1,1,sim_time_mjc
499,0.000000,9.980000,1781244126.285112381,1781244126.285233974,1781244126.297116518,1781244126.412656069,1781244126.412663460,1781244126.413328409,1781244126.413347721,1781244126.423763514,0.000122,0.011883,0.115540,0.000007,0.000665,0.000019,0.010416,0.138651,1,1,sim_time_mjc
500,0.000000,10.000000,1781244126.423763514,1781244126.435250759,1781244126.446886539,1781244126.562242270,1781244126.562248707,1781244126.564599514,1781244126.564617157,1781244126.573558569,0.011487,0.011636,0.115356,0.000006,0.002351,0.000018,0.008941,0.149795,1,1,sim_time_mjc
501,0.000000,10.020000,1781244126.573558569,1781244126.585602522,1781244126.597208500,1781244126.710523844,1781244126.710531950,1781244126.712866068,1781244126.712877035,1781244126.721731901,0.012044,0.011606,0.113315,0.000008,0.002334,0.000011,0.008855,0.148173,1,1,sim_time_mjc
502,0.000000,10.040000,1781244126.721731901,1781244126.735436440,1781244126.747344732,1781244126.861184597,1781244126.861191273,1781244126.863437414,1781244126.863455534,1781244126.871708870,0.013705,0.011908,0.113840,0.000007,0.002246,0.000018,0.008253,0.149977,1,1,sim_time_mjc
503,0.000000,10.060000,1781244126.871708870,1781244126.885764599,1781244126.899882793,1781244127.013252497,1781244127.013259888,1781244127.013802290,1781244127.013820410,1781244127.022452593,0.014056,0.014118,0.113370,0.000007,0.000542,0.000018,0.008632,0.150744,1,1,sim_time_mjc
504,0.000000,10.080000,1781244127.022452593,1781244127.035796165,1781244127.049631119,1781244127.163179874,1781244127.163185596,1781244127.164453268,1781244127.164464951,1781244127.171095133,0.013344,0.013835,0.113549,0.000006,0.001268,0.000012,0.006630,0.148643,1,1,sim_time_mjc
505,0.000000,10.100000,1781244127.171095133,1781244127.185878754,1781244127.197562933,1781244127.310210705,1781244127.310218334,1781244127.311597109,1781244127.311607599,1781244127.317903042,0.014784,0.011684,0.112648,0.000008,0.001379,0.000010,0.006295,0.146808,1,1,sim_time_mjc
506,0.000000,10.120000,1781244127.317903042,1781244127.319330215,1781244127.331395626,1781244127.445291519,1781244127.445297718,1781244127.445547819,1781244127.445565462,1781244127.455381870,0.001427,0.012065,0.113896,0.000006,0.000250,0.000018,0.009816,0.137479,1,1,sim_time_mjc
507,0.000000,10.140000,1781244127.455381870,1781244127.469505072,1781244127.481523752,1781244127.594696522,1781244127.594703913,1781244127.596655130,1781244127.596672535,1781244127.603192806,0.014123,0.012019,0.113173,0.000007,0.001951,0.000017,0.006520,0.147811,1,1,sim_time_mjc
508,0.000000,10.160000,1781244127.603192806,1781244127.619711399,1781244127.632246971,1781244127.746961594,1781244127.746967554,1781244127.748726845,1781244127.748737812,1781244127.756433010,0.016519,0.012536,0.114715,0.000006,0.001759,0.000011,0.007695,0.153240,1,1,sim_time_mjc
509,0.000000,10.180000,1781244127.756433010,1781244127.769978523,1781244127.782526493,1781244127.895729303,1781244127.895737410,1781244127.896085501,1781244127.896096468,1781244127.902560234,0.013546,0.012548,0.113203,0.000008,0.000348,0.000011,0.006464,0.146127,1,1,sim_time_mjc
510,0.000000,10.200000,1781244127.902560234,1781244127.903188229,1781244127.917240143,1781244128.036429882,1781244128.036436319,1781244128.036883116,1781244128.036895275,1781244128.046047211,0.000628,0.014052,0.119190,0.000006,0.000447,0.000012,0.009152,0.143487,1,1,sim_time_mjc
511,0.000000,10.220000,1781244128.046047211,1781244128.053400993,1781244128.065460205,1781244128.178767443,1781244128.178776979,1781244128.179217100,1781244128.179234028,1781244128.189976215,0.007354,0.012059,0.113307,0.000010,0.000440,0.000017,0.010742,0.143929,1,1,sim_time_mjc
512,0.000000,10.240000,1781244128.189976215,1781244128.203355551,1781244128.215289593,1781244128.328431845,1781244128.328437805,1781244128.328814745,1781244128.328833103,1781244128.339141369,0.013379,0.011934,0.113142,0.000006,0.000377,0.000018,0.010308,0.149165,1,1,sim_time_mjc
513,0.000000,10.260000,1781244128.339141369,1781244128.353506565,1781244128.366108894,1781244128.479800224,1781244128.479808092,1781244128.480699301,1781244128.480717421,1781244128.488057137,0.014365,0.012602,0.113691,0.000008,0.000891,0.000018,0.007340,0.148916,1,1,sim_time_mjc
514,0.000000,10.280000,1781244128.488057137,1781244128.503623486,1781244128.515677214,1781244128.629399061,1781244128.629405975,1781244128.631741524,1781244128.631759644,1781244128.639299870,0.015566,0.012054,0.113722,0.000007,0.002336,0.000018,0.007540,0.151243,1,1,sim_time_mjc
515,0.000000,10.300000,1781244128.639299870,1781244128.653785944,1781244128.666075230,1781244128.781936884,1781244128.781944275,1781244128.783838511,1781244128.783856153,1781244128.791005135,0.014486,0.012289,0.115862,0.000007,0.001894,0.000018,0.007149,0.151705,1,1,sim_time_mjc
516,0.000000,10.320000,1781244128.791005135,1781244128.803894758,1781244128.817343473,1781244128.936325788,1781244128.936331987,1781244128.938305616,1781244128.938322067,1781244128.946003199,0.012890,0.013449,0.118982,0.000006,0.001974,0.000016,0.007681,0.154998,1,1,sim_time_mjc
517,0.000000,10.340000,1781244128.946003199,1781244128.954003096,1781244128.966065884,1781244129.080417633,1781244129.080425262,1781244129.082017899,1781244129.082036257,1781244129.091257095,0.008000,0.012063,0.114352,0.000008,0.001593,0.000018,0.009221,0.145254,1,1,sim_time_mjc
518,0.000000,10.360000,1781244129.091257095,1781244129.104068279,1781244129.116227865,1781244129.230615139,1781244129.230623245,1781244129.231392622,1781244129.231412649,1781244129.242023706,0.012811,0.012160,0.114387,0.000008,0.000769,0.000020,0.010611,0.150767,1,1,sim_time_mjc
519,0.000000,10.380000,1781244129.242023706,1781244129.254510403,1781244129.268207073,1781244129.382355452,1781244129.382363558,1781244129.383898258,1781244129.383915663,1781244129.392994404,0.012487,0.013697,0.114148,0.000008,0.001535,0.000017,0.009079,0.150971,1,1,sim_time_mjc
520,0.000000,10.400000,1781244129.392994404,1781244129.404442549,1781244129.419800520,1781244129.535181761,1781244129.535187721,1781244129.536474705,1781244129.536493301,1781244129.543131113,0.011448,0.015358,0.115381,0.000006,0.001287,0.000019,0.006638,0.150137,1,1,sim_time_mjc
521,0.000000,10.420000,1781244129.543131113,1781244129.554630995,1781244129.566837788,1781244129.680186272,1781244129.680193901,1781244129.682292223,1781244129.682302713,1781244129.688683510,0.011500,0.012207,0.113348,0.000008,0.002098,0.000010,0.006381,0.145552,1,1,sim_time_mjc
522,0.000000,10.440000,1781244129.688683510,1781244129.704518080,1781244129.716637135,1781244129.829952717,1781244129.829959154,1781244129.831362963,1781244129.831380129,1781244129.840683699,0.015835,0.012119,0.113316,0.000006,0.001404,0.000017,0.009304,0.152000,1,1,sim_time_mjc
523,0.000000,10.460000,1781244129.840683699,1781244129.854912758,1781244129.867466211,1781244129.980615854,1781244129.980623007,1781244129.981226206,1781244129.981236935,1781244129.987661362,0.014229,0.012553,0.113150,0.000007,0.000603,0.000011,0.006424,0.146978,1,1,sim_time_mjc
524,0.000000,10.480000,1781244129.987661362,1781244129.988390207,1781244130.000669718,1781244130.113481522,1781244130.113487959,1781244130.115027666,1781244130.115039825,1781244130.121853590,0.000729,0.012280,0.112812,0.000006,0.001540,0.000012,0.006814,0.134192,1,1,sim_time_mjc
525,0.000000,10.500000,1781244130.121853590,1781244130.138397932,1781244130.151105881,1781244130.264336586,1781244130.264344215,1781244130.265504360,1781244130.265523195,1781244130.273919344,0.016544,0.012708,0.113231,0.000008,0.001160,0.000019,0.008396,0.152066,1,1,sim_time_mjc
526,0.000000,10.520000,1781244130.273919344,1781244130.288432598,1781244130.301154613,1781244130.414116859,1781244130.414124250,1781244130.416394234,1781244130.416410923,1781244130.426810741,0.014513,0.012722,0.112962,0.000007,0.002270,0.000017,0.010400,0.152891,1,1,sim_time_mjc
527,0.000000,10.540000,1781244130.426810741,1781244130.438695431,1781244130.450883389,1781244130.563549995,1781244130.563557863,1781244130.564395189,1781244130.564414263,1781244130.573541641,0.011885,0.012188,0.112667,0.000008,0.000837,0.000019,0.009127,0.146731,1,1,sim_time_mjc
528,0.000000,10.560000,1781244130.573541641,1781244130.588723421,1781244130.601325750,1781244130.718961000,1781244130.718966722,1781244130.719238758,1781244130.719255924,1781244130.729622841,0.015182,0.012602,0.117635,0.000006,0.000272,0.000017,0.010367,0.156081,1,1,sim_time_mjc
529,0.000000,10.580000,1781244130.729622841,1781244130.738944769,1781244130.752532244,1781244130.870465517,1781244130.870472670,1781244130.870781898,1781244130.870801449,1781244130.882110119,0.009322,0.013587,0.117933,0.000007,0.000309,0.000020,0.011309,0.152487,1,1,sim_time_mjc
530,0.000000,10.600000,1781244130.882110119,1781244130.888954878,1781244130.901542187,1781244131.017048120,1781244131.017053843,1781244131.018374443,1781244131.018392324,1781244131.027693272,0.006845,0.012587,0.115506,0.000006,0.001321,0.000018,0.009301,0.145583,1,1,sim_time_mjc
531,0.000000,10.620000,1781244131.027693272,1781244131.038992882,1781244131.051467419,1781244131.175192118,1781244131.175200462,1781244131.177601576,1781244131.177612782,1781244131.186828375,0.011300,0.012475,0.123725,0.000008,0.002401,0.000011,0.009216,0.159135,1,1,sim_time_mjc
532,0.000000,10.640000,1781244131.186828375,1781244131.189225197,1781244131.204233170,1781244131.318140507,1781244131.318146229,1781244131.320359707,1781244131.320369720,1781244131.329149961,0.002397,0.015008,0.113907,0.000006,0.002213,0.000010,0.008780,0.142322,1,1,sim_time_mjc
533,0.000000,10.660000,1781244131.329149961,1781244131.339246273,1781244131.351787329,1781244131.464826584,1781244131.464834452,1781244131.467005253,1781244131.467022657,1781244131.475633383,0.010096,0.012541,0.113039,0.000008,0.002171,0.000017,0.008611,0.146483,1,1,sim_time_mjc
534,0.000000,10.680000,1781244131.475633383,1781244131.489589453,1781244131.504581213,1781244131.617761374,1781244131.617767334,1781244131.620027065,1781244131.620043755,1781244131.630754709,0.013956,0.014992,0.113180,0.000006,0.002260,0.000017,0.010711,0.155121,1,1,sim_time_mjc
535,0.000000,10.700000,1781244131.630754709,1781244131.639602661,1781244131.652209044,1781244131.765013695,1781244131.765021086,1781244131.765995979,1781244131.766013384,1781244131.775131226,0.008848,0.012606,0.112805,0.000007,0.000975,0.000017,0.009118,0.144377,1,1,sim_time_mjc
536,0.000000,10.720000,1781244131.775131226,1781244131.789666653,1781244131.803946495,1781244131.916738510,1781244131.916744232,1781244131.917963505,1781244131.917980433,1781244131.925001621,0.014535,0.014280,0.112792,0.000006,0.001219,0.000017,0.007021,0.149870,1,1,sim_time_mjc
537,0.000000,10.740000,1781244131.925001621,1781244131.939883709,1781244131.952642441,1781244132.065881014,1781244132.065888166,1781244132.067237854,1781244132.067254782,1781244132.073979378,0.014882,0.012759,0.113239,0.000007,0.001350,0.000017,0.006725,0.148978,1,1,sim_time_mjc
538,0.000000,10.760000,1781244132.073979378,1781244132.090002537,1781244132.104599237,1781244132.217989445,1781244132.217995167,1781244132.218627691,1781244132.218638659,1781244132.224982023,0.016023,0.014597,0.113390,0.000006,0.000633,0.000011,0.006343,0.151003,1,1,sim_time_mjc
539,0.000000,10.780000,1781244132.224982023,1781244132.240111351,1781244132.252983332,1781244132.369122267,1781244132.369129658,1781244132.369560719,1781244132.369577885,1781244132.379617929,0.015129,0.012872,0.116139,0.000007,0.000431,0.000017,0.010040,0.154636,1,1,sim_time_mjc
540,0.000000,10.800000,1781244132.379617929,1781244132.390263319,1781244132.402742863,1781244132.516504049,1781244132.516510248,1781244132.516868591,1781244132.516885281,1781244132.526161909,0.010645,0.012480,0.113761,0.000006,0.000358,0.000017,0.009277,0.146544,1,1,sim_time_mjc
541,0.000000,10.820000,1781244132.526161909,1781244132.540259838,1781244132.552865982,1781244132.666316748,1781244132.666324854,1781244132.668133259,1781244132.668151855,1781244132.676111937,0.014098,0.012606,0.113451,0.000008,0.001808,0.000019,0.007960,0.149950,1,1,sim_time_mjc
542,0.000000,10.840000,1781244132.676111937,1781244132.690400600,1781244132.703092575,1781244132.816095829,1781244132.816101789,1781244132.817914724,1781244132.817927599,1781244132.824268818,0.014289,0.012692,0.113003,0.000006,0.001813,0.000013,0.006341,0.148157,1,1,sim_time_mjc
543,0.000000,10.860000,1781244132.824268818,1781244132.840535641,1781244132.853144646,1781244132.966304541,1781244132.966312170,1781244132.966906548,1781244132.966925621,1781244132.975073099,0.016267,0.012609,0.113160,0.000008,0.000594,0.000019,0.008147,0.150804,1,1,sim_time_mjc
544,0.000000,10.880000,1781244132.975073099,1781244132.990807533,1781244133.003627300,1781244133.117247581,1781244133.117254257,1781244133.119604826,1781244133.119614601,1781244133.128582716,0.015734,0.012820,0.113620,0.000007,0.002351,0.000010,0.008968,0.153510,1,1,sim_time_mjc
545,0.000000,10.900000,1781244133.128582716,1781244133.140702724,1781244133.153353691,1781244133.266908646,1781244133.266916752,1781244133.267183781,1781244133.267200947,1781244133.275981665,0.012120,0.012651,0.113555,0.000008,0.000267,0.000017,0.008781,0.147399,1,1,sim_time_mjc
546,0.000000,10.920000,1781244133.275981665,1781244133.291057348,1781244133.304070234,1781244133.417733192,1781244133.417739153,1781244133.418680429,1781244133.418699265,1781244133.429002523,0.015076,0.013013,0.113663,0.000006,0.000941,0.000019,0.010303,0.153021,1,1,sim_time_mjc
547,0.000000,10.940000,1781244133.429002523,1781244133.441063881,1781244133.453918219,1781244133.566805840,1781244133.566814423,1781244133.569047689,1781244133.569066763,1781244133.578374147,0.012061,0.012854,0.112888,0.000009,0.002233,0.000019,0.009307,0.149372,1,1,sim_time_mjc
548,0.000000,10.960000,1781244133.578374147,1781244133.591228008,1781244133.605900288,1781244133.719385862,1781244133.719392776,1781244133.720844984,1781244133.720863581,1781244133.731955528,0.012854,0.014672,0.113486,0.000007,0.001452,0.000019,0.011092,0.153581,1,1,sim_time_mjc
549,0.000000,10.980000,1781244133.731955528,1781244133.741516352,1781244133.755025387,1781244133.868512630,1781244133.868520737,1781244133.868933916,1781244133.868952274,1781244133.875695944,0.009561,0.013509,0.113487,0.000008,0.000413,0.000018,0.006744,0.143740,1,1,sim_time_mjc
550,0.000000,11.000000,1781244133.875695944,1781244133.891479731,1781244133.906455755,1781244134.023447275,1781244134.023453236,1781244134.023883581,1781244134.023902178,1781244134.032209873,0.015784,0.014976,0.116992,0.000006,0.000430,0.000019,0.008308,0.156514,1,1,sim_time_mjc
551,0.000000,11.020000,1781244134.032209873,1781244134.041560650,1781244134.054596901,1781244134.167675972,1781244134.167683840,1781244134.169219494,1781244134.169237137,1781244134.178262234,0.009351,0.013036,0.113079,0.000008,0.001536,0.000018,0.009025,0.146052,1,1,sim_time_mjc
552,0.000000,11.040000,1781244134.178262234,1781244134.191564798,1781244134.204552412,1781244134.319020271,1781244134.319026470,1781244134.321378708,1781244134.321395397,1781244134.330786705,0.013303,0.012988,0.114468,0.000006,0.002352,0.000017,0.009391,0.152524,1,1,sim_time_mjc
553,0.000000,11.060000,1781244134.330786705,1781244134.341928482,1781244134.355881453,1781244134.467937469,1781244134.467946053,1781244134.470410347,1781244134.470428228,1781244134.478295803,0.011142,0.013953,0.112056,0.000009,0.002464,0.000018,0.007868,0.147509,1,1,sim_time_mjc
554,0.000000,11.080000,1781244134.478295803,1781244134.492064238,1781244134.508518457,1781244134.621327877,1781244134.621334076,1781244134.622439146,1781244134.622457027,1781244134.629477978,0.013768,0.016454,0.112809,0.000006,0.001105,0.000018,0.007021,0.151182,1,1,sim_time_mjc
555,0.000000,11.100000,1781244134.629477978,1781244134.642111063,1781244134.655197382,1781244134.767528296,1781244134.767536879,1781244134.769442320,1781244134.769459248,1781244134.778193235,0.012633,0.013086,0.112331,0.000009,0.001905,0.000017,0.008734,0.148715,1,1,sim_time_mjc
556,0.000000,11.120000,1781244134.778193235,1781244134.792212009,1781244134.805322170,1781244134.918297768,1781244134.918305397,1781244134.920580387,1781244134.920597553,1781244134.931484222,0.014019,0.013110,0.112976,0.000008,0.002275,0.000017,0.010887,0.153291,1,1,sim_time_mjc
557,0.000000,11.140000,1781244134.931484222,1781244134.942511082,1781244134.955468655,1781244135.068754196,1781244135.068762541,1781244135.069024324,1781244135.069034576,1781244135.075741291,0.011027,0.012958,0.113286,0.000008,0.000262,0.000010,0.006707,0.144257,1,1,sim_time_mjc
558,0.000000,11.160000,1781244135.075741291,1781244135.075731754,1781244135.089109898,1781244135.202534676,1781244135.202541351,1781244135.203961611,1781244135.203972816,1781244135.210565329,-0.000010,0.013378,0.113425,0.000007,0.001420,0.000011,0.006593,0.134824,0,1,sim_time_mjc;cycle_order
559,0.000000,11.180000,1781244135.210565329,1781244135.226005793,1781244135.239172935,1781244135.352377415,1781244135.352385283,1781244135.352953196,1781244135.352964878,1781244135.359731913,0.015440,0.013167,0.113204,0.000008,0.000568,0.000012,0.006767,0.149167,1,1,sim_time_mjc
560,0.000000,11.200000,1781244135.359731913,1781244135.376008987,1781244135.389304161,1781244135.506952286,1781244135.506958008,1781244135.508245468,1781244135.508256435,1781244135.514812708,0.016277,0.013295,0.117648,0.000006,0.001287,0.000011,0.006556,0.155081,1,1,sim_time_mjc
561,0.000000,11.220000,1781244135.514812708,1781244135.526190996,1781244135.539582014,1781244135.652970552,1781244135.652978420,1781244135.653943062,1781244135.653959751,1781244135.664634228,0.011378,0.013391,0.113389,0.000008,0.000965,0.000017,0.010674,0.149822,1,1,sim_time_mjc
562,0.000000,11.240000,1781244135.664634228,1781244135.676232815,1781244135.691657782,1781244135.807067156,1781244135.807073832,1781244135.808774233,1781244135.808785439,1781244135.816946030,0.011599,0.015425,0.115409,0.000007,0.001700,0.000011,0.008161,0.152312,1,1,sim_time_mjc
563,0.000000,11.260000,1781244135.816946030,1781244135.826215982,1781244135.839322805,1781244135.961630106,1781244135.961639166,1781244135.963304043,1781244135.963315010,1781244135.970351934,0.009270,0.013107,0.122307,0.000009,0.001665,0.000011,0.007037,0.153406,1,1,sim_time_mjc
564,0.000000,11.280000,1781244135.970351934,1781244135.976541758,1781244135.990580797,1781244136.104838848,1781244136.104844809,1781244136.105365515,1781244136.105382442,1781244136.113666058,0.006190,0.014039,0.114258,0.000006,0.000521,0.000017,0.008284,0.143314,1,1,sim_time_mjc
565,0.000000,11.300000,1781244136.113666058,1781244136.126669884,1781244136.140724659,1781244136.254450083,1781244136.254456997,1781244136.255244732,1781244136.255261421,1781244136.265391827,0.013004,0.014055,0.113725,0.000007,0.000788,0.000017,0.010130,0.151726,1,1,sim_time_mjc
566,0.000000,11.320000,1781244136.265391827,1781244136.276603937,1781244136.289824486,1781244136.404052258,1781244136.404058218,1781244136.404982805,1781244136.404999495,1781244136.413197041,0.011212,0.013221,0.114228,0.000006,0.000925,0.000017,0.008198,0.147805,1,1,sim_time_mjc
567,0.000000,11.340000,1781244136.413197041,1781244136.426778793,1781244136.440040112,1781244136.554051638,1781244136.554059267,1781244136.555629015,1781244136.555646420,1781244136.563865185,0.013582,0.013261,0.114012,0.000008,0.001570,0.000017,0.008219,0.150668,1,1,sim_time_mjc
568,0.000000,11.360000,1781244136.563865185,1781244136.576975107,1781244136.590943813,1781244136.704079628,1781244136.704088211,1781244136.705286503,1781244136.705296040,1781244136.711662531,0.013110,0.013969,0.113136,0.000009,0.001198,0.000010,0.006366,0.147797,1,1,sim_time_mjc
569,0.000000,11.380000,1781244136.711662531,1781244136.727010489,1781244136.740300655,1781244136.853639364,1781244136.853647947,1781244136.855013847,1781244136.855032921,1781244136.863955736,0.015348,0.013290,0.113339,0.000009,0.001366,0.000019,0.008923,0.152293,1,1,sim_time_mjc
570,0.000000,11.400000,1781244136.863955736,1781244136.877261400,1781244136.890784264,1781244137.006055593,1781244137.006063700,1781244137.008688450,1781244137.008707523,1781244137.015874624,0.013306,0.013523,0.115271,0.000008,0.002625,0.000019,0.007167,0.151919,1,1,sim_time_mjc
571,0.000000,11.420000,1781244137.015874624,1781244137.027231693,1781244137.043154478,1781244137.157900333,1781244137.157908201,1781244137.160032988,1781244137.160050154,1781244137.169365644,0.011357,0.015923,0.114746,0.000008,0.002125,0.000017,0.009315,0.153491,1,1,sim_time_mjc
572,0.000000,11.440000,1781244137.169365644,1781244137.177372694,1781244137.190730572,1781244137.307198763,1781244137.307206631,1781244137.308924198,1781244137.308942795,1781244137.320517778,0.008007,0.013358,0.116468,0.000008,0.001718,0.000019,0.011575,0.151152,1,1,sim_time_mjc
573,0.000000,11.460000,1781244137.320517778,1781244137.327614546,1781244137.342058659,1781244137.456404924,1781244137.456412315,1781244137.457377434,1781244137.457389355,1781244137.463897943,0.007097,0.014444,0.114346,0.000007,0.000965,0.000012,0.006509,0.143380,1,1,sim_time_mjc
574,0.000000,11.480000,1781244137.463897943,1781244137.477836609,1781244137.491564989,1781244137.606791019,1781244137.606797218,1781244137.609114408,1781244137.609125376,1781244137.615653515,0.013939,0.013728,0.115226,0.000006,0.002317,0.000011,0.006528,0.151756,1,1,sim_time_mjc
575,0.000000,11.500000,1781244137.615653515,1781244137.627909184,1781244137.641813517,1781244137.756279945,1781244137.756287336,1781244137.756981611,1781244137.756999969,1781244137.766891241,0.012256,0.013904,0.114466,0.000007,0.000694,0.000018,0.009891,0.151238,1,1,sim_time_mjc
576,0.000000,11.520000,1781244137.766891241,1781244137.778124332,1781244137.794962645,1781244137.912579298,1781244137.912586451,1781244137.913509607,1781244137.913529634,1781244137.923399448,0.011233,0.016838,0.117617,0.000007,0.000923,0.000020,0.009870,0.156508,1,1,sim_time_mjc
577,0.000000,11.540000,1781244137.923399448,1781244137.928089857,1781244137.941487551,1781244138.055196524,1781244138.055203915,1781244138.058054686,1781244138.058072090,1781244138.068450928,0.004690,0.013398,0.113709,0.000007,0.002851,0.000017,0.010379,0.145051,1,1,sim_time_mjc
578,0.000000,11.560000,1781244138.068450928,1781244138.078156710,1781244138.092636347,1781244138.206723213,1781244138.206731558,1781244138.208342314,1781244138.208359718,1781244138.219393492,0.009706,0.014480,0.114087,0.000008,0.001611,0.000017,0.011034,0.150943,1,1,sim_time_mjc
579,0.000000,11.580000,1781244138.219393492,1781244138.228453159,1781244138.242966175,1781244138.357392073,1781244138.357400179,1781244138.358422995,1781244138.358441114,1781244138.368256092,0.009060,0.014513,0.114426,0.000008,0.001023,0.000018,0.009815,0.148863,1,1,sim_time_mjc
580,0.000000,11.600000,1781244138.368256092,1781244138.378362179,1781244138.391957521,1781244138.505482912,1781244138.505490541,1781244138.507388115,1781244138.507399321,1781244138.514058352,0.010106,0.013595,0.113525,0.000008,0.001898,0.000011,0.006659,0.145802,1,1,sim_time_mjc
581,0.000000,11.620000,1781244138.514058352,1781244138.528647661,1781244138.542127132,1781244138.655370474,1781244138.655378580,1781244138.657793522,1781244138.657820225,1781244138.666496277,0.014589,0.013479,0.113243,0.000008,0.002415,0.000027,0.008676,0.152438,1,1,sim_time_mjc
582,0.000000,11.640000,1781244138.666496277,1781244138.678870201,1781244138.692414761,1781244138.806737661,1781244138.806745529,1781244138.808860064,1781244138.808877468,1781244138.819720984,0.012374,0.013545,0.114323,0.000008,0.002115,0.000017,0.010844,0.153225,1,1,sim_time_mjc
583,0.000000,11.660000,1781244138.819720984,1781244138.828860760,1781244138.842602015,1781244138.957286596,1781244138.957293987,1781244138.959356070,1781244138.959374189,1781244138.970302820,0.009140,0.013741,0.114685,0.000007,0.002062,0.000018,0.010929,0.150582,1,1,sim_time_mjc
584,0.000000,11.680000,1781244138.970302820,1781244138.978861809,1781244138.993046761,1781244139.108104229,1781244139.108111858,1781244139.109283209,1781244139.109301329,1781244139.116585970,0.008559,0.014185,0.115057,0.000008,0.001171,0.000018,0.007285,0.146283,1,1,sim_time_mjc
585,0.000000,11.700000,1781244139.116585970,1781244139.129036427,1781244139.142913818,1781244139.256990433,1781244139.256998062,1781244139.258086205,1781244139.258096457,1781244139.264631510,0.012450,0.013877,0.114077,0.000008,0.001088,0.000010,0.006535,0.148046,1,1,sim_time_mjc
586,0.000000,11.720000,1781244139.264631510,1781244139.279284239,1781244139.293379068,1781244139.406943798,1781244139.406950235,1781244139.407465696,1781244139.407476187,1781244139.415011883,0.014653,0.014095,0.113565,0.000006,0.000515,0.000010,0.007536,0.150380,1,1,sim_time_mjc
587,0.000000,11.740000,1781244139.415011883,1781244139.429213047,1781244139.442815065,1781244139.556719065,1781244139.556726456,1781244139.557853222,1781244139.557863474,1781244139.564098358,0.014201,0.013602,0.113904,0.000007,0.001127,0.000010,0.006235,0.149086,1,1,sim_time_mjc
588,0.000000,11.760000,1781244139.564098358,1781244139.579357147,1781244139.592989206,1781244139.706946135,1781244139.706952095,1781244139.707689047,1781244139.707705498,1781244139.718474388,0.015259,0.013632,0.113957,0.000006,0.000737,0.000016,0.010769,0.154376,1,1,sim_time_mjc
589,0.000000,11.780000,1781244139.718474388,1781244139.729502439,1781244139.743484259,1781244139.857522726,1781244139.857529640,1781244139.858372450,1781244139.858389854,1781244139.868210316,0.011028,0.013982,0.114038,0.000007,0.000843,0.000017,0.009820,0.149736,1,1,sim_time_mjc
590,0.000000,11.800000,1781244139.868210316,1781244139.879647255,1781244139.893281937,1781244140.007176399,1781244140.007181883,1781244140.009462595,1781244140.009480476,1781244140.018513441,0.011437,0.013635,0.113894,0.000005,0.002281,0.000018,0.009033,0.150303,1,1,sim_time_mjc
591,0.000000,11.820000,1781244140.018513441,1781244140.029725552,1781244140.043718338,1781244140.159091949,1781244140.159099817,1781244140.159867764,1781244140.159884453,1781244140.166779757,0.011212,0.013993,0.115374,0.000008,0.000768,0.000017,0.006895,0.148266,1,1,sim_time_mjc
592,0.000000,11.840000,1781244140.166779757,1781244140.179963589,1781244140.195369959,1781244140.309559822,1781244140.309566259,1781244140.310699701,1781244140.310710430,1781244140.317045689,0.013184,0.015406,0.114190,0.000006,0.001133,0.000011,0.006335,0.150266,1,1,sim_time_mjc
593,0.000000,11.860000,1781244140.317045689,1781244140.329975605,1781244140.343748808,1781244140.457742929,1781244140.457750559,1781244140.458509207,1781244140.458520174,1781244140.465003252,0.012930,0.013773,0.113994,0.000008,0.000759,0.000011,0.006483,0.147958,1,1,sim_time_mjc
594,0.000000,11.880000,1781244140.465003252,1781244140.480092525,1781244140.494091988,1781244140.608400345,1781244140.608406544,1781244140.609187126,1781244140.609204531,1781244140.616078377,0.015089,0.013999,0.114308,0.000006,0.000781,0.000017,0.006874,0.151075,1,1,sim_time_mjc
595,0.000000,11.900000,1781244140.616078377,1781244140.630295277,1781244140.645872831,1781244140.759833574,1781244140.759840965,1781244140.761973619,1781244140.761990070,1781244140.769335985,0.014217,0.015578,0.113961,0.000007,0.002133,0.000016,0.007346,0.153258,1,1,sim_time_mjc
596,0.000000,11.920000,1781244140.769335985,1781244140.780509233,1781244140.794645786,1781244140.909125566,1781244140.909133911,1781244140.909585714,1781244140.909602642,1781244140.917700052,0.011173,0.014137,0.114480,0.000008,0.000452,0.000017,0.008097,0.148364,1,1,sim_time_mjc
597,0.000000,11.940000,1781244140.917700052,1781244140.930598736,1781244140.944584370,1781244141.057479382,1781244141.057486773,1781244141.058241129,1781244141.058257818,1781244141.066164970,0.012899,0.013986,0.112895,0.000007,0.000754,0.000017,0.007907,0.148465,1,1,sim_time_mjc
598,0.000000,11.960000,1781244141.066164970,1781244141.080652714,1781244141.095326185,1781244141.214082003,1781244141.214089632,1781244141.214818716,1781244141.214830399,1781244141.222997665,0.014488,0.014673,0.118756,0.000008,0.000729,0.000012,0.008167,0.156833,1,1,sim_time_mjc
599,0.000000,11.980000,1781244141.222997665,1781244141.230688810,1781244141.244444609,1781244141.358180285,1781244141.358188629,1781244141.359682322,1781244141.359692574,,0.007691,0.013756,0.113736,0.000008,0.001494,0.000010,,,1,1,sim_time_mjc
