macro_frame,sim_time,body_index,logical_name,com_before_x,com_before_y,com_before_z,com_after_x,com_after_y,com_after_z,target_x,target_y,target_z,com_jump_m,com_to_target_before_m,max_vtx_jump_m,max_vtx_id
0,0.000000,1,gripper_l_palm,-0.460000,0.710000,0.000000,-0.460000,0.710000,-0.000000,-0.460000,0.710000,-0.000000,0.000000,0.000000,0.000000,0
0,0.000000,2,gripper_l_finger1,-0.460000,0.690000,0.000000,-0.460000,0.690000,-0.000000,-0.460000,0.690000,-0.000000,0.000000,0.000000,0.000000,0
0,0.000000,3,gripper_l_finger2,-0.460000,0.690000,0.000000,-0.460000,0.690000,-0.000000,-0.460000,0.690000,-0.000000,0.000000,0.000000,0.000000,0
0,0.000000,4,gripper_r_palm,0.460000,0.710000,0.000000,0.460000,0.710000,-0.000000,0.460000,0.710000,-0.000000,0.000000,0.000000,0.000000,0
0,0.000000,5,gripper_r_finger1,0.460000,0.690000,0.000000,0.460000,0.690000,-0.000000,0.460000,0.690000,-0.000000,0.000000,0.000000,0.000000,0
0,0.000000,6,gripper_r_finger2,0.460000,0.690000,0.000000,0.460000,0.690000,-0.000000,0.460000,0.690000,-0.000000,0.000000,0.000000,0.000000,0
1,0.020000,1,gripper_l_palm,-0.460000,0.710000,0.000000,-0.460000,0.710000,-0.000000,-0.460000,0.710000,-0.000000,0.000000,0.000000,0.000000,0
1,0.020000,2,gripper_l_finger1,-0.460000,0.690000,0.000000,-0.460000,0.690000,-0.000000,-0.460000,0.690000,-0.000000,0.000000,0.000000,0.000000,0
1,0.020000,3,gripper_l_finger2,-0.460000,0.690000,0.000000,-0.460000,0.690000,-0.000000,-0.460000,0.690000,-0.000000,0.000000,0.000000,0.000000,0
1,0.020000,4,gripper_r_palm,0.460000,0.710000,0.000000,0.460000,0.710000,-0.000000,0.460000,0.710000,-0.000000,0.000000,0.000000,0.000000,0
1,0.020000,5,gripper_r_finger1,0.460000,0.690000,0.000000,0.460000,0.690000,-0.000000,0.460000,0.690000,-0.000000,0.000000,0.000000,0.000000,0
1,0.020000,6,gripper_r_finger2,0.460000,0.690000,0.000000,0.460000,0.690000,-0.000000,0.460000,0.690000,-0.000000,0.000000,0.000000,0.000000,0
2,0.040000,1,gripper_l_palm,-0.460000,0.710000,0.000000,-0.460000,0.710000,-0.000000,-0.460000,0.710000,-0.000000,0.000000,0.000000,0.000000,0
2,0.040000,2,gripper_l_finger1,-0.460000,0.690000,0.000000,-0.460000,0.690000,-0.000000,-0.460000,0.690000,-0.000000,0.000000,0.000000,0.000000,0
2,0.040000,3,gripper_l_finger2,-0.460000,0.690000,0.000000,-0.460000,0.690000,-0.000000,-0.460000,0.690000,-0.000000,0.000000,0.000000,0.000000,0
2,0.040000,4,gripper_r_palm,0.460000,0.710000,0.000000,0.460000,0.710000,-0.000000,0.460000,0.710000,-0.000000,0.000000,0.000000,0.000000,0
2,0.040000,5,gripper_r_finger1,0.460000,0.690000,0.000000,0.460000,0.690000,-0.000000,0.460000,0.690000,-0.000000,0.000000,0.000000,0.000000,0
2,0.040000,6,gripper_r_finger2,0.460000,0.690000,0.000000,0.460000,0.690000,-0.000000,0.460000,0.690000,-0.000000,0.000000,0.000000,0.000000,0
3,0.060000,1,gripper_l_palm,-0.460000,0.710000,0.000000,-0.460000,0.710000,-0.000000,-0.460000,0.710000,-0.000000,0.000000,0.000000,0.000000,0
3,0.060000,2,gripper_l_finger1,-0.460000,0.690000,0.000000,-0.460000,0.690000,-0.000000,-0.460000,0.690000,-0.000000,0.000000,0.000000,0.000000,0
3,0.060000,3,gripper_l_finger2,-0.460000,0.690000,0.000000,-0.460000,0.690000,-0.000000,-0.460000,0.690000,-0.000000,0.000000,0.000000,0.000000,0
3,0.060000,4,gripper_r_palm,0.460000,0.710000,0.000000,0.460000,0.710000,-0.000000,0.460000,0.710000,-0.000000,0.000000,0.000000,0.000000,0
3,0.060000,5,gripper_r_finger1,0.460000,0.690000,0.000000,0.460000,0.690000,-0.000000,0.460000,0.690000,-0.000000,0.000000,0.000000,0.000000,0
3,0.060000,6,gripper_r_finger2,0.460000,0.690000,0.000000,0.460000,0.690000,-0.000000,0.460000,0.690000,-0.000000,0.000000,0.000000,0.000000,0
4,0.080000,1,gripper_l_palm,-0.460000,0.710000,0.000000,-0.460000,0.710000,-0.000000,-0.460000,0.710000,-0.000000,0.000000,0.000000,0.000000,0
4,0.080000,2,gripper_l_finger1,-0.460000,0.690000,0.000000,-0.460000,0.690000,-0.000000,-0.460000,0.690000,-0.000000,0.000000,0.000000,0.000000,0
4,0.080000,3,gripper_l_finger2,-0.460000,0.690000,0.000000,-0.460000,0.690000,-0.000000,-0.460000,0.690000,-0.000000,0.000000,0.000000,0.000000,0
4,0.080000,4,gripper_r_palm,0.460000,0.710000,0.000000,0.460000,0.710000,-0.000000,0.460000,0.710000,-0.000000,0.000000,0.000000,0.000000,0
4,0.080000,5,gripper_r_finger1,0.460000,0.690000,0.000000,0.460000,0.690000,-0.000000,0.460000,0.690000,-0.000000,0.000000,0.000000,0.000000,0
4,0.080000,6,gripper_r_finger2,0.460000,0.690000,0.000000,0.460000,0.690000,-0.000000,0.460000,0.690000,-0.000000,0.000000,0.000000,0.000000,0
5,0.100000,1,gripper_l_palm,-0.460000,0.710000,0.000000,-0.460000,0.710000,-0.000000,-0.460000,0.710000,-0.000000,0.000000,0.000000,0.000000,0
5,0.100000,2,gripper_l_finger1,-0.460000,0.690000,0.000000,-0.460000,0.690000,-0.000000,-0.460000,0.690000,-0.000000,0.000000,0.000000,0.000000,0
5,0.100000,3,gripper_l_finger2,-0.460000,0.690000,0.000000,-0.460000,0.690000,-0.000000,-0.460000,0.690000,-0.000000,0.000000,0.000000,0.000000,0
5,0.100000,4,gripper_r_palm,0.460000,0.710000,0.000000,0.460000,0.710000,-0.000000,0.460000,0.710000,-0.000000,0.000000,0.000000,0.000000,0
5,0.100000,5,gripper_r_finger1,0.460000,0.690000,0.000000,0.460000,0.690000,-0.000000,0.460000,0.690000,-0.000000,0.000000,0.000000,0.000000,0
5,0.100000,6,gripper_r_finger2,0.460000,0.690000,0.000000,0.460000,0.690000,-0.000000,0.460000,0.690000,-0.000000,0.000000,0.000000,0.000000,0
6,0.120000,1,gripper_l_palm,-0.460000,0.710000,0.000000,-0.460000,0.710000,-0.000000,-0.460000,0.710000,-0.000000,0.000000,0.000000,0.000000,0
6,0.120000,2,gripper_l_finger1,-0.460000,0.690000,0.000000,-0.460000,0.690000,-0.000000,-0.460000,0.690000,-0.000000,0.000000,0.000000,0.000000,0
6,0.120000,3,gripper_l_finger2,-0.460000,0.690000,0.000000,-0.460000,0.690000,-0.000000,-0.460000,0.690000,-0.000000,0.000000,0.000000,0.000000,0
6,0.120000,4,gripper_r_palm,0.460000,0.710000,0.000000,0.460000,0.710000,-0.000000,0.460000,0.710000,-0.000000,0.000000,0.000000,0.000000,0
6,0.120000,5,gripper_r_finger1,0.460000,0.690000,0.000000,0.460000,0.690000,-0.000000,0.460000,0.690000,-0.000000,0.000000,0.000000,0.000000,0
6,0.120000,6,gripper_r_finger2,0.460000,0.690000,0.000000,0.460000,0.690000,-0.000000,0.460000,0.690000,-0.000000,0.000000,0.000000,0.000000,0
7,0.140000,1,gripper_l_palm,-0.460000,0.710000,0.000000,-0.460000,0.710000,-0.000000,-0.460000,0.710000,-0.000000,0.000000,0.000000,0.000000,0
7,0.140000,2,gripper_l_finger1,-0.460000,0.690000,0.000000,-0.460000,0.690000,-0.000000,-0.460000,0.690000,-0.000000,0.000000,0.000000,0.000000,0
7,0.140000,3,gripper_l_finger2,-0.460000,0.690000,0.000000,-0.460000,0.690000,-0.000000,-0.460000,0.690000,-0.000000,0.000000,0.000000,0.000000,0
7,0.140000,4,gripper_r_palm,0.460000,0.710000,0.000000,0.460000,0.710000,-0.000000,0.460000,0.710000,-0.000000,0.000000,0.000000,0.000000,0
7,0.140000,5,gripper_r_finger1,0.460000,0.690000,0.000000,0.460000,0.690000,-0.000000,0.460000,0.690000,-0.000000,0.000000,0.000000,0.000000,0
7,0.140000,6,gripper_r_finger2,0.460000,0.690000,0.000000,0.460000,0.690000,-0.000000,0.460000,0.690000,-0.000000,0.000000,0.000000,0.000000,0
8,0.160000,1,gripper_l_palm,-0.460000,0.710000,0.000000,-0.460000,0.710000,-0.000000,-0.460000,0.710000,-0.000000,0.000000,0.000000,0.000000,0
8,0.160000,2,gripper_l_finger1,-0.460000,0.690000,0.000000,-0.460000,0.690000,-0.000000,-0.460000,0.690000,-0.000000,0.000000,0.000000,0.000000,0
8,0.160000,3,gripper_l_finger2,-0.460000,0.690000,0.000000,-0.460000,0.690000,-0.000000,-0.460000,0.690000,-0.000000,0.000000,0.000000,0.000000,0
8,0.160000,4,gripper_r_palm,0.460000,0.710000,0.000000,0.460000,0.710000,-0.000000,0.460000,0.710000,-0.000000,0.000000,0.000000,0.000000,0
8,0.160000,5,gripper_r_finger1,0.460000,0.690000,0.000000,0.460000,0.690000,-0.000000,0.460000,0.690000,-0.000000,0.000000,0.000000,0.000000,0
8,0.160000,6,gripper_r_finger2,0.460000,0.690000,0.000000,0.460000,0.690000,-0.000000,0.460000,0.690000,-0.000000,0.000000,0.000000,0.000000,0
9,0.180000,1,gripper_l_palm,-0.460000,0.710000,0.000000,-0.460000,0.710000,-0.000000,-0.460000,0.710000,-0.000000,0.000000,0.000000,0.000000,0
9,0.180000,2,gripper_l_finger1,-0.460000,0.690000,0.000000,-0.460000,0.690000,-0.000000,-0.460000,0.690000,-0.000000,0.000000,0.000000,0.000000,0
9,0.180000,3,gripper_l_finger2,-0.460000,0.690000,0.000000,-0.460000,0.690000,-0.000000,-0.460000,0.690000,-0.000000,0.000000,0.000000,0.000000,0
9,0.180000,4,gripper_r_palm,0.460000,0.710000,0.000000,0.460000,0.710000,-0.000000,0.460000,0.710000,-0.000000,0.000000,0.000000,0.000000,0
9,0.180000,5,gripper_r_finger1,0.460000,0.690000,0.000000,0.460000,0.690000,-0.000000,0.460000,0.690000,-0.000000,0.000000,0.000000,0.000000,0
9,0.180000,6,gripper_r_finger2,0.460000,0.690000,0.000000,0.460000,0.690000,-0.000000,0.460000,0.690000,-0.000000,0.000000,0.000000,0.000000,0
10,0.200000,1,gripper_l_palm,-0.460000,0.710000,0.000000,-0.460000,0.710000,-0.000000,-0.460000,0.710000,-0.000000,0.000000,0.000000,0.000000,0
10,0.200000,2,gripper_l_finger1,-0.460000,0.690000,0.000000,-0.460000,0.690000,-0.000000,-0.460000,0.690000,-0.000000,0.000000,0.000000,0.000000,0
10,0.200000,3,gripper_l_finger2,-0.460000,0.690000,0.000000,-0.460000,0.690000,-0.000000,-0.460000,0.690000,-0.000000,0.000000,0.000000,0.000000,0
10,0.200000,4,gripper_r_palm,0.460000,0.710000,0.000000,0.460000,0.710000,-0.000000,0.460000,0.710000,-0.000000,0.000000,0.000000,0.000000,0
10,0.200000,5,gripper_r_finger1,0.460000,0.690000,0.000000,0.460000,0.690000,-0.000000,0.460000,0.690000,-0.000000,0.000000,0.000000,0.000000,0
10,0.200000,6,gripper_r_finger2,0.460000,0.690000,0.000000,0.460000,0.690000,-0.000000,0.460000,0.690000,-0.000000,0.000000,0.000000,0.000000,0
11,0.220000,1,gripper_l_palm,-0.460000,0.710000,0.000000,-0.460000,0.710000,-0.000000,-0.460000,0.710000,-0.000000,0.000000,0.000000,0.000000,0
11,0.220000,2,gripper_l_finger1,-0.460000,0.690000,0.000000,-0.460000,0.690000,-0.000000,-0.460000,0.690000,-0.000000,0.000000,0.000000,0.000000,0
11,0.220000,3,gripper_l_finger2,-0.460000,0.690000,0.000000,-0.460000,0.690000,-0.000000,-0.460000,0.690000,-0.000000,0.000000,0.000000,0.000000,0
11,0.220000,4,gripper_r_palm,0.460000,0.710000,0.000000,0.460000,0.710000,-0.000000,0.460000,0.710000,-0.000000,0.000000,0.000000,0.000000,0
11,0.220000,5,gripper_r_finger1,0.460000,0.690000,0.000000,0.460000,0.690000,-0.000000,0.460000,0.690000,-0.000000,0.000000,0.000000,0.000000,0
11,0.220000,6,gripper_r_finger2,0.460000,0.690000,0.000000,0.460000,0.690000,-0.000000,0.460000,0.690000,-0.000000,0.000000,0.000000,0.000000,0
12,0.240000,1,gripper_l_palm,-0.460000,0.710000,0.000000,-0.460000,0.710000,-0.000000,-0.460000,0.710000,-0.000000,0.000000,0.000000,0.000000,0
12,0.240000,2,gripper_l_finger1,-0.460000,0.690000,0.000000,-0.460000,0.690000,-0.000000,-0.460000,0.690000,-0.000000,0.000000,0.000000,0.000000,0
12,0.240000,3,gripper_l_finger2,-0.460000,0.690000,0.000000,-0.460000,0.690000,-0.000000,-0.460000,0.690000,-0.000000,0.000000,0.000000,0.000000,0
12,0.240000,4,gripper_r_palm,0.460000,0.710000,0.000000,0.460000,0.710000,-0.000000,0.460000,0.710000,-0.000000,0.000000,0.000000,0.000000,0
12,0.240000,5,gripper_r_finger1,0.460000,0.690000,0.000000,0.460000,0.690000,-0.000000,0.460000,0.690000,-0.000000,0.000000,0.000000,0.000000,0
12,0.240000,6,gripper_r_finger2,0.460000,0.690000,0.000000,0.460000,0.690000,-0.000000,0.460000,0.690000,-0.000000,0.000000,0.000000,0.000000,0
13,0.260000,1,gripper_l_palm,-0.460000,0.710000,0.000000,-0.460000,0.710000,-0.000000,-0.460000,0.710000,-0.000000,0.000000,0.000000,0.000000,0
13,0.260000,2,gripper_l_finger1,-0.460000,0.690000,0.000000,-0.460000,0.690000,-0.000000,-0.460000,0.690000,-0.000000,0.000000,0.000000,0.000000,0
13,0.260000,3,gripper_l_finger2,-0.460000,0.690000,0.000000,-0.460000,0.690000,-0.000000,-0.460000,0.690000,-0.000000,0.000000,0.000000,0.000000,0
13,0.260000,4,gripper_r_palm,0.460000,0.710000,0.000000,0.460000,0.710000,-0.000000,0.460000,0.710000,-0.000000,0.000000,0.000000,0.000000,0
13,0.260000,5,gripper_r_finger1,0.460000,0.690000,0.000000,0.460000,0.690000,-0.000000,0.460000,0.690000,-0.000000,0.000000,0.000000,0.000000,0
13,0.260000,6,gripper_r_finger2,0.460000,0.690000,0.000000,0.460000,0.690000,-0.000000,0.460000,0.690000,-0.000000,0.000000,0.000000,0.000000,0
14,0.280000,1,gripper_l_palm,-0.460000,0.710000,0.000000,-0.460000,0.710000,-0.000000,-0.460000,0.710000,-0.000000,0.000000,0.000000,0.000000,0
14,0.280000,2,gripper_l_finger1,-0.460000,0.690000,0.000000,-0.460000,0.690000,-0.000000,-0.460000,0.690000,-0.000000,0.000000,0.000000,0.000000,0
14,0.280000,3,gripper_l_finger2,-0.460000,0.690000,0.000000,-0.460000,0.690000,-0.000000,-0.460000,0.690000,-0.000000,0.000000,0.000000,0.000000,0
14,0.280000,4,gripper_r_palm,0.460000,0.710000,0.000000,0.460000,0.710000,-0.000000,0.460000,0.710000,-0.000000,0.000000,0.000000,0.000000,0
14,0.280000,5,gripper_r_finger1,0.460000,0.690000,0.000000,0.460000,0.690000,-0.000000,0.460000,0.690000,-0.000000,0.000000,0.000000,0.000000,0
14,0.280000,6,gripper_r_finger2,0.460000,0.690000,0.000000,0.460000,0.690000,-0.000000,0.460000,0.690000,-0.000000,0.000000,0.000000,0.000000,0
15,0.300000,1,gripper_l_palm,-0.460000,0.710000,0.000000,-0.460000,0.710000,-0.000000,-0.460000,0.710000,-0.000000,0.000000,0.000000,0.000000,0
15,0.300000,2,gripper_l_finger1,-0.460000,0.690000,0.000000,-0.460000,0.690000,-0.000000,-0.460000,0.690000,-0.000000,0.000000,0.000000,0.000000,0
15,0.300000,3,gripper_l_finger2,-0.460000,0.690000,0.000000,-0.460000,0.690000,-0.000000,-0.460000,0.690000,-0.000000,0.000000,0.000000,0.000000,0
15,0.300000,4,gripper_r_palm,0.460000,0.710000,0.000000,0.460000,0.710000,-0.000000,0.460000,0.710000,-0.000000,0.000000,0.000000,0.000000,0
15,0.300000,5,gripper_r_finger1,0.460000,0.690000,0.000000,0.460000,0.690000,-0.000000,0.460000,0.690000,-0.000000,0.000000,0.000000,0.000000,0
15,0.300000,6,gripper_r_finger2,0.460000,0.690000,0.000000,0.460000,0.690000,-0.000000,0.460000,0.690000,-0.000000,0.000000,0.000000,0.000000,0
16,0.320000,1,gripper_l_palm,-0.460000,0.710000,0.000000,-0.460000,0.710000,-0.000000,-0.460000,0.710000,-0.000000,0.000000,0.000000,0.000000,0
16,0.320000,2,gripper_l_finger1,-0.460000,0.690000,0.000000,-0.460000,0.690000,-0.000000,-0.460000,0.690000,-0.000000,0.000000,0.000000,0.000000,0
16,0.320000,3,gripper_l_finger2,-0.460000,0.690000,0.000000,-0.460000,0.690000,-0.000000,-0.460000,0.690000,-0.000000,0.000000,0.000000,0.000000,0
16,0.320000,4,gripper_r_palm,0.460000,0.710000,0.000000,0.460000,0.710000,-0.000000,0.460000,0.710000,-0.000000,0.000000,0.000000,0.000000,0
16,0.320000,5,gripper_r_finger1,0.460000,0.690000,0.000000,0.460000,0.690000,-0.000000,0.460000,0.690000,-0.000000,0.000000,0.000000,0.000000,0
16,0.320000,6,gripper_r_finger2,0.460000,0.690000,0.000000,0.460000,0.690000,-0.000000,0.460000,0.690000,-0.000000,0.000000,0.000000,0.000000,0
17,0.340000,1,gripper_l_palm,-0.460000,0.710000,0.000000,-0.460000,0.710000,-0.000000,-0.460000,0.710000,-0.000000,0.000000,0.000000,0.000000,0
17,0.340000,2,gripper_l_finger1,-0.460000,0.690000,0.000000,-0.460000,0.690000,-0.000000,-0.460000,0.690000,-0.000000,0.000000,0.000000,0.000000,0
17,0.340000,3,gripper_l_finger2,-0.460000,0.690000,0.000000,-0.460000,0.690000,-0.000000,-0.460000,0.690000,-0.000000,0.000000,0.000000,0.000000,0
17,0.340000,4,gripper_r_palm,0.460000,0.710000,0.000000,0.460000,0.710000,-0.000000,0.460000,0.710000,-0.000000,0.000000,0.000000,0.000000,0
17,0.340000,5,gripper_r_finger1,0.460000,0.690000,0.000000,0.460000,0.690000,-0.000000,0.460000,0.690000,-0.000000,0.000000,0.000000,0.000000,0
17,0.340000,6,gripper_r_finger2,0.460000,0.690000,0.000000,0.460000,0.690000,-0.000000,0.460000,0.690000,-0.000000,0.000000,0.000000,0.000000,0
18,0.360000,1,gripper_l_palm,-0.460000,0.710000,0.000000,-0.460000,0.710000,-0.000000,-0.460000,0.710000,-0.000000,0.000000,0.000000,0.000000,0
18,0.360000,2,gripper_l_finger1,-0.460000,0.690000,0.000000,-0.460000,0.690000,-0.000000,-0.460000,0.690000,-0.000000,0.000000,0.000000,0.000000,0
18,0.360000,3,gripper_l_finger2,-0.460000,0.690000,0.000000,-0.460000,0.690000,-0.000000,-0.460000,0.690000,-0.000000,0.000000,0.000000,0.000000,0
18,0.360000,4,gripper_r_palm,0.460000,0.710000,0.000000,0.460000,0.710000,-0.000000,0.460000,0.710000,-0.000000,0.000000,0.000000,0.000000,0
18,0.360000,5,gripper_r_finger1,0.460000,0.690000,0.000000,0.460000,0.690000,-0.000000,0.460000,0.690000,-0.000000,0.000000,0.000000,0.000000,0
18,0.360000,6,gripper_r_finger2,0.460000,0.690000,0.000000,0.460000,0.690000,-0.000000,0.460000,0.690000,-0.000000,0.000000,0.000000,0.000000,0
19,0.380000,1,gripper_l_palm,-0.460000,0.710000,0.000000,-0.460000,0.710000,-0.000000,-0.460000,0.710000,-0.000000,0.000000,0.000000,0.000000,0
19,0.380000,2,gripper_l_finger1,-0.460000,0.690000,0.000000,-0.460000,0.690000,-0.000000,-0.460000,0.690000,-0.000000,0.000000,0.000000,0.000000,0
19,0.380000,3,gripper_l_finger2,-0.460000,0.690000,0.000000,-0.460000,0.690000,-0.000000,-0.460000,0.690000,-0.000000,0.000000,0.000000,0.000000,0
19,0.380000,4,gripper_r_palm,0.460000,0.710000,0.000000,0.460000,0.710000,-0.000000,0.460000,0.710000,-0.000000,0.000000,0.000000,0.000000,0
19,0.380000,5,gripper_r_finger1,0.460000,0.690000,0.000000,0.460000,0.690000,-0.000000,0.460000,0.690000,-0.000000,0.000000,0.000000,0.000000,0
19,0.380000,6,gripper_r_finger2,0.460000,0.690000,0.000000,0.460000,0.690000,-0.000000,0.460000,0.690000,-0.000000,0.000000,0.000000,0.000000,0
20,0.400000,1,gripper_l_palm,-0.460000,0.710000,0.000000,-0.460000,0.710000,-0.000000,-0.460000,0.710000,-0.000000,0.000000,0.000000,0.000000,0
20,0.400000,2,gripper_l_finger1,-0.460000,0.690000,0.000000,-0.460000,0.690000,-0.000000,-0.460000,0.690000,-0.000000,0.000000,0.000000,0.000000,0
20,0.400000,3,gripper_l_finger2,-0.460000,0.690000,0.000000,-0.460000,0.690000,-0.000000,-0.460000,0.690000,-0.000000,0.000000,0.000000,0.000000,0
20,0.400000,4,gripper_r_palm,0.460000,0.710000,0.000000,0.460000,0.710000,-0.000000,0.460000,0.710000,-0.000000,0.000000,0.000000,0.000000,0
20,0.400000,5,gripper_r_finger1,0.460000,0.690000,0.000000,0.460000,0.690000,-0.000000,0.460000,0.690000,-0.000000,0.000000,0.000000,0.000000,0
20,0.400000,6,gripper_r_finger2,0.460000,0.690000,0.000000,0.460000,0.690000,-0.000000,0.460000,0.690000,-0.000000,0.000000,0.000000,0.000000,0
21,0.420000,1,gripper_l_palm,-0.460000,0.710000,0.000000,-0.460000,0.710000,-0.000000,-0.460000,0.710000,-0.000000,0.000000,0.000000,0.000000,0
21,0.420000,2,gripper_l_finger1,-0.460000,0.690000,0.000000,-0.460000,0.690000,-0.000000,-0.460000,0.690000,-0.000000,0.000000,0.000000,0.000000,0
21,0.420000,3,gripper_l_finger2,-0.460000,0.690000,0.000000,-0.460000,0.690000,-0.000000,-0.460000,0.690000,-0.000000,0.000000,0.000000,0.000000,0
21,0.420000,4,gripper_r_palm,0.460000,0.710000,0.000000,0.460000,0.710000,-0.000000,0.460000,0.710000,-0.000000,0.000000,0.000000,0.000000,0
21,0.420000,5,gripper_r_finger1,0.460000,0.690000,0.000000,0.460000,0.690000,-0.000000,0.460000,0.690000,-0.000000,0.000000,0.000000,0.000000,0
21,0.420000,6,gripper_r_finger2,0.460000,0.690000,0.000000,0.460000,0.690000,-0.000000,0.460000,0.690000,-0.000000,0.000000,0.000000,0.000000,0
22,0.440000,1,gripper_l_palm,-0.460000,0.710000,0.000000,-0.460000,0.710000,-0.000000,-0.460000,0.710000,-0.000000,0.000000,0.000000,0.000000,0
22,0.440000,2,gripper_l_finger1,-0.460000,0.690000,0.000000,-0.460000,0.690000,-0.000000,-0.460000,0.690000,-0.000000,0.000000,0.000000,0.000000,0
22,0.440000,3,gripper_l_finger2,-0.460000,0.690000,0.000000,-0.460000,0.690000,-0.000000,-0.460000,0.690000,-0.000000,0.000000,0.000000,0.000000,0
22,0.440000,4,gripper_r_palm,0.460000,0.710000,0.000000,0.460000,0.710000,-0.000000,0.460000,0.710000,-0.000000,0.000000,0.000000,0.000000,0
22,0.440000,5,gripper_r_finger1,0.460000,0.690000,0.000000,0.460000,0.690000,-0.000000,0.460000,0.690000,-0.000000,0.000000,0.000000,0.000000,0
22,0.440000,6,gripper_r_finger2,0.460000,0.690000,0.000000,0.460000,0.690000,-0.000000,0.460000,0.690000,-0.000000,0.000000,0.000000,0.000000,0
23,0.460000,1,gripper_l_palm,-0.460000,0.710000,0.000000,-0.460000,0.710000,-0.000000,-0.460000,0.710000,-0.000000,0.000000,0.000000,0.000000,0
23,0.460000,2,gripper_l_finger1,-0.460000,0.690000,0.000000,-0.460000,0.690000,-0.000000,-0.460000,0.690000,-0.000000,0.000000,0.000000,0.000000,0
23,0.460000,3,gripper_l_finger2,-0.460000,0.690000,0.000000,-0.460000,0.690000,-0.000000,-0.460000,0.690000,-0.000000,0.000000,0.000000,0.000000,0
23,0.460000,4,gripper_r_palm,0.460000,0.710000,0.000000,0.460000,0.710000,-0.000000,0.460000,0.710000,-0.000000,0.000000,0.000000,0.000000,0
23,0.460000,5,gripper_r_finger1,0.460000,0.690000,0.000000,0.460000,0.690000,-0.000000,0.460000,0.690000,-0.000000,0.000000,0.000000,0.000000,0
23,0.460000,6,gripper_r_finger2,0.460000,0.690000,0.000000,0.460000,0.690000,-0.000000,0.460000,0.690000,-0.000000,0.000000,0.000000,0.000000,0
24,0.480000,1,gripper_l_palm,-0.460000,0.710000,0.000000,-0.460000,0.710000,-0.000000,-0.460000,0.710000,-0.000000,0.000000,0.000000,0.000000,0
24,0.480000,2,gripper_l_finger1,-0.460000,0.690000,0.000000,-0.460000,0.690000,-0.000000,-0.460000,0.690000,-0.000000,0.000000,0.000000,0.000000,0
24,0.480000,3,gripper_l_finger2,-0.460000,0.690000,0.000000,-0.460000,0.690000,-0.000000,-0.460000,0.690000,-0.000000,0.000000,0.000000,0.000000,0
24,0.480000,4,gripper_r_palm,0.460000,0.710000,0.000000,0.460000,0.710000,-0.000000,0.460000,0.710000,-0.000000,0.000000,0.000000,0.000000,0
24,0.480000,5,gripper_r_finger1,0.460000,0.690000,0.000000,0.460000,0.690000,-0.000000,0.460000,0.690000,-0.000000,0.000000,0.000000,0.000000,0
24,0.480000,6,gripper_r_finger2,0.460000,0.690000,0.000000,0.460000,0.690000,-0.000000,0.460000,0.690000,-0.000000,0.000000,0.000000,0.000000,0
25,0.500000,1,gripper_l_palm,-0.460000,0.710000,0.000000,-0.460000,0.710000,-0.000000,-0.460000,0.710000,-0.000000,0.000000,0.000000,0.000000,0
25,0.500000,2,gripper_l_finger1,-0.460000,0.690000,0.000000,-0.460000,0.690000,-0.000000,-0.460000,0.690000,-0.000000,0.000000,0.000000,0.000000,0
25,0.500000,3,gripper_l_finger2,-0.460000,0.690000,0.000000,-0.460000,0.690000,-0.000000,-0.460000,0.690000,-0.000000,0.000000,0.000000,0.000000,0
25,0.500000,4,gripper_r_palm,0.460000,0.710000,0.000000,0.460000,0.710000,-0.000000,0.460000,0.710000,-0.000000,0.000000,0.000000,0.000000,0
25,0.500000,5,gripper_r_finger1,0.460000,0.690000,0.000000,0.460000,0.690000,-0.000000,0.460000,0.690000,-0.000000,0.000000,0.000000,0.000000,0
25,0.500000,6,gripper_r_finger2,0.460000,0.690000,0.000000,0.460000,0.690000,-0.000000,0.460000,0.690000,-0.000000,0.000000,0.000000,0.000000,0
26,0.520000,1,gripper_l_palm,-0.460000,0.710000,0.000000,-0.460000,0.710000,-0.000000,-0.460000,0.710000,-0.000000,0.000000,0.000000,0.000000,0
26,0.520000,2,gripper_l_finger1,-0.460000,0.690000,0.000000,-0.460000,0.690000,-0.000000,-0.460000,0.690000,-0.000000,0.000000,0.000000,0.000000,0
26,0.520000,3,gripper_l_finger2,-0.460000,0.690000,0.000000,-0.460000,0.690000,-0.000000,-0.460000,0.690000,-0.000000,0.000000,0.000000,0.000000,0
26,0.520000,4,gripper_r_palm,0.460000,0.710000,0.000000,0.460000,0.710000,-0.000000,0.460000,0.710000,-0.000000,0.000000,0.000000,0.000000,0
26,0.520000,5,gripper_r_finger1,0.460000,0.690000,0.000000,0.460000,0.690000,-0.000000,0.460000,0.690000,-0.000000,0.000000,0.000000,0.000000,0
26,0.520000,6,gripper_r_finger2,0.460000,0.690000,0.000000,0.460000,0.690000,-0.000000,0.460000,0.690000,-0.000000,0.000000,0.000000,0.000000,0
27,0.540000,1,gripper_l_palm,-0.460000,0.710000,0.000000,-0.460000,0.710000,-0.000000,-0.460000,0.710000,-0.000000,0.000000,0.000000,0.000000,0
27,0.540000,2,gripper_l_finger1,-0.460000,0.690000,0.000000,-0.460000,0.690000,-0.000000,-0.460000,0.690000,-0.000000,0.000000,0.000000,0.000000,0
27,0.540000,3,gripper_l_finger2,-0.460000,0.690000,0.000000,-0.460000,0.690000,-0.000000,-0.460000,0.690000,-0.000000,0.000000,0.000000,0.000000,0
27,0.540000,4,gripper_r_palm,0.460000,0.710000,0.000000,0.460000,0.710000,-0.000000,0.460000,0.710000,-0.000000,0.000000,0.000000,0.000000,0
27,0.540000,5,gripper_r_finger1,0.460000,0.690000,0.000000,0.460000,0.690000,-0.000000,0.460000,0.690000,-0.000000,0.000000,0.000000,0.000000,0
27,0.540000,6,gripper_r_finger2,0.460000,0.690000,0.000000,0.460000,0.690000,-0.000000,0.460000,0.690000,-0.000000,0.000000,0.000000,0.000000,0
28,0.560000,1,gripper_l_palm,-0.460000,0.710000,0.000000,-0.460000,0.710000,-0.000000,-0.460000,0.710000,-0.000000,0.000000,0.000000,0.000000,0
28,0.560000,2,gripper_l_finger1,-0.460000,0.690000,0.000000,-0.460000,0.690000,-0.000000,-0.460000,0.690000,-0.000000,0.000000,0.000000,0.000000,0
28,0.560000,3,gripper_l_finger2,-0.460000,0.690000,0.000000,-0.460000,0.690000,-0.000000,-0.460000,0.690000,-0.000000,0.000000,0.000000,0.000000,0
28,0.560000,4,gripper_r_palm,0.460000,0.710000,0.000000,0.460000,0.710000,-0.000000,0.460000,0.710000,-0.000000,0.000000,0.000000,0.000000,0
28,0.560000,5,gripper_r_finger1,0.460000,0.690000,0.000000,0.460000,0.690000,-0.000000,0.460000,0.690000,-0.000000,0.000000,0.000000,0.000000,0
28,0.560000,6,gripper_r_finger2,0.460000,0.690000,0.000000,0.460000,0.690000,-0.000000,0.460000,0.690000,-0.000000,0.000000,0.000000,0.000000,0
29,0.580000,1,gripper_l_palm,-0.460000,0.710000,0.000000,-0.460000,0.710000,-0.000000,-0.460000,0.710000,-0.000000,0.000000,0.000000,0.000000,0
29,0.580000,2,gripper_l_finger1,-0.460000,0.690000,0.000000,-0.460000,0.690000,-0.000000,-0.460000,0.690000,-0.000000,0.000000,0.000000,0.000000,0
29,0.580000,3,gripper_l_finger2,-0.460000,0.690000,0.000000,-0.460000,0.690000,-0.000000,-0.460000,0.690000,-0.000000,0.000000,0.000000,0.000000,0
29,0.580000,4,gripper_r_palm,0.460000,0.710000,0.000000,0.460000,0.710000,-0.000000,0.460000,0.710000,-0.000000,0.000000,0.000000,0.000000,0
29,0.580000,5,gripper_r_finger1,0.460000,0.690000,0.000000,0.460000,0.690000,-0.000000,0.460000,0.690000,-0.000000,0.000000,0.000000,0.000000,0
29,0.580000,6,gripper_r_finger2,0.460000,0.690000,0.000000,0.460000,0.690000,-0.000000,0.460000,0.690000,-0.000000,0.000000,0.000000,0.000000,0
30,0.600000,1,gripper_l_palm,-0.460000,0.710000,0.000000,-0.460000,0.710000,-0.000000,-0.460000,0.710000,-0.000000,0.000000,0.000000,0.000000,0
30,0.600000,2,gripper_l_finger1,-0.460000,0.690000,0.000000,-0.460000,0.690000,-0.000000,-0.460000,0.690000,-0.000000,0.000000,0.000000,0.000000,0
30,0.600000,3,gripper_l_finger2,-0.460000,0.690000,0.000000,-0.460000,0.690000,-0.000000,-0.460000,0.690000,-0.000000,0.000000,0.000000,0.000000,0
30,0.600000,4,gripper_r_palm,0.460000,0.710000,0.000000,0.460000,0.710000,-0.000000,0.460000,0.710000,-0.000000,0.000000,0.000000,0.000000,0
30,0.600000,5,gripper_r_finger1,0.460000,0.690000,0.000000,0.460000,0.690000,-0.000000,0.460000,0.690000,-0.000000,0.000000,0.000000,0.000000,0
30,0.600000,6,gripper_r_finger2,0.460000,0.690000,0.000000,0.460000,0.690000,-0.000000,0.460000,0.690000,-0.000000,0.000000,0.000000,0.000000,0
31,0.620000,1,gripper_l_palm,-0.460000,0.710000,0.000000,-0.460000,0.710000,-0.000000,-0.460000,0.710000,-0.000000,0.000000,0.000000,0.000000,0
31,0.620000,2,gripper_l_finger1,-0.460000,0.690000,0.000000,-0.460000,0.690000,-0.000000,-0.460000,0.690000,-0.000000,0.000000,0.000000,0.000000,0
31,0.620000,3,gripper_l_finger2,-0.460000,0.690000,0.000000,-0.460000,0.690000,-0.000000,-0.460000,0.690000,-0.000000,0.000000,0.000000,0.000000,0
31,0.620000,4,gripper_r_palm,0.460000,0.710000,0.000000,0.460000,0.710000,-0.000000,0.460000,0.710000,-0.000000,0.000000,0.000000,0.000000,0
31,0.620000,5,gripper_r_finger1,0.460000,0.690000,0.000000,0.460000,0.690000,-0.000000,0.460000,0.690000,-0.000000,0.000000,0.000000,0.000000,0
31,0.620000,6,gripper_r_finger2,0.460000,0.690000,0.000000,0.460000,0.690000,-0.000000,0.460000,0.690000,-0.000000,0.000000,0.000000,0.000000,0
32,0.640000,1,gripper_l_palm,-0.460000,0.710000,0.000000,-0.460000,0.710000,-0.000000,-0.460000,0.710000,-0.000000,0.000000,0.000000,0.000000,0
32,0.640000,2,gripper_l_finger1,-0.460000,0.690000,0.000000,-0.460000,0.690000,-0.000000,-0.460000,0.690000,-0.000000,0.000000,0.000000,0.000000,0
32,0.640000,3,gripper_l_finger2,-0.460000,0.690000,0.000000,-0.460000,0.690000,-0.000000,-0.460000,0.690000,-0.000000,0.000000,0.000000,0.000000,0
32,0.640000,4,gripper_r_palm,0.460000,0.710000,0.000000,0.460000,0.710000,-0.000000,0.460000,0.710000,-0.000000,0.000000,0.000000,0.000000,0
32,0.640000,5,gripper_r_finger1,0.460000,0.690000,0.000000,0.460000,0.690000,-0.000000,0.460000,0.690000,-0.000000,0.000000,0.000000,0.000000,0
32,0.640000,6,gripper_r_finger2,0.460000,0.690000,0.000000,0.460000,0.690000,-0.000000,0.460000,0.690000,-0.000000,0.000000,0.000000,0.000000,0
33,0.660000,1,gripper_l_palm,-0.460000,0.710000,0.000000,-0.460000,0.710000,-0.000000,-0.460000,0.710000,-0.000000,0.000000,0.000000,0.000000,0
33,0.660000,2,gripper_l_finger1,-0.460000,0.690000,0.000000,-0.460000,0.690000,-0.000000,-0.460000,0.690000,-0.000000,0.000000,0.000000,0.000000,0
33,0.660000,3,gripper_l_finger2,-0.460000,0.690000,0.000000,-0.460000,0.690000,-0.000000,-0.460000,0.690000,-0.000000,0.000000,0.000000,0.000000,0
33,0.660000,4,gripper_r_palm,0.460000,0.710000,0.000000,0.460000,0.710000,-0.000000,0.460000,0.710000,-0.000000,0.000000,0.000000,0.000000,0
33,0.660000,5,gripper_r_finger1,0.460000,0.690000,0.000000,0.460000,0.690000,-0.000000,0.460000,0.690000,-0.000000,0.000000,0.000000,0.000000,0
33,0.660000,6,gripper_r_finger2,0.460000,0.690000,0.000000,0.460000,0.690000,-0.000000,0.460000,0.690000,-0.000000,0.000000,0.000000,0.000000,0
34,0.680000,1,gripper_l_palm,-0.460000,0.710000,0.000000,-0.460000,0.710000,-0.000000,-0.460000,0.710000,-0.000000,0.000000,0.000000,0.000000,0
34,0.680000,2,gripper_l_finger1,-0.460000,0.690000,0.000000,-0.460000,0.690000,-0.000000,-0.460000,0.690000,-0.000000,0.000000,0.000000,0.000000,0
34,0.680000,3,gripper_l_finger2,-0.460000,0.690000,0.000000,-0.460000,0.690000,-0.000000,-0.460000,0.690000,-0.000000,0.000000,0.000000,0.000000,0
34,0.680000,4,gripper_r_palm,0.460000,0.710000,0.000000,0.460000,0.710000,-0.000000,0.460000,0.710000,-0.000000,0.000000,0.000000,0.000000,0
34,0.680000,5,gripper_r_finger1,0.460000,0.690000,0.000000,0.460000,0.690000,-0.000000,0.460000,0.690000,-0.000000,0.000000,0.000000,0.000000,0
34,0.680000,6,gripper_r_finger2,0.460000,0.690000,0.000000,0.460000,0.690000,-0.000000,0.460000,0.690000,-0.000000,0.000000,0.000000,0.000000,0
35,0.700000,1,gripper_l_palm,-0.460000,0.710000,0.000000,-0.460000,0.710000,-0.000000,-0.460000,0.710000,-0.000000,0.000000,0.000000,0.000000,0
35,0.700000,2,gripper_l_finger1,-0.460000,0.690000,0.000000,-0.460000,0.690000,-0.000000,-0.460000,0.690000,-0.000000,0.000000,0.000000,0.000000,0
35,0.700000,3,gripper_l_finger2,-0.460000,0.690000,0.000000,-0.460000,0.690000,-0.000000,-0.460000,0.690000,-0.000000,0.000000,0.000000,0.000000,0
35,0.700000,4,gripper_r_palm,0.460000,0.710000,0.000000,0.460000,0.710000,-0.000000,0.460000,0.710000,-0.000000,0.000000,0.000000,0.000000,0
35,0.700000,5,gripper_r_finger1,0.460000,0.690000,0.000000,0.460000,0.690000,-0.000000,0.460000,0.690000,-0.000000,0.000000,0.000000,0.000000,0
35,0.700000,6,gripper_r_finger2,0.460000,0.690000,0.000000,0.460000,0.690000,-0.000000,0.460000,0.690000,-0.000000,0.000000,0.000000,0.000000,0
36,0.720000,1,gripper_l_palm,-0.460000,0.710000,0.000000,-0.460000,0.710000,-0.000000,-0.460000,0.710000,-0.000000,0.000000,0.000000,0.000000,0
36,0.720000,2,gripper_l_finger1,-0.460000,0.690000,0.000000,-0.460000,0.690000,-0.000000,-0.460000,0.690000,-0.000000,0.000000,0.000000,0.000000,0
36,0.720000,3,gripper_l_finger2,-0.460000,0.690000,0.000000,-0.460000,0.690000,-0.000000,-0.460000,0.690000,-0.000000,0.000000,0.000000,0.000000,0
36,0.720000,4,gripper_r_palm,0.460000,0.710000,0.000000,0.460000,0.710000,-0.000000,0.460000,0.710000,-0.000000,0.000000,0.000000,0.000000,0
36,0.720000,5,gripper_r_finger1,0.460000,0.690000,0.000000,0.460000,0.690000,-0.000000,0.460000,0.690000,-0.000000,0.000000,0.000000,0.000000,0
36,0.720000,6,gripper_r_finger2,0.460000,0.690000,0.000000,0.460000,0.690000,-0.000000,0.460000,0.690000,-0.000000,0.000000,0.000000,0.000000,0
37,0.740000,1,gripper_l_palm,-0.460000,0.710000,0.000000,-0.460000,0.710000,-0.000000,-0.460000,0.710000,-0.000000,0.000000,0.000000,0.000000,0
37,0.740000,2,gripper_l_finger1,-0.460000,0.690000,0.000000,-0.460000,0.690000,-0.000000,-0.460000,0.690000,-0.000000,0.000000,0.000000,0.000000,0
37,0.740000,3,gripper_l_finger2,-0.460000,0.690000,0.000000,-0.460000,0.690000,-0.000000,-0.460000,0.690000,-0.000000,0.000000,0.000000,0.000000,0
37,0.740000,4,gripper_r_palm,0.460000,0.710000,0.000000,0.460000,0.710000,-0.000000,0.460000,0.710000,-0.000000,0.000000,0.000000,0.000000,0
37,0.740000,5,gripper_r_finger1,0.460000,0.690000,0.000000,0.460000,0.690000,-0.000000,0.460000,0.690000,-0.000000,0.000000,0.000000,0.000000,0
37,0.740000,6,gripper_r_finger2,0.460000,0.690000,0.000000,0.460000,0.690000,-0.000000,0.460000,0.690000,-0.000000,0.000000,0.000000,0.000000,0
38,0.760000,1,gripper_l_palm,-0.460000,0.710000,0.000000,-0.460000,0.710000,-0.000000,-0.460000,0.710000,-0.000000,0.000000,0.000000,0.000000,0
38,0.760000,2,gripper_l_finger1,-0.460000,0.690000,0.000000,-0.460000,0.690000,-0.000000,-0.460000,0.690000,-0.000000,0.000000,0.000000,0.000000,0
38,0.760000,3,gripper_l_finger2,-0.460000,0.690000,0.000000,-0.460000,0.690000,-0.000000,-0.460000,0.690000,-0.000000,0.000000,0.000000,0.000000,0
38,0.760000,4,gripper_r_palm,0.460000,0.710000,0.000000,0.460000,0.710000,-0.000000,0.460000,0.710000,-0.000000,0.000000,0.000000,0.000000,0
38,0.760000,5,gripper_r_finger1,0.460000,0.690000,0.000000,0.460000,0.690000,-0.000000,0.460000,0.690000,-0.000000,0.000000,0.000000,0.000000,0
38,0.760000,6,gripper_r_finger2,0.460000,0.690000,0.000000,0.460000,0.690000,-0.000000,0.460000,0.690000,-0.000000,0.000000,0.000000,0.000000,0
39,0.780000,1,gripper_l_palm,-0.460000,0.710000,0.000000,-0.460000,0.710000,-0.000000,-0.460000,0.710000,-0.000000,0.000000,0.000000,0.000000,0
39,0.780000,2,gripper_l_finger1,-0.460000,0.690000,0.000000,-0.460000,0.690000,-0.000000,-0.460000,0.690000,-0.000000,0.000000,0.000000,0.000000,0
39,0.780000,3,gripper_l_finger2,-0.460000,0.690000,0.000000,-0.460000,0.690000,-0.000000,-0.460000,0.690000,-0.000000,0.000000,0.000000,0.000000,0
39,0.780000,4,gripper_r_palm,0.460000,0.710000,0.000000,0.460000,0.710000,-0.000000,0.460000,0.710000,-0.000000,0.000000,0.000000,0.000000,0
39,0.780000,5,gripper_r_finger1,0.460000,0.690000,0.000000,0.460000,0.690000,-0.000000,0.460000,0.690000,-0.000000,0.000000,0.000000,0.000000,0
39,0.780000,6,gripper_r_finger2,0.460000,0.690000,0.000000,0.460000,0.690000,-0.000000,0.460000,0.690000,-0.000000,0.000000,0.000000,0.000000,0
40,0.800000,1,gripper_l_palm,-0.460000,0.710000,0.000000,-0.460000,0.710000,-0.000000,-0.460000,0.710000,-0.000000,0.000000,0.000000,0.000000,0
40,0.800000,2,gripper_l_finger1,-0.460000,0.690000,0.000000,-0.460000,0.690000,-0.000000,-0.460000,0.690000,-0.000000,0.000000,0.000000,0.000000,0
40,0.800000,3,gripper_l_finger2,-0.460000,0.690000,0.000000,-0.460000,0.690000,-0.000000,-0.460000,0.690000,-0.000000,0.000000,0.000000,0.000000,0
40,0.800000,4,gripper_r_palm,0.460000,0.710000,0.000000,0.460000,0.710000,-0.000000,0.460000,0.710000,-0.000000,0.000000,0.000000,0.000000,0
40,0.800000,5,gripper_r_finger1,0.460000,0.690000,0.000000,0.460000,0.690000,-0.000000,0.460000,0.690000,-0.000000,0.000000,0.000000,0.000000,0
40,0.800000,6,gripper_r_finger2,0.460000,0.690000,0.000000,0.460000,0.690000,-0.000000,0.460000,0.690000,-0.000000,0.000000,0.000000,0.000000,0
41,0.820000,1,gripper_l_palm,-0.460000,0.710000,0.000000,-0.460000,0.710000,-0.000000,-0.460000,0.710000,-0.000000,0.000000,0.000000,0.000000,0
41,0.820000,2,gripper_l_finger1,-0.460000,0.690000,0.000000,-0.460000,0.690000,-0.000000,-0.460000,0.690000,-0.000000,0.000000,0.000000,0.000000,0
41,0.820000,3,gripper_l_finger2,-0.460000,0.690000,0.000000,-0.460000,0.690000,-0.000000,-0.460000,0.690000,-0.000000,0.000000,0.000000,0.000000,0
41,0.820000,4,gripper_r_palm,0.460000,0.710000,0.000000,0.460000,0.710000,-0.000000,0.460000,0.710000,-0.000000,0.000000,0.000000,0.000000,0
41,0.820000,5,gripper_r_finger1,0.460000,0.690000,0.000000,0.460000,0.690000,-0.000000,0.460000,0.690000,-0.000000,0.000000,0.000000,0.000000,0
41,0.820000,6,gripper_r_finger2,0.460000,0.690000,0.000000,0.460000,0.690000,-0.000000,0.460000,0.690000,-0.000000,0.000000,0.000000,0.000000,0
42,0.840000,1,gripper_l_palm,-0.460000,0.710000,0.000000,-0.460000,0.710000,-0.000000,-0.460000,0.710000,-0.000000,0.000000,0.000000,0.000000,0
42,0.840000,2,gripper_l_finger1,-0.460000,0.690000,0.000000,-0.460000,0.690000,-0.000000,-0.460000,0.690000,-0.000000,0.000000,0.000000,0.000000,0
42,0.840000,3,gripper_l_finger2,-0.460000,0.690000,0.000000,-0.460000,0.690000,-0.000000,-0.460000,0.690000,-0.000000,0.000000,0.000000,0.000000,0
42,0.840000,4,gripper_r_palm,0.460000,0.710000,0.000000,0.460000,0.710000,-0.000000,0.460000,0.710000,-0.000000,0.000000,0.000000,0.000000,0
42,0.840000,5,gripper_r_finger1,0.460000,0.690000,0.000000,0.460000,0.690000,-0.000000,0.460000,0.690000,-0.000000,0.000000,0.000000,0.000000,0
42,0.840000,6,gripper_r_finger2,0.460000,0.690000,0.000000,0.460000,0.690000,-0.000000,0.460000,0.690000,-0.000000,0.000000,0.000000,0.000000,0
43,0.860000,1,gripper_l_palm,-0.460000,0.710000,0.000000,-0.460000,0.710000,-0.000000,-0.460000,0.710000,-0.000000,0.000000,0.000000,0.000000,0
43,0.860000,2,gripper_l_finger1,-0.460000,0.690000,0.000000,-0.460000,0.690000,-0.000000,-0.460000,0.690000,-0.000000,0.000000,0.000000,0.000000,0
43,0.860000,3,gripper_l_finger2,-0.460000,0.690000,0.000000,-0.460000,0.690000,-0.000000,-0.460000,0.690000,-0.000000,0.000000,0.000000,0.000000,0
43,0.860000,4,gripper_r_palm,0.460000,0.710000,0.000000,0.460000,0.710000,-0.000000,0.460000,0.710000,-0.000000,0.000000,0.000000,0.000000,0
43,0.860000,5,gripper_r_finger1,0.460000,0.690000,0.000000,0.460000,0.690000,-0.000000,0.460000,0.690000,-0.000000,0.000000,0.000000,0.000000,0
43,0.860000,6,gripper_r_finger2,0.460000,0.690000,0.000000,0.460000,0.690000,-0.000000,0.460000,0.690000,-0.000000,0.000000,0.000000,0.000000,0
44,0.880000,1,gripper_l_palm,-0.460000,0.710000,0.000000,-0.460000,0.710000,-0.000000,-0.460000,0.710000,-0.000000,0.000000,0.000000,0.000000,0
44,0.880000,2,gripper_l_finger1,-0.460000,0.690000,0.000000,-0.460000,0.690000,-0.000000,-0.460000,0.690000,-0.000000,0.000000,0.000000,0.000000,0
44,0.880000,3,gripper_l_finger2,-0.460000,0.690000,0.000000,-0.460000,0.690000,-0.000000,-0.460000,0.690000,-0.000000,0.000000,0.000000,0.000000,0
44,0.880000,4,gripper_r_palm,0.460000,0.710000,0.000000,0.460000,0.710000,-0.000000,0.460000,0.710000,-0.000000,0.000000,0.000000,0.000000,0
44,0.880000,5,gripper_r_finger1,0.460000,0.690000,0.000000,0.460000,0.690000,-0.000000,0.460000,0.690000,-0.000000,0.000000,0.000000,0.000000,0
44,0.880000,6,gripper_r_finger2,0.460000,0.690000,0.000000,0.460000,0.690000,-0.000000,0.460000,0.690000,-0.000000,0.000000,0.000000,0.000000,0
45,0.900000,1,gripper_l_palm,-0.460000,0.710000,0.000000,-0.460000,0.710000,-0.000000,-0.460000,0.710000,-0.000000,0.000000,0.000000,0.000000,0
45,0.900000,2,gripper_l_finger1,-0.460000,0.690000,0.000000,-0.460000,0.690000,-0.000000,-0.460000,0.690000,-0.000000,0.000000,0.000000,0.000000,0
45,0.900000,3,gripper_l_finger2,-0.460000,0.690000,0.000000,-0.460000,0.690000,-0.000000,-0.460000,0.690000,-0.000000,0.000000,0.000000,0.000000,0
45,0.900000,4,gripper_r_palm,0.460000,0.710000,0.000000,0.460000,0.710000,-0.000000,0.460000,0.710000,-0.000000,0.000000,0.000000,0.000000,0
45,0.900000,5,gripper_r_finger1,0.460000,0.690000,0.000000,0.460000,0.690000,-0.000000,0.460000,0.690000,-0.000000,0.000000,0.000000,0.000000,0
45,0.900000,6,gripper_r_finger2,0.460000,0.690000,0.000000,0.460000,0.690000,-0.000000,0.460000,0.690000,-0.000000,0.000000,0.000000,0.000000,0
46,0.920000,1,gripper_l_palm,-0.460000,0.710000,0.000000,-0.460000,0.710000,-0.000000,-0.460000,0.710000,-0.000000,0.000000,0.000000,0.000000,0
46,0.920000,2,gripper_l_finger1,-0.460000,0.690000,0.000000,-0.460000,0.690000,-0.000000,-0.460000,0.690000,-0.000000,0.000000,0.000000,0.000000,0
46,0.920000,3,gripper_l_finger2,-0.460000,0.690000,0.000000,-0.460000,0.690000,-0.000000,-0.460000,0.690000,-0.000000,0.000000,0.000000,0.000000,0
46,0.920000,4,gripper_r_palm,0.460000,0.710000,0.000000,0.460000,0.710000,-0.000000,0.460000,0.710000,-0.000000,0.000000,0.000000,0.000000,0
46,0.920000,5,gripper_r_finger1,0.460000,0.690000,0.000000,0.460000,0.690000,-0.000000,0.460000,0.690000,-0.000000,0.000000,0.000000,0.000000,0
46,0.920000,6,gripper_r_finger2,0.460000,0.690000,0.000000,0.460000,0.690000,-0.000000,0.460000,0.690000,-0.000000,0.000000,0.000000,0.000000,0
47,0.940000,1,gripper_l_palm,-0.460000,0.710000,0.000000,-0.460000,0.710000,-0.000000,-0.460000,0.710000,-0.000000,0.000000,0.000000,0.000000,0
47,0.940000,2,gripper_l_finger1,-0.460000,0.690000,0.000000,-0.460000,0.690000,-0.000000,-0.460000,0.690000,-0.000000,0.000000,0.000000,0.000000,0
47,0.940000,3,gripper_l_finger2,-0.460000,0.690000,0.000000,-0.460000,0.690000,-0.000000,-0.460000,0.690000,-0.000000,0.000000,0.000000,0.000000,0
47,0.940000,4,gripper_r_palm,0.460000,0.710000,0.000000,0.460000,0.710000,-0.000000,0.460000,0.710000,-0.000000,0.000000,0.000000,0.000000,0
47,0.940000,5,gripper_r_finger1,0.460000,0.690000,0.000000,0.460000,0.690000,-0.000000,0.460000,0.690000,-0.000000,0.000000,0.000000,0.000000,0
47,0.940000,6,gripper_r_finger2,0.460000,0.690000,0.000000,0.460000,0.690000,-0.000000,0.460000,0.690000,-0.000000,0.000000,0.000000,0.000000,0
48,0.960000,1,gripper_l_palm,-0.460000,0.710000,0.000000,-0.460000,0.710000,-0.000000,-0.460000,0.710000,-0.000000,0.000000,0.000000,0.000000,0
48,0.960000,2,gripper_l_finger1,-0.460000,0.690000,0.000000,-0.460000,0.690000,-0.000000,-0.460000,0.690000,-0.000000,0.000000,0.000000,0.000000,0
48,0.960000,3,gripper_l_finger2,-0.460000,0.690000,0.000000,-0.460000,0.690000,-0.000000,-0.460000,0.690000,-0.000000,0.000000,0.000000,0.000000,0
48,0.960000,4,gripper_r_palm,0.460000,0.710000,0.000000,0.460000,0.710000,-0.000000,0.460000,0.710000,-0.000000,0.000000,0.000000,0.000000,0
48,0.960000,5,gripper_r_finger1,0.460000,0.690000,0.000000,0.460000,0.690000,-0.000000,0.460000,0.690000,-0.000000,0.000000,0.000000,0.000000,0
48,0.960000,6,gripper_r_finger2,0.460000,0.690000,0.000000,0.460000,0.690000,-0.000000,0.460000,0.690000,-0.000000,0.000000,0.000000,0.000000,0
49,0.980000,1,gripper_l_palm,-0.460000,0.710000,0.000000,-0.460000,0.710000,-0.000000,-0.460000,0.710000,-0.000000,0.000000,0.000000,0.000000,0
49,0.980000,2,gripper_l_finger1,-0.460000,0.690000,0.000000,-0.460000,0.690000,-0.000000,-0.460000,0.690000,-0.000000,0.000000,0.000000,0.000000,0
49,0.980000,3,gripper_l_finger2,-0.460000,0.690000,0.000000,-0.460000,0.690000,-0.000000,-0.460000,0.690000,-0.000000,0.000000,0.000000,0.000000,0
49,0.980000,4,gripper_r_palm,0.460000,0.710000,0.000000,0.460000,0.710000,-0.000000,0.460000,0.710000,-0.000000,0.000000,0.000000,0.000000,0
49,0.980000,5,gripper_r_finger1,0.460000,0.690000,0.000000,0.460000,0.690000,-0.000000,0.460000,0.690000,-0.000000,0.000000,0.000000,0.000000,0
49,0.980000,6,gripper_r_finger2,0.460000,0.690000,0.000000,0.460000,0.690000,-0.000000,0.460000,0.690000,-0.000000,0.000000,0.000000,0.000000,0
50,1.000000,1,gripper_l_palm,-0.460000,0.710000,0.000000,-0.460000,0.710000,-0.000000,-0.460000,0.710000,-0.000000,0.000000,0.000000,0.000000,0
50,1.000000,2,gripper_l_finger1,-0.460000,0.690000,0.000000,-0.460000,0.690000,-0.000000,-0.460000,0.690000,-0.000000,0.000000,0.000000,0.000000,0
50,1.000000,3,gripper_l_finger2,-0.460000,0.690000,0.000000,-0.460000,0.690000,-0.000000,-0.460000,0.690000,-0.000000,0.000000,0.000000,0.000000,0
50,1.000000,4,gripper_r_palm,0.460000,0.710000,0.000000,0.460000,0.710000,-0.000000,0.460000,0.710000,-0.000000,0.000000,0.000000,0.000000,0
50,1.000000,5,gripper_r_finger1,0.460000,0.690000,0.000000,0.460000,0.690000,-0.000000,0.460000,0.690000,-0.000000,0.000000,0.000000,0.000000,0
50,1.000000,6,gripper_r_finger2,0.460000,0.690000,0.000000,0.460000,0.690000,-0.000000,0.460000,0.690000,-0.000000,0.000000,0.000000,0.000000,0
51,1.020000,1,gripper_l_palm,-0.460000,0.710000,0.000000,-0.460000,0.710000,-0.000000,-0.460000,0.710000,-0.000000,0.000000,0.000000,0.000000,0
51,1.020000,2,gripper_l_finger1,-0.460000,0.690000,0.000000,-0.460000,0.690000,-0.000000,-0.460000,0.690000,-0.000000,0.000000,0.000000,0.000000,0
51,1.020000,3,gripper_l_finger2,-0.460000,0.690000,0.000000,-0.460000,0.690000,-0.000000,-0.460000,0.690000,-0.000000,0.000000,0.000000,0.000000,0
51,1.020000,4,gripper_r_palm,0.460000,0.710000,0.000000,0.460000,0.710000,-0.000000,0.460000,0.710000,-0.000000,0.000000,0.000000,0.000000,0
51,1.020000,5,gripper_r_finger1,0.460000,0.690000,0.000000,0.460000,0.690000,-0.000000,0.460000,0.690000,-0.000000,0.000000,0.000000,0.000000,0
51,1.020000,6,gripper_r_finger2,0.460000,0.690000,0.000000,0.460000,0.690000,-0.000000,0.460000,0.690000,-0.000000,0.000000,0.000000,0.000000,0
52,1.040000,1,gripper_l_palm,-0.460000,0.710000,0.000000,-0.460000,0.710000,-0.000000,-0.460000,0.710000,-0.000000,0.000000,0.000000,0.000000,0
52,1.040000,2,gripper_l_finger1,-0.460000,0.690000,0.000000,-0.460000,0.690000,-0.000000,-0.460000,0.690000,-0.000000,0.000000,0.000000,0.000000,0
52,1.040000,3,gripper_l_finger2,-0.460000,0.690000,0.000000,-0.460000,0.690000,-0.000000,-0.460000,0.690000,-0.000000,0.000000,0.000000,0.000000,0
52,1.040000,4,gripper_r_palm,0.460000,0.710000,0.000000,0.460000,0.710000,-0.000000,0.460000,0.710000,-0.000000,0.000000,0.000000,0.000000,0
52,1.040000,5,gripper_r_finger1,0.460000,0.690000,0.000000,0.460000,0.690000,-0.000000,0.460000,0.690000,-0.000000,0.000000,0.000000,0.000000,0
52,1.040000,6,gripper_r_finger2,0.460000,0.690000,0.000000,0.460000,0.690000,-0.000000,0.460000,0.690000,-0.000000,0.000000,0.000000,0.000000,0
53,1.060000,1,gripper_l_palm,-0.460000,0.710000,0.000000,-0.460000,0.710000,-0.000000,-0.460000,0.710000,-0.000000,0.000000,0.000000,0.000000,0
53,1.060000,2,gripper_l_finger1,-0.460000,0.690000,0.000000,-0.460000,0.690000,-0.000000,-0.460000,0.690000,-0.000000,0.000000,0.000000,0.000000,0
53,1.060000,3,gripper_l_finger2,-0.460000,0.690000,0.000000,-0.460000,0.690000,-0.000000,-0.460000,0.690000,-0.000000,0.000000,0.000000,0.000000,0
53,1.060000,4,gripper_r_palm,0.460000,0.710000,0.000000,0.460000,0.710000,-0.000000,0.460000,0.710000,-0.000000,0.000000,0.000000,0.000000,0
53,1.060000,5,gripper_r_finger1,0.460000,0.690000,0.000000,0.460000,0.690000,-0.000000,0.460000,0.690000,-0.000000,0.000000,0.000000,0.000000,0
53,1.060000,6,gripper_r_finger2,0.460000,0.690000,0.000000,0.460000,0.690000,-0.000000,0.460000,0.690000,-0.000000,0.000000,0.000000,0.000000,0
54,1.080000,1,gripper_l_palm,-0.460000,0.710000,0.000000,-0.460000,0.710000,-0.000000,-0.460000,0.710000,-0.000000,0.000000,0.000000,0.000000,0
54,1.080000,2,gripper_l_finger1,-0.460000,0.690000,0.000000,-0.460000,0.690000,-0.000000,-0.460000,0.690000,-0.000000,0.000000,0.000000,0.000000,0
54,1.080000,3,gripper_l_finger2,-0.460000,0.690000,0.000000,-0.460000,0.690000,-0.000000,-0.460000,0.690000,-0.000000,0.000000,0.000000,0.000000,0
54,1.080000,4,gripper_r_palm,0.460000,0.710000,0.000000,0.460000,0.710000,-0.000000,0.460000,0.710000,-0.000000,0.000000,0.000000,0.000000,0
54,1.080000,5,gripper_r_finger1,0.460000,0.690000,0.000000,0.460000,0.690000,-0.000000,0.460000,0.690000,-0.000000,0.000000,0.000000,0.000000,0
54,1.080000,6,gripper_r_finger2,0.460000,0.690000,0.000000,0.460000,0.690000,-0.000000,0.460000,0.690000,-0.000000,0.000000,0.000000,0.000000,0
55,1.100000,1,gripper_l_palm,-0.460000,0.710000,0.000000,-0.460000,0.710000,-0.000000,-0.460000,0.710000,-0.000000,0.000000,0.000000,0.000000,0
55,1.100000,2,gripper_l_finger1,-0.460000,0.690000,0.000000,-0.460000,0.690000,-0.000000,-0.460000,0.690000,-0.000000,0.000000,0.000000,0.000000,0
55,1.100000,3,gripper_l_finger2,-0.460000,0.690000,0.000000,-0.460000,0.690000,-0.000000,-0.460000,0.690000,-0.000000,0.000000,0.000000,0.000000,0
55,1.100000,4,gripper_r_palm,0.460000,0.710000,0.000000,0.460000,0.710000,-0.000000,0.460000,0.710000,-0.000000,0.000000,0.000000,0.000000,0
55,1.100000,5,gripper_r_finger1,0.460000,0.690000,0.000000,0.460000,0.690000,-0.000000,0.460000,0.690000,-0.000000,0.000000,0.000000,0.000000,0
55,1.100000,6,gripper_r_finger2,0.460000,0.690000,0.000000,0.460000,0.690000,-0.000000,0.460000,0.690000,-0.000000,0.000000,0.000000,0.000000,0
56,1.120000,1,gripper_l_palm,-0.460000,0.710000,0.000000,-0.460000,0.710000,-0.000000,-0.460000,0.710000,-0.000000,0.000000,0.000000,0.000000,0
56,1.120000,2,gripper_l_finger1,-0.460000,0.690000,0.000000,-0.460000,0.690000,-0.000000,-0.460000,0.690000,-0.000000,0.000000,0.000000,0.000000,0
56,1.120000,3,gripper_l_finger2,-0.460000,0.690000,0.000000,-0.460000,0.690000,-0.000000,-0.460000,0.690000,-0.000000,0.000000,0.000000,0.000000,0
56,1.120000,4,gripper_r_palm,0.460000,0.710000,0.000000,0.460000,0.710000,-0.000000,0.460000,0.710000,-0.000000,0.000000,0.000000,0.000000,0
56,1.120000,5,gripper_r_finger1,0.460000,0.690000,0.000000,0.460000,0.690000,-0.000000,0.460000,0.690000,-0.000000,0.000000,0.000000,0.000000,0
56,1.120000,6,gripper_r_finger2,0.460000,0.690000,0.000000,0.460000,0.690000,-0.000000,0.460000,0.690000,-0.000000,0.000000,0.000000,0.000000,0
57,1.140000,1,gripper_l_palm,-0.460000,0.710000,0.000000,-0.460000,0.710000,-0.000000,-0.460000,0.710000,-0.000000,0.000000,0.000000,0.000000,0
57,1.140000,2,gripper_l_finger1,-0.460000,0.690000,0.000000,-0.460000,0.690000,-0.000000,-0.460000,0.690000,-0.000000,0.000000,0.000000,0.000000,0
57,1.140000,3,gripper_l_finger2,-0.460000,0.690000,0.000000,-0.460000,0.690000,-0.000000,-0.460000,0.690000,-0.000000,0.000000,0.000000,0.000000,0
57,1.140000,4,gripper_r_palm,0.460000,0.710000,0.000000,0.460000,0.710000,-0.000000,0.460000,0.710000,-0.000000,0.000000,0.000000,0.000000,0
57,1.140000,5,gripper_r_finger1,0.460000,0.690000,0.000000,0.460000,0.690000,-0.000000,0.460000,0.690000,-0.000000,0.000000,0.000000,0.000000,0
57,1.140000,6,gripper_r_finger2,0.460000,0.690000,0.000000,0.460000,0.690000,-0.000000,0.460000,0.690000,-0.000000,0.000000,0.000000,0.000000,0
58,1.160000,1,gripper_l_palm,-0.460000,0.710000,0.000000,-0.460000,0.710000,-0.000000,-0.460000,0.710000,-0.000000,0.000000,0.000000,0.000000,0
58,1.160000,2,gripper_l_finger1,-0.460000,0.690000,0.000000,-0.460000,0.690000,-0.000000,-0.460000,0.690000,-0.000000,0.000000,0.000000,0.000000,0
58,1.160000,3,gripper_l_finger2,-0.460000,0.690000,0.000000,-0.460000,0.690000,-0.000000,-0.460000,0.690000,-0.000000,0.000000,0.000000,0.000000,0
58,1.160000,4,gripper_r_palm,0.460000,0.710000,0.000000,0.460000,0.710000,-0.000000,0.460000,0.710000,-0.000000,0.000000,0.000000,0.000000,0
58,1.160000,5,gripper_r_finger1,0.460000,0.690000,0.000000,0.460000,0.690000,-0.000000,0.460000,0.690000,-0.000000,0.000000,0.000000,0.000000,0
58,1.160000,6,gripper_r_finger2,0.460000,0.690000,0.000000,0.460000,0.690000,-0.000000,0.460000,0.690000,-0.000000,0.000000,0.000000,0.000000,0
59,1.180000,1,gripper_l_palm,-0.460000,0.710000,0.000000,-0.460000,0.710000,-0.000000,-0.460000,0.710000,-0.000000,0.000000,0.000000,0.000000,0
59,1.180000,2,gripper_l_finger1,-0.460000,0.690000,0.000000,-0.460000,0.690000,-0.000000,-0.460000,0.690000,-0.000000,0.000000,0.000000,0.000000,0
59,1.180000,3,gripper_l_finger2,-0.460000,0.690000,0.000000,-0.460000,0.690000,-0.000000,-0.460000,0.690000,-0.000000,0.000000,0.000000,0.000000,0
59,1.180000,4,gripper_r_palm,0.460000,0.710000,0.000000,0.460000,0.710000,-0.000000,0.460000,0.710000,-0.000000,0.000000,0.000000,0.000000,0
59,1.180000,5,gripper_r_finger1,0.460000,0.690000,0.000000,0.460000,0.690000,-0.000000,0.460000,0.690000,-0.000000,0.000000,0.000000,0.000000,0
59,1.180000,6,gripper_r_finger2,0.460000,0.690000,0.000000,0.460000,0.690000,-0.000000,0.460000,0.690000,-0.000000,0.000000,0.000000,0.000000,0
60,1.200000,1,gripper_l_palm,-0.460000,0.710000,0.000000,-0.460000,0.710000,-0.000000,-0.460000,0.710000,-0.000000,0.000000,0.000000,0.000000,0
60,1.200000,2,gripper_l_finger1,-0.460000,0.690000,0.000000,-0.460000,0.690000,-0.000000,-0.460000,0.690000,-0.000000,0.000000,0.000000,0.000000,0
60,1.200000,3,gripper_l_finger2,-0.460000,0.690000,0.000000,-0.460000,0.690000,-0.000000,-0.460000,0.690000,-0.000000,0.000000,0.000000,0.000000,0
60,1.200000,4,gripper_r_palm,0.460000,0.710000,0.000000,0.460000,0.710000,-0.000000,0.460000,0.710000,-0.000000,0.000000,0.000000,0.000000,0
60,1.200000,5,gripper_r_finger1,0.460000,0.690000,0.000000,0.460000,0.690000,-0.000000,0.460000,0.690000,-0.000000,0.000000,0.000000,0.000000,0
60,1.200000,6,gripper_r_finger2,0.460000,0.690000,0.000000,0.460000,0.690000,-0.000000,0.460000,0.690000,-0.000000,0.000000,0.000000,0.000000,0
61,1.220000,1,gripper_l_palm,-0.460000,0.710000,0.000000,-0.460000,0.710000,-0.000000,-0.460000,0.710000,-0.000000,0.000000,0.000000,0.000000,0
61,1.220000,2,gripper_l_finger1,-0.460000,0.690000,0.000000,-0.460000,0.690000,-0.000000,-0.460000,0.690000,-0.000000,0.000000,0.000000,0.000000,0
61,1.220000,3,gripper_l_finger2,-0.460000,0.690000,0.000000,-0.460000,0.690000,-0.000000,-0.460000,0.690000,-0.000000,0.000000,0.000000,0.000000,0
61,1.220000,4,gripper_r_palm,0.460000,0.710000,0.000000,0.460000,0.710000,-0.000000,0.460000,0.710000,-0.000000,0.000000,0.000000,0.000000,0
61,1.220000,5,gripper_r_finger1,0.460000,0.690000,0.000000,0.460000,0.690000,-0.000000,0.460000,0.690000,-0.000000,0.000000,0.000000,0.000000,0
61,1.220000,6,gripper_r_finger2,0.460000,0.690000,0.000000,0.460000,0.690000,-0.000000,0.460000,0.690000,-0.000000,0.000000,0.000000,0.000000,0
62,1.240000,1,gripper_l_palm,-0.460000,0.710000,0.000000,-0.460000,0.710000,-0.000000,-0.460000,0.710000,-0.000000,0.000000,0.000000,0.000000,0
62,1.240000,2,gripper_l_finger1,-0.460000,0.690000,0.000000,-0.460000,0.690000,-0.000000,-0.460000,0.690000,-0.000000,0.000000,0.000000,0.000000,0
62,1.240000,3,gripper_l_finger2,-0.460000,0.690000,0.000000,-0.460000,0.690000,-0.000000,-0.460000,0.690000,-0.000000,0.000000,0.000000,0.000000,0
62,1.240000,4,gripper_r_palm,0.460000,0.710000,0.000000,0.460000,0.710000,-0.000000,0.460000,0.710000,-0.000000,0.000000,0.000000,0.000000,0
62,1.240000,5,gripper_r_finger1,0.460000,0.690000,0.000000,0.460000,0.690000,-0.000000,0.460000,0.690000,-0.000000,0.000000,0.000000,0.000000,0
62,1.240000,6,gripper_r_finger2,0.460000,0.690000,0.000000,0.460000,0.690000,-0.000000,0.460000,0.690000,-0.000000,0.000000,0.000000,0.000000,0
63,1.260000,1,gripper_l_palm,-0.460000,0.710000,0.000000,-0.460000,0.710000,-0.000000,-0.460000,0.710000,-0.000000,0.000000,0.000000,0.000000,0
63,1.260000,2,gripper_l_finger1,-0.460000,0.690000,0.000000,-0.460000,0.690000,-0.000000,-0.460000,0.690000,-0.000000,0.000000,0.000000,0.000000,0
63,1.260000,3,gripper_l_finger2,-0.460000,0.690000,0.000000,-0.460000,0.690000,-0.000000,-0.460000,0.690000,-0.000000,0.000000,0.000000,0.000000,0
63,1.260000,4,gripper_r_palm,0.460000,0.710000,0.000000,0.460000,0.710000,-0.000000,0.460000,0.710000,-0.000000,0.000000,0.000000,0.000000,0
63,1.260000,5,gripper_r_finger1,0.460000,0.690000,0.000000,0.460000,0.690000,-0.000000,0.460000,0.690000,-0.000000,0.000000,0.000000,0.000000,0
63,1.260000,6,gripper_r_finger2,0.460000,0.690000,0.000000,0.460000,0.690000,-0.000000,0.460000,0.690000,-0.000000,0.000000,0.000000,0.000000,0
64,1.280000,1,gripper_l_palm,-0.460000,0.710000,0.000000,-0.460000,0.710000,-0.000000,-0.460000,0.710000,-0.000000,0.000000,0.000000,0.000000,0
64,1.280000,2,gripper_l_finger1,-0.460000,0.690000,0.000000,-0.460000,0.690000,-0.000000,-0.460000,0.690000,-0.000000,0.000000,0.000000,0.000000,0
64,1.280000,3,gripper_l_finger2,-0.460000,0.690000,0.000000,-0.460000,0.690000,-0.000000,-0.460000,0.690000,-0.000000,0.000000,0.000000,0.000000,0
64,1.280000,4,gripper_r_palm,0.460000,0.710000,0.000000,0.460000,0.710000,-0.000000,0.460000,0.710000,-0.000000,0.000000,0.000000,0.000000,0
64,1.280000,5,gripper_r_finger1,0.460000,0.690000,0.000000,0.460000,0.690000,-0.000000,0.460000,0.690000,-0.000000,0.000000,0.000000,0.000000,0
64,1.280000,6,gripper_r_finger2,0.460000,0.690000,0.000000,0.460000,0.690000,-0.000000,0.460000,0.690000,-0.000000,0.000000,0.000000,0.000000,0
65,1.300000,1,gripper_l_palm,-0.460000,0.710000,0.000000,-0.460000,0.710000,-0.000000,-0.460000,0.710000,-0.000000,0.000000,0.000000,0.000000,0
65,1.300000,2,gripper_l_finger1,-0.460000,0.690000,0.000000,-0.460000,0.690000,-0.000000,-0.460000,0.690000,-0.000000,0.000000,0.000000,0.000000,0
65,1.300000,3,gripper_l_finger2,-0.460000,0.690000,0.000000,-0.460000,0.690000,-0.000000,-0.460000,0.690000,-0.000000,0.000000,0.000000,0.000000,0
65,1.300000,4,gripper_r_palm,0.460000,0.710000,0.000000,0.460000,0.710000,-0.000000,0.460000,0.710000,-0.000000,0.000000,0.000000,0.000000,0
65,1.300000,5,gripper_r_finger1,0.460000,0.690000,0.000000,0.460000,0.690000,-0.000000,0.460000,0.690000,-0.000000,0.000000,0.000000,0.000000,0
65,1.300000,6,gripper_r_finger2,0.460000,0.690000,0.000000,0.460000,0.690000,-0.000000,0.460000,0.690000,-0.000000,0.000000,0.000000,0.000000,0
66,1.320000,1,gripper_l_palm,-0.460000,0.710000,0.000000,-0.460000,0.710000,-0.000000,-0.460000,0.710000,-0.000000,0.000000,0.000000,0.000000,0
66,1.320000,2,gripper_l_finger1,-0.460000,0.690000,0.000000,-0.460000,0.690000,-0.000000,-0.460000,0.690000,-0.000000,0.000000,0.000000,0.000000,0
66,1.320000,3,gripper_l_finger2,-0.460000,0.690000,0.000000,-0.460000,0.690000,-0.000000,-0.460000,0.690000,-0.000000,0.000000,0.000000,0.000000,0
66,1.320000,4,gripper_r_palm,0.460000,0.710000,0.000000,0.460000,0.710000,-0.000000,0.460000,0.710000,-0.000000,0.000000,0.000000,0.000000,0
66,1.320000,5,gripper_r_finger1,0.460000,0.690000,0.000000,0.460000,0.690000,-0.000000,0.460000,0.690000,-0.000000,0.000000,0.000000,0.000000,0
66,1.320000,6,gripper_r_finger2,0.460000,0.690000,0.000000,0.460000,0.690000,-0.000000,0.460000,0.690000,-0.000000,0.000000,0.000000,0.000000,0
67,1.340000,1,gripper_l_palm,-0.460000,0.710000,0.000000,-0.460000,0.710000,-0.000000,-0.460000,0.710000,-0.000000,0.000000,0.000000,0.000000,0
67,1.340000,2,gripper_l_finger1,-0.460000,0.690000,0.000000,-0.460000,0.690000,-0.000000,-0.460000,0.690000,-0.000000,0.000000,0.000000,0.000000,0
67,1.340000,3,gripper_l_finger2,-0.460000,0.690000,0.000000,-0.460000,0.690000,-0.000000,-0.460000,0.690000,-0.000000,0.000000,0.000000,0.000000,0
67,1.340000,4,gripper_r_palm,0.460000,0.710000,0.000000,0.460000,0.710000,-0.000000,0.460000,0.710000,-0.000000,0.000000,0.000000,0.000000,0
67,1.340000,5,gripper_r_finger1,0.460000,0.690000,0.000000,0.460000,0.690000,-0.000000,0.460000,0.690000,-0.000000,0.000000,0.000000,0.000000,0
67,1.340000,6,gripper_r_finger2,0.460000,0.690000,0.000000,0.460000,0.690000,-0.000000,0.460000,0.690000,-0.000000,0.000000,0.000000,0.000000,0
68,1.360000,1,gripper_l_palm,-0.460000,0.710000,0.000000,-0.460000,0.710000,-0.000000,-0.460000,0.710000,-0.000000,0.000000,0.000000,0.000000,0
68,1.360000,2,gripper_l_finger1,-0.460000,0.690000,0.000000,-0.460000,0.690000,-0.000000,-0.460000,0.690000,-0.000000,0.000000,0.000000,0.000000,0
68,1.360000,3,gripper_l_finger2,-0.460000,0.690000,0.000000,-0.460000,0.690000,-0.000000,-0.460000,0.690000,-0.000000,0.000000,0.000000,0.000000,0
68,1.360000,4,gripper_r_palm,0.460000,0.710000,0.000000,0.460000,0.710000,-0.000000,0.460000,0.710000,-0.000000,0.000000,0.000000,0.000000,0
68,1.360000,5,gripper_r_finger1,0.460000,0.690000,0.000000,0.460000,0.690000,-0.000000,0.460000,0.690000,-0.000000,0.000000,0.000000,0.000000,0
68,1.360000,6,gripper_r_finger2,0.460000,0.690000,0.000000,0.460000,0.690000,-0.000000,0.460000,0.690000,-0.000000,0.000000,0.000000,0.000000,0
69,1.380000,1,gripper_l_palm,-0.460000,0.710000,0.000000,-0.460000,0.710000,-0.000000,-0.460000,0.710000,-0.000000,0.000000,0.000000,0.000000,0
69,1.380000,2,gripper_l_finger1,-0.460000,0.690000,0.000000,-0.460000,0.690000,-0.000000,-0.460000,0.690000,-0.000000,0.000000,0.000000,0.000000,0
69,1.380000,3,gripper_l_finger2,-0.460000,0.690000,0.000000,-0.460000,0.690000,-0.000000,-0.460000,0.690000,-0.000000,0.000000,0.000000,0.000000,0
69,1.380000,4,gripper_r_palm,0.460000,0.710000,0.000000,0.460000,0.710000,-0.000000,0.460000,0.710000,-0.000000,0.000000,0.000000,0.000000,0
69,1.380000,5,gripper_r_finger1,0.460000,0.690000,0.000000,0.460000,0.690000,-0.000000,0.460000,0.690000,-0.000000,0.000000,0.000000,0.000000,0
69,1.380000,6,gripper_r_finger2,0.460000,0.690000,0.000000,0.460000,0.690000,-0.000000,0.460000,0.690000,-0.000000,0.000000,0.000000,0.000000,0
70,1.400000,1,gripper_l_palm,-0.460000,0.710000,0.000000,-0.460000,0.710000,-0.000000,-0.460000,0.710000,-0.000000,0.000000,0.000000,0.000000,0
70,1.400000,2,gripper_l_finger1,-0.460000,0.690000,0.000000,-0.460000,0.690000,-0.000000,-0.460000,0.690000,-0.000000,0.000000,0.000000,0.000000,0
70,1.400000,3,gripper_l_finger2,-0.460000,0.690000,0.000000,-0.460000,0.690000,-0.000000,-0.460000,0.690000,-0.000000,0.000000,0.000000,0.000000,0
70,1.400000,4,gripper_r_palm,0.460000,0.710000,0.000000,0.460000,0.710000,-0.000000,0.460000,0.710000,-0.000000,0.000000,0.000000,0.000000,0
70,1.400000,5,gripper_r_finger1,0.460000,0.690000,0.000000,0.460000,0.690000,-0.000000,0.460000,0.690000,-0.000000,0.000000,0.000000,0.000000,0
70,1.400000,6,gripper_r_finger2,0.460000,0.690000,0.000000,0.460000,0.690000,-0.000000,0.460000,0.690000,-0.000000,0.000000,0.000000,0.000000,0
71,1.420000,1,gripper_l_palm,-0.460000,0.710000,0.000000,-0.460000,0.710000,-0.000000,-0.460000,0.710000,-0.000000,0.000000,0.000000,0.000000,0
71,1.420000,2,gripper_l_finger1,-0.460000,0.690000,0.000000,-0.460000,0.690000,-0.000000,-0.460000,0.690000,-0.000000,0.000000,0.000000,0.000000,0
71,1.420000,3,gripper_l_finger2,-0.460000,0.690000,0.000000,-0.460000,0.690000,-0.000000,-0.460000,0.690000,-0.000000,0.000000,0.000000,0.000000,0
71,1.420000,4,gripper_r_palm,0.460000,0.710000,0.000000,0.460000,0.710000,-0.000000,0.460000,0.710000,-0.000000,0.000000,0.000000,0.000000,0
71,1.420000,5,gripper_r_finger1,0.460000,0.690000,0.000000,0.460000,0.690000,-0.000000,0.460000,0.690000,-0.000000,0.000000,0.000000,0.000000,0
71,1.420000,6,gripper_r_finger2,0.460000,0.690000,0.000000,0.460000,0.690000,-0.000000,0.460000,0.690000,-0.000000,0.000000,0.000000,0.000000,0
72,1.440000,1,gripper_l_palm,-0.460000,0.710000,0.000000,-0.460000,0.710000,-0.000000,-0.460000,0.710000,-0.000000,0.000000,0.000000,0.000000,0
72,1.440000,2,gripper_l_finger1,-0.460000,0.690000,0.000000,-0.460000,0.690000,-0.000000,-0.460000,0.690000,-0.000000,0.000000,0.000000,0.000000,0
72,1.440000,3,gripper_l_finger2,-0.460000,0.690000,0.000000,-0.460000,0.690000,-0.000000,-0.460000,0.690000,-0.000000,0.000000,0.000000,0.000000,0
72,1.440000,4,gripper_r_palm,0.460000,0.710000,0.000000,0.460000,0.710000,-0.000000,0.460000,0.710000,-0.000000,0.000000,0.000000,0.000000,0
72,1.440000,5,gripper_r_finger1,0.460000,0.690000,0.000000,0.460000,0.690000,-0.000000,0.460000,0.690000,-0.000000,0.000000,0.000000,0.000000,0
72,1.440000,6,gripper_r_finger2,0.460000,0.690000,0.000000,0.460000,0.690000,-0.000000,0.460000,0.690000,-0.000000,0.000000,0.000000,0.000000,0
73,1.460000,1,gripper_l_palm,-0.460000,0.710000,0.000000,-0.460000,0.710000,-0.000000,-0.460000,0.710000,-0.000000,0.000000,0.000000,0.000000,0
73,1.460000,2,gripper_l_finger1,-0.460000,0.690000,0.000000,-0.460000,0.690000,-0.000000,-0.460000,0.690000,-0.000000,0.000000,0.000000,0.000000,0
73,1.460000,3,gripper_l_finger2,-0.460000,0.690000,0.000000,-0.460000,0.690000,-0.000000,-0.460000,0.690000,-0.000000,0.000000,0.000000,0.000000,0
73,1.460000,4,gripper_r_palm,0.460000,0.710000,0.000000,0.460000,0.710000,-0.000000,0.460000,0.710000,-0.000000,0.000000,0.000000,0.000000,0
73,1.460000,5,gripper_r_finger1,0.460000,0.690000,0.000000,0.460000,0.690000,-0.000000,0.460000,0.690000,-0.000000,0.000000,0.000000,0.000000,0
73,1.460000,6,gripper_r_finger2,0.460000,0.690000,0.000000,0.460000,0.690000,-0.000000,0.460000,0.690000,-0.000000,0.000000,0.000000,0.000000,0
74,1.480000,1,gripper_l_palm,-0.460000,0.710000,0.000000,-0.460000,0.710000,-0.000000,-0.460000,0.710000,-0.000000,0.000000,0.000000,0.000000,0
74,1.480000,2,gripper_l_finger1,-0.460000,0.690000,0.000000,-0.460000,0.690000,-0.000000,-0.460000,0.690000,-0.000000,0.000000,0.000000,0.000000,0
74,1.480000,3,gripper_l_finger2,-0.460000,0.690000,0.000000,-0.460000,0.690000,-0.000000,-0.460000,0.690000,-0.000000,0.000000,0.000000,0.000000,0
74,1.480000,4,gripper_r_palm,0.460000,0.710000,0.000000,0.460000,0.710000,-0.000000,0.460000,0.710000,-0.000000,0.000000,0.000000,0.000000,0
74,1.480000,5,gripper_r_finger1,0.460000,0.690000,0.000000,0.460000,0.690000,-0.000000,0.460000,0.690000,-0.000000,0.000000,0.000000,0.000000,0
74,1.480000,6,gripper_r_finger2,0.460000,0.690000,0.000000,0.460000,0.690000,-0.000000,0.460000,0.690000,-0.000000,0.000000,0.000000,0.000000,0
75,1.500000,1,gripper_l_palm,-0.460000,0.710000,0.000000,-0.460000,0.710000,-0.000000,-0.460000,0.710000,-0.000000,0.000000,0.000000,0.000000,0
75,1.500000,2,gripper_l_finger1,-0.460000,0.690000,0.000000,-0.460000,0.690000,-0.000000,-0.460000,0.690000,-0.000000,0.000000,0.000000,0.000000,0
75,1.500000,3,gripper_l_finger2,-0.460000,0.690000,0.000000,-0.460000,0.690000,-0.000000,-0.460000,0.690000,-0.000000,0.000000,0.000000,0.000000,0
75,1.500000,4,gripper_r_palm,0.460000,0.710000,0.000000,0.460000,0.710000,-0.000000,0.460000,0.710000,-0.000000,0.000000,0.000000,0.000000,0
75,1.500000,5,gripper_r_finger1,0.460000,0.690000,0.000000,0.460000,0.690000,-0.000000,0.460000,0.690000,-0.000000,0.000000,0.000000,0.000000,0
75,1.500000,6,gripper_r_finger2,0.460000,0.690000,0.000000,0.460000,0.690000,-0.000000,0.460000,0.690000,-0.000000,0.000000,0.000000,0.000000,0
76,1.520000,1,gripper_l_palm,-0.460000,0.710000,0.000000,-0.460000,0.710000,-0.000000,-0.460000,0.710000,-0.000000,0.000000,0.000000,0.000000,0
76,1.520000,2,gripper_l_finger1,-0.460000,0.690000,0.000000,-0.460000,0.690000,-0.000000,-0.460000,0.690000,-0.000000,0.000000,0.000000,0.000000,0
76,1.520000,3,gripper_l_finger2,-0.460000,0.690000,0.000000,-0.460000,0.690000,-0.000000,-0.460000,0.690000,-0.000000,0.000000,0.000000,0.000000,0
76,1.520000,4,gripper_r_palm,0.460000,0.710000,0.000000,0.460000,0.710000,-0.000000,0.460000,0.710000,-0.000000,0.000000,0.000000,0.000000,0
76,1.520000,5,gripper_r_finger1,0.460000,0.690000,0.000000,0.460000,0.690000,-0.000000,0.460000,0.690000,-0.000000,0.000000,0.000000,0.000000,0
76,1.520000,6,gripper_r_finger2,0.460000,0.690000,0.000000,0.460000,0.690000,-0.000000,0.460000,0.690000,-0.000000,0.000000,0.000000,0.000000,0
77,1.540000,1,gripper_l_palm,-0.460000,0.710000,0.000000,-0.460000,0.710000,-0.000000,-0.460000,0.710000,-0.000000,0.000000,0.000000,0.000000,0
77,1.540000,2,gripper_l_finger1,-0.460000,0.690000,0.000000,-0.460000,0.690000,-0.000000,-0.460000,0.690000,-0.000000,0.000000,0.000000,0.000000,0
77,1.540000,3,gripper_l_finger2,-0.460000,0.690000,0.000000,-0.460000,0.690000,-0.000000,-0.460000,0.690000,-0.000000,0.000000,0.000000,0.000000,0
77,1.540000,4,gripper_r_palm,0.460000,0.710000,0.000000,0.460000,0.710000,-0.000000,0.460000,0.710000,-0.000000,0.000000,0.000000,0.000000,0
77,1.540000,5,gripper_r_finger1,0.460000,0.690000,0.000000,0.460000,0.690000,-0.000000,0.460000,0.690000,-0.000000,0.000000,0.000000,0.000000,0
77,1.540000,6,gripper_r_finger2,0.460000,0.690000,0.000000,0.460000,0.690000,-0.000000,0.460000,0.690000,-0.000000,0.000000,0.000000,0.000000,0
78,1.560000,1,gripper_l_palm,-0.460000,0.710000,0.000000,-0.460000,0.710000,-0.000000,-0.460000,0.710000,-0.000000,0.000000,0.000000,0.000000,0
78,1.560000,2,gripper_l_finger1,-0.460000,0.690000,0.000000,-0.460000,0.690000,-0.000000,-0.460000,0.690000,-0.000000,0.000000,0.000000,0.000000,0
78,1.560000,3,gripper_l_finger2,-0.460000,0.690000,0.000000,-0.460000,0.690000,-0.000000,-0.460000,0.690000,-0.000000,0.000000,0.000000,0.000000,0
78,1.560000,4,gripper_r_palm,0.460000,0.710000,0.000000,0.460000,0.710000,-0.000000,0.460000,0.710000,-0.000000,0.000000,0.000000,0.000000,0
78,1.560000,5,gripper_r_finger1,0.460000,0.690000,0.000000,0.460000,0.690000,-0.000000,0.460000,0.690000,-0.000000,0.000000,0.000000,0.000000,0
78,1.560000,6,gripper_r_finger2,0.460000,0.690000,0.000000,0.460000,0.690000,-0.000000,0.460000,0.690000,-0.000000,0.000000,0.000000,0.000000,0
79,1.580000,1,gripper_l_palm,-0.460000,0.710000,0.000000,-0.460000,0.710000,-0.000000,-0.460000,0.710000,-0.000000,0.000000,0.000000,0.000000,0
79,1.580000,2,gripper_l_finger1,-0.460000,0.690000,0.000000,-0.460000,0.690000,-0.000000,-0.460000,0.690000,-0.000000,0.000000,0.000000,0.000000,0
79,1.580000,3,gripper_l_finger2,-0.460000,0.690000,0.000000,-0.460000,0.690000,-0.000000,-0.460000,0.690000,-0.000000,0.000000,0.000000,0.000000,0
79,1.580000,4,gripper_r_palm,0.460000,0.710000,0.000000,0.460000,0.710000,-0.000000,0.460000,0.710000,-0.000000,0.000000,0.000000,0.000000,0
79,1.580000,5,gripper_r_finger1,0.460000,0.690000,0.000000,0.460000,0.690000,-0.000000,0.460000,0.690000,-0.000000,0.000000,0.000000,0.000000,0
79,1.580000,6,gripper_r_finger2,0.460000,0.690000,0.000000,0.460000,0.690000,-0.000000,0.460000,0.690000,-0.000000,0.000000,0.000000,0.000000,0
80,1.600000,1,gripper_l_palm,-0.460000,0.710000,0.000000,-0.460000,0.710000,-0.000000,-0.460000,0.710000,-0.000000,0.000000,0.000000,0.000000,0
80,1.600000,2,gripper_l_finger1,-0.460000,0.690000,0.000000,-0.460000,0.690000,-0.000000,-0.460000,0.690000,-0.000000,0.000000,0.000000,0.000000,0
80,1.600000,3,gripper_l_finger2,-0.460000,0.690000,0.000000,-0.460000,0.690000,-0.000000,-0.460000,0.690000,-0.000000,0.000000,0.000000,0.000000,0
80,1.600000,4,gripper_r_palm,0.460000,0.710000,0.000000,0.460000,0.710000,-0.000000,0.460000,0.710000,-0.000000,0.000000,0.000000,0.000000,0
80,1.600000,5,gripper_r_finger1,0.460000,0.690000,0.000000,0.460000,0.690000,-0.000000,0.460000,0.690000,-0.000000,0.000000,0.000000,0.000000,0
80,1.600000,6,gripper_r_finger2,0.460000,0.690000,0.000000,0.460000,0.690000,-0.000000,0.460000,0.690000,-0.000000,0.000000,0.000000,0.000000,0
81,1.620000,1,gripper_l_palm,-0.460000,0.710000,0.000000,-0.460000,0.710000,-0.000000,-0.460000,0.710000,-0.000000,0.000000,0.000000,0.000000,0
81,1.620000,2,gripper_l_finger1,-0.460000,0.690000,0.000000,-0.460000,0.690000,-0.000000,-0.460000,0.690000,-0.000000,0.000000,0.000000,0.000000,0
81,1.620000,3,gripper_l_finger2,-0.460000,0.690000,0.000000,-0.460000,0.690000,-0.000000,-0.460000,0.690000,-0.000000,0.000000,0.000000,0.000000,0
81,1.620000,4,gripper_r_palm,0.460000,0.710000,0.000000,0.460000,0.710000,-0.000000,0.460000,0.710000,-0.000000,0.000000,0.000000,0.000000,0
81,1.620000,5,gripper_r_finger1,0.460000,0.690000,0.000000,0.460000,0.690000,-0.000000,0.460000,0.690000,-0.000000,0.000000,0.000000,0.000000,0
81,1.620000,6,gripper_r_finger2,0.460000,0.690000,0.000000,0.460000,0.690000,-0.000000,0.460000,0.690000,-0.000000,0.000000,0.000000,0.000000,0
82,1.640000,1,gripper_l_palm,-0.460000,0.710000,0.000000,-0.460000,0.710000,-0.000000,-0.460000,0.710000,-0.000000,0.000000,0.000000,0.000000,0
82,1.640000,2,gripper_l_finger1,-0.460000,0.690000,0.000000,-0.460000,0.690000,-0.000000,-0.460000,0.690000,-0.000000,0.000000,0.000000,0.000000,0
82,1.640000,3,gripper_l_finger2,-0.460000,0.690000,0.000000,-0.460000,0.690000,-0.000000,-0.460000,0.690000,-0.000000,0.000000,0.000000,0.000000,0
82,1.640000,4,gripper_r_palm,0.460000,0.710000,0.000000,0.460000,0.710000,-0.000000,0.460000,0.710000,-0.000000,0.000000,0.000000,0.000000,0
82,1.640000,5,gripper_r_finger1,0.460000,0.690000,0.000000,0.460000,0.690000,-0.000000,0.460000,0.690000,-0.000000,0.000000,0.000000,0.000000,0
82,1.640000,6,gripper_r_finger2,0.460000,0.690000,0.000000,0.460000,0.690000,-0.000000,0.460000,0.690000,-0.000000,0.000000,0.000000,0.000000,0
83,1.660000,1,gripper_l_palm,-0.460000,0.710000,0.000000,-0.460000,0.710000,-0.000000,-0.460000,0.710000,-0.000000,0.000000,0.000000,0.000000,0
83,1.660000,2,gripper_l_finger1,-0.460000,0.690000,0.000000,-0.460000,0.690000,-0.000000,-0.460000,0.690000,-0.000000,0.000000,0.000000,0.000000,0
83,1.660000,3,gripper_l_finger2,-0.460000,0.690000,0.000000,-0.460000,0.690000,-0.000000,-0.460000,0.690000,-0.000000,0.000000,0.000000,0.000000,0
83,1.660000,4,gripper_r_palm,0.460000,0.710000,0.000000,0.460000,0.710000,-0.000000,0.460000,0.710000,-0.000000,0.000000,0.000000,0.000000,0
83,1.660000,5,gripper_r_finger1,0.460000,0.690000,0.000000,0.460000,0.690000,-0.000000,0.460000,0.690000,-0.000000,0.000000,0.000000,0.000000,0
83,1.660000,6,gripper_r_finger2,0.460000,0.690000,0.000000,0.460000,0.690000,-0.000000,0.460000,0.690000,-0.000000,0.000000,0.000000,0.000000,0
84,1.680000,1,gripper_l_palm,-0.460000,0.710000,0.000000,-0.460000,0.710000,-0.000000,-0.460000,0.710000,-0.000000,0.000000,0.000000,0.000000,0
84,1.680000,2,gripper_l_finger1,-0.460000,0.690000,0.000000,-0.460000,0.690000,-0.000000,-0.460000,0.690000,-0.000000,0.000000,0.000000,0.000000,0
84,1.680000,3,gripper_l_finger2,-0.460000,0.690000,0.000000,-0.460000,0.690000,-0.000000,-0.460000,0.690000,-0.000000,0.000000,0.000000,0.000000,0
84,1.680000,4,gripper_r_palm,0.460000,0.710000,0.000000,0.460000,0.710000,-0.000000,0.460000,0.710000,-0.000000,0.000000,0.000000,0.000000,0
84,1.680000,5,gripper_r_finger1,0.460000,0.690000,0.000000,0.460000,0.690000,-0.000000,0.460000,0.690000,-0.000000,0.000000,0.000000,0.000000,0
84,1.680000,6,gripper_r_finger2,0.460000,0.690000,0.000000,0.460000,0.690000,-0.000000,0.460000,0.690000,-0.000000,0.000000,0.000000,0.000000,0
85,1.700000,1,gripper_l_palm,-0.460000,0.710000,0.000000,-0.460000,0.710000,-0.000000,-0.460000,0.710000,-0.000000,0.000000,0.000000,0.000000,0
85,1.700000,2,gripper_l_finger1,-0.460000,0.690000,0.000000,-0.460000,0.690000,-0.000000,-0.460000,0.690000,-0.000000,0.000000,0.000000,0.000000,0
85,1.700000,3,gripper_l_finger2,-0.460000,0.690000,0.000000,-0.460000,0.690000,-0.000000,-0.460000,0.690000,-0.000000,0.000000,0.000000,0.000000,0
85,1.700000,4,gripper_r_palm,0.460000,0.710000,0.000000,0.460000,0.710000,-0.000000,0.460000,0.710000,-0.000000,0.000000,0.000000,0.000000,0
85,1.700000,5,gripper_r_finger1,0.460000,0.690000,0.000000,0.460000,0.690000,-0.000000,0.460000,0.690000,-0.000000,0.000000,0.000000,0.000000,0
85,1.700000,6,gripper_r_finger2,0.460000,0.690000,0.000000,0.460000,0.690000,-0.000000,0.460000,0.690000,-0.000000,0.000000,0.000000,0.000000,0
86,1.720000,1,gripper_l_palm,-0.460000,0.710000,0.000000,-0.460000,0.710000,-0.000000,-0.460000,0.710000,-0.000000,0.000000,0.000000,0.000000,0
86,1.720000,2,gripper_l_finger1,-0.460000,0.690000,0.000000,-0.460000,0.690000,-0.000000,-0.460000,0.690000,-0.000000,0.000000,0.000000,0.000000,0
86,1.720000,3,gripper_l_finger2,-0.460000,0.690000,0.000000,-0.460000,0.690000,-0.000000,-0.460000,0.690000,-0.000000,0.000000,0.000000,0.000000,0
86,1.720000,4,gripper_r_palm,0.460000,0.710000,0.000000,0.460000,0.710000,-0.000000,0.460000,0.710000,-0.000000,0.000000,0.000000,0.000000,0
86,1.720000,5,gripper_r_finger1,0.460000,0.690000,0.000000,0.460000,0.690000,-0.000000,0.460000,0.690000,-0.000000,0.000000,0.000000,0.000000,0
86,1.720000,6,gripper_r_finger2,0.460000,0.690000,0.000000,0.460000,0.690000,-0.000000,0.460000,0.690000,-0.000000,0.000000,0.000000,0.000000,0
87,1.740000,1,gripper_l_palm,-0.460000,0.710000,0.000000,-0.460000,0.710000,-0.000000,-0.460000,0.710000,-0.000000,0.000000,0.000000,0.000000,0
87,1.740000,2,gripper_l_finger1,-0.460000,0.690000,0.000000,-0.460000,0.690000,-0.000000,-0.460000,0.690000,-0.000000,0.000000,0.000000,0.000000,0
87,1.740000,3,gripper_l_finger2,-0.460000,0.690000,0.000000,-0.460000,0.690000,-0.000000,-0.460000,0.690000,-0.000000,0.000000,0.000000,0.000000,0
87,1.740000,4,gripper_r_palm,0.460000,0.710000,0.000000,0.460000,0.710000,-0.000000,0.460000,0.710000,-0.000000,0.000000,0.000000,0.000000,0
87,1.740000,5,gripper_r_finger1,0.460000,0.690000,0.000000,0.460000,0.690000,-0.000000,0.460000,0.690000,-0.000000,0.000000,0.000000,0.000000,0
87,1.740000,6,gripper_r_finger2,0.460000,0.690000,0.000000,0.460000,0.690000,-0.000000,0.460000,0.690000,-0.000000,0.000000,0.000000,0.000000,0
88,1.760000,1,gripper_l_palm,-0.460000,0.710000,0.000000,-0.460000,0.710000,-0.000000,-0.460000,0.710000,-0.000000,0.000000,0.000000,0.000000,0
88,1.760000,2,gripper_l_finger1,-0.460000,0.690000,0.000000,-0.460000,0.690000,-0.000000,-0.460000,0.690000,-0.000000,0.000000,0.000000,0.000000,0
88,1.760000,3,gripper_l_finger2,-0.460000,0.690000,0.000000,-0.460000,0.690000,-0.000000,-0.460000,0.690000,-0.000000,0.000000,0.000000,0.000000,0
88,1.760000,4,gripper_r_palm,0.460000,0.710000,0.000000,0.460000,0.710000,-0.000000,0.460000,0.710000,-0.000000,0.000000,0.000000,0.000000,0
88,1.760000,5,gripper_r_finger1,0.460000,0.690000,0.000000,0.460000,0.690000,-0.000000,0.460000,0.690000,-0.000000,0.000000,0.000000,0.000000,0
88,1.760000,6,gripper_r_finger2,0.460000,0.690000,0.000000,0.460000,0.690000,-0.000000,0.460000,0.690000,-0.000000,0.000000,0.000000,0.000000,0
89,1.780000,1,gripper_l_palm,-0.460000,0.710000,0.000000,-0.460000,0.710000,-0.000000,-0.460000,0.710000,-0.000000,0.000000,0.000000,0.000000,0
89,1.780000,2,gripper_l_finger1,-0.460000,0.690000,0.000000,-0.460000,0.690000,-0.000000,-0.460000,0.690000,-0.000000,0.000000,0.000000,0.000000,0
89,1.780000,3,gripper_l_finger2,-0.460000,0.690000,0.000000,-0.460000,0.690000,-0.000000,-0.460000,0.690000,-0.000000,0.000000,0.000000,0.000000,0
89,1.780000,4,gripper_r_palm,0.460000,0.710000,0.000000,0.460000,0.710000,-0.000000,0.460000,0.710000,-0.000000,0.000000,0.000000,0.000000,0
89,1.780000,5,gripper_r_finger1,0.460000,0.690000,0.000000,0.460000,0.690000,-0.000000,0.460000,0.690000,-0.000000,0.000000,0.000000,0.000000,0
89,1.780000,6,gripper_r_finger2,0.460000,0.690000,0.000000,0.460000,0.690000,-0.000000,0.460000,0.690000,-0.000000,0.000000,0.000000,0.000000,0
90,1.800000,1,gripper_l_palm,-0.460000,0.710000,0.000000,-0.460000,0.710000,-0.000000,-0.460000,0.710000,-0.000000,0.000000,0.000000,0.000000,0
90,1.800000,2,gripper_l_finger1,-0.460000,0.690000,0.000000,-0.460000,0.690000,-0.000000,-0.460000,0.690000,-0.000000,0.000000,0.000000,0.000000,0
90,1.800000,3,gripper_l_finger2,-0.460000,0.690000,0.000000,-0.460000,0.690000,-0.000000,-0.460000,0.690000,-0.000000,0.000000,0.000000,0.000000,0
90,1.800000,4,gripper_r_palm,0.460000,0.710000,0.000000,0.460000,0.710000,-0.000000,0.460000,0.710000,-0.000000,0.000000,0.000000,0.000000,0
90,1.800000,5,gripper_r_finger1,0.460000,0.690000,0.000000,0.460000,0.690000,-0.000000,0.460000,0.690000,-0.000000,0.000000,0.000000,0.000000,0
90,1.800000,6,gripper_r_finger2,0.460000,0.690000,0.000000,0.460000,0.690000,-0.000000,0.460000,0.690000,-0.000000,0.000000,0.000000,0.000000,0
91,1.820000,1,gripper_l_palm,-0.460000,0.710000,0.000000,-0.460000,0.710000,-0.000000,-0.460000,0.710000,-0.000000,0.000000,0.000000,0.000000,0
91,1.820000,2,gripper_l_finger1,-0.460000,0.690000,0.000000,-0.460000,0.690000,-0.000000,-0.460000,0.690000,-0.000000,0.000000,0.000000,0.000000,0
91,1.820000,3,gripper_l_finger2,-0.460000,0.690000,0.000000,-0.460000,0.690000,-0.000000,-0.460000,0.690000,-0.000000,0.000000,0.000000,0.000000,0
91,1.820000,4,gripper_r_palm,0.460000,0.710000,0.000000,0.460000,0.710000,-0.000000,0.460000,0.710000,-0.000000,0.000000,0.000000,0.000000,0
91,1.820000,5,gripper_r_finger1,0.460000,0.690000,0.000000,0.460000,0.690000,-0.000000,0.460000,0.690000,-0.000000,0.000000,0.000000,0.000000,0
91,1.820000,6,gripper_r_finger2,0.460000,0.690000,0.000000,0.460000,0.690000,-0.000000,0.460000,0.690000,-0.000000,0.000000,0.000000,0.000000,0
92,1.840000,1,gripper_l_palm,-0.460000,0.710000,0.000000,-0.460000,0.710000,-0.000000,-0.460000,0.710000,-0.000000,0.000000,0.000000,0.000000,0
92,1.840000,2,gripper_l_finger1,-0.460000,0.690000,0.000000,-0.460000,0.690000,-0.000000,-0.460000,0.690000,-0.000000,0.000000,0.000000,0.000000,0
92,1.840000,3,gripper_l_finger2,-0.460000,0.690000,0.000000,-0.460000,0.690000,-0.000000,-0.460000,0.690000,-0.000000,0.000000,0.000000,0.000000,0
92,1.840000,4,gripper_r_palm,0.460000,0.710000,0.000000,0.460000,0.710000,-0.000000,0.460000,0.710000,-0.000000,0.000000,0.000000,0.000000,0
92,1.840000,5,gripper_r_finger1,0.460000,0.690000,0.000000,0.460000,0.690000,-0.000000,0.460000,0.690000,-0.000000,0.000000,0.000000,0.000000,0
92,1.840000,6,gripper_r_finger2,0.460000,0.690000,0.000000,0.460000,0.690000,-0.000000,0.460000,0.690000,-0.000000,0.000000,0.000000,0.000000,0
93,1.860000,1,gripper_l_palm,-0.460000,0.710000,0.000000,-0.460000,0.710000,-0.000000,-0.460000,0.710000,-0.000000,0.000000,0.000000,0.000000,0
93,1.860000,2,gripper_l_finger1,-0.460000,0.690000,0.000000,-0.460000,0.690000,-0.000000,-0.460000,0.690000,-0.000000,0.000000,0.000000,0.000000,0
93,1.860000,3,gripper_l_finger2,-0.460000,0.690000,0.000000,-0.460000,0.690000,-0.000000,-0.460000,0.690000,-0.000000,0.000000,0.000000,0.000000,0
93,1.860000,4,gripper_r_palm,0.460000,0.710000,0.000000,0.460000,0.710000,-0.000000,0.460000,0.710000,-0.000000,0.000000,0.000000,0.000000,0
93,1.860000,5,gripper_r_finger1,0.460000,0.690000,0.000000,0.460000,0.690000,-0.000000,0.460000,0.690000,-0.000000,0.000000,0.000000,0.000000,0
93,1.860000,6,gripper_r_finger2,0.460000,0.690000,0.000000,0.460000,0.690000,-0.000000,0.460000,0.690000,-0.000000,0.000000,0.000000,0.000000,0
94,1.880000,1,gripper_l_palm,-0.460000,0.710000,0.000000,-0.460000,0.710000,-0.000000,-0.460000,0.710000,-0.000000,0.000000,0.000000,0.000000,0
94,1.880000,2,gripper_l_finger1,-0.460000,0.690000,0.000000,-0.460000,0.690000,-0.000000,-0.460000,0.690000,-0.000000,0.000000,0.000000,0.000000,0
94,1.880000,3,gripper_l_finger2,-0.460000,0.690000,0.000000,-0.460000,0.690000,-0.000000,-0.460000,0.690000,-0.000000,0.000000,0.000000,0.000000,0
94,1.880000,4,gripper_r_palm,0.460000,0.710000,0.000000,0.460000,0.710000,-0.000000,0.460000,0.710000,-0.000000,0.000000,0.000000,0.000000,0
94,1.880000,5,gripper_r_finger1,0.460000,0.690000,0.000000,0.460000,0.690000,-0.000000,0.460000,0.690000,-0.000000,0.000000,0.000000,0.000000,0
94,1.880000,6,gripper_r_finger2,0.460000,0.690000,0.000000,0.460000,0.690000,-0.000000,0.460000,0.690000,-0.000000,0.000000,0.000000,0.000000,0
95,1.900000,1,gripper_l_palm,-0.460000,0.710000,0.000000,-0.460000,0.710000,-0.000000,-0.460000,0.710000,-0.000000,0.000000,0.000000,0.000000,0
95,1.900000,2,gripper_l_finger1,-0.460000,0.690000,0.000000,-0.460000,0.690000,-0.000000,-0.460000,0.690000,-0.000000,0.000000,0.000000,0.000000,0
95,1.900000,3,gripper_l_finger2,-0.460000,0.690000,0.000000,-0.460000,0.690000,-0.000000,-0.460000,0.690000,-0.000000,0.000000,0.000000,0.000000,0
95,1.900000,4,gripper_r_palm,0.460000,0.710000,0.000000,0.460000,0.710000,-0.000000,0.460000,0.710000,-0.000000,0.000000,0.000000,0.000000,0
95,1.900000,5,gripper_r_finger1,0.460000,0.690000,0.000000,0.460000,0.690000,-0.000000,0.460000,0.690000,-0.000000,0.000000,0.000000,0.000000,0
95,1.900000,6,gripper_r_finger2,0.460000,0.690000,0.000000,0.460000,0.690000,-0.000000,0.460000,0.690000,-0.000000,0.000000,0.000000,0.000000,0
96,1.920000,1,gripper_l_palm,-0.460000,0.710000,0.000000,-0.460000,0.710000,-0.000000,-0.460000,0.710000,-0.000000,0.000000,0.000000,0.000000,0
96,1.920000,2,gripper_l_finger1,-0.460000,0.690000,0.000000,-0.460000,0.690000,-0.000000,-0.460000,0.690000,-0.000000,0.000000,0.000000,0.000000,0
96,1.920000,3,gripper_l_finger2,-0.460000,0.690000,0.000000,-0.460000,0.690000,-0.000000,-0.460000,0.690000,-0.000000,0.000000,0.000000,0.000000,0
96,1.920000,4,gripper_r_palm,0.460000,0.710000,0.000000,0.460000,0.710000,-0.000000,0.460000,0.710000,-0.000000,0.000000,0.000000,0.000000,0
96,1.920000,5,gripper_r_finger1,0.460000,0.690000,0.000000,0.460000,0.690000,-0.000000,0.460000,0.690000,-0.000000,0.000000,0.000000,0.000000,0
96,1.920000,6,gripper_r_finger2,0.460000,0.690000,0.000000,0.460000,0.690000,-0.000000,0.460000,0.690000,-0.000000,0.000000,0.000000,0.000000,0
97,1.940000,1,gripper_l_palm,-0.460000,0.710000,0.000000,-0.460000,0.710000,-0.000000,-0.460000,0.710000,-0.000000,0.000000,0.000000,0.000000,0
97,1.940000,2,gripper_l_finger1,-0.460000,0.690000,0.000000,-0.460000,0.690000,-0.000000,-0.460000,0.690000,-0.000000,0.000000,0.000000,0.000000,0
97,1.940000,3,gripper_l_finger2,-0.460000,0.690000,0.000000,-0.460000,0.690000,-0.000000,-0.460000,0.690000,-0.000000,0.000000,0.000000,0.000000,0
97,1.940000,4,gripper_r_palm,0.460000,0.710000,0.000000,0.460000,0.710000,-0.000000,0.460000,0.710000,-0.000000,0.000000,0.000000,0.000000,0
97,1.940000,5,gripper_r_finger1,0.460000,0.690000,0.000000,0.460000,0.690000,-0.000000,0.460000,0.690000,-0.000000,0.000000,0.000000,0.000000,0
97,1.940000,6,gripper_r_finger2,0.460000,0.690000,0.000000,0.460000,0.690000,-0.000000,0.460000,0.690000,-0.000000,0.000000,0.000000,0.000000,0
98,1.960000,1,gripper_l_palm,-0.460000,0.710000,0.000000,-0.460000,0.710000,-0.000000,-0.460000,0.710000,-0.000000,0.000000,0.000000,0.000000,0
98,1.960000,2,gripper_l_finger1,-0.460000,0.690000,0.000000,-0.460000,0.690000,-0.000000,-0.460000,0.690000,-0.000000,0.000000,0.000000,0.000000,0
98,1.960000,3,gripper_l_finger2,-0.460000,0.690000,0.000000,-0.460000,0.690000,-0.000000,-0.460000,0.690000,-0.000000,0.000000,0.000000,0.000000,0
98,1.960000,4,gripper_r_palm,0.460000,0.710000,0.000000,0.460000,0.710000,-0.000000,0.460000,0.710000,-0.000000,0.000000,0.000000,0.000000,0
98,1.960000,5,gripper_r_finger1,0.460000,0.690000,0.000000,0.460000,0.690000,-0.000000,0.460000,0.690000,-0.000000,0.000000,0.000000,0.000000,0
98,1.960000,6,gripper_r_finger2,0.460000,0.690000,0.000000,0.460000,0.690000,-0.000000,0.460000,0.690000,-0.000000,0.000000,0.000000,0.000000,0
99,1.980000,1,gripper_l_palm,-0.460000,0.710000,0.000000,-0.460000,0.710000,-0.000000,-0.460000,0.710000,-0.000000,0.000000,0.000000,0.000000,0
99,1.980000,2,gripper_l_finger1,-0.460000,0.690000,0.000000,-0.460000,0.690000,-0.000000,-0.460000,0.690000,-0.000000,0.000000,0.000000,0.000000,0
99,1.980000,3,gripper_l_finger2,-0.460000,0.690000,0.000000,-0.460000,0.690000,-0.000000,-0.460000,0.690000,-0.000000,0.000000,0.000000,0.000000,0
99,1.980000,4,gripper_r_palm,0.460000,0.710000,0.000000,0.460000,0.710000,-0.000000,0.460000,0.710000,-0.000000,0.000000,0.000000,0.000000,0
99,1.980000,5,gripper_r_finger1,0.460000,0.690000,0.000000,0.460000,0.690000,-0.000000,0.460000,0.690000,-0.000000,0.000000,0.000000,0.000000,0
99,1.980000,6,gripper_r_finger2,0.460000,0.690000,0.000000,0.460000,0.690000,-0.000000,0.460000,0.690000,-0.000000,0.000000,0.000000,0.000000,0
100,2.000000,1,gripper_l_palm,-0.460000,0.710000,0.000000,-0.460000,0.710000,-0.000000,-0.460000,0.710000,-0.000000,0.000000,0.000000,0.000000,0
100,2.000000,2,gripper_l_finger1,-0.460000,0.690000,0.000000,-0.460000,0.690000,-0.000000,-0.460000,0.690000,-0.000000,0.000000,0.000000,0.000000,0
100,2.000000,3,gripper_l_finger2,-0.460000,0.690000,0.000000,-0.460000,0.690000,-0.000000,-0.460000,0.690000,-0.000000,0.000000,0.000000,0.000000,0
100,2.000000,4,gripper_r_palm,0.460000,0.710000,0.000000,0.460000,0.710000,-0.000000,0.460000,0.710000,-0.000000,0.000000,0.000000,0.000000,0
100,2.000000,5,gripper_r_finger1,0.460000,0.690000,0.000000,0.460000,0.690000,-0.000000,0.460000,0.690000,-0.000000,0.000000,0.000000,0.000000,0
100,2.000000,6,gripper_r_finger2,0.460000,0.690000,0.000000,0.460000,0.690000,-0.000000,0.460000,0.690000,-0.000000,0.000000,0.000000,0.000000,0
101,2.020000,1,gripper_l_palm,-0.460000,0.710000,0.000000,-0.460000,0.710000,-0.000000,-0.460000,0.710000,-0.000000,0.000000,0.000000,0.000000,0
101,2.020000,2,gripper_l_finger1,-0.460000,0.690000,0.000000,-0.460000,0.690000,-0.000000,-0.460000,0.690000,-0.000000,0.000000,0.000000,0.000000,0
101,2.020000,3,gripper_l_finger2,-0.460000,0.690000,0.000000,-0.460000,0.690000,-0.000000,-0.460000,0.690000,-0.000000,0.000000,0.000000,0.000000,0
101,2.020000,4,gripper_r_palm,0.460000,0.710000,0.000000,0.460000,0.710000,-0.000000,0.460000,0.710000,-0.000000,0.000000,0.000000,0.000000,0
101,2.020000,5,gripper_r_finger1,0.460000,0.690000,0.000000,0.460000,0.690000,-0.000000,0.460000,0.690000,-0.000000,0.000000,0.000000,0.000000,0
101,2.020000,6,gripper_r_finger2,0.460000,0.690000,0.000000,0.460000,0.690000,-0.000000,0.460000,0.690000,-0.000000,0.000000,0.000000,0.000000,0
102,2.040000,1,gripper_l_palm,-0.460000,0.710000,0.000000,-0.460000,0.710000,-0.000000,-0.460000,0.710000,-0.000000,0.000000,0.000000,0.000000,0
102,2.040000,2,gripper_l_finger1,-0.460000,0.690000,0.000000,-0.460000,0.690000,-0.000000,-0.460000,0.690000,-0.000000,0.000000,0.000000,0.000000,0
102,2.040000,3,gripper_l_finger2,-0.460000,0.690000,0.000000,-0.460000,0.690000,-0.000000,-0.460000,0.690000,-0.000000,0.000000,0.000000,0.000000,0
102,2.040000,4,gripper_r_palm,0.460000,0.710000,0.000000,0.460000,0.710000,-0.000000,0.460000,0.710000,-0.000000,0.000000,0.000000,0.000000,0
102,2.040000,5,gripper_r_finger1,0.460000,0.690000,0.000000,0.460000,0.690000,-0.000000,0.460000,0.690000,-0.000000,0.000000,0.000000,0.000000,0
102,2.040000,6,gripper_r_finger2,0.460000,0.690000,0.000000,0.460000,0.690000,-0.000000,0.460000,0.690000,-0.000000,0.000000,0.000000,0.000000,0
103,2.060000,1,gripper_l_palm,-0.460000,0.710000,0.000000,-0.460000,0.710000,-0.000000,-0.460000,0.710000,-0.000000,0.000000,0.000000,0.000000,0
103,2.060000,2,gripper_l_finger1,-0.460000,0.690000,0.000000,-0.460000,0.690000,-0.000000,-0.460000,0.690000,-0.000000,0.000000,0.000000,0.000000,0
103,2.060000,3,gripper_l_finger2,-0.460000,0.690000,0.000000,-0.460000,0.690000,-0.000000,-0.460000,0.690000,-0.000000,0.000000,0.000000,0.000000,0
103,2.060000,4,gripper_r_palm,0.460000,0.710000,0.000000,0.460000,0.710000,-0.000000,0.460000,0.710000,-0.000000,0.000000,0.000000,0.000000,0
103,2.060000,5,gripper_r_finger1,0.460000,0.690000,0.000000,0.460000,0.690000,-0.000000,0.460000,0.690000,-0.000000,0.000000,0.000000,0.000000,0
103,2.060000,6,gripper_r_finger2,0.460000,0.690000,0.000000,0.460000,0.690000,-0.000000,0.460000,0.690000,-0.000000,0.000000,0.000000,0.000000,0
104,2.080000,1,gripper_l_palm,-0.460000,0.710000,0.000000,-0.460000,0.710000,-0.000000,-0.460000,0.710000,-0.000000,0.000000,0.000000,0.000000,0
104,2.080000,2,gripper_l_finger1,-0.460000,0.690000,0.000000,-0.460000,0.690000,-0.000000,-0.460000,0.690000,-0.000000,0.000000,0.000000,0.000000,0
104,2.080000,3,gripper_l_finger2,-0.460000,0.690000,0.000000,-0.460000,0.690000,-0.000000,-0.460000,0.690000,-0.000000,0.000000,0.000000,0.000000,0
104,2.080000,4,gripper_r_palm,0.460000,0.710000,0.000000,0.460000,0.710000,-0.000000,0.460000,0.710000,-0.000000,0.000000,0.000000,0.000000,0
104,2.080000,5,gripper_r_finger1,0.460000,0.690000,0.000000,0.460000,0.690000,-0.000000,0.460000,0.690000,-0.000000,0.000000,0.000000,0.000000,0
104,2.080000,6,gripper_r_finger2,0.460000,0.690000,0.000000,0.460000,0.690000,-0.000000,0.460000,0.690000,-0.000000,0.000000,0.000000,0.000000,0
105,2.100000,1,gripper_l_palm,-0.460000,0.710000,0.000000,-0.460000,0.710000,-0.000000,-0.460000,0.710000,-0.000000,0.000000,0.000000,0.000000,0
105,2.100000,2,gripper_l_finger1,-0.460000,0.690000,0.000000,-0.460000,0.690000,-0.000000,-0.460000,0.690000,-0.000000,0.000000,0.000000,0.000000,0
105,2.100000,3,gripper_l_finger2,-0.460000,0.690000,0.000000,-0.460000,0.690000,-0.000000,-0.460000,0.690000,-0.000000,0.000000,0.000000,0.000000,0
105,2.100000,4,gripper_r_palm,0.460000,0.710000,0.000000,0.460000,0.710000,-0.000000,0.460000,0.710000,-0.000000,0.000000,0.000000,0.000000,0
105,2.100000,5,gripper_r_finger1,0.460000,0.690000,0.000000,0.460000,0.690000,-0.000000,0.460000,0.690000,-0.000000,0.000000,0.000000,0.000000,0
105,2.100000,6,gripper_r_finger2,0.460000,0.690000,0.000000,0.460000,0.690000,-0.000000,0.460000,0.690000,-0.000000,0.000000,0.000000,0.000000,0
106,2.120000,1,gripper_l_palm,-0.460000,0.710000,0.000000,-0.460000,0.710000,-0.000000,-0.460000,0.710000,-0.000000,0.000000,0.000000,0.000000,0
106,2.120000,2,gripper_l_finger1,-0.460000,0.690000,0.000000,-0.460000,0.690000,-0.000000,-0.460000,0.690000,-0.000000,0.000000,0.000000,0.000000,0
106,2.120000,3,gripper_l_finger2,-0.460000,0.690000,0.000000,-0.460000,0.690000,-0.000000,-0.460000,0.690000,-0.000000,0.000000,0.000000,0.000000,0
106,2.120000,4,gripper_r_palm,0.460000,0.710000,0.000000,0.460000,0.710000,-0.000000,0.460000,0.710000,-0.000000,0.000000,0.000000,0.000000,0
106,2.120000,5,gripper_r_finger1,0.460000,0.690000,0.000000,0.460000,0.690000,-0.000000,0.460000,0.690000,-0.000000,0.000000,0.000000,0.000000,0
106,2.120000,6,gripper_r_finger2,0.460000,0.690000,0.000000,0.460000,0.690000,-0.000000,0.460000,0.690000,-0.000000,0.000000,0.000000,0.000000,0
107,2.140000,1,gripper_l_palm,-0.460000,0.710000,0.000000,-0.460000,0.710000,-0.000000,-0.460000,0.710000,-0.000000,0.000000,0.000000,0.000000,0
107,2.140000,2,gripper_l_finger1,-0.460000,0.690000,0.000000,-0.460000,0.690000,-0.000000,-0.460000,0.690000,-0.000000,0.000000,0.000000,0.000000,0
107,2.140000,3,gripper_l_finger2,-0.460000,0.690000,0.000000,-0.460000,0.690000,-0.000000,-0.460000,0.690000,-0.000000,0.000000,0.000000,0.000000,0
107,2.140000,4,gripper_r_palm,0.460000,0.710000,0.000000,0.460000,0.710000,-0.000000,0.460000,0.710000,-0.000000,0.000000,0.000000,0.000000,0
107,2.140000,5,gripper_r_finger1,0.460000,0.690000,0.000000,0.460000,0.690000,-0.000000,0.460000,0.690000,-0.000000,0.000000,0.000000,0.000000,0
107,2.140000,6,gripper_r_finger2,0.460000,0.690000,0.000000,0.460000,0.690000,-0.000000,0.460000,0.690000,-0.000000,0.000000,0.000000,0.000000,0
108,2.160000,1,gripper_l_palm,-0.460000,0.710000,0.000000,-0.460000,0.710000,-0.000000,-0.460000,0.710000,-0.000000,0.000000,0.000000,0.000000,0
108,2.160000,2,gripper_l_finger1,-0.460000,0.690000,0.000000,-0.460000,0.690000,-0.000000,-0.460000,0.690000,-0.000000,0.000000,0.000000,0.000000,0
108,2.160000,3,gripper_l_finger2,-0.460000,0.690000,0.000000,-0.460000,0.690000,-0.000000,-0.460000,0.690000,-0.000000,0.000000,0.000000,0.000000,0
108,2.160000,4,gripper_r_palm,0.460000,0.710000,0.000000,0.460000,0.710000,-0.000000,0.460000,0.710000,-0.000000,0.000000,0.000000,0.000000,0
108,2.160000,5,gripper_r_finger1,0.460000,0.690000,0.000000,0.460000,0.690000,-0.000000,0.460000,0.690000,-0.000000,0.000000,0.000000,0.000000,0
108,2.160000,6,gripper_r_finger2,0.460000,0.690000,0.000000,0.460000,0.690000,-0.000000,0.460000,0.690000,-0.000000,0.000000,0.000000,0.000000,0
109,2.180000,1,gripper_l_palm,-0.460000,0.710000,0.000000,-0.460000,0.710000,-0.000000,-0.460000,0.710000,-0.000000,0.000000,0.000000,0.000000,0
109,2.180000,2,gripper_l_finger1,-0.460000,0.690000,0.000000,-0.460000,0.690000,-0.000000,-0.460000,0.690000,-0.000000,0.000000,0.000000,0.000000,0
109,2.180000,3,gripper_l_finger2,-0.460000,0.690000,0.000000,-0.460000,0.690000,-0.000000,-0.460000,0.690000,-0.000000,0.000000,0.000000,0.000000,0
109,2.180000,4,gripper_r_palm,0.460000,0.710000,0.000000,0.460000,0.710000,-0.000000,0.460000,0.710000,-0.000000,0.000000,0.000000,0.000000,0
109,2.180000,5,gripper_r_finger1,0.460000,0.690000,0.000000,0.460000,0.690000,-0.000000,0.460000,0.690000,-0.000000,0.000000,0.000000,0.000000,0
109,2.180000,6,gripper_r_finger2,0.460000,0.690000,0.000000,0.460000,0.690000,-0.000000,0.460000,0.690000,-0.000000,0.000000,0.000000,0.000000,0
110,2.200000,1,gripper_l_palm,-0.460000,0.710000,0.000000,-0.460000,0.710000,-0.000000,-0.460000,0.710000,-0.000000,0.000000,0.000000,0.000000,0
110,2.200000,2,gripper_l_finger1,-0.460000,0.690000,0.000000,-0.460000,0.690000,-0.000000,-0.460000,0.690000,-0.000000,0.000000,0.000000,0.000000,0
110,2.200000,3,gripper_l_finger2,-0.460000,0.690000,0.000000,-0.460000,0.690000,-0.000000,-0.460000,0.690000,-0.000000,0.000000,0.000000,0.000000,0
110,2.200000,4,gripper_r_palm,0.460000,0.710000,0.000000,0.460000,0.710000,-0.000000,0.460000,0.710000,-0.000000,0.000000,0.000000,0.000000,0
110,2.200000,5,gripper_r_finger1,0.460000,0.690000,0.000000,0.460000,0.690000,-0.000000,0.460000,0.690000,-0.000000,0.000000,0.000000,0.000000,0
110,2.200000,6,gripper_r_finger2,0.460000,0.690000,0.000000,0.460000,0.690000,-0.000000,0.460000,0.690000,-0.000000,0.000000,0.000000,0.000000,0
111,2.220000,1,gripper_l_palm,-0.460000,0.710000,0.000000,-0.460000,0.710000,-0.000000,-0.460000,0.710000,-0.000000,0.000000,0.000000,0.000000,0
111,2.220000,2,gripper_l_finger1,-0.460000,0.690000,0.000000,-0.460000,0.690000,-0.000000,-0.460000,0.690000,-0.000000,0.000000,0.000000,0.000000,0
111,2.220000,3,gripper_l_finger2,-0.460000,0.690000,0.000000,-0.460000,0.690000,-0.000000,-0.460000,0.690000,-0.000000,0.000000,0.000000,0.000000,0
111,2.220000,4,gripper_r_palm,0.460000,0.710000,0.000000,0.460000,0.710000,-0.000000,0.460000,0.710000,-0.000000,0.000000,0.000000,0.000000,0
111,2.220000,5,gripper_r_finger1,0.460000,0.690000,0.000000,0.460000,0.690000,-0.000000,0.460000,0.690000,-0.000000,0.000000,0.000000,0.000000,0
111,2.220000,6,gripper_r_finger2,0.460000,0.690000,0.000000,0.460000,0.690000,-0.000000,0.460000,0.690000,-0.000000,0.000000,0.000000,0.000000,0
112,2.240000,1,gripper_l_palm,-0.460000,0.710000,0.000000,-0.460000,0.710000,-0.000000,-0.460000,0.710000,-0.000000,0.000000,0.000000,0.000000,0
112,2.240000,2,gripper_l_finger1,-0.460000,0.690000,0.000000,-0.460000,0.690000,-0.000000,-0.460000,0.690000,-0.000000,0.000000,0.000000,0.000000,0
112,2.240000,3,gripper_l_finger2,-0.460000,0.690000,0.000000,-0.460000,0.690000,-0.000000,-0.460000,0.690000,-0.000000,0.000000,0.000000,0.000000,0
112,2.240000,4,gripper_r_palm,0.460000,0.710000,0.000000,0.460000,0.710000,-0.000000,0.460000,0.710000,-0.000000,0.000000,0.000000,0.000000,0
112,2.240000,5,gripper_r_finger1,0.460000,0.690000,0.000000,0.460000,0.690000,-0.000000,0.460000,0.690000,-0.000000,0.000000,0.000000,0.000000,0
112,2.240000,6,gripper_r_finger2,0.460000,0.690000,0.000000,0.460000,0.690000,-0.000000,0.460000,0.690000,-0.000000,0.000000,0.000000,0.000000,0
113,2.260000,1,gripper_l_palm,-0.460000,0.710000,0.000000,-0.460000,0.710000,-0.000000,-0.460000,0.710000,-0.000000,0.000000,0.000000,0.000000,0
113,2.260000,2,gripper_l_finger1,-0.460000,0.690000,0.000000,-0.460000,0.690000,-0.000000,-0.460000,0.690000,-0.000000,0.000000,0.000000,0.000000,0
113,2.260000,3,gripper_l_finger2,-0.460000,0.690000,0.000000,-0.460000,0.690000,-0.000000,-0.460000,0.690000,-0.000000,0.000000,0.000000,0.000000,0
113,2.260000,4,gripper_r_palm,0.460000,0.710000,0.000000,0.460000,0.710000,-0.000000,0.460000,0.710000,-0.000000,0.000000,0.000000,0.000000,0
113,2.260000,5,gripper_r_finger1,0.460000,0.690000,0.000000,0.460000,0.690000,-0.000000,0.460000,0.690000,-0.000000,0.000000,0.000000,0.000000,0
113,2.260000,6,gripper_r_finger2,0.460000,0.690000,0.000000,0.460000,0.690000,-0.000000,0.460000,0.690000,-0.000000,0.000000,0.000000,0.000000,0
114,2.280000,1,gripper_l_palm,-0.460000,0.710000,0.000000,-0.460000,0.710000,-0.000000,-0.460000,0.710000,-0.000000,0.000000,0.000000,0.000000,0
114,2.280000,2,gripper_l_finger1,-0.460000,0.690000,0.000000,-0.460000,0.690000,-0.000000,-0.460000,0.690000,-0.000000,0.000000,0.000000,0.000000,0
114,2.280000,3,gripper_l_finger2,-0.460000,0.690000,0.000000,-0.460000,0.690000,-0.000000,-0.460000,0.690000,-0.000000,0.000000,0.000000,0.000000,0
114,2.280000,4,gripper_r_palm,0.460000,0.710000,0.000000,0.460000,0.710000,-0.000000,0.460000,0.710000,-0.000000,0.000000,0.000000,0.000000,0
114,2.280000,5,gripper_r_finger1,0.460000,0.690000,0.000000,0.460000,0.690000,-0.000000,0.460000,0.690000,-0.000000,0.000000,0.000000,0.000000,0
114,2.280000,6,gripper_r_finger2,0.460000,0.690000,0.000000,0.460000,0.690000,-0.000000,0.460000,0.690000,-0.000000,0.000000,0.000000,0.000000,0
115,2.300000,1,gripper_l_palm,-0.460000,0.710000,0.000000,-0.460000,0.710000,-0.000000,-0.460000,0.710000,-0.000000,0.000000,0.000000,0.000000,0
115,2.300000,2,gripper_l_finger1,-0.460000,0.690000,0.000000,-0.460000,0.690000,-0.000000,-0.460000,0.690000,-0.000000,0.000000,0.000000,0.000000,0
115,2.300000,3,gripper_l_finger2,-0.460000,0.690000,0.000000,-0.460000,0.690000,-0.000000,-0.460000,0.690000,-0.000000,0.000000,0.000000,0.000000,0
115,2.300000,4,gripper_r_palm,0.460000,0.710000,0.000000,0.460000,0.710000,-0.000000,0.460000,0.710000,-0.000000,0.000000,0.000000,0.000000,0
115,2.300000,5,gripper_r_finger1,0.460000,0.690000,0.000000,0.460000,0.690000,-0.000000,0.460000,0.690000,-0.000000,0.000000,0.000000,0.000000,0
115,2.300000,6,gripper_r_finger2,0.460000,0.690000,0.000000,0.460000,0.690000,-0.000000,0.460000,0.690000,-0.000000,0.000000,0.000000,0.000000,0
116,2.320000,1,gripper_l_palm,-0.460000,0.710000,0.000000,-0.460000,0.710000,-0.000000,-0.460000,0.710000,-0.000000,0.000000,0.000000,0.000000,0
116,2.320000,2,gripper_l_finger1,-0.460000,0.690000,0.000000,-0.460000,0.690000,-0.000000,-0.460000,0.690000,-0.000000,0.000000,0.000000,0.000000,0
116,2.320000,3,gripper_l_finger2,-0.460000,0.690000,0.000000,-0.460000,0.690000,-0.000000,-0.460000,0.690000,-0.000000,0.000000,0.000000,0.000000,0
116,2.320000,4,gripper_r_palm,0.460000,0.710000,0.000000,0.460000,0.710000,-0.000000,0.460000,0.710000,-0.000000,0.000000,0.000000,0.000000,0
116,2.320000,5,gripper_r_finger1,0.460000,0.690000,0.000000,0.460000,0.690000,-0.000000,0.460000,0.690000,-0.000000,0.000000,0.000000,0.000000,0
116,2.320000,6,gripper_r_finger2,0.460000,0.690000,0.000000,0.460000,0.690000,-0.000000,0.460000,0.690000,-0.000000,0.000000,0.000000,0.000000,0
117,2.340000,1,gripper_l_palm,-0.460000,0.710000,0.000000,-0.460000,0.710000,-0.000000,-0.460000,0.710000,-0.000000,0.000000,0.000000,0.000000,0
117,2.340000,2,gripper_l_finger1,-0.460000,0.690000,0.000000,-0.460000,0.690000,-0.000000,-0.460000,0.690000,-0.000000,0.000000,0.000000,0.000000,0
117,2.340000,3,gripper_l_finger2,-0.460000,0.690000,0.000000,-0.460000,0.690000,-0.000000,-0.460000,0.690000,-0.000000,0.000000,0.000000,0.000000,0
117,2.340000,4,gripper_r_palm,0.460000,0.710000,0.000000,0.460000,0.710000,-0.000000,0.460000,0.710000,-0.000000,0.000000,0.000000,0.000000,0
117,2.340000,5,gripper_r_finger1,0.460000,0.690000,0.000000,0.460000,0.690000,-0.000000,0.460000,0.690000,-0.000000,0.000000,0.000000,0.000000,0
117,2.340000,6,gripper_r_finger2,0.460000,0.690000,0.000000,0.460000,0.690000,-0.000000,0.460000,0.690000,-0.000000,0.000000,0.000000,0.000000,0
118,2.360000,1,gripper_l_palm,-0.460000,0.710000,0.000000,-0.460000,0.710000,-0.000000,-0.460000,0.710000,-0.000000,0.000000,0.000000,0.000000,0
118,2.360000,2,gripper_l_finger1,-0.460000,0.690000,0.000000,-0.460000,0.690000,-0.000000,-0.460000,0.690000,-0.000000,0.000000,0.000000,0.000000,0
118,2.360000,3,gripper_l_finger2,-0.460000,0.690000,0.000000,-0.460000,0.690000,-0.000000,-0.460000,0.690000,-0.000000,0.000000,0.000000,0.000000,0
118,2.360000,4,gripper_r_palm,0.460000,0.710000,0.000000,0.460000,0.710000,-0.000000,0.460000,0.710000,-0.000000,0.000000,0.000000,0.000000,0
118,2.360000,5,gripper_r_finger1,0.460000,0.690000,0.000000,0.460000,0.690000,-0.000000,0.460000,0.690000,-0.000000,0.000000,0.000000,0.000000,0
118,2.360000,6,gripper_r_finger2,0.460000,0.690000,0.000000,0.460000,0.690000,-0.000000,0.460000,0.690000,-0.000000,0.000000,0.000000,0.000000,0
119,2.380000,1,gripper_l_palm,-0.460000,0.710000,0.000000,-0.460000,0.710000,-0.000000,-0.460000,0.710000,-0.000000,0.000000,0.000000,0.000000,0
119,2.380000,2,gripper_l_finger1,-0.460000,0.690000,0.000000,-0.460000,0.690000,-0.000000,-0.460000,0.690000,-0.000000,0.000000,0.000000,0.000000,0
119,2.380000,3,gripper_l_finger2,-0.460000,0.690000,0.000000,-0.460000,0.690000,-0.000000,-0.460000,0.690000,-0.000000,0.000000,0.000000,0.000000,0
119,2.380000,4,gripper_r_palm,0.460000,0.710000,0.000000,0.460000,0.710000,-0.000000,0.460000,0.710000,-0.000000,0.000000,0.000000,0.000000,0
119,2.380000,5,gripper_r_finger1,0.460000,0.690000,0.000000,0.460000,0.690000,-0.000000,0.460000,0.690000,-0.000000,0.000000,0.000000,0.000000,0
119,2.380000,6,gripper_r_finger2,0.460000,0.690000,0.000000,0.460000,0.690000,-0.000000,0.460000,0.690000,-0.000000,0.000000,0.000000,0.000000,0
120,2.400000,1,gripper_l_palm,-0.460000,0.710000,0.000000,-0.460000,0.710000,-0.000000,-0.460000,0.710000,-0.000000,0.000000,0.000000,0.000000,0
120,2.400000,2,gripper_l_finger1,-0.460000,0.690000,0.000000,-0.460000,0.690000,-0.000000,-0.460000,0.690000,-0.000000,0.000000,0.000000,0.000000,0
120,2.400000,3,gripper_l_finger2,-0.460000,0.690000,0.000000,-0.460000,0.690000,-0.000000,-0.460000,0.690000,-0.000000,0.000000,0.000000,0.000000,0
120,2.400000,4,gripper_r_palm,0.460000,0.710000,0.000000,0.460000,0.710000,-0.000000,0.460000,0.710000,-0.000000,0.000000,0.000000,0.000000,0
120,2.400000,5,gripper_r_finger1,0.460000,0.690000,0.000000,0.460000,0.690000,-0.000000,0.460000,0.690000,-0.000000,0.000000,0.000000,0.000000,0
120,2.400000,6,gripper_r_finger2,0.460000,0.690000,0.000000,0.460000,0.690000,-0.000000,0.460000,0.690000,-0.000000,0.000000,0.000000,0.000000,0
121,2.420000,1,gripper_l_palm,-0.460000,0.710000,0.000000,-0.460000,0.710000,-0.000000,-0.460000,0.710000,-0.000000,0.000000,0.000000,0.000000,0
121,2.420000,2,gripper_l_finger1,-0.460000,0.690000,0.000000,-0.460000,0.690000,-0.000000,-0.460000,0.690000,-0.000000,0.000000,0.000000,0.000000,0
121,2.420000,3,gripper_l_finger2,-0.460000,0.690000,0.000000,-0.460000,0.690000,-0.000000,-0.460000,0.690000,-0.000000,0.000000,0.000000,0.000000,0
121,2.420000,4,gripper_r_palm,0.460000,0.710000,0.000000,0.460000,0.710000,-0.000000,0.460000,0.710000,-0.000000,0.000000,0.000000,0.000000,0
121,2.420000,5,gripper_r_finger1,0.460000,0.690000,0.000000,0.460000,0.690000,-0.000000,0.460000,0.690000,-0.000000,0.000000,0.000000,0.000000,0
121,2.420000,6,gripper_r_finger2,0.460000,0.690000,0.000000,0.460000,0.690000,-0.000000,0.460000,0.690000,-0.000000,0.000000,0.000000,0.000000,0
122,2.440000,1,gripper_l_palm,-0.460000,0.710000,0.000000,-0.460000,0.710000,-0.000000,-0.460000,0.710000,-0.000000,0.000000,0.000000,0.000000,0
122,2.440000,2,gripper_l_finger1,-0.460000,0.690000,0.000000,-0.460000,0.690000,-0.000000,-0.460000,0.690000,-0.000000,0.000000,0.000000,0.000000,0
122,2.440000,3,gripper_l_finger2,-0.460000,0.690000,0.000000,-0.460000,0.690000,-0.000000,-0.460000,0.690000,-0.000000,0.000000,0.000000,0.000000,0
122,2.440000,4,gripper_r_palm,0.460000,0.710000,0.000000,0.460000,0.710000,-0.000000,0.460000,0.710000,-0.000000,0.000000,0.000000,0.000000,0
122,2.440000,5,gripper_r_finger1,0.460000,0.690000,0.000000,0.460000,0.690000,-0.000000,0.460000,0.690000,-0.000000,0.000000,0.000000,0.000000,0
122,2.440000,6,gripper_r_finger2,0.460000,0.690000,0.000000,0.460000,0.690000,-0.000000,0.460000,0.690000,-0.000000,0.000000,0.000000,0.000000,0
123,2.460000,1,gripper_l_palm,-0.460000,0.710000,0.000000,-0.460000,0.710000,-0.000000,-0.460000,0.710000,-0.000000,0.000000,0.000000,0.000000,0
123,2.460000,2,gripper_l_finger1,-0.460000,0.690000,0.000000,-0.460000,0.690000,-0.000000,-0.460000,0.690000,-0.000000,0.000000,0.000000,0.000000,0
123,2.460000,3,gripper_l_finger2,-0.460000,0.690000,0.000000,-0.460000,0.690000,-0.000000,-0.460000,0.690000,-0.000000,0.000000,0.000000,0.000000,0
123,2.460000,4,gripper_r_palm,0.460000,0.710000,0.000000,0.460000,0.710000,-0.000000,0.460000,0.710000,-0.000000,0.000000,0.000000,0.000000,0
123,2.460000,5,gripper_r_finger1,0.460000,0.690000,0.000000,0.460000,0.690000,-0.000000,0.460000,0.690000,-0.000000,0.000000,0.000000,0.000000,0
123,2.460000,6,gripper_r_finger2,0.460000,0.690000,0.000000,0.460000,0.690000,-0.000000,0.460000,0.690000,-0.000000,0.000000,0.000000,0.000000,0
124,2.480000,1,gripper_l_palm,-0.460000,0.710000,0.000000,-0.460000,0.710000,-0.000000,-0.460000,0.710000,-0.000000,0.000000,0.000000,0.000000,0
124,2.480000,2,gripper_l_finger1,-0.460000,0.690000,0.000000,-0.460000,0.690000,-0.000000,-0.460000,0.690000,-0.000000,0.000000,0.000000,0.000000,0
124,2.480000,3,gripper_l_finger2,-0.460000,0.690000,0.000000,-0.460000,0.690000,-0.000000,-0.460000,0.690000,-0.000000,0.000000,0.000000,0.000000,0
124,2.480000,4,gripper_r_palm,0.460000,0.710000,0.000000,0.460000,0.710000,-0.000000,0.460000,0.710000,-0.000000,0.000000,0.000000,0.000000,0
124,2.480000,5,gripper_r_finger1,0.460000,0.690000,0.000000,0.460000,0.690000,-0.000000,0.460000,0.690000,-0.000000,0.000000,0.000000,0.000000,0
124,2.480000,6,gripper_r_finger2,0.460000,0.690000,0.000000,0.460000,0.690000,-0.000000,0.460000,0.690000,-0.000000,0.000000,0.000000,0.000000,0
125,2.500000,1,gripper_l_palm,-0.460000,0.710000,0.000000,-0.460000,0.710000,-0.000000,-0.460000,0.710000,-0.000000,0.000000,0.000000,0.000000,0
125,2.500000,2,gripper_l_finger1,-0.460000,0.690000,0.000000,-0.460000,0.690000,-0.000000,-0.460000,0.690000,-0.000000,0.000000,0.000000,0.000000,0
125,2.500000,3,gripper_l_finger2,-0.460000,0.690000,0.000000,-0.460000,0.690000,-0.000000,-0.460000,0.690000,-0.000000,0.000000,0.000000,0.000000,0
125,2.500000,4,gripper_r_palm,0.460000,0.710000,0.000000,0.460000,0.710000,-0.000000,0.460000,0.710000,-0.000000,0.000000,0.000000,0.000000,0
125,2.500000,5,gripper_r_finger1,0.460000,0.690000,0.000000,0.460000,0.690000,-0.000000,0.460000,0.690000,-0.000000,0.000000,0.000000,0.000000,0
125,2.500000,6,gripper_r_finger2,0.460000,0.690000,0.000000,0.460000,0.690000,-0.000000,0.460000,0.690000,-0.000000,0.000000,0.000000,0.000000,0
126,2.520000,1,gripper_l_palm,-0.460000,0.710000,0.000000,-0.460000,0.710000,-0.000000,-0.460000,0.710000,-0.000000,0.000000,0.000000,0.000000,0
126,2.520000,2,gripper_l_finger1,-0.460000,0.690000,0.000000,-0.460000,0.690000,-0.000000,-0.460000,0.690000,-0.000000,0.000000,0.000000,0.000000,0
126,2.520000,3,gripper_l_finger2,-0.460000,0.690000,0.000000,-0.460000,0.690000,-0.000000,-0.460000,0.690000,-0.000000,0.000000,0.000000,0.000000,0
126,2.520000,4,gripper_r_palm,0.460000,0.710000,0.000000,0.460000,0.710000,-0.000000,0.460000,0.710000,-0.000000,0.000000,0.000000,0.000000,0
126,2.520000,5,gripper_r_finger1,0.460000,0.690000,0.000000,0.460000,0.690000,-0.000000,0.460000,0.690000,-0.000000,0.000000,0.000000,0.000000,0
126,2.520000,6,gripper_r_finger2,0.460000,0.690000,0.000000,0.460000,0.690000,-0.000000,0.460000,0.690000,-0.000000,0.000000,0.000000,0.000000,0
127,2.540000,1,gripper_l_palm,-0.460000,0.710000,0.000000,-0.460000,0.710000,-0.000000,-0.460000,0.710000,-0.000000,0.000000,0.000000,0.000000,0
127,2.540000,2,gripper_l_finger1,-0.460000,0.690000,0.000000,-0.460000,0.690000,-0.000000,-0.460000,0.690000,-0.000000,0.000000,0.000000,0.000000,0
127,2.540000,3,gripper_l_finger2,-0.460000,0.690000,0.000000,-0.460000,0.690000,-0.000000,-0.460000,0.690000,-0.000000,0.000000,0.000000,0.000000,0
127,2.540000,4,gripper_r_palm,0.460000,0.710000,0.000000,0.460000,0.710000,-0.000000,0.460000,0.710000,-0.000000,0.000000,0.000000,0.000000,0
127,2.540000,5,gripper_r_finger1,0.460000,0.690000,0.000000,0.460000,0.690000,-0.000000,0.460000,0.690000,-0.000000,0.000000,0.000000,0.000000,0
127,2.540000,6,gripper_r_finger2,0.460000,0.690000,0.000000,0.460000,0.690000,-0.000000,0.460000,0.690000,-0.000000,0.000000,0.000000,0.000000,0
128,2.560000,1,gripper_l_palm,-0.460000,0.710000,0.000000,-0.460000,0.710000,-0.000000,-0.460000,0.710000,-0.000000,0.000000,0.000000,0.000000,0
128,2.560000,2,gripper_l_finger1,-0.460000,0.690000,0.000000,-0.460000,0.690000,-0.000000,-0.460000,0.690000,-0.000000,0.000000,0.000000,0.000000,0
128,2.560000,3,gripper_l_finger2,-0.460000,0.690000,0.000000,-0.460000,0.690000,-0.000000,-0.460000,0.690000,-0.000000,0.000000,0.000000,0.000000,0
128,2.560000,4,gripper_r_palm,0.460000,0.710000,0.000000,0.460000,0.710000,-0.000000,0.460000,0.710000,-0.000000,0.000000,0.000000,0.000000,0
128,2.560000,5,gripper_r_finger1,0.460000,0.690000,0.000000,0.460000,0.690000,-0.000000,0.460000,0.690000,-0.000000,0.000000,0.000000,0.000000,0
128,2.560000,6,gripper_r_finger2,0.460000,0.690000,0.000000,0.460000,0.690000,-0.000000,0.460000,0.690000,-0.000000,0.000000,0.000000,0.000000,0
129,2.580000,1,gripper_l_palm,-0.460000,0.710000,0.000000,-0.460000,0.710000,-0.000000,-0.460000,0.710000,-0.000000,0.000000,0.000000,0.000000,0
129,2.580000,2,gripper_l_finger1,-0.460000,0.690000,0.000000,-0.460000,0.690000,-0.000000,-0.460000,0.690000,-0.000000,0.000000,0.000000,0.000000,0
129,2.580000,3,gripper_l_finger2,-0.460000,0.690000,0.000000,-0.460000,0.690000,-0.000000,-0.460000,0.690000,-0.000000,0.000000,0.000000,0.000000,0
129,2.580000,4,gripper_r_palm,0.460000,0.710000,0.000000,0.460000,0.710000,-0.000000,0.460000,0.710000,-0.000000,0.000000,0.000000,0.000000,0
129,2.580000,5,gripper_r_finger1,0.460000,0.690000,0.000000,0.460000,0.690000,-0.000000,0.460000,0.690000,-0.000000,0.000000,0.000000,0.000000,0
129,2.580000,6,gripper_r_finger2,0.460000,0.690000,0.000000,0.460000,0.690000,-0.000000,0.460000,0.690000,-0.000000,0.000000,0.000000,0.000000,0
130,2.600000,1,gripper_l_palm,-0.460000,0.710000,0.000000,-0.460000,0.710000,-0.000000,-0.460000,0.710000,-0.000000,0.000000,0.000000,0.000000,0
130,2.600000,2,gripper_l_finger1,-0.460000,0.690000,0.000000,-0.460000,0.690000,-0.000000,-0.460000,0.690000,-0.000000,0.000000,0.000000,0.000000,0
130,2.600000,3,gripper_l_finger2,-0.460000,0.690000,0.000000,-0.460000,0.690000,-0.000000,-0.460000,0.690000,-0.000000,0.000000,0.000000,0.000000,0
130,2.600000,4,gripper_r_palm,0.460000,0.710000,0.000000,0.460000,0.710000,-0.000000,0.460000,0.710000,-0.000000,0.000000,0.000000,0.000000,0
130,2.600000,5,gripper_r_finger1,0.460000,0.690000,0.000000,0.460000,0.690000,-0.000000,0.460000,0.690000,-0.000000,0.000000,0.000000,0.000000,0
130,2.600000,6,gripper_r_finger2,0.460000,0.690000,0.000000,0.460000,0.690000,-0.000000,0.460000,0.690000,-0.000000,0.000000,0.000000,0.000000,0
131,2.620000,1,gripper_l_palm,-0.460000,0.710000,0.000000,-0.460000,0.710000,-0.000000,-0.460000,0.710000,-0.000000,0.000000,0.000000,0.000000,0
131,2.620000,2,gripper_l_finger1,-0.460000,0.690000,0.000000,-0.460000,0.690000,-0.000000,-0.460000,0.690000,-0.000000,0.000000,0.000000,0.000000,0
131,2.620000,3,gripper_l_finger2,-0.460000,0.690000,0.000000,-0.460000,0.690000,-0.000000,-0.460000,0.690000,-0.000000,0.000000,0.000000,0.000000,0
131,2.620000,4,gripper_r_palm,0.460000,0.710000,0.000000,0.460000,0.710000,-0.000000,0.460000,0.710000,-0.000000,0.000000,0.000000,0.000000,0
131,2.620000,5,gripper_r_finger1,0.460000,0.690000,0.000000,0.460000,0.690000,-0.000000,0.460000,0.690000,-0.000000,0.000000,0.000000,0.000000,0
131,2.620000,6,gripper_r_finger2,0.460000,0.690000,0.000000,0.460000,0.690000,-0.000000,0.460000,0.690000,-0.000000,0.000000,0.000000,0.000000,0
132,2.640000,1,gripper_l_palm,-0.460000,0.710000,0.000000,-0.460000,0.710000,-0.000000,-0.460000,0.710000,-0.000000,0.000000,0.000000,0.000000,0
132,2.640000,2,gripper_l_finger1,-0.460000,0.690000,0.000000,-0.460000,0.690000,-0.000000,-0.460000,0.690000,-0.000000,0.000000,0.000000,0.000000,0
132,2.640000,3,gripper_l_finger2,-0.460000,0.690000,0.000000,-0.460000,0.690000,-0.000000,-0.460000,0.690000,-0.000000,0.000000,0.000000,0.000000,0
132,2.640000,4,gripper_r_palm,0.460000,0.710000,0.000000,0.460000,0.710000,-0.000000,0.460000,0.710000,-0.000000,0.000000,0.000000,0.000000,0
132,2.640000,5,gripper_r_finger1,0.460000,0.690000,0.000000,0.460000,0.690000,-0.000000,0.460000,0.690000,-0.000000,0.000000,0.000000,0.000000,0
132,2.640000,6,gripper_r_finger2,0.460000,0.690000,0.000000,0.460000,0.690000,-0.000000,0.460000,0.690000,-0.000000,0.000000,0.000000,0.000000,0
133,2.660000,1,gripper_l_palm,-0.460000,0.710000,0.000000,-0.460000,0.710000,-0.000000,-0.460000,0.710000,-0.000000,0.000000,0.000000,0.000000,0
133,2.660000,2,gripper_l_finger1,-0.460000,0.690000,0.000000,-0.460000,0.690000,-0.000000,-0.460000,0.690000,-0.000000,0.000000,0.000000,0.000000,0
133,2.660000,3,gripper_l_finger2,-0.460000,0.690000,0.000000,-0.460000,0.690000,-0.000000,-0.460000,0.690000,-0.000000,0.000000,0.000000,0.000000,0
133,2.660000,4,gripper_r_palm,0.460000,0.710000,0.000000,0.460000,0.710000,-0.000000,0.460000,0.710000,-0.000000,0.000000,0.000000,0.000000,0
133,2.660000,5,gripper_r_finger1,0.460000,0.690000,0.000000,0.460000,0.690000,-0.000000,0.460000,0.690000,-0.000000,0.000000,0.000000,0.000000,0
133,2.660000,6,gripper_r_finger2,0.460000,0.690000,0.000000,0.460000,0.690000,-0.000000,0.460000,0.690000,-0.000000,0.000000,0.000000,0.000000,0
134,2.680000,1,gripper_l_palm,-0.460000,0.710000,0.000000,-0.460000,0.710000,-0.000000,-0.460000,0.710000,-0.000000,0.000000,0.000000,0.000000,0
134,2.680000,2,gripper_l_finger1,-0.460000,0.690000,0.000000,-0.460000,0.690000,-0.000000,-0.460000,0.690000,-0.000000,0.000000,0.000000,0.000000,0
134,2.680000,3,gripper_l_finger2,-0.460000,0.690000,0.000000,-0.460000,0.690000,-0.000000,-0.460000,0.690000,-0.000000,0.000000,0.000000,0.000000,0
134,2.680000,4,gripper_r_palm,0.460000,0.710000,0.000000,0.460000,0.710000,-0.000000,0.460000,0.710000,-0.000000,0.000000,0.000000,0.000000,0
134,2.680000,5,gripper_r_finger1,0.460000,0.690000,0.000000,0.460000,0.690000,-0.000000,0.460000,0.690000,-0.000000,0.000000,0.000000,0.000000,0
134,2.680000,6,gripper_r_finger2,0.460000,0.690000,0.000000,0.460000,0.690000,-0.000000,0.460000,0.690000,-0.000000,0.000000,0.000000,0.000000,0
135,2.700000,1,gripper_l_palm,-0.460000,0.710000,0.000000,-0.460000,0.710000,-0.000000,-0.460000,0.710000,-0.000000,0.000000,0.000000,0.000000,0
135,2.700000,2,gripper_l_finger1,-0.460000,0.690000,0.000000,-0.460000,0.690000,-0.000000,-0.460000,0.690000,-0.000000,0.000000,0.000000,0.000000,0
135,2.700000,3,gripper_l_finger2,-0.460000,0.690000,0.000000,-0.460000,0.690000,-0.000000,-0.460000,0.690000,-0.000000,0.000000,0.000000,0.000000,0
135,2.700000,4,gripper_r_palm,0.460000,0.710000,0.000000,0.460000,0.710000,-0.000000,0.460000,0.710000,-0.000000,0.000000,0.000000,0.000000,0
135,2.700000,5,gripper_r_finger1,0.460000,0.690000,0.000000,0.460000,0.690000,-0.000000,0.460000,0.690000,-0.000000,0.000000,0.000000,0.000000,0
135,2.700000,6,gripper_r_finger2,0.460000,0.690000,0.000000,0.460000,0.690000,-0.000000,0.460000,0.690000,-0.000000,0.000000,0.000000,0.000000,0
136,2.720000,1,gripper_l_palm,-0.460000,0.710000,0.000000,-0.460000,0.710000,-0.000000,-0.460000,0.710000,-0.000000,0.000000,0.000000,0.000000,0
136,2.720000,2,gripper_l_finger1,-0.460000,0.690000,0.000000,-0.460000,0.690000,-0.000000,-0.460000,0.690000,-0.000000,0.000000,0.000000,0.000000,0
136,2.720000,3,gripper_l_finger2,-0.460000,0.690000,0.000000,-0.460000,0.690000,-0.000000,-0.460000,0.690000,-0.000000,0.000000,0.000000,0.000000,0
136,2.720000,4,gripper_r_palm,0.460000,0.710000,0.000000,0.460000,0.710000,-0.000000,0.460000,0.710000,-0.000000,0.000000,0.000000,0.000000,0
136,2.720000,5,gripper_r_finger1,0.460000,0.690000,0.000000,0.460000,0.690000,-0.000000,0.460000,0.690000,-0.000000,0.000000,0.000000,0.000000,0
136,2.720000,6,gripper_r_finger2,0.460000,0.690000,0.000000,0.460000,0.690000,-0.000000,0.460000,0.690000,-0.000000,0.000000,0.000000,0.000000,0
137,2.740000,1,gripper_l_palm,-0.460000,0.710000,0.000000,-0.460000,0.710000,-0.000000,-0.460000,0.710000,-0.000000,0.000000,0.000000,0.000000,0
137,2.740000,2,gripper_l_finger1,-0.460000,0.690000,0.000000,-0.460000,0.690000,-0.000000,-0.460000,0.690000,-0.000000,0.000000,0.000000,0.000000,0
137,2.740000,3,gripper_l_finger2,-0.460000,0.690000,0.000000,-0.460000,0.690000,-0.000000,-0.460000,0.690000,-0.000000,0.000000,0.000000,0.000000,0
137,2.740000,4,gripper_r_palm,0.460000,0.710000,0.000000,0.460000,0.710000,-0.000000,0.460000,0.710000,-0.000000,0.000000,0.000000,0.000000,0
137,2.740000,5,gripper_r_finger1,0.460000,0.690000,0.000000,0.460000,0.690000,-0.000000,0.460000,0.690000,-0.000000,0.000000,0.000000,0.000000,0
137,2.740000,6,gripper_r_finger2,0.460000,0.690000,0.000000,0.460000,0.690000,-0.000000,0.460000,0.690000,-0.000000,0.000000,0.000000,0.000000,0
138,2.760000,1,gripper_l_palm,-0.460000,0.710000,0.000000,-0.460000,0.710000,-0.000000,-0.460000,0.710000,-0.000000,0.000000,0.000000,0.000000,0
138,2.760000,2,gripper_l_finger1,-0.460000,0.690000,0.000000,-0.460000,0.690000,-0.000000,-0.460000,0.690000,-0.000000,0.000000,0.000000,0.000000,0
138,2.760000,3,gripper_l_finger2,-0.460000,0.690000,0.000000,-0.460000,0.690000,-0.000000,-0.460000,0.690000,-0.000000,0.000000,0.000000,0.000000,0
138,2.760000,4,gripper_r_palm,0.460000,0.710000,0.000000,0.460000,0.710000,-0.000000,0.460000,0.710000,-0.000000,0.000000,0.000000,0.000000,0
138,2.760000,5,gripper_r_finger1,0.460000,0.690000,0.000000,0.460000,0.690000,-0.000000,0.460000,0.690000,-0.000000,0.000000,0.000000,0.000000,0
138,2.760000,6,gripper_r_finger2,0.460000,0.690000,0.000000,0.460000,0.690000,-0.000000,0.460000,0.690000,-0.000000,0.000000,0.000000,0.000000,0
139,2.780000,1,gripper_l_palm,-0.460000,0.710000,0.000000,-0.460000,0.710000,-0.000000,-0.460000,0.710000,-0.000000,0.000000,0.000000,0.000000,0
139,2.780000,2,gripper_l_finger1,-0.460000,0.690000,0.000000,-0.460000,0.690000,-0.000000,-0.460000,0.690000,-0.000000,0.000000,0.000000,0.000000,0
139,2.780000,3,gripper_l_finger2,-0.460000,0.690000,0.000000,-0.460000,0.690000,-0.000000,-0.460000,0.690000,-0.000000,0.000000,0.000000,0.000000,0
139,2.780000,4,gripper_r_palm,0.460000,0.710000,0.000000,0.460000,0.710000,-0.000000,0.460000,0.710000,-0.000000,0.000000,0.000000,0.000000,0
139,2.780000,5,gripper_r_finger1,0.460000,0.690000,0.000000,0.460000,0.690000,-0.000000,0.460000,0.690000,-0.000000,0.000000,0.000000,0.000000,0
139,2.780000,6,gripper_r_finger2,0.460000,0.690000,0.000000,0.460000,0.690000,-0.000000,0.460000,0.690000,-0.000000,0.000000,0.000000,0.000000,0
140,2.800000,1,gripper_l_palm,-0.460000,0.710000,0.000000,-0.460000,0.710000,-0.000000,-0.460000,0.710000,-0.000000,0.000000,0.000000,0.000000,0
140,2.800000,2,gripper_l_finger1,-0.460000,0.690000,0.000000,-0.460000,0.690000,-0.000000,-0.460000,0.690000,-0.000000,0.000000,0.000000,0.000000,0
140,2.800000,3,gripper_l_finger2,-0.460000,0.690000,0.000000,-0.460000,0.690000,-0.000000,-0.460000,0.690000,-0.000000,0.000000,0.000000,0.000000,0
140,2.800000,4,gripper_r_palm,0.460000,0.710000,0.000000,0.460000,0.710000,-0.000000,0.460000,0.710000,-0.000000,0.000000,0.000000,0.000000,0
140,2.800000,5,gripper_r_finger1,0.460000,0.690000,0.000000,0.460000,0.690000,-0.000000,0.460000,0.690000,-0.000000,0.000000,0.000000,0.000000,0
140,2.800000,6,gripper_r_finger2,0.460000,0.690000,0.000000,0.460000,0.690000,-0.000000,0.460000,0.690000,-0.000000,0.000000,0.000000,0.000000,0
141,2.820000,1,gripper_l_palm,-0.460000,0.710000,0.000000,-0.460000,0.710000,-0.000000,-0.460000,0.710000,-0.000000,0.000000,0.000000,0.000000,0
141,2.820000,2,gripper_l_finger1,-0.460000,0.690000,0.000000,-0.460000,0.690000,-0.000000,-0.460000,0.690000,-0.000000,0.000000,0.000000,0.000000,0
141,2.820000,3,gripper_l_finger2,-0.460000,0.690000,0.000000,-0.460000,0.690000,-0.000000,-0.460000,0.690000,-0.000000,0.000000,0.000000,0.000000,0
141,2.820000,4,gripper_r_palm,0.460000,0.710000,0.000000,0.460000,0.710000,-0.000000,0.460000,0.710000,-0.000000,0.000000,0.000000,0.000000,0
141,2.820000,5,gripper_r_finger1,0.460000,0.690000,0.000000,0.460000,0.690000,-0.000000,0.460000,0.690000,-0.000000,0.000000,0.000000,0.000000,0
141,2.820000,6,gripper_r_finger2,0.460000,0.690000,0.000000,0.460000,0.690000,-0.000000,0.460000,0.690000,-0.000000,0.000000,0.000000,0.000000,0
142,2.840000,1,gripper_l_palm,-0.460000,0.710000,0.000000,-0.460000,0.710000,-0.000000,-0.460000,0.710000,-0.000000,0.000000,0.000000,0.000000,0
142,2.840000,2,gripper_l_finger1,-0.460000,0.690000,0.000000,-0.460000,0.690000,-0.000000,-0.460000,0.690000,-0.000000,0.000000,0.000000,0.000000,0
142,2.840000,3,gripper_l_finger2,-0.460000,0.690000,0.000000,-0.460000,0.690000,-0.000000,-0.460000,0.690000,-0.000000,0.000000,0.000000,0.000000,0
142,2.840000,4,gripper_r_palm,0.460000,0.710000,0.000000,0.460000,0.710000,-0.000000,0.460000,0.710000,-0.000000,0.000000,0.000000,0.000000,0
142,2.840000,5,gripper_r_finger1,0.460000,0.690000,0.000000,0.460000,0.690000,-0.000000,0.460000,0.690000,-0.000000,0.000000,0.000000,0.000000,0
142,2.840000,6,gripper_r_finger2,0.460000,0.690000,0.000000,0.460000,0.690000,-0.000000,0.460000,0.690000,-0.000000,0.000000,0.000000,0.000000,0
143,2.860000,1,gripper_l_palm,-0.460000,0.710000,0.000000,-0.460000,0.710000,-0.000000,-0.460000,0.710000,-0.000000,0.000000,0.000000,0.000000,0
143,2.860000,2,gripper_l_finger1,-0.460000,0.690000,0.000000,-0.460000,0.690000,-0.000000,-0.460000,0.690000,-0.000000,0.000000,0.000000,0.000000,0
143,2.860000,3,gripper_l_finger2,-0.460000,0.690000,0.000000,-0.460000,0.690000,-0.000000,-0.460000,0.690000,-0.000000,0.000000,0.000000,0.000000,0
143,2.860000,4,gripper_r_palm,0.460000,0.710000,0.000000,0.460000,0.710000,-0.000000,0.460000,0.710000,-0.000000,0.000000,0.000000,0.000000,0
143,2.860000,5,gripper_r_finger1,0.460000,0.690000,0.000000,0.460000,0.690000,-0.000000,0.460000,0.690000,-0.000000,0.000000,0.000000,0.000000,0
143,2.860000,6,gripper_r_finger2,0.460000,0.690000,0.000000,0.460000,0.690000,-0.000000,0.460000,0.690000,-0.000000,0.000000,0.000000,0.000000,0
144,2.880000,1,gripper_l_palm,-0.460000,0.710000,0.000000,-0.460000,0.710000,-0.000000,-0.460000,0.710000,-0.000000,0.000000,0.000000,0.000000,0
144,2.880000,2,gripper_l_finger1,-0.460000,0.690000,0.000000,-0.460000,0.690000,-0.000000,-0.460000,0.690000,-0.000000,0.000000,0.000000,0.000000,0
144,2.880000,3,gripper_l_finger2,-0.460000,0.690000,0.000000,-0.460000,0.690000,-0.000000,-0.460000,0.690000,-0.000000,0.000000,0.000000,0.000000,0
144,2.880000,4,gripper_r_palm,0.460000,0.710000,0.000000,0.460000,0.710000,-0.000000,0.460000,0.710000,-0.000000,0.000000,0.000000,0.000000,0
144,2.880000,5,gripper_r_finger1,0.460000,0.690000,0.000000,0.460000,0.690000,-0.000000,0.460000,0.690000,-0.000000,0.000000,0.000000,0.000000,0
144,2.880000,6,gripper_r_finger2,0.460000,0.690000,0.000000,0.460000,0.690000,-0.000000,0.460000,0.690000,-0.000000,0.000000,0.000000,0.000000,0
145,2.900000,1,gripper_l_palm,-0.460000,0.710000,0.000000,-0.460000,0.710000,-0.000000,-0.460000,0.710000,-0.000000,0.000000,0.000000,0.000000,0
145,2.900000,2,gripper_l_finger1,-0.460000,0.690000,0.000000,-0.460000,0.690000,-0.000000,-0.460000,0.690000,-0.000000,0.000000,0.000000,0.000000,0
145,2.900000,3,gripper_l_finger2,-0.460000,0.690000,0.000000,-0.460000,0.690000,-0.000000,-0.460000,0.690000,-0.000000,0.000000,0.000000,0.000000,0
145,2.900000,4,gripper_r_palm,0.460000,0.710000,0.000000,0.460000,0.710000,-0.000000,0.460000,0.710000,-0.000000,0.000000,0.000000,0.000000,0
145,2.900000,5,gripper_r_finger1,0.460000,0.690000,0.000000,0.460000,0.690000,-0.000000,0.460000,0.690000,-0.000000,0.000000,0.000000,0.000000,0
145,2.900000,6,gripper_r_finger2,0.460000,0.690000,0.000000,0.460000,0.690000,-0.000000,0.460000,0.690000,-0.000000,0.000000,0.000000,0.000000,0
146,2.920000,1,gripper_l_palm,-0.460000,0.710000,0.000000,-0.460000,0.710000,-0.000000,-0.460000,0.710000,-0.000000,0.000000,0.000000,0.000000,0
146,2.920000,2,gripper_l_finger1,-0.460000,0.690000,0.000000,-0.460000,0.690000,-0.000000,-0.460000,0.690000,-0.000000,0.000000,0.000000,0.000000,0
146,2.920000,3,gripper_l_finger2,-0.460000,0.690000,0.000000,-0.460000,0.690000,-0.000000,-0.460000,0.690000,-0.000000,0.000000,0.000000,0.000000,0
146,2.920000,4,gripper_r_palm,0.460000,0.710000,0.000000,0.460000,0.710000,-0.000000,0.460000,0.710000,-0.000000,0.000000,0.000000,0.000000,0
146,2.920000,5,gripper_r_finger1,0.460000,0.690000,0.000000,0.460000,0.690000,-0.000000,0.460000,0.690000,-0.000000,0.000000,0.000000,0.000000,0
146,2.920000,6,gripper_r_finger2,0.460000,0.690000,0.000000,0.460000,0.690000,-0.000000,0.460000,0.690000,-0.000000,0.000000,0.000000,0.000000,0
147,2.940000,1,gripper_l_palm,-0.460000,0.710000,0.000000,-0.460000,0.710000,-0.000000,-0.460000,0.710000,-0.000000,0.000000,0.000000,0.000000,0
147,2.940000,2,gripper_l_finger1,-0.460000,0.690000,0.000000,-0.460000,0.690000,-0.000000,-0.460000,0.690000,-0.000000,0.000000,0.000000,0.000000,0
147,2.940000,3,gripper_l_finger2,-0.460000,0.690000,0.000000,-0.460000,0.690000,-0.000000,-0.460000,0.690000,-0.000000,0.000000,0.000000,0.000000,0
147,2.940000,4,gripper_r_palm,0.460000,0.710000,0.000000,0.460000,0.710000,-0.000000,0.460000,0.710000,-0.000000,0.000000,0.000000,0.000000,0
147,2.940000,5,gripper_r_finger1,0.460000,0.690000,0.000000,0.460000,0.690000,-0.000000,0.460000,0.690000,-0.000000,0.000000,0.000000,0.000000,0
147,2.940000,6,gripper_r_finger2,0.460000,0.690000,0.000000,0.460000,0.690000,-0.000000,0.460000,0.690000,-0.000000,0.000000,0.000000,0.000000,0
148,2.960000,1,gripper_l_palm,-0.460000,0.710000,0.000000,-0.460000,0.710000,-0.000000,-0.460000,0.710000,-0.000000,0.000000,0.000000,0.000000,0
148,2.960000,2,gripper_l_finger1,-0.460000,0.690000,0.000000,-0.460000,0.690000,-0.000000,-0.460000,0.690000,-0.000000,0.000000,0.000000,0.000000,0
148,2.960000,3,gripper_l_finger2,-0.460000,0.690000,0.000000,-0.460000,0.690000,-0.000000,-0.460000,0.690000,-0.000000,0.000000,0.000000,0.000000,0
148,2.960000,4,gripper_r_palm,0.460000,0.710000,0.000000,0.460000,0.710000,-0.000000,0.460000,0.710000,-0.000000,0.000000,0.000000,0.000000,0
148,2.960000,5,gripper_r_finger1,0.460000,0.690000,0.000000,0.460000,0.690000,-0.000000,0.460000,0.690000,-0.000000,0.000000,0.000000,0.000000,0
148,2.960000,6,gripper_r_finger2,0.460000,0.690000,0.000000,0.460000,0.690000,-0.000000,0.460000,0.690000,-0.000000,0.000000,0.000000,0.000000,0
149,2.980000,1,gripper_l_palm,-0.460000,0.710000,0.000000,-0.460000,0.710000,-0.000000,-0.460000,0.710000,-0.000000,0.000000,0.000000,0.000000,0
149,2.980000,2,gripper_l_finger1,-0.460000,0.690000,0.000000,-0.460000,0.690000,-0.000000,-0.460000,0.690000,-0.000000,0.000000,0.000000,0.000000,0
149,2.980000,3,gripper_l_finger2,-0.460000,0.690000,0.000000,-0.460000,0.690000,-0.000000,-0.460000,0.690000,-0.000000,0.000000,0.000000,0.000000,0
149,2.980000,4,gripper_r_palm,0.460000,0.710000,0.000000,0.460000,0.710000,-0.000000,0.460000,0.710000,-0.000000,0.000000,0.000000,0.000000,0
149,2.980000,5,gripper_r_finger1,0.460000,0.690000,0.000000,0.460000,0.690000,-0.000000,0.460000,0.690000,-0.000000,0.000000,0.000000,0.000000,0
149,2.980000,6,gripper_r_finger2,0.460000,0.690000,0.000000,0.460000,0.690000,-0.000000,0.460000,0.690000,-0.000000,0.000000,0.000000,0.000000,0
150,3.000000,1,gripper_l_palm,-0.460000,0.710000,0.000000,-0.460000,0.710000,-0.000000,-0.460000,0.710000,-0.000000,0.000000,0.000000,0.000000,0
150,3.000000,2,gripper_l_finger1,-0.460000,0.690000,0.000000,-0.460000,0.690000,-0.000000,-0.460000,0.690000,-0.000000,0.000000,0.000000,0.000000,0
150,3.000000,3,gripper_l_finger2,-0.460000,0.690000,0.000000,-0.460000,0.690000,-0.000000,-0.460000,0.690000,-0.000000,0.000000,0.000000,0.000000,0
150,3.000000,4,gripper_r_palm,0.460000,0.710000,0.000000,0.460000,0.710000,-0.000000,0.460000,0.710000,-0.000000,0.000000,0.000000,0.000000,0
150,3.000000,5,gripper_r_finger1,0.460000,0.690000,0.000000,0.460000,0.690000,-0.000000,0.460000,0.690000,-0.000000,0.000000,0.000000,0.000000,0
150,3.000000,6,gripper_r_finger2,0.460000,0.690000,0.000000,0.460000,0.690000,-0.000000,0.460000,0.690000,-0.000000,0.000000,0.000000,0.000000,0
151,3.020000,1,gripper_l_palm,-0.460000,0.710000,0.000000,-0.460000,0.710000,-0.000000,-0.460000,0.710000,-0.000000,0.000000,0.000000,0.000000,0
151,3.020000,2,gripper_l_finger1,-0.460000,0.690000,0.000000,-0.460000,0.690000,-0.000000,-0.460000,0.690000,-0.000000,0.000000,0.000000,0.000000,0
151,3.020000,3,gripper_l_finger2,-0.460000,0.690000,0.000000,-0.460000,0.690000,-0.000000,-0.460000,0.690000,-0.000000,0.000000,0.000000,0.000000,0
151,3.020000,4,gripper_r_palm,0.460000,0.710000,0.000000,0.460000,0.710000,-0.000000,0.460000,0.710000,-0.000000,0.000000,0.000000,0.000000,0
151,3.020000,5,gripper_r_finger1,0.460000,0.690000,0.000000,0.460000,0.690000,-0.000000,0.460000,0.690000,-0.000000,0.000000,0.000000,0.000000,0
151,3.020000,6,gripper_r_finger2,0.460000,0.690000,0.000000,0.460000,0.690000,-0.000000,0.460000,0.690000,-0.000000,0.000000,0.000000,0.000000,0
152,3.040000,1,gripper_l_palm,-0.460000,0.710000,0.000000,-0.460000,0.710000,-0.000000,-0.460000,0.710000,-0.000000,0.000000,0.000000,0.000000,0
152,3.040000,2,gripper_l_finger1,-0.460000,0.690000,0.000000,-0.460000,0.690000,-0.000000,-0.460000,0.690000,-0.000000,0.000000,0.000000,0.000000,0
152,3.040000,3,gripper_l_finger2,-0.460000,0.690000,0.000000,-0.460000,0.690000,-0.000000,-0.460000,0.690000,-0.000000,0.000000,0.000000,0.000000,0
152,3.040000,4,gripper_r_palm,0.460000,0.710000,0.000000,0.460000,0.710000,-0.000000,0.460000,0.710000,-0.000000,0.000000,0.000000,0.000000,0
152,3.040000,5,gripper_r_finger1,0.460000,0.690000,0.000000,0.460000,0.690000,-0.000000,0.460000,0.690000,-0.000000,0.000000,0.000000,0.000000,0
152,3.040000,6,gripper_r_finger2,0.460000,0.690000,0.000000,0.460000,0.690000,-0.000000,0.460000,0.690000,-0.000000,0.000000,0.000000,0.000000,0
153,3.060000,1,gripper_l_palm,-0.460000,0.710000,0.000000,-0.460000,0.710000,-0.000000,-0.460000,0.710000,-0.000000,0.000000,0.000000,0.000000,0
153,3.060000,2,gripper_l_finger1,-0.460000,0.690000,0.000000,-0.460000,0.690000,-0.000000,-0.460000,0.690000,-0.000000,0.000000,0.000000,0.000000,0
153,3.060000,3,gripper_l_finger2,-0.460000,0.690000,0.000000,-0.460000,0.690000,-0.000000,-0.460000,0.690000,-0.000000,0.000000,0.000000,0.000000,0
153,3.060000,4,gripper_r_palm,0.460000,0.710000,0.000000,0.460000,0.710000,-0.000000,0.460000,0.710000,-0.000000,0.000000,0.000000,0.000000,0
153,3.060000,5,gripper_r_finger1,0.460000,0.690000,0.000000,0.460000,0.690000,-0.000000,0.460000,0.690000,-0.000000,0.000000,0.000000,0.000000,0
153,3.060000,6,gripper_r_finger2,0.460000,0.690000,0.000000,0.460000,0.690000,-0.000000,0.460000,0.690000,-0.000000,0.000000,0.000000,0.000000,0
154,3.080000,1,gripper_l_palm,-0.460000,0.710000,0.000000,-0.460000,0.710000,-0.000000,-0.460000,0.710000,-0.000000,0.000000,0.000000,0.000000,0
154,3.080000,2,gripper_l_finger1,-0.460000,0.690000,0.000000,-0.460000,0.690000,-0.000000,-0.460000,0.690000,-0.000000,0.000000,0.000000,0.000000,0
154,3.080000,3,gripper_l_finger2,-0.460000,0.690000,0.000000,-0.460000,0.690000,-0.000000,-0.460000,0.690000,-0.000000,0.000000,0.000000,0.000000,0
154,3.080000,4,gripper_r_palm,0.460000,0.710000,0.000000,0.460000,0.710000,-0.000000,0.460000,0.710000,-0.000000,0.000000,0.000000,0.000000,0
154,3.080000,5,gripper_r_finger1,0.460000,0.690000,0.000000,0.460000,0.690000,-0.000000,0.460000,0.690000,-0.000000,0.000000,0.000000,0.000000,0
154,3.080000,6,gripper_r_finger2,0.460000,0.690000,0.000000,0.460000,0.690000,-0.000000,0.460000,0.690000,-0.000000,0.000000,0.000000,0.000000,0
155,3.100000,1,gripper_l_palm,-0.460000,0.710000,0.000000,-0.460000,0.710000,-0.000000,-0.460000,0.710000,-0.000000,0.000000,0.000000,0.000000,0
155,3.100000,2,gripper_l_finger1,-0.460000,0.690000,0.000000,-0.460000,0.690000,-0.000000,-0.460000,0.690000,-0.000000,0.000000,0.000000,0.000000,0
155,3.100000,3,gripper_l_finger2,-0.460000,0.690000,0.000000,-0.460000,0.690000,-0.000000,-0.460000,0.690000,-0.000000,0.000000,0.000000,0.000000,0
155,3.100000,4,gripper_r_palm,0.460000,0.710000,0.000000,0.460000,0.710000,-0.000000,0.460000,0.710000,-0.000000,0.000000,0.000000,0.000000,0
155,3.100000,5,gripper_r_finger1,0.460000,0.690000,0.000000,0.460000,0.690000,-0.000000,0.460000,0.690000,-0.000000,0.000000,0.000000,0.000000,0
155,3.100000,6,gripper_r_finger2,0.460000,0.690000,0.000000,0.460000,0.690000,-0.000000,0.460000,0.690000,-0.000000,0.000000,0.000000,0.000000,0
156,3.120000,1,gripper_l_palm,-0.460000,0.710000,0.000000,-0.460000,0.710000,-0.000000,-0.460000,0.710000,-0.000000,0.000000,0.000000,0.000000,0
156,3.120000,2,gripper_l_finger1,-0.460000,0.690000,0.000000,-0.460000,0.690000,-0.000000,-0.460000,0.690000,-0.000000,0.000000,0.000000,0.000000,0
156,3.120000,3,gripper_l_finger2,-0.460000,0.690000,0.000000,-0.460000,0.690000,-0.000000,-0.460000,0.690000,-0.000000,0.000000,0.000000,0.000000,0
156,3.120000,4,gripper_r_palm,0.460000,0.710000,0.000000,0.460000,0.710000,-0.000000,0.460000,0.710000,-0.000000,0.000000,0.000000,0.000000,0
156,3.120000,5,gripper_r_finger1,0.460000,0.690000,0.000000,0.460000,0.690000,-0.000000,0.460000,0.690000,-0.000000,0.000000,0.000000,0.000000,0
156,3.120000,6,gripper_r_finger2,0.460000,0.690000,0.000000,0.460000,0.690000,-0.000000,0.460000,0.690000,-0.000000,0.000000,0.000000,0.000000,0
157,3.140000,1,gripper_l_palm,-0.460000,0.710000,0.000000,-0.460000,0.710000,-0.000000,-0.460000,0.710000,-0.000000,0.000000,0.000000,0.000000,0
157,3.140000,2,gripper_l_finger1,-0.460000,0.690000,0.000000,-0.460000,0.690000,-0.000000,-0.460000,0.690000,-0.000000,0.000000,0.000000,0.000000,0
157,3.140000,3,gripper_l_finger2,-0.460000,0.690000,0.000000,-0.460000,0.690000,-0.000000,-0.460000,0.690000,-0.000000,0.000000,0.000000,0.000000,0
157,3.140000,4,gripper_r_palm,0.460000,0.710000,0.000000,0.460000,0.710000,-0.000000,0.460000,0.710000,-0.000000,0.000000,0.000000,0.000000,0
157,3.140000,5,gripper_r_finger1,0.460000,0.690000,0.000000,0.460000,0.690000,-0.000000,0.460000,0.690000,-0.000000,0.000000,0.000000,0.000000,0
157,3.140000,6,gripper_r_finger2,0.460000,0.690000,0.000000,0.460000,0.690000,-0.000000,0.460000,0.690000,-0.000000,0.000000,0.000000,0.000000,0
158,3.160000,1,gripper_l_palm,-0.460000,0.710000,0.000000,-0.460000,0.710000,-0.000000,-0.460000,0.710000,-0.000000,0.000000,0.000000,0.000000,0
158,3.160000,2,gripper_l_finger1,-0.460000,0.690000,0.000000,-0.460000,0.690000,-0.000000,-0.460000,0.690000,-0.000000,0.000000,0.000000,0.000000,0
158,3.160000,3,gripper_l_finger2,-0.460000,0.690000,0.000000,-0.460000,0.690000,-0.000000,-0.460000,0.690000,-0.000000,0.000000,0.000000,0.000000,0
158,3.160000,4,gripper_r_palm,0.460000,0.710000,0.000000,0.460000,0.710000,-0.000000,0.460000,0.710000,-0.000000,0.000000,0.000000,0.000000,0
158,3.160000,5,gripper_r_finger1,0.460000,0.690000,0.000000,0.460000,0.690000,-0.000000,0.460000,0.690000,-0.000000,0.000000,0.000000,0.000000,0
158,3.160000,6,gripper_r_finger2,0.460000,0.690000,0.000000,0.460000,0.690000,-0.000000,0.460000,0.690000,-0.000000,0.000000,0.000000,0.000000,0
159,3.180000,1,gripper_l_palm,-0.460000,0.710000,0.000000,-0.460000,0.710000,-0.000000,-0.460000,0.710000,-0.000000,0.000000,0.000000,0.000000,0
159,3.180000,2,gripper_l_finger1,-0.460000,0.690000,0.000000,-0.460000,0.690000,-0.000000,-0.460000,0.690000,-0.000000,0.000000,0.000000,0.000000,0
159,3.180000,3,gripper_l_finger2,-0.460000,0.690000,0.000000,-0.460000,0.690000,-0.000000,-0.460000,0.690000,-0.000000,0.000000,0.000000,0.000000,0
159,3.180000,4,gripper_r_palm,0.460000,0.710000,0.000000,0.460000,0.710000,-0.000000,0.460000,0.710000,-0.000000,0.000000,0.000000,0.000000,0
159,3.180000,5,gripper_r_finger1,0.460000,0.690000,0.000000,0.460000,0.690000,-0.000000,0.460000,0.690000,-0.000000,0.000000,0.000000,0.000000,0
159,3.180000,6,gripper_r_finger2,0.460000,0.690000,0.000000,0.460000,0.690000,-0.000000,0.460000,0.690000,-0.000000,0.000000,0.000000,0.000000,0
160,3.200000,1,gripper_l_palm,-0.460000,0.710000,0.000000,-0.460000,0.710000,-0.000000,-0.460000,0.710000,-0.000000,0.000000,0.000000,0.000000,0
160,3.200000,2,gripper_l_finger1,-0.460000,0.690000,0.000000,-0.460000,0.690000,-0.000000,-0.460000,0.690000,-0.000000,0.000000,0.000000,0.000000,0
160,3.200000,3,gripper_l_finger2,-0.460000,0.690000,0.000000,-0.460000,0.690000,-0.000000,-0.460000,0.690000,-0.000000,0.000000,0.000000,0.000000,0
160,3.200000,4,gripper_r_palm,0.460000,0.710000,0.000000,0.460000,0.710000,-0.000000,0.460000,0.710000,-0.000000,0.000000,0.000000,0.000000,0
160,3.200000,5,gripper_r_finger1,0.460000,0.690000,0.000000,0.460000,0.690000,-0.000000,0.460000,0.690000,-0.000000,0.000000,0.000000,0.000000,0
160,3.200000,6,gripper_r_finger2,0.460000,0.690000,0.000000,0.460000,0.690000,-0.000000,0.460000,0.690000,-0.000000,0.000000,0.000000,0.000000,0
161,3.220000,1,gripper_l_palm,-0.460000,0.710000,0.000000,-0.460000,0.710000,-0.000000,-0.460000,0.710000,-0.000000,0.000000,0.000000,0.000000,0
161,3.220000,2,gripper_l_finger1,-0.460000,0.690000,0.000000,-0.460000,0.690000,-0.000000,-0.460000,0.690000,-0.000000,0.000000,0.000000,0.000000,0
161,3.220000,3,gripper_l_finger2,-0.460000,0.690000,0.000000,-0.460000,0.690000,-0.000000,-0.460000,0.690000,-0.000000,0.000000,0.000000,0.000000,0
161,3.220000,4,gripper_r_palm,0.460000,0.710000,0.000000,0.460000,0.710000,-0.000000,0.460000,0.710000,-0.000000,0.000000,0.000000,0.000000,0
161,3.220000,5,gripper_r_finger1,0.460000,0.690000,0.000000,0.460000,0.690000,-0.000000,0.460000,0.690000,-0.000000,0.000000,0.000000,0.000000,0
161,3.220000,6,gripper_r_finger2,0.460000,0.690000,0.000000,0.460000,0.690000,-0.000000,0.460000,0.690000,-0.000000,0.000000,0.000000,0.000000,0
162,3.240000,1,gripper_l_palm,-0.460000,0.710000,0.000000,-0.460000,0.710000,-0.000000,-0.460000,0.710000,-0.000000,0.000000,0.000000,0.000000,0
162,3.240000,2,gripper_l_finger1,-0.460000,0.690000,0.000000,-0.460000,0.690000,-0.000000,-0.460000,0.690000,-0.000000,0.000000,0.000000,0.000000,0
162,3.240000,3,gripper_l_finger2,-0.460000,0.690000,0.000000,-0.460000,0.690000,-0.000000,-0.460000,0.690000,-0.000000,0.000000,0.000000,0.000000,0
162,3.240000,4,gripper_r_palm,0.460000,0.710000,0.000000,0.460000,0.710000,-0.000000,0.460000,0.710000,-0.000000,0.000000,0.000000,0.000000,0
162,3.240000,5,gripper_r_finger1,0.460000,0.690000,0.000000,0.460000,0.690000,-0.000000,0.460000,0.690000,-0.000000,0.000000,0.000000,0.000000,0
162,3.240000,6,gripper_r_finger2,0.460000,0.690000,0.000000,0.460000,0.690000,-0.000000,0.460000,0.690000,-0.000000,0.000000,0.000000,0.000000,0
163,3.260000,1,gripper_l_palm,-0.460000,0.710000,0.000000,-0.460000,0.710000,-0.000000,-0.460000,0.710000,-0.000000,0.000000,0.000000,0.000000,0
163,3.260000,2,gripper_l_finger1,-0.460000,0.690000,0.000000,-0.460000,0.690000,-0.000000,-0.460000,0.690000,-0.000000,0.000000,0.000000,0.000000,0
163,3.260000,3,gripper_l_finger2,-0.460000,0.690000,0.000000,-0.460000,0.690000,-0.000000,-0.460000,0.690000,-0.000000,0.000000,0.000000,0.000000,0
163,3.260000,4,gripper_r_palm,0.460000,0.710000,0.000000,0.460000,0.710000,-0.000000,0.460000,0.710000,-0.000000,0.000000,0.000000,0.000000,0
163,3.260000,5,gripper_r_finger1,0.460000,0.690000,0.000000,0.460000,0.690000,-0.000000,0.460000,0.690000,-0.000000,0.000000,0.000000,0.000000,0
163,3.260000,6,gripper_r_finger2,0.460000,0.690000,0.000000,0.460000,0.690000,-0.000000,0.460000,0.690000,-0.000000,0.000000,0.000000,0.000000,0
164,3.280000,1,gripper_l_palm,-0.460000,0.710000,0.000000,-0.460000,0.710000,-0.000000,-0.460000,0.710000,-0.000000,0.000000,0.000000,0.000000,0
164,3.280000,2,gripper_l_finger1,-0.460000,0.690000,0.000000,-0.460000,0.690000,-0.000000,-0.460000,0.690000,-0.000000,0.000000,0.000000,0.000000,0
164,3.280000,3,gripper_l_finger2,-0.460000,0.690000,0.000000,-0.460000,0.690000,-0.000000,-0.460000,0.690000,-0.000000,0.000000,0.000000,0.000000,0
164,3.280000,4,gripper_r_palm,0.460000,0.710000,0.000000,0.460000,0.710000,-0.000000,0.460000,0.710000,-0.000000,0.000000,0.000000,0.000000,0
164,3.280000,5,gripper_r_finger1,0.460000,0.690000,0.000000,0.460000,0.690000,-0.000000,0.460000,0.690000,-0.000000,0.000000,0.000000,0.000000,0
164,3.280000,6,gripper_r_finger2,0.460000,0.690000,0.000000,0.460000,0.690000,-0.000000,0.460000,0.690000,-0.000000,0.000000,0.000000,0.000000,0
165,3.300000,1,gripper_l_palm,-0.460000,0.710000,0.000000,-0.460000,0.710000,-0.000000,-0.460000,0.710000,-0.000000,0.000000,0.000000,0.000000,0
165,3.300000,2,gripper_l_finger1,-0.460000,0.690000,0.000000,-0.460000,0.690000,-0.000000,-0.460000,0.690000,-0.000000,0.000000,0.000000,0.000000,0
165,3.300000,3,gripper_l_finger2,-0.460000,0.690000,0.000000,-0.460000,0.690000,-0.000000,-0.460000,0.690000,-0.000000,0.000000,0.000000,0.000000,0
165,3.300000,4,gripper_r_palm,0.460000,0.710000,0.000000,0.460000,0.710000,-0.000000,0.460000,0.710000,-0.000000,0.000000,0.000000,0.000000,0
165,3.300000,5,gripper_r_finger1,0.460000,0.690000,0.000000,0.460000,0.690000,-0.000000,0.460000,0.690000,-0.000000,0.000000,0.000000,0.000000,0
165,3.300000,6,gripper_r_finger2,0.460000,0.690000,0.000000,0.460000,0.690000,-0.000000,0.460000,0.690000,-0.000000,0.000000,0.000000,0.000000,0
166,3.320000,1,gripper_l_palm,-0.460000,0.710000,0.000000,-0.460000,0.710000,-0.000000,-0.460000,0.710000,-0.000000,0.000000,0.000000,0.000000,0
166,3.320000,2,gripper_l_finger1,-0.460000,0.690000,0.000000,-0.460000,0.690000,-0.000000,-0.460000,0.690000,-0.000000,0.000000,0.000000,0.000000,0
166,3.320000,3,gripper_l_finger2,-0.460000,0.690000,0.000000,-0.460000,0.690000,-0.000000,-0.460000,0.690000,-0.000000,0.000000,0.000000,0.000000,0
166,3.320000,4,gripper_r_palm,0.460000,0.710000,0.000000,0.460000,0.710000,-0.000000,0.460000,0.710000,-0.000000,0.000000,0.000000,0.000000,0
166,3.320000,5,gripper_r_finger1,0.460000,0.690000,0.000000,0.460000,0.690000,-0.000000,0.460000,0.690000,-0.000000,0.000000,0.000000,0.000000,0
166,3.320000,6,gripper_r_finger2,0.460000,0.690000,0.000000,0.460000,0.690000,-0.000000,0.460000,0.690000,-0.000000,0.000000,0.000000,0.000000,0
167,3.340000,1,gripper_l_palm,-0.460000,0.710000,0.000000,-0.460000,0.710000,-0.000000,-0.460000,0.710000,-0.000000,0.000000,0.000000,0.000000,0
167,3.340000,2,gripper_l_finger1,-0.460000,0.690000,0.000000,-0.460000,0.690000,-0.000000,-0.460000,0.690000,-0.000000,0.000000,0.000000,0.000000,0
167,3.340000,3,gripper_l_finger2,-0.460000,0.690000,0.000000,-0.460000,0.690000,-0.000000,-0.460000,0.690000,-0.000000,0.000000,0.000000,0.000000,0
167,3.340000,4,gripper_r_palm,0.460000,0.710000,0.000000,0.460000,0.710000,-0.000000,0.460000,0.710000,-0.000000,0.000000,0.000000,0.000000,0
167,3.340000,5,gripper_r_finger1,0.460000,0.690000,0.000000,0.460000,0.690000,-0.000000,0.460000,0.690000,-0.000000,0.000000,0.000000,0.000000,0
167,3.340000,6,gripper_r_finger2,0.460000,0.690000,0.000000,0.460000,0.690000,-0.000000,0.460000,0.690000,-0.000000,0.000000,0.000000,0.000000,0
168,3.360000,1,gripper_l_palm,-0.460000,0.710000,0.000000,-0.460000,0.710000,-0.000000,-0.460000,0.710000,-0.000000,0.000000,0.000000,0.000000,0
168,3.360000,2,gripper_l_finger1,-0.460000,0.690000,0.000000,-0.460000,0.690000,-0.000000,-0.460000,0.690000,-0.000000,0.000000,0.000000,0.000000,0
168,3.360000,3,gripper_l_finger2,-0.460000,0.690000,0.000000,-0.460000,0.690000,-0.000000,-0.460000,0.690000,-0.000000,0.000000,0.000000,0.000000,0
168,3.360000,4,gripper_r_palm,0.460000,0.710000,0.000000,0.460000,0.710000,-0.000000,0.460000,0.710000,-0.000000,0.000000,0.000000,0.000000,0
168,3.360000,5,gripper_r_finger1,0.460000,0.690000,0.000000,0.460000,0.690000,-0.000000,0.460000,0.690000,-0.000000,0.000000,0.000000,0.000000,0
168,3.360000,6,gripper_r_finger2,0.460000,0.690000,0.000000,0.460000,0.690000,-0.000000,0.460000,0.690000,-0.000000,0.000000,0.000000,0.000000,0
169,3.380000,1,gripper_l_palm,-0.460000,0.710000,0.000000,-0.460000,0.710000,-0.000000,-0.460000,0.710000,-0.000000,0.000000,0.000000,0.000000,0
169,3.380000,2,gripper_l_finger1,-0.460000,0.690000,0.000000,-0.460000,0.690000,-0.000000,-0.460000,0.690000,-0.000000,0.000000,0.000000,0.000000,0
169,3.380000,3,gripper_l_finger2,-0.460000,0.690000,0.000000,-0.460000,0.690000,-0.000000,-0.460000,0.690000,-0.000000,0.000000,0.000000,0.000000,0
169,3.380000,4,gripper_r_palm,0.460000,0.710000,0.000000,0.460000,0.710000,-0.000000,0.460000,0.710000,-0.000000,0.000000,0.000000,0.000000,0
169,3.380000,5,gripper_r_finger1,0.460000,0.690000,0.000000,0.460000,0.690000,-0.000000,0.460000,0.690000,-0.000000,0.000000,0.000000,0.000000,0
169,3.380000,6,gripper_r_finger2,0.460000,0.690000,0.000000,0.460000,0.690000,-0.000000,0.460000,0.690000,-0.000000,0.000000,0.000000,0.000000,0
170,3.400000,1,gripper_l_palm,-0.460000,0.710000,0.000000,-0.460000,0.710000,-0.000000,-0.460000,0.710000,-0.000000,0.000000,0.000000,0.000000,0
170,3.400000,2,gripper_l_finger1,-0.460000,0.690000,0.000000,-0.460000,0.690000,-0.000000,-0.460000,0.690000,-0.000000,0.000000,0.000000,0.000000,0
170,3.400000,3,gripper_l_finger2,-0.460000,0.690000,0.000000,-0.460000,0.690000,-0.000000,-0.460000,0.690000,-0.000000,0.000000,0.000000,0.000000,0
170,3.400000,4,gripper_r_palm,0.460000,0.710000,0.000000,0.460000,0.710000,-0.000000,0.460000,0.710000,-0.000000,0.000000,0.000000,0.000000,0
170,3.400000,5,gripper_r_finger1,0.460000,0.690000,0.000000,0.460000,0.690000,-0.000000,0.460000,0.690000,-0.000000,0.000000,0.000000,0.000000,0
170,3.400000,6,gripper_r_finger2,0.460000,0.690000,0.000000,0.460000,0.690000,-0.000000,0.460000,0.690000,-0.000000,0.000000,0.000000,0.000000,0
171,3.420000,1,gripper_l_palm,-0.460000,0.710000,0.000000,-0.460000,0.710000,-0.000000,-0.460000,0.710000,-0.000000,0.000000,0.000000,0.000000,0
171,3.420000,2,gripper_l_finger1,-0.460000,0.690000,0.000000,-0.460000,0.690000,-0.000000,-0.460000,0.690000,-0.000000,0.000000,0.000000,0.000000,0
171,3.420000,3,gripper_l_finger2,-0.460000,0.690000,0.000000,-0.460000,0.690000,-0.000000,-0.460000,0.690000,-0.000000,0.000000,0.000000,0.000000,0
171,3.420000,4,gripper_r_palm,0.460000,0.710000,0.000000,0.460000,0.710000,-0.000000,0.460000,0.710000,-0.000000,0.000000,0.000000,0.000000,0
171,3.420000,5,gripper_r_finger1,0.460000,0.690000,0.000000,0.460000,0.690000,-0.000000,0.460000,0.690000,-0.000000,0.000000,0.000000,0.000000,0
171,3.420000,6,gripper_r_finger2,0.460000,0.690000,0.000000,0.460000,0.690000,-0.000000,0.460000,0.690000,-0.000000,0.000000,0.000000,0.000000,0
172,3.440000,1,gripper_l_palm,-0.460000,0.710000,0.000000,-0.460000,0.710000,-0.000000,-0.460000,0.710000,-0.000000,0.000000,0.000000,0.000000,0
172,3.440000,2,gripper_l_finger1,-0.460000,0.690000,0.000000,-0.460000,0.690000,-0.000000,-0.460000,0.690000,-0.000000,0.000000,0.000000,0.000000,0
172,3.440000,3,gripper_l_finger2,-0.460000,0.690000,0.000000,-0.460000,0.690000,-0.000000,-0.460000,0.690000,-0.000000,0.000000,0.000000,0.000000,0
172,3.440000,4,gripper_r_palm,0.460000,0.710000,0.000000,0.460000,0.710000,-0.000000,0.460000,0.710000,-0.000000,0.000000,0.000000,0.000000,0
172,3.440000,5,gripper_r_finger1,0.460000,0.690000,0.000000,0.460000,0.690000,-0.000000,0.460000,0.690000,-0.000000,0.000000,0.000000,0.000000,0
172,3.440000,6,gripper_r_finger2,0.460000,0.690000,0.000000,0.460000,0.690000,-0.000000,0.460000,0.690000,-0.000000,0.000000,0.000000,0.000000,0
173,3.460000,1,gripper_l_palm,-0.460000,0.710000,0.000000,-0.460000,0.710000,-0.000000,-0.460000,0.710000,-0.000000,0.000000,0.000000,0.000000,0
173,3.460000,2,gripper_l_finger1,-0.460000,0.690000,0.000000,-0.460000,0.690000,-0.000000,-0.460000,0.690000,-0.000000,0.000000,0.000000,0.000000,0
173,3.460000,3,gripper_l_finger2,-0.460000,0.690000,0.000000,-0.460000,0.690000,-0.000000,-0.460000,0.690000,-0.000000,0.000000,0.000000,0.000000,0
173,3.460000,4,gripper_r_palm,0.460000,0.710000,0.000000,0.460000,0.710000,-0.000000,0.460000,0.710000,-0.000000,0.000000,0.000000,0.000000,0
173,3.460000,5,gripper_r_finger1,0.460000,0.690000,0.000000,0.460000,0.690000,-0.000000,0.460000,0.690000,-0.000000,0.000000,0.000000,0.000000,0
173,3.460000,6,gripper_r_finger2,0.460000,0.690000,0.000000,0.460000,0.690000,-0.000000,0.460000,0.690000,-0.000000,0.000000,0.000000,0.000000,0
174,3.480000,1,gripper_l_palm,-0.460000,0.710000,0.000000,-0.460000,0.710000,-0.000000,-0.460000,0.710000,-0.000000,0.000000,0.000000,0.000000,0
174,3.480000,2,gripper_l_finger1,-0.460000,0.690000,0.000000,-0.460000,0.690000,-0.000000,-0.460000,0.690000,-0.000000,0.000000,0.000000,0.000000,0
174,3.480000,3,gripper_l_finger2,-0.460000,0.690000,0.000000,-0.460000,0.690000,-0.000000,-0.460000,0.690000,-0.000000,0.000000,0.000000,0.000000,0
174,3.480000,4,gripper_r_palm,0.460000,0.710000,0.000000,0.460000,0.710000,-0.000000,0.460000,0.710000,-0.000000,0.000000,0.000000,0.000000,0
174,3.480000,5,gripper_r_finger1,0.460000,0.690000,0.000000,0.460000,0.690000,-0.000000,0.460000,0.690000,-0.000000,0.000000,0.000000,0.000000,0
174,3.480000,6,gripper_r_finger2,0.460000,0.690000,0.000000,0.460000,0.690000,-0.000000,0.460000,0.690000,-0.000000,0.000000,0.000000,0.000000,0
175,3.500000,1,gripper_l_palm,-0.460000,0.710000,0.000000,-0.460000,0.710000,-0.000000,-0.460000,0.710000,-0.000000,0.000000,0.000000,0.000000,0
175,3.500000,2,gripper_l_finger1,-0.460000,0.690000,0.000000,-0.460000,0.690000,-0.000000,-0.460000,0.690000,-0.000000,0.000000,0.000000,0.000000,0
175,3.500000,3,gripper_l_finger2,-0.460000,0.690000,0.000000,-0.460000,0.690000,-0.000000,-0.460000,0.690000,-0.000000,0.000000,0.000000,0.000000,0
175,3.500000,4,gripper_r_palm,0.460000,0.710000,0.000000,0.460000,0.710000,-0.000000,0.460000,0.710000,-0.000000,0.000000,0.000000,0.000000,0
175,3.500000,5,gripper_r_finger1,0.460000,0.690000,0.000000,0.460000,0.690000,-0.000000,0.460000,0.690000,-0.000000,0.000000,0.000000,0.000000,0
175,3.500000,6,gripper_r_finger2,0.460000,0.690000,0.000000,0.460000,0.690000,-0.000000,0.460000,0.690000,-0.000000,0.000000,0.000000,0.000000,0
176,3.520000,1,gripper_l_palm,-0.460000,0.710000,0.000000,-0.460000,0.710000,-0.000000,-0.460000,0.710000,-0.000000,0.000000,0.000000,0.000000,0
176,3.520000,2,gripper_l_finger1,-0.460000,0.690000,0.000000,-0.460000,0.690000,-0.000000,-0.460000,0.690000,-0.000000,0.000000,0.000000,0.000000,0
176,3.520000,3,gripper_l_finger2,-0.460000,0.690000,0.000000,-0.460000,0.690000,-0.000000,-0.460000,0.690000,-0.000000,0.000000,0.000000,0.000000,0
176,3.520000,4,gripper_r_palm,0.460000,0.710000,0.000000,0.460000,0.710000,-0.000000,0.460000,0.710000,-0.000000,0.000000,0.000000,0.000000,0
176,3.520000,5,gripper_r_finger1,0.460000,0.690000,0.000000,0.460000,0.690000,-0.000000,0.460000,0.690000,-0.000000,0.000000,0.000000,0.000000,0
176,3.520000,6,gripper_r_finger2,0.460000,0.690000,0.000000,0.460000,0.690000,-0.000000,0.460000,0.690000,-0.000000,0.000000,0.000000,0.000000,0
177,3.540000,1,gripper_l_palm,-0.460000,0.710000,0.000000,-0.460000,0.710000,-0.000000,-0.460000,0.710000,-0.000000,0.000000,0.000000,0.000000,0
177,3.540000,2,gripper_l_finger1,-0.460000,0.690000,0.000000,-0.460000,0.690000,-0.000000,-0.460000,0.690000,-0.000000,0.000000,0.000000,0.000000,0
177,3.540000,3,gripper_l_finger2,-0.460000,0.690000,0.000000,-0.460000,0.690000,-0.000000,-0.460000,0.690000,-0.000000,0.000000,0.000000,0.000000,0
177,3.540000,4,gripper_r_palm,0.460000,0.710000,0.000000,0.460000,0.710000,-0.000000,0.460000,0.710000,-0.000000,0.000000,0.000000,0.000000,0
177,3.540000,5,gripper_r_finger1,0.460000,0.690000,0.000000,0.460000,0.690000,-0.000000,0.460000,0.690000,-0.000000,0.000000,0.000000,0.000000,0
177,3.540000,6,gripper_r_finger2,0.460000,0.690000,0.000000,0.460000,0.690000,-0.000000,0.460000,0.690000,-0.000000,0.000000,0.000000,0.000000,0
178,3.560000,1,gripper_l_palm,-0.460000,0.710000,0.000000,-0.460000,0.710000,-0.000000,-0.460000,0.710000,-0.000000,0.000000,0.000000,0.000000,0
178,3.560000,2,gripper_l_finger1,-0.460000,0.690000,0.000000,-0.460000,0.690000,-0.000000,-0.460000,0.690000,-0.000000,0.000000,0.000000,0.000000,0
178,3.560000,3,gripper_l_finger2,-0.460000,0.690000,0.000000,-0.460000,0.690000,-0.000000,-0.460000,0.690000,-0.000000,0.000000,0.000000,0.000000,0
178,3.560000,4,gripper_r_palm,0.460000,0.710000,0.000000,0.460000,0.710000,-0.000000,0.460000,0.710000,-0.000000,0.000000,0.000000,0.000000,0
178,3.560000,5,gripper_r_finger1,0.460000,0.690000,0.000000,0.460000,0.690000,-0.000000,0.460000,0.690000,-0.000000,0.000000,0.000000,0.000000,0
178,3.560000,6,gripper_r_finger2,0.460000,0.690000,0.000000,0.460000,0.690000,-0.000000,0.460000,0.690000,-0.000000,0.000000,0.000000,0.000000,0
179,3.580000,1,gripper_l_palm,-0.460000,0.710000,0.000000,-0.460000,0.710000,-0.000000,-0.460000,0.710000,-0.000000,0.000000,0.000000,0.000000,0
179,3.580000,2,gripper_l_finger1,-0.460000,0.690000,0.000000,-0.460000,0.690000,-0.000000,-0.460000,0.690000,-0.000000,0.000000,0.000000,0.000000,0
179,3.580000,3,gripper_l_finger2,-0.460000,0.690000,0.000000,-0.460000,0.690000,-0.000000,-0.460000,0.690000,-0.000000,0.000000,0.000000,0.000000,0
179,3.580000,4,gripper_r_palm,0.460000,0.710000,0.000000,0.460000,0.710000,-0.000000,0.460000,0.710000,-0.000000,0.000000,0.000000,0.000000,0
179,3.580000,5,gripper_r_finger1,0.460000,0.690000,0.000000,0.460000,0.690000,-0.000000,0.460000,0.690000,-0.000000,0.000000,0.000000,0.000000,0
179,3.580000,6,gripper_r_finger2,0.460000,0.690000,0.000000,0.460000,0.690000,-0.000000,0.460000,0.690000,-0.000000,0.000000,0.000000,0.000000,0
180,3.600000,1,gripper_l_palm,-0.460000,0.710000,0.000000,-0.460000,0.710000,-0.000000,-0.460000,0.710000,-0.000000,0.000000,0.000000,0.000000,0
180,3.600000,2,gripper_l_finger1,-0.460000,0.690000,0.000000,-0.460000,0.690000,-0.000000,-0.460000,0.690000,-0.000000,0.000000,0.000000,0.000000,0
180,3.600000,3,gripper_l_finger2,-0.460000,0.690000,0.000000,-0.460000,0.690000,-0.000000,-0.460000,0.690000,-0.000000,0.000000,0.000000,0.000000,0
180,3.600000,4,gripper_r_palm,0.460000,0.710000,0.000000,0.460000,0.710000,-0.000000,0.460000,0.710000,-0.000000,0.000000,0.000000,0.000000,0
180,3.600000,5,gripper_r_finger1,0.460000,0.690000,0.000000,0.460000,0.690000,-0.000000,0.460000,0.690000,-0.000000,0.000000,0.000000,0.000000,0
180,3.600000,6,gripper_r_finger2,0.460000,0.690000,0.000000,0.460000,0.690000,-0.000000,0.460000,0.690000,-0.000000,0.000000,0.000000,0.000000,0
181,3.620000,1,gripper_l_palm,-0.460000,0.710000,0.000000,-0.460000,0.710000,-0.000000,-0.460000,0.710000,-0.000000,0.000000,0.000000,0.000000,0
181,3.620000,2,gripper_l_finger1,-0.460000,0.690000,0.000000,-0.460000,0.690000,-0.000000,-0.460000,0.690000,-0.000000,0.000000,0.000000,0.000000,0
181,3.620000,3,gripper_l_finger2,-0.460000,0.690000,0.000000,-0.460000,0.690000,-0.000000,-0.460000,0.690000,-0.000000,0.000000,0.000000,0.000000,0
181,3.620000,4,gripper_r_palm,0.460000,0.710000,0.000000,0.460000,0.710000,-0.000000,0.460000,0.710000,-0.000000,0.000000,0.000000,0.000000,0
181,3.620000,5,gripper_r_finger1,0.460000,0.690000,0.000000,0.460000,0.690000,-0.000000,0.460000,0.690000,-0.000000,0.000000,0.000000,0.000000,0
181,3.620000,6,gripper_r_finger2,0.460000,0.690000,0.000000,0.460000,0.690000,-0.000000,0.460000,0.690000,-0.000000,0.000000,0.000000,0.000000,0
182,3.640000,1,gripper_l_palm,-0.460000,0.710000,0.000000,-0.460000,0.710000,-0.000000,-0.460000,0.710000,-0.000000,0.000000,0.000000,0.000000,0
182,3.640000,2,gripper_l_finger1,-0.460000,0.690000,0.000000,-0.460000,0.690000,-0.000000,-0.460000,0.690000,-0.000000,0.000000,0.000000,0.000000,0
182,3.640000,3,gripper_l_finger2,-0.460000,0.690000,0.000000,-0.460000,0.690000,-0.000000,-0.460000,0.690000,-0.000000,0.000000,0.000000,0.000000,0
182,3.640000,4,gripper_r_palm,0.460000,0.710000,0.000000,0.460000,0.710000,-0.000000,0.460000,0.710000,-0.000000,0.000000,0.000000,0.000000,0
182,3.640000,5,gripper_r_finger1,0.460000,0.690000,0.000000,0.460000,0.690000,-0.000000,0.460000,0.690000,-0.000000,0.000000,0.000000,0.000000,0
182,3.640000,6,gripper_r_finger2,0.460000,0.690000,0.000000,0.460000,0.690000,-0.000000,0.460000,0.690000,-0.000000,0.000000,0.000000,0.000000,0
183,3.660000,1,gripper_l_palm,-0.460000,0.710000,0.000000,-0.460000,0.710000,-0.000000,-0.460000,0.710000,-0.000000,0.000000,0.000000,0.000000,0
183,3.660000,2,gripper_l_finger1,-0.460000,0.690000,0.000000,-0.460000,0.690000,-0.000000,-0.460000,0.690000,-0.000000,0.000000,0.000000,0.000000,0
183,3.660000,3,gripper_l_finger2,-0.460000,0.690000,0.000000,-0.460000,0.690000,-0.000000,-0.460000,0.690000,-0.000000,0.000000,0.000000,0.000000,0
183,3.660000,4,gripper_r_palm,0.460000,0.710000,0.000000,0.460000,0.710000,-0.000000,0.460000,0.710000,-0.000000,0.000000,0.000000,0.000000,0
183,3.660000,5,gripper_r_finger1,0.460000,0.690000,0.000000,0.460000,0.690000,-0.000000,0.460000,0.690000,-0.000000,0.000000,0.000000,0.000000,0
183,3.660000,6,gripper_r_finger2,0.460000,0.690000,0.000000,0.460000,0.690000,-0.000000,0.460000,0.690000,-0.000000,0.000000,0.000000,0.000000,0
184,3.680000,1,gripper_l_palm,-0.460000,0.710000,0.000000,-0.460000,0.710000,-0.000000,-0.460000,0.710000,-0.000000,0.000000,0.000000,0.000000,0
184,3.680000,2,gripper_l_finger1,-0.460000,0.690000,0.000000,-0.460000,0.690000,-0.000000,-0.460000,0.690000,-0.000000,0.000000,0.000000,0.000000,0
184,3.680000,3,gripper_l_finger2,-0.460000,0.690000,0.000000,-0.460000,0.690000,-0.000000,-0.460000,0.690000,-0.000000,0.000000,0.000000,0.000000,0
184,3.680000,4,gripper_r_palm,0.460000,0.710000,0.000000,0.460000,0.710000,-0.000000,0.460000,0.710000,-0.000000,0.000000,0.000000,0.000000,0
184,3.680000,5,gripper_r_finger1,0.460000,0.690000,0.000000,0.460000,0.690000,-0.000000,0.460000,0.690000,-0.000000,0.000000,0.000000,0.000000,0
184,3.680000,6,gripper_r_finger2,0.460000,0.690000,0.000000,0.460000,0.690000,-0.000000,0.460000,0.690000,-0.000000,0.000000,0.000000,0.000000,0
185,3.700000,1,gripper_l_palm,-0.460000,0.710000,0.000000,-0.460000,0.710000,-0.000000,-0.460000,0.710000,-0.000000,0.000000,0.000000,0.000000,0
185,3.700000,2,gripper_l_finger1,-0.460000,0.690000,0.000000,-0.460000,0.690000,-0.000000,-0.460000,0.690000,-0.000000,0.000000,0.000000,0.000000,0
185,3.700000,3,gripper_l_finger2,-0.460000,0.690000,0.000000,-0.460000,0.690000,-0.000000,-0.460000,0.690000,-0.000000,0.000000,0.000000,0.000000,0
185,3.700000,4,gripper_r_palm,0.460000,0.710000,0.000000,0.460000,0.710000,-0.000000,0.460000,0.710000,-0.000000,0.000000,0.000000,0.000000,0
185,3.700000,5,gripper_r_finger1,0.460000,0.690000,0.000000,0.460000,0.690000,-0.000000,0.460000,0.690000,-0.000000,0.000000,0.000000,0.000000,0
185,3.700000,6,gripper_r_finger2,0.460000,0.690000,0.000000,0.460000,0.690000,-0.000000,0.460000,0.690000,-0.000000,0.000000,0.000000,0.000000,0
186,3.720000,1,gripper_l_palm,-0.460000,0.710000,0.000000,-0.460000,0.710000,-0.000000,-0.460000,0.710000,-0.000000,0.000000,0.000000,0.000000,0
186,3.720000,2,gripper_l_finger1,-0.460000,0.690000,0.000000,-0.460000,0.690000,-0.000000,-0.460000,0.690000,-0.000000,0.000000,0.000000,0.000000,0
186,3.720000,3,gripper_l_finger2,-0.460000,0.690000,0.000000,-0.460000,0.690000,-0.000000,-0.460000,0.690000,-0.000000,0.000000,0.000000,0.000000,0
186,3.720000,4,gripper_r_palm,0.460000,0.710000,0.000000,0.460000,0.710000,-0.000000,0.460000,0.710000,-0.000000,0.000000,0.000000,0.000000,0
186,3.720000,5,gripper_r_finger1,0.460000,0.690000,0.000000,0.460000,0.690000,-0.000000,0.460000,0.690000,-0.000000,0.000000,0.000000,0.000000,0
186,3.720000,6,gripper_r_finger2,0.460000,0.690000,0.000000,0.460000,0.690000,-0.000000,0.460000,0.690000,-0.000000,0.000000,0.000000,0.000000,0
187,3.740000,1,gripper_l_palm,-0.460000,0.710000,0.000000,-0.460000,0.710000,-0.000000,-0.460000,0.710000,-0.000000,0.000000,0.000000,0.000000,0
187,3.740000,2,gripper_l_finger1,-0.460000,0.690000,0.000000,-0.460000,0.690000,-0.000000,-0.460000,0.690000,-0.000000,0.000000,0.000000,0.000000,0
187,3.740000,3,gripper_l_finger2,-0.460000,0.690000,0.000000,-0.460000,0.690000,-0.000000,-0.460000,0.690000,-0.000000,0.000000,0.000000,0.000000,0
187,3.740000,4,gripper_r_palm,0.460000,0.710000,0.000000,0.460000,0.710000,-0.000000,0.460000,0.710000,-0.000000,0.000000,0.000000,0.000000,0
187,3.740000,5,gripper_r_finger1,0.460000,0.690000,0.000000,0.460000,0.690000,-0.000000,0.460000,0.690000,-0.000000,0.000000,0.000000,0.000000,0
187,3.740000,6,gripper_r_finger2,0.460000,0.690000,0.000000,0.460000,0.690000,-0.000000,0.460000,0.690000,-0.000000,0.000000,0.000000,0.000000,0
188,3.760000,1,gripper_l_palm,-0.460000,0.710000,0.000000,-0.460000,0.710000,-0.000000,-0.460000,0.710000,-0.000000,0.000000,0.000000,0.000000,0
188,3.760000,2,gripper_l_finger1,-0.460000,0.690000,0.000000,-0.460000,0.690000,-0.000000,-0.460000,0.690000,-0.000000,0.000000,0.000000,0.000000,0
188,3.760000,3,gripper_l_finger2,-0.460000,0.690000,0.000000,-0.460000,0.690000,-0.000000,-0.460000,0.690000,-0.000000,0.000000,0.000000,0.000000,0
188,3.760000,4,gripper_r_palm,0.460000,0.710000,0.000000,0.460000,0.710000,-0.000000,0.460000,0.710000,-0.000000,0.000000,0.000000,0.000000,0
188,3.760000,5,gripper_r_finger1,0.460000,0.690000,0.000000,0.460000,0.690000,-0.000000,0.460000,0.690000,-0.000000,0.000000,0.000000,0.000000,0
188,3.760000,6,gripper_r_finger2,0.460000,0.690000,0.000000,0.460000,0.690000,-0.000000,0.460000,0.690000,-0.000000,0.000000,0.000000,0.000000,0
189,3.780000,1,gripper_l_palm,-0.460000,0.710000,0.000000,-0.460000,0.710000,-0.000000,-0.460000,0.710000,-0.000000,0.000000,0.000000,0.000000,0
189,3.780000,2,gripper_l_finger1,-0.460000,0.690000,0.000000,-0.460000,0.690000,-0.000000,-0.460000,0.690000,-0.000000,0.000000,0.000000,0.000000,0
189,3.780000,3,gripper_l_finger2,-0.460000,0.690000,0.000000,-0.460000,0.690000,-0.000000,-0.460000,0.690000,-0.000000,0.000000,0.000000,0.000000,0
189,3.780000,4,gripper_r_palm,0.460000,0.710000,0.000000,0.460000,0.710000,-0.000000,0.460000,0.710000,-0.000000,0.000000,0.000000,0.000000,0
189,3.780000,5,gripper_r_finger1,0.460000,0.690000,0.000000,0.460000,0.690000,-0.000000,0.460000,0.690000,-0.000000,0.000000,0.000000,0.000000,0
189,3.780000,6,gripper_r_finger2,0.460000,0.690000,0.000000,0.460000,0.690000,-0.000000,0.460000,0.690000,-0.000000,0.000000,0.000000,0.000000,0
190,3.800000,1,gripper_l_palm,-0.460000,0.710000,0.000000,-0.460000,0.710000,-0.000000,-0.460000,0.710000,-0.000000,0.000000,0.000000,0.000000,0
190,3.800000,2,gripper_l_finger1,-0.460000,0.690000,0.000000,-0.460000,0.690000,-0.000000,-0.460000,0.690000,-0.000000,0.000000,0.000000,0.000000,0
190,3.800000,3,gripper_l_finger2,-0.460000,0.690000,0.000000,-0.460000,0.690000,-0.000000,-0.460000,0.690000,-0.000000,0.000000,0.000000,0.000000,0
190,3.800000,4,gripper_r_palm,0.460000,0.710000,0.000000,0.460000,0.710000,-0.000000,0.460000,0.710000,-0.000000,0.000000,0.000000,0.000000,0
190,3.800000,5,gripper_r_finger1,0.460000,0.690000,0.000000,0.460000,0.690000,-0.000000,0.460000,0.690000,-0.000000,0.000000,0.000000,0.000000,0
190,3.800000,6,gripper_r_finger2,0.460000,0.690000,0.000000,0.460000,0.690000,-0.000000,0.460000,0.690000,-0.000000,0.000000,0.000000,0.000000,0
191,3.820000,1,gripper_l_palm,-0.460000,0.710000,0.000000,-0.460000,0.710000,-0.000000,-0.460000,0.710000,-0.000000,0.000000,0.000000,0.000000,0
191,3.820000,2,gripper_l_finger1,-0.460000,0.690000,0.000000,-0.460000,0.690000,-0.000000,-0.460000,0.690000,-0.000000,0.000000,0.000000,0.000000,0
191,3.820000,3,gripper_l_finger2,-0.460000,0.690000,0.000000,-0.460000,0.690000,-0.000000,-0.460000,0.690000,-0.000000,0.000000,0.000000,0.000000,0
191,3.820000,4,gripper_r_palm,0.460000,0.710000,0.000000,0.460000,0.710000,-0.000000,0.460000,0.710000,-0.000000,0.000000,0.000000,0.000000,0
191,3.820000,5,gripper_r_finger1,0.460000,0.690000,0.000000,0.460000,0.690000,-0.000000,0.460000,0.690000,-0.000000,0.000000,0.000000,0.000000,0
191,3.820000,6,gripper_r_finger2,0.460000,0.690000,0.000000,0.460000,0.690000,-0.000000,0.460000,0.690000,-0.000000,0.000000,0.000000,0.000000,0
192,3.840000,1,gripper_l_palm,-0.460000,0.710000,0.000000,-0.460000,0.710000,-0.000000,-0.460000,0.710000,-0.000000,0.000000,0.000000,0.000000,0
192,3.840000,2,gripper_l_finger1,-0.460000,0.690000,0.000000,-0.460000,0.690000,-0.000000,-0.460000,0.690000,-0.000000,0.000000,0.000000,0.000000,0
192,3.840000,3,gripper_l_finger2,-0.460000,0.690000,0.000000,-0.460000,0.690000,-0.000000,-0.460000,0.690000,-0.000000,0.000000,0.000000,0.000000,0
192,3.840000,4,gripper_r_palm,0.460000,0.710000,0.000000,0.460000,0.710000,-0.000000,0.460000,0.710000,-0.000000,0.000000,0.000000,0.000000,0
192,3.840000,5,gripper_r_finger1,0.460000,0.690000,0.000000,0.460000,0.690000,-0.000000,0.460000,0.690000,-0.000000,0.000000,0.000000,0.000000,0
192,3.840000,6,gripper_r_finger2,0.460000,0.690000,0.000000,0.460000,0.690000,-0.000000,0.460000,0.690000,-0.000000,0.000000,0.000000,0.000000,0
193,3.860000,1,gripper_l_palm,-0.460000,0.710000,0.000000,-0.460000,0.710000,-0.000000,-0.460000,0.710000,-0.000000,0.000000,0.000000,0.000000,0
193,3.860000,2,gripper_l_finger1,-0.460000,0.690000,0.000000,-0.460000,0.690000,-0.000000,-0.460000,0.690000,-0.000000,0.000000,0.000000,0.000000,0
193,3.860000,3,gripper_l_finger2,-0.460000,0.690000,0.000000,-0.460000,0.690000,-0.000000,-0.460000,0.690000,-0.000000,0.000000,0.000000,0.000000,0
193,3.860000,4,gripper_r_palm,0.460000,0.710000,0.000000,0.460000,0.710000,-0.000000,0.460000,0.710000,-0.000000,0.000000,0.000000,0.000000,0
193,3.860000,5,gripper_r_finger1,0.460000,0.690000,0.000000,0.460000,0.690000,-0.000000,0.460000,0.690000,-0.000000,0.000000,0.000000,0.000000,0
193,3.860000,6,gripper_r_finger2,0.460000,0.690000,0.000000,0.460000,0.690000,-0.000000,0.460000,0.690000,-0.000000,0.000000,0.000000,0.000000,0
194,3.880000,1,gripper_l_palm,-0.460000,0.710000,0.000000,-0.460000,0.710000,-0.000000,-0.460000,0.710000,-0.000000,0.000000,0.000000,0.000000,0
194,3.880000,2,gripper_l_finger1,-0.460000,0.690000,0.000000,-0.460000,0.690000,-0.000000,-0.460000,0.690000,-0.000000,0.000000,0.000000,0.000000,0
194,3.880000,3,gripper_l_finger2,-0.460000,0.690000,0.000000,-0.460000,0.690000,-0.000000,-0.460000,0.690000,-0.000000,0.000000,0.000000,0.000000,0
194,3.880000,4,gripper_r_palm,0.460000,0.710000,0.000000,0.460000,0.710000,-0.000000,0.460000,0.710000,-0.000000,0.000000,0.000000,0.000000,0
194,3.880000,5,gripper_r_finger1,0.460000,0.690000,0.000000,0.460000,0.690000,-0.000000,0.460000,0.690000,-0.000000,0.000000,0.000000,0.000000,0
194,3.880000,6,gripper_r_finger2,0.460000,0.690000,0.000000,0.460000,0.690000,-0.000000,0.460000,0.690000,-0.000000,0.000000,0.000000,0.000000,0
195,3.900000,1,gripper_l_palm,-0.460000,0.710000,0.000000,-0.460000,0.710000,-0.000000,-0.460000,0.710000,-0.000000,0.000000,0.000000,0.000000,0
195,3.900000,2,gripper_l_finger1,-0.460000,0.690000,0.000000,-0.460000,0.690000,-0.000000,-0.460000,0.690000,-0.000000,0.000000,0.000000,0.000000,0
195,3.900000,3,gripper_l_finger2,-0.460000,0.690000,0.000000,-0.460000,0.690000,-0.000000,-0.460000,0.690000,-0.000000,0.000000,0.000000,0.000000,0
195,3.900000,4,gripper_r_palm,0.460000,0.710000,0.000000,0.460000,0.710000,-0.000000,0.460000,0.710000,-0.000000,0.000000,0.000000,0.000000,0
195,3.900000,5,gripper_r_finger1,0.460000,0.690000,0.000000,0.460000,0.690000,-0.000000,0.460000,0.690000,-0.000000,0.000000,0.000000,0.000000,0
195,3.900000,6,gripper_r_finger2,0.460000,0.690000,0.000000,0.460000,0.690000,-0.000000,0.460000,0.690000,-0.000000,0.000000,0.000000,0.000000,0
196,3.920000,1,gripper_l_palm,-0.460000,0.710000,0.000000,-0.460000,0.710000,-0.000000,-0.460000,0.710000,-0.000000,0.000000,0.000000,0.000000,0
196,3.920000,2,gripper_l_finger1,-0.460000,0.690000,0.000000,-0.460000,0.690000,-0.000000,-0.460000,0.690000,-0.000000,0.000000,0.000000,0.000000,0
196,3.920000,3,gripper_l_finger2,-0.460000,0.690000,0.000000,-0.460000,0.690000,-0.000000,-0.460000,0.690000,-0.000000,0.000000,0.000000,0.000000,0
196,3.920000,4,gripper_r_palm,0.460000,0.710000,0.000000,0.460000,0.710000,-0.000000,0.460000,0.710000,-0.000000,0.000000,0.000000,0.000000,0
196,3.920000,5,gripper_r_finger1,0.460000,0.690000,0.000000,0.460000,0.690000,-0.000000,0.460000,0.690000,-0.000000,0.000000,0.000000,0.000000,0
196,3.920000,6,gripper_r_finger2,0.460000,0.690000,0.000000,0.460000,0.690000,-0.000000,0.460000,0.690000,-0.000000,0.000000,0.000000,0.000000,0
197,3.940000,1,gripper_l_palm,-0.460000,0.710000,0.000000,-0.460000,0.710000,-0.000000,-0.460000,0.710000,-0.000000,0.000000,0.000000,0.000000,0
197,3.940000,2,gripper_l_finger1,-0.460000,0.690000,0.000000,-0.460000,0.690000,-0.000000,-0.460000,0.690000,-0.000000,0.000000,0.000000,0.000000,0
197,3.940000,3,gripper_l_finger2,-0.460000,0.690000,0.000000,-0.460000,0.690000,-0.000000,-0.460000,0.690000,-0.000000,0.000000,0.000000,0.000000,0
197,3.940000,4,gripper_r_palm,0.460000,0.710000,0.000000,0.460000,0.710000,-0.000000,0.460000,0.710000,-0.000000,0.000000,0.000000,0.000000,0
197,3.940000,5,gripper_r_finger1,0.460000,0.690000,0.000000,0.460000,0.690000,-0.000000,0.460000,0.690000,-0.000000,0.000000,0.000000,0.000000,0
197,3.940000,6,gripper_r_finger2,0.460000,0.690000,0.000000,0.460000,0.690000,-0.000000,0.460000,0.690000,-0.000000,0.000000,0.000000,0.000000,0
198,3.960000,1,gripper_l_palm,-0.460000,0.710000,0.000000,-0.460000,0.710000,-0.000000,-0.460000,0.710000,-0.000000,0.000000,0.000000,0.000000,0
198,3.960000,2,gripper_l_finger1,-0.460000,0.690000,0.000000,-0.460000,0.690000,-0.000000,-0.460000,0.690000,-0.000000,0.000000,0.000000,0.000000,0
198,3.960000,3,gripper_l_finger2,-0.460000,0.690000,0.000000,-0.460000,0.690000,-0.000000,-0.460000,0.690000,-0.000000,0.000000,0.000000,0.000000,0
198,3.960000,4,gripper_r_palm,0.460000,0.710000,0.000000,0.460000,0.710000,-0.000000,0.460000,0.710000,-0.000000,0.000000,0.000000,0.000000,0
198,3.960000,5,gripper_r_finger1,0.460000,0.690000,0.000000,0.460000,0.690000,-0.000000,0.460000,0.690000,-0.000000,0.000000,0.000000,0.000000,0
198,3.960000,6,gripper_r_finger2,0.460000,0.690000,0.000000,0.460000,0.690000,-0.000000,0.460000,0.690000,-0.000000,0.000000,0.000000,0.000000,0
199,3.980000,1,gripper_l_palm,-0.460000,0.710000,0.000000,-0.460000,0.710000,-0.000000,-0.460000,0.710000,-0.000000,0.000000,0.000000,0.000000,0
199,3.980000,2,gripper_l_finger1,-0.460000,0.690000,0.000000,-0.460000,0.690000,-0.000000,-0.460000,0.690000,-0.000000,0.000000,0.000000,0.000000,0
199,3.980000,3,gripper_l_finger2,-0.460000,0.690000,0.000000,-0.460000,0.690000,-0.000000,-0.460000,0.690000,-0.000000,0.000000,0.000000,0.000000,0
199,3.980000,4,gripper_r_palm,0.460000,0.710000,0.000000,0.460000,0.710000,-0.000000,0.460000,0.710000,-0.000000,0.000000,0.000000,0.000000,0
199,3.980000,5,gripper_r_finger1,0.460000,0.690000,0.000000,0.460000,0.690000,-0.000000,0.460000,0.690000,-0.000000,0.000000,0.000000,0.000000,0
199,3.980000,6,gripper_r_finger2,0.460000,0.690000,0.000000,0.460000,0.690000,-0.000000,0.460000,0.690000,-0.000000,0.000000,0.000000,0.000000,0
200,4.000000,1,gripper_l_palm,-0.460000,0.710000,0.000000,-0.460000,0.710000,-0.000000,-0.460000,0.710000,-0.000000,0.000000,0.000000,0.000000,0
200,4.000000,2,gripper_l_finger1,-0.460000,0.690000,0.000000,-0.460000,0.690000,-0.000000,-0.460000,0.690000,-0.000000,0.000000,0.000000,0.000000,0
200,4.000000,3,gripper_l_finger2,-0.460000,0.690000,0.000000,-0.460000,0.690000,-0.000000,-0.460000,0.690000,-0.000000,0.000000,0.000000,0.000000,0
200,4.000000,4,gripper_r_palm,0.460000,0.710000,0.000000,0.460000,0.710000,-0.000000,0.460000,0.710000,-0.000000,0.000000,0.000000,0.000000,0
200,4.000000,5,gripper_r_finger1,0.460000,0.690000,0.000000,0.460000,0.690000,-0.000000,0.460000,0.690000,-0.000000,0.000000,0.000000,0.000000,0
200,4.000000,6,gripper_r_finger2,0.460000,0.690000,0.000000,0.460000,0.690000,-0.000000,0.460000,0.690000,-0.000000,0.000000,0.000000,0.000000,0
201,4.020000,1,gripper_l_palm,-0.460000,0.710000,0.000000,-0.460000,0.710000,-0.000000,-0.460000,0.710000,-0.000000,0.000000,0.000000,0.000000,0
201,4.020000,2,gripper_l_finger1,-0.460000,0.690000,0.000000,-0.460000,0.690000,-0.000000,-0.460000,0.690000,-0.000000,0.000000,0.000000,0.000000,0
201,4.020000,3,gripper_l_finger2,-0.460000,0.690000,0.000000,-0.460000,0.690000,-0.000000,-0.460000,0.690000,-0.000000,0.000000,0.000000,0.000000,0
201,4.020000,4,gripper_r_palm,0.460000,0.710000,0.000000,0.460000,0.710000,-0.000000,0.460000,0.710000,-0.000000,0.000000,0.000000,0.000000,0
201,4.020000,5,gripper_r_finger1,0.460000,0.690000,0.000000,0.460000,0.690000,-0.000000,0.460000,0.690000,-0.000000,0.000000,0.000000,0.000000,0
201,4.020000,6,gripper_r_finger2,0.460000,0.690000,0.000000,0.460000,0.690000,-0.000000,0.460000,0.690000,-0.000000,0.000000,0.000000,0.000000,0
202,4.040000,1,gripper_l_palm,-0.460000,0.710000,0.000000,-0.460000,0.710000,-0.000000,-0.460000,0.710000,-0.000000,0.000000,0.000000,0.000000,0
202,4.040000,2,gripper_l_finger1,-0.460000,0.690000,0.000000,-0.460000,0.690000,-0.000000,-0.460000,0.690000,-0.000000,0.000000,0.000000,0.000000,0
202,4.040000,3,gripper_l_finger2,-0.460000,0.690000,0.000000,-0.460000,0.690000,-0.000000,-0.460000,0.690000,-0.000000,0.000000,0.000000,0.000000,0
202,4.040000,4,gripper_r_palm,0.460000,0.710000,0.000000,0.460000,0.710000,-0.000000,0.460000,0.710000,-0.000000,0.000000,0.000000,0.000000,0
202,4.040000,5,gripper_r_finger1,0.460000,0.690000,0.000000,0.460000,0.690000,-0.000000,0.460000,0.690000,-0.000000,0.000000,0.000000,0.000000,0
202,4.040000,6,gripper_r_finger2,0.460000,0.690000,0.000000,0.460000,0.690000,-0.000000,0.460000,0.690000,-0.000000,0.000000,0.000000,0.000000,0
203,4.060000,1,gripper_l_palm,-0.460000,0.710000,0.000000,-0.460000,0.710000,-0.000000,-0.460000,0.710000,-0.000000,0.000000,0.000000,0.000000,0
203,4.060000,2,gripper_l_finger1,-0.460000,0.690000,0.000000,-0.460000,0.690000,-0.000000,-0.460000,0.690000,-0.000000,0.000000,0.000000,0.000000,0
203,4.060000,3,gripper_l_finger2,-0.460000,0.690000,0.000000,-0.460000,0.690000,-0.000000,-0.460000,0.690000,-0.000000,0.000000,0.000000,0.000000,0
203,4.060000,4,gripper_r_palm,0.460000,0.710000,0.000000,0.460000,0.710000,-0.000000,0.460000,0.710000,-0.000000,0.000000,0.000000,0.000000,0
203,4.060000,5,gripper_r_finger1,0.460000,0.690000,0.000000,0.460000,0.690000,-0.000000,0.460000,0.690000,-0.000000,0.000000,0.000000,0.000000,0
203,4.060000,6,gripper_r_finger2,0.460000,0.690000,0.000000,0.460000,0.690000,-0.000000,0.460000,0.690000,-0.000000,0.000000,0.000000,0.000000,0
204,4.080000,1,gripper_l_palm,-0.460000,0.710000,0.000000,-0.460000,0.710000,-0.000000,-0.460000,0.710000,-0.000000,0.000000,0.000000,0.000000,0
204,4.080000,2,gripper_l_finger1,-0.460000,0.690000,0.000000,-0.460000,0.690000,-0.000000,-0.460000,0.690000,-0.000000,0.000000,0.000000,0.000000,0
204,4.080000,3,gripper_l_finger2,-0.460000,0.690000,0.000000,-0.460000,0.690000,-0.000000,-0.460000,0.690000,-0.000000,0.000000,0.000000,0.000000,0
204,4.080000,4,gripper_r_palm,0.460000,0.710000,0.000000,0.460000,0.710000,-0.000000,0.460000,0.710000,-0.000000,0.000000,0.000000,0.000000,0
204,4.080000,5,gripper_r_finger1,0.460000,0.690000,0.000000,0.460000,0.690000,-0.000000,0.460000,0.690000,-0.000000,0.000000,0.000000,0.000000,0
204,4.080000,6,gripper_r_finger2,0.460000,0.690000,0.000000,0.460000,0.690000,-0.000000,0.460000,0.690000,-0.000000,0.000000,0.000000,0.000000,0
205,4.100000,1,gripper_l_palm,-0.460000,0.710000,0.000000,-0.460000,0.710000,-0.000000,-0.460000,0.710000,-0.000000,0.000000,0.000000,0.000000,0
205,4.100000,2,gripper_l_finger1,-0.460000,0.690000,0.000000,-0.460000,0.690000,-0.000000,-0.460000,0.690000,-0.000000,0.000000,0.000000,0.000000,0
205,4.100000,3,gripper_l_finger2,-0.460000,0.690000,0.000000,-0.460000,0.690000,-0.000000,-0.460000,0.690000,-0.000000,0.000000,0.000000,0.000000,0
205,4.100000,4,gripper_r_palm,0.460000,0.710000,0.000000,0.460000,0.710000,-0.000000,0.460000,0.710000,-0.000000,0.000000,0.000000,0.000000,0
205,4.100000,5,gripper_r_finger1,0.460000,0.690000,0.000000,0.460000,0.690000,-0.000000,0.460000,0.690000,-0.000000,0.000000,0.000000,0.000000,0
205,4.100000,6,gripper_r_finger2,0.460000,0.690000,0.000000,0.460000,0.690000,-0.000000,0.460000,0.690000,-0.000000,0.000000,0.000000,0.000000,0
206,4.120000,1,gripper_l_palm,-0.460000,0.710000,0.000000,-0.460000,0.710000,-0.000000,-0.460000,0.710000,-0.000000,0.000000,0.000000,0.000000,0
206,4.120000,2,gripper_l_finger1,-0.460000,0.690000,0.000000,-0.460000,0.690000,-0.000000,-0.460000,0.690000,-0.000000,0.000000,0.000000,0.000000,0
206,4.120000,3,gripper_l_finger2,-0.460000,0.690000,0.000000,-0.460000,0.690000,-0.000000,-0.460000,0.690000,-0.000000,0.000000,0.000000,0.000000,0
206,4.120000,4,gripper_r_palm,0.460000,0.710000,0.000000,0.460000,0.710000,-0.000000,0.460000,0.710000,-0.000000,0.000000,0.000000,0.000000,0
206,4.120000,5,gripper_r_finger1,0.460000,0.690000,0.000000,0.460000,0.690000,-0.000000,0.460000,0.690000,-0.000000,0.000000,0.000000,0.000000,0
206,4.120000,6,gripper_r_finger2,0.460000,0.690000,0.000000,0.460000,0.690000,-0.000000,0.460000,0.690000,-0.000000,0.000000,0.000000,0.000000,0
207,4.140000,1,gripper_l_palm,-0.460000,0.710000,0.000000,-0.460000,0.710000,-0.000000,-0.460000,0.710000,-0.000000,0.000000,0.000000,0.000000,0
207,4.140000,2,gripper_l_finger1,-0.460000,0.690000,0.000000,-0.460000,0.690000,-0.000000,-0.460000,0.690000,-0.000000,0.000000,0.000000,0.000000,0
207,4.140000,3,gripper_l_finger2,-0.460000,0.690000,0.000000,-0.460000,0.690000,-0.000000,-0.460000,0.690000,-0.000000,0.000000,0.000000,0.000000,0
207,4.140000,4,gripper_r_palm,0.460000,0.710000,0.000000,0.460000,0.710000,-0.000000,0.460000,0.710000,-0.000000,0.000000,0.000000,0.000000,0
207,4.140000,5,gripper_r_finger1,0.460000,0.690000,0.000000,0.460000,0.690000,-0.000000,0.460000,0.690000,-0.000000,0.000000,0.000000,0.000000,0
207,4.140000,6,gripper_r_finger2,0.460000,0.690000,0.000000,0.460000,0.690000,-0.000000,0.460000,0.690000,-0.000000,0.000000,0.000000,0.000000,0
208,4.160000,1,gripper_l_palm,-0.460000,0.710000,0.000000,-0.460000,0.710000,-0.000000,-0.460000,0.710000,-0.000000,0.000000,0.000000,0.000000,0
208,4.160000,2,gripper_l_finger1,-0.460000,0.690000,0.000000,-0.460000,0.690000,-0.000000,-0.460000,0.690000,-0.000000,0.000000,0.000000,0.000000,0
208,4.160000,3,gripper_l_finger2,-0.460000,0.690000,0.000000,-0.460000,0.690000,-0.000000,-0.460000,0.690000,-0.000000,0.000000,0.000000,0.000000,0
208,4.160000,4,gripper_r_palm,0.460000,0.710000,0.000000,0.460000,0.710000,-0.000000,0.460000,0.710000,-0.000000,0.000000,0.000000,0.000000,0
208,4.160000,5,gripper_r_finger1,0.460000,0.690000,0.000000,0.460000,0.690000,-0.000000,0.460000,0.690000,-0.000000,0.000000,0.000000,0.000000,0
208,4.160000,6,gripper_r_finger2,0.460000,0.690000,0.000000,0.460000,0.690000,-0.000000,0.460000,0.690000,-0.000000,0.000000,0.000000,0.000000,0
209,4.180000,1,gripper_l_palm,-0.460000,0.710000,0.000000,-0.460000,0.710000,-0.000000,-0.460000,0.710000,-0.000000,0.000000,0.000000,0.000000,0
209,4.180000,2,gripper_l_finger1,-0.460000,0.690000,0.000000,-0.460000,0.690000,-0.000000,-0.460000,0.690000,-0.000000,0.000000,0.000000,0.000000,0
209,4.180000,3,gripper_l_finger2,-0.460000,0.690000,0.000000,-0.460000,0.690000,-0.000000,-0.460000,0.690000,-0.000000,0.000000,0.000000,0.000000,0
209,4.180000,4,gripper_r_palm,0.460000,0.710000,0.000000,0.460000,0.710000,-0.000000,0.460000,0.710000,-0.000000,0.000000,0.000000,0.000000,0
209,4.180000,5,gripper_r_finger1,0.460000,0.690000,0.000000,0.460000,0.690000,-0.000000,0.460000,0.690000,-0.000000,0.000000,0.000000,0.000000,0
209,4.180000,6,gripper_r_finger2,0.460000,0.690000,0.000000,0.460000,0.690000,-0.000000,0.460000,0.690000,-0.000000,0.000000,0.000000,0.000000,0
210,4.200000,1,gripper_l_palm,-0.460000,0.710000,0.000000,-0.460000,0.710000,-0.000000,-0.460000,0.710000,-0.000000,0.000000,0.000000,0.000000,0
210,4.200000,2,gripper_l_finger1,-0.460000,0.690000,0.000000,-0.460000,0.690000,-0.000000,-0.460000,0.690000,-0.000000,0.000000,0.000000,0.000000,0
210,4.200000,3,gripper_l_finger2,-0.460000,0.690000,0.000000,-0.460000,0.690000,-0.000000,-0.460000,0.690000,-0.000000,0.000000,0.000000,0.000000,0
210,4.200000,4,gripper_r_palm,0.460000,0.710000,0.000000,0.460000,0.710000,-0.000000,0.460000,0.710000,-0.000000,0.000000,0.000000,0.000000,0
210,4.200000,5,gripper_r_finger1,0.460000,0.690000,0.000000,0.460000,0.690000,-0.000000,0.460000,0.690000,-0.000000,0.000000,0.000000,0.000000,0
210,4.200000,6,gripper_r_finger2,0.460000,0.690000,0.000000,0.460000,0.690000,-0.000000,0.460000,0.690000,-0.000000,0.000000,0.000000,0.000000,0
211,4.220000,1,gripper_l_palm,-0.460000,0.710000,0.000000,-0.460000,0.710000,-0.000000,-0.460000,0.710000,-0.000000,0.000000,0.000000,0.000000,0
211,4.220000,2,gripper_l_finger1,-0.460000,0.690000,0.000000,-0.460000,0.690000,-0.000000,-0.460000,0.690000,-0.000000,0.000000,0.000000,0.000000,0
211,4.220000,3,gripper_l_finger2,-0.460000,0.690000,0.000000,-0.460000,0.690000,-0.000000,-0.460000,0.690000,-0.000000,0.000000,0.000000,0.000000,0
211,4.220000,4,gripper_r_palm,0.460000,0.710000,0.000000,0.460000,0.710000,-0.000000,0.460000,0.710000,-0.000000,0.000000,0.000000,0.000000,0
211,4.220000,5,gripper_r_finger1,0.460000,0.690000,0.000000,0.460000,0.690000,-0.000000,0.460000,0.690000,-0.000000,0.000000,0.000000,0.000000,0
211,4.220000,6,gripper_r_finger2,0.460000,0.690000,0.000000,0.460000,0.690000,-0.000000,0.460000,0.690000,-0.000000,0.000000,0.000000,0.000000,0
212,4.240000,1,gripper_l_palm,-0.460000,0.710000,0.000000,-0.460000,0.710000,-0.000000,-0.460000,0.710000,-0.000000,0.000000,0.000000,0.000000,0
212,4.240000,2,gripper_l_finger1,-0.460000,0.690000,0.000000,-0.460000,0.690000,-0.000000,-0.460000,0.690000,-0.000000,0.000000,0.000000,0.000000,0
212,4.240000,3,gripper_l_finger2,-0.460000,0.690000,0.000000,-0.460000,0.690000,-0.000000,-0.460000,0.690000,-0.000000,0.000000,0.000000,0.000000,0
212,4.240000,4,gripper_r_palm,0.460000,0.710000,0.000000,0.460000,0.710000,-0.000000,0.460000,0.710000,-0.000000,0.000000,0.000000,0.000000,0
212,4.240000,5,gripper_r_finger1,0.460000,0.690000,0.000000,0.460000,0.690000,-0.000000,0.460000,0.690000,-0.000000,0.000000,0.000000,0.000000,0
212,4.240000,6,gripper_r_finger2,0.460000,0.690000,0.000000,0.460000,0.690000,-0.000000,0.460000,0.690000,-0.000000,0.000000,0.000000,0.000000,0
213,4.260000,1,gripper_l_palm,-0.460000,0.710000,0.000000,-0.460000,0.710000,-0.000000,-0.460000,0.710000,-0.000000,0.000000,0.000000,0.000000,0
213,4.260000,2,gripper_l_finger1,-0.460000,0.690000,0.000000,-0.460000,0.690000,-0.000000,-0.460000,0.690000,-0.000000,0.000000,0.000000,0.000000,0
213,4.260000,3,gripper_l_finger2,-0.460000,0.690000,0.000000,-0.460000,0.690000,-0.000000,-0.460000,0.690000,-0.000000,0.000000,0.000000,0.000000,0
213,4.260000,4,gripper_r_palm,0.460000,0.710000,0.000000,0.460000,0.710000,-0.000000,0.460000,0.710000,-0.000000,0.000000,0.000000,0.000000,0
213,4.260000,5,gripper_r_finger1,0.460000,0.690000,0.000000,0.460000,0.690000,-0.000000,0.460000,0.690000,-0.000000,0.000000,0.000000,0.000000,0
213,4.260000,6,gripper_r_finger2,0.460000,0.690000,0.000000,0.460000,0.690000,-0.000000,0.460000,0.690000,-0.000000,0.000000,0.000000,0.000000,0
214,4.280000,1,gripper_l_palm,-0.460000,0.710000,0.000000,-0.460000,0.710000,-0.000000,-0.460000,0.710000,-0.000000,0.000000,0.000000,0.000000,0
214,4.280000,2,gripper_l_finger1,-0.460000,0.690000,0.000000,-0.460000,0.690000,-0.000000,-0.460000,0.690000,-0.000000,0.000000,0.000000,0.000000,0
214,4.280000,3,gripper_l_finger2,-0.460000,0.690000,0.000000,-0.460000,0.690000,-0.000000,-0.460000,0.690000,-0.000000,0.000000,0.000000,0.000000,0
214,4.280000,4,gripper_r_palm,0.460000,0.710000,0.000000,0.460000,0.710000,-0.000000,0.460000,0.710000,-0.000000,0.000000,0.000000,0.000000,0
214,4.280000,5,gripper_r_finger1,0.460000,0.690000,0.000000,0.460000,0.690000,-0.000000,0.460000,0.690000,-0.000000,0.000000,0.000000,0.000000,0
214,4.280000,6,gripper_r_finger2,0.460000,0.690000,0.000000,0.460000,0.690000,-0.000000,0.460000,0.690000,-0.000000,0.000000,0.000000,0.000000,0
215,4.300000,1,gripper_l_palm,-0.460000,0.710000,0.000000,-0.460000,0.710000,-0.000000,-0.460000,0.710000,-0.000000,0.000000,0.000000,0.000000,0
215,4.300000,2,gripper_l_finger1,-0.460000,0.690000,0.000000,-0.460000,0.690000,-0.000000,-0.460000,0.690000,-0.000000,0.000000,0.000000,0.000000,0
215,4.300000,3,gripper_l_finger2,-0.460000,0.690000,0.000000,-0.460000,0.690000,-0.000000,-0.460000,0.690000,-0.000000,0.000000,0.000000,0.000000,0
215,4.300000,4,gripper_r_palm,0.460000,0.710000,0.000000,0.460000,0.710000,-0.000000,0.460000,0.710000,-0.000000,0.000000,0.000000,0.000000,0
215,4.300000,5,gripper_r_finger1,0.460000,0.690000,0.000000,0.460000,0.690000,-0.000000,0.460000,0.690000,-0.000000,0.000000,0.000000,0.000000,0
215,4.300000,6,gripper_r_finger2,0.460000,0.690000,0.000000,0.460000,0.690000,-0.000000,0.460000,0.690000,-0.000000,0.000000,0.000000,0.000000,0
216,4.320000,1,gripper_l_palm,-0.460000,0.710000,0.000000,-0.460000,0.710000,-0.000000,-0.460000,0.710000,-0.000000,0.000000,0.000000,0.000000,0
216,4.320000,2,gripper_l_finger1,-0.460000,0.690000,0.000000,-0.460000,0.690000,-0.000000,-0.460000,0.690000,-0.000000,0.000000,0.000000,0.000000,0
216,4.320000,3,gripper_l_finger2,-0.460000,0.690000,0.000000,-0.460000,0.690000,-0.000000,-0.460000,0.690000,-0.000000,0.000000,0.000000,0.000000,0
216,4.320000,4,gripper_r_palm,0.460000,0.710000,0.000000,0.460000,0.710000,-0.000000,0.460000,0.710000,-0.000000,0.000000,0.000000,0.000000,0
216,4.320000,5,gripper_r_finger1,0.460000,0.690000,0.000000,0.460000,0.690000,-0.000000,0.460000,0.690000,-0.000000,0.000000,0.000000,0.000000,0
216,4.320000,6,gripper_r_finger2,0.460000,0.690000,0.000000,0.460000,0.690000,-0.000000,0.460000,0.690000,-0.000000,0.000000,0.000000,0.000000,0
217,4.340000,1,gripper_l_palm,-0.460000,0.710000,0.000000,-0.460000,0.710000,-0.000000,-0.460000,0.710000,-0.000000,0.000000,0.000000,0.000000,0
217,4.340000,2,gripper_l_finger1,-0.460000,0.690000,0.000000,-0.460000,0.690000,-0.000000,-0.460000,0.690000,-0.000000,0.000000,0.000000,0.000000,0
217,4.340000,3,gripper_l_finger2,-0.460000,0.690000,0.000000,-0.460000,0.690000,-0.000000,-0.460000,0.690000,-0.000000,0.000000,0.000000,0.000000,0
217,4.340000,4,gripper_r_palm,0.460000,0.710000,0.000000,0.460000,0.710000,-0.000000,0.460000,0.710000,-0.000000,0.000000,0.000000,0.000000,0
217,4.340000,5,gripper_r_finger1,0.460000,0.690000,0.000000,0.460000,0.690000,-0.000000,0.460000,0.690000,-0.000000,0.000000,0.000000,0.000000,0
217,4.340000,6,gripper_r_finger2,0.460000,0.690000,0.000000,0.460000,0.690000,-0.000000,0.460000,0.690000,-0.000000,0.000000,0.000000,0.000000,0
218,4.360000,1,gripper_l_palm,-0.460000,0.710000,0.000000,-0.460000,0.710000,-0.000000,-0.460000,0.710000,-0.000000,0.000000,0.000000,0.000000,0
218,4.360000,2,gripper_l_finger1,-0.460000,0.690000,0.000000,-0.460000,0.690000,-0.000000,-0.460000,0.690000,-0.000000,0.000000,0.000000,0.000000,0
218,4.360000,3,gripper_l_finger2,-0.460000,0.690000,0.000000,-0.460000,0.690000,-0.000000,-0.460000,0.690000,-0.000000,0.000000,0.000000,0.000000,0
218,4.360000,4,gripper_r_palm,0.460000,0.710000,0.000000,0.460000,0.710000,-0.000000,0.460000,0.710000,-0.000000,0.000000,0.000000,0.000000,0
218,4.360000,5,gripper_r_finger1,0.460000,0.690000,0.000000,0.460000,0.690000,-0.000000,0.460000,0.690000,-0.000000,0.000000,0.000000,0.000000,0
218,4.360000,6,gripper_r_finger2,0.460000,0.690000,0.000000,0.460000,0.690000,-0.000000,0.460000,0.690000,-0.000000,0.000000,0.000000,0.000000,0
219,4.380000,1,gripper_l_palm,-0.460000,0.710000,0.000000,-0.460000,0.710000,-0.000000,-0.460000,0.710000,-0.000000,0.000000,0.000000,0.000000,0
219,4.380000,2,gripper_l_finger1,-0.460000,0.690000,0.000000,-0.460000,0.690000,-0.000000,-0.460000,0.690000,-0.000000,0.000000,0.000000,0.000000,0
219,4.380000,3,gripper_l_finger2,-0.460000,0.690000,0.000000,-0.460000,0.690000,-0.000000,-0.460000,0.690000,-0.000000,0.000000,0.000000,0.000000,0
219,4.380000,4,gripper_r_palm,0.460000,0.710000,0.000000,0.460000,0.710000,-0.000000,0.460000,0.710000,-0.000000,0.000000,0.000000,0.000000,0
219,4.380000,5,gripper_r_finger1,0.460000,0.690000,0.000000,0.460000,0.690000,-0.000000,0.460000,0.690000,-0.000000,0.000000,0.000000,0.000000,0
219,4.380000,6,gripper_r_finger2,0.460000,0.690000,0.000000,0.460000,0.690000,-0.000000,0.460000,0.690000,-0.000000,0.000000,0.000000,0.000000,0
220,4.400000,1,gripper_l_palm,-0.460000,0.710000,0.000000,-0.460000,0.710000,-0.000000,-0.460000,0.710000,-0.000000,0.000000,0.000000,0.000000,0
220,4.400000,2,gripper_l_finger1,-0.460000,0.690000,0.000000,-0.460000,0.690000,-0.000000,-0.460000,0.690000,-0.000000,0.000000,0.000000,0.000000,0
220,4.400000,3,gripper_l_finger2,-0.460000,0.690000,0.000000,-0.460000,0.690000,-0.000000,-0.460000,0.690000,-0.000000,0.000000,0.000000,0.000000,0
220,4.400000,4,gripper_r_palm,0.460000,0.710000,0.000000,0.460000,0.710000,-0.000000,0.460000,0.710000,-0.000000,0.000000,0.000000,0.000000,0
220,4.400000,5,gripper_r_finger1,0.460000,0.690000,0.000000,0.460000,0.690000,-0.000000,0.460000,0.690000,-0.000000,0.000000,0.000000,0.000000,0
220,4.400000,6,gripper_r_finger2,0.460000,0.690000,0.000000,0.460000,0.690000,-0.000000,0.460000,0.690000,-0.000000,0.000000,0.000000,0.000000,0
221,4.420000,1,gripper_l_palm,-0.460000,0.710000,0.000000,-0.460000,0.710000,-0.000000,-0.460000,0.710000,-0.000000,0.000000,0.000000,0.000000,0
221,4.420000,2,gripper_l_finger1,-0.460000,0.690000,0.000000,-0.460000,0.690000,-0.000000,-0.460000,0.690000,-0.000000,0.000000,0.000000,0.000000,0
221,4.420000,3,gripper_l_finger2,-0.460000,0.690000,0.000000,-0.460000,0.690000,-0.000000,-0.460000,0.690000,-0.000000,0.000000,0.000000,0.000000,0
221,4.420000,4,gripper_r_palm,0.460000,0.710000,0.000000,0.460000,0.710000,-0.000000,0.460000,0.710000,-0.000000,0.000000,0.000000,0.000000,0
221,4.420000,5,gripper_r_finger1,0.460000,0.690000,0.000000,0.460000,0.690000,-0.000000,0.460000,0.690000,-0.000000,0.000000,0.000000,0.000000,0
221,4.420000,6,gripper_r_finger2,0.460000,0.690000,0.000000,0.460000,0.690000,-0.000000,0.460000,0.690000,-0.000000,0.000000,0.000000,0.000000,0
222,4.440000,1,gripper_l_palm,-0.460000,0.710000,0.000000,-0.460000,0.710000,-0.000000,-0.460000,0.710000,-0.000000,0.000000,0.000000,0.000000,0
222,4.440000,2,gripper_l_finger1,-0.460000,0.690000,0.000000,-0.460000,0.690000,-0.000000,-0.460000,0.690000,-0.000000,0.000000,0.000000,0.000000,0
222,4.440000,3,gripper_l_finger2,-0.460000,0.690000,0.000000,-0.460000,0.690000,-0.000000,-0.460000,0.690000,-0.000000,0.000000,0.000000,0.000000,0
222,4.440000,4,gripper_r_palm,0.460000,0.710000,0.000000,0.460000,0.710000,-0.000000,0.460000,0.710000,-0.000000,0.000000,0.000000,0.000000,0
222,4.440000,5,gripper_r_finger1,0.460000,0.690000,0.000000,0.460000,0.690000,-0.000000,0.460000,0.690000,-0.000000,0.000000,0.000000,0.000000,0
222,4.440000,6,gripper_r_finger2,0.460000,0.690000,0.000000,0.460000,0.690000,-0.000000,0.460000,0.690000,-0.000000,0.000000,0.000000,0.000000,0
223,4.460000,1,gripper_l_palm,-0.460000,0.710000,0.000000,-0.460000,0.710000,-0.000000,-0.460000,0.710000,-0.000000,0.000000,0.000000,0.000000,0
223,4.460000,2,gripper_l_finger1,-0.460000,0.690000,0.000000,-0.460000,0.690000,-0.000000,-0.460000,0.690000,-0.000000,0.000000,0.000000,0.000000,0
223,4.460000,3,gripper_l_finger2,-0.460000,0.690000,0.000000,-0.460000,0.690000,-0.000000,-0.460000,0.690000,-0.000000,0.000000,0.000000,0.000000,0
223,4.460000,4,gripper_r_palm,0.460000,0.710000,0.000000,0.460000,0.710000,-0.000000,0.460000,0.710000,-0.000000,0.000000,0.000000,0.000000,0
223,4.460000,5,gripper_r_finger1,0.460000,0.690000,0.000000,0.460000,0.690000,-0.000000,0.460000,0.690000,-0.000000,0.000000,0.000000,0.000000,0
223,4.460000,6,gripper_r_finger2,0.460000,0.690000,0.000000,0.460000,0.690000,-0.000000,0.460000,0.690000,-0.000000,0.000000,0.000000,0.000000,0
224,4.480000,1,gripper_l_palm,-0.460000,0.710000,0.000000,-0.460000,0.710000,-0.000000,-0.460000,0.710000,-0.000000,0.000000,0.000000,0.000000,0
224,4.480000,2,gripper_l_finger1,-0.460000,0.690000,0.000000,-0.460000,0.690000,-0.000000,-0.460000,0.690000,-0.000000,0.000000,0.000000,0.000000,0
224,4.480000,3,gripper_l_finger2,-0.460000,0.690000,0.000000,-0.460000,0.690000,-0.000000,-0.460000,0.690000,-0.000000,0.000000,0.000000,0.000000,0
224,4.480000,4,gripper_r_palm,0.460000,0.710000,0.000000,0.460000,0.710000,-0.000000,0.460000,0.710000,-0.000000,0.000000,0.000000,0.000000,0
224,4.480000,5,gripper_r_finger1,0.460000,0.690000,0.000000,0.460000,0.690000,-0.000000,0.460000,0.690000,-0.000000,0.000000,0.000000,0.000000,0
224,4.480000,6,gripper_r_finger2,0.460000,0.690000,0.000000,0.460000,0.690000,-0.000000,0.460000,0.690000,-0.000000,0.000000,0.000000,0.000000,0
225,4.500000,1,gripper_l_palm,-0.460000,0.710000,0.000000,-0.460000,0.710000,-0.000000,-0.460000,0.710000,-0.000000,0.000000,0.000000,0.000000,0
225,4.500000,2,gripper_l_finger1,-0.460000,0.690000,0.000000,-0.460000,0.690000,-0.000000,-0.460000,0.690000,-0.000000,0.000000,0.000000,0.000000,0
225,4.500000,3,gripper_l_finger2,-0.460000,0.690000,0.000000,-0.460000,0.690000,-0.000000,-0.460000,0.690000,-0.000000,0.000000,0.000000,0.000000,0
225,4.500000,4,gripper_r_palm,0.460000,0.710000,0.000000,0.460000,0.710000,-0.000000,0.460000,0.710000,-0.000000,0.000000,0.000000,0.000000,0
225,4.500000,5,gripper_r_finger1,0.460000,0.690000,0.000000,0.460000,0.690000,-0.000000,0.460000,0.690000,-0.000000,0.000000,0.000000,0.000000,0
225,4.500000,6,gripper_r_finger2,0.460000,0.690000,0.000000,0.460000,0.690000,-0.000000,0.460000,0.690000,-0.000000,0.000000,0.000000,0.000000,0
226,4.520000,1,gripper_l_palm,-0.460000,0.710000,0.000000,-0.460000,0.710000,-0.000000,-0.460000,0.710000,-0.000000,0.000000,0.000000,0.000000,0
226,4.520000,2,gripper_l_finger1,-0.460000,0.690000,0.000000,-0.460000,0.690000,-0.000000,-0.460000,0.690000,-0.000000,0.000000,0.000000,0.000000,0
226,4.520000,3,gripper_l_finger2,-0.460000,0.690000,0.000000,-0.460000,0.690000,-0.000000,-0.460000,0.690000,-0.000000,0.000000,0.000000,0.000000,0
226,4.520000,4,gripper_r_palm,0.460000,0.710000,0.000000,0.460000,0.710000,-0.000000,0.460000,0.710000,-0.000000,0.000000,0.000000,0.000000,0
226,4.520000,5,gripper_r_finger1,0.460000,0.690000,0.000000,0.460000,0.690000,-0.000000,0.460000,0.690000,-0.000000,0.000000,0.000000,0.000000,0
226,4.520000,6,gripper_r_finger2,0.460000,0.690000,0.000000,0.460000,0.690000,-0.000000,0.460000,0.690000,-0.000000,0.000000,0.000000,0.000000,0
227,4.540000,1,gripper_l_palm,-0.460000,0.710000,0.000000,-0.460000,0.710000,-0.000000,-0.460000,0.710000,-0.000000,0.000000,0.000000,0.000000,0
227,4.540000,2,gripper_l_finger1,-0.460000,0.690000,0.000000,-0.460000,0.690000,-0.000000,-0.460000,0.690000,-0.000000,0.000000,0.000000,0.000000,0
227,4.540000,3,gripper_l_finger2,-0.460000,0.690000,0.000000,-0.460000,0.690000,-0.000000,-0.460000,0.690000,-0.000000,0.000000,0.000000,0.000000,0
227,4.540000,4,gripper_r_palm,0.460000,0.710000,0.000000,0.460000,0.710000,-0.000000,0.460000,0.710000,-0.000000,0.000000,0.000000,0.000000,0
227,4.540000,5,gripper_r_finger1,0.460000,0.690000,0.000000,0.460000,0.690000,-0.000000,0.460000,0.690000,-0.000000,0.000000,0.000000,0.000000,0
227,4.540000,6,gripper_r_finger2,0.460000,0.690000,0.000000,0.460000,0.690000,-0.000000,0.460000,0.690000,-0.000000,0.000000,0.000000,0.000000,0
228,4.560000,1,gripper_l_palm,-0.460000,0.710000,0.000000,-0.460000,0.710000,-0.000000,-0.460000,0.710000,-0.000000,0.000000,0.000000,0.000000,0
228,4.560000,2,gripper_l_finger1,-0.460000,0.690000,0.000000,-0.460000,0.690000,-0.000000,-0.460000,0.690000,-0.000000,0.000000,0.000000,0.000000,0
228,4.560000,3,gripper_l_finger2,-0.460000,0.690000,0.000000,-0.460000,0.690000,-0.000000,-0.460000,0.690000,-0.000000,0.000000,0.000000,0.000000,0
228,4.560000,4,gripper_r_palm,0.460000,0.710000,0.000000,0.460000,0.710000,-0.000000,0.460000,0.710000,-0.000000,0.000000,0.000000,0.000000,0
228,4.560000,5,gripper_r_finger1,0.460000,0.690000,0.000000,0.460000,0.690000,-0.000000,0.460000,0.690000,-0.000000,0.000000,0.000000,0.000000,0
228,4.560000,6,gripper_r_finger2,0.460000,0.690000,0.000000,0.460000,0.690000,-0.000000,0.460000,0.690000,-0.000000,0.000000,0.000000,0.000000,0
229,4.580000,1,gripper_l_palm,-0.460000,0.710000,0.000000,-0.460000,0.710000,-0.000000,-0.460000,0.710000,-0.000000,0.000000,0.000000,0.000000,0
229,4.580000,2,gripper_l_finger1,-0.460000,0.690000,0.000000,-0.460000,0.690000,-0.000000,-0.460000,0.690000,-0.000000,0.000000,0.000000,0.000000,0
229,4.580000,3,gripper_l_finger2,-0.460000,0.690000,0.000000,-0.460000,0.690000,-0.000000,-0.460000,0.690000,-0.000000,0.000000,0.000000,0.000000,0
229,4.580000,4,gripper_r_palm,0.460000,0.710000,0.000000,0.460000,0.710000,-0.000000,0.460000,0.710000,-0.000000,0.000000,0.000000,0.000000,0
229,4.580000,5,gripper_r_finger1,0.460000,0.690000,0.000000,0.460000,0.690000,-0.000000,0.460000,0.690000,-0.000000,0.000000,0.000000,0.000000,0
229,4.580000,6,gripper_r_finger2,0.460000,0.690000,0.000000,0.460000,0.690000,-0.000000,0.460000,0.690000,-0.000000,0.000000,0.000000,0.000000,0
230,4.600000,1,gripper_l_palm,-0.460000,0.710000,0.000000,-0.460000,0.710000,-0.000000,-0.460000,0.710000,-0.000000,0.000000,0.000000,0.000000,0
230,4.600000,2,gripper_l_finger1,-0.460000,0.690000,0.000000,-0.460000,0.690000,-0.000000,-0.460000,0.690000,-0.000000,0.000000,0.000000,0.000000,0
230,4.600000,3,gripper_l_finger2,-0.460000,0.690000,0.000000,-0.460000,0.690000,-0.000000,-0.460000,0.690000,-0.000000,0.000000,0.000000,0.000000,0
230,4.600000,4,gripper_r_palm,0.460000,0.710000,0.000000,0.460000,0.710000,-0.000000,0.460000,0.710000,-0.000000,0.000000,0.000000,0.000000,0
230,4.600000,5,gripper_r_finger1,0.460000,0.690000,0.000000,0.460000,0.690000,-0.000000,0.460000,0.690000,-0.000000,0.000000,0.000000,0.000000,0
230,4.600000,6,gripper_r_finger2,0.460000,0.690000,0.000000,0.460000,0.690000,-0.000000,0.460000,0.690000,-0.000000,0.000000,0.000000,0.000000,0
231,4.620000,1,gripper_l_palm,-0.460000,0.710000,0.000000,-0.460000,0.710000,-0.000000,-0.460000,0.710000,-0.000000,0.000000,0.000000,0.000000,0
231,4.620000,2,gripper_l_finger1,-0.460000,0.690000,0.000000,-0.460000,0.690000,-0.000000,-0.460000,0.690000,-0.000000,0.000000,0.000000,0.000000,0
231,4.620000,3,gripper_l_finger2,-0.460000,0.690000,0.000000,-0.460000,0.690000,-0.000000,-0.460000,0.690000,-0.000000,0.000000,0.000000,0.000000,0
231,4.620000,4,gripper_r_palm,0.460000,0.710000,0.000000,0.460000,0.710000,-0.000000,0.460000,0.710000,-0.000000,0.000000,0.000000,0.000000,0
231,4.620000,5,gripper_r_finger1,0.460000,0.690000,0.000000,0.460000,0.690000,-0.000000,0.460000,0.690000,-0.000000,0.000000,0.000000,0.000000,0
231,4.620000,6,gripper_r_finger2,0.460000,0.690000,0.000000,0.460000,0.690000,-0.000000,0.460000,0.690000,-0.000000,0.000000,0.000000,0.000000,0
232,4.640000,1,gripper_l_palm,-0.460000,0.710000,0.000000,-0.460000,0.710000,-0.000000,-0.460000,0.710000,-0.000000,0.000000,0.000000,0.000000,0
232,4.640000,2,gripper_l_finger1,-0.460000,0.690000,0.000000,-0.460000,0.690000,-0.000000,-0.460000,0.690000,-0.000000,0.000000,0.000000,0.000000,0
232,4.640000,3,gripper_l_finger2,-0.460000,0.690000,0.000000,-0.460000,0.690000,-0.000000,-0.460000,0.690000,-0.000000,0.000000,0.000000,0.000000,0
232,4.640000,4,gripper_r_palm,0.460000,0.710000,0.000000,0.460000,0.710000,-0.000000,0.460000,0.710000,-0.000000,0.000000,0.000000,0.000000,0
232,4.640000,5,gripper_r_finger1,0.460000,0.690000,0.000000,0.460000,0.690000,-0.000000,0.460000,0.690000,-0.000000,0.000000,0.000000,0.000000,0
232,4.640000,6,gripper_r_finger2,0.460000,0.690000,0.000000,0.460000,0.690000,-0.000000,0.460000,0.690000,-0.000000,0.000000,0.000000,0.000000,0
233,4.660000,1,gripper_l_palm,-0.460000,0.710000,0.000000,-0.460000,0.710000,-0.000000,-0.460000,0.710000,-0.000000,0.000000,0.000000,0.000000,0
233,4.660000,2,gripper_l_finger1,-0.460000,0.690000,0.000000,-0.460000,0.690000,-0.000000,-0.460000,0.690000,-0.000000,0.000000,0.000000,0.000000,0
233,4.660000,3,gripper_l_finger2,-0.460000,0.690000,0.000000,-0.460000,0.690000,-0.000000,-0.460000,0.690000,-0.000000,0.000000,0.000000,0.000000,0
233,4.660000,4,gripper_r_palm,0.460000,0.710000,0.000000,0.460000,0.710000,-0.000000,0.460000,0.710000,-0.000000,0.000000,0.000000,0.000000,0
233,4.660000,5,gripper_r_finger1,0.460000,0.690000,0.000000,0.460000,0.690000,-0.000000,0.460000,0.690000,-0.000000,0.000000,0.000000,0.000000,0
233,4.660000,6,gripper_r_finger2,0.460000,0.690000,0.000000,0.460000,0.690000,-0.000000,0.460000,0.690000,-0.000000,0.000000,0.000000,0.000000,0
234,4.680000,1,gripper_l_palm,-0.460000,0.710000,0.000000,-0.460000,0.710000,-0.000000,-0.460000,0.710000,-0.000000,0.000000,0.000000,0.000000,0
234,4.680000,2,gripper_l_finger1,-0.460000,0.690000,0.000000,-0.460000,0.690000,-0.000000,-0.460000,0.690000,-0.000000,0.000000,0.000000,0.000000,0
234,4.680000,3,gripper_l_finger2,-0.460000,0.690000,0.000000,-0.460000,0.690000,-0.000000,-0.460000,0.690000,-0.000000,0.000000,0.000000,0.000000,0
234,4.680000,4,gripper_r_palm,0.460000,0.710000,0.000000,0.460000,0.710000,-0.000000,0.460000,0.710000,-0.000000,0.000000,0.000000,0.000000,0
234,4.680000,5,gripper_r_finger1,0.460000,0.690000,0.000000,0.460000,0.690000,-0.000000,0.460000,0.690000,-0.000000,0.000000,0.000000,0.000000,0
234,4.680000,6,gripper_r_finger2,0.460000,0.690000,0.000000,0.460000,0.690000,-0.000000,0.460000,0.690000,-0.000000,0.000000,0.000000,0.000000,0
235,4.700000,1,gripper_l_palm,-0.460000,0.710000,0.000000,-0.460000,0.710000,-0.000000,-0.460000,0.710000,-0.000000,0.000000,0.000000,0.000000,0
235,4.700000,2,gripper_l_finger1,-0.460000,0.690000,0.000000,-0.460000,0.690000,-0.000000,-0.460000,0.690000,-0.000000,0.000000,0.000000,0.000000,0
235,4.700000,3,gripper_l_finger2,-0.460000,0.690000,0.000000,-0.460000,0.690000,-0.000000,-0.460000,0.690000,-0.000000,0.000000,0.000000,0.000000,0
235,4.700000,4,gripper_r_palm,0.460000,0.710000,0.000000,0.460000,0.710000,-0.000000,0.460000,0.710000,-0.000000,0.000000,0.000000,0.000000,0
235,4.700000,5,gripper_r_finger1,0.460000,0.690000,0.000000,0.460000,0.690000,-0.000000,0.460000,0.690000,-0.000000,0.000000,0.000000,0.000000,0
235,4.700000,6,gripper_r_finger2,0.460000,0.690000,0.000000,0.460000,0.690000,-0.000000,0.460000,0.690000,-0.000000,0.000000,0.000000,0.000000,0
236,4.720000,1,gripper_l_palm,-0.460000,0.710000,0.000000,-0.460000,0.710000,-0.000000,-0.460000,0.710000,-0.000000,0.000000,0.000000,0.000000,0
236,4.720000,2,gripper_l_finger1,-0.460000,0.690000,0.000000,-0.460000,0.690000,-0.000000,-0.460000,0.690000,-0.000000,0.000000,0.000000,0.000000,0
236,4.720000,3,gripper_l_finger2,-0.460000,0.690000,0.000000,-0.460000,0.690000,-0.000000,-0.460000,0.690000,-0.000000,0.000000,0.000000,0.000000,0
236,4.720000,4,gripper_r_palm,0.460000,0.710000,0.000000,0.460000,0.710000,-0.000000,0.460000,0.710000,-0.000000,0.000000,0.000000,0.000000,0
236,4.720000,5,gripper_r_finger1,0.460000,0.690000,0.000000,0.460000,0.690000,-0.000000,0.460000,0.690000,-0.000000,0.000000,0.000000,0.000000,0
236,4.720000,6,gripper_r_finger2,0.460000,0.690000,0.000000,0.460000,0.690000,-0.000000,0.460000,0.690000,-0.000000,0.000000,0.000000,0.000000,0
237,4.740000,1,gripper_l_palm,-0.460000,0.710000,0.000000,-0.460000,0.710000,-0.000000,-0.460000,0.710000,-0.000000,0.000000,0.000000,0.000000,0
237,4.740000,2,gripper_l_finger1,-0.460000,0.690000,0.000000,-0.460000,0.690000,-0.000000,-0.460000,0.690000,-0.000000,0.000000,0.000000,0.000000,0
237,4.740000,3,gripper_l_finger2,-0.460000,0.690000,0.000000,-0.460000,0.690000,-0.000000,-0.460000,0.690000,-0.000000,0.000000,0.000000,0.000000,0
237,4.740000,4,gripper_r_palm,0.460000,0.710000,0.000000,0.460000,0.710000,-0.000000,0.460000,0.710000,-0.000000,0.000000,0.000000,0.000000,0
237,4.740000,5,gripper_r_finger1,0.460000,0.690000,0.000000,0.460000,0.690000,-0.000000,0.460000,0.690000,-0.000000,0.000000,0.000000,0.000000,0
237,4.740000,6,gripper_r_finger2,0.460000,0.690000,0.000000,0.460000,0.690000,-0.000000,0.460000,0.690000,-0.000000,0.000000,0.000000,0.000000,0
238,4.760000,1,gripper_l_palm,-0.460000,0.710000,0.000000,-0.460000,0.710000,-0.000000,-0.460000,0.710000,-0.000000,0.000000,0.000000,0.000000,0
238,4.760000,2,gripper_l_finger1,-0.460000,0.690000,0.000000,-0.460000,0.690000,-0.000000,-0.460000,0.690000,-0.000000,0.000000,0.000000,0.000000,0
238,4.760000,3,gripper_l_finger2,-0.460000,0.690000,0.000000,-0.460000,0.690000,-0.000000,-0.460000,0.690000,-0.000000,0.000000,0.000000,0.000000,0
238,4.760000,4,gripper_r_palm,0.460000,0.710000,0.000000,0.460000,0.710000,-0.000000,0.460000,0.710000,-0.000000,0.000000,0.000000,0.000000,0
238,4.760000,5,gripper_r_finger1,0.460000,0.690000,0.000000,0.460000,0.690000,-0.000000,0.460000,0.690000,-0.000000,0.000000,0.000000,0.000000,0
238,4.760000,6,gripper_r_finger2,0.460000,0.690000,0.000000,0.460000,0.690000,-0.000000,0.460000,0.690000,-0.000000,0.000000,0.000000,0.000000,0
239,4.780000,1,gripper_l_palm,-0.460000,0.710000,0.000000,-0.460000,0.710000,-0.000000,-0.460000,0.710000,-0.000000,0.000000,0.000000,0.000000,0
239,4.780000,2,gripper_l_finger1,-0.460000,0.690000,0.000000,-0.460000,0.690000,-0.000000,-0.460000,0.690000,-0.000000,0.000000,0.000000,0.000000,0
239,4.780000,3,gripper_l_finger2,-0.460000,0.690000,0.000000,-0.460000,0.690000,-0.000000,-0.460000,0.690000,-0.000000,0.000000,0.000000,0.000000,0
239,4.780000,4,gripper_r_palm,0.460000,0.710000,0.000000,0.460000,0.710000,-0.000000,0.460000,0.710000,-0.000000,0.000000,0.000000,0.000000,0
239,4.780000,5,gripper_r_finger1,0.460000,0.690000,0.000000,0.460000,0.690000,-0.000000,0.460000,0.690000,-0.000000,0.000000,0.000000,0.000000,0
239,4.780000,6,gripper_r_finger2,0.460000,0.690000,0.000000,0.460000,0.690000,-0.000000,0.460000,0.690000,-0.000000,0.000000,0.000000,0.000000,0
240,4.800000,1,gripper_l_palm,-0.460000,0.710000,0.000000,-0.460000,0.710000,-0.000000,-0.460000,0.710000,-0.000000,0.000000,0.000000,0.000000,0
240,4.800000,2,gripper_l_finger1,-0.460000,0.690000,0.000000,-0.460000,0.690000,-0.000000,-0.460000,0.690000,-0.000000,0.000000,0.000000,0.000000,0
240,4.800000,3,gripper_l_finger2,-0.460000,0.690000,0.000000,-0.460000,0.690000,-0.000000,-0.460000,0.690000,-0.000000,0.000000,0.000000,0.000000,0
240,4.800000,4,gripper_r_palm,0.460000,0.710000,0.000000,0.460000,0.710000,-0.000000,0.460000,0.710000,-0.000000,0.000000,0.000000,0.000000,0
240,4.800000,5,gripper_r_finger1,0.460000,0.690000,0.000000,0.460000,0.690000,-0.000000,0.460000,0.690000,-0.000000,0.000000,0.000000,0.000000,0
240,4.800000,6,gripper_r_finger2,0.460000,0.690000,0.000000,0.460000,0.690000,-0.000000,0.460000,0.690000,-0.000000,0.000000,0.000000,0.000000,0
241,4.820000,1,gripper_l_palm,-0.460000,0.710000,0.000000,-0.460000,0.710000,-0.000000,-0.460000,0.710000,-0.000000,0.000000,0.000000,0.000000,0
241,4.820000,2,gripper_l_finger1,-0.460000,0.690000,0.000000,-0.460000,0.690000,-0.000000,-0.460000,0.690000,-0.000000,0.000000,0.000000,0.000000,0
241,4.820000,3,gripper_l_finger2,-0.460000,0.690000,0.000000,-0.460000,0.690000,-0.000000,-0.460000,0.690000,-0.000000,0.000000,0.000000,0.000000,0
241,4.820000,4,gripper_r_palm,0.460000,0.710000,0.000000,0.460000,0.710000,-0.000000,0.460000,0.710000,-0.000000,0.000000,0.000000,0.000000,0
241,4.820000,5,gripper_r_finger1,0.460000,0.690000,0.000000,0.460000,0.690000,-0.000000,0.460000,0.690000,-0.000000,0.000000,0.000000,0.000000,0
241,4.820000,6,gripper_r_finger2,0.460000,0.690000,0.000000,0.460000,0.690000,-0.000000,0.460000,0.690000,-0.000000,0.000000,0.000000,0.000000,0
242,4.840000,1,gripper_l_palm,-0.460000,0.710000,0.000000,-0.460000,0.710000,-0.000000,-0.460000,0.710000,-0.000000,0.000000,0.000000,0.000000,0
242,4.840000,2,gripper_l_finger1,-0.460000,0.690000,0.000000,-0.460000,0.690000,-0.000000,-0.460000,0.690000,-0.000000,0.000000,0.000000,0.000000,0
242,4.840000,3,gripper_l_finger2,-0.460000,0.690000,0.000000,-0.460000,0.690000,-0.000000,-0.460000,0.690000,-0.000000,0.000000,0.000000,0.000000,0
242,4.840000,4,gripper_r_palm,0.460000,0.710000,0.000000,0.460000,0.710000,-0.000000,0.460000,0.710000,-0.000000,0.000000,0.000000,0.000000,0
242,4.840000,5,gripper_r_finger1,0.460000,0.690000,0.000000,0.460000,0.690000,-0.000000,0.460000,0.690000,-0.000000,0.000000,0.000000,0.000000,0
242,4.840000,6,gripper_r_finger2,0.460000,0.690000,0.000000,0.460000,0.690000,-0.000000,0.460000,0.690000,-0.000000,0.000000,0.000000,0.000000,0
243,4.860000,1,gripper_l_palm,-0.460000,0.710000,0.000000,-0.460000,0.710000,-0.000000,-0.460000,0.710000,-0.000000,0.000000,0.000000,0.000000,0
243,4.860000,2,gripper_l_finger1,-0.460000,0.690000,0.000000,-0.460000,0.690000,-0.000000,-0.460000,0.690000,-0.000000,0.000000,0.000000,0.000000,0
243,4.860000,3,gripper_l_finger2,-0.460000,0.690000,0.000000,-0.460000,0.690000,-0.000000,-0.460000,0.690000,-0.000000,0.000000,0.000000,0.000000,0
243,4.860000,4,gripper_r_palm,0.460000,0.710000,0.000000,0.460000,0.710000,-0.000000,0.460000,0.710000,-0.000000,0.000000,0.000000,0.000000,0
243,4.860000,5,gripper_r_finger1,0.460000,0.690000,0.000000,0.460000,0.690000,-0.000000,0.460000,0.690000,-0.000000,0.000000,0.000000,0.000000,0
243,4.860000,6,gripper_r_finger2,0.460000,0.690000,0.000000,0.460000,0.690000,-0.000000,0.460000,0.690000,-0.000000,0.000000,0.000000,0.000000,0
244,4.880000,1,gripper_l_palm,-0.460000,0.710000,0.000000,-0.460000,0.710000,-0.000000,-0.460000,0.710000,-0.000000,0.000000,0.000000,0.000000,0
244,4.880000,2,gripper_l_finger1,-0.460000,0.690000,0.000000,-0.460000,0.690000,-0.000000,-0.460000,0.690000,-0.000000,0.000000,0.000000,0.000000,0
244,4.880000,3,gripper_l_finger2,-0.460000,0.690000,0.000000,-0.460000,0.690000,-0.000000,-0.460000,0.690000,-0.000000,0.000000,0.000000,0.000000,0
244,4.880000,4,gripper_r_palm,0.460000,0.710000,0.000000,0.460000,0.710000,-0.000000,0.460000,0.710000,-0.000000,0.000000,0.000000,0.000000,0
244,4.880000,5,gripper_r_finger1,0.460000,0.690000,0.000000,0.460000,0.690000,-0.000000,0.460000,0.690000,-0.000000,0.000000,0.000000,0.000000,0
244,4.880000,6,gripper_r_finger2,0.460000,0.690000,0.000000,0.460000,0.690000,-0.000000,0.460000,0.690000,-0.000000,0.000000,0.000000,0.000000,0
245,4.900000,1,gripper_l_palm,-0.460000,0.710000,0.000000,-0.460000,0.710000,-0.000000,-0.460000,0.710000,-0.000000,0.000000,0.000000,0.000000,0
245,4.900000,2,gripper_l_finger1,-0.460000,0.690000,0.000000,-0.460000,0.690000,-0.000000,-0.460000,0.690000,-0.000000,0.000000,0.000000,0.000000,0
245,4.900000,3,gripper_l_finger2,-0.460000,0.690000,0.000000,-0.460000,0.690000,-0.000000,-0.460000,0.690000,-0.000000,0.000000,0.000000,0.000000,0
245,4.900000,4,gripper_r_palm,0.460000,0.710000,0.000000,0.460000,0.710000,-0.000000,0.460000,0.710000,-0.000000,0.000000,0.000000,0.000000,0
245,4.900000,5,gripper_r_finger1,0.460000,0.690000,0.000000,0.460000,0.690000,-0.000000,0.460000,0.690000,-0.000000,0.000000,0.000000,0.000000,0
245,4.900000,6,gripper_r_finger2,0.460000,0.690000,0.000000,0.460000,0.690000,-0.000000,0.460000,0.690000,-0.000000,0.000000,0.000000,0.000000,0
246,4.920000,1,gripper_l_palm,-0.460000,0.710000,0.000000,-0.460000,0.710000,-0.000000,-0.460000,0.710000,-0.000000,0.000000,0.000000,0.000000,0
246,4.920000,2,gripper_l_finger1,-0.460000,0.690000,0.000000,-0.460000,0.690000,-0.000000,-0.460000,0.690000,-0.000000,0.000000,0.000000,0.000000,0
246,4.920000,3,gripper_l_finger2,-0.460000,0.690000,0.000000,-0.460000,0.690000,-0.000000,-0.460000,0.690000,-0.000000,0.000000,0.000000,0.000000,0
246,4.920000,4,gripper_r_palm,0.460000,0.710000,0.000000,0.460000,0.710000,-0.000000,0.460000,0.710000,-0.000000,0.000000,0.000000,0.000000,0
246,4.920000,5,gripper_r_finger1,0.460000,0.690000,0.000000,0.460000,0.690000,-0.000000,0.460000,0.690000,-0.000000,0.000000,0.000000,0.000000,0
246,4.920000,6,gripper_r_finger2,0.460000,0.690000,0.000000,0.460000,0.690000,-0.000000,0.460000,0.690000,-0.000000,0.000000,0.000000,0.000000,0
247,4.940000,1,gripper_l_palm,-0.460000,0.710000,0.000000,-0.460000,0.710000,-0.000000,-0.460000,0.710000,-0.000000,0.000000,0.000000,0.000000,0
247,4.940000,2,gripper_l_finger1,-0.460000,0.690000,0.000000,-0.460000,0.690000,-0.000000,-0.460000,0.690000,-0.000000,0.000000,0.000000,0.000000,0
247,4.940000,3,gripper_l_finger2,-0.460000,0.690000,0.000000,-0.460000,0.690000,-0.000000,-0.460000,0.690000,-0.000000,0.000000,0.000000,0.000000,0
247,4.940000,4,gripper_r_palm,0.460000,0.710000,0.000000,0.460000,0.710000,-0.000000,0.460000,0.710000,-0.000000,0.000000,0.000000,0.000000,0
247,4.940000,5,gripper_r_finger1,0.460000,0.690000,0.000000,0.460000,0.690000,-0.000000,0.460000,0.690000,-0.000000,0.000000,0.000000,0.000000,0
247,4.940000,6,gripper_r_finger2,0.460000,0.690000,0.000000,0.460000,0.690000,-0.000000,0.460000,0.690000,-0.000000,0.000000,0.000000,0.000000,0
248,4.960000,1,gripper_l_palm,-0.460000,0.710000,0.000000,-0.460000,0.710000,-0.000000,-0.460000,0.710000,-0.000000,0.000000,0.000000,0.000000,0
248,4.960000,2,gripper_l_finger1,-0.460000,0.690000,0.000000,-0.460000,0.690000,-0.000000,-0.460000,0.690000,-0.000000,0.000000,0.000000,0.000000,0
248,4.960000,3,gripper_l_finger2,-0.460000,0.690000,0.000000,-0.460000,0.690000,-0.000000,-0.460000,0.690000,-0.000000,0.000000,0.000000,0.000000,0
248,4.960000,4,gripper_r_palm,0.460000,0.710000,0.000000,0.460000,0.710000,-0.000000,0.460000,0.710000,-0.000000,0.000000,0.000000,0.000000,0
248,4.960000,5,gripper_r_finger1,0.460000,0.690000,0.000000,0.460000,0.690000,-0.000000,0.460000,0.690000,-0.000000,0.000000,0.000000,0.000000,0
248,4.960000,6,gripper_r_finger2,0.460000,0.690000,0.000000,0.460000,0.690000,-0.000000,0.460000,0.690000,-0.000000,0.000000,0.000000,0.000000,0
249,4.980000,1,gripper_l_palm,-0.460000,0.710000,0.000000,-0.460000,0.710000,-0.000000,-0.460000,0.710000,-0.000000,0.000000,0.000000,0.000000,0
249,4.980000,2,gripper_l_finger1,-0.460000,0.690000,0.000000,-0.460000,0.690000,-0.000000,-0.460000,0.690000,-0.000000,0.000000,0.000000,0.000000,0
249,4.980000,3,gripper_l_finger2,-0.460000,0.690000,0.000000,-0.460000,0.690000,-0.000000,-0.460000,0.690000,-0.000000,0.000000,0.000000,0.000000,0
249,4.980000,4,gripper_r_palm,0.460000,0.710000,0.000000,0.460000,0.710000,-0.000000,0.460000,0.710000,-0.000000,0.000000,0.000000,0.000000,0
249,4.980000,5,gripper_r_finger1,0.460000,0.690000,0.000000,0.460000,0.690000,-0.000000,0.460000,0.690000,-0.000000,0.000000,0.000000,0.000000,0
249,4.980000,6,gripper_r_finger2,0.460000,0.690000,0.000000,0.460000,0.690000,-0.000000,0.460000,0.690000,-0.000000,0.000000,0.000000,0.000000,0
250,5.000000,1,gripper_l_palm,-0.460000,0.710000,0.000000,-0.460000,0.710000,-0.000000,-0.460000,0.710000,-0.000000,0.000000,0.000000,0.000000,0
250,5.000000,2,gripper_l_finger1,-0.460000,0.690000,0.000000,-0.460000,0.690000,-0.000000,-0.460000,0.690000,-0.000000,0.000000,0.000000,0.000000,0
250,5.000000,3,gripper_l_finger2,-0.460000,0.690000,0.000000,-0.460000,0.690000,-0.000000,-0.460000,0.690000,-0.000000,0.000000,0.000000,0.000000,0
250,5.000000,4,gripper_r_palm,0.460000,0.710000,0.000000,0.460000,0.710000,-0.000000,0.460000,0.710000,-0.000000,0.000000,0.000000,0.000000,0
250,5.000000,5,gripper_r_finger1,0.460000,0.690000,0.000000,0.460000,0.690000,-0.000000,0.460000,0.690000,-0.000000,0.000000,0.000000,0.000000,0
250,5.000000,6,gripper_r_finger2,0.460000,0.690000,0.000000,0.460000,0.690000,-0.000000,0.460000,0.690000,-0.000000,0.000000,0.000000,0.000000,0
251,5.020000,1,gripper_l_palm,-0.460000,0.710000,0.000000,-0.460000,0.710000,-0.000000,-0.460000,0.710000,-0.000000,0.000000,0.000000,0.000000,0
251,5.020000,2,gripper_l_finger1,-0.460000,0.690000,0.000000,-0.460000,0.690000,-0.000000,-0.460000,0.690000,-0.000000,0.000000,0.000000,0.000000,0
251,5.020000,3,gripper_l_finger2,-0.460000,0.690000,0.000000,-0.460000,0.690000,-0.000000,-0.460000,0.690000,-0.000000,0.000000,0.000000,0.000000,0
251,5.020000,4,gripper_r_palm,0.460000,0.710000,0.000000,0.460000,0.710000,-0.000000,0.460000,0.710000,-0.000000,0.000000,0.000000,0.000000,0
251,5.020000,5,gripper_r_finger1,0.460000,0.690000,0.000000,0.460000,0.690000,-0.000000,0.460000,0.690000,-0.000000,0.000000,0.000000,0.000000,0
251,5.020000,6,gripper_r_finger2,0.460000,0.690000,0.000000,0.460000,0.690000,-0.000000,0.460000,0.690000,-0.000000,0.000000,0.000000,0.000000,0
252,5.040000,1,gripper_l_palm,-0.460000,0.710000,0.000000,-0.460000,0.710000,-0.000000,-0.460000,0.710000,-0.000000,0.000000,0.000000,0.000000,0
252,5.040000,2,gripper_l_finger1,-0.460000,0.690000,0.000000,-0.460000,0.690000,-0.000000,-0.460000,0.690000,-0.000000,0.000000,0.000000,0.000000,0
252,5.040000,3,gripper_l_finger2,-0.460000,0.690000,0.000000,-0.460000,0.690000,-0.000000,-0.460000,0.690000,-0.000000,0.000000,0.000000,0.000000,0
252,5.040000,4,gripper_r_palm,0.460000,0.710000,0.000000,0.460000,0.710000,-0.000000,0.460000,0.710000,-0.000000,0.000000,0.000000,0.000000,0
252,5.040000,5,gripper_r_finger1,0.460000,0.690000,0.000000,0.460000,0.690000,-0.000000,0.460000,0.690000,-0.000000,0.000000,0.000000,0.000000,0
252,5.040000,6,gripper_r_finger2,0.460000,0.690000,0.000000,0.460000,0.690000,-0.000000,0.460000,0.690000,-0.000000,0.000000,0.000000,0.000000,0
253,5.060000,1,gripper_l_palm,-0.460000,0.710000,0.000000,-0.460000,0.710000,-0.000000,-0.460000,0.710000,-0.000000,0.000000,0.000000,0.000000,0
253,5.060000,2,gripper_l_finger1,-0.460000,0.690000,0.000000,-0.460000,0.690000,-0.000000,-0.460000,0.690000,-0.000000,0.000000,0.000000,0.000000,0
253,5.060000,3,gripper_l_finger2,-0.460000,0.690000,0.000000,-0.460000,0.690000,-0.000000,-0.460000,0.690000,-0.000000,0.000000,0.000000,0.000000,0
253,5.060000,4,gripper_r_palm,0.460000,0.710000,0.000000,0.460000,0.710000,-0.000000,0.460000,0.710000,-0.000000,0.000000,0.000000,0.000000,0
253,5.060000,5,gripper_r_finger1,0.460000,0.690000,0.000000,0.460000,0.690000,-0.000000,0.460000,0.690000,-0.000000,0.000000,0.000000,0.000000,0
253,5.060000,6,gripper_r_finger2,0.460000,0.690000,0.000000,0.460000,0.690000,-0.000000,0.460000,0.690000,-0.000000,0.000000,0.000000,0.000000,0
254,5.080000,1,gripper_l_palm,-0.460000,0.710000,0.000000,-0.460000,0.710000,-0.000000,-0.460000,0.710000,-0.000000,0.000000,0.000000,0.000000,0
254,5.080000,2,gripper_l_finger1,-0.460000,0.690000,0.000000,-0.460000,0.690000,-0.000000,-0.460000,0.690000,-0.000000,0.000000,0.000000,0.000000,0
254,5.080000,3,gripper_l_finger2,-0.460000,0.690000,0.000000,-0.460000,0.690000,-0.000000,-0.460000,0.690000,-0.000000,0.000000,0.000000,0.000000,0
254,5.080000,4,gripper_r_palm,0.460000,0.710000,0.000000,0.460000,0.710000,-0.000000,0.460000,0.710000,-0.000000,0.000000,0.000000,0.000000,0
254,5.080000,5,gripper_r_finger1,0.460000,0.690000,0.000000,0.460000,0.690000,-0.000000,0.460000,0.690000,-0.000000,0.000000,0.000000,0.000000,0
254,5.080000,6,gripper_r_finger2,0.460000,0.690000,0.000000,0.460000,0.690000,-0.000000,0.460000,0.690000,-0.000000,0.000000,0.000000,0.000000,0
255,5.100000,1,gripper_l_palm,-0.460000,0.710000,0.000000,-0.460000,0.710000,-0.000000,-0.460000,0.710000,-0.000000,0.000000,0.000000,0.000000,0
255,5.100000,2,gripper_l_finger1,-0.460000,0.690000,0.000000,-0.460000,0.690000,-0.000000,-0.460000,0.690000,-0.000000,0.000000,0.000000,0.000000,0
255,5.100000,3,gripper_l_finger2,-0.460000,0.690000,0.000000,-0.460000,0.690000,-0.000000,-0.460000,0.690000,-0.000000,0.000000,0.000000,0.000000,0
255,5.100000,4,gripper_r_palm,0.460000,0.710000,0.000000,0.460000,0.710000,-0.000000,0.460000,0.710000,-0.000000,0.000000,0.000000,0.000000,0
255,5.100000,5,gripper_r_finger1,0.460000,0.690000,0.000000,0.460000,0.690000,-0.000000,0.460000,0.690000,-0.000000,0.000000,0.000000,0.000000,0
255,5.100000,6,gripper_r_finger2,0.460000,0.690000,0.000000,0.460000,0.690000,-0.000000,0.460000,0.690000,-0.000000,0.000000,0.000000,0.000000,0
256,5.120000,1,gripper_l_palm,-0.460000,0.710000,0.000000,-0.460000,0.710000,-0.000000,-0.460000,0.710000,-0.000000,0.000000,0.000000,0.000000,0
256,5.120000,2,gripper_l_finger1,-0.460000,0.690000,0.000000,-0.460000,0.690000,-0.000000,-0.460000,0.690000,-0.000000,0.000000,0.000000,0.000000,0
256,5.120000,3,gripper_l_finger2,-0.460000,0.690000,0.000000,-0.460000,0.690000,-0.000000,-0.460000,0.690000,-0.000000,0.000000,0.000000,0.000000,0
256,5.120000,4,gripper_r_palm,0.460000,0.710000,0.000000,0.460000,0.710000,-0.000000,0.460000,0.710000,-0.000000,0.000000,0.000000,0.000000,0
256,5.120000,5,gripper_r_finger1,0.460000,0.690000,0.000000,0.460000,0.690000,-0.000000,0.460000,0.690000,-0.000000,0.000000,0.000000,0.000000,0
256,5.120000,6,gripper_r_finger2,0.460000,0.690000,0.000000,0.460000,0.690000,-0.000000,0.460000,0.690000,-0.000000,0.000000,0.000000,0.000000,0
257,5.140000,1,gripper_l_palm,-0.460000,0.710000,0.000000,-0.460000,0.710000,-0.000000,-0.460000,0.710000,-0.000000,0.000000,0.000000,0.000000,0
257,5.140000,2,gripper_l_finger1,-0.460000,0.690000,0.000000,-0.460000,0.690000,-0.000000,-0.460000,0.690000,-0.000000,0.000000,0.000000,0.000000,0
257,5.140000,3,gripper_l_finger2,-0.460000,0.690000,0.000000,-0.460000,0.690000,-0.000000,-0.460000,0.690000,-0.000000,0.000000,0.000000,0.000000,0
257,5.140000,4,gripper_r_palm,0.460000,0.710000,0.000000,0.460000,0.710000,-0.000000,0.460000,0.710000,-0.000000,0.000000,0.000000,0.000000,0
257,5.140000,5,gripper_r_finger1,0.460000,0.690000,0.000000,0.460000,0.690000,-0.000000,0.460000,0.690000,-0.000000,0.000000,0.000000,0.000000,0
257,5.140000,6,gripper_r_finger2,0.460000,0.690000,0.000000,0.460000,0.690000,-0.000000,0.460000,0.690000,-0.000000,0.000000,0.000000,0.000000,0
258,5.160000,1,gripper_l_palm,-0.460000,0.710000,0.000000,-0.460000,0.710000,-0.000000,-0.460000,0.710000,-0.000000,0.000000,0.000000,0.000000,0
258,5.160000,2,gripper_l_finger1,-0.460000,0.690000,0.000000,-0.460000,0.690000,-0.000000,-0.460000,0.690000,-0.000000,0.000000,0.000000,0.000000,0
258,5.160000,3,gripper_l_finger2,-0.460000,0.690000,0.000000,-0.460000,0.690000,-0.000000,-0.460000,0.690000,-0.000000,0.000000,0.000000,0.000000,0
258,5.160000,4,gripper_r_palm,0.460000,0.710000,0.000000,0.460000,0.710000,-0.000000,0.460000,0.710000,-0.000000,0.000000,0.000000,0.000000,0
258,5.160000,5,gripper_r_finger1,0.460000,0.690000,0.000000,0.460000,0.690000,-0.000000,0.460000,0.690000,-0.000000,0.000000,0.000000,0.000000,0
258,5.160000,6,gripper_r_finger2,0.460000,0.690000,0.000000,0.460000,0.690000,-0.000000,0.460000,0.690000,-0.000000,0.000000,0.000000,0.000000,0
259,5.180000,1,gripper_l_palm,-0.460000,0.710000,0.000000,-0.460000,0.710000,-0.000000,-0.460000,0.710000,-0.000000,0.000000,0.000000,0.000000,0
259,5.180000,2,gripper_l_finger1,-0.460000,0.690000,0.000000,-0.460000,0.690000,-0.000000,-0.460000,0.690000,-0.000000,0.000000,0.000000,0.000000,0
259,5.180000,3,gripper_l_finger2,-0.460000,0.690000,0.000000,-0.460000,0.690000,-0.000000,-0.460000,0.690000,-0.000000,0.000000,0.000000,0.000000,0
259,5.180000,4,gripper_r_palm,0.460000,0.710000,0.000000,0.460000,0.710000,-0.000000,0.460000,0.710000,-0.000000,0.000000,0.000000,0.000000,0
259,5.180000,5,gripper_r_finger1,0.460000,0.690000,0.000000,0.460000,0.690000,-0.000000,0.460000,0.690000,-0.000000,0.000000,0.000000,0.000000,0
259,5.180000,6,gripper_r_finger2,0.460000,0.690000,0.000000,0.460000,0.690000,-0.000000,0.460000,0.690000,-0.000000,0.000000,0.000000,0.000000,0
260,5.200000,1,gripper_l_palm,-0.460000,0.710000,0.000000,-0.460000,0.710000,-0.000000,-0.460000,0.710000,-0.000000,0.000000,0.000000,0.000000,0
260,5.200000,2,gripper_l_finger1,-0.460000,0.690000,0.000000,-0.460000,0.690000,-0.000000,-0.460000,0.690000,-0.000000,0.000000,0.000000,0.000000,0
260,5.200000,3,gripper_l_finger2,-0.460000,0.690000,0.000000,-0.460000,0.690000,-0.000000,-0.460000,0.690000,-0.000000,0.000000,0.000000,0.000000,0
260,5.200000,4,gripper_r_palm,0.460000,0.710000,0.000000,0.460000,0.710000,-0.000000,0.460000,0.710000,-0.000000,0.000000,0.000000,0.000000,0
260,5.200000,5,gripper_r_finger1,0.460000,0.690000,0.000000,0.460000,0.690000,-0.000000,0.460000,0.690000,-0.000000,0.000000,0.000000,0.000000,0
260,5.200000,6,gripper_r_finger2,0.460000,0.690000,0.000000,0.460000,0.690000,-0.000000,0.460000,0.690000,-0.000000,0.000000,0.000000,0.000000,0
261,5.220000,1,gripper_l_palm,-0.460000,0.710000,0.000000,-0.460000,0.710000,-0.000000,-0.460000,0.710000,-0.000000,0.000000,0.000000,0.000000,0
261,5.220000,2,gripper_l_finger1,-0.460000,0.690000,0.000000,-0.460000,0.690000,-0.000000,-0.460000,0.690000,-0.000000,0.000000,0.000000,0.000000,0
261,5.220000,3,gripper_l_finger2,-0.460000,0.690000,0.000000,-0.460000,0.690000,-0.000000,-0.460000,0.690000,-0.000000,0.000000,0.000000,0.000000,0
261,5.220000,4,gripper_r_palm,0.460000,0.710000,0.000000,0.460000,0.710000,-0.000000,0.460000,0.710000,-0.000000,0.000000,0.000000,0.000000,0
261,5.220000,5,gripper_r_finger1,0.460000,0.690000,0.000000,0.460000,0.690000,-0.000000,0.460000,0.690000,-0.000000,0.000000,0.000000,0.000000,0
261,5.220000,6,gripper_r_finger2,0.460000,0.690000,0.000000,0.460000,0.690000,-0.000000,0.460000,0.690000,-0.000000,0.000000,0.000000,0.000000,0
262,5.240000,1,gripper_l_palm,-0.460000,0.710000,0.000000,-0.460000,0.710000,-0.000000,-0.460000,0.710000,-0.000000,0.000000,0.000000,0.000000,0
262,5.240000,2,gripper_l_finger1,-0.460000,0.690000,0.000000,-0.460000,0.690000,-0.000000,-0.460000,0.690000,-0.000000,0.000000,0.000000,0.000000,0
262,5.240000,3,gripper_l_finger2,-0.460000,0.690000,0.000000,-0.460000,0.690000,-0.000000,-0.460000,0.690000,-0.000000,0.000000,0.000000,0.000000,0
262,5.240000,4,gripper_r_palm,0.460000,0.710000,0.000000,0.460000,0.710000,-0.000000,0.460000,0.710000,-0.000000,0.000000,0.000000,0.000000,0
262,5.240000,5,gripper_r_finger1,0.460000,0.690000,0.000000,0.460000,0.690000,-0.000000,0.460000,0.690000,-0.000000,0.000000,0.000000,0.000000,0
262,5.240000,6,gripper_r_finger2,0.460000,0.690000,0.000000,0.460000,0.690000,-0.000000,0.460000,0.690000,-0.000000,0.000000,0.000000,0.000000,0
263,5.260000,1,gripper_l_palm,-0.460000,0.710000,0.000000,-0.460000,0.710000,-0.000000,-0.460000,0.710000,-0.000000,0.000000,0.000000,0.000000,0
263,5.260000,2,gripper_l_finger1,-0.460000,0.690000,0.000000,-0.460000,0.690000,-0.000000,-0.460000,0.690000,-0.000000,0.000000,0.000000,0.000000,0
263,5.260000,3,gripper_l_finger2,-0.460000,0.690000,0.000000,-0.460000,0.690000,-0.000000,-0.460000,0.690000,-0.000000,0.000000,0.000000,0.000000,0
263,5.260000,4,gripper_r_palm,0.460000,0.710000,0.000000,0.460000,0.710000,-0.000000,0.460000,0.710000,-0.000000,0.000000,0.000000,0.000000,0
263,5.260000,5,gripper_r_finger1,0.460000,0.690000,0.000000,0.460000,0.690000,-0.000000,0.460000,0.690000,-0.000000,0.000000,0.000000,0.000000,0
263,5.260000,6,gripper_r_finger2,0.460000,0.690000,0.000000,0.460000,0.690000,-0.000000,0.460000,0.690000,-0.000000,0.000000,0.000000,0.000000,0
264,5.280000,1,gripper_l_palm,-0.460000,0.710000,0.000000,-0.460000,0.710000,-0.000000,-0.460000,0.710000,-0.000000,0.000000,0.000000,0.000000,0
264,5.280000,2,gripper_l_finger1,-0.460000,0.690000,0.000000,-0.460000,0.690000,-0.000000,-0.460000,0.690000,-0.000000,0.000000,0.000000,0.000000,0
264,5.280000,3,gripper_l_finger2,-0.460000,0.690000,0.000000,-0.460000,0.690000,-0.000000,-0.460000,0.690000,-0.000000,0.000000,0.000000,0.000000,0
264,5.280000,4,gripper_r_palm,0.460000,0.710000,0.000000,0.460000,0.710000,-0.000000,0.460000,0.710000,-0.000000,0.000000,0.000000,0.000000,0
264,5.280000,5,gripper_r_finger1,0.460000,0.690000,0.000000,0.460000,0.690000,-0.000000,0.460000,0.690000,-0.000000,0.000000,0.000000,0.000000,0
264,5.280000,6,gripper_r_finger2,0.460000,0.690000,0.000000,0.460000,0.690000,-0.000000,0.460000,0.690000,-0.000000,0.000000,0.000000,0.000000,0
265,5.300000,1,gripper_l_palm,-0.460000,0.710000,0.000000,-0.460000,0.710000,-0.000000,-0.460000,0.710000,-0.000000,0.000000,0.000000,0.000000,0
265,5.300000,2,gripper_l_finger1,-0.460000,0.690000,0.000000,-0.460000,0.690000,-0.000000,-0.460000,0.690000,-0.000000,0.000000,0.000000,0.000000,0
265,5.300000,3,gripper_l_finger2,-0.460000,0.690000,0.000000,-0.460000,0.690000,-0.000000,-0.460000,0.690000,-0.000000,0.000000,0.000000,0.000000,0
265,5.300000,4,gripper_r_palm,0.460000,0.710000,0.000000,0.460000,0.710000,-0.000000,0.460000,0.710000,-0.000000,0.000000,0.000000,0.000000,0
265,5.300000,5,gripper_r_finger1,0.460000,0.690000,0.000000,0.460000,0.690000,-0.000000,0.460000,0.690000,-0.000000,0.000000,0.000000,0.000000,0
265,5.300000,6,gripper_r_finger2,0.460000,0.690000,0.000000,0.460000,0.690000,-0.000000,0.460000,0.690000,-0.000000,0.000000,0.000000,0.000000,0
266,5.320000,1,gripper_l_palm,-0.460000,0.710000,0.000000,-0.460000,0.710000,-0.000000,-0.460000,0.710000,-0.000000,0.000000,0.000000,0.000000,0
266,5.320000,2,gripper_l_finger1,-0.460000,0.690000,0.000000,-0.460000,0.690000,-0.000000,-0.460000,0.690000,-0.000000,0.000000,0.000000,0.000000,0
266,5.320000,3,gripper_l_finger2,-0.460000,0.690000,0.000000,-0.460000,0.690000,-0.000000,-0.460000,0.690000,-0.000000,0.000000,0.000000,0.000000,0
266,5.320000,4,gripper_r_palm,0.460000,0.710000,0.000000,0.460000,0.710000,-0.000000,0.460000,0.710000,-0.000000,0.000000,0.000000,0.000000,0
266,5.320000,5,gripper_r_finger1,0.460000,0.690000,0.000000,0.460000,0.690000,-0.000000,0.460000,0.690000,-0.000000,0.000000,0.000000,0.000000,0
266,5.320000,6,gripper_r_finger2,0.460000,0.690000,0.000000,0.460000,0.690000,-0.000000,0.460000,0.690000,-0.000000,0.000000,0.000000,0.000000,0
267,5.340000,1,gripper_l_palm,-0.460000,0.710000,0.000000,-0.460000,0.710000,-0.000000,-0.460000,0.710000,-0.000000,0.000000,0.000000,0.000000,0
267,5.340000,2,gripper_l_finger1,-0.460000,0.690000,0.000000,-0.460000,0.690000,-0.000000,-0.460000,0.690000,-0.000000,0.000000,0.000000,0.000000,0
267,5.340000,3,gripper_l_finger2,-0.460000,0.690000,0.000000,-0.460000,0.690000,-0.000000,-0.460000,0.690000,-0.000000,0.000000,0.000000,0.000000,0
267,5.340000,4,gripper_r_palm,0.460000,0.710000,0.000000,0.460000,0.710000,-0.000000,0.460000,0.710000,-0.000000,0.000000,0.000000,0.000000,0
267,5.340000,5,gripper_r_finger1,0.460000,0.690000,0.000000,0.460000,0.690000,-0.000000,0.460000,0.690000,-0.000000,0.000000,0.000000,0.000000,0
267,5.340000,6,gripper_r_finger2,0.460000,0.690000,0.000000,0.460000,0.690000,-0.000000,0.460000,0.690000,-0.000000,0.000000,0.000000,0.000000,0
268,5.360000,1,gripper_l_palm,-0.460000,0.710000,0.000000,-0.460000,0.710000,-0.000000,-0.460000,0.710000,-0.000000,0.000000,0.000000,0.000000,0
268,5.360000,2,gripper_l_finger1,-0.460000,0.690000,0.000000,-0.460000,0.690000,-0.000000,-0.460000,0.690000,-0.000000,0.000000,0.000000,0.000000,0
268,5.360000,3,gripper_l_finger2,-0.460000,0.690000,0.000000,-0.460000,0.690000,-0.000000,-0.460000,0.690000,-0.000000,0.000000,0.000000,0.000000,0
268,5.360000,4,gripper_r_palm,0.460000,0.710000,0.000000,0.460000,0.710000,-0.000000,0.460000,0.710000,-0.000000,0.000000,0.000000,0.000000,0
268,5.360000,5,gripper_r_finger1,0.460000,0.690000,0.000000,0.460000,0.690000,-0.000000,0.460000,0.690000,-0.000000,0.000000,0.000000,0.000000,0
268,5.360000,6,gripper_r_finger2,0.460000,0.690000,0.000000,0.460000,0.690000,-0.000000,0.460000,0.690000,-0.000000,0.000000,0.000000,0.000000,0
269,5.380000,1,gripper_l_palm,-0.460000,0.710000,0.000000,-0.460000,0.710000,-0.000000,-0.460000,0.710000,-0.000000,0.000000,0.000000,0.000000,0
269,5.380000,2,gripper_l_finger1,-0.460000,0.690000,0.000000,-0.460000,0.690000,-0.000000,-0.460000,0.690000,-0.000000,0.000000,0.000000,0.000000,0
269,5.380000,3,gripper_l_finger2,-0.460000,0.690000,0.000000,-0.460000,0.690000,-0.000000,-0.460000,0.690000,-0.000000,0.000000,0.000000,0.000000,0
269,5.380000,4,gripper_r_palm,0.460000,0.710000,0.000000,0.460000,0.710000,-0.000000,0.460000,0.710000,-0.000000,0.000000,0.000000,0.000000,0
269,5.380000,5,gripper_r_finger1,0.460000,0.690000,0.000000,0.460000,0.690000,-0.000000,0.460000,0.690000,-0.000000,0.000000,0.000000,0.000000,0
269,5.380000,6,gripper_r_finger2,0.460000,0.690000,0.000000,0.460000,0.690000,-0.000000,0.460000,0.690000,-0.000000,0.000000,0.000000,0.000000,0
270,5.400000,1,gripper_l_palm,-0.460000,0.710000,0.000000,-0.460000,0.710000,-0.000000,-0.460000,0.710000,-0.000000,0.000000,0.000000,0.000000,0
270,5.400000,2,gripper_l_finger1,-0.460000,0.690000,0.000000,-0.460000,0.690000,-0.000000,-0.460000,0.690000,-0.000000,0.000000,0.000000,0.000000,0
270,5.400000,3,gripper_l_finger2,-0.460000,0.690000,0.000000,-0.460000,0.690000,-0.000000,-0.460000,0.690000,-0.000000,0.000000,0.000000,0.000000,0
270,5.400000,4,gripper_r_palm,0.460000,0.710000,0.000000,0.460000,0.710000,-0.000000,0.460000,0.710000,-0.000000,0.000000,0.000000,0.000000,0
270,5.400000,5,gripper_r_finger1,0.460000,0.690000,0.000000,0.460000,0.690000,-0.000000,0.460000,0.690000,-0.000000,0.000000,0.000000,0.000000,0
270,5.400000,6,gripper_r_finger2,0.460000,0.690000,0.000000,0.460000,0.690000,-0.000000,0.460000,0.690000,-0.000000,0.000000,0.000000,0.000000,0
271,5.420000,1,gripper_l_palm,-0.460000,0.710000,0.000000,-0.460000,0.710000,-0.000000,-0.460000,0.710000,-0.000000,0.000000,0.000000,0.000000,0
271,5.420000,2,gripper_l_finger1,-0.460000,0.690000,0.000000,-0.460000,0.690000,-0.000000,-0.460000,0.690000,-0.000000,0.000000,0.000000,0.000000,0
271,5.420000,3,gripper_l_finger2,-0.460000,0.690000,0.000000,-0.460000,0.690000,-0.000000,-0.460000,0.690000,-0.000000,0.000000,0.000000,0.000000,0
271,5.420000,4,gripper_r_palm,0.460000,0.710000,0.000000,0.460000,0.710000,-0.000000,0.460000,0.710000,-0.000000,0.000000,0.000000,0.000000,0
271,5.420000,5,gripper_r_finger1,0.460000,0.690000,0.000000,0.460000,0.690000,-0.000000,0.460000,0.690000,-0.000000,0.000000,0.000000,0.000000,0
271,5.420000,6,gripper_r_finger2,0.460000,0.690000,0.000000,0.460000,0.690000,-0.000000,0.460000,0.690000,-0.000000,0.000000,0.000000,0.000000,0
272,5.440000,1,gripper_l_palm,-0.460000,0.710000,0.000000,-0.460000,0.710000,-0.000000,-0.460000,0.710000,-0.000000,0.000000,0.000000,0.000000,0
272,5.440000,2,gripper_l_finger1,-0.460000,0.690000,0.000000,-0.460000,0.690000,-0.000000,-0.460000,0.690000,-0.000000,0.000000,0.000000,0.000000,0
272,5.440000,3,gripper_l_finger2,-0.460000,0.690000,0.000000,-0.460000,0.690000,-0.000000,-0.460000,0.690000,-0.000000,0.000000,0.000000,0.000000,0
272,5.440000,4,gripper_r_palm,0.460000,0.710000,0.000000,0.460000,0.710000,-0.000000,0.460000,0.710000,-0.000000,0.000000,0.000000,0.000000,0
272,5.440000,5,gripper_r_finger1,0.460000,0.690000,0.000000,0.460000,0.690000,-0.000000,0.460000,0.690000,-0.000000,0.000000,0.000000,0.000000,0
272,5.440000,6,gripper_r_finger2,0.460000,0.690000,0.000000,0.460000,0.690000,-0.000000,0.460000,0.690000,-0.000000,0.000000,0.000000,0.000000,0
273,5.460000,1,gripper_l_palm,-0.460000,0.710000,0.000000,-0.460000,0.710000,-0.000000,-0.460000,0.710000,-0.000000,0.000000,0.000000,0.000000,0
273,5.460000,2,gripper_l_finger1,-0.460000,0.690000,0.000000,-0.460000,0.690000,-0.000000,-0.460000,0.690000,-0.000000,0.000000,0.000000,0.000000,0
273,5.460000,3,gripper_l_finger2,-0.460000,0.690000,0.000000,-0.460000,0.690000,-0.000000,-0.460000,0.690000,-0.000000,0.000000,0.000000,0.000000,0
273,5.460000,4,gripper_r_palm,0.460000,0.710000,0.000000,0.460000,0.710000,-0.000000,0.460000,0.710000,-0.000000,0.000000,0.000000,0.000000,0
273,5.460000,5,gripper_r_finger1,0.460000,0.690000,0.000000,0.460000,0.690000,-0.000000,0.460000,0.690000,-0.000000,0.000000,0.000000,0.000000,0
273,5.460000,6,gripper_r_finger2,0.460000,0.690000,0.000000,0.460000,0.690000,-0.000000,0.460000,0.690000,-0.000000,0.000000,0.000000,0.000000,0
274,5.480000,1,gripper_l_palm,-0.460000,0.710000,0.000000,-0.460000,0.710000,-0.000000,-0.460000,0.710000,-0.000000,0.000000,0.000000,0.000000,0
274,5.480000,2,gripper_l_finger1,-0.460000,0.690000,0.000000,-0.460000,0.690000,-0.000000,-0.460000,0.690000,-0.000000,0.000000,0.000000,0.000000,0
274,5.480000,3,gripper_l_finger2,-0.460000,0.690000,0.000000,-0.460000,0.690000,-0.000000,-0.460000,0.690000,-0.000000,0.000000,0.000000,0.000000,0
274,5.480000,4,gripper_r_palm,0.460000,0.710000,0.000000,0.460000,0.710000,-0.000000,0.460000,0.710000,-0.000000,0.000000,0.000000,0.000000,0
274,5.480000,5,gripper_r_finger1,0.460000,0.690000,0.000000,0.460000,0.690000,-0.000000,0.460000,0.690000,-0.000000,0.000000,0.000000,0.000000,0
274,5.480000,6,gripper_r_finger2,0.460000,0.690000,0.000000,0.460000,0.690000,-0.000000,0.460000,0.690000,-0.000000,0.000000,0.000000,0.000000,0
275,5.500000,1,gripper_l_palm,-0.460000,0.710000,0.000000,-0.460000,0.710000,-0.000000,-0.460000,0.710000,-0.000000,0.000000,0.000000,0.000000,0
275,5.500000,2,gripper_l_finger1,-0.460000,0.690000,0.000000,-0.460000,0.690000,-0.000000,-0.460000,0.690000,-0.000000,0.000000,0.000000,0.000000,0
275,5.500000,3,gripper_l_finger2,-0.460000,0.690000,0.000000,-0.460000,0.690000,-0.000000,-0.460000,0.690000,-0.000000,0.000000,0.000000,0.000000,0
275,5.500000,4,gripper_r_palm,0.460000,0.710000,0.000000,0.460000,0.710000,-0.000000,0.460000,0.710000,-0.000000,0.000000,0.000000,0.000000,0
275,5.500000,5,gripper_r_finger1,0.460000,0.690000,0.000000,0.460000,0.690000,-0.000000,0.460000,0.690000,-0.000000,0.000000,0.000000,0.000000,0
275,5.500000,6,gripper_r_finger2,0.460000,0.690000,0.000000,0.460000,0.690000,-0.000000,0.460000,0.690000,-0.000000,0.000000,0.000000,0.000000,0
276,5.520000,1,gripper_l_palm,-0.460000,0.710000,0.000000,-0.460000,0.710000,-0.000000,-0.460000,0.710000,-0.000000,0.000000,0.000000,0.000000,0
276,5.520000,2,gripper_l_finger1,-0.460000,0.690000,0.000000,-0.460000,0.690000,-0.000000,-0.460000,0.690000,-0.000000,0.000000,0.000000,0.000000,0
276,5.520000,3,gripper_l_finger2,-0.460000,0.690000,0.000000,-0.460000,0.690000,-0.000000,-0.460000,0.690000,-0.000000,0.000000,0.000000,0.000000,0
276,5.520000,4,gripper_r_palm,0.460000,0.710000,0.000000,0.460000,0.710000,-0.000000,0.460000,0.710000,-0.000000,0.000000,0.000000,0.000000,0
276,5.520000,5,gripper_r_finger1,0.460000,0.690000,0.000000,0.460000,0.690000,-0.000000,0.460000,0.690000,-0.000000,0.000000,0.000000,0.000000,0
276,5.520000,6,gripper_r_finger2,0.460000,0.690000,0.000000,0.460000,0.690000,-0.000000,0.460000,0.690000,-0.000000,0.000000,0.000000,0.000000,0
277,5.540000,1,gripper_l_palm,-0.460000,0.710000,0.000000,-0.460000,0.710000,-0.000000,-0.460000,0.710000,-0.000000,0.000000,0.000000,0.000000,0
277,5.540000,2,gripper_l_finger1,-0.460000,0.690000,0.000000,-0.460000,0.690000,-0.000000,-0.460000,0.690000,-0.000000,0.000000,0.000000,0.000000,0
277,5.540000,3,gripper_l_finger2,-0.460000,0.690000,0.000000,-0.460000,0.690000,-0.000000,-0.460000,0.690000,-0.000000,0.000000,0.000000,0.000000,0
277,5.540000,4,gripper_r_palm,0.460000,0.710000,0.000000,0.460000,0.710000,-0.000000,0.460000,0.710000,-0.000000,0.000000,0.000000,0.000000,0
277,5.540000,5,gripper_r_finger1,0.460000,0.690000,0.000000,0.460000,0.690000,-0.000000,0.460000,0.690000,-0.000000,0.000000,0.000000,0.000000,0
277,5.540000,6,gripper_r_finger2,0.460000,0.690000,0.000000,0.460000,0.690000,-0.000000,0.460000,0.690000,-0.000000,0.000000,0.000000,0.000000,0
278,5.560000,1,gripper_l_palm,-0.460000,0.710000,0.000000,-0.460000,0.710000,-0.000000,-0.460000,0.710000,-0.000000,0.000000,0.000000,0.000000,0
278,5.560000,2,gripper_l_finger1,-0.460000,0.690000,0.000000,-0.460000,0.690000,-0.000000,-0.460000,0.690000,-0.000000,0.000000,0.000000,0.000000,0
278,5.560000,3,gripper_l_finger2,-0.460000,0.690000,0.000000,-0.460000,0.690000,-0.000000,-0.460000,0.690000,-0.000000,0.000000,0.000000,0.000000,0
278,5.560000,4,gripper_r_palm,0.460000,0.710000,0.000000,0.460000,0.710000,-0.000000,0.460000,0.710000,-0.000000,0.000000,0.000000,0.000000,0
278,5.560000,5,gripper_r_finger1,0.460000,0.690000,0.000000,0.460000,0.690000,-0.000000,0.460000,0.690000,-0.000000,0.000000,0.000000,0.000000,0
278,5.560000,6,gripper_r_finger2,0.460000,0.690000,0.000000,0.460000,0.690000,-0.000000,0.460000,0.690000,-0.000000,0.000000,0.000000,0.000000,0
279,5.580000,1,gripper_l_palm,-0.460000,0.710000,0.000000,-0.460000,0.710000,-0.000000,-0.460000,0.710000,-0.000000,0.000000,0.000000,0.000000,0
279,5.580000,2,gripper_l_finger1,-0.460000,0.690000,0.000000,-0.460000,0.690000,-0.000000,-0.460000,0.690000,-0.000000,0.000000,0.000000,0.000000,0
279,5.580000,3,gripper_l_finger2,-0.460000,0.690000,0.000000,-0.460000,0.690000,-0.000000,-0.460000,0.690000,-0.000000,0.000000,0.000000,0.000000,0
279,5.580000,4,gripper_r_palm,0.460000,0.710000,0.000000,0.460000,0.710000,-0.000000,0.460000,0.710000,-0.000000,0.000000,0.000000,0.000000,0
279,5.580000,5,gripper_r_finger1,0.460000,0.690000,0.000000,0.460000,0.690000,-0.000000,0.460000,0.690000,-0.000000,0.000000,0.000000,0.000000,0
279,5.580000,6,gripper_r_finger2,0.460000,0.690000,0.000000,0.460000,0.690000,-0.000000,0.460000,0.690000,-0.000000,0.000000,0.000000,0.000000,0
280,5.600000,1,gripper_l_palm,-0.460000,0.710000,0.000000,-0.460000,0.710000,-0.000000,-0.460000,0.710000,-0.000000,0.000000,0.000000,0.000000,0
280,5.600000,2,gripper_l_finger1,-0.460000,0.690000,0.000000,-0.460000,0.690000,-0.000000,-0.460000,0.690000,-0.000000,0.000000,0.000000,0.000000,0
280,5.600000,3,gripper_l_finger2,-0.460000,0.690000,0.000000,-0.460000,0.690000,-0.000000,-0.460000,0.690000,-0.000000,0.000000,0.000000,0.000000,0
280,5.600000,4,gripper_r_palm,0.460000,0.710000,0.000000,0.460000,0.710000,-0.000000,0.460000,0.710000,-0.000000,0.000000,0.000000,0.000000,0
280,5.600000,5,gripper_r_finger1,0.460000,0.690000,0.000000,0.460000,0.690000,-0.000000,0.460000,0.690000,-0.000000,0.000000,0.000000,0.000000,0
280,5.600000,6,gripper_r_finger2,0.460000,0.690000,0.000000,0.460000,0.690000,-0.000000,0.460000,0.690000,-0.000000,0.000000,0.000000,0.000000,0
281,5.620000,1,gripper_l_palm,-0.460000,0.710000,0.000000,-0.460000,0.710000,-0.000000,-0.460000,0.710000,-0.000000,0.000000,0.000000,0.000000,0
281,5.620000,2,gripper_l_finger1,-0.460000,0.690000,0.000000,-0.460000,0.690000,-0.000000,-0.460000,0.690000,-0.000000,0.000000,0.000000,0.000000,0
281,5.620000,3,gripper_l_finger2,-0.460000,0.690000,0.000000,-0.460000,0.690000,-0.000000,-0.460000,0.690000,-0.000000,0.000000,0.000000,0.000000,0
281,5.620000,4,gripper_r_palm,0.460000,0.710000,0.000000,0.460000,0.710000,-0.000000,0.460000,0.710000,-0.000000,0.000000,0.000000,0.000000,0
281,5.620000,5,gripper_r_finger1,0.460000,0.690000,0.000000,0.460000,0.690000,-0.000000,0.460000,0.690000,-0.000000,0.000000,0.000000,0.000000,0
281,5.620000,6,gripper_r_finger2,0.460000,0.690000,0.000000,0.460000,0.690000,-0.000000,0.460000,0.690000,-0.000000,0.000000,0.000000,0.000000,0
282,5.640000,1,gripper_l_palm,-0.460000,0.710000,0.000000,-0.460000,0.710000,-0.000000,-0.460000,0.710000,-0.000000,0.000000,0.000000,0.000000,0
282,5.640000,2,gripper_l_finger1,-0.460000,0.690000,0.000000,-0.460000,0.690000,-0.000000,-0.460000,0.690000,-0.000000,0.000000,0.000000,0.000000,0
282,5.640000,3,gripper_l_finger2,-0.460000,0.690000,0.000000,-0.460000,0.690000,-0.000000,-0.460000,0.690000,-0.000000,0.000000,0.000000,0.000000,0
282,5.640000,4,gripper_r_palm,0.460000,0.710000,0.000000,0.460000,0.710000,-0.000000,0.460000,0.710000,-0.000000,0.000000,0.000000,0.000000,0
282,5.640000,5,gripper_r_finger1,0.460000,0.690000,0.000000,0.460000,0.690000,-0.000000,0.460000,0.690000,-0.000000,0.000000,0.000000,0.000000,0
282,5.640000,6,gripper_r_finger2,0.460000,0.690000,0.000000,0.460000,0.690000,-0.000000,0.460000,0.690000,-0.000000,0.000000,0.000000,0.000000,0
283,5.660000,1,gripper_l_palm,-0.460000,0.710000,0.000000,-0.460000,0.710000,-0.000000,-0.460000,0.710000,-0.000000,0.000000,0.000000,0.000000,0
283,5.660000,2,gripper_l_finger1,-0.460000,0.690000,0.000000,-0.460000,0.690000,-0.000000,-0.460000,0.690000,-0.000000,0.000000,0.000000,0.000000,0
283,5.660000,3,gripper_l_finger2,-0.460000,0.690000,0.000000,-0.460000,0.690000,-0.000000,-0.460000,0.690000,-0.000000,0.000000,0.000000,0.000000,0
283,5.660000,4,gripper_r_palm,0.460000,0.710000,0.000000,0.460000,0.710000,-0.000000,0.460000,0.710000,-0.000000,0.000000,0.000000,0.000000,0
283,5.660000,5,gripper_r_finger1,0.460000,0.690000,0.000000,0.460000,0.690000,-0.000000,0.460000,0.690000,-0.000000,0.000000,0.000000,0.000000,0
283,5.660000,6,gripper_r_finger2,0.460000,0.690000,0.000000,0.460000,0.690000,-0.000000,0.460000,0.690000,-0.000000,0.000000,0.000000,0.000000,0
284,5.680000,1,gripper_l_palm,-0.460000,0.710000,0.000000,-0.460000,0.710000,-0.000000,-0.460000,0.710000,-0.000000,0.000000,0.000000,0.000000,0
284,5.680000,2,gripper_l_finger1,-0.460000,0.690000,0.000000,-0.460000,0.690000,-0.000000,-0.460000,0.690000,-0.000000,0.000000,0.000000,0.000000,0
284,5.680000,3,gripper_l_finger2,-0.460000,0.690000,0.000000,-0.460000,0.690000,-0.000000,-0.460000,0.690000,-0.000000,0.000000,0.000000,0.000000,0
284,5.680000,4,gripper_r_palm,0.460000,0.710000,0.000000,0.460000,0.710000,-0.000000,0.460000,0.710000,-0.000000,0.000000,0.000000,0.000000,0
284,5.680000,5,gripper_r_finger1,0.460000,0.690000,0.000000,0.460000,0.690000,-0.000000,0.460000,0.690000,-0.000000,0.000000,0.000000,0.000000,0
284,5.680000,6,gripper_r_finger2,0.460000,0.690000,0.000000,0.460000,0.690000,-0.000000,0.460000,0.690000,-0.000000,0.000000,0.000000,0.000000,0
285,5.700000,1,gripper_l_palm,-0.460000,0.710000,0.000000,-0.460000,0.710000,-0.000000,-0.460000,0.710000,-0.000000,0.000000,0.000000,0.000000,0
285,5.700000,2,gripper_l_finger1,-0.460000,0.690000,0.000000,-0.460000,0.690000,-0.000000,-0.460000,0.690000,-0.000000,0.000000,0.000000,0.000000,0
285,5.700000,3,gripper_l_finger2,-0.460000,0.690000,0.000000,-0.460000,0.690000,-0.000000,-0.460000,0.690000,-0.000000,0.000000,0.000000,0.000000,0
285,5.700000,4,gripper_r_palm,0.460000,0.710000,0.000000,0.460000,0.710000,-0.000000,0.460000,0.710000,-0.000000,0.000000,0.000000,0.000000,0
285,5.700000,5,gripper_r_finger1,0.460000,0.690000,0.000000,0.460000,0.690000,-0.000000,0.460000,0.690000,-0.000000,0.000000,0.000000,0.000000,0
285,5.700000,6,gripper_r_finger2,0.460000,0.690000,0.000000,0.460000,0.690000,-0.000000,0.460000,0.690000,-0.000000,0.000000,0.000000,0.000000,0
286,5.720000,1,gripper_l_palm,-0.460000,0.710000,0.000000,-0.460000,0.710000,-0.000000,-0.460000,0.710000,-0.000000,0.000000,0.000000,0.000000,0
286,5.720000,2,gripper_l_finger1,-0.460000,0.690000,0.000000,-0.460000,0.690000,-0.000000,-0.460000,0.690000,-0.000000,0.000000,0.000000,0.000000,0
286,5.720000,3,gripper_l_finger2,-0.460000,0.690000,0.000000,-0.460000,0.690000,-0.000000,-0.460000,0.690000,-0.000000,0.000000,0.000000,0.000000,0
286,5.720000,4,gripper_r_palm,0.460000,0.710000,0.000000,0.460000,0.710000,-0.000000,0.460000,0.710000,-0.000000,0.000000,0.000000,0.000000,0
286,5.720000,5,gripper_r_finger1,0.460000,0.690000,0.000000,0.460000,0.690000,-0.000000,0.460000,0.690000,-0.000000,0.000000,0.000000,0.000000,0
286,5.720000,6,gripper_r_finger2,0.460000,0.690000,0.000000,0.460000,0.690000,-0.000000,0.460000,0.690000,-0.000000,0.000000,0.000000,0.000000,0
287,5.740000,1,gripper_l_palm,-0.460000,0.710000,0.000000,-0.460000,0.710000,-0.000000,-0.460000,0.710000,-0.000000,0.000000,0.000000,0.000000,0
287,5.740000,2,gripper_l_finger1,-0.460000,0.690000,0.000000,-0.460000,0.690000,-0.000000,-0.460000,0.690000,-0.000000,0.000000,0.000000,0.000000,0
287,5.740000,3,gripper_l_finger2,-0.460000,0.690000,0.000000,-0.460000,0.690000,-0.000000,-0.460000,0.690000,-0.000000,0.000000,0.000000,0.000000,0
287,5.740000,4,gripper_r_palm,0.460000,0.710000,0.000000,0.460000,0.710000,-0.000000,0.460000,0.710000,-0.000000,0.000000,0.000000,0.000000,0
287,5.740000,5,gripper_r_finger1,0.460000,0.690000,0.000000,0.460000,0.690000,-0.000000,0.460000,0.690000,-0.000000,0.000000,0.000000,0.000000,0
287,5.740000,6,gripper_r_finger2,0.460000,0.690000,0.000000,0.460000,0.690000,-0.000000,0.460000,0.690000,-0.000000,0.000000,0.000000,0.000000,0
288,5.760000,1,gripper_l_palm,-0.460000,0.710000,0.000000,-0.460000,0.710000,-0.000000,-0.460000,0.710000,-0.000000,0.000000,0.000000,0.000000,0
288,5.760000,2,gripper_l_finger1,-0.460000,0.690000,0.000000,-0.460000,0.690000,-0.000000,-0.460000,0.690000,-0.000000,0.000000,0.000000,0.000000,0
288,5.760000,3,gripper_l_finger2,-0.460000,0.690000,0.000000,-0.460000,0.690000,-0.000000,-0.460000,0.690000,-0.000000,0.000000,0.000000,0.000000,0
288,5.760000,4,gripper_r_palm,0.460000,0.710000,0.000000,0.460000,0.710000,-0.000000,0.460000,0.710000,-0.000000,0.000000,0.000000,0.000000,0
288,5.760000,5,gripper_r_finger1,0.460000,0.690000,0.000000,0.460000,0.690000,-0.000000,0.460000,0.690000,-0.000000,0.000000,0.000000,0.000000,0
288,5.760000,6,gripper_r_finger2,0.460000,0.690000,0.000000,0.460000,0.690000,-0.000000,0.460000,0.690000,-0.000000,0.000000,0.000000,0.000000,0
289,5.780000,1,gripper_l_palm,-0.460000,0.710000,0.000000,-0.460000,0.710000,-0.000000,-0.460000,0.710000,-0.000000,0.000000,0.000000,0.000000,0
289,5.780000,2,gripper_l_finger1,-0.460000,0.690000,0.000000,-0.460000,0.690000,-0.000000,-0.460000,0.690000,-0.000000,0.000000,0.000000,0.000000,0
289,5.780000,3,gripper_l_finger2,-0.460000,0.690000,0.000000,-0.460000,0.690000,-0.000000,-0.460000,0.690000,-0.000000,0.000000,0.000000,0.000000,0
289,5.780000,4,gripper_r_palm,0.460000,0.710000,0.000000,0.460000,0.710000,-0.000000,0.460000,0.710000,-0.000000,0.000000,0.000000,0.000000,0
289,5.780000,5,gripper_r_finger1,0.460000,0.690000,0.000000,0.460000,0.690000,-0.000000,0.460000,0.690000,-0.000000,0.000000,0.000000,0.000000,0
289,5.780000,6,gripper_r_finger2,0.460000,0.690000,0.000000,0.460000,0.690000,-0.000000,0.460000,0.690000,-0.000000,0.000000,0.000000,0.000000,0
290,5.800000,1,gripper_l_palm,-0.460000,0.710000,0.000000,-0.460000,0.710000,-0.000000,-0.460000,0.710000,-0.000000,0.000000,0.000000,0.000000,0
290,5.800000,2,gripper_l_finger1,-0.460000,0.690000,0.000000,-0.460000,0.690000,-0.000000,-0.460000,0.690000,-0.000000,0.000000,0.000000,0.000000,0
290,5.800000,3,gripper_l_finger2,-0.460000,0.690000,0.000000,-0.460000,0.690000,-0.000000,-0.460000,0.690000,-0.000000,0.000000,0.000000,0.000000,0
290,5.800000,4,gripper_r_palm,0.460000,0.710000,0.000000,0.460000,0.710000,-0.000000,0.460000,0.710000,-0.000000,0.000000,0.000000,0.000000,0
290,5.800000,5,gripper_r_finger1,0.460000,0.690000,0.000000,0.460000,0.690000,-0.000000,0.460000,0.690000,-0.000000,0.000000,0.000000,0.000000,0
290,5.800000,6,gripper_r_finger2,0.460000,0.690000,0.000000,0.460000,0.690000,-0.000000,0.460000,0.690000,-0.000000,0.000000,0.000000,0.000000,0
291,5.820000,1,gripper_l_palm,-0.460000,0.710000,0.000000,-0.460000,0.710000,-0.000000,-0.460000,0.710000,-0.000000,0.000000,0.000000,0.000000,0
291,5.820000,2,gripper_l_finger1,-0.460000,0.690000,0.000000,-0.460000,0.690000,-0.000000,-0.460000,0.690000,-0.000000,0.000000,0.000000,0.000000,0
291,5.820000,3,gripper_l_finger2,-0.460000,0.690000,0.000000,-0.460000,0.690000,-0.000000,-0.460000,0.690000,-0.000000,0.000000,0.000000,0.000000,0
291,5.820000,4,gripper_r_palm,0.460000,0.710000,0.000000,0.460000,0.710000,-0.000000,0.460000,0.710000,-0.000000,0.000000,0.000000,0.000000,0
291,5.820000,5,gripper_r_finger1,0.460000,0.690000,0.000000,0.460000,0.690000,-0.000000,0.460000,0.690000,-0.000000,0.000000,0.000000,0.000000,0
291,5.820000,6,gripper_r_finger2,0.460000,0.690000,0.000000,0.460000,0.690000,-0.000000,0.460000,0.690000,-0.000000,0.000000,0.000000,0.000000,0
292,5.840000,1,gripper_l_palm,-0.460000,0.710000,0.000000,-0.460000,0.710000,-0.000000,-0.460000,0.710000,-0.000000,0.000000,0.000000,0.000000,0
292,5.840000,2,gripper_l_finger1,-0.460000,0.690000,0.000000,-0.460000,0.690000,-0.000000,-0.460000,0.690000,-0.000000,0.000000,0.000000,0.000000,0
292,5.840000,3,gripper_l_finger2,-0.460000,0.690000,0.000000,-0.460000,0.690000,-0.000000,-0.460000,0.690000,-0.000000,0.000000,0.000000,0.000000,0
292,5.840000,4,gripper_r_palm,0.460000,0.710000,0.000000,0.460000,0.710000,-0.000000,0.460000,0.710000,-0.000000,0.000000,0.000000,0.000000,0
292,5.840000,5,gripper_r_finger1,0.460000,0.690000,0.000000,0.460000,0.690000,-0.000000,0.460000,0.690000,-0.000000,0.000000,0.000000,0.000000,0
292,5.840000,6,gripper_r_finger2,0.460000,0.690000,0.000000,0.460000,0.690000,-0.000000,0.460000,0.690000,-0.000000,0.000000,0.000000,0.000000,0
293,5.860000,1,gripper_l_palm,-0.460000,0.710000,0.000000,-0.460000,0.710000,-0.000000,-0.460000,0.710000,-0.000000,0.000000,0.000000,0.000000,0
293,5.860000,2,gripper_l_finger1,-0.460000,0.690000,0.000000,-0.460000,0.690000,-0.000000,-0.460000,0.690000,-0.000000,0.000000,0.000000,0.000000,0
293,5.860000,3,gripper_l_finger2,-0.460000,0.690000,0.000000,-0.460000,0.690000,-0.000000,-0.460000,0.690000,-0.000000,0.000000,0.000000,0.000000,0
293,5.860000,4,gripper_r_palm,0.460000,0.710000,0.000000,0.460000,0.710000,-0.000000,0.460000,0.710000,-0.000000,0.000000,0.000000,0.000000,0
293,5.860000,5,gripper_r_finger1,0.460000,0.690000,0.000000,0.460000,0.690000,-0.000000,0.460000,0.690000,-0.000000,0.000000,0.000000,0.000000,0
293,5.860000,6,gripper_r_finger2,0.460000,0.690000,0.000000,0.460000,0.690000,-0.000000,0.460000,0.690000,-0.000000,0.000000,0.000000,0.000000,0
294,5.880000,1,gripper_l_palm,-0.460000,0.710000,0.000000,-0.460000,0.710000,-0.000000,-0.460000,0.710000,-0.000000,0.000000,0.000000,0.000000,0
294,5.880000,2,gripper_l_finger1,-0.460000,0.690000,0.000000,-0.460000,0.690000,-0.000000,-0.460000,0.690000,-0.000000,0.000000,0.000000,0.000000,0
294,5.880000,3,gripper_l_finger2,-0.460000,0.690000,0.000000,-0.460000,0.690000,-0.000000,-0.460000,0.690000,-0.000000,0.000000,0.000000,0.000000,0
294,5.880000,4,gripper_r_palm,0.460000,0.710000,0.000000,0.460000,0.710000,-0.000000,0.460000,0.710000,-0.000000,0.000000,0.000000,0.000000,0
294,5.880000,5,gripper_r_finger1,0.460000,0.690000,0.000000,0.460000,0.690000,-0.000000,0.460000,0.690000,-0.000000,0.000000,0.000000,0.000000,0
294,5.880000,6,gripper_r_finger2,0.460000,0.690000,0.000000,0.460000,0.690000,-0.000000,0.460000,0.690000,-0.000000,0.000000,0.000000,0.000000,0
295,5.900000,1,gripper_l_palm,-0.460000,0.710000,0.000000,-0.460000,0.710000,-0.000000,-0.460000,0.710000,-0.000000,0.000000,0.000000,0.000000,0
295,5.900000,2,gripper_l_finger1,-0.460000,0.690000,0.000000,-0.460000,0.690000,-0.000000,-0.460000,0.690000,-0.000000,0.000000,0.000000,0.000000,0
295,5.900000,3,gripper_l_finger2,-0.460000,0.690000,0.000000,-0.460000,0.690000,-0.000000,-0.460000,0.690000,-0.000000,0.000000,0.000000,0.000000,0
295,5.900000,4,gripper_r_palm,0.460000,0.710000,0.000000,0.460000,0.710000,-0.000000,0.460000,0.710000,-0.000000,0.000000,0.000000,0.000000,0
295,5.900000,5,gripper_r_finger1,0.460000,0.690000,0.000000,0.460000,0.690000,-0.000000,0.460000,0.690000,-0.000000,0.000000,0.000000,0.000000,0
295,5.900000,6,gripper_r_finger2,0.460000,0.690000,0.000000,0.460000,0.690000,-0.000000,0.460000,0.690000,-0.000000,0.000000,0.000000,0.000000,0
296,5.920000,1,gripper_l_palm,-0.460000,0.710000,0.000000,-0.460000,0.710000,-0.000000,-0.460000,0.710000,-0.000000,0.000000,0.000000,0.000000,0
296,5.920000,2,gripper_l_finger1,-0.460000,0.690000,0.000000,-0.460000,0.690000,-0.000000,-0.460000,0.690000,-0.000000,0.000000,0.000000,0.000000,0
296,5.920000,3,gripper_l_finger2,-0.460000,0.690000,0.000000,-0.460000,0.690000,-0.000000,-0.460000,0.690000,-0.000000,0.000000,0.000000,0.000000,0
296,5.920000,4,gripper_r_palm,0.460000,0.710000,0.000000,0.460000,0.710000,-0.000000,0.460000,0.710000,-0.000000,0.000000,0.000000,0.000000,0
296,5.920000,5,gripper_r_finger1,0.460000,0.690000,0.000000,0.460000,0.690000,-0.000000,0.460000,0.690000,-0.000000,0.000000,0.000000,0.000000,0
296,5.920000,6,gripper_r_finger2,0.460000,0.690000,0.000000,0.460000,0.690000,-0.000000,0.460000,0.690000,-0.000000,0.000000,0.000000,0.000000,0
297,5.940000,1,gripper_l_palm,-0.460000,0.710000,0.000000,-0.460000,0.710000,-0.000000,-0.460000,0.710000,-0.000000,0.000000,0.000000,0.000000,0
297,5.940000,2,gripper_l_finger1,-0.460000,0.690000,0.000000,-0.460000,0.690000,-0.000000,-0.460000,0.690000,-0.000000,0.000000,0.000000,0.000000,0
297,5.940000,3,gripper_l_finger2,-0.460000,0.690000,0.000000,-0.460000,0.690000,-0.000000,-0.460000,0.690000,-0.000000,0.000000,0.000000,0.000000,0
297,5.940000,4,gripper_r_palm,0.460000,0.710000,0.000000,0.460000,0.710000,-0.000000,0.460000,0.710000,-0.000000,0.000000,0.000000,0.000000,0
297,5.940000,5,gripper_r_finger1,0.460000,0.690000,0.000000,0.460000,0.690000,-0.000000,0.460000,0.690000,-0.000000,0.000000,0.000000,0.000000,0
297,5.940000,6,gripper_r_finger2,0.460000,0.690000,0.000000,0.460000,0.690000,-0.000000,0.460000,0.690000,-0.000000,0.000000,0.000000,0.000000,0
298,5.960000,1,gripper_l_palm,-0.460000,0.710000,0.000000,-0.460000,0.710000,-0.000000,-0.460000,0.710000,-0.000000,0.000000,0.000000,0.000000,0
298,5.960000,2,gripper_l_finger1,-0.460000,0.690000,0.000000,-0.460000,0.690000,-0.000000,-0.460000,0.690000,-0.000000,0.000000,0.000000,0.000000,0
298,5.960000,3,gripper_l_finger2,-0.460000,0.690000,0.000000,-0.460000,0.690000,-0.000000,-0.460000,0.690000,-0.000000,0.000000,0.000000,0.000000,0
298,5.960000,4,gripper_r_palm,0.460000,0.710000,0.000000,0.460000,0.710000,-0.000000,0.460000,0.710000,-0.000000,0.000000,0.000000,0.000000,0
298,5.960000,5,gripper_r_finger1,0.460000,0.690000,0.000000,0.460000,0.690000,-0.000000,0.460000,0.690000,-0.000000,0.000000,0.000000,0.000000,0
298,5.960000,6,gripper_r_finger2,0.460000,0.690000,0.000000,0.460000,0.690000,-0.000000,0.460000,0.690000,-0.000000,0.000000,0.000000,0.000000,0
299,5.980000,1,gripper_l_palm,-0.460000,0.710000,0.000000,-0.460000,0.710000,-0.000000,-0.460000,0.710000,-0.000000,0.000000,0.000000,0.000000,0
299,5.980000,2,gripper_l_finger1,-0.460000,0.690000,0.000000,-0.460000,0.690000,-0.000000,-0.460000,0.690000,-0.000000,0.000000,0.000000,0.000000,0
299,5.980000,3,gripper_l_finger2,-0.460000,0.690000,0.000000,-0.460000,0.690000,-0.000000,-0.460000,0.690000,-0.000000,0.000000,0.000000,0.000000,0
299,5.980000,4,gripper_r_palm,0.460000,0.710000,0.000000,0.460000,0.710000,-0.000000,0.460000,0.710000,-0.000000,0.000000,0.000000,0.000000,0
299,5.980000,5,gripper_r_finger1,0.460000,0.690000,0.000000,0.460000,0.690000,-0.000000,0.460000,0.690000,-0.000000,0.000000,0.000000,0.000000,0
299,5.980000,6,gripper_r_finger2,0.460000,0.690000,0.000000,0.460000,0.690000,-0.000000,0.460000,0.690000,-0.000000,0.000000,0.000000,0.000000,0
300,6.000000,1,gripper_l_palm,-0.460000,0.710000,0.000000,-0.460000,0.710000,-0.000000,-0.460000,0.710000,-0.000000,0.000000,0.000000,0.000000,0
300,6.000000,2,gripper_l_finger1,-0.460000,0.690000,0.000000,-0.460000,0.690000,-0.000000,-0.460000,0.690000,-0.000000,0.000000,0.000000,0.000000,0
300,6.000000,3,gripper_l_finger2,-0.460000,0.690000,0.000000,-0.460000,0.690000,-0.000000,-0.460000,0.690000,-0.000000,0.000000,0.000000,0.000000,0
300,6.000000,4,gripper_r_palm,0.460000,0.710000,0.000000,0.460000,0.710000,-0.000000,0.460000,0.710000,-0.000000,0.000000,0.000000,0.000000,0
300,6.000000,5,gripper_r_finger1,0.460000,0.690000,0.000000,0.460000,0.690000,-0.000000,0.460000,0.690000,-0.000000,0.000000,0.000000,0.000000,0
300,6.000000,6,gripper_r_finger2,0.460000,0.690000,0.000000,0.460000,0.690000,-0.000000,0.460000,0.690000,-0.000000,0.000000,0.000000,0.000000,0
301,6.020000,1,gripper_l_palm,-0.460000,0.710000,0.000000,-0.460000,0.710000,-0.000000,-0.460000,0.710000,-0.000000,0.000000,0.000000,0.000000,0
301,6.020000,2,gripper_l_finger1,-0.460000,0.690000,0.000000,-0.460000,0.690000,-0.000000,-0.460000,0.690000,-0.000000,0.000000,0.000000,0.000000,0
301,6.020000,3,gripper_l_finger2,-0.460000,0.690000,0.000000,-0.460000,0.690000,-0.000000,-0.460000,0.690000,-0.000000,0.000000,0.000000,0.000000,0
301,6.020000,4,gripper_r_palm,0.460000,0.710000,0.000000,0.460000,0.710000,-0.000000,0.460000,0.710000,-0.000000,0.000000,0.000000,0.000000,0
301,6.020000,5,gripper_r_finger1,0.460000,0.690000,0.000000,0.460000,0.690000,-0.000000,0.460000,0.690000,-0.000000,0.000000,0.000000,0.000000,0
301,6.020000,6,gripper_r_finger2,0.460000,0.690000,0.000000,0.460000,0.690000,-0.000000,0.460000,0.690000,-0.000000,0.000000,0.000000,0.000000,0
302,6.040000,1,gripper_l_palm,-0.460000,0.710000,0.000000,-0.460000,0.710000,-0.000000,-0.460000,0.710000,-0.000000,0.000000,0.000000,0.000000,0
302,6.040000,2,gripper_l_finger1,-0.460000,0.690000,0.000000,-0.460000,0.690000,-0.000000,-0.460000,0.690000,-0.000000,0.000000,0.000000,0.000000,0
302,6.040000,3,gripper_l_finger2,-0.460000,0.690000,0.000000,-0.460000,0.690000,-0.000000,-0.460000,0.690000,-0.000000,0.000000,0.000000,0.000000,0
302,6.040000,4,gripper_r_palm,0.460000,0.710000,0.000000,0.460000,0.710000,-0.000000,0.460000,0.710000,-0.000000,0.000000,0.000000,0.000000,0
302,6.040000,5,gripper_r_finger1,0.460000,0.690000,0.000000,0.460000,0.690000,-0.000000,0.460000,0.690000,-0.000000,0.000000,0.000000,0.000000,0
302,6.040000,6,gripper_r_finger2,0.460000,0.690000,0.000000,0.460000,0.690000,-0.000000,0.460000,0.690000,-0.000000,0.000000,0.000000,0.000000,0
303,6.060000,1,gripper_l_palm,-0.460000,0.710000,0.000000,-0.460000,0.710000,-0.000000,-0.460000,0.710000,-0.000000,0.000000,0.000000,0.000000,0
303,6.060000,2,gripper_l_finger1,-0.460000,0.690000,0.000000,-0.460000,0.690000,-0.000000,-0.460000,0.690000,-0.000000,0.000000,0.000000,0.000000,0
303,6.060000,3,gripper_l_finger2,-0.460000,0.690000,0.000000,-0.460000,0.690000,-0.000000,-0.460000,0.690000,-0.000000,0.000000,0.000000,0.000000,0
303,6.060000,4,gripper_r_palm,0.460000,0.710000,0.000000,0.460000,0.710000,-0.000000,0.460000,0.710000,-0.000000,0.000000,0.000000,0.000000,0
303,6.060000,5,gripper_r_finger1,0.460000,0.690000,0.000000,0.460000,0.690000,-0.000000,0.460000,0.690000,-0.000000,0.000000,0.000000,0.000000,0
303,6.060000,6,gripper_r_finger2,0.460000,0.690000,0.000000,0.460000,0.690000,-0.000000,0.460000,0.690000,-0.000000,0.000000,0.000000,0.000000,0
304,6.080000,1,gripper_l_palm,-0.460000,0.710000,0.000000,-0.460000,0.710000,-0.000000,-0.460000,0.710000,-0.000000,0.000000,0.000000,0.000000,0
304,6.080000,2,gripper_l_finger1,-0.460000,0.690000,0.000000,-0.460000,0.690000,-0.000000,-0.460000,0.690000,-0.000000,0.000000,0.000000,0.000000,0
304,6.080000,3,gripper_l_finger2,-0.460000,0.690000,0.000000,-0.460000,0.690000,-0.000000,-0.460000,0.690000,-0.000000,0.000000,0.000000,0.000000,0
304,6.080000,4,gripper_r_palm,0.460000,0.710000,0.000000,0.460000,0.710000,-0.000000,0.460000,0.710000,-0.000000,0.000000,0.000000,0.000000,0
304,6.080000,5,gripper_r_finger1,0.460000,0.690000,0.000000,0.460000,0.690000,-0.000000,0.460000,0.690000,-0.000000,0.000000,0.000000,0.000000,0
304,6.080000,6,gripper_r_finger2,0.460000,0.690000,0.000000,0.460000,0.690000,-0.000000,0.460000,0.690000,-0.000000,0.000000,0.000000,0.000000,0
305,6.100000,1,gripper_l_palm,-0.460000,0.710000,0.000000,-0.460000,0.710000,-0.000000,-0.460000,0.710000,-0.000000,0.000000,0.000000,0.000000,0
305,6.100000,2,gripper_l_finger1,-0.460000,0.690000,0.000000,-0.460000,0.690000,-0.000000,-0.460000,0.690000,-0.000000,0.000000,0.000000,0.000000,0
305,6.100000,3,gripper_l_finger2,-0.460000,0.690000,0.000000,-0.460000,0.690000,-0.000000,-0.460000,0.690000,-0.000000,0.000000,0.000000,0.000000,0
305,6.100000,4,gripper_r_palm,0.460000,0.710000,0.000000,0.460000,0.710000,-0.000000,0.460000,0.710000,-0.000000,0.000000,0.000000,0.000000,0
305,6.100000,5,gripper_r_finger1,0.460000,0.690000,0.000000,0.460000,0.690000,-0.000000,0.460000,0.690000,-0.000000,0.000000,0.000000,0.000000,0
305,6.100000,6,gripper_r_finger2,0.460000,0.690000,0.000000,0.460000,0.690000,-0.000000,0.460000,0.690000,-0.000000,0.000000,0.000000,0.000000,0
306,6.120000,1,gripper_l_palm,-0.460000,0.710000,0.000000,-0.460000,0.710000,-0.000000,-0.460000,0.710000,-0.000000,0.000000,0.000000,0.000000,0
306,6.120000,2,gripper_l_finger1,-0.460000,0.690000,0.000000,-0.460000,0.690000,-0.000000,-0.460000,0.690000,-0.000000,0.000000,0.000000,0.000000,0
306,6.120000,3,gripper_l_finger2,-0.460000,0.690000,0.000000,-0.460000,0.690000,-0.000000,-0.460000,0.690000,-0.000000,0.000000,0.000000,0.000000,0
306,6.120000,4,gripper_r_palm,0.460000,0.710000,0.000000,0.460000,0.710000,-0.000000,0.460000,0.710000,-0.000000,0.000000,0.000000,0.000000,0
306,6.120000,5,gripper_r_finger1,0.460000,0.690000,0.000000,0.460000,0.690000,-0.000000,0.460000,0.690000,-0.000000,0.000000,0.000000,0.000000,0
306,6.120000,6,gripper_r_finger2,0.460000,0.690000,0.000000,0.460000,0.690000,-0.000000,0.460000,0.690000,-0.000000,0.000000,0.000000,0.000000,0
307,6.140000,1,gripper_l_palm,-0.460000,0.710000,0.000000,-0.460000,0.710000,-0.000000,-0.460000,0.710000,-0.000000,0.000000,0.000000,0.000000,0
307,6.140000,2,gripper_l_finger1,-0.460000,0.690000,0.000000,-0.460000,0.690000,-0.000000,-0.460000,0.690000,-0.000000,0.000000,0.000000,0.000000,0
307,6.140000,3,gripper_l_finger2,-0.460000,0.690000,0.000000,-0.460000,0.690000,-0.000000,-0.460000,0.690000,-0.000000,0.000000,0.000000,0.000000,0
307,6.140000,4,gripper_r_palm,0.460000,0.710000,0.000000,0.460000,0.710000,-0.000000,0.460000,0.710000,-0.000000,0.000000,0.000000,0.000000,0
307,6.140000,5,gripper_r_finger1,0.460000,0.690000,0.000000,0.460000,0.690000,-0.000000,0.460000,0.690000,-0.000000,0.000000,0.000000,0.000000,0
307,6.140000,6,gripper_r_finger2,0.460000,0.690000,0.000000,0.460000,0.690000,-0.000000,0.460000,0.690000,-0.000000,0.000000,0.000000,0.000000,0
308,6.160000,1,gripper_l_palm,-0.460000,0.710000,0.000000,-0.460000,0.710000,-0.000000,-0.460000,0.710000,-0.000000,0.000000,0.000000,0.000000,0
308,6.160000,2,gripper_l_finger1,-0.460000,0.690000,0.000000,-0.460000,0.690000,-0.000000,-0.460000,0.690000,-0.000000,0.000000,0.000000,0.000000,0
308,6.160000,3,gripper_l_finger2,-0.460000,0.690000,0.000000,-0.460000,0.690000,-0.000000,-0.460000,0.690000,-0.000000,0.000000,0.000000,0.000000,0
308,6.160000,4,gripper_r_palm,0.460000,0.710000,0.000000,0.460000,0.710000,-0.000000,0.460000,0.710000,-0.000000,0.000000,0.000000,0.000000,0
308,6.160000,5,gripper_r_finger1,0.460000,0.690000,0.000000,0.460000,0.690000,-0.000000,0.460000,0.690000,-0.000000,0.000000,0.000000,0.000000,0
308,6.160000,6,gripper_r_finger2,0.460000,0.690000,0.000000,0.460000,0.690000,-0.000000,0.460000,0.690000,-0.000000,0.000000,0.000000,0.000000,0
309,6.180000,1,gripper_l_palm,-0.460000,0.710000,0.000000,-0.460000,0.710000,-0.000000,-0.460000,0.710000,-0.000000,0.000000,0.000000,0.000000,0
309,6.180000,2,gripper_l_finger1,-0.460000,0.690000,0.000000,-0.460000,0.690000,-0.000000,-0.460000,0.690000,-0.000000,0.000000,0.000000,0.000000,0
309,6.180000,3,gripper_l_finger2,-0.460000,0.690000,0.000000,-0.460000,0.690000,-0.000000,-0.460000,0.690000,-0.000000,0.000000,0.000000,0.000000,0
309,6.180000,4,gripper_r_palm,0.460000,0.710000,0.000000,0.460000,0.710000,-0.000000,0.460000,0.710000,-0.000000,0.000000,0.000000,0.000000,0
309,6.180000,5,gripper_r_finger1,0.460000,0.690000,0.000000,0.460000,0.690000,-0.000000,0.460000,0.690000,-0.000000,0.000000,0.000000,0.000000,0
309,6.180000,6,gripper_r_finger2,0.460000,0.690000,0.000000,0.460000,0.690000,-0.000000,0.460000,0.690000,-0.000000,0.000000,0.000000,0.000000,0
310,6.200000,1,gripper_l_palm,-0.460000,0.710000,0.000000,-0.460000,0.710000,-0.000000,-0.460000,0.710000,-0.000000,0.000000,0.000000,0.000000,0
310,6.200000,2,gripper_l_finger1,-0.460000,0.690000,0.000000,-0.460000,0.690000,-0.000000,-0.460000,0.690000,-0.000000,0.000000,0.000000,0.000000,0
310,6.200000,3,gripper_l_finger2,-0.460000,0.690000,0.000000,-0.460000,0.690000,-0.000000,-0.460000,0.690000,-0.000000,0.000000,0.000000,0.000000,0
310,6.200000,4,gripper_r_palm,0.460000,0.710000,0.000000,0.460000,0.710000,-0.000000,0.460000,0.710000,-0.000000,0.000000,0.000000,0.000000,0
310,6.200000,5,gripper_r_finger1,0.460000,0.690000,0.000000,0.460000,0.690000,-0.000000,0.460000,0.690000,-0.000000,0.000000,0.000000,0.000000,0
310,6.200000,6,gripper_r_finger2,0.460000,0.690000,0.000000,0.460000,0.690000,-0.000000,0.460000,0.690000,-0.000000,0.000000,0.000000,0.000000,0
311,6.220000,1,gripper_l_palm,-0.460000,0.710000,0.000000,-0.460000,0.710000,-0.000000,-0.460000,0.710000,-0.000000,0.000000,0.000000,0.000000,0
311,6.220000,2,gripper_l_finger1,-0.460000,0.690000,0.000000,-0.460000,0.690000,-0.000000,-0.460000,0.690000,-0.000000,0.000000,0.000000,0.000000,0
311,6.220000,3,gripper_l_finger2,-0.460000,0.690000,0.000000,-0.460000,0.690000,-0.000000,-0.460000,0.690000,-0.000000,0.000000,0.000000,0.000000,0
311,6.220000,4,gripper_r_palm,0.460000,0.710000,0.000000,0.460000,0.710000,-0.000000,0.460000,0.710000,-0.000000,0.000000,0.000000,0.000000,0
311,6.220000,5,gripper_r_finger1,0.460000,0.690000,0.000000,0.460000,0.690000,-0.000000,0.460000,0.690000,-0.000000,0.000000,0.000000,0.000000,0
311,6.220000,6,gripper_r_finger2,0.460000,0.690000,0.000000,0.460000,0.690000,-0.000000,0.460000,0.690000,-0.000000,0.000000,0.000000,0.000000,0
312,6.240000,1,gripper_l_palm,-0.460000,0.710000,0.000000,-0.460000,0.710000,-0.000000,-0.460000,0.710000,-0.000000,0.000000,0.000000,0.000000,0
312,6.240000,2,gripper_l_finger1,-0.460000,0.690000,0.000000,-0.460000,0.690000,-0.000000,-0.460000,0.690000,-0.000000,0.000000,0.000000,0.000000,0
312,6.240000,3,gripper_l_finger2,-0.460000,0.690000,0.000000,-0.460000,0.690000,-0.000000,-0.460000,0.690000,-0.000000,0.000000,0.000000,0.000000,0
312,6.240000,4,gripper_r_palm,0.460000,0.710000,0.000000,0.460000,0.710000,-0.000000,0.460000,0.710000,-0.000000,0.000000,0.000000,0.000000,0
312,6.240000,5,gripper_r_finger1,0.460000,0.690000,0.000000,0.460000,0.690000,-0.000000,0.460000,0.690000,-0.000000,0.000000,0.000000,0.000000,0
312,6.240000,6,gripper_r_finger2,0.460000,0.690000,0.000000,0.460000,0.690000,-0.000000,0.460000,0.690000,-0.000000,0.000000,0.000000,0.000000,0
313,6.260000,1,gripper_l_palm,-0.460000,0.710000,0.000000,-0.460000,0.710000,-0.000000,-0.460000,0.710000,-0.000000,0.000000,0.000000,0.000000,0
313,6.260000,2,gripper_l_finger1,-0.460000,0.690000,0.000000,-0.460000,0.690000,-0.000000,-0.460000,0.690000,-0.000000,0.000000,0.000000,0.000000,0
313,6.260000,3,gripper_l_finger2,-0.460000,0.690000,0.000000,-0.460000,0.690000,-0.000000,-0.460000,0.690000,-0.000000,0.000000,0.000000,0.000000,0
313,6.260000,4,gripper_r_palm,0.460000,0.710000,0.000000,0.460000,0.710000,-0.000000,0.460000,0.710000,-0.000000,0.000000,0.000000,0.000000,0
313,6.260000,5,gripper_r_finger1,0.460000,0.690000,0.000000,0.460000,0.690000,-0.000000,0.460000,0.690000,-0.000000,0.000000,0.000000,0.000000,0
313,6.260000,6,gripper_r_finger2,0.460000,0.690000,0.000000,0.460000,0.690000,-0.000000,0.460000,0.690000,-0.000000,0.000000,0.000000,0.000000,0
314,6.280000,1,gripper_l_palm,-0.460000,0.710000,0.000000,-0.460000,0.710000,-0.000000,-0.460000,0.710000,-0.000000,0.000000,0.000000,0.000000,0
314,6.280000,2,gripper_l_finger1,-0.460000,0.690000,0.000000,-0.460000,0.690000,-0.000000,-0.460000,0.690000,-0.000000,0.000000,0.000000,0.000000,0
314,6.280000,3,gripper_l_finger2,-0.460000,0.690000,0.000000,-0.460000,0.690000,-0.000000,-0.460000,0.690000,-0.000000,0.000000,0.000000,0.000000,0
314,6.280000,4,gripper_r_palm,0.460000,0.710000,0.000000,0.460000,0.710000,-0.000000,0.460000,0.710000,-0.000000,0.000000,0.000000,0.000000,0
314,6.280000,5,gripper_r_finger1,0.460000,0.690000,0.000000,0.460000,0.690000,-0.000000,0.460000,0.690000,-0.000000,0.000000,0.000000,0.000000,0
314,6.280000,6,gripper_r_finger2,0.460000,0.690000,0.000000,0.460000,0.690000,-0.000000,0.460000,0.690000,-0.000000,0.000000,0.000000,0.000000,0
315,6.300000,1,gripper_l_palm,-0.460000,0.710000,0.000000,-0.460000,0.710000,-0.000000,-0.460000,0.710000,-0.000000,0.000000,0.000000,0.000000,0
315,6.300000,2,gripper_l_finger1,-0.460000,0.690000,0.000000,-0.460000,0.690000,-0.000000,-0.460000,0.690000,-0.000000,0.000000,0.000000,0.000000,0
315,6.300000,3,gripper_l_finger2,-0.460000,0.690000,0.000000,-0.460000,0.690000,-0.000000,-0.460000,0.690000,-0.000000,0.000000,0.000000,0.000000,0
315,6.300000,4,gripper_r_palm,0.460000,0.710000,0.000000,0.460000,0.710000,-0.000000,0.460000,0.710000,-0.000000,0.000000,0.000000,0.000000,0
315,6.300000,5,gripper_r_finger1,0.460000,0.690000,0.000000,0.460000,0.690000,-0.000000,0.460000,0.690000,-0.000000,0.000000,0.000000,0.000000,0
315,6.300000,6,gripper_r_finger2,0.460000,0.690000,0.000000,0.460000,0.690000,-0.000000,0.460000,0.690000,-0.000000,0.000000,0.000000,0.000000,0
316,6.320000,1,gripper_l_palm,-0.460000,0.710000,0.000000,-0.460000,0.710000,-0.000000,-0.460000,0.710000,-0.000000,0.000000,0.000000,0.000000,0
316,6.320000,2,gripper_l_finger1,-0.460000,0.690000,0.000000,-0.460000,0.690000,-0.000000,-0.460000,0.690000,-0.000000,0.000000,0.000000,0.000000,0
316,6.320000,3,gripper_l_finger2,-0.460000,0.690000,0.000000,-0.460000,0.690000,-0.000000,-0.460000,0.690000,-0.000000,0.000000,0.000000,0.000000,0
316,6.320000,4,gripper_r_palm,0.460000,0.710000,0.000000,0.460000,0.710000,-0.000000,0.460000,0.710000,-0.000000,0.000000,0.000000,0.000000,0
316,6.320000,5,gripper_r_finger1,0.460000,0.690000,0.000000,0.460000,0.690000,-0.000000,0.460000,0.690000,-0.000000,0.000000,0.000000,0.000000,0
316,6.320000,6,gripper_r_finger2,0.460000,0.690000,0.000000,0.460000,0.690000,-0.000000,0.460000,0.690000,-0.000000,0.000000,0.000000,0.000000,0
317,6.340000,1,gripper_l_palm,-0.460000,0.710000,0.000000,-0.460000,0.710000,-0.000000,-0.460000,0.710000,-0.000000,0.000000,0.000000,0.000000,0
317,6.340000,2,gripper_l_finger1,-0.460000,0.690000,0.000000,-0.460000,0.690000,-0.000000,-0.460000,0.690000,-0.000000,0.000000,0.000000,0.000000,0
317,6.340000,3,gripper_l_finger2,-0.460000,0.690000,0.000000,-0.460000,0.690000,-0.000000,-0.460000,0.690000,-0.000000,0.000000,0.000000,0.000000,0
317,6.340000,4,gripper_r_palm,0.460000,0.710000,0.000000,0.460000,0.710000,-0.000000,0.460000,0.710000,-0.000000,0.000000,0.000000,0.000000,0
317,6.340000,5,gripper_r_finger1,0.460000,0.690000,0.000000,0.460000,0.690000,-0.000000,0.460000,0.690000,-0.000000,0.000000,0.000000,0.000000,0
317,6.340000,6,gripper_r_finger2,0.460000,0.690000,0.000000,0.460000,0.690000,-0.000000,0.460000,0.690000,-0.000000,0.000000,0.000000,0.000000,0
318,6.360000,1,gripper_l_palm,-0.460000,0.710000,0.000000,-0.460000,0.710000,-0.000000,-0.460000,0.710000,-0.000000,0.000000,0.000000,0.000000,0
318,6.360000,2,gripper_l_finger1,-0.460000,0.690000,0.000000,-0.460000,0.690000,-0.000000,-0.460000,0.690000,-0.000000,0.000000,0.000000,0.000000,0
318,6.360000,3,gripper_l_finger2,-0.460000,0.690000,0.000000,-0.460000,0.690000,-0.000000,-0.460000,0.690000,-0.000000,0.000000,0.000000,0.000000,0
318,6.360000,4,gripper_r_palm,0.460000,0.710000,0.000000,0.460000,0.710000,-0.000000,0.460000,0.710000,-0.000000,0.000000,0.000000,0.000000,0
318,6.360000,5,gripper_r_finger1,0.460000,0.690000,0.000000,0.460000,0.690000,-0.000000,0.460000,0.690000,-0.000000,0.000000,0.000000,0.000000,0
318,6.360000,6,gripper_r_finger2,0.460000,0.690000,0.000000,0.460000,0.690000,-0.000000,0.460000,0.690000,-0.000000,0.000000,0.000000,0.000000,0
319,6.380000,1,gripper_l_palm,-0.460000,0.710000,0.000000,-0.460000,0.710000,-0.000000,-0.460000,0.710000,-0.000000,0.000000,0.000000,0.000000,0
319,6.380000,2,gripper_l_finger1,-0.460000,0.690000,0.000000,-0.460000,0.690000,-0.000000,-0.460000,0.690000,-0.000000,0.000000,0.000000,0.000000,0
319,6.380000,3,gripper_l_finger2,-0.460000,0.690000,0.000000,-0.460000,0.690000,-0.000000,-0.460000,0.690000,-0.000000,0.000000,0.000000,0.000000,0
319,6.380000,4,gripper_r_palm,0.460000,0.710000,0.000000,0.460000,0.710000,-0.000000,0.460000,0.710000,-0.000000,0.000000,0.000000,0.000000,0
319,6.380000,5,gripper_r_finger1,0.460000,0.690000,0.000000,0.460000,0.690000,-0.000000,0.460000,0.690000,-0.000000,0.000000,0.000000,0.000000,0
319,6.380000,6,gripper_r_finger2,0.460000,0.690000,0.000000,0.460000,0.690000,-0.000000,0.460000,0.690000,-0.000000,0.000000,0.000000,0.000000,0
320,6.400000,1,gripper_l_palm,-0.460000,0.710000,0.000000,-0.460000,0.710000,-0.000000,-0.460000,0.710000,-0.000000,0.000000,0.000000,0.000000,0
320,6.400000,2,gripper_l_finger1,-0.460000,0.690000,0.000000,-0.460000,0.690000,-0.000000,-0.460000,0.690000,-0.000000,0.000000,0.000000,0.000000,0
320,6.400000,3,gripper_l_finger2,-0.460000,0.690000,0.000000,-0.460000,0.690000,-0.000000,-0.460000,0.690000,-0.000000,0.000000,0.000000,0.000000,0
320,6.400000,4,gripper_r_palm,0.460000,0.710000,0.000000,0.460000,0.710000,-0.000000,0.460000,0.710000,-0.000000,0.000000,0.000000,0.000000,0
320,6.400000,5,gripper_r_finger1,0.460000,0.690000,0.000000,0.460000,0.690000,-0.000000,0.460000,0.690000,-0.000000,0.000000,0.000000,0.000000,0
320,6.400000,6,gripper_r_finger2,0.460000,0.690000,0.000000,0.460000,0.690000,-0.000000,0.460000,0.690000,-0.000000,0.000000,0.000000,0.000000,0
321,6.420000,1,gripper_l_palm,-0.460000,0.710000,0.000000,-0.460000,0.710000,-0.000000,-0.460000,0.710000,-0.000000,0.000000,0.000000,0.000000,0
321,6.420000,2,gripper_l_finger1,-0.460000,0.690000,0.000000,-0.460000,0.690000,-0.000000,-0.460000,0.690000,-0.000000,0.000000,0.000000,0.000000,0
321,6.420000,3,gripper_l_finger2,-0.460000,0.690000,0.000000,-0.460000,0.690000,-0.000000,-0.460000,0.690000,-0.000000,0.000000,0.000000,0.000000,0
321,6.420000,4,gripper_r_palm,0.460000,0.710000,0.000000,0.460000,0.710000,-0.000000,0.460000,0.710000,-0.000000,0.000000,0.000000,0.000000,0
321,6.420000,5,gripper_r_finger1,0.460000,0.690000,0.000000,0.460000,0.690000,-0.000000,0.460000,0.690000,-0.000000,0.000000,0.000000,0.000000,0
321,6.420000,6,gripper_r_finger2,0.460000,0.690000,0.000000,0.460000,0.690000,-0.000000,0.460000,0.690000,-0.000000,0.000000,0.000000,0.000000,0
322,6.440000,1,gripper_l_palm,-0.460000,0.710000,0.000000,-0.460000,0.710000,-0.000000,-0.460000,0.710000,-0.000000,0.000000,0.000000,0.000000,0
322,6.440000,2,gripper_l_finger1,-0.460000,0.690000,0.000000,-0.460000,0.690000,-0.000000,-0.460000,0.690000,-0.000000,0.000000,0.000000,0.000000,0
322,6.440000,3,gripper_l_finger2,-0.460000,0.690000,0.000000,-0.460000,0.690000,-0.000000,-0.460000,0.690000,-0.000000,0.000000,0.000000,0.000000,0
322,6.440000,4,gripper_r_palm,0.460000,0.710000,0.000000,0.460000,0.710000,-0.000000,0.460000,0.710000,-0.000000,0.000000,0.000000,0.000000,0
322,6.440000,5,gripper_r_finger1,0.460000,0.690000,0.000000,0.460000,0.690000,-0.000000,0.460000,0.690000,-0.000000,0.000000,0.000000,0.000000,0
322,6.440000,6,gripper_r_finger2,0.460000,0.690000,0.000000,0.460000,0.690000,-0.000000,0.460000,0.690000,-0.000000,0.000000,0.000000,0.000000,0
323,6.460000,1,gripper_l_palm,-0.460000,0.710000,0.000000,-0.460000,0.710000,-0.000000,-0.460000,0.710000,-0.000000,0.000000,0.000000,0.000000,0
323,6.460000,2,gripper_l_finger1,-0.460000,0.690000,0.000000,-0.460000,0.690000,-0.000000,-0.460000,0.690000,-0.000000,0.000000,0.000000,0.000000,0
323,6.460000,3,gripper_l_finger2,-0.460000,0.690000,0.000000,-0.460000,0.690000,-0.000000,-0.460000,0.690000,-0.000000,0.000000,0.000000,0.000000,0
323,6.460000,4,gripper_r_palm,0.460000,0.710000,0.000000,0.460000,0.710000,-0.000000,0.460000,0.710000,-0.000000,0.000000,0.000000,0.000000,0
323,6.460000,5,gripper_r_finger1,0.460000,0.690000,0.000000,0.460000,0.690000,-0.000000,0.460000,0.690000,-0.000000,0.000000,0.000000,0.000000,0
323,6.460000,6,gripper_r_finger2,0.460000,0.690000,0.000000,0.460000,0.690000,-0.000000,0.460000,0.690000,-0.000000,0.000000,0.000000,0.000000,0
324,6.480000,1,gripper_l_palm,-0.460000,0.710000,0.000000,-0.460000,0.710000,-0.000000,-0.460000,0.710000,-0.000000,0.000000,0.000000,0.000000,0
324,6.480000,2,gripper_l_finger1,-0.460000,0.690000,0.000000,-0.460000,0.690000,-0.000000,-0.460000,0.690000,-0.000000,0.000000,0.000000,0.000000,0
324,6.480000,3,gripper_l_finger2,-0.460000,0.690000,0.000000,-0.460000,0.690000,-0.000000,-0.460000,0.690000,-0.000000,0.000000,0.000000,0.000000,0
324,6.480000,4,gripper_r_palm,0.460000,0.710000,0.000000,0.460000,0.710000,-0.000000,0.460000,0.710000,-0.000000,0.000000,0.000000,0.000000,0
324,6.480000,5,gripper_r_finger1,0.460000,0.690000,0.000000,0.460000,0.690000,-0.000000,0.460000,0.690000,-0.000000,0.000000,0.000000,0.000000,0
324,6.480000,6,gripper_r_finger2,0.460000,0.690000,0.000000,0.460000,0.690000,-0.000000,0.460000,0.690000,-0.000000,0.000000,0.000000,0.000000,0
325,6.500000,1,gripper_l_palm,-0.460000,0.710000,0.000000,-0.460000,0.710000,-0.000000,-0.460000,0.710000,-0.000000,0.000000,0.000000,0.000000,0
325,6.500000,2,gripper_l_finger1,-0.460000,0.690000,0.000000,-0.460000,0.690000,-0.000000,-0.460000,0.690000,-0.000000,0.000000,0.000000,0.000000,0
325,6.500000,3,gripper_l_finger2,-0.460000,0.690000,0.000000,-0.460000,0.690000,-0.000000,-0.460000,0.690000,-0.000000,0.000000,0.000000,0.000000,0
325,6.500000,4,gripper_r_palm,0.460000,0.710000,0.000000,0.460000,0.710000,-0.000000,0.460000,0.710000,-0.000000,0.000000,0.000000,0.000000,0
325,6.500000,5,gripper_r_finger1,0.460000,0.690000,0.000000,0.460000,0.690000,-0.000000,0.460000,0.690000,-0.000000,0.000000,0.000000,0.000000,0
325,6.500000,6,gripper_r_finger2,0.460000,0.690000,0.000000,0.460000,0.690000,-0.000000,0.460000,0.690000,-0.000000,0.000000,0.000000,0.000000,0
326,6.520000,1,gripper_l_palm,-0.460000,0.710000,0.000000,-0.460000,0.710000,-0.000000,-0.460000,0.710000,-0.000000,0.000000,0.000000,0.000000,0
326,6.520000,2,gripper_l_finger1,-0.460000,0.690000,0.000000,-0.460000,0.690000,-0.000000,-0.460000,0.690000,-0.000000,0.000000,0.000000,0.000000,0
326,6.520000,3,gripper_l_finger2,-0.460000,0.690000,0.000000,-0.460000,0.690000,-0.000000,-0.460000,0.690000,-0.000000,0.000000,0.000000,0.000000,0
326,6.520000,4,gripper_r_palm,0.460000,0.710000,0.000000,0.460000,0.710000,-0.000000,0.460000,0.710000,-0.000000,0.000000,0.000000,0.000000,0
326,6.520000,5,gripper_r_finger1,0.460000,0.690000,0.000000,0.460000,0.690000,-0.000000,0.460000,0.690000,-0.000000,0.000000,0.000000,0.000000,0
326,6.520000,6,gripper_r_finger2,0.460000,0.690000,0.000000,0.460000,0.690000,-0.000000,0.460000,0.690000,-0.000000,0.000000,0.000000,0.000000,0
327,6.540000,1,gripper_l_palm,-0.460000,0.710000,0.000000,-0.460000,0.710000,-0.000000,-0.460000,0.710000,-0.000000,0.000000,0.000000,0.000000,0
327,6.540000,2,gripper_l_finger1,-0.460000,0.690000,0.000000,-0.460000,0.690000,-0.000000,-0.460000,0.690000,-0.000000,0.000000,0.000000,0.000000,0
327,6.540000,3,gripper_l_finger2,-0.460000,0.690000,0.000000,-0.460000,0.690000,-0.000000,-0.460000,0.690000,-0.000000,0.000000,0.000000,0.000000,0
327,6.540000,4,gripper_r_palm,0.460000,0.710000,0.000000,0.460000,0.710000,-0.000000,0.460000,0.710000,-0.000000,0.000000,0.000000,0.000000,0
327,6.540000,5,gripper_r_finger1,0.460000,0.690000,0.000000,0.460000,0.690000,-0.000000,0.460000,0.690000,-0.000000,0.000000,0.000000,0.000000,0
327,6.540000,6,gripper_r_finger2,0.460000,0.690000,0.000000,0.460000,0.690000,-0.000000,0.460000,0.690000,-0.000000,0.000000,0.000000,0.000000,0
328,6.560000,1,gripper_l_palm,-0.460000,0.710000,0.000000,-0.460000,0.710000,-0.000000,-0.460000,0.710000,-0.000000,0.000000,0.000000,0.000000,0
328,6.560000,2,gripper_l_finger1,-0.460000,0.690000,0.000000,-0.460000,0.690000,-0.000000,-0.460000,0.690000,-0.000000,0.000000,0.000000,0.000000,0
328,6.560000,3,gripper_l_finger2,-0.460000,0.690000,0.000000,-0.460000,0.690000,-0.000000,-0.460000,0.690000,-0.000000,0.000000,0.000000,0.000000,0
328,6.560000,4,gripper_r_palm,0.460000,0.710000,0.000000,0.460000,0.710000,-0.000000,0.460000,0.710000,-0.000000,0.000000,0.000000,0.000000,0
328,6.560000,5,gripper_r_finger1,0.460000,0.690000,0.000000,0.460000,0.690000,-0.000000,0.460000,0.690000,-0.000000,0.000000,0.000000,0.000000,0
328,6.560000,6,gripper_r_finger2,0.460000,0.690000,0.000000,0.460000,0.690000,-0.000000,0.460000,0.690000,-0.000000,0.000000,0.000000,0.000000,0
329,6.580000,1,gripper_l_palm,-0.460000,0.710000,0.000000,-0.460000,0.710000,-0.000000,-0.460000,0.710000,-0.000000,0.000000,0.000000,0.000000,0
329,6.580000,2,gripper_l_finger1,-0.460000,0.690000,0.000000,-0.460000,0.690000,-0.000000,-0.460000,0.690000,-0.000000,0.000000,0.000000,0.000000,0
329,6.580000,3,gripper_l_finger2,-0.460000,0.690000,0.000000,-0.460000,0.690000,-0.000000,-0.460000,0.690000,-0.000000,0.000000,0.000000,0.000000,0
329,6.580000,4,gripper_r_palm,0.460000,0.710000,0.000000,0.460000,0.710000,-0.000000,0.460000,0.710000,-0.000000,0.000000,0.000000,0.000000,0
329,6.580000,5,gripper_r_finger1,0.460000,0.690000,0.000000,0.460000,0.690000,-0.000000,0.460000,0.690000,-0.000000,0.000000,0.000000,0.000000,0
329,6.580000,6,gripper_r_finger2,0.460000,0.690000,0.000000,0.460000,0.690000,-0.000000,0.460000,0.690000,-0.000000,0.000000,0.000000,0.000000,0
330,6.600000,1,gripper_l_palm,-0.460000,0.710000,0.000000,-0.460000,0.710000,-0.000000,-0.460000,0.710000,-0.000000,0.000000,0.000000,0.000000,0
330,6.600000,2,gripper_l_finger1,-0.460000,0.690000,0.000000,-0.460000,0.690000,-0.000000,-0.460000,0.690000,-0.000000,0.000000,0.000000,0.000000,0
330,6.600000,3,gripper_l_finger2,-0.460000,0.690000,0.000000,-0.460000,0.690000,-0.000000,-0.460000,0.690000,-0.000000,0.000000,0.000000,0.000000,0
330,6.600000,4,gripper_r_palm,0.460000,0.710000,0.000000,0.460000,0.710000,-0.000000,0.460000,0.710000,-0.000000,0.000000,0.000000,0.000000,0
330,6.600000,5,gripper_r_finger1,0.460000,0.690000,0.000000,0.460000,0.690000,-0.000000,0.460000,0.690000,-0.000000,0.000000,0.000000,0.000000,0
330,6.600000,6,gripper_r_finger2,0.460000,0.690000,0.000000,0.460000,0.690000,-0.000000,0.460000,0.690000,-0.000000,0.000000,0.000000,0.000000,0
331,6.620000,1,gripper_l_palm,-0.460000,0.710000,0.000000,-0.460000,0.710000,-0.000000,-0.460000,0.710000,-0.000000,0.000000,0.000000,0.000000,0
331,6.620000,2,gripper_l_finger1,-0.460000,0.690000,0.000000,-0.460000,0.690000,-0.000000,-0.460000,0.690000,-0.000000,0.000000,0.000000,0.000000,0
331,6.620000,3,gripper_l_finger2,-0.460000,0.690000,0.000000,-0.460000,0.690000,-0.000000,-0.460000,0.690000,-0.000000,0.000000,0.000000,0.000000,0
331,6.620000,4,gripper_r_palm,0.460000,0.710000,0.000000,0.460000,0.710000,-0.000000,0.460000,0.710000,-0.000000,0.000000,0.000000,0.000000,0
331,6.620000,5,gripper_r_finger1,0.460000,0.690000,0.000000,0.460000,0.690000,-0.000000,0.460000,0.690000,-0.000000,0.000000,0.000000,0.000000,0
331,6.620000,6,gripper_r_finger2,0.460000,0.690000,0.000000,0.460000,0.690000,-0.000000,0.460000,0.690000,-0.000000,0.000000,0.000000,0.000000,0
332,6.640000,1,gripper_l_palm,-0.460000,0.710000,0.000000,-0.460000,0.710000,-0.000000,-0.460000,0.710000,-0.000000,0.000000,0.000000,0.000000,0
332,6.640000,2,gripper_l_finger1,-0.460000,0.690000,0.000000,-0.460000,0.690000,-0.000000,-0.460000,0.690000,-0.000000,0.000000,0.000000,0.000000,0
332,6.640000,3,gripper_l_finger2,-0.460000,0.690000,0.000000,-0.460000,0.690000,-0.000000,-0.460000,0.690000,-0.000000,0.000000,0.000000,0.000000,0
332,6.640000,4,gripper_r_palm,0.460000,0.710000,0.000000,0.460000,0.710000,-0.000000,0.460000,0.710000,-0.000000,0.000000,0.000000,0.000000,0
332,6.640000,5,gripper_r_finger1,0.460000,0.690000,0.000000,0.460000,0.690000,-0.000000,0.460000,0.690000,-0.000000,0.000000,0.000000,0.000000,0
332,6.640000,6,gripper_r_finger2,0.460000,0.690000,0.000000,0.460000,0.690000,-0.000000,0.460000,0.690000,-0.000000,0.000000,0.000000,0.000000,0
333,6.660000,1,gripper_l_palm,-0.460000,0.710000,0.000000,-0.460000,0.710000,-0.000000,-0.460000,0.710000,-0.000000,0.000000,0.000000,0.000000,0
333,6.660000,2,gripper_l_finger1,-0.460000,0.690000,0.000000,-0.460000,0.690000,-0.000000,-0.460000,0.690000,-0.000000,0.000000,0.000000,0.000000,0
333,6.660000,3,gripper_l_finger2,-0.460000,0.690000,0.000000,-0.460000,0.690000,-0.000000,-0.460000,0.690000,-0.000000,0.000000,0.000000,0.000000,0
333,6.660000,4,gripper_r_palm,0.460000,0.710000,0.000000,0.460000,0.710000,-0.000000,0.460000,0.710000,-0.000000,0.000000,0.000000,0.000000,0
333,6.660000,5,gripper_r_finger1,0.460000,0.690000,0.000000,0.460000,0.690000,-0.000000,0.460000,0.690000,-0.000000,0.000000,0.000000,0.000000,0
333,6.660000,6,gripper_r_finger2,0.460000,0.690000,0.000000,0.460000,0.690000,-0.000000,0.460000,0.690000,-0.000000,0.000000,0.000000,0.000000,0
334,6.680000,1,gripper_l_palm,-0.460000,0.710000,0.000000,-0.460000,0.710000,-0.000000,-0.460000,0.710000,-0.000000,0.000000,0.000000,0.000000,0
334,6.680000,2,gripper_l_finger1,-0.460000,0.690000,0.000000,-0.460000,0.690000,-0.000000,-0.460000,0.690000,-0.000000,0.000000,0.000000,0.000000,0
334,6.680000,3,gripper_l_finger2,-0.460000,0.690000,0.000000,-0.460000,0.690000,-0.000000,-0.460000,0.690000,-0.000000,0.000000,0.000000,0.000000,0
334,6.680000,4,gripper_r_palm,0.460000,0.710000,0.000000,0.460000,0.710000,-0.000000,0.460000,0.710000,-0.000000,0.000000,0.000000,0.000000,0
334,6.680000,5,gripper_r_finger1,0.460000,0.690000,0.000000,0.460000,0.690000,-0.000000,0.460000,0.690000,-0.000000,0.000000,0.000000,0.000000,0
334,6.680000,6,gripper_r_finger2,0.460000,0.690000,0.000000,0.460000,0.690000,-0.000000,0.460000,0.690000,-0.000000,0.000000,0.000000,0.000000,0
335,6.700000,1,gripper_l_palm,-0.460000,0.710000,0.000000,-0.460000,0.710000,-0.000000,-0.460000,0.710000,-0.000000,0.000000,0.000000,0.000000,0
335,6.700000,2,gripper_l_finger1,-0.460000,0.690000,0.000000,-0.460000,0.690000,-0.000000,-0.460000,0.690000,-0.000000,0.000000,0.000000,0.000000,0
335,6.700000,3,gripper_l_finger2,-0.460000,0.690000,0.000000,-0.460000,0.690000,-0.000000,-0.460000,0.690000,-0.000000,0.000000,0.000000,0.000000,0
335,6.700000,4,gripper_r_palm,0.460000,0.710000,0.000000,0.460000,0.710000,-0.000000,0.460000,0.710000,-0.000000,0.000000,0.000000,0.000000,0
335,6.700000,5,gripper_r_finger1,0.460000,0.690000,0.000000,0.460000,0.690000,-0.000000,0.460000,0.690000,-0.000000,0.000000,0.000000,0.000000,0
335,6.700000,6,gripper_r_finger2,0.460000,0.690000,0.000000,0.460000,0.690000,-0.000000,0.460000,0.690000,-0.000000,0.000000,0.000000,0.000000,0
336,6.720000,1,gripper_l_palm,-0.460000,0.710000,0.000000,-0.460000,0.710000,-0.000000,-0.460000,0.710000,-0.000000,0.000000,0.000000,0.000000,0
336,6.720000,2,gripper_l_finger1,-0.460000,0.690000,0.000000,-0.460000,0.690000,-0.000000,-0.460000,0.690000,-0.000000,0.000000,0.000000,0.000000,0
336,6.720000,3,gripper_l_finger2,-0.460000,0.690000,0.000000,-0.460000,0.690000,-0.000000,-0.460000,0.690000,-0.000000,0.000000,0.000000,0.000000,0
336,6.720000,4,gripper_r_palm,0.460000,0.710000,0.000000,0.460000,0.710000,-0.000000,0.460000,0.710000,-0.000000,0.000000,0.000000,0.000000,0
336,6.720000,5,gripper_r_finger1,0.460000,0.690000,0.000000,0.460000,0.690000,-0.000000,0.460000,0.690000,-0.000000,0.000000,0.000000,0.000000,0
336,6.720000,6,gripper_r_finger2,0.460000,0.690000,0.000000,0.460000,0.690000,-0.000000,0.460000,0.690000,-0.000000,0.000000,0.000000,0.000000,0
337,6.740000,1,gripper_l_palm,-0.460000,0.710000,0.000000,-0.460000,0.710000,-0.000000,-0.460000,0.710000,-0.000000,0.000000,0.000000,0.000000,0
337,6.740000,2,gripper_l_finger1,-0.460000,0.690000,0.000000,-0.460000,0.690000,-0.000000,-0.460000,0.690000,-0.000000,0.000000,0.000000,0.000000,0
337,6.740000,3,gripper_l_finger2,-0.460000,0.690000,0.000000,-0.460000,0.690000,-0.000000,-0.460000,0.690000,-0.000000,0.000000,0.000000,0.000000,0
337,6.740000,4,gripper_r_palm,0.460000,0.710000,0.000000,0.460000,0.710000,-0.000000,0.460000,0.710000,-0.000000,0.000000,0.000000,0.000000,0
337,6.740000,5,gripper_r_finger1,0.460000,0.690000,0.000000,0.460000,0.690000,-0.000000,0.460000,0.690000,-0.000000,0.000000,0.000000,0.000000,0
337,6.740000,6,gripper_r_finger2,0.460000,0.690000,0.000000,0.460000,0.690000,-0.000000,0.460000,0.690000,-0.000000,0.000000,0.000000,0.000000,0
338,6.760000,1,gripper_l_palm,-0.460000,0.710000,0.000000,-0.460000,0.710000,-0.000000,-0.460000,0.710000,-0.000000,0.000000,0.000000,0.000000,0
338,6.760000,2,gripper_l_finger1,-0.460000,0.690000,0.000000,-0.460000,0.690000,-0.000000,-0.460000,0.690000,-0.000000,0.000000,0.000000,0.000000,0
338,6.760000,3,gripper_l_finger2,-0.460000,0.690000,0.000000,-0.460000,0.690000,-0.000000,-0.460000,0.690000,-0.000000,0.000000,0.000000,0.000000,0
338,6.760000,4,gripper_r_palm,0.460000,0.710000,0.000000,0.460000,0.710000,-0.000000,0.460000,0.710000,-0.000000,0.000000,0.000000,0.000000,0
338,6.760000,5,gripper_r_finger1,0.460000,0.690000,0.000000,0.460000,0.690000,-0.000000,0.460000,0.690000,-0.000000,0.000000,0.000000,0.000000,0
338,6.760000,6,gripper_r_finger2,0.460000,0.690000,0.000000,0.460000,0.690000,-0.000000,0.460000,0.690000,-0.000000,0.000000,0.000000,0.000000,0
339,6.780000,1,gripper_l_palm,-0.460000,0.710000,0.000000,-0.460000,0.710000,-0.000000,-0.460000,0.710000,-0.000000,0.000000,0.000000,0.000000,0
339,6.780000,2,gripper_l_finger1,-0.460000,0.690000,0.000000,-0.460000,0.690000,-0.000000,-0.460000,0.690000,-0.000000,0.000000,0.000000,0.000000,0
339,6.780000,3,gripper_l_finger2,-0.460000,0.690000,0.000000,-0.460000,0.690000,-0.000000,-0.460000,0.690000,-0.000000,0.000000,0.000000,0.000000,0
339,6.780000,4,gripper_r_palm,0.460000,0.710000,0.000000,0.460000,0.710000,-0.000000,0.460000,0.710000,-0.000000,0.000000,0.000000,0.000000,0
339,6.780000,5,gripper_r_finger1,0.460000,0.690000,0.000000,0.460000,0.690000,-0.000000,0.460000,0.690000,-0.000000,0.000000,0.000000,0.000000,0
339,6.780000,6,gripper_r_finger2,0.460000,0.690000,0.000000,0.460000,0.690000,-0.000000,0.460000,0.690000,-0.000000,0.000000,0.000000,0.000000,0
340,6.800000,1,gripper_l_palm,-0.460000,0.710000,0.000000,-0.460000,0.710000,-0.000000,-0.460000,0.710000,-0.000000,0.000000,0.000000,0.000000,0
340,6.800000,2,gripper_l_finger1,-0.460000,0.690000,0.000000,-0.460000,0.690000,-0.000000,-0.460000,0.690000,-0.000000,0.000000,0.000000,0.000000,0
340,6.800000,3,gripper_l_finger2,-0.460000,0.690000,0.000000,-0.460000,0.690000,-0.000000,-0.460000,0.690000,-0.000000,0.000000,0.000000,0.000000,0
340,6.800000,4,gripper_r_palm,0.460000,0.710000,0.000000,0.460000,0.710000,-0.000000,0.460000,0.710000,-0.000000,0.000000,0.000000,0.000000,0
340,6.800000,5,gripper_r_finger1,0.460000,0.690000,0.000000,0.460000,0.690000,-0.000000,0.460000,0.690000,-0.000000,0.000000,0.000000,0.000000,0
340,6.800000,6,gripper_r_finger2,0.460000,0.690000,0.000000,0.460000,0.690000,-0.000000,0.460000,0.690000,-0.000000,0.000000,0.000000,0.000000,0
341,6.820000,1,gripper_l_palm,-0.460000,0.710000,0.000000,-0.460000,0.710000,-0.000000,-0.460000,0.710000,-0.000000,0.000000,0.000000,0.000000,0
341,6.820000,2,gripper_l_finger1,-0.460000,0.690000,0.000000,-0.460000,0.690000,-0.000000,-0.460000,0.690000,-0.000000,0.000000,0.000000,0.000000,0
341,6.820000,3,gripper_l_finger2,-0.460000,0.690000,0.000000,-0.460000,0.690000,-0.000000,-0.460000,0.690000,-0.000000,0.000000,0.000000,0.000000,0
341,6.820000,4,gripper_r_palm,0.460000,0.710000,0.000000,0.460000,0.710000,-0.000000,0.460000,0.710000,-0.000000,0.000000,0.000000,0.000000,0
341,6.820000,5,gripper_r_finger1,0.460000,0.690000,0.000000,0.460000,0.690000,-0.000000,0.460000,0.690000,-0.000000,0.000000,0.000000,0.000000,0
341,6.820000,6,gripper_r_finger2,0.460000,0.690000,0.000000,0.460000,0.690000,-0.000000,0.460000,0.690000,-0.000000,0.000000,0.000000,0.000000,0
342,6.840000,1,gripper_l_palm,-0.460000,0.710000,0.000000,-0.460000,0.710000,-0.000000,-0.460000,0.710000,-0.000000,0.000000,0.000000,0.000000,0
342,6.840000,2,gripper_l_finger1,-0.460000,0.690000,0.000000,-0.460000,0.690000,-0.000000,-0.460000,0.690000,-0.000000,0.000000,0.000000,0.000000,0
342,6.840000,3,gripper_l_finger2,-0.460000,0.690000,0.000000,-0.460000,0.690000,-0.000000,-0.460000,0.690000,-0.000000,0.000000,0.000000,0.000000,0
342,6.840000,4,gripper_r_palm,0.460000,0.710000,0.000000,0.460000,0.710000,-0.000000,0.460000,0.710000,-0.000000,0.000000,0.000000,0.000000,0
342,6.840000,5,gripper_r_finger1,0.460000,0.690000,0.000000,0.460000,0.690000,-0.000000,0.460000,0.690000,-0.000000,0.000000,0.000000,0.000000,0
342,6.840000,6,gripper_r_finger2,0.460000,0.690000,0.000000,0.460000,0.690000,-0.000000,0.460000,0.690000,-0.000000,0.000000,0.000000,0.000000,0
343,6.860000,1,gripper_l_palm,-0.460000,0.710000,0.000000,-0.460000,0.710000,-0.000000,-0.460000,0.710000,-0.000000,0.000000,0.000000,0.000000,0
343,6.860000,2,gripper_l_finger1,-0.460000,0.690000,0.000000,-0.460000,0.690000,-0.000000,-0.460000,0.690000,-0.000000,0.000000,0.000000,0.000000,0
343,6.860000,3,gripper_l_finger2,-0.460000,0.690000,0.000000,-0.460000,0.690000,-0.000000,-0.460000,0.690000,-0.000000,0.000000,0.000000,0.000000,0
343,6.860000,4,gripper_r_palm,0.460000,0.710000,0.000000,0.460000,0.710000,-0.000000,0.460000,0.710000,-0.000000,0.000000,0.000000,0.000000,0
343,6.860000,5,gripper_r_finger1,0.460000,0.690000,0.000000,0.460000,0.690000,-0.000000,0.460000,0.690000,-0.000000,0.000000,0.000000,0.000000,0
343,6.860000,6,gripper_r_finger2,0.460000,0.690000,0.000000,0.460000,0.690000,-0.000000,0.460000,0.690000,-0.000000,0.000000,0.000000,0.000000,0
344,6.880000,1,gripper_l_palm,-0.460000,0.710000,0.000000,-0.460000,0.710000,-0.000000,-0.460000,0.710000,-0.000000,0.000000,0.000000,0.000000,0
344,6.880000,2,gripper_l_finger1,-0.460000,0.690000,0.000000,-0.460000,0.690000,-0.000000,-0.460000,0.690000,-0.000000,0.000000,0.000000,0.000000,0
344,6.880000,3,gripper_l_finger2,-0.460000,0.690000,0.000000,-0.460000,0.690000,-0.000000,-0.460000,0.690000,-0.000000,0.000000,0.000000,0.000000,0
344,6.880000,4,gripper_r_palm,0.460000,0.710000,0.000000,0.460000,0.710000,-0.000000,0.460000,0.710000,-0.000000,0.000000,0.000000,0.000000,0
344,6.880000,5,gripper_r_finger1,0.460000,0.690000,0.000000,0.460000,0.690000,-0.000000,0.460000,0.690000,-0.000000,0.000000,0.000000,0.000000,0
344,6.880000,6,gripper_r_finger2,0.460000,0.690000,0.000000,0.460000,0.690000,-0.000000,0.460000,0.690000,-0.000000,0.000000,0.000000,0.000000,0
345,6.900000,1,gripper_l_palm,-0.460000,0.710000,0.000000,-0.460000,0.710000,-0.000000,-0.460000,0.710000,-0.000000,0.000000,0.000000,0.000000,0
345,6.900000,2,gripper_l_finger1,-0.460000,0.690000,0.000000,-0.460000,0.690000,-0.000000,-0.460000,0.690000,-0.000000,0.000000,0.000000,0.000000,0
345,6.900000,3,gripper_l_finger2,-0.460000,0.690000,0.000000,-0.460000,0.690000,-0.000000,-0.460000,0.690000,-0.000000,0.000000,0.000000,0.000000,0
345,6.900000,4,gripper_r_palm,0.460000,0.710000,0.000000,0.460000,0.710000,-0.000000,0.460000,0.710000,-0.000000,0.000000,0.000000,0.000000,0
345,6.900000,5,gripper_r_finger1,0.460000,0.690000,0.000000,0.460000,0.690000,-0.000000,0.460000,0.690000,-0.000000,0.000000,0.000000,0.000000,0
345,6.900000,6,gripper_r_finger2,0.460000,0.690000,0.000000,0.460000,0.690000,-0.000000,0.460000,0.690000,-0.000000,0.000000,0.000000,0.000000,0
346,6.920000,1,gripper_l_palm,-0.460000,0.710000,0.000000,-0.460000,0.710000,-0.000000,-0.460000,0.710000,-0.000000,0.000000,0.000000,0.000000,0
346,6.920000,2,gripper_l_finger1,-0.460000,0.690000,0.000000,-0.460000,0.690000,-0.000000,-0.460000,0.690000,-0.000000,0.000000,0.000000,0.000000,0
346,6.920000,3,gripper_l_finger2,-0.460000,0.690000,0.000000,-0.460000,0.690000,-0.000000,-0.460000,0.690000,-0.000000,0.000000,0.000000,0.000000,0
346,6.920000,4,gripper_r_palm,0.460000,0.710000,0.000000,0.460000,0.710000,-0.000000,0.460000,0.710000,-0.000000,0.000000,0.000000,0.000000,0
346,6.920000,5,gripper_r_finger1,0.460000,0.690000,0.000000,0.460000,0.690000,-0.000000,0.460000,0.690000,-0.000000,0.000000,0.000000,0.000000,0
346,6.920000,6,gripper_r_finger2,0.460000,0.690000,0.000000,0.460000,0.690000,-0.000000,0.460000,0.690000,-0.000000,0.000000,0.000000,0.000000,0
347,6.940000,1,gripper_l_palm,-0.460000,0.710000,0.000000,-0.460000,0.710000,-0.000000,-0.460000,0.710000,-0.000000,0.000000,0.000000,0.000000,0
347,6.940000,2,gripper_l_finger1,-0.460000,0.690000,0.000000,-0.460000,0.690000,-0.000000,-0.460000,0.690000,-0.000000,0.000000,0.000000,0.000000,0
347,6.940000,3,gripper_l_finger2,-0.460000,0.690000,0.000000,-0.460000,0.690000,-0.000000,-0.460000,0.690000,-0.000000,0.000000,0.000000,0.000000,0
347,6.940000,4,gripper_r_palm,0.460000,0.710000,0.000000,0.460000,0.710000,-0.000000,0.460000,0.710000,-0.000000,0.000000,0.000000,0.000000,0
347,6.940000,5,gripper_r_finger1,0.460000,0.690000,0.000000,0.460000,0.690000,-0.000000,0.460000,0.690000,-0.000000,0.000000,0.000000,0.000000,0
347,6.940000,6,gripper_r_finger2,0.460000,0.690000,0.000000,0.460000,0.690000,-0.000000,0.460000,0.690000,-0.000000,0.000000,0.000000,0.000000,0
348,6.960000,1,gripper_l_palm,-0.460000,0.710000,0.000000,-0.460000,0.710000,-0.000000,-0.460000,0.710000,-0.000000,0.000000,0.000000,0.000000,0
348,6.960000,2,gripper_l_finger1,-0.460000,0.690000,0.000000,-0.460000,0.690000,-0.000000,-0.460000,0.690000,-0.000000,0.000000,0.000000,0.000000,0
348,6.960000,3,gripper_l_finger2,-0.460000,0.690000,0.000000,-0.460000,0.690000,-0.000000,-0.460000,0.690000,-0.000000,0.000000,0.000000,0.000000,0
348,6.960000,4,gripper_r_palm,0.460000,0.710000,0.000000,0.460000,0.710000,-0.000000,0.460000,0.710000,-0.000000,0.000000,0.000000,0.000000,0
348,6.960000,5,gripper_r_finger1,0.460000,0.690000,0.000000,0.460000,0.690000,-0.000000,0.460000,0.690000,-0.000000,0.000000,0.000000,0.000000,0
348,6.960000,6,gripper_r_finger2,0.460000,0.690000,0.000000,0.460000,0.690000,-0.000000,0.460000,0.690000,-0.000000,0.000000,0.000000,0.000000,0
349,6.980000,1,gripper_l_palm,-0.460000,0.710000,0.000000,-0.460000,0.710000,-0.000000,-0.460000,0.710000,-0.000000,0.000000,0.000000,0.000000,0
349,6.980000,2,gripper_l_finger1,-0.460000,0.690000,0.000000,-0.460000,0.690000,-0.000000,-0.460000,0.690000,-0.000000,0.000000,0.000000,0.000000,0
349,6.980000,3,gripper_l_finger2,-0.460000,0.690000,0.000000,-0.460000,0.690000,-0.000000,-0.460000,0.690000,-0.000000,0.000000,0.000000,0.000000,0
349,6.980000,4,gripper_r_palm,0.460000,0.710000,0.000000,0.460000,0.710000,-0.000000,0.460000,0.710000,-0.000000,0.000000,0.000000,0.000000,0
349,6.980000,5,gripper_r_finger1,0.460000,0.690000,0.000000,0.460000,0.690000,-0.000000,0.460000,0.690000,-0.000000,0.000000,0.000000,0.000000,0
349,6.980000,6,gripper_r_finger2,0.460000,0.690000,0.000000,0.460000,0.690000,-0.000000,0.460000,0.690000,-0.000000,0.000000,0.000000,0.000000,0
350,7.000000,1,gripper_l_palm,-0.460000,0.710000,0.000000,-0.460000,0.710000,-0.000000,-0.460000,0.710000,-0.000000,0.000000,0.000000,0.000000,0
350,7.000000,2,gripper_l_finger1,-0.460000,0.690000,0.000000,-0.460000,0.690000,-0.000000,-0.460000,0.690000,-0.000000,0.000000,0.000000,0.000000,0
350,7.000000,3,gripper_l_finger2,-0.460000,0.690000,0.000000,-0.460000,0.690000,-0.000000,-0.460000,0.690000,-0.000000,0.000000,0.000000,0.000000,0
350,7.000000,4,gripper_r_palm,0.460000,0.710000,0.000000,0.460000,0.710000,-0.000000,0.460000,0.710000,-0.000000,0.000000,0.000000,0.000000,0
350,7.000000,5,gripper_r_finger1,0.460000,0.690000,0.000000,0.460000,0.690000,-0.000000,0.460000,0.690000,-0.000000,0.000000,0.000000,0.000000,0
350,7.000000,6,gripper_r_finger2,0.460000,0.690000,0.000000,0.460000,0.690000,-0.000000,0.460000,0.690000,-0.000000,0.000000,0.000000,0.000000,0
351,7.020000,1,gripper_l_palm,-0.460000,0.710000,0.000000,-0.460000,0.710000,-0.000000,-0.460000,0.710000,-0.000000,0.000000,0.000000,0.000000,0
351,7.020000,2,gripper_l_finger1,-0.460000,0.690000,0.000000,-0.460000,0.690000,-0.000000,-0.460000,0.690000,-0.000000,0.000000,0.000000,0.000000,0
351,7.020000,3,gripper_l_finger2,-0.460000,0.690000,0.000000,-0.460000,0.690000,-0.000000,-0.460000,0.690000,-0.000000,0.000000,0.000000,0.000000,0
351,7.020000,4,gripper_r_palm,0.460000,0.710000,0.000000,0.460000,0.710000,-0.000000,0.460000,0.710000,-0.000000,0.000000,0.000000,0.000000,0
351,7.020000,5,gripper_r_finger1,0.460000,0.690000,0.000000,0.460000,0.690000,-0.000000,0.460000,0.690000,-0.000000,0.000000,0.000000,0.000000,0
351,7.020000,6,gripper_r_finger2,0.460000,0.690000,0.000000,0.460000,0.690000,-0.000000,0.460000,0.690000,-0.000000,0.000000,0.000000,0.000000,0
352,7.040000,1,gripper_l_palm,-0.460000,0.710000,0.000000,-0.460000,0.710000,-0.000000,-0.460000,0.710000,-0.000000,0.000000,0.000000,0.000000,0
352,7.040000,2,gripper_l_finger1,-0.460000,0.690000,0.000000,-0.460000,0.690000,-0.000000,-0.460000,0.690000,-0.000000,0.000000,0.000000,0.000000,0
352,7.040000,3,gripper_l_finger2,-0.460000,0.690000,0.000000,-0.460000,0.690000,-0.000000,-0.460000,0.690000,-0.000000,0.000000,0.000000,0.000000,0
352,7.040000,4,gripper_r_palm,0.460000,0.710000,0.000000,0.460000,0.710000,-0.000000,0.460000,0.710000,-0.000000,0.000000,0.000000,0.000000,0
352,7.040000,5,gripper_r_finger1,0.460000,0.690000,0.000000,0.460000,0.690000,-0.000000,0.460000,0.690000,-0.000000,0.000000,0.000000,0.000000,0
352,7.040000,6,gripper_r_finger2,0.460000,0.690000,0.000000,0.460000,0.690000,-0.000000,0.460000,0.690000,-0.000000,0.000000,0.000000,0.000000,0
353,7.060000,1,gripper_l_palm,-0.460000,0.710000,0.000000,-0.460000,0.710000,-0.000000,-0.460000,0.710000,-0.000000,0.000000,0.000000,0.000000,0
353,7.060000,2,gripper_l_finger1,-0.460000,0.690000,0.000000,-0.460000,0.690000,-0.000000,-0.460000,0.690000,-0.000000,0.000000,0.000000,0.000000,0
353,7.060000,3,gripper_l_finger2,-0.460000,0.690000,0.000000,-0.460000,0.690000,-0.000000,-0.460000,0.690000,-0.000000,0.000000,0.000000,0.000000,0
353,7.060000,4,gripper_r_palm,0.460000,0.710000,0.000000,0.460000,0.710000,-0.000000,0.460000,0.710000,-0.000000,0.000000,0.000000,0.000000,0
353,7.060000,5,gripper_r_finger1,0.460000,0.690000,0.000000,0.460000,0.690000,-0.000000,0.460000,0.690000,-0.000000,0.000000,0.000000,0.000000,0
353,7.060000,6,gripper_r_finger2,0.460000,0.690000,0.000000,0.460000,0.690000,-0.000000,0.460000,0.690000,-0.000000,0.000000,0.000000,0.000000,0
354,7.080000,1,gripper_l_palm,-0.460000,0.710000,0.000000,-0.460000,0.710000,-0.000000,-0.460000,0.710000,-0.000000,0.000000,0.000000,0.000000,0
354,7.080000,2,gripper_l_finger1,-0.460000,0.690000,0.000000,-0.460000,0.690000,-0.000000,-0.460000,0.690000,-0.000000,0.000000,0.000000,0.000000,0
354,7.080000,3,gripper_l_finger2,-0.460000,0.690000,0.000000,-0.460000,0.690000,-0.000000,-0.460000,0.690000,-0.000000,0.000000,0.000000,0.000000,0
354,7.080000,4,gripper_r_palm,0.460000,0.710000,0.000000,0.460000,0.710000,-0.000000,0.460000,0.710000,-0.000000,0.000000,0.000000,0.000000,0
354,7.080000,5,gripper_r_finger1,0.460000,0.690000,0.000000,0.460000,0.690000,-0.000000,0.460000,0.690000,-0.000000,0.000000,0.000000,0.000000,0
354,7.080000,6,gripper_r_finger2,0.460000,0.690000,0.000000,0.460000,0.690000,-0.000000,0.460000,0.690000,-0.000000,0.000000,0.000000,0.000000,0
355,7.100000,1,gripper_l_palm,-0.460000,0.710000,0.000000,-0.460000,0.710000,-0.000000,-0.460000,0.710000,-0.000000,0.000000,0.000000,0.000000,0
355,7.100000,2,gripper_l_finger1,-0.460000,0.690000,0.000000,-0.460000,0.690000,-0.000000,-0.460000,0.690000,-0.000000,0.000000,0.000000,0.000000,0
355,7.100000,3,gripper_l_finger2,-0.460000,0.690000,0.000000,-0.460000,0.690000,-0.000000,-0.460000,0.690000,-0.000000,0.000000,0.000000,0.000000,0
355,7.100000,4,gripper_r_palm,0.460000,0.710000,0.000000,0.460000,0.710000,-0.000000,0.460000,0.710000,-0.000000,0.000000,0.000000,0.000000,0
355,7.100000,5,gripper_r_finger1,0.460000,0.690000,0.000000,0.460000,0.690000,-0.000000,0.460000,0.690000,-0.000000,0.000000,0.000000,0.000000,0
355,7.100000,6,gripper_r_finger2,0.460000,0.690000,0.000000,0.460000,0.690000,-0.000000,0.460000,0.690000,-0.000000,0.000000,0.000000,0.000000,0
356,7.120000,1,gripper_l_palm,-0.460000,0.710000,0.000000,-0.460000,0.710000,-0.000000,-0.460000,0.710000,-0.000000,0.000000,0.000000,0.000000,0
356,7.120000,2,gripper_l_finger1,-0.460000,0.690000,0.000000,-0.460000,0.690000,-0.000000,-0.460000,0.690000,-0.000000,0.000000,0.000000,0.000000,0
356,7.120000,3,gripper_l_finger2,-0.460000,0.690000,0.000000,-0.460000,0.690000,-0.000000,-0.460000,0.690000,-0.000000,0.000000,0.000000,0.000000,0
356,7.120000,4,gripper_r_palm,0.460000,0.710000,0.000000,0.460000,0.710000,-0.000000,0.460000,0.710000,-0.000000,0.000000,0.000000,0.000000,0
356,7.120000,5,gripper_r_finger1,0.460000,0.690000,0.000000,0.460000,0.690000,-0.000000,0.460000,0.690000,-0.000000,0.000000,0.000000,0.000000,0
356,7.120000,6,gripper_r_finger2,0.460000,0.690000,0.000000,0.460000,0.690000,-0.000000,0.460000,0.690000,-0.000000,0.000000,0.000000,0.000000,0
357,7.140000,1,gripper_l_palm,-0.460000,0.710000,0.000000,-0.460000,0.710000,-0.000000,-0.460000,0.710000,-0.000000,0.000000,0.000000,0.000000,0
357,7.140000,2,gripper_l_finger1,-0.460000,0.690000,0.000000,-0.460000,0.690000,-0.000000,-0.460000,0.690000,-0.000000,0.000000,0.000000,0.000000,0
357,7.140000,3,gripper_l_finger2,-0.460000,0.690000,0.000000,-0.460000,0.690000,-0.000000,-0.460000,0.690000,-0.000000,0.000000,0.000000,0.000000,0
357,7.140000,4,gripper_r_palm,0.460000,0.710000,0.000000,0.460000,0.710000,-0.000000,0.460000,0.710000,-0.000000,0.000000,0.000000,0.000000,0
357,7.140000,5,gripper_r_finger1,0.460000,0.690000,0.000000,0.460000,0.690000,-0.000000,0.460000,0.690000,-0.000000,0.000000,0.000000,0.000000,0
357,7.140000,6,gripper_r_finger2,0.460000,0.690000,0.000000,0.460000,0.690000,-0.000000,0.460000,0.690000,-0.000000,0.000000,0.000000,0.000000,0
358,7.160000,1,gripper_l_palm,-0.460000,0.710000,0.000000,-0.460000,0.710000,-0.000000,-0.460000,0.710000,-0.000000,0.000000,0.000000,0.000000,0
358,7.160000,2,gripper_l_finger1,-0.460000,0.690000,0.000000,-0.460000,0.690000,-0.000000,-0.460000,0.690000,-0.000000,0.000000,0.000000,0.000000,0
358,7.160000,3,gripper_l_finger2,-0.460000,0.690000,0.000000,-0.460000,0.690000,-0.000000,-0.460000,0.690000,-0.000000,0.000000,0.000000,0.000000,0
358,7.160000,4,gripper_r_palm,0.460000,0.710000,0.000000,0.460000,0.710000,-0.000000,0.460000,0.710000,-0.000000,0.000000,0.000000,0.000000,0
358,7.160000,5,gripper_r_finger1,0.460000,0.690000,0.000000,0.460000,0.690000,-0.000000,0.460000,0.690000,-0.000000,0.000000,0.000000,0.000000,0
358,7.160000,6,gripper_r_finger2,0.460000,0.690000,0.000000,0.460000,0.690000,-0.000000,0.460000,0.690000,-0.000000,0.000000,0.000000,0.000000,0
359,7.180000,1,gripper_l_palm,-0.460000,0.710000,0.000000,-0.460000,0.710000,-0.000000,-0.460000,0.710000,-0.000000,0.000000,0.000000,0.000000,0
359,7.180000,2,gripper_l_finger1,-0.460000,0.690000,0.000000,-0.460000,0.690000,-0.000000,-0.460000,0.690000,-0.000000,0.000000,0.000000,0.000000,0
359,7.180000,3,gripper_l_finger2,-0.460000,0.690000,0.000000,-0.460000,0.690000,-0.000000,-0.460000,0.690000,-0.000000,0.000000,0.000000,0.000000,0
359,7.180000,4,gripper_r_palm,0.460000,0.710000,0.000000,0.460000,0.710000,-0.000000,0.460000,0.710000,-0.000000,0.000000,0.000000,0.000000,0
359,7.180000,5,gripper_r_finger1,0.460000,0.690000,0.000000,0.460000,0.690000,-0.000000,0.460000,0.690000,-0.000000,0.000000,0.000000,0.000000,0
359,7.180000,6,gripper_r_finger2,0.460000,0.690000,0.000000,0.460000,0.690000,-0.000000,0.460000,0.690000,-0.000000,0.000000,0.000000,0.000000,0
360,7.200000,1,gripper_l_palm,-0.460000,0.710000,0.000000,-0.460000,0.710000,-0.000000,-0.460000,0.710000,-0.000000,0.000000,0.000000,0.000000,0
360,7.200000,2,gripper_l_finger1,-0.460000,0.690000,0.000000,-0.460000,0.690000,-0.000000,-0.460000,0.690000,-0.000000,0.000000,0.000000,0.000000,0
360,7.200000,3,gripper_l_finger2,-0.460000,0.690000,0.000000,-0.460000,0.690000,-0.000000,-0.460000,0.690000,-0.000000,0.000000,0.000000,0.000000,0
360,7.200000,4,gripper_r_palm,0.460000,0.710000,0.000000,0.460000,0.710000,-0.000000,0.460000,0.710000,-0.000000,0.000000,0.000000,0.000000,0
360,7.200000,5,gripper_r_finger1,0.460000,0.690000,0.000000,0.460000,0.690000,-0.000000,0.460000,0.690000,-0.000000,0.000000,0.000000,0.000000,0
360,7.200000,6,gripper_r_finger2,0.460000,0.690000,0.000000,0.460000,0.690000,-0.000000,0.460000,0.690000,-0.000000,0.000000,0.000000,0.000000,0
361,7.220000,1,gripper_l_palm,-0.460000,0.710000,0.000000,-0.460000,0.710000,-0.000000,-0.460000,0.710000,-0.000000,0.000000,0.000000,0.000000,0
361,7.220000,2,gripper_l_finger1,-0.460000,0.690000,0.000000,-0.460000,0.690000,-0.000000,-0.460000,0.690000,-0.000000,0.000000,0.000000,0.000000,0
361,7.220000,3,gripper_l_finger2,-0.460000,0.690000,0.000000,-0.460000,0.690000,-0.000000,-0.460000,0.690000,-0.000000,0.000000,0.000000,0.000000,0
361,7.220000,4,gripper_r_palm,0.460000,0.710000,0.000000,0.460000,0.710000,-0.000000,0.460000,0.710000,-0.000000,0.000000,0.000000,0.000000,0
361,7.220000,5,gripper_r_finger1,0.460000,0.690000,0.000000,0.460000,0.690000,-0.000000,0.460000,0.690000,-0.000000,0.000000,0.000000,0.000000,0
361,7.220000,6,gripper_r_finger2,0.460000,0.690000,0.000000,0.460000,0.690000,-0.000000,0.460000,0.690000,-0.000000,0.000000,0.000000,0.000000,0
362,7.240000,1,gripper_l_palm,-0.460000,0.710000,0.000000,-0.460000,0.710000,-0.000000,-0.460000,0.710000,-0.000000,0.000000,0.000000,0.000000,0
362,7.240000,2,gripper_l_finger1,-0.460000,0.690000,0.000000,-0.460000,0.690000,-0.000000,-0.460000,0.690000,-0.000000,0.000000,0.000000,0.000000,0
362,7.240000,3,gripper_l_finger2,-0.460000,0.690000,0.000000,-0.460000,0.690000,-0.000000,-0.460000,0.690000,-0.000000,0.000000,0.000000,0.000000,0
362,7.240000,4,gripper_r_palm,0.460000,0.710000,0.000000,0.460000,0.710000,-0.000000,0.460000,0.710000,-0.000000,0.000000,0.000000,0.000000,0
362,7.240000,5,gripper_r_finger1,0.460000,0.690000,0.000000,0.460000,0.690000,-0.000000,0.460000,0.690000,-0.000000,0.000000,0.000000,0.000000,0
362,7.240000,6,gripper_r_finger2,0.460000,0.690000,0.000000,0.460000,0.690000,-0.000000,0.460000,0.690000,-0.000000,0.000000,0.000000,0.000000,0
363,7.260000,1,gripper_l_palm,-0.460000,0.710000,0.000000,-0.460000,0.710000,-0.000000,-0.460000,0.710000,-0.000000,0.000000,0.000000,0.000000,0
363,7.260000,2,gripper_l_finger1,-0.460000,0.690000,0.000000,-0.460000,0.690000,-0.000000,-0.460000,0.690000,-0.000000,0.000000,0.000000,0.000000,0
363,7.260000,3,gripper_l_finger2,-0.460000,0.690000,0.000000,-0.460000,0.690000,-0.000000,-0.460000,0.690000,-0.000000,0.000000,0.000000,0.000000,0
363,7.260000,4,gripper_r_palm,0.460000,0.710000,0.000000,0.460000,0.710000,-0.000000,0.460000,0.710000,-0.000000,0.000000,0.000000,0.000000,0
363,7.260000,5,gripper_r_finger1,0.460000,0.690000,0.000000,0.460000,0.690000,-0.000000,0.460000,0.690000,-0.000000,0.000000,0.000000,0.000000,0
363,7.260000,6,gripper_r_finger2,0.460000,0.690000,0.000000,0.460000,0.690000,-0.000000,0.460000,0.690000,-0.000000,0.000000,0.000000,0.000000,0
364,7.280000,1,gripper_l_palm,-0.460000,0.710000,0.000000,-0.460000,0.710000,-0.000000,-0.460000,0.710000,-0.000000,0.000000,0.000000,0.000000,0
364,7.280000,2,gripper_l_finger1,-0.460000,0.690000,0.000000,-0.460000,0.690000,-0.000000,-0.460000,0.690000,-0.000000,0.000000,0.000000,0.000000,0
364,7.280000,3,gripper_l_finger2,-0.460000,0.690000,0.000000,-0.460000,0.690000,-0.000000,-0.460000,0.690000,-0.000000,0.000000,0.000000,0.000000,0
364,7.280000,4,gripper_r_palm,0.460000,0.710000,0.000000,0.460000,0.710000,-0.000000,0.460000,0.710000,-0.000000,0.000000,0.000000,0.000000,0
364,7.280000,5,gripper_r_finger1,0.460000,0.690000,0.000000,0.460000,0.690000,-0.000000,0.460000,0.690000,-0.000000,0.000000,0.000000,0.000000,0
364,7.280000,6,gripper_r_finger2,0.460000,0.690000,0.000000,0.460000,0.690000,-0.000000,0.460000,0.690000,-0.000000,0.000000,0.000000,0.000000,0
365,7.300000,1,gripper_l_palm,-0.460000,0.710000,0.000000,-0.460000,0.710000,-0.000000,-0.460000,0.710000,-0.000000,0.000000,0.000000,0.000000,0
365,7.300000,2,gripper_l_finger1,-0.460000,0.690000,0.000000,-0.460000,0.690000,-0.000000,-0.460000,0.690000,-0.000000,0.000000,0.000000,0.000000,0
365,7.300000,3,gripper_l_finger2,-0.460000,0.690000,0.000000,-0.460000,0.690000,-0.000000,-0.460000,0.690000,-0.000000,0.000000,0.000000,0.000000,0
365,7.300000,4,gripper_r_palm,0.460000,0.710000,0.000000,0.460000,0.710000,-0.000000,0.460000,0.710000,-0.000000,0.000000,0.000000,0.000000,0
365,7.300000,5,gripper_r_finger1,0.460000,0.690000,0.000000,0.460000,0.690000,-0.000000,0.460000,0.690000,-0.000000,0.000000,0.000000,0.000000,0
365,7.300000,6,gripper_r_finger2,0.460000,0.690000,0.000000,0.460000,0.690000,-0.000000,0.460000,0.690000,-0.000000,0.000000,0.000000,0.000000,0
366,7.320000,1,gripper_l_palm,-0.460000,0.710000,0.000000,-0.460000,0.710000,-0.000000,-0.460000,0.710000,-0.000000,0.000000,0.000000,0.000000,0
366,7.320000,2,gripper_l_finger1,-0.460000,0.690000,0.000000,-0.460000,0.690000,-0.000000,-0.460000,0.690000,-0.000000,0.000000,0.000000,0.000000,0
366,7.320000,3,gripper_l_finger2,-0.460000,0.690000,0.000000,-0.460000,0.690000,-0.000000,-0.460000,0.690000,-0.000000,0.000000,0.000000,0.000000,0
366,7.320000,4,gripper_r_palm,0.460000,0.710000,0.000000,0.460000,0.710000,-0.000000,0.460000,0.710000,-0.000000,0.000000,0.000000,0.000000,0
366,7.320000,5,gripper_r_finger1,0.460000,0.690000,0.000000,0.460000,0.690000,-0.000000,0.460000,0.690000,-0.000000,0.000000,0.000000,0.000000,0
366,7.320000,6,gripper_r_finger2,0.460000,0.690000,0.000000,0.460000,0.690000,-0.000000,0.460000,0.690000,-0.000000,0.000000,0.000000,0.000000,0
367,7.340000,1,gripper_l_palm,-0.460000,0.710000,0.000000,-0.460000,0.710000,-0.000000,-0.460000,0.710000,-0.000000,0.000000,0.000000,0.000000,0
367,7.340000,2,gripper_l_finger1,-0.460000,0.690000,0.000000,-0.460000,0.690000,-0.000000,-0.460000,0.690000,-0.000000,0.000000,0.000000,0.000000,0
367,7.340000,3,gripper_l_finger2,-0.460000,0.690000,0.000000,-0.460000,0.690000,-0.000000,-0.460000,0.690000,-0.000000,0.000000,0.000000,0.000000,0
367,7.340000,4,gripper_r_palm,0.460000,0.710000,0.000000,0.460000,0.710000,-0.000000,0.460000,0.710000,-0.000000,0.000000,0.000000,0.000000,0
367,7.340000,5,gripper_r_finger1,0.460000,0.690000,0.000000,0.460000,0.690000,-0.000000,0.460000,0.690000,-0.000000,0.000000,0.000000,0.000000,0
367,7.340000,6,gripper_r_finger2,0.460000,0.690000,0.000000,0.460000,0.690000,-0.000000,0.460000,0.690000,-0.000000,0.000000,0.000000,0.000000,0
368,7.360000,1,gripper_l_palm,-0.460000,0.710000,0.000000,-0.460000,0.710000,-0.000000,-0.460000,0.710000,-0.000000,0.000000,0.000000,0.000000,0
368,7.360000,2,gripper_l_finger1,-0.460000,0.690000,0.000000,-0.460000,0.690000,-0.000000,-0.460000,0.690000,-0.000000,0.000000,0.000000,0.000000,0
368,7.360000,3,gripper_l_finger2,-0.460000,0.690000,0.000000,-0.460000,0.690000,-0.000000,-0.460000,0.690000,-0.000000,0.000000,0.000000,0.000000,0
368,7.360000,4,gripper_r_palm,0.460000,0.710000,0.000000,0.460000,0.710000,-0.000000,0.460000,0.710000,-0.000000,0.000000,0.000000,0.000000,0
368,7.360000,5,gripper_r_finger1,0.460000,0.690000,0.000000,0.460000,0.690000,-0.000000,0.460000,0.690000,-0.000000,0.000000,0.000000,0.000000,0
368,7.360000,6,gripper_r_finger2,0.460000,0.690000,0.000000,0.460000,0.690000,-0.000000,0.460000,0.690000,-0.000000,0.000000,0.000000,0.000000,0
369,7.380000,1,gripper_l_palm,-0.460000,0.710000,0.000000,-0.460000,0.710000,-0.000000,-0.460000,0.710000,-0.000000,0.000000,0.000000,0.000000,0
369,7.380000,2,gripper_l_finger1,-0.460000,0.690000,0.000000,-0.460000,0.690000,-0.000000,-0.460000,0.690000,-0.000000,0.000000,0.000000,0.000000,0
369,7.380000,3,gripper_l_finger2,-0.460000,0.690000,0.000000,-0.460000,0.690000,-0.000000,-0.460000,0.690000,-0.000000,0.000000,0.000000,0.000000,0
369,7.380000,4,gripper_r_palm,0.460000,0.710000,0.000000,0.460000,0.710000,-0.000000,0.460000,0.710000,-0.000000,0.000000,0.000000,0.000000,0
369,7.380000,5,gripper_r_finger1,0.460000,0.690000,0.000000,0.460000,0.690000,-0.000000,0.460000,0.690000,-0.000000,0.000000,0.000000,0.000000,0
369,7.380000,6,gripper_r_finger2,0.460000,0.690000,0.000000,0.460000,0.690000,-0.000000,0.460000,0.690000,-0.000000,0.000000,0.000000,0.000000,0
370,7.400000,1,gripper_l_palm,-0.460000,0.710000,0.000000,-0.460000,0.710000,-0.000000,-0.460000,0.710000,-0.000000,0.000000,0.000000,0.000000,0
370,7.400000,2,gripper_l_finger1,-0.460000,0.690000,0.000000,-0.460000,0.690000,-0.000000,-0.460000,0.690000,-0.000000,0.000000,0.000000,0.000000,0
370,7.400000,3,gripper_l_finger2,-0.460000,0.690000,0.000000,-0.460000,0.690000,-0.000000,-0.460000,0.690000,-0.000000,0.000000,0.000000,0.000000,0
370,7.400000,4,gripper_r_palm,0.460000,0.710000,0.000000,0.460000,0.710000,-0.000000,0.460000,0.710000,-0.000000,0.000000,0.000000,0.000000,0
370,7.400000,5,gripper_r_finger1,0.460000,0.690000,0.000000,0.460000,0.690000,-0.000000,0.460000,0.690000,-0.000000,0.000000,0.000000,0.000000,0
370,7.400000,6,gripper_r_finger2,0.460000,0.690000,0.000000,0.460000,0.690000,-0.000000,0.460000,0.690000,-0.000000,0.000000,0.000000,0.000000,0
371,7.420000,1,gripper_l_palm,-0.460000,0.710000,0.000000,-0.460000,0.710000,-0.000000,-0.460000,0.710000,-0.000000,0.000000,0.000000,0.000000,0
371,7.420000,2,gripper_l_finger1,-0.460000,0.690000,0.000000,-0.460000,0.690000,-0.000000,-0.460000,0.690000,-0.000000,0.000000,0.000000,0.000000,0
371,7.420000,3,gripper_l_finger2,-0.460000,0.690000,0.000000,-0.460000,0.690000,-0.000000,-0.460000,0.690000,-0.000000,0.000000,0.000000,0.000000,0
371,7.420000,4,gripper_r_palm,0.460000,0.710000,0.000000,0.460000,0.710000,-0.000000,0.460000,0.710000,-0.000000,0.000000,0.000000,0.000000,0
371,7.420000,5,gripper_r_finger1,0.460000,0.690000,0.000000,0.460000,0.690000,-0.000000,0.460000,0.690000,-0.000000,0.000000,0.000000,0.000000,0
371,7.420000,6,gripper_r_finger2,0.460000,0.690000,0.000000,0.460000,0.690000,-0.000000,0.460000,0.690000,-0.000000,0.000000,0.000000,0.000000,0
372,7.440000,1,gripper_l_palm,-0.460000,0.710000,0.000000,-0.460000,0.710000,-0.000000,-0.460000,0.710000,-0.000000,0.000000,0.000000,0.000000,0
372,7.440000,2,gripper_l_finger1,-0.460000,0.690000,0.000000,-0.460000,0.690000,-0.000000,-0.460000,0.690000,-0.000000,0.000000,0.000000,0.000000,0
372,7.440000,3,gripper_l_finger2,-0.460000,0.690000,0.000000,-0.460000,0.690000,-0.000000,-0.460000,0.690000,-0.000000,0.000000,0.000000,0.000000,0
372,7.440000,4,gripper_r_palm,0.460000,0.710000,0.000000,0.460000,0.710000,-0.000000,0.460000,0.710000,-0.000000,0.000000,0.000000,0.000000,0
372,7.440000,5,gripper_r_finger1,0.460000,0.690000,0.000000,0.460000,0.690000,-0.000000,0.460000,0.690000,-0.000000,0.000000,0.000000,0.000000,0
372,7.440000,6,gripper_r_finger2,0.460000,0.690000,0.000000,0.460000,0.690000,-0.000000,0.460000,0.690000,-0.000000,0.000000,0.000000,0.000000,0
373,7.460000,1,gripper_l_palm,-0.460000,0.710000,0.000000,-0.460000,0.710000,-0.000000,-0.460000,0.710000,-0.000000,0.000000,0.000000,0.000000,0
373,7.460000,2,gripper_l_finger1,-0.460000,0.690000,0.000000,-0.460000,0.690000,-0.000000,-0.460000,0.690000,-0.000000,0.000000,0.000000,0.000000,0
373,7.460000,3,gripper_l_finger2,-0.460000,0.690000,0.000000,-0.460000,0.690000,-0.000000,-0.460000,0.690000,-0.000000,0.000000,0.000000,0.000000,0
373,7.460000,4,gripper_r_palm,0.460000,0.710000,0.000000,0.460000,0.710000,-0.000000,0.460000,0.710000,-0.000000,0.000000,0.000000,0.000000,0
373,7.460000,5,gripper_r_finger1,0.460000,0.690000,0.000000,0.460000,0.690000,-0.000000,0.460000,0.690000,-0.000000,0.000000,0.000000,0.000000,0
373,7.460000,6,gripper_r_finger2,0.460000,0.690000,0.000000,0.460000,0.690000,-0.000000,0.460000,0.690000,-0.000000,0.000000,0.000000,0.000000,0
374,7.480000,1,gripper_l_palm,-0.460000,0.710000,0.000000,-0.460000,0.710000,-0.000000,-0.460000,0.710000,-0.000000,0.000000,0.000000,0.000000,0
374,7.480000,2,gripper_l_finger1,-0.460000,0.690000,0.000000,-0.460000,0.690000,-0.000000,-0.460000,0.690000,-0.000000,0.000000,0.000000,0.000000,0
374,7.480000,3,gripper_l_finger2,-0.460000,0.690000,0.000000,-0.460000,0.690000,-0.000000,-0.460000,0.690000,-0.000000,0.000000,0.000000,0.000000,0
374,7.480000,4,gripper_r_palm,0.460000,0.710000,0.000000,0.460000,0.710000,-0.000000,0.460000,0.710000,-0.000000,0.000000,0.000000,0.000000,0
374,7.480000,5,gripper_r_finger1,0.460000,0.690000,0.000000,0.460000,0.690000,-0.000000,0.460000,0.690000,-0.000000,0.000000,0.000000,0.000000,0
374,7.480000,6,gripper_r_finger2,0.460000,0.690000,0.000000,0.460000,0.690000,-0.000000,0.460000,0.690000,-0.000000,0.000000,0.000000,0.000000,0
375,7.500000,1,gripper_l_palm,-0.460000,0.710000,0.000000,-0.460000,0.710000,-0.000000,-0.460000,0.710000,-0.000000,0.000000,0.000000,0.000000,0
375,7.500000,2,gripper_l_finger1,-0.460000,0.690000,0.000000,-0.460000,0.690000,-0.000000,-0.460000,0.690000,-0.000000,0.000000,0.000000,0.000000,0
375,7.500000,3,gripper_l_finger2,-0.460000,0.690000,0.000000,-0.460000,0.690000,-0.000000,-0.460000,0.690000,-0.000000,0.000000,0.000000,0.000000,0
375,7.500000,4,gripper_r_palm,0.460000,0.710000,0.000000,0.460000,0.710000,-0.000000,0.460000,0.710000,-0.000000,0.000000,0.000000,0.000000,0
375,7.500000,5,gripper_r_finger1,0.460000,0.690000,0.000000,0.460000,0.690000,-0.000000,0.460000,0.690000,-0.000000,0.000000,0.000000,0.000000,0
375,7.500000,6,gripper_r_finger2,0.460000,0.690000,0.000000,0.460000,0.690000,-0.000000,0.460000,0.690000,-0.000000,0.000000,0.000000,0.000000,0
376,7.520000,1,gripper_l_palm,-0.460000,0.710000,0.000000,-0.460000,0.710000,-0.000000,-0.460000,0.710000,-0.000000,0.000000,0.000000,0.000000,0
376,7.520000,2,gripper_l_finger1,-0.460000,0.690000,0.000000,-0.460000,0.690000,-0.000000,-0.460000,0.690000,-0.000000,0.000000,0.000000,0.000000,0
376,7.520000,3,gripper_l_finger2,-0.460000,0.690000,0.000000,-0.460000,0.690000,-0.000000,-0.460000,0.690000,-0.000000,0.000000,0.000000,0.000000,0
376,7.520000,4,gripper_r_palm,0.460000,0.710000,0.000000,0.460000,0.710000,-0.000000,0.460000,0.710000,-0.000000,0.000000,0.000000,0.000000,0
376,7.520000,5,gripper_r_finger1,0.460000,0.690000,0.000000,0.460000,0.690000,-0.000000,0.460000,0.690000,-0.000000,0.000000,0.000000,0.000000,0
376,7.520000,6,gripper_r_finger2,0.460000,0.690000,0.000000,0.460000,0.690000,-0.000000,0.460000,0.690000,-0.000000,0.000000,0.000000,0.000000,0
377,7.540000,1,gripper_l_palm,-0.460000,0.710000,0.000000,-0.460000,0.710000,-0.000000,-0.460000,0.710000,-0.000000,0.000000,0.000000,0.000000,0
377,7.540000,2,gripper_l_finger1,-0.460000,0.690000,0.000000,-0.460000,0.690000,-0.000000,-0.460000,0.690000,-0.000000,0.000000,0.000000,0.000000,0
377,7.540000,3,gripper_l_finger2,-0.460000,0.690000,0.000000,-0.460000,0.690000,-0.000000,-0.460000,0.690000,-0.000000,0.000000,0.000000,0.000000,0
377,7.540000,4,gripper_r_palm,0.460000,0.710000,0.000000,0.460000,0.710000,-0.000000,0.460000,0.710000,-0.000000,0.000000,0.000000,0.000000,0
377,7.540000,5,gripper_r_finger1,0.460000,0.690000,0.000000,0.460000,0.690000,-0.000000,0.460000,0.690000,-0.000000,0.000000,0.000000,0.000000,0
377,7.540000,6,gripper_r_finger2,0.460000,0.690000,0.000000,0.460000,0.690000,-0.000000,0.460000,0.690000,-0.000000,0.000000,0.000000,0.000000,0
378,7.560000,1,gripper_l_palm,-0.460000,0.710000,0.000000,-0.460000,0.710000,-0.000000,-0.460000,0.710000,-0.000000,0.000000,0.000000,0.000000,0
378,7.560000,2,gripper_l_finger1,-0.460000,0.690000,0.000000,-0.460000,0.690000,-0.000000,-0.460000,0.690000,-0.000000,0.000000,0.000000,0.000000,0
378,7.560000,3,gripper_l_finger2,-0.460000,0.690000,0.000000,-0.460000,0.690000,-0.000000,-0.460000,0.690000,-0.000000,0.000000,0.000000,0.000000,0
378,7.560000,4,gripper_r_palm,0.460000,0.710000,0.000000,0.460000,0.710000,-0.000000,0.460000,0.710000,-0.000000,0.000000,0.000000,0.000000,0
378,7.560000,5,gripper_r_finger1,0.460000,0.690000,0.000000,0.460000,0.690000,-0.000000,0.460000,0.690000,-0.000000,0.000000,0.000000,0.000000,0
378,7.560000,6,gripper_r_finger2,0.460000,0.690000,0.000000,0.460000,0.690000,-0.000000,0.460000,0.690000,-0.000000,0.000000,0.000000,0.000000,0
379,7.580000,1,gripper_l_palm,-0.460000,0.710000,0.000000,-0.460000,0.710000,-0.000000,-0.460000,0.710000,-0.000000,0.000000,0.000000,0.000000,0
379,7.580000,2,gripper_l_finger1,-0.460000,0.690000,0.000000,-0.460000,0.690000,-0.000000,-0.460000,0.690000,-0.000000,0.000000,0.000000,0.000000,0
379,7.580000,3,gripper_l_finger2,-0.460000,0.690000,0.000000,-0.460000,0.690000,-0.000000,-0.460000,0.690000,-0.000000,0.000000,0.000000,0.000000,0
379,7.580000,4,gripper_r_palm,0.460000,0.710000,0.000000,0.460000,0.710000,-0.000000,0.460000,0.710000,-0.000000,0.000000,0.000000,0.000000,0
379,7.580000,5,gripper_r_finger1,0.460000,0.690000,0.000000,0.460000,0.690000,-0.000000,0.460000,0.690000,-0.000000,0.000000,0.000000,0.000000,0
379,7.580000,6,gripper_r_finger2,0.460000,0.690000,0.000000,0.460000,0.690000,-0.000000,0.460000,0.690000,-0.000000,0.000000,0.000000,0.000000,0
380,7.600000,1,gripper_l_palm,-0.460000,0.710000,0.000000,-0.460000,0.710000,-0.000000,-0.460000,0.710000,-0.000000,0.000000,0.000000,0.000000,0
380,7.600000,2,gripper_l_finger1,-0.460000,0.690000,0.000000,-0.460000,0.690000,-0.000000,-0.460000,0.690000,-0.000000,0.000000,0.000000,0.000000,0
380,7.600000,3,gripper_l_finger2,-0.460000,0.690000,0.000000,-0.460000,0.690000,-0.000000,-0.460000,0.690000,-0.000000,0.000000,0.000000,0.000000,0
380,7.600000,4,gripper_r_palm,0.460000,0.710000,0.000000,0.460000,0.710000,-0.000000,0.460000,0.710000,-0.000000,0.000000,0.000000,0.000000,0
380,7.600000,5,gripper_r_finger1,0.460000,0.690000,0.000000,0.460000,0.690000,-0.000000,0.460000,0.690000,-0.000000,0.000000,0.000000,0.000000,0
380,7.600000,6,gripper_r_finger2,0.460000,0.690000,0.000000,0.460000,0.690000,-0.000000,0.460000,0.690000,-0.000000,0.000000,0.000000,0.000000,0
381,7.620000,1,gripper_l_palm,-0.460000,0.710000,0.000000,-0.460000,0.710000,-0.000000,-0.460000,0.710000,-0.000000,0.000000,0.000000,0.000000,0
381,7.620000,2,gripper_l_finger1,-0.460000,0.690000,0.000000,-0.460000,0.690000,-0.000000,-0.460000,0.690000,-0.000000,0.000000,0.000000,0.000000,0
381,7.620000,3,gripper_l_finger2,-0.460000,0.690000,0.000000,-0.460000,0.690000,-0.000000,-0.460000,0.690000,-0.000000,0.000000,0.000000,0.000000,0
381,7.620000,4,gripper_r_palm,0.460000,0.710000,0.000000,0.460000,0.710000,-0.000000,0.460000,0.710000,-0.000000,0.000000,0.000000,0.000000,0
381,7.620000,5,gripper_r_finger1,0.460000,0.690000,0.000000,0.460000,0.690000,-0.000000,0.460000,0.690000,-0.000000,0.000000,0.000000,0.000000,0
381,7.620000,6,gripper_r_finger2,0.460000,0.690000,0.000000,0.460000,0.690000,-0.000000,0.460000,0.690000,-0.000000,0.000000,0.000000,0.000000,0
382,7.640000,1,gripper_l_palm,-0.460000,0.710000,0.000000,-0.460000,0.710000,-0.000000,-0.460000,0.710000,-0.000000,0.000000,0.000000,0.000000,0
382,7.640000,2,gripper_l_finger1,-0.460000,0.690000,0.000000,-0.460000,0.690000,-0.000000,-0.460000,0.690000,-0.000000,0.000000,0.000000,0.000000,0
382,7.640000,3,gripper_l_finger2,-0.460000,0.690000,0.000000,-0.460000,0.690000,-0.000000,-0.460000,0.690000,-0.000000,0.000000,0.000000,0.000000,0
382,7.640000,4,gripper_r_palm,0.460000,0.710000,0.000000,0.460000,0.710000,-0.000000,0.460000,0.710000,-0.000000,0.000000,0.000000,0.000000,0
382,7.640000,5,gripper_r_finger1,0.460000,0.690000,0.000000,0.460000,0.690000,-0.000000,0.460000,0.690000,-0.000000,0.000000,0.000000,0.000000,0
382,7.640000,6,gripper_r_finger2,0.460000,0.690000,0.000000,0.460000,0.690000,-0.000000,0.460000,0.690000,-0.000000,0.000000,0.000000,0.000000,0
383,7.660000,1,gripper_l_palm,-0.460000,0.710000,0.000000,-0.460000,0.710000,-0.000000,-0.460000,0.710000,-0.000000,0.000000,0.000000,0.000000,0
383,7.660000,2,gripper_l_finger1,-0.460000,0.690000,0.000000,-0.460000,0.690000,-0.000000,-0.460000,0.690000,-0.000000,0.000000,0.000000,0.000000,0
383,7.660000,3,gripper_l_finger2,-0.460000,0.690000,0.000000,-0.460000,0.690000,-0.000000,-0.460000,0.690000,-0.000000,0.000000,0.000000,0.000000,0
383,7.660000,4,gripper_r_palm,0.460000,0.710000,0.000000,0.460000,0.710000,-0.000000,0.460000,0.710000,-0.000000,0.000000,0.000000,0.000000,0
383,7.660000,5,gripper_r_finger1,0.460000,0.690000,0.000000,0.460000,0.690000,-0.000000,0.460000,0.690000,-0.000000,0.000000,0.000000,0.000000,0
383,7.660000,6,gripper_r_finger2,0.460000,0.690000,0.000000,0.460000,0.690000,-0.000000,0.460000,0.690000,-0.000000,0.000000,0.000000,0.000000,0
384,7.680000,1,gripper_l_palm,-0.460000,0.710000,0.000000,-0.460000,0.710000,-0.000000,-0.460000,0.710000,-0.000000,0.000000,0.000000,0.000000,0
384,7.680000,2,gripper_l_finger1,-0.460000,0.690000,0.000000,-0.460000,0.690000,-0.000000,-0.460000,0.690000,-0.000000,0.000000,0.000000,0.000000,0
384,7.680000,3,gripper_l_finger2,-0.460000,0.690000,0.000000,-0.460000,0.690000,-0.000000,-0.460000,0.690000,-0.000000,0.000000,0.000000,0.000000,0
384,7.680000,4,gripper_r_palm,0.460000,0.710000,0.000000,0.460000,0.710000,-0.000000,0.460000,0.710000,-0.000000,0.000000,0.000000,0.000000,0
384,7.680000,5,gripper_r_finger1,0.460000,0.690000,0.000000,0.460000,0.690000,-0.000000,0.460000,0.690000,-0.000000,0.000000,0.000000,0.000000,0
384,7.680000,6,gripper_r_finger2,0.460000,0.690000,0.000000,0.460000,0.690000,-0.000000,0.460000,0.690000,-0.000000,0.000000,0.000000,0.000000,0
385,7.700000,1,gripper_l_palm,-0.460000,0.710000,0.000000,-0.460000,0.710000,-0.000000,-0.460000,0.710000,-0.000000,0.000000,0.000000,0.000000,0
385,7.700000,2,gripper_l_finger1,-0.460000,0.690000,0.000000,-0.460000,0.690000,-0.000000,-0.460000,0.690000,-0.000000,0.000000,0.000000,0.000000,0
385,7.700000,3,gripper_l_finger2,-0.460000,0.690000,0.000000,-0.460000,0.690000,-0.000000,-0.460000,0.690000,-0.000000,0.000000,0.000000,0.000000,0
385,7.700000,4,gripper_r_palm,0.460000,0.710000,0.000000,0.460000,0.710000,-0.000000,0.460000,0.710000,-0.000000,0.000000,0.000000,0.000000,0
385,7.700000,5,gripper_r_finger1,0.460000,0.690000,0.000000,0.460000,0.690000,-0.000000,0.460000,0.690000,-0.000000,0.000000,0.000000,0.000000,0
385,7.700000,6,gripper_r_finger2,0.460000,0.690000,0.000000,0.460000,0.690000,-0.000000,0.460000,0.690000,-0.000000,0.000000,0.000000,0.000000,0
386,7.720000,1,gripper_l_palm,-0.460000,0.710000,0.000000,-0.460000,0.710000,-0.000000,-0.460000,0.710000,-0.000000,0.000000,0.000000,0.000000,0
386,7.720000,2,gripper_l_finger1,-0.460000,0.690000,0.000000,-0.460000,0.690000,-0.000000,-0.460000,0.690000,-0.000000,0.000000,0.000000,0.000000,0
386,7.720000,3,gripper_l_finger2,-0.460000,0.690000,0.000000,-0.460000,0.690000,-0.000000,-0.460000,0.690000,-0.000000,0.000000,0.000000,0.000000,0
386,7.720000,4,gripper_r_palm,0.460000,0.710000,0.000000,0.460000,0.710000,-0.000000,0.460000,0.710000,-0.000000,0.000000,0.000000,0.000000,0
386,7.720000,5,gripper_r_finger1,0.460000,0.690000,0.000000,0.460000,0.690000,-0.000000,0.460000,0.690000,-0.000000,0.000000,0.000000,0.000000,0
386,7.720000,6,gripper_r_finger2,0.460000,0.690000,0.000000,0.460000,0.690000,-0.000000,0.460000,0.690000,-0.000000,0.000000,0.000000,0.000000,0
387,7.740000,1,gripper_l_palm,-0.460000,0.710000,0.000000,-0.460000,0.710000,-0.000000,-0.460000,0.710000,-0.000000,0.000000,0.000000,0.000000,0
387,7.740000,2,gripper_l_finger1,-0.460000,0.690000,0.000000,-0.460000,0.690000,-0.000000,-0.460000,0.690000,-0.000000,0.000000,0.000000,0.000000,0
387,7.740000,3,gripper_l_finger2,-0.460000,0.690000,0.000000,-0.460000,0.690000,-0.000000,-0.460000,0.690000,-0.000000,0.000000,0.000000,0.000000,0
387,7.740000,4,gripper_r_palm,0.460000,0.710000,0.000000,0.460000,0.710000,-0.000000,0.460000,0.710000,-0.000000,0.000000,0.000000,0.000000,0
387,7.740000,5,gripper_r_finger1,0.460000,0.690000,0.000000,0.460000,0.690000,-0.000000,0.460000,0.690000,-0.000000,0.000000,0.000000,0.000000,0
387,7.740000,6,gripper_r_finger2,0.460000,0.690000,0.000000,0.460000,0.690000,-0.000000,0.460000,0.690000,-0.000000,0.000000,0.000000,0.000000,0
388,7.760000,1,gripper_l_palm,-0.460000,0.710000,0.000000,-0.460000,0.710000,-0.000000,-0.460000,0.710000,-0.000000,0.000000,0.000000,0.000000,0
388,7.760000,2,gripper_l_finger1,-0.460000,0.690000,0.000000,-0.460000,0.690000,-0.000000,-0.460000,0.690000,-0.000000,0.000000,0.000000,0.000000,0
388,7.760000,3,gripper_l_finger2,-0.460000,0.690000,0.000000,-0.460000,0.690000,-0.000000,-0.460000,0.690000,-0.000000,0.000000,0.000000,0.000000,0
388,7.760000,4,gripper_r_palm,0.460000,0.710000,0.000000,0.460000,0.710000,-0.000000,0.460000,0.710000,-0.000000,0.000000,0.000000,0.000000,0
388,7.760000,5,gripper_r_finger1,0.460000,0.690000,0.000000,0.460000,0.690000,-0.000000,0.460000,0.690000,-0.000000,0.000000,0.000000,0.000000,0
388,7.760000,6,gripper_r_finger2,0.460000,0.690000,0.000000,0.460000,0.690000,-0.000000,0.460000,0.690000,-0.000000,0.000000,0.000000,0.000000,0
389,7.780000,1,gripper_l_palm,-0.460000,0.710000,0.000000,-0.460000,0.710000,-0.000000,-0.460000,0.710000,-0.000000,0.000000,0.000000,0.000000,0
389,7.780000,2,gripper_l_finger1,-0.460000,0.690000,0.000000,-0.460000,0.690000,-0.000000,-0.460000,0.690000,-0.000000,0.000000,0.000000,0.000000,0
389,7.780000,3,gripper_l_finger2,-0.460000,0.690000,0.000000,-0.460000,0.690000,-0.000000,-0.460000,0.690000,-0.000000,0.000000,0.000000,0.000000,0
389,7.780000,4,gripper_r_palm,0.460000,0.710000,0.000000,0.460000,0.710000,-0.000000,0.460000,0.710000,-0.000000,0.000000,0.000000,0.000000,0
389,7.780000,5,gripper_r_finger1,0.460000,0.690000,0.000000,0.460000,0.690000,-0.000000,0.460000,0.690000,-0.000000,0.000000,0.000000,0.000000,0
389,7.780000,6,gripper_r_finger2,0.460000,0.690000,0.000000,0.460000,0.690000,-0.000000,0.460000,0.690000,-0.000000,0.000000,0.000000,0.000000,0
390,7.800000,1,gripper_l_palm,-0.460000,0.710000,0.000000,-0.460000,0.710000,-0.000000,-0.460000,0.710000,-0.000000,0.000000,0.000000,0.000000,0
390,7.800000,2,gripper_l_finger1,-0.460000,0.690000,0.000000,-0.460000,0.690000,-0.000000,-0.460000,0.690000,-0.000000,0.000000,0.000000,0.000000,0
390,7.800000,3,gripper_l_finger2,-0.460000,0.690000,0.000000,-0.460000,0.690000,-0.000000,-0.460000,0.690000,-0.000000,0.000000,0.000000,0.000000,0
390,7.800000,4,gripper_r_palm,0.460000,0.710000,0.000000,0.460000,0.710000,-0.000000,0.460000,0.710000,-0.000000,0.000000,0.000000,0.000000,0
390,7.800000,5,gripper_r_finger1,0.460000,0.690000,0.000000,0.460000,0.690000,-0.000000,0.460000,0.690000,-0.000000,0.000000,0.000000,0.000000,0
390,7.800000,6,gripper_r_finger2,0.460000,0.690000,0.000000,0.460000,0.690000,-0.000000,0.460000,0.690000,-0.000000,0.000000,0.000000,0.000000,0
391,7.820000,1,gripper_l_palm,-0.460000,0.710000,0.000000,-0.460000,0.710000,-0.000000,-0.460000,0.710000,-0.000000,0.000000,0.000000,0.000000,0
391,7.820000,2,gripper_l_finger1,-0.460000,0.690000,0.000000,-0.460000,0.690000,-0.000000,-0.460000,0.690000,-0.000000,0.000000,0.000000,0.000000,0
391,7.820000,3,gripper_l_finger2,-0.460000,0.690000,0.000000,-0.460000,0.690000,-0.000000,-0.460000,0.690000,-0.000000,0.000000,0.000000,0.000000,0
391,7.820000,4,gripper_r_palm,0.460000,0.710000,0.000000,0.460000,0.710000,-0.000000,0.460000,0.710000,-0.000000,0.000000,0.000000,0.000000,0
391,7.820000,5,gripper_r_finger1,0.460000,0.690000,0.000000,0.460000,0.690000,-0.000000,0.460000,0.690000,-0.000000,0.000000,0.000000,0.000000,0
391,7.820000,6,gripper_r_finger2,0.460000,0.690000,0.000000,0.460000,0.690000,-0.000000,0.460000,0.690000,-0.000000,0.000000,0.000000,0.000000,0
392,7.840000,1,gripper_l_palm,-0.460000,0.710000,0.000000,-0.460000,0.710000,-0.000000,-0.460000,0.710000,-0.000000,0.000000,0.000000,0.000000,0
392,7.840000,2,gripper_l_finger1,-0.460000,0.690000,0.000000,-0.460000,0.690000,-0.000000,-0.460000,0.690000,-0.000000,0.000000,0.000000,0.000000,0
392,7.840000,3,gripper_l_finger2,-0.460000,0.690000,0.000000,-0.460000,0.690000,-0.000000,-0.460000,0.690000,-0.000000,0.000000,0.000000,0.000000,0
392,7.840000,4,gripper_r_palm,0.460000,0.710000,0.000000,0.460000,0.710000,-0.000000,0.460000,0.710000,-0.000000,0.000000,0.000000,0.000000,0
392,7.840000,5,gripper_r_finger1,0.460000,0.690000,0.000000,0.460000,0.690000,-0.000000,0.460000,0.690000,-0.000000,0.000000,0.000000,0.000000,0
392,7.840000,6,gripper_r_finger2,0.460000,0.690000,0.000000,0.460000,0.690000,-0.000000,0.460000,0.690000,-0.000000,0.000000,0.000000,0.000000,0
393,7.860000,1,gripper_l_palm,-0.460000,0.710000,0.000000,-0.460000,0.710000,-0.000000,-0.460000,0.710000,-0.000000,0.000000,0.000000,0.000000,0
393,7.860000,2,gripper_l_finger1,-0.460000,0.690000,0.000000,-0.460000,0.690000,-0.000000,-0.460000,0.690000,-0.000000,0.000000,0.000000,0.000000,0
393,7.860000,3,gripper_l_finger2,-0.460000,0.690000,0.000000,-0.460000,0.690000,-0.000000,-0.460000,0.690000,-0.000000,0.000000,0.000000,0.000000,0
393,7.860000,4,gripper_r_palm,0.460000,0.710000,0.000000,0.460000,0.710000,-0.000000,0.460000,0.710000,-0.000000,0.000000,0.000000,0.000000,0
393,7.860000,5,gripper_r_finger1,0.460000,0.690000,0.000000,0.460000,0.690000,-0.000000,0.460000,0.690000,-0.000000,0.000000,0.000000,0.000000,0
393,7.860000,6,gripper_r_finger2,0.460000,0.690000,0.000000,0.460000,0.690000,-0.000000,0.460000,0.690000,-0.000000,0.000000,0.000000,0.000000,0
394,7.880000,1,gripper_l_palm,-0.460000,0.710000,0.000000,-0.460000,0.710000,-0.000000,-0.460000,0.710000,-0.000000,0.000000,0.000000,0.000000,0
394,7.880000,2,gripper_l_finger1,-0.460000,0.690000,0.000000,-0.460000,0.690000,-0.000000,-0.460000,0.690000,-0.000000,0.000000,0.000000,0.000000,0
394,7.880000,3,gripper_l_finger2,-0.460000,0.690000,0.000000,-0.460000,0.690000,-0.000000,-0.460000,0.690000,-0.000000,0.000000,0.000000,0.000000,0
394,7.880000,4,gripper_r_palm,0.460000,0.710000,0.000000,0.460000,0.710000,-0.000000,0.460000,0.710000,-0.000000,0.000000,0.000000,0.000000,0
394,7.880000,5,gripper_r_finger1,0.460000,0.690000,0.000000,0.460000,0.690000,-0.000000,0.460000,0.690000,-0.000000,0.000000,0.000000,0.000000,0
394,7.880000,6,gripper_r_finger2,0.460000,0.690000,0.000000,0.460000,0.690000,-0.000000,0.460000,0.690000,-0.000000,0.000000,0.000000,0.000000,0
395,7.900000,1,gripper_l_palm,-0.460000,0.710000,0.000000,-0.460000,0.710000,-0.000000,-0.460000,0.710000,-0.000000,0.000000,0.000000,0.000000,0
395,7.900000,2,gripper_l_finger1,-0.460000,0.690000,0.000000,-0.460000,0.690000,-0.000000,-0.460000,0.690000,-0.000000,0.000000,0.000000,0.000000,0
395,7.900000,3,gripper_l_finger2,-0.460000,0.690000,0.000000,-0.460000,0.690000,-0.000000,-0.460000,0.690000,-0.000000,0.000000,0.000000,0.000000,0
395,7.900000,4,gripper_r_palm,0.460000,0.710000,0.000000,0.460000,0.710000,-0.000000,0.460000,0.710000,-0.000000,0.000000,0.000000,0.000000,0
395,7.900000,5,gripper_r_finger1,0.460000,0.690000,0.000000,0.460000,0.690000,-0.000000,0.460000,0.690000,-0.000000,0.000000,0.000000,0.000000,0
395,7.900000,6,gripper_r_finger2,0.460000,0.690000,0.000000,0.460000,0.690000,-0.000000,0.460000,0.690000,-0.000000,0.000000,0.000000,0.000000,0
396,7.920000,1,gripper_l_palm,-0.460000,0.710000,0.000000,-0.460000,0.710000,-0.000000,-0.460000,0.710000,-0.000000,0.000000,0.000000,0.000000,0
396,7.920000,2,gripper_l_finger1,-0.460000,0.690000,0.000000,-0.460000,0.690000,-0.000000,-0.460000,0.690000,-0.000000,0.000000,0.000000,0.000000,0
396,7.920000,3,gripper_l_finger2,-0.460000,0.690000,0.000000,-0.460000,0.690000,-0.000000,-0.460000,0.690000,-0.000000,0.000000,0.000000,0.000000,0
396,7.920000,4,gripper_r_palm,0.460000,0.710000,0.000000,0.460000,0.710000,-0.000000,0.460000,0.710000,-0.000000,0.000000,0.000000,0.000000,0
396,7.920000,5,gripper_r_finger1,0.460000,0.690000,0.000000,0.460000,0.690000,-0.000000,0.460000,0.690000,-0.000000,0.000000,0.000000,0.000000,0
396,7.920000,6,gripper_r_finger2,0.460000,0.690000,0.000000,0.460000,0.690000,-0.000000,0.460000,0.690000,-0.000000,0.000000,0.000000,0.000000,0
397,7.940000,1,gripper_l_palm,-0.460000,0.710000,0.000000,-0.460000,0.710000,-0.000000,-0.460000,0.710000,-0.000000,0.000000,0.000000,0.000000,0
397,7.940000,2,gripper_l_finger1,-0.460000,0.690000,0.000000,-0.460000,0.690000,-0.000000,-0.460000,0.690000,-0.000000,0.000000,0.000000,0.000000,0
397,7.940000,3,gripper_l_finger2,-0.460000,0.690000,0.000000,-0.460000,0.690000,-0.000000,-0.460000,0.690000,-0.000000,0.000000,0.000000,0.000000,0
397,7.940000,4,gripper_r_palm,0.460000,0.710000,0.000000,0.460000,0.710000,-0.000000,0.460000,0.710000,-0.000000,0.000000,0.000000,0.000000,0
397,7.940000,5,gripper_r_finger1,0.460000,0.690000,0.000000,0.460000,0.690000,-0.000000,0.460000,0.690000,-0.000000,0.000000,0.000000,0.000000,0
397,7.940000,6,gripper_r_finger2,0.460000,0.690000,0.000000,0.460000,0.690000,-0.000000,0.460000,0.690000,-0.000000,0.000000,0.000000,0.000000,0
398,7.960000,1,gripper_l_palm,-0.460000,0.710000,0.000000,-0.460000,0.710000,-0.000000,-0.460000,0.710000,-0.000000,0.000000,0.000000,0.000000,0
398,7.960000,2,gripper_l_finger1,-0.460000,0.690000,0.000000,-0.460000,0.690000,-0.000000,-0.460000,0.690000,-0.000000,0.000000,0.000000,0.000000,0
398,7.960000,3,gripper_l_finger2,-0.460000,0.690000,0.000000,-0.460000,0.690000,-0.000000,-0.460000,0.690000,-0.000000,0.000000,0.000000,0.000000,0
398,7.960000,4,gripper_r_palm,0.460000,0.710000,0.000000,0.460000,0.710000,-0.000000,0.460000,0.710000,-0.000000,0.000000,0.000000,0.000000,0
398,7.960000,5,gripper_r_finger1,0.460000,0.690000,0.000000,0.460000,0.690000,-0.000000,0.460000,0.690000,-0.000000,0.000000,0.000000,0.000000,0
398,7.960000,6,gripper_r_finger2,0.460000,0.690000,0.000000,0.460000,0.690000,-0.000000,0.460000,0.690000,-0.000000,0.000000,0.000000,0.000000,0
399,7.980000,1,gripper_l_palm,-0.460000,0.710000,0.000000,-0.460000,0.710000,-0.000000,-0.460000,0.710000,-0.000000,0.000000,0.000000,0.000000,0
399,7.980000,2,gripper_l_finger1,-0.460000,0.690000,0.000000,-0.460000,0.690000,-0.000000,-0.460000,0.690000,-0.000000,0.000000,0.000000,0.000000,0
399,7.980000,3,gripper_l_finger2,-0.460000,0.690000,0.000000,-0.460000,0.690000,-0.000000,-0.460000,0.690000,-0.000000,0.000000,0.000000,0.000000,0
399,7.980000,4,gripper_r_palm,0.460000,0.710000,0.000000,0.460000,0.710000,-0.000000,0.460000,0.710000,-0.000000,0.000000,0.000000,0.000000,0
399,7.980000,5,gripper_r_finger1,0.460000,0.690000,0.000000,0.460000,0.690000,-0.000000,0.460000,0.690000,-0.000000,0.000000,0.000000,0.000000,0
399,7.980000,6,gripper_r_finger2,0.460000,0.690000,0.000000,0.460000,0.690000,-0.000000,0.460000,0.690000,-0.000000,0.000000,0.000000,0.000000,0
400,8.000000,1,gripper_l_palm,-0.460000,0.710000,0.000000,-0.460000,0.710000,-0.000000,-0.460000,0.710000,-0.000000,0.000000,0.000000,0.000000,0
400,8.000000,2,gripper_l_finger1,-0.460000,0.690000,0.000000,-0.460000,0.690000,-0.000000,-0.460000,0.690000,-0.000000,0.000000,0.000000,0.000000,0
400,8.000000,3,gripper_l_finger2,-0.460000,0.690000,0.000000,-0.460000,0.690000,-0.000000,-0.460000,0.690000,-0.000000,0.000000,0.000000,0.000000,0
400,8.000000,4,gripper_r_palm,0.460000,0.710000,0.000000,0.460000,0.710000,-0.000000,0.460000,0.710000,-0.000000,0.000000,0.000000,0.000000,0
400,8.000000,5,gripper_r_finger1,0.460000,0.690000,0.000000,0.460000,0.690000,-0.000000,0.460000,0.690000,-0.000000,0.000000,0.000000,0.000000,0
400,8.000000,6,gripper_r_finger2,0.460000,0.690000,0.000000,0.460000,0.690000,-0.000000,0.460000,0.690000,-0.000000,0.000000,0.000000,0.000000,0
401,8.020000,1,gripper_l_palm,-0.460000,0.710000,0.000000,-0.460000,0.710000,-0.000000,-0.460000,0.710000,-0.000000,0.000000,0.000000,0.000000,0
401,8.020000,2,gripper_l_finger1,-0.460000,0.690000,0.000000,-0.460000,0.690000,-0.000000,-0.460000,0.690000,-0.000000,0.000000,0.000000,0.000000,0
401,8.020000,3,gripper_l_finger2,-0.460000,0.690000,0.000000,-0.460000,0.690000,-0.000000,-0.460000,0.690000,-0.000000,0.000000,0.000000,0.000000,0
401,8.020000,4,gripper_r_palm,0.460000,0.710000,0.000000,0.460000,0.710000,-0.000000,0.460000,0.710000,-0.000000,0.000000,0.000000,0.000000,0
401,8.020000,5,gripper_r_finger1,0.460000,0.690000,0.000000,0.460000,0.690000,-0.000000,0.460000,0.690000,-0.000000,0.000000,0.000000,0.000000,0
401,8.020000,6,gripper_r_finger2,0.460000,0.690000,0.000000,0.460000,0.690000,-0.000000,0.460000,0.690000,-0.000000,0.000000,0.000000,0.000000,0
402,8.040000,1,gripper_l_palm,-0.460000,0.710000,0.000000,-0.460000,0.710000,-0.000000,-0.460000,0.710000,-0.000000,0.000000,0.000000,0.000000,0
402,8.040000,2,gripper_l_finger1,-0.460000,0.690000,0.000000,-0.460000,0.690000,-0.000000,-0.460000,0.690000,-0.000000,0.000000,0.000000,0.000000,0
402,8.040000,3,gripper_l_finger2,-0.460000,0.690000,0.000000,-0.460000,0.690000,-0.000000,-0.460000,0.690000,-0.000000,0.000000,0.000000,0.000000,0
402,8.040000,4,gripper_r_palm,0.460000,0.710000,0.000000,0.460000,0.710000,-0.000000,0.460000,0.710000,-0.000000,0.000000,0.000000,0.000000,0
402,8.040000,5,gripper_r_finger1,0.460000,0.690000,0.000000,0.460000,0.690000,-0.000000,0.460000,0.690000,-0.000000,0.000000,0.000000,0.000000,0
402,8.040000,6,gripper_r_finger2,0.460000,0.690000,0.000000,0.460000,0.690000,-0.000000,0.460000,0.690000,-0.000000,0.000000,0.000000,0.000000,0
403,8.060000,1,gripper_l_palm,-0.460000,0.710000,0.000000,-0.460000,0.710000,-0.000000,-0.460000,0.710000,-0.000000,0.000000,0.000000,0.000000,0
403,8.060000,2,gripper_l_finger1,-0.460000,0.690000,0.000000,-0.460000,0.690000,-0.000000,-0.460000,0.690000,-0.000000,0.000000,0.000000,0.000000,0
403,8.060000,3,gripper_l_finger2,-0.460000,0.690000,0.000000,-0.460000,0.690000,-0.000000,-0.460000,0.690000,-0.000000,0.000000,0.000000,0.000000,0
403,8.060000,4,gripper_r_palm,0.460000,0.710000,0.000000,0.460000,0.710000,-0.000000,0.460000,0.710000,-0.000000,0.000000,0.000000,0.000000,0
403,8.060000,5,gripper_r_finger1,0.460000,0.690000,0.000000,0.460000,0.690000,-0.000000,0.460000,0.690000,-0.000000,0.000000,0.000000,0.000000,0
403,8.060000,6,gripper_r_finger2,0.460000,0.690000,0.000000,0.460000,0.690000,-0.000000,0.460000,0.690000,-0.000000,0.000000,0.000000,0.000000,0
404,8.080000,1,gripper_l_palm,-0.460000,0.710000,0.000000,-0.460000,0.710000,-0.000000,-0.460000,0.710000,-0.000000,0.000000,0.000000,0.000000,0
404,8.080000,2,gripper_l_finger1,-0.460000,0.690000,0.000000,-0.460000,0.690000,-0.000000,-0.460000,0.690000,-0.000000,0.000000,0.000000,0.000000,0
404,8.080000,3,gripper_l_finger2,-0.460000,0.690000,0.000000,-0.460000,0.690000,-0.000000,-0.460000,0.690000,-0.000000,0.000000,0.000000,0.000000,0
404,8.080000,4,gripper_r_palm,0.460000,0.710000,0.000000,0.460000,0.710000,-0.000000,0.460000,0.710000,-0.000000,0.000000,0.000000,0.000000,0
404,8.080000,5,gripper_r_finger1,0.460000,0.690000,0.000000,0.460000,0.690000,-0.000000,0.460000,0.690000,-0.000000,0.000000,0.000000,0.000000,0
404,8.080000,6,gripper_r_finger2,0.460000,0.690000,0.000000,0.460000,0.690000,-0.000000,0.460000,0.690000,-0.000000,0.000000,0.000000,0.000000,0
405,8.100000,1,gripper_l_palm,-0.460000,0.710000,0.000000,-0.460000,0.710000,-0.000000,-0.460000,0.710000,-0.000000,0.000000,0.000000,0.000000,0
405,8.100000,2,gripper_l_finger1,-0.460000,0.690000,0.000000,-0.460000,0.690000,-0.000000,-0.460000,0.690000,-0.000000,0.000000,0.000000,0.000000,0
405,8.100000,3,gripper_l_finger2,-0.460000,0.690000,0.000000,-0.460000,0.690000,-0.000000,-0.460000,0.690000,-0.000000,0.000000,0.000000,0.000000,0
405,8.100000,4,gripper_r_palm,0.460000,0.710000,0.000000,0.460000,0.710000,-0.000000,0.460000,0.710000,-0.000000,0.000000,0.000000,0.000000,0
405,8.100000,5,gripper_r_finger1,0.460000,0.690000,0.000000,0.460000,0.690000,-0.000000,0.460000,0.690000,-0.000000,0.000000,0.000000,0.000000,0
405,8.100000,6,gripper_r_finger2,0.460000,0.690000,0.000000,0.460000,0.690000,-0.000000,0.460000,0.690000,-0.000000,0.000000,0.000000,0.000000,0
406,8.120000,1,gripper_l_palm,-0.460000,0.710000,0.000000,-0.460000,0.710000,-0.000000,-0.460000,0.710000,-0.000000,0.000000,0.000000,0.000000,0
406,8.120000,2,gripper_l_finger1,-0.460000,0.690000,0.000000,-0.460000,0.690000,-0.000000,-0.460000,0.690000,-0.000000,0.000000,0.000000,0.000000,0
406,8.120000,3,gripper_l_finger2,-0.460000,0.690000,0.000000,-0.460000,0.690000,-0.000000,-0.460000,0.690000,-0.000000,0.000000,0.000000,0.000000,0
406,8.120000,4,gripper_r_palm,0.460000,0.710000,0.000000,0.460000,0.710000,-0.000000,0.460000,0.710000,-0.000000,0.000000,0.000000,0.000000,0
406,8.120000,5,gripper_r_finger1,0.460000,0.690000,0.000000,0.460000,0.690000,-0.000000,0.460000,0.690000,-0.000000,0.000000,0.000000,0.000000,0
406,8.120000,6,gripper_r_finger2,0.460000,0.690000,0.000000,0.460000,0.690000,-0.000000,0.460000,0.690000,-0.000000,0.000000,0.000000,0.000000,0
407,8.140000,1,gripper_l_palm,-0.460000,0.710000,0.000000,-0.460000,0.710000,-0.000000,-0.460000,0.710000,-0.000000,0.000000,0.000000,0.000000,0
407,8.140000,2,gripper_l_finger1,-0.460000,0.690000,0.000000,-0.460000,0.690000,-0.000000,-0.460000,0.690000,-0.000000,0.000000,0.000000,0.000000,0
407,8.140000,3,gripper_l_finger2,-0.460000,0.690000,0.000000,-0.460000,0.690000,-0.000000,-0.460000,0.690000,-0.000000,0.000000,0.000000,0.000000,0
407,8.140000,4,gripper_r_palm,0.460000,0.710000,0.000000,0.460000,0.710000,-0.000000,0.460000,0.710000,-0.000000,0.000000,0.000000,0.000000,0
407,8.140000,5,gripper_r_finger1,0.460000,0.690000,0.000000,0.460000,0.690000,-0.000000,0.460000,0.690000,-0.000000,0.000000,0.000000,0.000000,0
407,8.140000,6,gripper_r_finger2,0.460000,0.690000,0.000000,0.460000,0.690000,-0.000000,0.460000,0.690000,-0.000000,0.000000,0.000000,0.000000,0
408,8.160000,1,gripper_l_palm,-0.460000,0.710000,0.000000,-0.460000,0.710000,-0.000000,-0.460000,0.710000,-0.000000,0.000000,0.000000,0.000000,0
408,8.160000,2,gripper_l_finger1,-0.460000,0.690000,0.000000,-0.460000,0.690000,-0.000000,-0.460000,0.690000,-0.000000,0.000000,0.000000,0.000000,0
408,8.160000,3,gripper_l_finger2,-0.460000,0.690000,0.000000,-0.460000,0.690000,-0.000000,-0.460000,0.690000,-0.000000,0.000000,0.000000,0.000000,0
408,8.160000,4,gripper_r_palm,0.460000,0.710000,0.000000,0.460000,0.710000,-0.000000,0.460000,0.710000,-0.000000,0.000000,0.000000,0.000000,0
408,8.160000,5,gripper_r_finger1,0.460000,0.690000,0.000000,0.460000,0.690000,-0.000000,0.460000,0.690000,-0.000000,0.000000,0.000000,0.000000,0
408,8.160000,6,gripper_r_finger2,0.460000,0.690000,0.000000,0.460000,0.690000,-0.000000,0.460000,0.690000,-0.000000,0.000000,0.000000,0.000000,0
409,8.180000,1,gripper_l_palm,-0.460000,0.710000,0.000000,-0.460000,0.710000,-0.000000,-0.460000,0.710000,-0.000000,0.000000,0.000000,0.000000,0
409,8.180000,2,gripper_l_finger1,-0.460000,0.690000,0.000000,-0.460000,0.690000,-0.000000,-0.460000,0.690000,-0.000000,0.000000,0.000000,0.000000,0
409,8.180000,3,gripper_l_finger2,-0.460000,0.690000,0.000000,-0.460000,0.690000,-0.000000,-0.460000,0.690000,-0.000000,0.000000,0.000000,0.000000,0
409,8.180000,4,gripper_r_palm,0.460000,0.710000,0.000000,0.460000,0.710000,-0.000000,0.460000,0.710000,-0.000000,0.000000,0.000000,0.000000,0
409,8.180000,5,gripper_r_finger1,0.460000,0.690000,0.000000,0.460000,0.690000,-0.000000,0.460000,0.690000,-0.000000,0.000000,0.000000,0.000000,0
409,8.180000,6,gripper_r_finger2,0.460000,0.690000,0.000000,0.460000,0.690000,-0.000000,0.460000,0.690000,-0.000000,0.000000,0.000000,0.000000,0
410,8.200000,1,gripper_l_palm,-0.460000,0.710000,0.000000,-0.460000,0.710000,-0.000000,-0.460000,0.710000,-0.000000,0.000000,0.000000,0.000000,0
410,8.200000,2,gripper_l_finger1,-0.460000,0.690000,0.000000,-0.460000,0.690000,-0.000000,-0.460000,0.690000,-0.000000,0.000000,0.000000,0.000000,0
410,8.200000,3,gripper_l_finger2,-0.460000,0.690000,0.000000,-0.460000,0.690000,-0.000000,-0.460000,0.690000,-0.000000,0.000000,0.000000,0.000000,0
410,8.200000,4,gripper_r_palm,0.460000,0.710000,0.000000,0.460000,0.710000,-0.000000,0.460000,0.710000,-0.000000,0.000000,0.000000,0.000000,0
410,8.200000,5,gripper_r_finger1,0.460000,0.690000,0.000000,0.460000,0.690000,-0.000000,0.460000,0.690000,-0.000000,0.000000,0.000000,0.000000,0
410,8.200000,6,gripper_r_finger2,0.460000,0.690000,0.000000,0.460000,0.690000,-0.000000,0.460000,0.690000,-0.000000,0.000000,0.000000,0.000000,0
411,8.220000,1,gripper_l_palm,-0.460000,0.710000,0.000000,-0.460000,0.710000,-0.000000,-0.460000,0.710000,-0.000000,0.000000,0.000000,0.000000,0
411,8.220000,2,gripper_l_finger1,-0.460000,0.690000,0.000000,-0.460000,0.690000,-0.000000,-0.460000,0.690000,-0.000000,0.000000,0.000000,0.000000,0
411,8.220000,3,gripper_l_finger2,-0.460000,0.690000,0.000000,-0.460000,0.690000,-0.000000,-0.460000,0.690000,-0.000000,0.000000,0.000000,0.000000,0
411,8.220000,4,gripper_r_palm,0.460000,0.710000,0.000000,0.460000,0.710000,-0.000000,0.460000,0.710000,-0.000000,0.000000,0.000000,0.000000,0
411,8.220000,5,gripper_r_finger1,0.460000,0.690000,0.000000,0.460000,0.690000,-0.000000,0.460000,0.690000,-0.000000,0.000000,0.000000,0.000000,0
411,8.220000,6,gripper_r_finger2,0.460000,0.690000,0.000000,0.460000,0.690000,-0.000000,0.460000,0.690000,-0.000000,0.000000,0.000000,0.000000,0
412,8.240000,1,gripper_l_palm,-0.460000,0.710000,0.000000,-0.460000,0.710000,-0.000000,-0.460000,0.710000,-0.000000,0.000000,0.000000,0.000000,0
412,8.240000,2,gripper_l_finger1,-0.460000,0.690000,0.000000,-0.460000,0.690000,-0.000000,-0.460000,0.690000,-0.000000,0.000000,0.000000,0.000000,0
412,8.240000,3,gripper_l_finger2,-0.460000,0.690000,0.000000,-0.460000,0.690000,-0.000000,-0.460000,0.690000,-0.000000,0.000000,0.000000,0.000000,0
412,8.240000,4,gripper_r_palm,0.460000,0.710000,0.000000,0.460000,0.710000,-0.000000,0.460000,0.710000,-0.000000,0.000000,0.000000,0.000000,0
412,8.240000,5,gripper_r_finger1,0.460000,0.690000,0.000000,0.460000,0.690000,-0.000000,0.460000,0.690000,-0.000000,0.000000,0.000000,0.000000,0
412,8.240000,6,gripper_r_finger2,0.460000,0.690000,0.000000,0.460000,0.690000,-0.000000,0.460000,0.690000,-0.000000,0.000000,0.000000,0.000000,0
413,8.260000,1,gripper_l_palm,-0.460000,0.710000,0.000000,-0.460000,0.710000,-0.000000,-0.460000,0.710000,-0.000000,0.000000,0.000000,0.000000,0
413,8.260000,2,gripper_l_finger1,-0.460000,0.690000,0.000000,-0.460000,0.690000,-0.000000,-0.460000,0.690000,-0.000000,0.000000,0.000000,0.000000,0
413,8.260000,3,gripper_l_finger2,-0.460000,0.690000,0.000000,-0.460000,0.690000,-0.000000,-0.460000,0.690000,-0.000000,0.000000,0.000000,0.000000,0
413,8.260000,4,gripper_r_palm,0.460000,0.710000,0.000000,0.460000,0.710000,-0.000000,0.460000,0.710000,-0.000000,0.000000,0.000000,0.000000,0
413,8.260000,5,gripper_r_finger1,0.460000,0.690000,0.000000,0.460000,0.690000,-0.000000,0.460000,0.690000,-0.000000,0.000000,0.000000,0.000000,0
413,8.260000,6,gripper_r_finger2,0.460000,0.690000,0.000000,0.460000,0.690000,-0.000000,0.460000,0.690000,-0.000000,0.000000,0.000000,0.000000,0
414,8.280000,1,gripper_l_palm,-0.460000,0.710000,0.000000,-0.460000,0.710000,-0.000000,-0.460000,0.710000,-0.000000,0.000000,0.000000,0.000000,0
414,8.280000,2,gripper_l_finger1,-0.460000,0.690000,0.000000,-0.460000,0.690000,-0.000000,-0.460000,0.690000,-0.000000,0.000000,0.000000,0.000000,0
414,8.280000,3,gripper_l_finger2,-0.460000,0.690000,0.000000,-0.460000,0.690000,-0.000000,-0.460000,0.690000,-0.000000,0.000000,0.000000,0.000000,0
414,8.280000,4,gripper_r_palm,0.460000,0.710000,0.000000,0.460000,0.710000,-0.000000,0.460000,0.710000,-0.000000,0.000000,0.000000,0.000000,0
414,8.280000,5,gripper_r_finger1,0.460000,0.690000,0.000000,0.460000,0.690000,-0.000000,0.460000,0.690000,-0.000000,0.000000,0.000000,0.000000,0
414,8.280000,6,gripper_r_finger2,0.460000,0.690000,0.000000,0.460000,0.690000,-0.000000,0.460000,0.690000,-0.000000,0.000000,0.000000,0.000000,0
415,8.300000,1,gripper_l_palm,-0.460000,0.710000,0.000000,-0.460000,0.710000,-0.000000,-0.460000,0.710000,-0.000000,0.000000,0.000000,0.000000,0
415,8.300000,2,gripper_l_finger1,-0.460000,0.690000,0.000000,-0.460000,0.690000,-0.000000,-0.460000,0.690000,-0.000000,0.000000,0.000000,0.000000,0
415,8.300000,3,gripper_l_finger2,-0.460000,0.690000,0.000000,-0.460000,0.690000,-0.000000,-0.460000,0.690000,-0.000000,0.000000,0.000000,0.000000,0
415,8.300000,4,gripper_r_palm,0.460000,0.710000,0.000000,0.460000,0.710000,-0.000000,0.460000,0.710000,-0.000000,0.000000,0.000000,0.000000,0
415,8.300000,5,gripper_r_finger1,0.460000,0.690000,0.000000,0.460000,0.690000,-0.000000,0.460000,0.690000,-0.000000,0.000000,0.000000,0.000000,0
415,8.300000,6,gripper_r_finger2,0.460000,0.690000,0.000000,0.460000,0.690000,-0.000000,0.460000,0.690000,-0.000000,0.000000,0.000000,0.000000,0
416,8.320000,1,gripper_l_palm,-0.460000,0.710000,0.000000,-0.460000,0.710000,-0.000000,-0.460000,0.710000,-0.000000,0.000000,0.000000,0.000000,0
416,8.320000,2,gripper_l_finger1,-0.460000,0.690000,0.000000,-0.460000,0.690000,-0.000000,-0.460000,0.690000,-0.000000,0.000000,0.000000,0.000000,0
416,8.320000,3,gripper_l_finger2,-0.460000,0.690000,0.000000,-0.460000,0.690000,-0.000000,-0.460000,0.690000,-0.000000,0.000000,0.000000,0.000000,0
416,8.320000,4,gripper_r_palm,0.460000,0.710000,0.000000,0.460000,0.710000,-0.000000,0.460000,0.710000,-0.000000,0.000000,0.000000,0.000000,0
416,8.320000,5,gripper_r_finger1,0.460000,0.690000,0.000000,0.460000,0.690000,-0.000000,0.460000,0.690000,-0.000000,0.000000,0.000000,0.000000,0
416,8.320000,6,gripper_r_finger2,0.460000,0.690000,0.000000,0.460000,0.690000,-0.000000,0.460000,0.690000,-0.000000,0.000000,0.000000,0.000000,0
417,8.340000,1,gripper_l_palm,-0.460000,0.710000,0.000000,-0.460000,0.710000,-0.000000,-0.460000,0.710000,-0.000000,0.000000,0.000000,0.000000,0
417,8.340000,2,gripper_l_finger1,-0.460000,0.690000,0.000000,-0.460000,0.690000,-0.000000,-0.460000,0.690000,-0.000000,0.000000,0.000000,0.000000,0
417,8.340000,3,gripper_l_finger2,-0.460000,0.690000,0.000000,-0.460000,0.690000,-0.000000,-0.460000,0.690000,-0.000000,0.000000,0.000000,0.000000,0
417,8.340000,4,gripper_r_palm,0.460000,0.710000,0.000000,0.460000,0.710000,-0.000000,0.460000,0.710000,-0.000000,0.000000,0.000000,0.000000,0
417,8.340000,5,gripper_r_finger1,0.460000,0.690000,0.000000,0.460000,0.690000,-0.000000,0.460000,0.690000,-0.000000,0.000000,0.000000,0.000000,0
417,8.340000,6,gripper_r_finger2,0.460000,0.690000,0.000000,0.460000,0.690000,-0.000000,0.460000,0.690000,-0.000000,0.000000,0.000000,0.000000,0
418,8.360000,1,gripper_l_palm,-0.460000,0.710000,0.000000,-0.460000,0.710000,-0.000000,-0.460000,0.710000,-0.000000,0.000000,0.000000,0.000000,0
418,8.360000,2,gripper_l_finger1,-0.460000,0.690000,0.000000,-0.460000,0.690000,-0.000000,-0.460000,0.690000,-0.000000,0.000000,0.000000,0.000000,0
418,8.360000,3,gripper_l_finger2,-0.460000,0.690000,0.000000,-0.460000,0.690000,-0.000000,-0.460000,0.690000,-0.000000,0.000000,0.000000,0.000000,0
418,8.360000,4,gripper_r_palm,0.460000,0.710000,0.000000,0.460000,0.710000,-0.000000,0.460000,0.710000,-0.000000,0.000000,0.000000,0.000000,0
418,8.360000,5,gripper_r_finger1,0.460000,0.690000,0.000000,0.460000,0.690000,-0.000000,0.460000,0.690000,-0.000000,0.000000,0.000000,0.000000,0
418,8.360000,6,gripper_r_finger2,0.460000,0.690000,0.000000,0.460000,0.690000,-0.000000,0.460000,0.690000,-0.000000,0.000000,0.000000,0.000000,0
419,8.380000,1,gripper_l_palm,-0.460000,0.710000,0.000000,-0.460000,0.710000,-0.000000,-0.460000,0.710000,-0.000000,0.000000,0.000000,0.000000,0
419,8.380000,2,gripper_l_finger1,-0.460000,0.690000,0.000000,-0.460000,0.690000,-0.000000,-0.460000,0.690000,-0.000000,0.000000,0.000000,0.000000,0
419,8.380000,3,gripper_l_finger2,-0.460000,0.690000,0.000000,-0.460000,0.690000,-0.000000,-0.460000,0.690000,-0.000000,0.000000,0.000000,0.000000,0
419,8.380000,4,gripper_r_palm,0.460000,0.710000,0.000000,0.460000,0.710000,-0.000000,0.460000,0.710000,-0.000000,0.000000,0.000000,0.000000,0
419,8.380000,5,gripper_r_finger1,0.460000,0.690000,0.000000,0.460000,0.690000,-0.000000,0.460000,0.690000,-0.000000,0.000000,0.000000,0.000000,0
419,8.380000,6,gripper_r_finger2,0.460000,0.690000,0.000000,0.460000,0.690000,-0.000000,0.460000,0.690000,-0.000000,0.000000,0.000000,0.000000,0
420,8.400000,1,gripper_l_palm,-0.460000,0.710000,0.000000,-0.460000,0.710000,-0.000000,-0.460000,0.710000,-0.000000,0.000000,0.000000,0.000000,0
420,8.400000,2,gripper_l_finger1,-0.460000,0.690000,0.000000,-0.460000,0.690000,-0.000000,-0.460000,0.690000,-0.000000,0.000000,0.000000,0.000000,0
420,8.400000,3,gripper_l_finger2,-0.460000,0.690000,0.000000,-0.460000,0.690000,-0.000000,-0.460000,0.690000,-0.000000,0.000000,0.000000,0.000000,0
420,8.400000,4,gripper_r_palm,0.460000,0.710000,0.000000,0.460000,0.710000,-0.000000,0.460000,0.710000,-0.000000,0.000000,0.000000,0.000000,0
420,8.400000,5,gripper_r_finger1,0.460000,0.690000,0.000000,0.460000,0.690000,-0.000000,0.460000,0.690000,-0.000000,0.000000,0.000000,0.000000,0
420,8.400000,6,gripper_r_finger2,0.460000,0.690000,0.000000,0.460000,0.690000,-0.000000,0.460000,0.690000,-0.000000,0.000000,0.000000,0.000000,0
421,8.420000,1,gripper_l_palm,-0.460000,0.710000,0.000000,-0.460000,0.710000,-0.000000,-0.460000,0.710000,-0.000000,0.000000,0.000000,0.000000,0
421,8.420000,2,gripper_l_finger1,-0.460000,0.690000,0.000000,-0.460000,0.690000,-0.000000,-0.460000,0.690000,-0.000000,0.000000,0.000000,0.000000,0
421,8.420000,3,gripper_l_finger2,-0.460000,0.690000,0.000000,-0.460000,0.690000,-0.000000,-0.460000,0.690000,-0.000000,0.000000,0.000000,0.000000,0
421,8.420000,4,gripper_r_palm,0.460000,0.710000,0.000000,0.460000,0.710000,-0.000000,0.460000,0.710000,-0.000000,0.000000,0.000000,0.000000,0
421,8.420000,5,gripper_r_finger1,0.460000,0.690000,0.000000,0.460000,0.690000,-0.000000,0.460000,0.690000,-0.000000,0.000000,0.000000,0.000000,0
421,8.420000,6,gripper_r_finger2,0.460000,0.690000,0.000000,0.460000,0.690000,-0.000000,0.460000,0.690000,-0.000000,0.000000,0.000000,0.000000,0
422,8.440000,1,gripper_l_palm,-0.460000,0.710000,0.000000,-0.460000,0.710000,-0.000000,-0.460000,0.710000,-0.000000,0.000000,0.000000,0.000000,0
422,8.440000,2,gripper_l_finger1,-0.460000,0.690000,0.000000,-0.460000,0.690000,-0.000000,-0.460000,0.690000,-0.000000,0.000000,0.000000,0.000000,0
422,8.440000,3,gripper_l_finger2,-0.460000,0.690000,0.000000,-0.460000,0.690000,-0.000000,-0.460000,0.690000,-0.000000,0.000000,0.000000,0.000000,0
422,8.440000,4,gripper_r_palm,0.460000,0.710000,0.000000,0.460000,0.710000,-0.000000,0.460000,0.710000,-0.000000,0.000000,0.000000,0.000000,0
422,8.440000,5,gripper_r_finger1,0.460000,0.690000,0.000000,0.460000,0.690000,-0.000000,0.460000,0.690000,-0.000000,0.000000,0.000000,0.000000,0
422,8.440000,6,gripper_r_finger2,0.460000,0.690000,0.000000,0.460000,0.690000,-0.000000,0.460000,0.690000,-0.000000,0.000000,0.000000,0.000000,0
423,8.460000,1,gripper_l_palm,-0.460000,0.710000,0.000000,-0.460000,0.710000,-0.000000,-0.460000,0.710000,-0.000000,0.000000,0.000000,0.000000,0
423,8.460000,2,gripper_l_finger1,-0.460000,0.690000,0.000000,-0.460000,0.690000,-0.000000,-0.460000,0.690000,-0.000000,0.000000,0.000000,0.000000,0
423,8.460000,3,gripper_l_finger2,-0.460000,0.690000,0.000000,-0.460000,0.690000,-0.000000,-0.460000,0.690000,-0.000000,0.000000,0.000000,0.000000,0
423,8.460000,4,gripper_r_palm,0.460000,0.710000,0.000000,0.460000,0.710000,-0.000000,0.460000,0.710000,-0.000000,0.000000,0.000000,0.000000,0
423,8.460000,5,gripper_r_finger1,0.460000,0.690000,0.000000,0.460000,0.690000,-0.000000,0.460000,0.690000,-0.000000,0.000000,0.000000,0.000000,0
423,8.460000,6,gripper_r_finger2,0.460000,0.690000,0.000000,0.460000,0.690000,-0.000000,0.460000,0.690000,-0.000000,0.000000,0.000000,0.000000,0
424,8.480000,1,gripper_l_palm,-0.460000,0.710000,0.000000,-0.460000,0.710000,-0.000000,-0.460000,0.710000,-0.000000,0.000000,0.000000,0.000000,0
424,8.480000,2,gripper_l_finger1,-0.460000,0.690000,0.000000,-0.460000,0.690000,-0.000000,-0.460000,0.690000,-0.000000,0.000000,0.000000,0.000000,0
424,8.480000,3,gripper_l_finger2,-0.460000,0.690000,0.000000,-0.460000,0.690000,-0.000000,-0.460000,0.690000,-0.000000,0.000000,0.000000,0.000000,0
424,8.480000,4,gripper_r_palm,0.460000,0.710000,0.000000,0.460000,0.710000,-0.000000,0.460000,0.710000,-0.000000,0.000000,0.000000,0.000000,0
424,8.480000,5,gripper_r_finger1,0.460000,0.690000,0.000000,0.460000,0.690000,-0.000000,0.460000,0.690000,-0.000000,0.000000,0.000000,0.000000,0
424,8.480000,6,gripper_r_finger2,0.460000,0.690000,0.000000,0.460000,0.690000,-0.000000,0.460000,0.690000,-0.000000,0.000000,0.000000,0.000000,0
425,8.500000,1,gripper_l_palm,-0.460000,0.710000,0.000000,-0.460000,0.710000,-0.000000,-0.460000,0.710000,-0.000000,0.000000,0.000000,0.000000,0
425,8.500000,2,gripper_l_finger1,-0.460000,0.690000,0.000000,-0.460000,0.690000,-0.000000,-0.460000,0.690000,-0.000000,0.000000,0.000000,0.000000,0
425,8.500000,3,gripper_l_finger2,-0.460000,0.690000,0.000000,-0.460000,0.690000,-0.000000,-0.460000,0.690000,-0.000000,0.000000,0.000000,0.000000,0
425,8.500000,4,gripper_r_palm,0.460000,0.710000,0.000000,0.460000,0.710000,-0.000000,0.460000,0.710000,-0.000000,0.000000,0.000000,0.000000,0
425,8.500000,5,gripper_r_finger1,0.460000,0.690000,0.000000,0.460000,0.690000,-0.000000,0.460000,0.690000,-0.000000,0.000000,0.000000,0.000000,0
425,8.500000,6,gripper_r_finger2,0.460000,0.690000,0.000000,0.460000,0.690000,-0.000000,0.460000,0.690000,-0.000000,0.000000,0.000000,0.000000,0
426,8.520000,1,gripper_l_palm,-0.460000,0.710000,0.000000,-0.460000,0.710000,-0.000000,-0.460000,0.710000,-0.000000,0.000000,0.000000,0.000000,0
426,8.520000,2,gripper_l_finger1,-0.460000,0.690000,0.000000,-0.460000,0.690000,-0.000000,-0.460000,0.690000,-0.000000,0.000000,0.000000,0.000000,0
426,8.520000,3,gripper_l_finger2,-0.460000,0.690000,0.000000,-0.460000,0.690000,-0.000000,-0.460000,0.690000,-0.000000,0.000000,0.000000,0.000000,0
426,8.520000,4,gripper_r_palm,0.460000,0.710000,0.000000,0.460000,0.710000,-0.000000,0.460000,0.710000,-0.000000,0.000000,0.000000,0.000000,0
426,8.520000,5,gripper_r_finger1,0.460000,0.690000,0.000000,0.460000,0.690000,-0.000000,0.460000,0.690000,-0.000000,0.000000,0.000000,0.000000,0
426,8.520000,6,gripper_r_finger2,0.460000,0.690000,0.000000,0.460000,0.690000,-0.000000,0.460000,0.690000,-0.000000,0.000000,0.000000,0.000000,0
427,8.540000,1,gripper_l_palm,-0.460000,0.710000,0.000000,-0.460000,0.710000,-0.000000,-0.460000,0.710000,-0.000000,0.000000,0.000000,0.000000,0
427,8.540000,2,gripper_l_finger1,-0.460000,0.690000,0.000000,-0.460000,0.690000,-0.000000,-0.460000,0.690000,-0.000000,0.000000,0.000000,0.000000,0
427,8.540000,3,gripper_l_finger2,-0.460000,0.690000,0.000000,-0.460000,0.690000,-0.000000,-0.460000,0.690000,-0.000000,0.000000,0.000000,0.000000,0
427,8.540000,4,gripper_r_palm,0.460000,0.710000,0.000000,0.460000,0.710000,-0.000000,0.460000,0.710000,-0.000000,0.000000,0.000000,0.000000,0
427,8.540000,5,gripper_r_finger1,0.460000,0.690000,0.000000,0.460000,0.690000,-0.000000,0.460000,0.690000,-0.000000,0.000000,0.000000,0.000000,0
427,8.540000,6,gripper_r_finger2,0.460000,0.690000,0.000000,0.460000,0.690000,-0.000000,0.460000,0.690000,-0.000000,0.000000,0.000000,0.000000,0
428,8.560000,1,gripper_l_palm,-0.460000,0.710000,0.000000,-0.460000,0.710000,-0.000000,-0.460000,0.710000,-0.000000,0.000000,0.000000,0.000000,0
428,8.560000,2,gripper_l_finger1,-0.460000,0.690000,0.000000,-0.460000,0.690000,-0.000000,-0.460000,0.690000,-0.000000,0.000000,0.000000,0.000000,0
428,8.560000,3,gripper_l_finger2,-0.460000,0.690000,0.000000,-0.460000,0.690000,-0.000000,-0.460000,0.690000,-0.000000,0.000000,0.000000,0.000000,0
428,8.560000,4,gripper_r_palm,0.460000,0.710000,0.000000,0.460000,0.710000,-0.000000,0.460000,0.710000,-0.000000,0.000000,0.000000,0.000000,0
428,8.560000,5,gripper_r_finger1,0.460000,0.690000,0.000000,0.460000,0.690000,-0.000000,0.460000,0.690000,-0.000000,0.000000,0.000000,0.000000,0
428,8.560000,6,gripper_r_finger2,0.460000,0.690000,0.000000,0.460000,0.690000,-0.000000,0.460000,0.690000,-0.000000,0.000000,0.000000,0.000000,0
429,8.580000,1,gripper_l_palm,-0.460000,0.710000,0.000000,-0.460000,0.710000,-0.000000,-0.460000,0.710000,-0.000000,0.000000,0.000000,0.000000,0
429,8.580000,2,gripper_l_finger1,-0.460000,0.690000,0.000000,-0.460000,0.690000,-0.000000,-0.460000,0.690000,-0.000000,0.000000,0.000000,0.000000,0
429,8.580000,3,gripper_l_finger2,-0.460000,0.690000,0.000000,-0.460000,0.690000,-0.000000,-0.460000,0.690000,-0.000000,0.000000,0.000000,0.000000,0
429,8.580000,4,gripper_r_palm,0.460000,0.710000,0.000000,0.460000,0.710000,-0.000000,0.460000,0.710000,-0.000000,0.000000,0.000000,0.000000,0
429,8.580000,5,gripper_r_finger1,0.460000,0.690000,0.000000,0.460000,0.690000,-0.000000,0.460000,0.690000,-0.000000,0.000000,0.000000,0.000000,0
429,8.580000,6,gripper_r_finger2,0.460000,0.690000,0.000000,0.460000,0.690000,-0.000000,0.460000,0.690000,-0.000000,0.000000,0.000000,0.000000,0
430,8.600000,1,gripper_l_palm,-0.460000,0.710000,0.000000,-0.460000,0.710000,-0.000000,-0.460000,0.710000,-0.000000,0.000000,0.000000,0.000000,0
430,8.600000,2,gripper_l_finger1,-0.460000,0.690000,0.000000,-0.460000,0.690000,-0.000000,-0.460000,0.690000,-0.000000,0.000000,0.000000,0.000000,0
430,8.600000,3,gripper_l_finger2,-0.460000,0.690000,0.000000,-0.460000,0.690000,-0.000000,-0.460000,0.690000,-0.000000,0.000000,0.000000,0.000000,0
430,8.600000,4,gripper_r_palm,0.460000,0.710000,0.000000,0.460000,0.710000,-0.000000,0.460000,0.710000,-0.000000,0.000000,0.000000,0.000000,0
430,8.600000,5,gripper_r_finger1,0.460000,0.690000,0.000000,0.460000,0.690000,-0.000000,0.460000,0.690000,-0.000000,0.000000,0.000000,0.000000,0
430,8.600000,6,gripper_r_finger2,0.460000,0.690000,0.000000,0.460000,0.690000,-0.000000,0.460000,0.690000,-0.000000,0.000000,0.000000,0.000000,0
431,8.620000,1,gripper_l_palm,-0.460000,0.710000,0.000000,-0.460000,0.710000,-0.000000,-0.460000,0.710000,-0.000000,0.000000,0.000000,0.000000,0
431,8.620000,2,gripper_l_finger1,-0.460000,0.690000,0.000000,-0.460000,0.690000,-0.000000,-0.460000,0.690000,-0.000000,0.000000,0.000000,0.000000,0
431,8.620000,3,gripper_l_finger2,-0.460000,0.690000,0.000000,-0.460000,0.690000,-0.000000,-0.460000,0.690000,-0.000000,0.000000,0.000000,0.000000,0
431,8.620000,4,gripper_r_palm,0.460000,0.710000,0.000000,0.460000,0.710000,-0.000000,0.460000,0.710000,-0.000000,0.000000,0.000000,0.000000,0
431,8.620000,5,gripper_r_finger1,0.460000,0.690000,0.000000,0.460000,0.690000,-0.000000,0.460000,0.690000,-0.000000,0.000000,0.000000,0.000000,0
431,8.620000,6,gripper_r_finger2,0.460000,0.690000,0.000000,0.460000,0.690000,-0.000000,0.460000,0.690000,-0.000000,0.000000,0.000000,0.000000,0
432,8.640000,1,gripper_l_palm,-0.460000,0.710000,0.000000,-0.460000,0.710000,-0.000000,-0.460000,0.710000,-0.000000,0.000000,0.000000,0.000000,0
432,8.640000,2,gripper_l_finger1,-0.460000,0.690000,0.000000,-0.460000,0.690000,-0.000000,-0.460000,0.690000,-0.000000,0.000000,0.000000,0.000000,0
432,8.640000,3,gripper_l_finger2,-0.460000,0.690000,0.000000,-0.460000,0.690000,-0.000000,-0.460000,0.690000,-0.000000,0.000000,0.000000,0.000000,0
432,8.640000,4,gripper_r_palm,0.460000,0.710000,0.000000,0.460000,0.710000,-0.000000,0.460000,0.710000,-0.000000,0.000000,0.000000,0.000000,0
432,8.640000,5,gripper_r_finger1,0.460000,0.690000,0.000000,0.460000,0.690000,-0.000000,0.460000,0.690000,-0.000000,0.000000,0.000000,0.000000,0
432,8.640000,6,gripper_r_finger2,0.460000,0.690000,0.000000,0.460000,0.690000,-0.000000,0.460000,0.690000,-0.000000,0.000000,0.000000,0.000000,0
433,8.660000,1,gripper_l_palm,-0.460000,0.710000,0.000000,-0.460000,0.710000,-0.000000,-0.460000,0.710000,-0.000000,0.000000,0.000000,0.000000,0
433,8.660000,2,gripper_l_finger1,-0.460000,0.690000,0.000000,-0.460000,0.690000,-0.000000,-0.460000,0.690000,-0.000000,0.000000,0.000000,0.000000,0
433,8.660000,3,gripper_l_finger2,-0.460000,0.690000,0.000000,-0.460000,0.690000,-0.000000,-0.460000,0.690000,-0.000000,0.000000,0.000000,0.000000,0
433,8.660000,4,gripper_r_palm,0.460000,0.710000,0.000000,0.460000,0.710000,-0.000000,0.460000,0.710000,-0.000000,0.000000,0.000000,0.000000,0
433,8.660000,5,gripper_r_finger1,0.460000,0.690000,0.000000,0.460000,0.690000,-0.000000,0.460000,0.690000,-0.000000,0.000000,0.000000,0.000000,0
433,8.660000,6,gripper_r_finger2,0.460000,0.690000,0.000000,0.460000,0.690000,-0.000000,0.460000,0.690000,-0.000000,0.000000,0.000000,0.000000,0
434,8.680000,1,gripper_l_palm,-0.460000,0.710000,0.000000,-0.460000,0.710000,-0.000000,-0.460000,0.710000,-0.000000,0.000000,0.000000,0.000000,0
434,8.680000,2,gripper_l_finger1,-0.460000,0.690000,0.000000,-0.460000,0.690000,-0.000000,-0.460000,0.690000,-0.000000,0.000000,0.000000,0.000000,0
434,8.680000,3,gripper_l_finger2,-0.460000,0.690000,0.000000,-0.460000,0.690000,-0.000000,-0.460000,0.690000,-0.000000,0.000000,0.000000,0.000000,0
434,8.680000,4,gripper_r_palm,0.460000,0.710000,0.000000,0.460000,0.710000,-0.000000,0.460000,0.710000,-0.000000,0.000000,0.000000,0.000000,0
434,8.680000,5,gripper_r_finger1,0.460000,0.690000,0.000000,0.460000,0.690000,-0.000000,0.460000,0.690000,-0.000000,0.000000,0.000000,0.000000,0
434,8.680000,6,gripper_r_finger2,0.460000,0.690000,0.000000,0.460000,0.690000,-0.000000,0.460000,0.690000,-0.000000,0.000000,0.000000,0.000000,0
435,8.700000,1,gripper_l_palm,-0.460000,0.710000,0.000000,-0.460000,0.710000,-0.000000,-0.460000,0.710000,-0.000000,0.000000,0.000000,0.000000,0
435,8.700000,2,gripper_l_finger1,-0.460000,0.690000,0.000000,-0.460000,0.690000,-0.000000,-0.460000,0.690000,-0.000000,0.000000,0.000000,0.000000,0
435,8.700000,3,gripper_l_finger2,-0.460000,0.690000,0.000000,-0.460000,0.690000,-0.000000,-0.460000,0.690000,-0.000000,0.000000,0.000000,0.000000,0
435,8.700000,4,gripper_r_palm,0.460000,0.710000,0.000000,0.460000,0.710000,-0.000000,0.460000,0.710000,-0.000000,0.000000,0.000000,0.000000,0
435,8.700000,5,gripper_r_finger1,0.460000,0.690000,0.000000,0.460000,0.690000,-0.000000,0.460000,0.690000,-0.000000,0.000000,0.000000,0.000000,0
435,8.700000,6,gripper_r_finger2,0.460000,0.690000,0.000000,0.460000,0.690000,-0.000000,0.460000,0.690000,-0.000000,0.000000,0.000000,0.000000,0
436,8.720000,1,gripper_l_palm,-0.460000,0.710000,0.000000,-0.460000,0.710000,-0.000000,-0.460000,0.710000,-0.000000,0.000000,0.000000,0.000000,0
436,8.720000,2,gripper_l_finger1,-0.460000,0.690000,0.000000,-0.460000,0.690000,-0.000000,-0.460000,0.690000,-0.000000,0.000000,0.000000,0.000000,0
436,8.720000,3,gripper_l_finger2,-0.460000,0.690000,0.000000,-0.460000,0.690000,-0.000000,-0.460000,0.690000,-0.000000,0.000000,0.000000,0.000000,0
436,8.720000,4,gripper_r_palm,0.460000,0.710000,0.000000,0.460000,0.710000,-0.000000,0.460000,0.710000,-0.000000,0.000000,0.000000,0.000000,0
436,8.720000,5,gripper_r_finger1,0.460000,0.690000,0.000000,0.460000,0.690000,-0.000000,0.460000,0.690000,-0.000000,0.000000,0.000000,0.000000,0
436,8.720000,6,gripper_r_finger2,0.460000,0.690000,0.000000,0.460000,0.690000,-0.000000,0.460000,0.690000,-0.000000,0.000000,0.000000,0.000000,0
437,8.740000,1,gripper_l_palm,-0.460000,0.710000,0.000000,-0.460000,0.710000,-0.000000,-0.460000,0.710000,-0.000000,0.000000,0.000000,0.000000,0
437,8.740000,2,gripper_l_finger1,-0.460000,0.690000,0.000000,-0.460000,0.690000,-0.000000,-0.460000,0.690000,-0.000000,0.000000,0.000000,0.000000,0
437,8.740000,3,gripper_l_finger2,-0.460000,0.690000,0.000000,-0.460000,0.690000,-0.000000,-0.460000,0.690000,-0.000000,0.000000,0.000000,0.000000,0
437,8.740000,4,gripper_r_palm,0.460000,0.710000,0.000000,0.460000,0.710000,-0.000000,0.460000,0.710000,-0.000000,0.000000,0.000000,0.000000,0
437,8.740000,5,gripper_r_finger1,0.460000,0.690000,0.000000,0.460000,0.690000,-0.000000,0.460000,0.690000,-0.000000,0.000000,0.000000,0.000000,0
437,8.740000,6,gripper_r_finger2,0.460000,0.690000,0.000000,0.460000,0.690000,-0.000000,0.460000,0.690000,-0.000000,0.000000,0.000000,0.000000,0
438,8.760000,1,gripper_l_palm,-0.460000,0.710000,0.000000,-0.460000,0.710000,-0.000000,-0.460000,0.710000,-0.000000,0.000000,0.000000,0.000000,0
438,8.760000,2,gripper_l_finger1,-0.460000,0.690000,0.000000,-0.460000,0.690000,-0.000000,-0.460000,0.690000,-0.000000,0.000000,0.000000,0.000000,0
438,8.760000,3,gripper_l_finger2,-0.460000,0.690000,0.000000,-0.460000,0.690000,-0.000000,-0.460000,0.690000,-0.000000,0.000000,0.000000,0.000000,0
438,8.760000,4,gripper_r_palm,0.460000,0.710000,0.000000,0.460000,0.710000,-0.000000,0.460000,0.710000,-0.000000,0.000000,0.000000,0.000000,0
438,8.760000,5,gripper_r_finger1,0.460000,0.690000,0.000000,0.460000,0.690000,-0.000000,0.460000,0.690000,-0.000000,0.000000,0.000000,0.000000,0
438,8.760000,6,gripper_r_finger2,0.460000,0.690000,0.000000,0.460000,0.690000,-0.000000,0.460000,0.690000,-0.000000,0.000000,0.000000,0.000000,0
439,8.780000,1,gripper_l_palm,-0.460000,0.710000,0.000000,-0.460000,0.710000,-0.000000,-0.460000,0.710000,-0.000000,0.000000,0.000000,0.000000,0
439,8.780000,2,gripper_l_finger1,-0.460000,0.690000,0.000000,-0.460000,0.690000,-0.000000,-0.460000,0.690000,-0.000000,0.000000,0.000000,0.000000,0
439,8.780000,3,gripper_l_finger2,-0.460000,0.690000,0.000000,-0.460000,0.690000,-0.000000,-0.460000,0.690000,-0.000000,0.000000,0.000000,0.000000,0
439,8.780000,4,gripper_r_palm,0.460000,0.710000,0.000000,0.460000,0.710000,-0.000000,0.460000,0.710000,-0.000000,0.000000,0.000000,0.000000,0
439,8.780000,5,gripper_r_finger1,0.460000,0.690000,0.000000,0.460000,0.690000,-0.000000,0.460000,0.690000,-0.000000,0.000000,0.000000,0.000000,0
439,8.780000,6,gripper_r_finger2,0.460000,0.690000,0.000000,0.460000,0.690000,-0.000000,0.460000,0.690000,-0.000000,0.000000,0.000000,0.000000,0
440,8.800000,1,gripper_l_palm,-0.460000,0.710000,0.000000,-0.460000,0.710000,-0.000000,-0.460000,0.710000,-0.000000,0.000000,0.000000,0.000000,0
440,8.800000,2,gripper_l_finger1,-0.460000,0.690000,0.000000,-0.460000,0.690000,-0.000000,-0.460000,0.690000,-0.000000,0.000000,0.000000,0.000000,0
440,8.800000,3,gripper_l_finger2,-0.460000,0.690000,0.000000,-0.460000,0.690000,-0.000000,-0.460000,0.690000,-0.000000,0.000000,0.000000,0.000000,0
440,8.800000,4,gripper_r_palm,0.460000,0.710000,0.000000,0.460000,0.710000,-0.000000,0.460000,0.710000,-0.000000,0.000000,0.000000,0.000000,0
440,8.800000,5,gripper_r_finger1,0.460000,0.690000,0.000000,0.460000,0.690000,-0.000000,0.460000,0.690000,-0.000000,0.000000,0.000000,0.000000,0
440,8.800000,6,gripper_r_finger2,0.460000,0.690000,0.000000,0.460000,0.690000,-0.000000,0.460000,0.690000,-0.000000,0.000000,0.000000,0.000000,0
441,8.820000,1,gripper_l_palm,-0.460000,0.710000,0.000000,-0.460000,0.710000,-0.000000,-0.460000,0.710000,-0.000000,0.000000,0.000000,0.000000,0
441,8.820000,2,gripper_l_finger1,-0.460000,0.690000,0.000000,-0.460000,0.690000,-0.000000,-0.460000,0.690000,-0.000000,0.000000,0.000000,0.000000,0
441,8.820000,3,gripper_l_finger2,-0.460000,0.690000,0.000000,-0.460000,0.690000,-0.000000,-0.460000,0.690000,-0.000000,0.000000,0.000000,0.000000,0
441,8.820000,4,gripper_r_palm,0.460000,0.710000,0.000000,0.460000,0.710000,-0.000000,0.460000,0.710000,-0.000000,0.000000,0.000000,0.000000,0
441,8.820000,5,gripper_r_finger1,0.460000,0.690000,0.000000,0.460000,0.690000,-0.000000,0.460000,0.690000,-0.000000,0.000000,0.000000,0.000000,0
441,8.820000,6,gripper_r_finger2,0.460000,0.690000,0.000000,0.460000,0.690000,-0.000000,0.460000,0.690000,-0.000000,0.000000,0.000000,0.000000,0
442,8.840000,1,gripper_l_palm,-0.460000,0.710000,0.000000,-0.460000,0.710000,-0.000000,-0.460000,0.710000,-0.000000,0.000000,0.000000,0.000000,0
442,8.840000,2,gripper_l_finger1,-0.460000,0.690000,0.000000,-0.460000,0.690000,-0.000000,-0.460000,0.690000,-0.000000,0.000000,0.000000,0.000000,0
442,8.840000,3,gripper_l_finger2,-0.460000,0.690000,0.000000,-0.460000,0.690000,-0.000000,-0.460000,0.690000,-0.000000,0.000000,0.000000,0.000000,0
442,8.840000,4,gripper_r_palm,0.460000,0.710000,0.000000,0.460000,0.710000,-0.000000,0.460000,0.710000,-0.000000,0.000000,0.000000,0.000000,0
442,8.840000,5,gripper_r_finger1,0.460000,0.690000,0.000000,0.460000,0.690000,-0.000000,0.460000,0.690000,-0.000000,0.000000,0.000000,0.000000,0
442,8.840000,6,gripper_r_finger2,0.460000,0.690000,0.000000,0.460000,0.690000,-0.000000,0.460000,0.690000,-0.000000,0.000000,0.000000,0.000000,0
443,8.860000,1,gripper_l_palm,-0.460000,0.710000,0.000000,-0.460000,0.710000,-0.000000,-0.460000,0.710000,-0.000000,0.000000,0.000000,0.000000,0
443,8.860000,2,gripper_l_finger1,-0.460000,0.690000,0.000000,-0.460000,0.690000,-0.000000,-0.460000,0.690000,-0.000000,0.000000,0.000000,0.000000,0
443,8.860000,3,gripper_l_finger2,-0.460000,0.690000,0.000000,-0.460000,0.690000,-0.000000,-0.460000,0.690000,-0.000000,0.000000,0.000000,0.000000,0
443,8.860000,4,gripper_r_palm,0.460000,0.710000,0.000000,0.460000,0.710000,-0.000000,0.460000,0.710000,-0.000000,0.000000,0.000000,0.000000,0
443,8.860000,5,gripper_r_finger1,0.460000,0.690000,0.000000,0.460000,0.690000,-0.000000,0.460000,0.690000,-0.000000,0.000000,0.000000,0.000000,0
443,8.860000,6,gripper_r_finger2,0.460000,0.690000,0.000000,0.460000,0.690000,-0.000000,0.460000,0.690000,-0.000000,0.000000,0.000000,0.000000,0
444,8.880000,1,gripper_l_palm,-0.460000,0.710000,0.000000,-0.460000,0.710000,-0.000000,-0.460000,0.710000,-0.000000,0.000000,0.000000,0.000000,0
444,8.880000,2,gripper_l_finger1,-0.460000,0.690000,0.000000,-0.460000,0.690000,-0.000000,-0.460000,0.690000,-0.000000,0.000000,0.000000,0.000000,0
444,8.880000,3,gripper_l_finger2,-0.460000,0.690000,0.000000,-0.460000,0.690000,-0.000000,-0.460000,0.690000,-0.000000,0.000000,0.000000,0.000000,0
444,8.880000,4,gripper_r_palm,0.460000,0.710000,0.000000,0.460000,0.710000,-0.000000,0.460000,0.710000,-0.000000,0.000000,0.000000,0.000000,0
444,8.880000,5,gripper_r_finger1,0.460000,0.690000,0.000000,0.460000,0.690000,-0.000000,0.460000,0.690000,-0.000000,0.000000,0.000000,0.000000,0
444,8.880000,6,gripper_r_finger2,0.460000,0.690000,0.000000,0.460000,0.690000,-0.000000,0.460000,0.690000,-0.000000,0.000000,0.000000,0.000000,0
445,8.900000,1,gripper_l_palm,-0.460000,0.710000,0.000000,-0.460000,0.710000,-0.000000,-0.460000,0.710000,-0.000000,0.000000,0.000000,0.000000,0
445,8.900000,2,gripper_l_finger1,-0.460000,0.690000,0.000000,-0.460000,0.690000,-0.000000,-0.460000,0.690000,-0.000000,0.000000,0.000000,0.000000,0
445,8.900000,3,gripper_l_finger2,-0.460000,0.690000,0.000000,-0.460000,0.690000,-0.000000,-0.460000,0.690000,-0.000000,0.000000,0.000000,0.000000,0
445,8.900000,4,gripper_r_palm,0.460000,0.710000,0.000000,0.460000,0.710000,-0.000000,0.460000,0.710000,-0.000000,0.000000,0.000000,0.000000,0
445,8.900000,5,gripper_r_finger1,0.460000,0.690000,0.000000,0.460000,0.690000,-0.000000,0.460000,0.690000,-0.000000,0.000000,0.000000,0.000000,0
445,8.900000,6,gripper_r_finger2,0.460000,0.690000,0.000000,0.460000,0.690000,-0.000000,0.460000,0.690000,-0.000000,0.000000,0.000000,0.000000,0
446,8.920000,1,gripper_l_palm,-0.460000,0.710000,0.000000,-0.460000,0.710000,-0.000000,-0.460000,0.710000,-0.000000,0.000000,0.000000,0.000000,0
446,8.920000,2,gripper_l_finger1,-0.460000,0.690000,0.000000,-0.460000,0.690000,-0.000000,-0.460000,0.690000,-0.000000,0.000000,0.000000,0.000000,0
446,8.920000,3,gripper_l_finger2,-0.460000,0.690000,0.000000,-0.460000,0.690000,-0.000000,-0.460000,0.690000,-0.000000,0.000000,0.000000,0.000000,0
446,8.920000,4,gripper_r_palm,0.460000,0.710000,0.000000,0.460000,0.710000,-0.000000,0.460000,0.710000,-0.000000,0.000000,0.000000,0.000000,0
446,8.920000,5,gripper_r_finger1,0.460000,0.690000,0.000000,0.460000,0.690000,-0.000000,0.460000,0.690000,-0.000000,0.000000,0.000000,0.000000,0
446,8.920000,6,gripper_r_finger2,0.460000,0.690000,0.000000,0.460000,0.690000,-0.000000,0.460000,0.690000,-0.000000,0.000000,0.000000,0.000000,0
447,8.940000,1,gripper_l_palm,-0.460000,0.710000,0.000000,-0.460000,0.710000,-0.000000,-0.460000,0.710000,-0.000000,0.000000,0.000000,0.000000,0
447,8.940000,2,gripper_l_finger1,-0.460000,0.690000,0.000000,-0.460000,0.690000,-0.000000,-0.460000,0.690000,-0.000000,0.000000,0.000000,0.000000,0
447,8.940000,3,gripper_l_finger2,-0.460000,0.690000,0.000000,-0.460000,0.690000,-0.000000,-0.460000,0.690000,-0.000000,0.000000,0.000000,0.000000,0
447,8.940000,4,gripper_r_palm,0.460000,0.710000,0.000000,0.460000,0.710000,-0.000000,0.460000,0.710000,-0.000000,0.000000,0.000000,0.000000,0
447,8.940000,5,gripper_r_finger1,0.460000,0.690000,0.000000,0.460000,0.690000,-0.000000,0.460000,0.690000,-0.000000,0.000000,0.000000,0.000000,0
447,8.940000,6,gripper_r_finger2,0.460000,0.690000,0.000000,0.460000,0.690000,-0.000000,0.460000,0.690000,-0.000000,0.000000,0.000000,0.000000,0
448,8.960000,1,gripper_l_palm,-0.460000,0.710000,0.000000,-0.460000,0.710000,-0.000000,-0.460000,0.710000,-0.000000,0.000000,0.000000,0.000000,0
448,8.960000,2,gripper_l_finger1,-0.460000,0.690000,0.000000,-0.460000,0.690000,-0.000000,-0.460000,0.690000,-0.000000,0.000000,0.000000,0.000000,0
448,8.960000,3,gripper_l_finger2,-0.460000,0.690000,0.000000,-0.460000,0.690000,-0.000000,-0.460000,0.690000,-0.000000,0.000000,0.000000,0.000000,0
448,8.960000,4,gripper_r_palm,0.460000,0.710000,0.000000,0.460000,0.710000,-0.000000,0.460000,0.710000,-0.000000,0.000000,0.000000,0.000000,0
448,8.960000,5,gripper_r_finger1,0.460000,0.690000,0.000000,0.460000,0.690000,-0.000000,0.460000,0.690000,-0.000000,0.000000,0.000000,0.000000,0
448,8.960000,6,gripper_r_finger2,0.460000,0.690000,0.000000,0.460000,0.690000,-0.000000,0.460000,0.690000,-0.000000,0.000000,0.000000,0.000000,0
449,8.980000,1,gripper_l_palm,-0.460000,0.710000,0.000000,-0.460000,0.710000,-0.000000,-0.460000,0.710000,-0.000000,0.000000,0.000000,0.000000,0
449,8.980000,2,gripper_l_finger1,-0.460000,0.690000,0.000000,-0.460000,0.690000,-0.000000,-0.460000,0.690000,-0.000000,0.000000,0.000000,0.000000,0
449,8.980000,3,gripper_l_finger2,-0.460000,0.690000,0.000000,-0.460000,0.690000,-0.000000,-0.460000,0.690000,-0.000000,0.000000,0.000000,0.000000,0
449,8.980000,4,gripper_r_palm,0.460000,0.710000,0.000000,0.460000,0.710000,-0.000000,0.460000,0.710000,-0.000000,0.000000,0.000000,0.000000,0
449,8.980000,5,gripper_r_finger1,0.460000,0.690000,0.000000,0.460000,0.690000,-0.000000,0.460000,0.690000,-0.000000,0.000000,0.000000,0.000000,0
449,8.980000,6,gripper_r_finger2,0.460000,0.690000,0.000000,0.460000,0.690000,-0.000000,0.460000,0.690000,-0.000000,0.000000,0.000000,0.000000,0
450,9.000000,1,gripper_l_palm,-0.460000,0.710000,0.000000,-0.460000,0.710000,-0.000000,-0.460000,0.710000,-0.000000,0.000000,0.000000,0.000000,0
450,9.000000,2,gripper_l_finger1,-0.460000,0.690000,0.000000,-0.460000,0.690000,-0.000000,-0.460000,0.690000,-0.000000,0.000000,0.000000,0.000000,0
450,9.000000,3,gripper_l_finger2,-0.460000,0.690000,0.000000,-0.460000,0.690000,-0.000000,-0.460000,0.690000,-0.000000,0.000000,0.000000,0.000000,0
450,9.000000,4,gripper_r_palm,0.460000,0.710000,0.000000,0.460000,0.710000,-0.000000,0.460000,0.710000,-0.000000,0.000000,0.000000,0.000000,0
450,9.000000,5,gripper_r_finger1,0.460000,0.690000,0.000000,0.460000,0.690000,-0.000000,0.460000,0.690000,-0.000000,0.000000,0.000000,0.000000,0
450,9.000000,6,gripper_r_finger2,0.460000,0.690000,0.000000,0.460000,0.690000,-0.000000,0.460000,0.690000,-0.000000,0.000000,0.000000,0.000000,0
451,9.020000,1,gripper_l_palm,-0.460000,0.710000,0.000000,-0.460000,0.710000,-0.000000,-0.460000,0.710000,-0.000000,0.000000,0.000000,0.000000,0
451,9.020000,2,gripper_l_finger1,-0.460000,0.690000,0.000000,-0.460000,0.690000,-0.000000,-0.460000,0.690000,-0.000000,0.000000,0.000000,0.000000,0
451,9.020000,3,gripper_l_finger2,-0.460000,0.690000,0.000000,-0.460000,0.690000,-0.000000,-0.460000,0.690000,-0.000000,0.000000,0.000000,0.000000,0
451,9.020000,4,gripper_r_palm,0.460000,0.710000,0.000000,0.460000,0.710000,-0.000000,0.460000,0.710000,-0.000000,0.000000,0.000000,0.000000,0
451,9.020000,5,gripper_r_finger1,0.460000,0.690000,0.000000,0.460000,0.690000,-0.000000,0.460000,0.690000,-0.000000,0.000000,0.000000,0.000000,0
451,9.020000,6,gripper_r_finger2,0.460000,0.690000,0.000000,0.460000,0.690000,-0.000000,0.460000,0.690000,-0.000000,0.000000,0.000000,0.000000,0
452,9.040000,1,gripper_l_palm,-0.460000,0.710000,0.000000,-0.460000,0.710000,-0.000000,-0.460000,0.710000,-0.000000,0.000000,0.000000,0.000000,0
452,9.040000,2,gripper_l_finger1,-0.460000,0.690000,0.000000,-0.460000,0.690000,-0.000000,-0.460000,0.690000,-0.000000,0.000000,0.000000,0.000000,0
452,9.040000,3,gripper_l_finger2,-0.460000,0.690000,0.000000,-0.460000,0.690000,-0.000000,-0.460000,0.690000,-0.000000,0.000000,0.000000,0.000000,0
452,9.040000,4,gripper_r_palm,0.460000,0.710000,0.000000,0.460000,0.710000,-0.000000,0.460000,0.710000,-0.000000,0.000000,0.000000,0.000000,0
452,9.040000,5,gripper_r_finger1,0.460000,0.690000,0.000000,0.460000,0.690000,-0.000000,0.460000,0.690000,-0.000000,0.000000,0.000000,0.000000,0
452,9.040000,6,gripper_r_finger2,0.460000,0.690000,0.000000,0.460000,0.690000,-0.000000,0.460000,0.690000,-0.000000,0.000000,0.000000,0.000000,0
453,9.060000,1,gripper_l_palm,-0.460000,0.710000,0.000000,-0.460000,0.710000,-0.000000,-0.460000,0.710000,-0.000000,0.000000,0.000000,0.000000,0
453,9.060000,2,gripper_l_finger1,-0.460000,0.690000,0.000000,-0.460000,0.690000,-0.000000,-0.460000,0.690000,-0.000000,0.000000,0.000000,0.000000,0
453,9.060000,3,gripper_l_finger2,-0.460000,0.690000,0.000000,-0.460000,0.690000,-0.000000,-0.460000,0.690000,-0.000000,0.000000,0.000000,0.000000,0
453,9.060000,4,gripper_r_palm,0.460000,0.710000,0.000000,0.460000,0.710000,-0.000000,0.460000,0.710000,-0.000000,0.000000,0.000000,0.000000,0
453,9.060000,5,gripper_r_finger1,0.460000,0.690000,0.000000,0.460000,0.690000,-0.000000,0.460000,0.690000,-0.000000,0.000000,0.000000,0.000000,0
453,9.060000,6,gripper_r_finger2,0.460000,0.690000,0.000000,0.460000,0.690000,-0.000000,0.460000,0.690000,-0.000000,0.000000,0.000000,0.000000,0
454,9.080000,1,gripper_l_palm,-0.460000,0.710000,0.000000,-0.460000,0.710000,-0.000000,-0.460000,0.710000,-0.000000,0.000000,0.000000,0.000000,0
454,9.080000,2,gripper_l_finger1,-0.460000,0.690000,0.000000,-0.460000,0.690000,-0.000000,-0.460000,0.690000,-0.000000,0.000000,0.000000,0.000000,0
454,9.080000,3,gripper_l_finger2,-0.460000,0.690000,0.000000,-0.460000,0.690000,-0.000000,-0.460000,0.690000,-0.000000,0.000000,0.000000,0.000000,0
454,9.080000,4,gripper_r_palm,0.460000,0.710000,0.000000,0.460000,0.710000,-0.000000,0.460000,0.710000,-0.000000,0.000000,0.000000,0.000000,0
454,9.080000,5,gripper_r_finger1,0.460000,0.690000,0.000000,0.460000,0.690000,-0.000000,0.460000,0.690000,-0.000000,0.000000,0.000000,0.000000,0
454,9.080000,6,gripper_r_finger2,0.460000,0.690000,0.000000,0.460000,0.690000,-0.000000,0.460000,0.690000,-0.000000,0.000000,0.000000,0.000000,0
455,9.100000,1,gripper_l_palm,-0.460000,0.710000,0.000000,-0.460000,0.710000,-0.000000,-0.460000,0.710000,-0.000000,0.000000,0.000000,0.000000,0
455,9.100000,2,gripper_l_finger1,-0.460000,0.690000,0.000000,-0.460000,0.690000,-0.000000,-0.460000,0.690000,-0.000000,0.000000,0.000000,0.000000,0
455,9.100000,3,gripper_l_finger2,-0.460000,0.690000,0.000000,-0.460000,0.690000,-0.000000,-0.460000,0.690000,-0.000000,0.000000,0.000000,0.000000,0
455,9.100000,4,gripper_r_palm,0.460000,0.710000,0.000000,0.460000,0.710000,-0.000000,0.460000,0.710000,-0.000000,0.000000,0.000000,0.000000,0
455,9.100000,5,gripper_r_finger1,0.460000,0.690000,0.000000,0.460000,0.690000,-0.000000,0.460000,0.690000,-0.000000,0.000000,0.000000,0.000000,0
455,9.100000,6,gripper_r_finger2,0.460000,0.690000,0.000000,0.460000,0.690000,-0.000000,0.460000,0.690000,-0.000000,0.000000,0.000000,0.000000,0
456,9.120000,1,gripper_l_palm,-0.460000,0.710000,0.000000,-0.460000,0.710000,-0.000000,-0.460000,0.710000,-0.000000,0.000000,0.000000,0.000000,0
456,9.120000,2,gripper_l_finger1,-0.460000,0.690000,0.000000,-0.460000,0.690000,-0.000000,-0.460000,0.690000,-0.000000,0.000000,0.000000,0.000000,0
456,9.120000,3,gripper_l_finger2,-0.460000,0.690000,0.000000,-0.460000,0.690000,-0.000000,-0.460000,0.690000,-0.000000,0.000000,0.000000,0.000000,0
456,9.120000,4,gripper_r_palm,0.460000,0.710000,0.000000,0.460000,0.710000,-0.000000,0.460000,0.710000,-0.000000,0.000000,0.000000,0.000000,0
456,9.120000,5,gripper_r_finger1,0.460000,0.690000,0.000000,0.460000,0.690000,-0.000000,0.460000,0.690000,-0.000000,0.000000,0.000000,0.000000,0
456,9.120000,6,gripper_r_finger2,0.460000,0.690000,0.000000,0.460000,0.690000,-0.000000,0.460000,0.690000,-0.000000,0.000000,0.000000,0.000000,0
457,9.140000,1,gripper_l_palm,-0.460000,0.710000,0.000000,-0.460000,0.710000,-0.000000,-0.460000,0.710000,-0.000000,0.000000,0.000000,0.000000,0
457,9.140000,2,gripper_l_finger1,-0.460000,0.690000,0.000000,-0.460000,0.690000,-0.000000,-0.460000,0.690000,-0.000000,0.000000,0.000000,0.000000,0
457,9.140000,3,gripper_l_finger2,-0.460000,0.690000,0.000000,-0.460000,0.690000,-0.000000,-0.460000,0.690000,-0.000000,0.000000,0.000000,0.000000,0
457,9.140000,4,gripper_r_palm,0.460000,0.710000,0.000000,0.460000,0.710000,-0.000000,0.460000,0.710000,-0.000000,0.000000,0.000000,0.000000,0
457,9.140000,5,gripper_r_finger1,0.460000,0.690000,0.000000,0.460000,0.690000,-0.000000,0.460000,0.690000,-0.000000,0.000000,0.000000,0.000000,0
457,9.140000,6,gripper_r_finger2,0.460000,0.690000,0.000000,0.460000,0.690000,-0.000000,0.460000,0.690000,-0.000000,0.000000,0.000000,0.000000,0
458,9.160000,1,gripper_l_palm,-0.460000,0.710000,0.000000,-0.460000,0.710000,-0.000000,-0.460000,0.710000,-0.000000,0.000000,0.000000,0.000000,0
458,9.160000,2,gripper_l_finger1,-0.460000,0.690000,0.000000,-0.460000,0.690000,-0.000000,-0.460000,0.690000,-0.000000,0.000000,0.000000,0.000000,0
458,9.160000,3,gripper_l_finger2,-0.460000,0.690000,0.000000,-0.460000,0.690000,-0.000000,-0.460000,0.690000,-0.000000,0.000000,0.000000,0.000000,0
458,9.160000,4,gripper_r_palm,0.460000,0.710000,0.000000,0.460000,0.710000,-0.000000,0.460000,0.710000,-0.000000,0.000000,0.000000,0.000000,0
458,9.160000,5,gripper_r_finger1,0.460000,0.690000,0.000000,0.460000,0.690000,-0.000000,0.460000,0.690000,-0.000000,0.000000,0.000000,0.000000,0
458,9.160000,6,gripper_r_finger2,0.460000,0.690000,0.000000,0.460000,0.690000,-0.000000,0.460000,0.690000,-0.000000,0.000000,0.000000,0.000000,0
459,9.180000,1,gripper_l_palm,-0.460000,0.710000,0.000000,-0.460000,0.710000,-0.000000,-0.460000,0.710000,-0.000000,0.000000,0.000000,0.000000,0
459,9.180000,2,gripper_l_finger1,-0.460000,0.690000,0.000000,-0.460000,0.690000,-0.000000,-0.460000,0.690000,-0.000000,0.000000,0.000000,0.000000,0
459,9.180000,3,gripper_l_finger2,-0.460000,0.690000,0.000000,-0.460000,0.690000,-0.000000,-0.460000,0.690000,-0.000000,0.000000,0.000000,0.000000,0
459,9.180000,4,gripper_r_palm,0.460000,0.710000,0.000000,0.460000,0.710000,-0.000000,0.460000,0.710000,-0.000000,0.000000,0.000000,0.000000,0
459,9.180000,5,gripper_r_finger1,0.460000,0.690000,0.000000,0.460000,0.690000,-0.000000,0.460000,0.690000,-0.000000,0.000000,0.000000,0.000000,0
459,9.180000,6,gripper_r_finger2,0.460000,0.690000,0.000000,0.460000,0.690000,-0.000000,0.460000,0.690000,-0.000000,0.000000,0.000000,0.000000,0
460,9.200000,1,gripper_l_palm,-0.460000,0.710000,0.000000,-0.460000,0.710000,-0.000000,-0.460000,0.710000,-0.000000,0.000000,0.000000,0.000000,0
460,9.200000,2,gripper_l_finger1,-0.460000,0.690000,0.000000,-0.460000,0.690000,-0.000000,-0.460000,0.690000,-0.000000,0.000000,0.000000,0.000000,0
460,9.200000,3,gripper_l_finger2,-0.460000,0.690000,0.000000,-0.460000,0.690000,-0.000000,-0.460000,0.690000,-0.000000,0.000000,0.000000,0.000000,0
460,9.200000,4,gripper_r_palm,0.460000,0.710000,0.000000,0.460000,0.710000,-0.000000,0.460000,0.710000,-0.000000,0.000000,0.000000,0.000000,0
460,9.200000,5,gripper_r_finger1,0.460000,0.690000,0.000000,0.460000,0.690000,-0.000000,0.460000,0.690000,-0.000000,0.000000,0.000000,0.000000,0
460,9.200000,6,gripper_r_finger2,0.460000,0.690000,0.000000,0.460000,0.690000,-0.000000,0.460000,0.690000,-0.000000,0.000000,0.000000,0.000000,0
461,9.220000,1,gripper_l_palm,-0.460000,0.710000,0.000000,-0.460000,0.710000,-0.000000,-0.460000,0.710000,-0.000000,0.000000,0.000000,0.000000,0
461,9.220000,2,gripper_l_finger1,-0.460000,0.690000,0.000000,-0.460000,0.690000,-0.000000,-0.460000,0.690000,-0.000000,0.000000,0.000000,0.000000,0
461,9.220000,3,gripper_l_finger2,-0.460000,0.690000,0.000000,-0.460000,0.690000,-0.000000,-0.460000,0.690000,-0.000000,0.000000,0.000000,0.000000,0
461,9.220000,4,gripper_r_palm,0.460000,0.710000,0.000000,0.460000,0.710000,-0.000000,0.460000,0.710000,-0.000000,0.000000,0.000000,0.000000,0
461,9.220000,5,gripper_r_finger1,0.460000,0.690000,0.000000,0.460000,0.690000,-0.000000,0.460000,0.690000,-0.000000,0.000000,0.000000,0.000000,0
461,9.220000,6,gripper_r_finger2,0.460000,0.690000,0.000000,0.460000,0.690000,-0.000000,0.460000,0.690000,-0.000000,0.000000,0.000000,0.000000,0
462,9.240000,1,gripper_l_palm,-0.460000,0.710000,0.000000,-0.460000,0.710000,-0.000000,-0.460000,0.710000,-0.000000,0.000000,0.000000,0.000000,0
462,9.240000,2,gripper_l_finger1,-0.460000,0.690000,0.000000,-0.460000,0.690000,-0.000000,-0.460000,0.690000,-0.000000,0.000000,0.000000,0.000000,0
462,9.240000,3,gripper_l_finger2,-0.460000,0.690000,0.000000,-0.460000,0.690000,-0.000000,-0.460000,0.690000,-0.000000,0.000000,0.000000,0.000000,0
462,9.240000,4,gripper_r_palm,0.460000,0.710000,0.000000,0.460000,0.710000,-0.000000,0.460000,0.710000,-0.000000,0.000000,0.000000,0.000000,0
462,9.240000,5,gripper_r_finger1,0.460000,0.690000,0.000000,0.460000,0.690000,-0.000000,0.460000,0.690000,-0.000000,0.000000,0.000000,0.000000,0
462,9.240000,6,gripper_r_finger2,0.460000,0.690000,0.000000,0.460000,0.690000,-0.000000,0.460000,0.690000,-0.000000,0.000000,0.000000,0.000000,0
463,9.260000,1,gripper_l_palm,-0.460000,0.710000,0.000000,-0.460000,0.710000,-0.000000,-0.460000,0.710000,-0.000000,0.000000,0.000000,0.000000,0
463,9.260000,2,gripper_l_finger1,-0.460000,0.690000,0.000000,-0.460000,0.690000,-0.000000,-0.460000,0.690000,-0.000000,0.000000,0.000000,0.000000,0
463,9.260000,3,gripper_l_finger2,-0.460000,0.690000,0.000000,-0.460000,0.690000,-0.000000,-0.460000,0.690000,-0.000000,0.000000,0.000000,0.000000,0
463,9.260000,4,gripper_r_palm,0.460000,0.710000,0.000000,0.460000,0.710000,-0.000000,0.460000,0.710000,-0.000000,0.000000,0.000000,0.000000,0
463,9.260000,5,gripper_r_finger1,0.460000,0.690000,0.000000,0.460000,0.690000,-0.000000,0.460000,0.690000,-0.000000,0.000000,0.000000,0.000000,0
463,9.260000,6,gripper_r_finger2,0.460000,0.690000,0.000000,0.460000,0.690000,-0.000000,0.460000,0.690000,-0.000000,0.000000,0.000000,0.000000,0
464,9.280000,1,gripper_l_palm,-0.460000,0.710000,0.000000,-0.460000,0.710000,-0.000000,-0.460000,0.710000,-0.000000,0.000000,0.000000,0.000000,0
464,9.280000,2,gripper_l_finger1,-0.460000,0.690000,0.000000,-0.460000,0.690000,-0.000000,-0.460000,0.690000,-0.000000,0.000000,0.000000,0.000000,0
464,9.280000,3,gripper_l_finger2,-0.460000,0.690000,0.000000,-0.460000,0.690000,-0.000000,-0.460000,0.690000,-0.000000,0.000000,0.000000,0.000000,0
464,9.280000,4,gripper_r_palm,0.460000,0.710000,0.000000,0.460000,0.710000,-0.000000,0.460000,0.710000,-0.000000,0.000000,0.000000,0.000000,0
464,9.280000,5,gripper_r_finger1,0.460000,0.690000,0.000000,0.460000,0.690000,-0.000000,0.460000,0.690000,-0.000000,0.000000,0.000000,0.000000,0
464,9.280000,6,gripper_r_finger2,0.460000,0.690000,0.000000,0.460000,0.690000,-0.000000,0.460000,0.690000,-0.000000,0.000000,0.000000,0.000000,0
465,9.300000,1,gripper_l_palm,-0.460000,0.710000,0.000000,-0.460000,0.710000,-0.000000,-0.460000,0.710000,-0.000000,0.000000,0.000000,0.000000,0
465,9.300000,2,gripper_l_finger1,-0.460000,0.690000,0.000000,-0.460000,0.690000,-0.000000,-0.460000,0.690000,-0.000000,0.000000,0.000000,0.000000,0
465,9.300000,3,gripper_l_finger2,-0.460000,0.690000,0.000000,-0.460000,0.690000,-0.000000,-0.460000,0.690000,-0.000000,0.000000,0.000000,0.000000,0
465,9.300000,4,gripper_r_palm,0.460000,0.710000,0.000000,0.460000,0.710000,-0.000000,0.460000,0.710000,-0.000000,0.000000,0.000000,0.000000,0
465,9.300000,5,gripper_r_finger1,0.460000,0.690000,0.000000,0.460000,0.690000,-0.000000,0.460000,0.690000,-0.000000,0.000000,0.000000,0.000000,0
465,9.300000,6,gripper_r_finger2,0.460000,0.690000,0.000000,0.460000,0.690000,-0.000000,0.460000,0.690000,-0.000000,0.000000,0.000000,0.000000,0
466,9.320000,1,gripper_l_palm,-0.460000,0.710000,0.000000,-0.460000,0.710000,-0.000000,-0.460000,0.710000,-0.000000,0.000000,0.000000,0.000000,0
466,9.320000,2,gripper_l_finger1,-0.460000,0.690000,0.000000,-0.460000,0.690000,-0.000000,-0.460000,0.690000,-0.000000,0.000000,0.000000,0.000000,0
466,9.320000,3,gripper_l_finger2,-0.460000,0.690000,0.000000,-0.460000,0.690000,-0.000000,-0.460000,0.690000,-0.000000,0.000000,0.000000,0.000000,0
466,9.320000,4,gripper_r_palm,0.460000,0.710000,0.000000,0.460000,0.710000,-0.000000,0.460000,0.710000,-0.000000,0.000000,0.000000,0.000000,0
466,9.320000,5,gripper_r_finger1,0.460000,0.690000,0.000000,0.460000,0.690000,-0.000000,0.460000,0.690000,-0.000000,0.000000,0.000000,0.000000,0
466,9.320000,6,gripper_r_finger2,0.460000,0.690000,0.000000,0.460000,0.690000,-0.000000,0.460000,0.690000,-0.000000,0.000000,0.000000,0.000000,0
467,9.340000,1,gripper_l_palm,-0.460000,0.710000,0.000000,-0.460000,0.710000,-0.000000,-0.460000,0.710000,-0.000000,0.000000,0.000000,0.000000,0
467,9.340000,2,gripper_l_finger1,-0.460000,0.690000,0.000000,-0.460000,0.690000,-0.000000,-0.460000,0.690000,-0.000000,0.000000,0.000000,0.000000,0
467,9.340000,3,gripper_l_finger2,-0.460000,0.690000,0.000000,-0.460000,0.690000,-0.000000,-0.460000,0.690000,-0.000000,0.000000,0.000000,0.000000,0
467,9.340000,4,gripper_r_palm,0.460000,0.710000,0.000000,0.460000,0.710000,-0.000000,0.460000,0.710000,-0.000000,0.000000,0.000000,0.000000,0
467,9.340000,5,gripper_r_finger1,0.460000,0.690000,0.000000,0.460000,0.690000,-0.000000,0.460000,0.690000,-0.000000,0.000000,0.000000,0.000000,0
467,9.340000,6,gripper_r_finger2,0.460000,0.690000,0.000000,0.460000,0.690000,-0.000000,0.460000,0.690000,-0.000000,0.000000,0.000000,0.000000,0
468,9.360000,1,gripper_l_palm,-0.460000,0.710000,0.000000,-0.460000,0.710000,-0.000000,-0.460000,0.710000,-0.000000,0.000000,0.000000,0.000000,0
468,9.360000,2,gripper_l_finger1,-0.460000,0.690000,0.000000,-0.460000,0.690000,-0.000000,-0.460000,0.690000,-0.000000,0.000000,0.000000,0.000000,0
468,9.360000,3,gripper_l_finger2,-0.460000,0.690000,0.000000,-0.460000,0.690000,-0.000000,-0.460000,0.690000,-0.000000,0.000000,0.000000,0.000000,0
468,9.360000,4,gripper_r_palm,0.460000,0.710000,0.000000,0.460000,0.710000,-0.000000,0.460000,0.710000,-0.000000,0.000000,0.000000,0.000000,0
468,9.360000,5,gripper_r_finger1,0.460000,0.690000,0.000000,0.460000,0.690000,-0.000000,0.460000,0.690000,-0.000000,0.000000,0.000000,0.000000,0
468,9.360000,6,gripper_r_finger2,0.460000,0.690000,0.000000,0.460000,0.690000,-0.000000,0.460000,0.690000,-0.000000,0.000000,0.000000,0.000000,0
469,9.380000,1,gripper_l_palm,-0.460000,0.710000,0.000000,-0.460000,0.710000,-0.000000,-0.460000,0.710000,-0.000000,0.000000,0.000000,0.000000,0
469,9.380000,2,gripper_l_finger1,-0.460000,0.690000,0.000000,-0.460000,0.690000,-0.000000,-0.460000,0.690000,-0.000000,0.000000,0.000000,0.000000,0
469,9.380000,3,gripper_l_finger2,-0.460000,0.690000,0.000000,-0.460000,0.690000,-0.000000,-0.460000,0.690000,-0.000000,0.000000,0.000000,0.000000,0
469,9.380000,4,gripper_r_palm,0.460000,0.710000,0.000000,0.460000,0.710000,-0.000000,0.460000,0.710000,-0.000000,0.000000,0.000000,0.000000,0
469,9.380000,5,gripper_r_finger1,0.460000,0.690000,0.000000,0.460000,0.690000,-0.000000,0.460000,0.690000,-0.000000,0.000000,0.000000,0.000000,0
469,9.380000,6,gripper_r_finger2,0.460000,0.690000,0.000000,0.460000,0.690000,-0.000000,0.460000,0.690000,-0.000000,0.000000,0.000000,0.000000,0
470,9.400000,1,gripper_l_palm,-0.460000,0.710000,0.000000,-0.460000,0.710000,-0.000000,-0.460000,0.710000,-0.000000,0.000000,0.000000,0.000000,0
470,9.400000,2,gripper_l_finger1,-0.460000,0.690000,0.000000,-0.460000,0.690000,-0.000000,-0.460000,0.690000,-0.000000,0.000000,0.000000,0.000000,0
470,9.400000,3,gripper_l_finger2,-0.460000,0.690000,0.000000,-0.460000,0.690000,-0.000000,-0.460000,0.690000,-0.000000,0.000000,0.000000,0.000000,0
470,9.400000,4,gripper_r_palm,0.460000,0.710000,0.000000,0.460000,0.710000,-0.000000,0.460000,0.710000,-0.000000,0.000000,0.000000,0.000000,0
470,9.400000,5,gripper_r_finger1,0.460000,0.690000,0.000000,0.460000,0.690000,-0.000000,0.460000,0.690000,-0.000000,0.000000,0.000000,0.000000,0
470,9.400000,6,gripper_r_finger2,0.460000,0.690000,0.000000,0.460000,0.690000,-0.000000,0.460000,0.690000,-0.000000,0.000000,0.000000,0.000000,0
471,9.420000,1,gripper_l_palm,-0.460000,0.710000,0.000000,-0.460000,0.710000,-0.000000,-0.460000,0.710000,-0.000000,0.000000,0.000000,0.000000,0
471,9.420000,2,gripper_l_finger1,-0.460000,0.690000,0.000000,-0.460000,0.690000,-0.000000,-0.460000,0.690000,-0.000000,0.000000,0.000000,0.000000,0
471,9.420000,3,gripper_l_finger2,-0.460000,0.690000,0.000000,-0.460000,0.690000,-0.000000,-0.460000,0.690000,-0.000000,0.000000,0.000000,0.000000,0
471,9.420000,4,gripper_r_palm,0.460000,0.710000,0.000000,0.460000,0.710000,-0.000000,0.460000,0.710000,-0.000000,0.000000,0.000000,0.000000,0
471,9.420000,5,gripper_r_finger1,0.460000,0.690000,0.000000,0.460000,0.690000,-0.000000,0.460000,0.690000,-0.000000,0.000000,0.000000,0.000000,0
471,9.420000,6,gripper_r_finger2,0.460000,0.690000,0.000000,0.460000,0.690000,-0.000000,0.460000,0.690000,-0.000000,0.000000,0.000000,0.000000,0
472,9.440000,1,gripper_l_palm,-0.460000,0.710000,0.000000,-0.460000,0.710000,-0.000000,-0.460000,0.710000,-0.000000,0.000000,0.000000,0.000000,0
472,9.440000,2,gripper_l_finger1,-0.460000,0.690000,0.000000,-0.460000,0.690000,-0.000000,-0.460000,0.690000,-0.000000,0.000000,0.000000,0.000000,0
472,9.440000,3,gripper_l_finger2,-0.460000,0.690000,0.000000,-0.460000,0.690000,-0.000000,-0.460000,0.690000,-0.000000,0.000000,0.000000,0.000000,0
472,9.440000,4,gripper_r_palm,0.460000,0.710000,0.000000,0.460000,0.710000,-0.000000,0.460000,0.710000,-0.000000,0.000000,0.000000,0.000000,0
472,9.440000,5,gripper_r_finger1,0.460000,0.690000,0.000000,0.460000,0.690000,-0.000000,0.460000,0.690000,-0.000000,0.000000,0.000000,0.000000,0
472,9.440000,6,gripper_r_finger2,0.460000,0.690000,0.000000,0.460000,0.690000,-0.000000,0.460000,0.690000,-0.000000,0.000000,0.000000,0.000000,0
473,9.460000,1,gripper_l_palm,-0.460000,0.710000,0.000000,-0.460000,0.710000,-0.000000,-0.460000,0.710000,-0.000000,0.000000,0.000000,0.000000,0
473,9.460000,2,gripper_l_finger1,-0.460000,0.690000,0.000000,-0.460000,0.690000,-0.000000,-0.460000,0.690000,-0.000000,0.000000,0.000000,0.000000,0
473,9.460000,3,gripper_l_finger2,-0.460000,0.690000,0.000000,-0.460000,0.690000,-0.000000,-0.460000,0.690000,-0.000000,0.000000,0.000000,0.000000,0
473,9.460000,4,gripper_r_palm,0.460000,0.710000,0.000000,0.460000,0.710000,-0.000000,0.460000,0.710000,-0.000000,0.000000,0.000000,0.000000,0
473,9.460000,5,gripper_r_finger1,0.460000,0.690000,0.000000,0.460000,0.690000,-0.000000,0.460000,0.690000,-0.000000,0.000000,0.000000,0.000000,0
473,9.460000,6,gripper_r_finger2,0.460000,0.690000,0.000000,0.460000,0.690000,-0.000000,0.460000,0.690000,-0.000000,0.000000,0.000000,0.000000,0
474,9.480000,1,gripper_l_palm,-0.460000,0.710000,0.000000,-0.460000,0.710000,-0.000000,-0.460000,0.710000,-0.000000,0.000000,0.000000,0.000000,0
474,9.480000,2,gripper_l_finger1,-0.460000,0.690000,0.000000,-0.460000,0.690000,-0.000000,-0.460000,0.690000,-0.000000,0.000000,0.000000,0.000000,0
474,9.480000,3,gripper_l_finger2,-0.460000,0.690000,0.000000,-0.460000,0.690000,-0.000000,-0.460000,0.690000,-0.000000,0.000000,0.000000,0.000000,0
474,9.480000,4,gripper_r_palm,0.460000,0.710000,0.000000,0.460000,0.710000,-0.000000,0.460000,0.710000,-0.000000,0.000000,0.000000,0.000000,0
474,9.480000,5,gripper_r_finger1,0.460000,0.690000,0.000000,0.460000,0.690000,-0.000000,0.460000,0.690000,-0.000000,0.000000,0.000000,0.000000,0
474,9.480000,6,gripper_r_finger2,0.460000,0.690000,0.000000,0.460000,0.690000,-0.000000,0.460000,0.690000,-0.000000,0.000000,0.000000,0.000000,0
475,9.500000,1,gripper_l_palm,-0.460000,0.710000,0.000000,-0.460000,0.710000,-0.000000,-0.460000,0.710000,-0.000000,0.000000,0.000000,0.000000,0
475,9.500000,2,gripper_l_finger1,-0.460000,0.690000,0.000000,-0.460000,0.690000,-0.000000,-0.460000,0.690000,-0.000000,0.000000,0.000000,0.000000,0
475,9.500000,3,gripper_l_finger2,-0.460000,0.690000,0.000000,-0.460000,0.690000,-0.000000,-0.460000,0.690000,-0.000000,0.000000,0.000000,0.000000,0
475,9.500000,4,gripper_r_palm,0.460000,0.710000,0.000000,0.460000,0.710000,-0.000000,0.460000,0.710000,-0.000000,0.000000,0.000000,0.000000,0
475,9.500000,5,gripper_r_finger1,0.460000,0.690000,0.000000,0.460000,0.690000,-0.000000,0.460000,0.690000,-0.000000,0.000000,0.000000,0.000000,0
475,9.500000,6,gripper_r_finger2,0.460000,0.690000,0.000000,0.460000,0.690000,-0.000000,0.460000,0.690000,-0.000000,0.000000,0.000000,0.000000,0
476,9.520000,1,gripper_l_palm,-0.460000,0.710000,0.000000,-0.460000,0.710000,-0.000000,-0.460000,0.710000,-0.000000,0.000000,0.000000,0.000000,0
476,9.520000,2,gripper_l_finger1,-0.460000,0.690000,0.000000,-0.460000,0.690000,-0.000000,-0.460000,0.690000,-0.000000,0.000000,0.000000,0.000000,0
476,9.520000,3,gripper_l_finger2,-0.460000,0.690000,0.000000,-0.460000,0.690000,-0.000000,-0.460000,0.690000,-0.000000,0.000000,0.000000,0.000000,0
476,9.520000,4,gripper_r_palm,0.460000,0.710000,0.000000,0.460000,0.710000,-0.000000,0.460000,0.710000,-0.000000,0.000000,0.000000,0.000000,0
476,9.520000,5,gripper_r_finger1,0.460000,0.690000,0.000000,0.460000,0.690000,-0.000000,0.460000,0.690000,-0.000000,0.000000,0.000000,0.000000,0
476,9.520000,6,gripper_r_finger2,0.460000,0.690000,0.000000,0.460000,0.690000,-0.000000,0.460000,0.690000,-0.000000,0.000000,0.000000,0.000000,0
477,9.540000,1,gripper_l_palm,-0.460000,0.710000,0.000000,-0.460000,0.710000,-0.000000,-0.460000,0.710000,-0.000000,0.000000,0.000000,0.000000,0
477,9.540000,2,gripper_l_finger1,-0.460000,0.690000,0.000000,-0.460000,0.690000,-0.000000,-0.460000,0.690000,-0.000000,0.000000,0.000000,0.000000,0
477,9.540000,3,gripper_l_finger2,-0.460000,0.690000,0.000000,-0.460000,0.690000,-0.000000,-0.460000,0.690000,-0.000000,0.000000,0.000000,0.000000,0
477,9.540000,4,gripper_r_palm,0.460000,0.710000,0.000000,0.460000,0.710000,-0.000000,0.460000,0.710000,-0.000000,0.000000,0.000000,0.000000,0
477,9.540000,5,gripper_r_finger1,0.460000,0.690000,0.000000,0.460000,0.690000,-0.000000,0.460000,0.690000,-0.000000,0.000000,0.000000,0.000000,0
477,9.540000,6,gripper_r_finger2,0.460000,0.690000,0.000000,0.460000,0.690000,-0.000000,0.460000,0.690000,-0.000000,0.000000,0.000000,0.000000,0
478,9.560000,1,gripper_l_palm,-0.460000,0.710000,0.000000,-0.460000,0.710000,-0.000000,-0.460000,0.710000,-0.000000,0.000000,0.000000,0.000000,0
478,9.560000,2,gripper_l_finger1,-0.460000,0.690000,0.000000,-0.460000,0.690000,-0.000000,-0.460000,0.690000,-0.000000,0.000000,0.000000,0.000000,0
478,9.560000,3,gripper_l_finger2,-0.460000,0.690000,0.000000,-0.460000,0.690000,-0.000000,-0.460000,0.690000,-0.000000,0.000000,0.000000,0.000000,0
478,9.560000,4,gripper_r_palm,0.460000,0.710000,0.000000,0.460000,0.710000,-0.000000,0.460000,0.710000,-0.000000,0.000000,0.000000,0.000000,0
478,9.560000,5,gripper_r_finger1,0.460000,0.690000,0.000000,0.460000,0.690000,-0.000000,0.460000,0.690000,-0.000000,0.000000,0.000000,0.000000,0
478,9.560000,6,gripper_r_finger2,0.460000,0.690000,0.000000,0.460000,0.690000,-0.000000,0.460000,0.690000,-0.000000,0.000000,0.000000,0.000000,0
479,9.580000,1,gripper_l_palm,-0.460000,0.710000,0.000000,-0.460000,0.710000,-0.000000,-0.460000,0.710000,-0.000000,0.000000,0.000000,0.000000,0
479,9.580000,2,gripper_l_finger1,-0.460000,0.690000,0.000000,-0.460000,0.690000,-0.000000,-0.460000,0.690000,-0.000000,0.000000,0.000000,0.000000,0
479,9.580000,3,gripper_l_finger2,-0.460000,0.690000,0.000000,-0.460000,0.690000,-0.000000,-0.460000,0.690000,-0.000000,0.000000,0.000000,0.000000,0
479,9.580000,4,gripper_r_palm,0.460000,0.710000,0.000000,0.460000,0.710000,-0.000000,0.460000,0.710000,-0.000000,0.000000,0.000000,0.000000,0
479,9.580000,5,gripper_r_finger1,0.460000,0.690000,0.000000,0.460000,0.690000,-0.000000,0.460000,0.690000,-0.000000,0.000000,0.000000,0.000000,0
479,9.580000,6,gripper_r_finger2,0.460000,0.690000,0.000000,0.460000,0.690000,-0.000000,0.460000,0.690000,-0.000000,0.000000,0.000000,0.000000,0
480,9.600000,1,gripper_l_palm,-0.460000,0.710000,0.000000,-0.460000,0.710000,-0.000000,-0.460000,0.710000,-0.000000,0.000000,0.000000,0.000000,0
480,9.600000,2,gripper_l_finger1,-0.460000,0.690000,0.000000,-0.460000,0.690000,-0.000000,-0.460000,0.690000,-0.000000,0.000000,0.000000,0.000000,0
480,9.600000,3,gripper_l_finger2,-0.460000,0.690000,0.000000,-0.460000,0.690000,-0.000000,-0.460000,0.690000,-0.000000,0.000000,0.000000,0.000000,0
480,9.600000,4,gripper_r_palm,0.460000,0.710000,0.000000,0.460000,0.710000,-0.000000,0.460000,0.710000,-0.000000,0.000000,0.000000,0.000000,0
480,9.600000,5,gripper_r_finger1,0.460000,0.690000,0.000000,0.460000,0.690000,-0.000000,0.460000,0.690000,-0.000000,0.000000,0.000000,0.000000,0
480,9.600000,6,gripper_r_finger2,0.460000,0.690000,0.000000,0.460000,0.690000,-0.000000,0.460000,0.690000,-0.000000,0.000000,0.000000,0.000000,0
481,9.620000,1,gripper_l_palm,-0.460000,0.710000,0.000000,-0.460000,0.710000,-0.000000,-0.460000,0.710000,-0.000000,0.000000,0.000000,0.000000,0
481,9.620000,2,gripper_l_finger1,-0.460000,0.690000,0.000000,-0.460000,0.690000,-0.000000,-0.460000,0.690000,-0.000000,0.000000,0.000000,0.000000,0
481,9.620000,3,gripper_l_finger2,-0.460000,0.690000,0.000000,-0.460000,0.690000,-0.000000,-0.460000,0.690000,-0.000000,0.000000,0.000000,0.000000,0
481,9.620000,4,gripper_r_palm,0.460000,0.710000,0.000000,0.460000,0.710000,-0.000000,0.460000,0.710000,-0.000000,0.000000,0.000000,0.000000,0
481,9.620000,5,gripper_r_finger1,0.460000,0.690000,0.000000,0.460000,0.690000,-0.000000,0.460000,0.690000,-0.000000,0.000000,0.000000,0.000000,0
481,9.620000,6,gripper_r_finger2,0.460000,0.690000,0.000000,0.460000,0.690000,-0.000000,0.460000,0.690000,-0.000000,0.000000,0.000000,0.000000,0
482,9.640000,1,gripper_l_palm,-0.460000,0.710000,0.000000,-0.460000,0.710000,-0.000000,-0.460000,0.710000,-0.000000,0.000000,0.000000,0.000000,0
482,9.640000,2,gripper_l_finger1,-0.460000,0.690000,0.000000,-0.460000,0.690000,-0.000000,-0.460000,0.690000,-0.000000,0.000000,0.000000,0.000000,0
482,9.640000,3,gripper_l_finger2,-0.460000,0.690000,0.000000,-0.460000,0.690000,-0.000000,-0.460000,0.690000,-0.000000,0.000000,0.000000,0.000000,0
482,9.640000,4,gripper_r_palm,0.460000,0.710000,0.000000,0.460000,0.710000,-0.000000,0.460000,0.710000,-0.000000,0.000000,0.000000,0.000000,0
482,9.640000,5,gripper_r_finger1,0.460000,0.690000,0.000000,0.460000,0.690000,-0.000000,0.460000,0.690000,-0.000000,0.000000,0.000000,0.000000,0
482,9.640000,6,gripper_r_finger2,0.460000,0.690000,0.000000,0.460000,0.690000,-0.000000,0.460000,0.690000,-0.000000,0.000000,0.000000,0.000000,0
483,9.660000,1,gripper_l_palm,-0.460000,0.710000,0.000000,-0.460000,0.710000,-0.000000,-0.460000,0.710000,-0.000000,0.000000,0.000000,0.000000,0
483,9.660000,2,gripper_l_finger1,-0.460000,0.690000,0.000000,-0.460000,0.690000,-0.000000,-0.460000,0.690000,-0.000000,0.000000,0.000000,0.000000,0
483,9.660000,3,gripper_l_finger2,-0.460000,0.690000,0.000000,-0.460000,0.690000,-0.000000,-0.460000,0.690000,-0.000000,0.000000,0.000000,0.000000,0
483,9.660000,4,gripper_r_palm,0.460000,0.710000,0.000000,0.460000,0.710000,-0.000000,0.460000,0.710000,-0.000000,0.000000,0.000000,0.000000,0
483,9.660000,5,gripper_r_finger1,0.460000,0.690000,0.000000,0.460000,0.690000,-0.000000,0.460000,0.690000,-0.000000,0.000000,0.000000,0.000000,0
483,9.660000,6,gripper_r_finger2,0.460000,0.690000,0.000000,0.460000,0.690000,-0.000000,0.460000,0.690000,-0.000000,0.000000,0.000000,0.000000,0
484,9.680000,1,gripper_l_palm,-0.460000,0.710000,0.000000,-0.460000,0.710000,-0.000000,-0.460000,0.710000,-0.000000,0.000000,0.000000,0.000000,0
484,9.680000,2,gripper_l_finger1,-0.460000,0.690000,0.000000,-0.460000,0.690000,-0.000000,-0.460000,0.690000,-0.000000,0.000000,0.000000,0.000000,0
484,9.680000,3,gripper_l_finger2,-0.460000,0.690000,0.000000,-0.460000,0.690000,-0.000000,-0.460000,0.690000,-0.000000,0.000000,0.000000,0.000000,0
484,9.680000,4,gripper_r_palm,0.460000,0.710000,0.000000,0.460000,0.710000,-0.000000,0.460000,0.710000,-0.000000,0.000000,0.000000,0.000000,0
484,9.680000,5,gripper_r_finger1,0.460000,0.690000,0.000000,0.460000,0.690000,-0.000000,0.460000,0.690000,-0.000000,0.000000,0.000000,0.000000,0
484,9.680000,6,gripper_r_finger2,0.460000,0.690000,0.000000,0.460000,0.690000,-0.000000,0.460000,0.690000,-0.000000,0.000000,0.000000,0.000000,0
485,9.700000,1,gripper_l_palm,-0.460000,0.710000,0.000000,-0.460000,0.710000,-0.000000,-0.460000,0.710000,-0.000000,0.000000,0.000000,0.000000,0
485,9.700000,2,gripper_l_finger1,-0.460000,0.690000,0.000000,-0.460000,0.690000,-0.000000,-0.460000,0.690000,-0.000000,0.000000,0.000000,0.000000,0
485,9.700000,3,gripper_l_finger2,-0.460000,0.690000,0.000000,-0.460000,0.690000,-0.000000,-0.460000,0.690000,-0.000000,0.000000,0.000000,0.000000,0
485,9.700000,4,gripper_r_palm,0.460000,0.710000,0.000000,0.460000,0.710000,-0.000000,0.460000,0.710000,-0.000000,0.000000,0.000000,0.000000,0
485,9.700000,5,gripper_r_finger1,0.460000,0.690000,0.000000,0.460000,0.690000,-0.000000,0.460000,0.690000,-0.000000,0.000000,0.000000,0.000000,0
485,9.700000,6,gripper_r_finger2,0.460000,0.690000,0.000000,0.460000,0.690000,-0.000000,0.460000,0.690000,-0.000000,0.000000,0.000000,0.000000,0
486,9.720000,1,gripper_l_palm,-0.460000,0.710000,0.000000,-0.460000,0.710000,-0.000000,-0.460000,0.710000,-0.000000,0.000000,0.000000,0.000000,0
486,9.720000,2,gripper_l_finger1,-0.460000,0.690000,0.000000,-0.460000,0.690000,-0.000000,-0.460000,0.690000,-0.000000,0.000000,0.000000,0.000000,0
486,9.720000,3,gripper_l_finger2,-0.460000,0.690000,0.000000,-0.460000,0.690000,-0.000000,-0.460000,0.690000,-0.000000,0.000000,0.000000,0.000000,0
486,9.720000,4,gripper_r_palm,0.460000,0.710000,0.000000,0.460000,0.710000,-0.000000,0.460000,0.710000,-0.000000,0.000000,0.000000,0.000000,0
486,9.720000,5,gripper_r_finger1,0.460000,0.690000,0.000000,0.460000,0.690000,-0.000000,0.460000,0.690000,-0.000000,0.000000,0.000000,0.000000,0
486,9.720000,6,gripper_r_finger2,0.460000,0.690000,0.000000,0.460000,0.690000,-0.000000,0.460000,0.690000,-0.000000,0.000000,0.000000,0.000000,0
487,9.740000,1,gripper_l_palm,-0.460000,0.710000,0.000000,-0.460000,0.710000,-0.000000,-0.460000,0.710000,-0.000000,0.000000,0.000000,0.000000,0
487,9.740000,2,gripper_l_finger1,-0.460000,0.690000,0.000000,-0.460000,0.690000,-0.000000,-0.460000,0.690000,-0.000000,0.000000,0.000000,0.000000,0
487,9.740000,3,gripper_l_finger2,-0.460000,0.690000,0.000000,-0.460000,0.690000,-0.000000,-0.460000,0.690000,-0.000000,0.000000,0.000000,0.000000,0
487,9.740000,4,gripper_r_palm,0.460000,0.710000,0.000000,0.460000,0.710000,-0.000000,0.460000,0.710000,-0.000000,0.000000,0.000000,0.000000,0
487,9.740000,5,gripper_r_finger1,0.460000,0.690000,0.000000,0.460000,0.690000,-0.000000,0.460000,0.690000,-0.000000,0.000000,0.000000,0.000000,0
487,9.740000,6,gripper_r_finger2,0.460000,0.690000,0.000000,0.460000,0.690000,-0.000000,0.460000,0.690000,-0.000000,0.000000,0.000000,0.000000,0
488,9.760000,1,gripper_l_palm,-0.460000,0.710000,0.000000,-0.460000,0.710000,-0.000000,-0.460000,0.710000,-0.000000,0.000000,0.000000,0.000000,0
488,9.760000,2,gripper_l_finger1,-0.460000,0.690000,0.000000,-0.460000,0.690000,-0.000000,-0.460000,0.690000,-0.000000,0.000000,0.000000,0.000000,0
488,9.760000,3,gripper_l_finger2,-0.460000,0.690000,0.000000,-0.460000,0.690000,-0.000000,-0.460000,0.690000,-0.000000,0.000000,0.000000,0.000000,0
488,9.760000,4,gripper_r_palm,0.460000,0.710000,0.000000,0.460000,0.710000,-0.000000,0.460000,0.710000,-0.000000,0.000000,0.000000,0.000000,0
488,9.760000,5,gripper_r_finger1,0.460000,0.690000,0.000000,0.460000,0.690000,-0.000000,0.460000,0.690000,-0.000000,0.000000,0.000000,0.000000,0
488,9.760000,6,gripper_r_finger2,0.460000,0.690000,0.000000,0.460000,0.690000,-0.000000,0.460000,0.690000,-0.000000,0.000000,0.000000,0.000000,0
489,9.780000,1,gripper_l_palm,-0.460000,0.710000,0.000000,-0.460000,0.710000,-0.000000,-0.460000,0.710000,-0.000000,0.000000,0.000000,0.000000,0
489,9.780000,2,gripper_l_finger1,-0.460000,0.690000,0.000000,-0.460000,0.690000,-0.000000,-0.460000,0.690000,-0.000000,0.000000,0.000000,0.000000,0
489,9.780000,3,gripper_l_finger2,-0.460000,0.690000,0.000000,-0.460000,0.690000,-0.000000,-0.460000,0.690000,-0.000000,0.000000,0.000000,0.000000,0
489,9.780000,4,gripper_r_palm,0.460000,0.710000,0.000000,0.460000,0.710000,-0.000000,0.460000,0.710000,-0.000000,0.000000,0.000000,0.000000,0
489,9.780000,5,gripper_r_finger1,0.460000,0.690000,0.000000,0.460000,0.690000,-0.000000,0.460000,0.690000,-0.000000,0.000000,0.000000,0.000000,0
489,9.780000,6,gripper_r_finger2,0.460000,0.690000,0.000000,0.460000,0.690000,-0.000000,0.460000,0.690000,-0.000000,0.000000,0.000000,0.000000,0
490,9.800000,1,gripper_l_palm,-0.460000,0.710000,0.000000,-0.460000,0.710000,-0.000000,-0.460000,0.710000,-0.000000,0.000000,0.000000,0.000000,0
490,9.800000,2,gripper_l_finger1,-0.460000,0.690000,0.000000,-0.460000,0.690000,-0.000000,-0.460000,0.690000,-0.000000,0.000000,0.000000,0.000000,0
490,9.800000,3,gripper_l_finger2,-0.460000,0.690000,0.000000,-0.460000,0.690000,-0.000000,-0.460000,0.690000,-0.000000,0.000000,0.000000,0.000000,0
490,9.800000,4,gripper_r_palm,0.460000,0.710000,0.000000,0.460000,0.710000,-0.000000,0.460000,0.710000,-0.000000,0.000000,0.000000,0.000000,0
490,9.800000,5,gripper_r_finger1,0.460000,0.690000,0.000000,0.460000,0.690000,-0.000000,0.460000,0.690000,-0.000000,0.000000,0.000000,0.000000,0
490,9.800000,6,gripper_r_finger2,0.460000,0.690000,0.000000,0.460000,0.690000,-0.000000,0.460000,0.690000,-0.000000,0.000000,0.000000,0.000000,0
491,9.820000,1,gripper_l_palm,-0.460000,0.710000,0.000000,-0.460000,0.710000,-0.000000,-0.460000,0.710000,-0.000000,0.000000,0.000000,0.000000,0
491,9.820000,2,gripper_l_finger1,-0.460000,0.690000,0.000000,-0.460000,0.690000,-0.000000,-0.460000,0.690000,-0.000000,0.000000,0.000000,0.000000,0
491,9.820000,3,gripper_l_finger2,-0.460000,0.690000,0.000000,-0.460000,0.690000,-0.000000,-0.460000,0.690000,-0.000000,0.000000,0.000000,0.000000,0
491,9.820000,4,gripper_r_palm,0.460000,0.710000,0.000000,0.460000,0.710000,-0.000000,0.460000,0.710000,-0.000000,0.000000,0.000000,0.000000,0
491,9.820000,5,gripper_r_finger1,0.460000,0.690000,0.000000,0.460000,0.690000,-0.000000,0.460000,0.690000,-0.000000,0.000000,0.000000,0.000000,0
491,9.820000,6,gripper_r_finger2,0.460000,0.690000,0.000000,0.460000,0.690000,-0.000000,0.460000,0.690000,-0.000000,0.000000,0.000000,0.000000,0
492,9.840000,1,gripper_l_palm,-0.460000,0.710000,0.000000,-0.460000,0.710000,-0.000000,-0.460000,0.710000,-0.000000,0.000000,0.000000,0.000000,0
492,9.840000,2,gripper_l_finger1,-0.460000,0.690000,0.000000,-0.460000,0.690000,-0.000000,-0.460000,0.690000,-0.000000,0.000000,0.000000,0.000000,0
492,9.840000,3,gripper_l_finger2,-0.460000,0.690000,0.000000,-0.460000,0.690000,-0.000000,-0.460000,0.690000,-0.000000,0.000000,0.000000,0.000000,0
492,9.840000,4,gripper_r_palm,0.460000,0.710000,0.000000,0.460000,0.710000,-0.000000,0.460000,0.710000,-0.000000,0.000000,0.000000,0.000000,0
492,9.840000,5,gripper_r_finger1,0.460000,0.690000,0.000000,0.460000,0.690000,-0.000000,0.460000,0.690000,-0.000000,0.000000,0.000000,0.000000,0
492,9.840000,6,gripper_r_finger2,0.460000,0.690000,0.000000,0.460000,0.690000,-0.000000,0.460000,0.690000,-0.000000,0.000000,0.000000,0.000000,0
493,9.860000,1,gripper_l_palm,-0.460000,0.710000,0.000000,-0.460000,0.710000,-0.000000,-0.460000,0.710000,-0.000000,0.000000,0.000000,0.000000,0
493,9.860000,2,gripper_l_finger1,-0.460000,0.690000,0.000000,-0.460000,0.690000,-0.000000,-0.460000,0.690000,-0.000000,0.000000,0.000000,0.000000,0
493,9.860000,3,gripper_l_finger2,-0.460000,0.690000,0.000000,-0.460000,0.690000,-0.000000,-0.460000,0.690000,-0.000000,0.000000,0.000000,0.000000,0
493,9.860000,4,gripper_r_palm,0.460000,0.710000,0.000000,0.460000,0.710000,-0.000000,0.460000,0.710000,-0.000000,0.000000,0.000000,0.000000,0
493,9.860000,5,gripper_r_finger1,0.460000,0.690000,0.000000,0.460000,0.690000,-0.000000,0.460000,0.690000,-0.000000,0.000000,0.000000,0.000000,0
493,9.860000,6,gripper_r_finger2,0.460000,0.690000,0.000000,0.460000,0.690000,-0.000000,0.460000,0.690000,-0.000000,0.000000,0.000000,0.000000,0
494,9.880000,1,gripper_l_palm,-0.460000,0.710000,0.000000,-0.460000,0.710000,-0.000000,-0.460000,0.710000,-0.000000,0.000000,0.000000,0.000000,0
494,9.880000,2,gripper_l_finger1,-0.460000,0.690000,0.000000,-0.460000,0.690000,-0.000000,-0.460000,0.690000,-0.000000,0.000000,0.000000,0.000000,0
494,9.880000,3,gripper_l_finger2,-0.460000,0.690000,0.000000,-0.460000,0.690000,-0.000000,-0.460000,0.690000,-0.000000,0.000000,0.000000,0.000000,0
494,9.880000,4,gripper_r_palm,0.460000,0.710000,0.000000,0.460000,0.710000,-0.000000,0.460000,0.710000,-0.000000,0.000000,0.000000,0.000000,0
494,9.880000,5,gripper_r_finger1,0.460000,0.690000,0.000000,0.460000,0.690000,-0.000000,0.460000,0.690000,-0.000000,0.000000,0.000000,0.000000,0
494,9.880000,6,gripper_r_finger2,0.460000,0.690000,0.000000,0.460000,0.690000,-0.000000,0.460000,0.690000,-0.000000,0.000000,0.000000,0.000000,0
495,9.900000,1,gripper_l_palm,-0.460000,0.710000,0.000000,-0.460000,0.710000,-0.000000,-0.460000,0.710000,-0.000000,0.000000,0.000000,0.000000,0
495,9.900000,2,gripper_l_finger1,-0.460000,0.690000,0.000000,-0.460000,0.690000,-0.000000,-0.460000,0.690000,-0.000000,0.000000,0.000000,0.000000,0
495,9.900000,3,gripper_l_finger2,-0.460000,0.690000,0.000000,-0.460000,0.690000,-0.000000,-0.460000,0.690000,-0.000000,0.000000,0.000000,0.000000,0
495,9.900000,4,gripper_r_palm,0.460000,0.710000,0.000000,0.460000,0.710000,-0.000000,0.460000,0.710000,-0.000000,0.000000,0.000000,0.000000,0
495,9.900000,5,gripper_r_finger1,0.460000,0.690000,0.000000,0.460000,0.690000,-0.000000,0.460000,0.690000,-0.000000,0.000000,0.000000,0.000000,0
495,9.900000,6,gripper_r_finger2,0.460000,0.690000,0.000000,0.460000,0.690000,-0.000000,0.460000,0.690000,-0.000000,0.000000,0.000000,0.000000,0
496,9.920000,1,gripper_l_palm,-0.460000,0.710000,0.000000,-0.460000,0.710000,-0.000000,-0.460000,0.710000,-0.000000,0.000000,0.000000,0.000000,0
496,9.920000,2,gripper_l_finger1,-0.460000,0.690000,0.000000,-0.460000,0.690000,-0.000000,-0.460000,0.690000,-0.000000,0.000000,0.000000,0.000000,0
496,9.920000,3,gripper_l_finger2,-0.460000,0.690000,0.000000,-0.460000,0.690000,-0.000000,-0.460000,0.690000,-0.000000,0.000000,0.000000,0.000000,0
496,9.920000,4,gripper_r_palm,0.460000,0.710000,0.000000,0.460000,0.710000,-0.000000,0.460000,0.710000,-0.000000,0.000000,0.000000,0.000000,0
496,9.920000,5,gripper_r_finger1,0.460000,0.690000,0.000000,0.460000,0.690000,-0.000000,0.460000,0.690000,-0.000000,0.000000,0.000000,0.000000,0
496,9.920000,6,gripper_r_finger2,0.460000,0.690000,0.000000,0.460000,0.690000,-0.000000,0.460000,0.690000,-0.000000,0.000000,0.000000,0.000000,0
497,9.940000,1,gripper_l_palm,-0.460000,0.710000,0.000000,-0.460000,0.710000,-0.000000,-0.460000,0.710000,-0.000000,0.000000,0.000000,0.000000,0
497,9.940000,2,gripper_l_finger1,-0.460000,0.690000,0.000000,-0.460000,0.690000,-0.000000,-0.460000,0.690000,-0.000000,0.000000,0.000000,0.000000,0
497,9.940000,3,gripper_l_finger2,-0.460000,0.690000,0.000000,-0.460000,0.690000,-0.000000,-0.460000,0.690000,-0.000000,0.000000,0.000000,0.000000,0
497,9.940000,4,gripper_r_palm,0.460000,0.710000,0.000000,0.460000,0.710000,-0.000000,0.460000,0.710000,-0.000000,0.000000,0.000000,0.000000,0
497,9.940000,5,gripper_r_finger1,0.460000,0.690000,0.000000,0.460000,0.690000,-0.000000,0.460000,0.690000,-0.000000,0.000000,0.000000,0.000000,0
497,9.940000,6,gripper_r_finger2,0.460000,0.690000,0.000000,0.460000,0.690000,-0.000000,0.460000,0.690000,-0.000000,0.000000,0.000000,0.000000,0
498,9.960000,1,gripper_l_palm,-0.460000,0.710000,0.000000,-0.460000,0.710000,-0.000000,-0.460000,0.710000,-0.000000,0.000000,0.000000,0.000000,0
498,9.960000,2,gripper_l_finger1,-0.460000,0.690000,0.000000,-0.460000,0.690000,-0.000000,-0.460000,0.690000,-0.000000,0.000000,0.000000,0.000000,0
498,9.960000,3,gripper_l_finger2,-0.460000,0.690000,0.000000,-0.460000,0.690000,-0.000000,-0.460000,0.690000,-0.000000,0.000000,0.000000,0.000000,0
498,9.960000,4,gripper_r_palm,0.460000,0.710000,0.000000,0.460000,0.710000,-0.000000,0.460000,0.710000,-0.000000,0.000000,0.000000,0.000000,0
498,9.960000,5,gripper_r_finger1,0.460000,0.690000,0.000000,0.460000,0.690000,-0.000000,0.460000,0.690000,-0.000000,0.000000,0.000000,0.000000,0
498,9.960000,6,gripper_r_finger2,0.460000,0.690000,0.000000,0.460000,0.690000,-0.000000,0.460000,0.690000,-0.000000,0.000000,0.000000,0.000000,0
499,9.980000,1,gripper_l_palm,-0.460000,0.710000,0.000000,-0.460000,0.710000,-0.000000,-0.460000,0.710000,-0.000000,0.000000,0.000000,0.000000,0
499,9.980000,2,gripper_l_finger1,-0.460000,0.690000,0.000000,-0.460000,0.690000,-0.000000,-0.460000,0.690000,-0.000000,0.000000,0.000000,0.000000,0
499,9.980000,3,gripper_l_finger2,-0.460000,0.690000,0.000000,-0.460000,0.690000,-0.000000,-0.460000,0.690000,-0.000000,0.000000,0.000000,0.000000,0
499,9.980000,4,gripper_r_palm,0.460000,0.710000,0.000000,0.460000,0.710000,-0.000000,0.460000,0.710000,-0.000000,0.000000,0.000000,0.000000,0
499,9.980000,5,gripper_r_finger1,0.460000,0.690000,0.000000,0.460000,0.690000,-0.000000,0.460000,0.690000,-0.000000,0.000000,0.000000,0.000000,0
499,9.980000,6,gripper_r_finger2,0.460000,0.690000,0.000000,0.460000,0.690000,-0.000000,0.460000,0.690000,-0.000000,0.000000,0.000000,0.000000,0
500,10.000000,1,gripper_l_palm,-0.460000,0.710000,0.000000,-0.460000,0.710000,-0.000000,-0.460000,0.710000,-0.000000,0.000000,0.000000,0.000000,0
500,10.000000,2,gripper_l_finger1,-0.460000,0.690000,0.000000,-0.460000,0.690000,-0.000000,-0.460000,0.690000,-0.000000,0.000000,0.000000,0.000000,0
500,10.000000,3,gripper_l_finger2,-0.460000,0.690000,0.000000,-0.460000,0.690000,-0.000000,-0.460000,0.690000,-0.000000,0.000000,0.000000,0.000000,0
500,10.000000,4,gripper_r_palm,0.460000,0.710000,0.000000,0.460000,0.710000,-0.000000,0.460000,0.710000,-0.000000,0.000000,0.000000,0.000000,0
500,10.000000,5,gripper_r_finger1,0.460000,0.690000,0.000000,0.460000,0.690000,-0.000000,0.460000,0.690000,-0.000000,0.000000,0.000000,0.000000,0
500,10.000000,6,gripper_r_finger2,0.460000,0.690000,0.000000,0.460000,0.690000,-0.000000,0.460000,0.690000,-0.000000,0.000000,0.000000,0.000000,0
501,10.020000,1,gripper_l_palm,-0.460000,0.710000,0.000000,-0.460000,0.710000,-0.000000,-0.460000,0.710000,-0.000000,0.000000,0.000000,0.000000,0
501,10.020000,2,gripper_l_finger1,-0.460000,0.690000,0.000000,-0.460000,0.690000,-0.000000,-0.460000,0.690000,-0.000000,0.000000,0.000000,0.000000,0
501,10.020000,3,gripper_l_finger2,-0.460000,0.690000,0.000000,-0.460000,0.690000,-0.000000,-0.460000,0.690000,-0.000000,0.000000,0.000000,0.000000,0
501,10.020000,4,gripper_r_palm,0.460000,0.710000,0.000000,0.460000,0.710000,-0.000000,0.460000,0.710000,-0.000000,0.000000,0.000000,0.000000,0
501,10.020000,5,gripper_r_finger1,0.460000,0.690000,0.000000,0.460000,0.690000,-0.000000,0.460000,0.690000,-0.000000,0.000000,0.000000,0.000000,0
501,10.020000,6,gripper_r_finger2,0.460000,0.690000,0.000000,0.460000,0.690000,-0.000000,0.460000,0.690000,-0.000000,0.000000,0.000000,0.000000,0
502,10.040000,1,gripper_l_palm,-0.460000,0.710000,0.000000,-0.460000,0.710000,-0.000000,-0.460000,0.710000,-0.000000,0.000000,0.000000,0.000000,0
502,10.040000,2,gripper_l_finger1,-0.460000,0.690000,0.000000,-0.460000,0.690000,-0.000000,-0.460000,0.690000,-0.000000,0.000000,0.000000,0.000000,0
502,10.040000,3,gripper_l_finger2,-0.460000,0.690000,0.000000,-0.460000,0.690000,-0.000000,-0.460000,0.690000,-0.000000,0.000000,0.000000,0.000000,0
502,10.040000,4,gripper_r_palm,0.460000,0.710000,0.000000,0.460000,0.710000,-0.000000,0.460000,0.710000,-0.000000,0.000000,0.000000,0.000000,0
502,10.040000,5,gripper_r_finger1,0.460000,0.690000,0.000000,0.460000,0.690000,-0.000000,0.460000,0.690000,-0.000000,0.000000,0.000000,0.000000,0
502,10.040000,6,gripper_r_finger2,0.460000,0.690000,0.000000,0.460000,0.690000,-0.000000,0.460000,0.690000,-0.000000,0.000000,0.000000,0.000000,0
503,10.060000,1,gripper_l_palm,-0.460000,0.710000,0.000000,-0.460000,0.710000,-0.000000,-0.460000,0.710000,-0.000000,0.000000,0.000000,0.000000,0
503,10.060000,2,gripper_l_finger1,-0.460000,0.690000,0.000000,-0.460000,0.690000,-0.000000,-0.460000,0.690000,-0.000000,0.000000,0.000000,0.000000,0
503,10.060000,3,gripper_l_finger2,-0.460000,0.690000,0.000000,-0.460000,0.690000,-0.000000,-0.460000,0.690000,-0.000000,0.000000,0.000000,0.000000,0
503,10.060000,4,gripper_r_palm,0.460000,0.710000,0.000000,0.460000,0.710000,-0.000000,0.460000,0.710000,-0.000000,0.000000,0.000000,0.000000,0
503,10.060000,5,gripper_r_finger1,0.460000,0.690000,0.000000,0.460000,0.690000,-0.000000,0.460000,0.690000,-0.000000,0.000000,0.000000,0.000000,0
503,10.060000,6,gripper_r_finger2,0.460000,0.690000,0.000000,0.460000,0.690000,-0.000000,0.460000,0.690000,-0.000000,0.000000,0.000000,0.000000,0
504,10.080000,1,gripper_l_palm,-0.460000,0.710000,0.000000,-0.460000,0.710000,-0.000000,-0.460000,0.710000,-0.000000,0.000000,0.000000,0.000000,0
504,10.080000,2,gripper_l_finger1,-0.460000,0.690000,0.000000,-0.460000,0.690000,-0.000000,-0.460000,0.690000,-0.000000,0.000000,0.000000,0.000000,0
504,10.080000,3,gripper_l_finger2,-0.460000,0.690000,0.000000,-0.460000,0.690000,-0.000000,-0.460000,0.690000,-0.000000,0.000000,0.000000,0.000000,0
504,10.080000,4,gripper_r_palm,0.460000,0.710000,0.000000,0.460000,0.710000,-0.000000,0.460000,0.710000,-0.000000,0.000000,0.000000,0.000000,0
504,10.080000,5,gripper_r_finger1,0.460000,0.690000,0.000000,0.460000,0.690000,-0.000000,0.460000,0.690000,-0.000000,0.000000,0.000000,0.000000,0
504,10.080000,6,gripper_r_finger2,0.460000,0.690000,0.000000,0.460000,0.690000,-0.000000,0.460000,0.690000,-0.000000,0.000000,0.000000,0.000000,0
505,10.100000,1,gripper_l_palm,-0.460000,0.710000,0.000000,-0.460000,0.710000,-0.000000,-0.460000,0.710000,-0.000000,0.000000,0.000000,0.000000,0
505,10.100000,2,gripper_l_finger1,-0.460000,0.690000,0.000000,-0.460000,0.690000,-0.000000,-0.460000,0.690000,-0.000000,0.000000,0.000000,0.000000,0
505,10.100000,3,gripper_l_finger2,-0.460000,0.690000,0.000000,-0.460000,0.690000,-0.000000,-0.460000,0.690000,-0.000000,0.000000,0.000000,0.000000,0
505,10.100000,4,gripper_r_palm,0.460000,0.710000,0.000000,0.460000,0.710000,-0.000000,0.460000,0.710000,-0.000000,0.000000,0.000000,0.000000,0
505,10.100000,5,gripper_r_finger1,0.460000,0.690000,0.000000,0.460000,0.690000,-0.000000,0.460000,0.690000,-0.000000,0.000000,0.000000,0.000000,0
505,10.100000,6,gripper_r_finger2,0.460000,0.690000,0.000000,0.460000,0.690000,-0.000000,0.460000,0.690000,-0.000000,0.000000,0.000000,0.000000,0
506,10.120000,1,gripper_l_palm,-0.460000,0.710000,0.000000,-0.460000,0.710000,-0.000000,-0.460000,0.710000,-0.000000,0.000000,0.000000,0.000000,0
506,10.120000,2,gripper_l_finger1,-0.460000,0.690000,0.000000,-0.460000,0.690000,-0.000000,-0.460000,0.690000,-0.000000,0.000000,0.000000,0.000000,0
506,10.120000,3,gripper_l_finger2,-0.460000,0.690000,0.000000,-0.460000,0.690000,-0.000000,-0.460000,0.690000,-0.000000,0.000000,0.000000,0.000000,0
506,10.120000,4,gripper_r_palm,0.460000,0.710000,0.000000,0.460000,0.710000,-0.000000,0.460000,0.710000,-0.000000,0.000000,0.000000,0.000000,0
506,10.120000,5,gripper_r_finger1,0.460000,0.690000,0.000000,0.460000,0.690000,-0.000000,0.460000,0.690000,-0.000000,0.000000,0.000000,0.000000,0
506,10.120000,6,gripper_r_finger2,0.460000,0.690000,0.000000,0.460000,0.690000,-0.000000,0.460000,0.690000,-0.000000,0.000000,0.000000,0.000000,0
507,10.140000,1,gripper_l_palm,-0.460000,0.710000,0.000000,-0.460000,0.710000,-0.000000,-0.460000,0.710000,-0.000000,0.000000,0.000000,0.000000,0
507,10.140000,2,gripper_l_finger1,-0.460000,0.690000,0.000000,-0.460000,0.690000,-0.000000,-0.460000,0.690000,-0.000000,0.000000,0.000000,0.000000,0
507,10.140000,3,gripper_l_finger2,-0.460000,0.690000,0.000000,-0.460000,0.690000,-0.000000,-0.460000,0.690000,-0.000000,0.000000,0.000000,0.000000,0
507,10.140000,4,gripper_r_palm,0.460000,0.710000,0.000000,0.460000,0.710000,-0.000000,0.460000,0.710000,-0.000000,0.000000,0.000000,0.000000,0
507,10.140000,5,gripper_r_finger1,0.460000,0.690000,0.000000,0.460000,0.690000,-0.000000,0.460000,0.690000,-0.000000,0.000000,0.000000,0.000000,0
507,10.140000,6,gripper_r_finger2,0.460000,0.690000,0.000000,0.460000,0.690000,-0.000000,0.460000,0.690000,-0.000000,0.000000,0.000000,0.000000,0
508,10.160000,1,gripper_l_palm,-0.460000,0.710000,0.000000,-0.460000,0.710000,-0.000000,-0.460000,0.710000,-0.000000,0.000000,0.000000,0.000000,0
508,10.160000,2,gripper_l_finger1,-0.460000,0.690000,0.000000,-0.460000,0.690000,-0.000000,-0.460000,0.690000,-0.000000,0.000000,0.000000,0.000000,0
508,10.160000,3,gripper_l_finger2,-0.460000,0.690000,0.000000,-0.460000,0.690000,-0.000000,-0.460000,0.690000,-0.000000,0.000000,0.000000,0.000000,0
508,10.160000,4,gripper_r_palm,0.460000,0.710000,0.000000,0.460000,0.710000,-0.000000,0.460000,0.710000,-0.000000,0.000000,0.000000,0.000000,0
508,10.160000,5,gripper_r_finger1,0.460000,0.690000,0.000000,0.460000,0.690000,-0.000000,0.460000,0.690000,-0.000000,0.000000,0.000000,0.000000,0
508,10.160000,6,gripper_r_finger2,0.460000,0.690000,0.000000,0.460000,0.690000,-0.000000,0.460000,0.690000,-0.000000,0.000000,0.000000,0.000000,0
509,10.180000,1,gripper_l_palm,-0.460000,0.710000,0.000000,-0.460000,0.710000,-0.000000,-0.460000,0.710000,-0.000000,0.000000,0.000000,0.000000,0
509,10.180000,2,gripper_l_finger1,-0.460000,0.690000,0.000000,-0.460000,0.690000,-0.000000,-0.460000,0.690000,-0.000000,0.000000,0.000000,0.000000,0
509,10.180000,3,gripper_l_finger2,-0.460000,0.690000,0.000000,-0.460000,0.690000,-0.000000,-0.460000,0.690000,-0.000000,0.000000,0.000000,0.000000,0
509,10.180000,4,gripper_r_palm,0.460000,0.710000,0.000000,0.460000,0.710000,-0.000000,0.460000,0.710000,-0.000000,0.000000,0.000000,0.000000,0
509,10.180000,5,gripper_r_finger1,0.460000,0.690000,0.000000,0.460000,0.690000,-0.000000,0.460000,0.690000,-0.000000,0.000000,0.000000,0.000000,0
509,10.180000,6,gripper_r_finger2,0.460000,0.690000,0.000000,0.460000,0.690000,-0.000000,0.460000,0.690000,-0.000000,0.000000,0.000000,0.000000,0
510,10.200000,1,gripper_l_palm,-0.460000,0.710000,0.000000,-0.460000,0.710000,-0.000000,-0.460000,0.710000,-0.000000,0.000000,0.000000,0.000000,0
510,10.200000,2,gripper_l_finger1,-0.460000,0.690000,0.000000,-0.460000,0.690000,-0.000000,-0.460000,0.690000,-0.000000,0.000000,0.000000,0.000000,0
510,10.200000,3,gripper_l_finger2,-0.460000,0.690000,0.000000,-0.460000,0.690000,-0.000000,-0.460000,0.690000,-0.000000,0.000000,0.000000,0.000000,0
510,10.200000,4,gripper_r_palm,0.460000,0.710000,0.000000,0.460000,0.710000,-0.000000,0.460000,0.710000,-0.000000,0.000000,0.000000,0.000000,0
510,10.200000,5,gripper_r_finger1,0.460000,0.690000,0.000000,0.460000,0.690000,-0.000000,0.460000,0.690000,-0.000000,0.000000,0.000000,0.000000,0
510,10.200000,6,gripper_r_finger2,0.460000,0.690000,0.000000,0.460000,0.690000,-0.000000,0.460000,0.690000,-0.000000,0.000000,0.000000,0.000000,0
511,10.220000,1,gripper_l_palm,-0.460000,0.710000,0.000000,-0.460000,0.710000,-0.000000,-0.460000,0.710000,-0.000000,0.000000,0.000000,0.000000,0
511,10.220000,2,gripper_l_finger1,-0.460000,0.690000,0.000000,-0.460000,0.690000,-0.000000,-0.460000,0.690000,-0.000000,0.000000,0.000000,0.000000,0
511,10.220000,3,gripper_l_finger2,-0.460000,0.690000,0.000000,-0.460000,0.690000,-0.000000,-0.460000,0.690000,-0.000000,0.000000,0.000000,0.000000,0
511,10.220000,4,gripper_r_palm,0.460000,0.710000,0.000000,0.460000,0.710000,-0.000000,0.460000,0.710000,-0.000000,0.000000,0.000000,0.000000,0
511,10.220000,5,gripper_r_finger1,0.460000,0.690000,0.000000,0.460000,0.690000,-0.000000,0.460000,0.690000,-0.000000,0.000000,0.000000,0.000000,0
511,10.220000,6,gripper_r_finger2,0.460000,0.690000,0.000000,0.460000,0.690000,-0.000000,0.460000,0.690000,-0.000000,0.000000,0.000000,0.000000,0
512,10.240000,1,gripper_l_palm,-0.460000,0.710000,0.000000,-0.460000,0.710000,-0.000000,-0.460000,0.710000,-0.000000,0.000000,0.000000,0.000000,0
512,10.240000,2,gripper_l_finger1,-0.460000,0.690000,0.000000,-0.460000,0.690000,-0.000000,-0.460000,0.690000,-0.000000,0.000000,0.000000,0.000000,0
512,10.240000,3,gripper_l_finger2,-0.460000,0.690000,0.000000,-0.460000,0.690000,-0.000000,-0.460000,0.690000,-0.000000,0.000000,0.000000,0.000000,0
512,10.240000,4,gripper_r_palm,0.460000,0.710000,0.000000,0.460000,0.710000,-0.000000,0.460000,0.710000,-0.000000,0.000000,0.000000,0.000000,0
512,10.240000,5,gripper_r_finger1,0.460000,0.690000,0.000000,0.460000,0.690000,-0.000000,0.460000,0.690000,-0.000000,0.000000,0.000000,0.000000,0
512,10.240000,6,gripper_r_finger2,0.460000,0.690000,0.000000,0.460000,0.690000,-0.000000,0.460000,0.690000,-0.000000,0.000000,0.000000,0.000000,0
513,10.260000,1,gripper_l_palm,-0.460000,0.710000,0.000000,-0.460000,0.710000,-0.000000,-0.460000,0.710000,-0.000000,0.000000,0.000000,0.000000,0
513,10.260000,2,gripper_l_finger1,-0.460000,0.690000,0.000000,-0.460000,0.690000,-0.000000,-0.460000,0.690000,-0.000000,0.000000,0.000000,0.000000,0
513,10.260000,3,gripper_l_finger2,-0.460000,0.690000,0.000000,-0.460000,0.690000,-0.000000,-0.460000,0.690000,-0.000000,0.000000,0.000000,0.000000,0
513,10.260000,4,gripper_r_palm,0.460000,0.710000,0.000000,0.460000,0.710000,-0.000000,0.460000,0.710000,-0.000000,0.000000,0.000000,0.000000,0
513,10.260000,5,gripper_r_finger1,0.460000,0.690000,0.000000,0.460000,0.690000,-0.000000,0.460000,0.690000,-0.000000,0.000000,0.000000,0.000000,0
513,10.260000,6,gripper_r_finger2,0.460000,0.690000,0.000000,0.460000,0.690000,-0.000000,0.460000,0.690000,-0.000000,0.000000,0.000000,0.000000,0
514,10.280000,1,gripper_l_palm,-0.460000,0.710000,0.000000,-0.460000,0.710000,-0.000000,-0.460000,0.710000,-0.000000,0.000000,0.000000,0.000000,0
514,10.280000,2,gripper_l_finger1,-0.460000,0.690000,0.000000,-0.460000,0.690000,-0.000000,-0.460000,0.690000,-0.000000,0.000000,0.000000,0.000000,0
514,10.280000,3,gripper_l_finger2,-0.460000,0.690000,0.000000,-0.460000,0.690000,-0.000000,-0.460000,0.690000,-0.000000,0.000000,0.000000,0.000000,0
514,10.280000,4,gripper_r_palm,0.460000,0.710000,0.000000,0.460000,0.710000,-0.000000,0.460000,0.710000,-0.000000,0.000000,0.000000,0.000000,0
514,10.280000,5,gripper_r_finger1,0.460000,0.690000,0.000000,0.460000,0.690000,-0.000000,0.460000,0.690000,-0.000000,0.000000,0.000000,0.000000,0
514,10.280000,6,gripper_r_finger2,0.460000,0.690000,0.000000,0.460000,0.690000,-0.000000,0.460000,0.690000,-0.000000,0.000000,0.000000,0.000000,0
515,10.300000,1,gripper_l_palm,-0.460000,0.710000,0.000000,-0.460000,0.710000,-0.000000,-0.460000,0.710000,-0.000000,0.000000,0.000000,0.000000,0
515,10.300000,2,gripper_l_finger1,-0.460000,0.690000,0.000000,-0.460000,0.690000,-0.000000,-0.460000,0.690000,-0.000000,0.000000,0.000000,0.000000,0
515,10.300000,3,gripper_l_finger2,-0.460000,0.690000,0.000000,-0.460000,0.690000,-0.000000,-0.460000,0.690000,-0.000000,0.000000,0.000000,0.000000,0
515,10.300000,4,gripper_r_palm,0.460000,0.710000,0.000000,0.460000,0.710000,-0.000000,0.460000,0.710000,-0.000000,0.000000,0.000000,0.000000,0
515,10.300000,5,gripper_r_finger1,0.460000,0.690000,0.000000,0.460000,0.690000,-0.000000,0.460000,0.690000,-0.000000,0.000000,0.000000,0.000000,0
515,10.300000,6,gripper_r_finger2,0.460000,0.690000,0.000000,0.460000,0.690000,-0.000000,0.460000,0.690000,-0.000000,0.000000,0.000000,0.000000,0
516,10.320000,1,gripper_l_palm,-0.460000,0.710000,0.000000,-0.460000,0.710000,-0.000000,-0.460000,0.710000,-0.000000,0.000000,0.000000,0.000000,0
516,10.320000,2,gripper_l_finger1,-0.460000,0.690000,0.000000,-0.460000,0.690000,-0.000000,-0.460000,0.690000,-0.000000,0.000000,0.000000,0.000000,0
516,10.320000,3,gripper_l_finger2,-0.460000,0.690000,0.000000,-0.460000,0.690000,-0.000000,-0.460000,0.690000,-0.000000,0.000000,0.000000,0.000000,0
516,10.320000,4,gripper_r_palm,0.460000,0.710000,0.000000,0.460000,0.710000,-0.000000,0.460000,0.710000,-0.000000,0.000000,0.000000,0.000000,0
516,10.320000,5,gripper_r_finger1,0.460000,0.690000,0.000000,0.460000,0.690000,-0.000000,0.460000,0.690000,-0.000000,0.000000,0.000000,0.000000,0
516,10.320000,6,gripper_r_finger2,0.460000,0.690000,0.000000,0.460000,0.690000,-0.000000,0.460000,0.690000,-0.000000,0.000000,0.000000,0.000000,0
517,10.340000,1,gripper_l_palm,-0.460000,0.710000,0.000000,-0.460000,0.710000,-0.000000,-0.460000,0.710000,-0.000000,0.000000,0.000000,0.000000,0
517,10.340000,2,gripper_l_finger1,-0.460000,0.690000,0.000000,-0.460000,0.690000,-0.000000,-0.460000,0.690000,-0.000000,0.000000,0.000000,0.000000,0
517,10.340000,3,gripper_l_finger2,-0.460000,0.690000,0.000000,-0.460000,0.690000,-0.000000,-0.460000,0.690000,-0.000000,0.000000,0.000000,0.000000,0
517,10.340000,4,gripper_r_palm,0.460000,0.710000,0.000000,0.460000,0.710000,-0.000000,0.460000,0.710000,-0.000000,0.000000,0.000000,0.000000,0
517,10.340000,5,gripper_r_finger1,0.460000,0.690000,0.000000,0.460000,0.690000,-0.000000,0.460000,0.690000,-0.000000,0.000000,0.000000,0.000000,0
517,10.340000,6,gripper_r_finger2,0.460000,0.690000,0.000000,0.460000,0.690000,-0.000000,0.460000,0.690000,-0.000000,0.000000,0.000000,0.000000,0
518,10.360000,1,gripper_l_palm,-0.460000,0.710000,0.000000,-0.460000,0.710000,-0.000000,-0.460000,0.710000,-0.000000,0.000000,0.000000,0.000000,0
518,10.360000,2,gripper_l_finger1,-0.460000,0.690000,0.000000,-0.460000,0.690000,-0.000000,-0.460000,0.690000,-0.000000,0.000000,0.000000,0.000000,0
518,10.360000,3,gripper_l_finger2,-0.460000,0.690000,0.000000,-0.460000,0.690000,-0.000000,-0.460000,0.690000,-0.000000,0.000000,0.000000,0.000000,0
518,10.360000,4,gripper_r_palm,0.460000,0.710000,0.000000,0.460000,0.710000,-0.000000,0.460000,0.710000,-0.000000,0.000000,0.000000,0.000000,0
518,10.360000,5,gripper_r_finger1,0.460000,0.690000,0.000000,0.460000,0.690000,-0.000000,0.460000,0.690000,-0.000000,0.000000,0.000000,0.000000,0
518,10.360000,6,gripper_r_finger2,0.460000,0.690000,0.000000,0.460000,0.690000,-0.000000,0.460000,0.690000,-0.000000,0.000000,0.000000,0.000000,0
519,10.380000,1,gripper_l_palm,-0.460000,0.710000,0.000000,-0.460000,0.710000,-0.000000,-0.460000,0.710000,-0.000000,0.000000,0.000000,0.000000,0
519,10.380000,2,gripper_l_finger1,-0.460000,0.690000,0.000000,-0.460000,0.690000,-0.000000,-0.460000,0.690000,-0.000000,0.000000,0.000000,0.000000,0
519,10.380000,3,gripper_l_finger2,-0.460000,0.690000,0.000000,-0.460000,0.690000,-0.000000,-0.460000,0.690000,-0.000000,0.000000,0.000000,0.000000,0
519,10.380000,4,gripper_r_palm,0.460000,0.710000,0.000000,0.460000,0.710000,-0.000000,0.460000,0.710000,-0.000000,0.000000,0.000000,0.000000,0
519,10.380000,5,gripper_r_finger1,0.460000,0.690000,0.000000,0.460000,0.690000,-0.000000,0.460000,0.690000,-0.000000,0.000000,0.000000,0.000000,0
519,10.380000,6,gripper_r_finger2,0.460000,0.690000,0.000000,0.460000,0.690000,-0.000000,0.460000,0.690000,-0.000000,0.000000,0.000000,0.000000,0
520,10.400000,1,gripper_l_palm,-0.460000,0.710000,0.000000,-0.460000,0.710000,-0.000000,-0.460000,0.710000,-0.000000,0.000000,0.000000,0.000000,0
520,10.400000,2,gripper_l_finger1,-0.460000,0.690000,0.000000,-0.460000,0.690000,-0.000000,-0.460000,0.690000,-0.000000,0.000000,0.000000,0.000000,0
520,10.400000,3,gripper_l_finger2,-0.460000,0.690000,0.000000,-0.460000,0.690000,-0.000000,-0.460000,0.690000,-0.000000,0.000000,0.000000,0.000000,0
520,10.400000,4,gripper_r_palm,0.460000,0.710000,0.000000,0.460000,0.710000,-0.000000,0.460000,0.710000,-0.000000,0.000000,0.000000,0.000000,0
520,10.400000,5,gripper_r_finger1,0.460000,0.690000,0.000000,0.460000,0.690000,-0.000000,0.460000,0.690000,-0.000000,0.000000,0.000000,0.000000,0
520,10.400000,6,gripper_r_finger2,0.460000,0.690000,0.000000,0.460000,0.690000,-0.000000,0.460000,0.690000,-0.000000,0.000000,0.000000,0.000000,0
521,10.420000,1,gripper_l_palm,-0.460000,0.710000,0.000000,-0.460000,0.710000,-0.000000,-0.460000,0.710000,-0.000000,0.000000,0.000000,0.000000,0
521,10.420000,2,gripper_l_finger1,-0.460000,0.690000,0.000000,-0.460000,0.690000,-0.000000,-0.460000,0.690000,-0.000000,0.000000,0.000000,0.000000,0
521,10.420000,3,gripper_l_finger2,-0.460000,0.690000,0.000000,-0.460000,0.690000,-0.000000,-0.460000,0.690000,-0.000000,0.000000,0.000000,0.000000,0
521,10.420000,4,gripper_r_palm,0.460000,0.710000,0.000000,0.460000,0.710000,-0.000000,0.460000,0.710000,-0.000000,0.000000,0.000000,0.000000,0
521,10.420000,5,gripper_r_finger1,0.460000,0.690000,0.000000,0.460000,0.690000,-0.000000,0.460000,0.690000,-0.000000,0.000000,0.000000,0.000000,0
521,10.420000,6,gripper_r_finger2,0.460000,0.690000,0.000000,0.460000,0.690000,-0.000000,0.460000,0.690000,-0.000000,0.000000,0.000000,0.000000,0
522,10.440000,1,gripper_l_palm,-0.460000,0.710000,0.000000,-0.460000,0.710000,-0.000000,-0.460000,0.710000,-0.000000,0.000000,0.000000,0.000000,0
522,10.440000,2,gripper_l_finger1,-0.460000,0.690000,0.000000,-0.460000,0.690000,-0.000000,-0.460000,0.690000,-0.000000,0.000000,0.000000,0.000000,0
522,10.440000,3,gripper_l_finger2,-0.460000,0.690000,0.000000,-0.460000,0.690000,-0.000000,-0.460000,0.690000,-0.000000,0.000000,0.000000,0.000000,0
522,10.440000,4,gripper_r_palm,0.460000,0.710000,0.000000,0.460000,0.710000,-0.000000,0.460000,0.710000,-0.000000,0.000000,0.000000,0.000000,0
522,10.440000,5,gripper_r_finger1,0.460000,0.690000,0.000000,0.460000,0.690000,-0.000000,0.460000,0.690000,-0.000000,0.000000,0.000000,0.000000,0
522,10.440000,6,gripper_r_finger2,0.460000,0.690000,0.000000,0.460000,0.690000,-0.000000,0.460000,0.690000,-0.000000,0.000000,0.000000,0.000000,0
523,10.460000,1,gripper_l_palm,-0.460000,0.710000,0.000000,-0.460000,0.710000,-0.000000,-0.460000,0.710000,-0.000000,0.000000,0.000000,0.000000,0
523,10.460000,2,gripper_l_finger1,-0.460000,0.690000,0.000000,-0.460000,0.690000,-0.000000,-0.460000,0.690000,-0.000000,0.000000,0.000000,0.000000,0
523,10.460000,3,gripper_l_finger2,-0.460000,0.690000,0.000000,-0.460000,0.690000,-0.000000,-0.460000,0.690000,-0.000000,0.000000,0.000000,0.000000,0
523,10.460000,4,gripper_r_palm,0.460000,0.710000,0.000000,0.460000,0.710000,-0.000000,0.460000,0.710000,-0.000000,0.000000,0.000000,0.000000,0
523,10.460000,5,gripper_r_finger1,0.460000,0.690000,0.000000,0.460000,0.690000,-0.000000,0.460000,0.690000,-0.000000,0.000000,0.000000,0.000000,0
523,10.460000,6,gripper_r_finger2,0.460000,0.690000,0.000000,0.460000,0.690000,-0.000000,0.460000,0.690000,-0.000000,0.000000,0.000000,0.000000,0
524,10.480000,1,gripper_l_palm,-0.460000,0.710000,0.000000,-0.460000,0.710000,-0.000000,-0.460000,0.710000,-0.000000,0.000000,0.000000,0.000000,0
524,10.480000,2,gripper_l_finger1,-0.460000,0.690000,0.000000,-0.460000,0.690000,-0.000000,-0.460000,0.690000,-0.000000,0.000000,0.000000,0.000000,0
524,10.480000,3,gripper_l_finger2,-0.460000,0.690000,0.000000,-0.460000,0.690000,-0.000000,-0.460000,0.690000,-0.000000,0.000000,0.000000,0.000000,0
524,10.480000,4,gripper_r_palm,0.460000,0.710000,0.000000,0.460000,0.710000,-0.000000,0.460000,0.710000,-0.000000,0.000000,0.000000,0.000000,0
524,10.480000,5,gripper_r_finger1,0.460000,0.690000,0.000000,0.460000,0.690000,-0.000000,0.460000,0.690000,-0.000000,0.000000,0.000000,0.000000,0
524,10.480000,6,gripper_r_finger2,0.460000,0.690000,0.000000,0.460000,0.690000,-0.000000,0.460000,0.690000,-0.000000,0.000000,0.000000,0.000000,0
525,10.500000,1,gripper_l_palm,-0.460000,0.710000,0.000000,-0.460000,0.710000,-0.000000,-0.460000,0.710000,-0.000000,0.000000,0.000000,0.000000,0
525,10.500000,2,gripper_l_finger1,-0.460000,0.690000,0.000000,-0.460000,0.690000,-0.000000,-0.460000,0.690000,-0.000000,0.000000,0.000000,0.000000,0
525,10.500000,3,gripper_l_finger2,-0.460000,0.690000,0.000000,-0.460000,0.690000,-0.000000,-0.460000,0.690000,-0.000000,0.000000,0.000000,0.000000,0
525,10.500000,4,gripper_r_palm,0.460000,0.710000,0.000000,0.460000,0.710000,-0.000000,0.460000,0.710000,-0.000000,0.000000,0.000000,0.000000,0
525,10.500000,5,gripper_r_finger1,0.460000,0.690000,0.000000,0.460000,0.690000,-0.000000,0.460000,0.690000,-0.000000,0.000000,0.000000,0.000000,0
525,10.500000,6,gripper_r_finger2,0.460000,0.690000,0.000000,0.460000,0.690000,-0.000000,0.460000,0.690000,-0.000000,0.000000,0.000000,0.000000,0
526,10.520000,1,gripper_l_palm,-0.460000,0.710000,0.000000,-0.460000,0.710000,-0.000000,-0.460000,0.710000,-0.000000,0.000000,0.000000,0.000000,0
526,10.520000,2,gripper_l_finger1,-0.460000,0.690000,0.000000,-0.460000,0.690000,-0.000000,-0.460000,0.690000,-0.000000,0.000000,0.000000,0.000000,0
526,10.520000,3,gripper_l_finger2,-0.460000,0.690000,0.000000,-0.460000,0.690000,-0.000000,-0.460000,0.690000,-0.000000,0.000000,0.000000,0.000000,0
526,10.520000,4,gripper_r_palm,0.460000,0.710000,0.000000,0.460000,0.710000,-0.000000,0.460000,0.710000,-0.000000,0.000000,0.000000,0.000000,0
526,10.520000,5,gripper_r_finger1,0.460000,0.690000,0.000000,0.460000,0.690000,-0.000000,0.460000,0.690000,-0.000000,0.000000,0.000000,0.000000,0
526,10.520000,6,gripper_r_finger2,0.460000,0.690000,0.000000,0.460000,0.690000,-0.000000,0.460000,0.690000,-0.000000,0.000000,0.000000,0.000000,0
527,10.540000,1,gripper_l_palm,-0.460000,0.710000,0.000000,-0.460000,0.710000,-0.000000,-0.460000,0.710000,-0.000000,0.000000,0.000000,0.000000,0
527,10.540000,2,gripper_l_finger1,-0.460000,0.690000,0.000000,-0.460000,0.690000,-0.000000,-0.460000,0.690000,-0.000000,0.000000,0.000000,0.000000,0
527,10.540000,3,gripper_l_finger2,-0.460000,0.690000,0.000000,-0.460000,0.690000,-0.000000,-0.460000,0.690000,-0.000000,0.000000,0.000000,0.000000,0
527,10.540000,4,gripper_r_palm,0.460000,0.710000,0.000000,0.460000,0.710000,-0.000000,0.460000,0.710000,-0.000000,0.000000,0.000000,0.000000,0
527,10.540000,5,gripper_r_finger1,0.460000,0.690000,0.000000,0.460000,0.690000,-0.000000,0.460000,0.690000,-0.000000,0.000000,0.000000,0.000000,0
527,10.540000,6,gripper_r_finger2,0.460000,0.690000,0.000000,0.460000,0.690000,-0.000000,0.460000,0.690000,-0.000000,0.000000,0.000000,0.000000,0
528,10.560000,1,gripper_l_palm,-0.460000,0.710000,0.000000,-0.460000,0.710000,-0.000000,-0.460000,0.710000,-0.000000,0.000000,0.000000,0.000000,0
528,10.560000,2,gripper_l_finger1,-0.460000,0.690000,0.000000,-0.460000,0.690000,-0.000000,-0.460000,0.690000,-0.000000,0.000000,0.000000,0.000000,0
528,10.560000,3,gripper_l_finger2,-0.460000,0.690000,0.000000,-0.460000,0.690000,-0.000000,-0.460000,0.690000,-0.000000,0.000000,0.000000,0.000000,0
528,10.560000,4,gripper_r_palm,0.460000,0.710000,0.000000,0.460000,0.710000,-0.000000,0.460000,0.710000,-0.000000,0.000000,0.000000,0.000000,0
528,10.560000,5,gripper_r_finger1,0.460000,0.690000,0.000000,0.460000,0.690000,-0.000000,0.460000,0.690000,-0.000000,0.000000,0.000000,0.000000,0
528,10.560000,6,gripper_r_finger2,0.460000,0.690000,0.000000,0.460000,0.690000,-0.000000,0.460000,0.690000,-0.000000,0.000000,0.000000,0.000000,0
529,10.580000,1,gripper_l_palm,-0.460000,0.710000,0.000000,-0.460000,0.710000,-0.000000,-0.460000,0.710000,-0.000000,0.000000,0.000000,0.000000,0
529,10.580000,2,gripper_l_finger1,-0.460000,0.690000,0.000000,-0.460000,0.690000,-0.000000,-0.460000,0.690000,-0.000000,0.000000,0.000000,0.000000,0
529,10.580000,3,gripper_l_finger2,-0.460000,0.690000,0.000000,-0.460000,0.690000,-0.000000,-0.460000,0.690000,-0.000000,0.000000,0.000000,0.000000,0
529,10.580000,4,gripper_r_palm,0.460000,0.710000,0.000000,0.460000,0.710000,-0.000000,0.460000,0.710000,-0.000000,0.000000,0.000000,0.000000,0
529,10.580000,5,gripper_r_finger1,0.460000,0.690000,0.000000,0.460000,0.690000,-0.000000,0.460000,0.690000,-0.000000,0.000000,0.000000,0.000000,0
529,10.580000,6,gripper_r_finger2,0.460000,0.690000,0.000000,0.460000,0.690000,-0.000000,0.460000,0.690000,-0.000000,0.000000,0.000000,0.000000,0
530,10.600000,1,gripper_l_palm,-0.460000,0.710000,0.000000,-0.460000,0.710000,-0.000000,-0.460000,0.710000,-0.000000,0.000000,0.000000,0.000000,0
530,10.600000,2,gripper_l_finger1,-0.460000,0.690000,0.000000,-0.460000,0.690000,-0.000000,-0.460000,0.690000,-0.000000,0.000000,0.000000,0.000000,0
530,10.600000,3,gripper_l_finger2,-0.460000,0.690000,0.000000,-0.460000,0.690000,-0.000000,-0.460000,0.690000,-0.000000,0.000000,0.000000,0.000000,0
530,10.600000,4,gripper_r_palm,0.460000,0.710000,0.000000,0.460000,0.710000,-0.000000,0.460000,0.710000,-0.000000,0.000000,0.000000,0.000000,0
530,10.600000,5,gripper_r_finger1,0.460000,0.690000,0.000000,0.460000,0.690000,-0.000000,0.460000,0.690000,-0.000000,0.000000,0.000000,0.000000,0
530,10.600000,6,gripper_r_finger2,0.460000,0.690000,0.000000,0.460000,0.690000,-0.000000,0.460000,0.690000,-0.000000,0.000000,0.000000,0.000000,0
531,10.620000,1,gripper_l_palm,-0.460000,0.710000,0.000000,-0.460000,0.710000,-0.000000,-0.460000,0.710000,-0.000000,0.000000,0.000000,0.000000,0
531,10.620000,2,gripper_l_finger1,-0.460000,0.690000,0.000000,-0.460000,0.690000,-0.000000,-0.460000,0.690000,-0.000000,0.000000,0.000000,0.000000,0
531,10.620000,3,gripper_l_finger2,-0.460000,0.690000,0.000000,-0.460000,0.690000,-0.000000,-0.460000,0.690000,-0.000000,0.000000,0.000000,0.000000,0
531,10.620000,4,gripper_r_palm,0.460000,0.710000,0.000000,0.460000,0.710000,-0.000000,0.460000,0.710000,-0.000000,0.000000,0.000000,0.000000,0
531,10.620000,5,gripper_r_finger1,0.460000,0.690000,0.000000,0.460000,0.690000,-0.000000,0.460000,0.690000,-0.000000,0.000000,0.000000,0.000000,0
531,10.620000,6,gripper_r_finger2,0.460000,0.690000,0.000000,0.460000,0.690000,-0.000000,0.460000,0.690000,-0.000000,0.000000,0.000000,0.000000,0
532,10.640000,1,gripper_l_palm,-0.460000,0.710000,0.000000,-0.460000,0.710000,-0.000000,-0.460000,0.710000,-0.000000,0.000000,0.000000,0.000000,0
532,10.640000,2,gripper_l_finger1,-0.460000,0.690000,0.000000,-0.460000,0.690000,-0.000000,-0.460000,0.690000,-0.000000,0.000000,0.000000,0.000000,0
532,10.640000,3,gripper_l_finger2,-0.460000,0.690000,0.000000,-0.460000,0.690000,-0.000000,-0.460000,0.690000,-0.000000,0.000000,0.000000,0.000000,0
532,10.640000,4,gripper_r_palm,0.460000,0.710000,0.000000,0.460000,0.710000,-0.000000,0.460000,0.710000,-0.000000,0.000000,0.000000,0.000000,0
532,10.640000,5,gripper_r_finger1,0.460000,0.690000,0.000000,0.460000,0.690000,-0.000000,0.460000,0.690000,-0.000000,0.000000,0.000000,0.000000,0
532,10.640000,6,gripper_r_finger2,0.460000,0.690000,0.000000,0.460000,0.690000,-0.000000,0.460000,0.690000,-0.000000,0.000000,0.000000,0.000000,0
533,10.660000,1,gripper_l_palm,-0.460000,0.710000,0.000000,-0.460000,0.710000,-0.000000,-0.460000,0.710000,-0.000000,0.000000,0.000000,0.000000,0
533,10.660000,2,gripper_l_finger1,-0.460000,0.690000,0.000000,-0.460000,0.690000,-0.000000,-0.460000,0.690000,-0.000000,0.000000,0.000000,0.000000,0
533,10.660000,3,gripper_l_finger2,-0.460000,0.690000,0.000000,-0.460000,0.690000,-0.000000,-0.460000,0.690000,-0.000000,0.000000,0.000000,0.000000,0
533,10.660000,4,gripper_r_palm,0.460000,0.710000,0.000000,0.460000,0.710000,-0.000000,0.460000,0.710000,-0.000000,0.000000,0.000000,0.000000,0
533,10.660000,5,gripper_r_finger1,0.460000,0.690000,0.000000,0.460000,0.690000,-0.000000,0.460000,0.690000,-0.000000,0.000000,0.000000,0.000000,0
533,10.660000,6,gripper_r_finger2,0.460000,0.690000,0.000000,0.460000,0.690000,-0.000000,0.460000,0.690000,-0.000000,0.000000,0.000000,0.000000,0
534,10.680000,1,gripper_l_palm,-0.460000,0.710000,0.000000,-0.460000,0.710000,-0.000000,-0.460000,0.710000,-0.000000,0.000000,0.000000,0.000000,0
534,10.680000,2,gripper_l_finger1,-0.460000,0.690000,0.000000,-0.460000,0.690000,-0.000000,-0.460000,0.690000,-0.000000,0.000000,0.000000,0.000000,0
534,10.680000,3,gripper_l_finger2,-0.460000,0.690000,0.000000,-0.460000,0.690000,-0.000000,-0.460000,0.690000,-0.000000,0.000000,0.000000,0.000000,0
534,10.680000,4,gripper_r_palm,0.460000,0.710000,0.000000,0.460000,0.710000,-0.000000,0.460000,0.710000,-0.000000,0.000000,0.000000,0.000000,0
534,10.680000,5,gripper_r_finger1,0.460000,0.690000,0.000000,0.460000,0.690000,-0.000000,0.460000,0.690000,-0.000000,0.000000,0.000000,0.000000,0
534,10.680000,6,gripper_r_finger2,0.460000,0.690000,0.000000,0.460000,0.690000,-0.000000,0.460000,0.690000,-0.000000,0.000000,0.000000,0.000000,0
535,10.700000,1,gripper_l_palm,-0.460000,0.710000,0.000000,-0.460000,0.710000,-0.000000,-0.460000,0.710000,-0.000000,0.000000,0.000000,0.000000,0
535,10.700000,2,gripper_l_finger1,-0.460000,0.690000,0.000000,-0.460000,0.690000,-0.000000,-0.460000,0.690000,-0.000000,0.000000,0.000000,0.000000,0
535,10.700000,3,gripper_l_finger2,-0.460000,0.690000,0.000000,-0.460000,0.690000,-0.000000,-0.460000,0.690000,-0.000000,0.000000,0.000000,0.000000,0
535,10.700000,4,gripper_r_palm,0.460000,0.710000,0.000000,0.460000,0.710000,-0.000000,0.460000,0.710000,-0.000000,0.000000,0.000000,0.000000,0
535,10.700000,5,gripper_r_finger1,0.460000,0.690000,0.000000,0.460000,0.690000,-0.000000,0.460000,0.690000,-0.000000,0.000000,0.000000,0.000000,0
535,10.700000,6,gripper_r_finger2,0.460000,0.690000,0.000000,0.460000,0.690000,-0.000000,0.460000,0.690000,-0.000000,0.000000,0.000000,0.000000,0
536,10.720000,1,gripper_l_palm,-0.460000,0.710000,0.000000,-0.460000,0.710000,-0.000000,-0.460000,0.710000,-0.000000,0.000000,0.000000,0.000000,0
536,10.720000,2,gripper_l_finger1,-0.460000,0.690000,0.000000,-0.460000,0.690000,-0.000000,-0.460000,0.690000,-0.000000,0.000000,0.000000,0.000000,0
536,10.720000,3,gripper_l_finger2,-0.460000,0.690000,0.000000,-0.460000,0.690000,-0.000000,-0.460000,0.690000,-0.000000,0.000000,0.000000,0.000000,0
536,10.720000,4,gripper_r_palm,0.460000,0.710000,0.000000,0.460000,0.710000,-0.000000,0.460000,0.710000,-0.000000,0.000000,0.000000,0.000000,0
536,10.720000,5,gripper_r_finger1,0.460000,0.690000,0.000000,0.460000,0.690000,-0.000000,0.460000,0.690000,-0.000000,0.000000,0.000000,0.000000,0
536,10.720000,6,gripper_r_finger2,0.460000,0.690000,0.000000,0.460000,0.690000,-0.000000,0.460000,0.690000,-0.000000,0.000000,0.000000,0.000000,0
537,10.740000,1,gripper_l_palm,-0.460000,0.710000,0.000000,-0.460000,0.710000,-0.000000,-0.460000,0.710000,-0.000000,0.000000,0.000000,0.000000,0
537,10.740000,2,gripper_l_finger1,-0.460000,0.690000,0.000000,-0.460000,0.690000,-0.000000,-0.460000,0.690000,-0.000000,0.000000,0.000000,0.000000,0
537,10.740000,3,gripper_l_finger2,-0.460000,0.690000,0.000000,-0.460000,0.690000,-0.000000,-0.460000,0.690000,-0.000000,0.000000,0.000000,0.000000,0
537,10.740000,4,gripper_r_palm,0.460000,0.710000,0.000000,0.460000,0.710000,-0.000000,0.460000,0.710000,-0.000000,0.000000,0.000000,0.000000,0
537,10.740000,5,gripper_r_finger1,0.460000,0.690000,0.000000,0.460000,0.690000,-0.000000,0.460000,0.690000,-0.000000,0.000000,0.000000,0.000000,0
537,10.740000,6,gripper_r_finger2,0.460000,0.690000,0.000000,0.460000,0.690000,-0.000000,0.460000,0.690000,-0.000000,0.000000,0.000000,0.000000,0
538,10.760000,1,gripper_l_palm,-0.460000,0.710000,0.000000,-0.460000,0.710000,-0.000000,-0.460000,0.710000,-0.000000,0.000000,0.000000,0.000000,0
538,10.760000,2,gripper_l_finger1,-0.460000,0.690000,0.000000,-0.460000,0.690000,-0.000000,-0.460000,0.690000,-0.000000,0.000000,0.000000,0.000000,0
538,10.760000,3,gripper_l_finger2,-0.460000,0.690000,0.000000,-0.460000,0.690000,-0.000000,-0.460000,0.690000,-0.000000,0.000000,0.000000,0.000000,0
538,10.760000,4,gripper_r_palm,0.460000,0.710000,0.000000,0.460000,0.710000,-0.000000,0.460000,0.710000,-0.000000,0.000000,0.000000,0.000000,0
538,10.760000,5,gripper_r_finger1,0.460000,0.690000,0.000000,0.460000,0.690000,-0.000000,0.460000,0.690000,-0.000000,0.000000,0.000000,0.000000,0
538,10.760000,6,gripper_r_finger2,0.460000,0.690000,0.000000,0.460000,0.690000,-0.000000,0.460000,0.690000,-0.000000,0.000000,0.000000,0.000000,0
539,10.780000,1,gripper_l_palm,-0.460000,0.710000,0.000000,-0.460000,0.710000,-0.000000,-0.460000,0.710000,-0.000000,0.000000,0.000000,0.000000,0
539,10.780000,2,gripper_l_finger1,-0.460000,0.690000,0.000000,-0.460000,0.690000,-0.000000,-0.460000,0.690000,-0.000000,0.000000,0.000000,0.000000,0
539,10.780000,3,gripper_l_finger2,-0.460000,0.690000,0.000000,-0.460000,0.690000,-0.000000,-0.460000,0.690000,-0.000000,0.000000,0.000000,0.000000,0
539,10.780000,4,gripper_r_palm,0.460000,0.710000,0.000000,0.460000,0.710000,-0.000000,0.460000,0.710000,-0.000000,0.000000,0.000000,0.000000,0
539,10.780000,5,gripper_r_finger1,0.460000,0.690000,0.000000,0.460000,0.690000,-0.000000,0.460000,0.690000,-0.000000,0.000000,0.000000,0.000000,0
539,10.780000,6,gripper_r_finger2,0.460000,0.690000,0.000000,0.460000,0.690000,-0.000000,0.460000,0.690000,-0.000000,0.000000,0.000000,0.000000,0
540,10.800000,1,gripper_l_palm,-0.460000,0.710000,0.000000,-0.460000,0.710000,-0.000000,-0.460000,0.710000,-0.000000,0.000000,0.000000,0.000000,0
540,10.800000,2,gripper_l_finger1,-0.460000,0.690000,0.000000,-0.460000,0.690000,-0.000000,-0.460000,0.690000,-0.000000,0.000000,0.000000,0.000000,0
540,10.800000,3,gripper_l_finger2,-0.460000,0.690000,0.000000,-0.460000,0.690000,-0.000000,-0.460000,0.690000,-0.000000,0.000000,0.000000,0.000000,0
540,10.800000,4,gripper_r_palm,0.460000,0.710000,0.000000,0.460000,0.710000,-0.000000,0.460000,0.710000,-0.000000,0.000000,0.000000,0.000000,0
540,10.800000,5,gripper_r_finger1,0.460000,0.690000,0.000000,0.460000,0.690000,-0.000000,0.460000,0.690000,-0.000000,0.000000,0.000000,0.000000,0
540,10.800000,6,gripper_r_finger2,0.460000,0.690000,0.000000,0.460000,0.690000,-0.000000,0.460000,0.690000,-0.000000,0.000000,0.000000,0.000000,0
541,10.820000,1,gripper_l_palm,-0.460000,0.710000,0.000000,-0.460000,0.710000,-0.000000,-0.460000,0.710000,-0.000000,0.000000,0.000000,0.000000,0
541,10.820000,2,gripper_l_finger1,-0.460000,0.690000,0.000000,-0.460000,0.690000,-0.000000,-0.460000,0.690000,-0.000000,0.000000,0.000000,0.000000,0
541,10.820000,3,gripper_l_finger2,-0.460000,0.690000,0.000000,-0.460000,0.690000,-0.000000,-0.460000,0.690000,-0.000000,0.000000,0.000000,0.000000,0
541,10.820000,4,gripper_r_palm,0.460000,0.710000,0.000000,0.460000,0.710000,-0.000000,0.460000,0.710000,-0.000000,0.000000,0.000000,0.000000,0
541,10.820000,5,gripper_r_finger1,0.460000,0.690000,0.000000,0.460000,0.690000,-0.000000,0.460000,0.690000,-0.000000,0.000000,0.000000,0.000000,0
541,10.820000,6,gripper_r_finger2,0.460000,0.690000,0.000000,0.460000,0.690000,-0.000000,0.460000,0.690000,-0.000000,0.000000,0.000000,0.000000,0
542,10.840000,1,gripper_l_palm,-0.460000,0.710000,0.000000,-0.460000,0.710000,-0.000000,-0.460000,0.710000,-0.000000,0.000000,0.000000,0.000000,0
542,10.840000,2,gripper_l_finger1,-0.460000,0.690000,0.000000,-0.460000,0.690000,-0.000000,-0.460000,0.690000,-0.000000,0.000000,0.000000,0.000000,0
542,10.840000,3,gripper_l_finger2,-0.460000,0.690000,0.000000,-0.460000,0.690000,-0.000000,-0.460000,0.690000,-0.000000,0.000000,0.000000,0.000000,0
542,10.840000,4,gripper_r_palm,0.460000,0.710000,0.000000,0.460000,0.710000,-0.000000,0.460000,0.710000,-0.000000,0.000000,0.000000,0.000000,0
542,10.840000,5,gripper_r_finger1,0.460000,0.690000,0.000000,0.460000,0.690000,-0.000000,0.460000,0.690000,-0.000000,0.000000,0.000000,0.000000,0
542,10.840000,6,gripper_r_finger2,0.460000,0.690000,0.000000,0.460000,0.690000,-0.000000,0.460000,0.690000,-0.000000,0.000000,0.000000,0.000000,0
543,10.860000,1,gripper_l_palm,-0.460000,0.710000,0.000000,-0.460000,0.710000,-0.000000,-0.460000,0.710000,-0.000000,0.000000,0.000000,0.000000,0
543,10.860000,2,gripper_l_finger1,-0.460000,0.690000,0.000000,-0.460000,0.690000,-0.000000,-0.460000,0.690000,-0.000000,0.000000,0.000000,0.000000,0
543,10.860000,3,gripper_l_finger2,-0.460000,0.690000,0.000000,-0.460000,0.690000,-0.000000,-0.460000,0.690000,-0.000000,0.000000,0.000000,0.000000,0
543,10.860000,4,gripper_r_palm,0.460000,0.710000,0.000000,0.460000,0.710000,-0.000000,0.460000,0.710000,-0.000000,0.000000,0.000000,0.000000,0
543,10.860000,5,gripper_r_finger1,0.460000,0.690000,0.000000,0.460000,0.690000,-0.000000,0.460000,0.690000,-0.000000,0.000000,0.000000,0.000000,0
543,10.860000,6,gripper_r_finger2,0.460000,0.690000,0.000000,0.460000,0.690000,-0.000000,0.460000,0.690000,-0.000000,0.000000,0.000000,0.000000,0
544,10.880000,1,gripper_l_palm,-0.460000,0.710000,0.000000,-0.460000,0.710000,-0.000000,-0.460000,0.710000,-0.000000,0.000000,0.000000,0.000000,0
544,10.880000,2,gripper_l_finger1,-0.460000,0.690000,0.000000,-0.460000,0.690000,-0.000000,-0.460000,0.690000,-0.000000,0.000000,0.000000,0.000000,0
544,10.880000,3,gripper_l_finger2,-0.460000,0.690000,0.000000,-0.460000,0.690000,-0.000000,-0.460000,0.690000,-0.000000,0.000000,0.000000,0.000000,0
544,10.880000,4,gripper_r_palm,0.460000,0.710000,0.000000,0.460000,0.710000,-0.000000,0.460000,0.710000,-0.000000,0.000000,0.000000,0.000000,0
544,10.880000,5,gripper_r_finger1,0.460000,0.690000,0.000000,0.460000,0.690000,-0.000000,0.460000,0.690000,-0.000000,0.000000,0.000000,0.000000,0
544,10.880000,6,gripper_r_finger2,0.460000,0.690000,0.000000,0.460000,0.690000,-0.000000,0.460000,0.690000,-0.000000,0.000000,0.000000,0.000000,0
545,10.900000,1,gripper_l_palm,-0.460000,0.710000,0.000000,-0.460000,0.710000,-0.000000,-0.460000,0.710000,-0.000000,0.000000,0.000000,0.000000,0
545,10.900000,2,gripper_l_finger1,-0.460000,0.690000,0.000000,-0.460000,0.690000,-0.000000,-0.460000,0.690000,-0.000000,0.000000,0.000000,0.000000,0
545,10.900000,3,gripper_l_finger2,-0.460000,0.690000,0.000000,-0.460000,0.690000,-0.000000,-0.460000,0.690000,-0.000000,0.000000,0.000000,0.000000,0
545,10.900000,4,gripper_r_palm,0.460000,0.710000,0.000000,0.460000,0.710000,-0.000000,0.460000,0.710000,-0.000000,0.000000,0.000000,0.000000,0
545,10.900000,5,gripper_r_finger1,0.460000,0.690000,0.000000,0.460000,0.690000,-0.000000,0.460000,0.690000,-0.000000,0.000000,0.000000,0.000000,0
545,10.900000,6,gripper_r_finger2,0.460000,0.690000,0.000000,0.460000,0.690000,-0.000000,0.460000,0.690000,-0.000000,0.000000,0.000000,0.000000,0
546,10.920000,1,gripper_l_palm,-0.460000,0.710000,0.000000,-0.460000,0.710000,-0.000000,-0.460000,0.710000,-0.000000,0.000000,0.000000,0.000000,0
546,10.920000,2,gripper_l_finger1,-0.460000,0.690000,0.000000,-0.460000,0.690000,-0.000000,-0.460000,0.690000,-0.000000,0.000000,0.000000,0.000000,0
546,10.920000,3,gripper_l_finger2,-0.460000,0.690000,0.000000,-0.460000,0.690000,-0.000000,-0.460000,0.690000,-0.000000,0.000000,0.000000,0.000000,0
546,10.920000,4,gripper_r_palm,0.460000,0.710000,0.000000,0.460000,0.710000,-0.000000,0.460000,0.710000,-0.000000,0.000000,0.000000,0.000000,0
546,10.920000,5,gripper_r_finger1,0.460000,0.690000,0.000000,0.460000,0.690000,-0.000000,0.460000,0.690000,-0.000000,0.000000,0.000000,0.000000,0
546,10.920000,6,gripper_r_finger2,0.460000,0.690000,0.000000,0.460000,0.690000,-0.000000,0.460000,0.690000,-0.000000,0.000000,0.000000,0.000000,0
547,10.940000,1,gripper_l_palm,-0.460000,0.710000,0.000000,-0.460000,0.710000,-0.000000,-0.460000,0.710000,-0.000000,0.000000,0.000000,0.000000,0
547,10.940000,2,gripper_l_finger1,-0.460000,0.690000,0.000000,-0.460000,0.690000,-0.000000,-0.460000,0.690000,-0.000000,0.000000,0.000000,0.000000,0
547,10.940000,3,gripper_l_finger2,-0.460000,0.690000,0.000000,-0.460000,0.690000,-0.000000,-0.460000,0.690000,-0.000000,0.000000,0.000000,0.000000,0
547,10.940000,4,gripper_r_palm,0.460000,0.710000,0.000000,0.460000,0.710000,-0.000000,0.460000,0.710000,-0.000000,0.000000,0.000000,0.000000,0
547,10.940000,5,gripper_r_finger1,0.460000,0.690000,0.000000,0.460000,0.690000,-0.000000,0.460000,0.690000,-0.000000,0.000000,0.000000,0.000000,0
547,10.940000,6,gripper_r_finger2,0.460000,0.690000,0.000000,0.460000,0.690000,-0.000000,0.460000,0.690000,-0.000000,0.000000,0.000000,0.000000,0
548,10.960000,1,gripper_l_palm,-0.460000,0.710000,0.000000,-0.460000,0.710000,-0.000000,-0.460000,0.710000,-0.000000,0.000000,0.000000,0.000000,0
548,10.960000,2,gripper_l_finger1,-0.460000,0.690000,0.000000,-0.460000,0.690000,-0.000000,-0.460000,0.690000,-0.000000,0.000000,0.000000,0.000000,0
548,10.960000,3,gripper_l_finger2,-0.460000,0.690000,0.000000,-0.460000,0.690000,-0.000000,-0.460000,0.690000,-0.000000,0.000000,0.000000,0.000000,0
548,10.960000,4,gripper_r_palm,0.460000,0.710000,0.000000,0.460000,0.710000,-0.000000,0.460000,0.710000,-0.000000,0.000000,0.000000,0.000000,0
548,10.960000,5,gripper_r_finger1,0.460000,0.690000,0.000000,0.460000,0.690000,-0.000000,0.460000,0.690000,-0.000000,0.000000,0.000000,0.000000,0
548,10.960000,6,gripper_r_finger2,0.460000,0.690000,0.000000,0.460000,0.690000,-0.000000,0.460000,0.690000,-0.000000,0.000000,0.000000,0.000000,0
549,10.980000,1,gripper_l_palm,-0.460000,0.710000,0.000000,-0.460000,0.710000,-0.000000,-0.460000,0.710000,-0.000000,0.000000,0.000000,0.000000,0
549,10.980000,2,gripper_l_finger1,-0.460000,0.690000,0.000000,-0.460000,0.690000,-0.000000,-0.460000,0.690000,-0.000000,0.000000,0.000000,0.000000,0
549,10.980000,3,gripper_l_finger2,-0.460000,0.690000,0.000000,-0.460000,0.690000,-0.000000,-0.460000,0.690000,-0.000000,0.000000,0.000000,0.000000,0
549,10.980000,4,gripper_r_palm,0.460000,0.710000,0.000000,0.460000,0.710000,-0.000000,0.460000,0.710000,-0.000000,0.000000,0.000000,0.000000,0
549,10.980000,5,gripper_r_finger1,0.460000,0.690000,0.000000,0.460000,0.690000,-0.000000,0.460000,0.690000,-0.000000,0.000000,0.000000,0.000000,0
549,10.980000,6,gripper_r_finger2,0.460000,0.690000,0.000000,0.460000,0.690000,-0.000000,0.460000,0.690000,-0.000000,0.000000,0.000000,0.000000,0
550,11.000000,1,gripper_l_palm,-0.460000,0.710000,0.000000,-0.460000,0.710000,-0.000000,-0.460000,0.710000,-0.000000,0.000000,0.000000,0.000000,0
550,11.000000,2,gripper_l_finger1,-0.460000,0.690000,0.000000,-0.460000,0.690000,-0.000000,-0.460000,0.690000,-0.000000,0.000000,0.000000,0.000000,0
550,11.000000,3,gripper_l_finger2,-0.460000,0.690000,0.000000,-0.460000,0.690000,-0.000000,-0.460000,0.690000,-0.000000,0.000000,0.000000,0.000000,0
550,11.000000,4,gripper_r_palm,0.460000,0.710000,0.000000,0.460000,0.710000,-0.000000,0.460000,0.710000,-0.000000,0.000000,0.000000,0.000000,0
550,11.000000,5,gripper_r_finger1,0.460000,0.690000,0.000000,0.460000,0.690000,-0.000000,0.460000,0.690000,-0.000000,0.000000,0.000000,0.000000,0
550,11.000000,6,gripper_r_finger2,0.460000,0.690000,0.000000,0.460000,0.690000,-0.000000,0.460000,0.690000,-0.000000,0.000000,0.000000,0.000000,0
551,11.020000,1,gripper_l_palm,-0.460000,0.710000,0.000000,-0.460000,0.710000,-0.000000,-0.460000,0.710000,-0.000000,0.000000,0.000000,0.000000,0
551,11.020000,2,gripper_l_finger1,-0.460000,0.690000,0.000000,-0.460000,0.690000,-0.000000,-0.460000,0.690000,-0.000000,0.000000,0.000000,0.000000,0
551,11.020000,3,gripper_l_finger2,-0.460000,0.690000,0.000000,-0.460000,0.690000,-0.000000,-0.460000,0.690000,-0.000000,0.000000,0.000000,0.000000,0
551,11.020000,4,gripper_r_palm,0.460000,0.710000,0.000000,0.460000,0.710000,-0.000000,0.460000,0.710000,-0.000000,0.000000,0.000000,0.000000,0
551,11.020000,5,gripper_r_finger1,0.460000,0.690000,0.000000,0.460000,0.690000,-0.000000,0.460000,0.690000,-0.000000,0.000000,0.000000,0.000000,0
551,11.020000,6,gripper_r_finger2,0.460000,0.690000,0.000000,0.460000,0.690000,-0.000000,0.460000,0.690000,-0.000000,0.000000,0.000000,0.000000,0
552,11.040000,1,gripper_l_palm,-0.460000,0.710000,0.000000,-0.460000,0.710000,-0.000000,-0.460000,0.710000,-0.000000,0.000000,0.000000,0.000000,0
552,11.040000,2,gripper_l_finger1,-0.460000,0.690000,0.000000,-0.460000,0.690000,-0.000000,-0.460000,0.690000,-0.000000,0.000000,0.000000,0.000000,0
552,11.040000,3,gripper_l_finger2,-0.460000,0.690000,0.000000,-0.460000,0.690000,-0.000000,-0.460000,0.690000,-0.000000,0.000000,0.000000,0.000000,0
552,11.040000,4,gripper_r_palm,0.460000,0.710000,0.000000,0.460000,0.710000,-0.000000,0.460000,0.710000,-0.000000,0.000000,0.000000,0.000000,0
552,11.040000,5,gripper_r_finger1,0.460000,0.690000,0.000000,0.460000,0.690000,-0.000000,0.460000,0.690000,-0.000000,0.000000,0.000000,0.000000,0
552,11.040000,6,gripper_r_finger2,0.460000,0.690000,0.000000,0.460000,0.690000,-0.000000,0.460000,0.690000,-0.000000,0.000000,0.000000,0.000000,0
553,11.060000,1,gripper_l_palm,-0.460000,0.710000,0.000000,-0.460000,0.710000,-0.000000,-0.460000,0.710000,-0.000000,0.000000,0.000000,0.000000,0
553,11.060000,2,gripper_l_finger1,-0.460000,0.690000,0.000000,-0.460000,0.690000,-0.000000,-0.460000,0.690000,-0.000000,0.000000,0.000000,0.000000,0
553,11.060000,3,gripper_l_finger2,-0.460000,0.690000,0.000000,-0.460000,0.690000,-0.000000,-0.460000,0.690000,-0.000000,0.000000,0.000000,0.000000,0
553,11.060000,4,gripper_r_palm,0.460000,0.710000,0.000000,0.460000,0.710000,-0.000000,0.460000,0.710000,-0.000000,0.000000,0.000000,0.000000,0
553,11.060000,5,gripper_r_finger1,0.460000,0.690000,0.000000,0.460000,0.690000,-0.000000,0.460000,0.690000,-0.000000,0.000000,0.000000,0.000000,0
553,11.060000,6,gripper_r_finger2,0.460000,0.690000,0.000000,0.460000,0.690000,-0.000000,0.460000,0.690000,-0.000000,0.000000,0.000000,0.000000,0
554,11.080000,1,gripper_l_palm,-0.460000,0.710000,0.000000,-0.460000,0.710000,-0.000000,-0.460000,0.710000,-0.000000,0.000000,0.000000,0.000000,0
554,11.080000,2,gripper_l_finger1,-0.460000,0.690000,0.000000,-0.460000,0.690000,-0.000000,-0.460000,0.690000,-0.000000,0.000000,0.000000,0.000000,0
554,11.080000,3,gripper_l_finger2,-0.460000,0.690000,0.000000,-0.460000,0.690000,-0.000000,-0.460000,0.690000,-0.000000,0.000000,0.000000,0.000000,0
554,11.080000,4,gripper_r_palm,0.460000,0.710000,0.000000,0.460000,0.710000,-0.000000,0.460000,0.710000,-0.000000,0.000000,0.000000,0.000000,0
554,11.080000,5,gripper_r_finger1,0.460000,0.690000,0.000000,0.460000,0.690000,-0.000000,0.460000,0.690000,-0.000000,0.000000,0.000000,0.000000,0
554,11.080000,6,gripper_r_finger2,0.460000,0.690000,0.000000,0.460000,0.690000,-0.000000,0.460000,0.690000,-0.000000,0.000000,0.000000,0.000000,0
555,11.100000,1,gripper_l_palm,-0.460000,0.710000,0.000000,-0.460000,0.710000,-0.000000,-0.460000,0.710000,-0.000000,0.000000,0.000000,0.000000,0
555,11.100000,2,gripper_l_finger1,-0.460000,0.690000,0.000000,-0.460000,0.690000,-0.000000,-0.460000,0.690000,-0.000000,0.000000,0.000000,0.000000,0
555,11.100000,3,gripper_l_finger2,-0.460000,0.690000,0.000000,-0.460000,0.690000,-0.000000,-0.460000,0.690000,-0.000000,0.000000,0.000000,0.000000,0
555,11.100000,4,gripper_r_palm,0.460000,0.710000,0.000000,0.460000,0.710000,-0.000000,0.460000,0.710000,-0.000000,0.000000,0.000000,0.000000,0
555,11.100000,5,gripper_r_finger1,0.460000,0.690000,0.000000,0.460000,0.690000,-0.000000,0.460000,0.690000,-0.000000,0.000000,0.000000,0.000000,0
555,11.100000,6,gripper_r_finger2,0.460000,0.690000,0.000000,0.460000,0.690000,-0.000000,0.460000,0.690000,-0.000000,0.000000,0.000000,0.000000,0
556,11.120000,1,gripper_l_palm,-0.460000,0.710000,0.000000,-0.460000,0.710000,-0.000000,-0.460000,0.710000,-0.000000,0.000000,0.000000,0.000000,0
556,11.120000,2,gripper_l_finger1,-0.460000,0.690000,0.000000,-0.460000,0.690000,-0.000000,-0.460000,0.690000,-0.000000,0.000000,0.000000,0.000000,0
556,11.120000,3,gripper_l_finger2,-0.460000,0.690000,0.000000,-0.460000,0.690000,-0.000000,-0.460000,0.690000,-0.000000,0.000000,0.000000,0.000000,0
556,11.120000,4,gripper_r_palm,0.460000,0.710000,0.000000,0.460000,0.710000,-0.000000,0.460000,0.710000,-0.000000,0.000000,0.000000,0.000000,0
556,11.120000,5,gripper_r_finger1,0.460000,0.690000,0.000000,0.460000,0.690000,-0.000000,0.460000,0.690000,-0.000000,0.000000,0.000000,0.000000,0
556,11.120000,6,gripper_r_finger2,0.460000,0.690000,0.000000,0.460000,0.690000,-0.000000,0.460000,0.690000,-0.000000,0.000000,0.000000,0.000000,0
557,11.140000,1,gripper_l_palm,-0.460000,0.710000,0.000000,-0.460000,0.710000,-0.000000,-0.460000,0.710000,-0.000000,0.000000,0.000000,0.000000,0
557,11.140000,2,gripper_l_finger1,-0.460000,0.690000,0.000000,-0.460000,0.690000,-0.000000,-0.460000,0.690000,-0.000000,0.000000,0.000000,0.000000,0
557,11.140000,3,gripper_l_finger2,-0.460000,0.690000,0.000000,-0.460000,0.690000,-0.000000,-0.460000,0.690000,-0.000000,0.000000,0.000000,0.000000,0
557,11.140000,4,gripper_r_palm,0.460000,0.710000,0.000000,0.460000,0.710000,-0.000000,0.460000,0.710000,-0.000000,0.000000,0.000000,0.000000,0
557,11.140000,5,gripper_r_finger1,0.460000,0.690000,0.000000,0.460000,0.690000,-0.000000,0.460000,0.690000,-0.000000,0.000000,0.000000,0.000000,0
557,11.140000,6,gripper_r_finger2,0.460000,0.690000,0.000000,0.460000,0.690000,-0.000000,0.460000,0.690000,-0.000000,0.000000,0.000000,0.000000,0
558,11.160000,1,gripper_l_palm,-0.460000,0.710000,0.000000,-0.460000,0.710000,-0.000000,-0.460000,0.710000,-0.000000,0.000000,0.000000,0.000000,0
558,11.160000,2,gripper_l_finger1,-0.460000,0.690000,0.000000,-0.460000,0.690000,-0.000000,-0.460000,0.690000,-0.000000,0.000000,0.000000,0.000000,0
558,11.160000,3,gripper_l_finger2,-0.460000,0.690000,0.000000,-0.460000,0.690000,-0.000000,-0.460000,0.690000,-0.000000,0.000000,0.000000,0.000000,0
558,11.160000,4,gripper_r_palm,0.460000,0.710000,0.000000,0.460000,0.710000,-0.000000,0.460000,0.710000,-0.000000,0.000000,0.000000,0.000000,0
558,11.160000,5,gripper_r_finger1,0.460000,0.690000,0.000000,0.460000,0.690000,-0.000000,0.460000,0.690000,-0.000000,0.000000,0.000000,0.000000,0
558,11.160000,6,gripper_r_finger2,0.460000,0.690000,0.000000,0.460000,0.690000,-0.000000,0.460000,0.690000,-0.000000,0.000000,0.000000,0.000000,0
559,11.180000,1,gripper_l_palm,-0.460000,0.710000,0.000000,-0.460000,0.710000,-0.000000,-0.460000,0.710000,-0.000000,0.000000,0.000000,0.000000,0
559,11.180000,2,gripper_l_finger1,-0.460000,0.690000,0.000000,-0.460000,0.690000,-0.000000,-0.460000,0.690000,-0.000000,0.000000,0.000000,0.000000,0
559,11.180000,3,gripper_l_finger2,-0.460000,0.690000,0.000000,-0.460000,0.690000,-0.000000,-0.460000,0.690000,-0.000000,0.000000,0.000000,0.000000,0
559,11.180000,4,gripper_r_palm,0.460000,0.710000,0.000000,0.460000,0.710000,-0.000000,0.460000,0.710000,-0.000000,0.000000,0.000000,0.000000,0
559,11.180000,5,gripper_r_finger1,0.460000,0.690000,0.000000,0.460000,0.690000,-0.000000,0.460000,0.690000,-0.000000,0.000000,0.000000,0.000000,0
559,11.180000,6,gripper_r_finger2,0.460000,0.690000,0.000000,0.460000,0.690000,-0.000000,0.460000,0.690000,-0.000000,0.000000,0.000000,0.000000,0
560,11.200000,1,gripper_l_palm,-0.460000,0.710000,0.000000,-0.460000,0.710000,-0.000000,-0.460000,0.710000,-0.000000,0.000000,0.000000,0.000000,0
560,11.200000,2,gripper_l_finger1,-0.460000,0.690000,0.000000,-0.460000,0.690000,-0.000000,-0.460000,0.690000,-0.000000,0.000000,0.000000,0.000000,0
560,11.200000,3,gripper_l_finger2,-0.460000,0.690000,0.000000,-0.460000,0.690000,-0.000000,-0.460000,0.690000,-0.000000,0.000000,0.000000,0.000000,0
560,11.200000,4,gripper_r_palm,0.460000,0.710000,0.000000,0.460000,0.710000,-0.000000,0.460000,0.710000,-0.000000,0.000000,0.000000,0.000000,0
560,11.200000,5,gripper_r_finger1,0.460000,0.690000,0.000000,0.460000,0.690000,-0.000000,0.460000,0.690000,-0.000000,0.000000,0.000000,0.000000,0
560,11.200000,6,gripper_r_finger2,0.460000,0.690000,0.000000,0.460000,0.690000,-0.000000,0.460000,0.690000,-0.000000,0.000000,0.000000,0.000000,0
561,11.220000,1,gripper_l_palm,-0.460000,0.710000,0.000000,-0.460000,0.710000,-0.000000,-0.460000,0.710000,-0.000000,0.000000,0.000000,0.000000,0
561,11.220000,2,gripper_l_finger1,-0.460000,0.690000,0.000000,-0.460000,0.690000,-0.000000,-0.460000,0.690000,-0.000000,0.000000,0.000000,0.000000,0
561,11.220000,3,gripper_l_finger2,-0.460000,0.690000,0.000000,-0.460000,0.690000,-0.000000,-0.460000,0.690000,-0.000000,0.000000,0.000000,0.000000,0
561,11.220000,4,gripper_r_palm,0.460000,0.710000,0.000000,0.460000,0.710000,-0.000000,0.460000,0.710000,-0.000000,0.000000,0.000000,0.000000,0
561,11.220000,5,gripper_r_finger1,0.460000,0.690000,0.000000,0.460000,0.690000,-0.000000,0.460000,0.690000,-0.000000,0.000000,0.000000,0.000000,0
561,11.220000,6,gripper_r_finger2,0.460000,0.690000,0.000000,0.460000,0.690000,-0.000000,0.460000,0.690000,-0.000000,0.000000,0.000000,0.000000,0
562,11.240000,1,gripper_l_palm,-0.460000,0.710000,0.000000,-0.460000,0.710000,-0.000000,-0.460000,0.710000,-0.000000,0.000000,0.000000,0.000000,0
562,11.240000,2,gripper_l_finger1,-0.460000,0.690000,0.000000,-0.460000,0.690000,-0.000000,-0.460000,0.690000,-0.000000,0.000000,0.000000,0.000000,0
562,11.240000,3,gripper_l_finger2,-0.460000,0.690000,0.000000,-0.460000,0.690000,-0.000000,-0.460000,0.690000,-0.000000,0.000000,0.000000,0.000000,0
562,11.240000,4,gripper_r_palm,0.460000,0.710000,0.000000,0.460000,0.710000,-0.000000,0.460000,0.710000,-0.000000,0.000000,0.000000,0.000000,0
562,11.240000,5,gripper_r_finger1,0.460000,0.690000,0.000000,0.460000,0.690000,-0.000000,0.460000,0.690000,-0.000000,0.000000,0.000000,0.000000,0
562,11.240000,6,gripper_r_finger2,0.460000,0.690000,0.000000,0.460000,0.690000,-0.000000,0.460000,0.690000,-0.000000,0.000000,0.000000,0.000000,0
563,11.260000,1,gripper_l_palm,-0.460000,0.710000,0.000000,-0.460000,0.710000,-0.000000,-0.460000,0.710000,-0.000000,0.000000,0.000000,0.000000,0
563,11.260000,2,gripper_l_finger1,-0.460000,0.690000,0.000000,-0.460000,0.690000,-0.000000,-0.460000,0.690000,-0.000000,0.000000,0.000000,0.000000,0
563,11.260000,3,gripper_l_finger2,-0.460000,0.690000,0.000000,-0.460000,0.690000,-0.000000,-0.460000,0.690000,-0.000000,0.000000,0.000000,0.000000,0
563,11.260000,4,gripper_r_palm,0.460000,0.710000,0.000000,0.460000,0.710000,-0.000000,0.460000,0.710000,-0.000000,0.000000,0.000000,0.000000,0
563,11.260000,5,gripper_r_finger1,0.460000,0.690000,0.000000,0.460000,0.690000,-0.000000,0.460000,0.690000,-0.000000,0.000000,0.000000,0.000000,0
563,11.260000,6,gripper_r_finger2,0.460000,0.690000,0.000000,0.460000,0.690000,-0.000000,0.460000,0.690000,-0.000000,0.000000,0.000000,0.000000,0
564,11.280000,1,gripper_l_palm,-0.460000,0.710000,0.000000,-0.460000,0.710000,-0.000000,-0.460000,0.710000,-0.000000,0.000000,0.000000,0.000000,0
564,11.280000,2,gripper_l_finger1,-0.460000,0.690000,0.000000,-0.460000,0.690000,-0.000000,-0.460000,0.690000,-0.000000,0.000000,0.000000,0.000000,0
564,11.280000,3,gripper_l_finger2,-0.460000,0.690000,0.000000,-0.460000,0.690000,-0.000000,-0.460000,0.690000,-0.000000,0.000000,0.000000,0.000000,0
564,11.280000,4,gripper_r_palm,0.460000,0.710000,0.000000,0.460000,0.710000,-0.000000,0.460000,0.710000,-0.000000,0.000000,0.000000,0.000000,0
564,11.280000,5,gripper_r_finger1,0.460000,0.690000,0.000000,0.460000,0.690000,-0.000000,0.460000,0.690000,-0.000000,0.000000,0.000000,0.000000,0
564,11.280000,6,gripper_r_finger2,0.460000,0.690000,0.000000,0.460000,0.690000,-0.000000,0.460000,0.690000,-0.000000,0.000000,0.000000,0.000000,0
565,11.300000,1,gripper_l_palm,-0.460000,0.710000,0.000000,-0.460000,0.710000,-0.000000,-0.460000,0.710000,-0.000000,0.000000,0.000000,0.000000,0
565,11.300000,2,gripper_l_finger1,-0.460000,0.690000,0.000000,-0.460000,0.690000,-0.000000,-0.460000,0.690000,-0.000000,0.000000,0.000000,0.000000,0
565,11.300000,3,gripper_l_finger2,-0.460000,0.690000,0.000000,-0.460000,0.690000,-0.000000,-0.460000,0.690000,-0.000000,0.000000,0.000000,0.000000,0
565,11.300000,4,gripper_r_palm,0.460000,0.710000,0.000000,0.460000,0.710000,-0.000000,0.460000,0.710000,-0.000000,0.000000,0.000000,0.000000,0
565,11.300000,5,gripper_r_finger1,0.460000,0.690000,0.000000,0.460000,0.690000,-0.000000,0.460000,0.690000,-0.000000,0.000000,0.000000,0.000000,0
565,11.300000,6,gripper_r_finger2,0.460000,0.690000,0.000000,0.460000,0.690000,-0.000000,0.460000,0.690000,-0.000000,0.000000,0.000000,0.000000,0
566,11.320000,1,gripper_l_palm,-0.460000,0.710000,0.000000,-0.460000,0.710000,-0.000000,-0.460000,0.710000,-0.000000,0.000000,0.000000,0.000000,0
566,11.320000,2,gripper_l_finger1,-0.460000,0.690000,0.000000,-0.460000,0.690000,-0.000000,-0.460000,0.690000,-0.000000,0.000000,0.000000,0.000000,0
566,11.320000,3,gripper_l_finger2,-0.460000,0.690000,0.000000,-0.460000,0.690000,-0.000000,-0.460000,0.690000,-0.000000,0.000000,0.000000,0.000000,0
566,11.320000,4,gripper_r_palm,0.460000,0.710000,0.000000,0.460000,0.710000,-0.000000,0.460000,0.710000,-0.000000,0.000000,0.000000,0.000000,0
566,11.320000,5,gripper_r_finger1,0.460000,0.690000,0.000000,0.460000,0.690000,-0.000000,0.460000,0.690000,-0.000000,0.000000,0.000000,0.000000,0
566,11.320000,6,gripper_r_finger2,0.460000,0.690000,0.000000,0.460000,0.690000,-0.000000,0.460000,0.690000,-0.000000,0.000000,0.000000,0.000000,0
567,11.340000,1,gripper_l_palm,-0.460000,0.710000,0.000000,-0.460000,0.710000,-0.000000,-0.460000,0.710000,-0.000000,0.000000,0.000000,0.000000,0
567,11.340000,2,gripper_l_finger1,-0.460000,0.690000,0.000000,-0.460000,0.690000,-0.000000,-0.460000,0.690000,-0.000000,0.000000,0.000000,0.000000,0
567,11.340000,3,gripper_l_finger2,-0.460000,0.690000,0.000000,-0.460000,0.690000,-0.000000,-0.460000,0.690000,-0.000000,0.000000,0.000000,0.000000,0
567,11.340000,4,gripper_r_palm,0.460000,0.710000,0.000000,0.460000,0.710000,-0.000000,0.460000,0.710000,-0.000000,0.000000,0.000000,0.000000,0
567,11.340000,5,gripper_r_finger1,0.460000,0.690000,0.000000,0.460000,0.690000,-0.000000,0.460000,0.690000,-0.000000,0.000000,0.000000,0.000000,0
567,11.340000,6,gripper_r_finger2,0.460000,0.690000,0.000000,0.460000,0.690000,-0.000000,0.460000,0.690000,-0.000000,0.000000,0.000000,0.000000,0
568,11.360000,1,gripper_l_palm,-0.460000,0.710000,0.000000,-0.460000,0.710000,-0.000000,-0.460000,0.710000,-0.000000,0.000000,0.000000,0.000000,0
568,11.360000,2,gripper_l_finger1,-0.460000,0.690000,0.000000,-0.460000,0.690000,-0.000000,-0.460000,0.690000,-0.000000,0.000000,0.000000,0.000000,0
568,11.360000,3,gripper_l_finger2,-0.460000,0.690000,0.000000,-0.460000,0.690000,-0.000000,-0.460000,0.690000,-0.000000,0.000000,0.000000,0.000000,0
568,11.360000,4,gripper_r_palm,0.460000,0.710000,0.000000,0.460000,0.710000,-0.000000,0.460000,0.710000,-0.000000,0.000000,0.000000,0.000000,0
568,11.360000,5,gripper_r_finger1,0.460000,0.690000,0.000000,0.460000,0.690000,-0.000000,0.460000,0.690000,-0.000000,0.000000,0.000000,0.000000,0
568,11.360000,6,gripper_r_finger2,0.460000,0.690000,0.000000,0.460000,0.690000,-0.000000,0.460000,0.690000,-0.000000,0.000000,0.000000,0.000000,0
569,11.380000,1,gripper_l_palm,-0.460000,0.710000,0.000000,-0.460000,0.710000,-0.000000,-0.460000,0.710000,-0.000000,0.000000,0.000000,0.000000,0
569,11.380000,2,gripper_l_finger1,-0.460000,0.690000,0.000000,-0.460000,0.690000,-0.000000,-0.460000,0.690000,-0.000000,0.000000,0.000000,0.000000,0
569,11.380000,3,gripper_l_finger2,-0.460000,0.690000,0.000000,-0.460000,0.690000,-0.000000,-0.460000,0.690000,-0.000000,0.000000,0.000000,0.000000,0
569,11.380000,4,gripper_r_palm,0.460000,0.710000,0.000000,0.460000,0.710000,-0.000000,0.460000,0.710000,-0.000000,0.000000,0.000000,0.000000,0
569,11.380000,5,gripper_r_finger1,0.460000,0.690000,0.000000,0.460000,0.690000,-0.000000,0.460000,0.690000,-0.000000,0.000000,0.000000,0.000000,0
569,11.380000,6,gripper_r_finger2,0.460000,0.690000,0.000000,0.460000,0.690000,-0.000000,0.460000,0.690000,-0.000000,0.000000,0.000000,0.000000,0
570,11.400000,1,gripper_l_palm,-0.460000,0.710000,0.000000,-0.460000,0.710000,-0.000000,-0.460000,0.710000,-0.000000,0.000000,0.000000,0.000000,0
570,11.400000,2,gripper_l_finger1,-0.460000,0.690000,0.000000,-0.460000,0.690000,-0.000000,-0.460000,0.690000,-0.000000,0.000000,0.000000,0.000000,0
570,11.400000,3,gripper_l_finger2,-0.460000,0.690000,0.000000,-0.460000,0.690000,-0.000000,-0.460000,0.690000,-0.000000,0.000000,0.000000,0.000000,0
570,11.400000,4,gripper_r_palm,0.460000,0.710000,0.000000,0.460000,0.710000,-0.000000,0.460000,0.710000,-0.000000,0.000000,0.000000,0.000000,0
570,11.400000,5,gripper_r_finger1,0.460000,0.690000,0.000000,0.460000,0.690000,-0.000000,0.460000,0.690000,-0.000000,0.000000,0.000000,0.000000,0
570,11.400000,6,gripper_r_finger2,0.460000,0.690000,0.000000,0.460000,0.690000,-0.000000,0.460000,0.690000,-0.000000,0.000000,0.000000,0.000000,0
571,11.420000,1,gripper_l_palm,-0.460000,0.710000,0.000000,-0.460000,0.710000,-0.000000,-0.460000,0.710000,-0.000000,0.000000,0.000000,0.000000,0
571,11.420000,2,gripper_l_finger1,-0.460000,0.690000,0.000000,-0.460000,0.690000,-0.000000,-0.460000,0.690000,-0.000000,0.000000,0.000000,0.000000,0
571,11.420000,3,gripper_l_finger2,-0.460000,0.690000,0.000000,-0.460000,0.690000,-0.000000,-0.460000,0.690000,-0.000000,0.000000,0.000000,0.000000,0
571,11.420000,4,gripper_r_palm,0.460000,0.710000,0.000000,0.460000,0.710000,-0.000000,0.460000,0.710000,-0.000000,0.000000,0.000000,0.000000,0
571,11.420000,5,gripper_r_finger1,0.460000,0.690000,0.000000,0.460000,0.690000,-0.000000,0.460000,0.690000,-0.000000,0.000000,0.000000,0.000000,0
571,11.420000,6,gripper_r_finger2,0.460000,0.690000,0.000000,0.460000,0.690000,-0.000000,0.460000,0.690000,-0.000000,0.000000,0.000000,0.000000,0
572,11.440000,1,gripper_l_palm,-0.460000,0.710000,0.000000,-0.460000,0.710000,-0.000000,-0.460000,0.710000,-0.000000,0.000000,0.000000,0.000000,0
572,11.440000,2,gripper_l_finger1,-0.460000,0.690000,0.000000,-0.460000,0.690000,-0.000000,-0.460000,0.690000,-0.000000,0.000000,0.000000,0.000000,0
572,11.440000,3,gripper_l_finger2,-0.460000,0.690000,0.000000,-0.460000,0.690000,-0.000000,-0.460000,0.690000,-0.000000,0.000000,0.000000,0.000000,0
572,11.440000,4,gripper_r_palm,0.460000,0.710000,0.000000,0.460000,0.710000,-0.000000,0.460000,0.710000,-0.000000,0.000000,0.000000,0.000000,0
572,11.440000,5,gripper_r_finger1,0.460000,0.690000,0.000000,0.460000,0.690000,-0.000000,0.460000,0.690000,-0.000000,0.000000,0.000000,0.000000,0
572,11.440000,6,gripper_r_finger2,0.460000,0.690000,0.000000,0.460000,0.690000,-0.000000,0.460000,0.690000,-0.000000,0.000000,0.000000,0.000000,0
573,11.460000,1,gripper_l_palm,-0.460000,0.710000,0.000000,-0.460000,0.710000,-0.000000,-0.460000,0.710000,-0.000000,0.000000,0.000000,0.000000,0
573,11.460000,2,gripper_l_finger1,-0.460000,0.690000,0.000000,-0.460000,0.690000,-0.000000,-0.460000,0.690000,-0.000000,0.000000,0.000000,0.000000,0
573,11.460000,3,gripper_l_finger2,-0.460000,0.690000,0.000000,-0.460000,0.690000,-0.000000,-0.460000,0.690000,-0.000000,0.000000,0.000000,0.000000,0
573,11.460000,4,gripper_r_palm,0.460000,0.710000,0.000000,0.460000,0.710000,-0.000000,0.460000,0.710000,-0.000000,0.000000,0.000000,0.000000,0
573,11.460000,5,gripper_r_finger1,0.460000,0.690000,0.000000,0.460000,0.690000,-0.000000,0.460000,0.690000,-0.000000,0.000000,0.000000,0.000000,0
573,11.460000,6,gripper_r_finger2,0.460000,0.690000,0.000000,0.460000,0.690000,-0.000000,0.460000,0.690000,-0.000000,0.000000,0.000000,0.000000,0
574,11.480000,1,gripper_l_palm,-0.460000,0.710000,0.000000,-0.460000,0.710000,-0.000000,-0.460000,0.710000,-0.000000,0.000000,0.000000,0.000000,0
574,11.480000,2,gripper_l_finger1,-0.460000,0.690000,0.000000,-0.460000,0.690000,-0.000000,-0.460000,0.690000,-0.000000,0.000000,0.000000,0.000000,0
574,11.480000,3,gripper_l_finger2,-0.460000,0.690000,0.000000,-0.460000,0.690000,-0.000000,-0.460000,0.690000,-0.000000,0.000000,0.000000,0.000000,0
574,11.480000,4,gripper_r_palm,0.460000,0.710000,0.000000,0.460000,0.710000,-0.000000,0.460000,0.710000,-0.000000,0.000000,0.000000,0.000000,0
574,11.480000,5,gripper_r_finger1,0.460000,0.690000,0.000000,0.460000,0.690000,-0.000000,0.460000,0.690000,-0.000000,0.000000,0.000000,0.000000,0
574,11.480000,6,gripper_r_finger2,0.460000,0.690000,0.000000,0.460000,0.690000,-0.000000,0.460000,0.690000,-0.000000,0.000000,0.000000,0.000000,0
575,11.500000,1,gripper_l_palm,-0.460000,0.710000,0.000000,-0.460000,0.710000,-0.000000,-0.460000,0.710000,-0.000000,0.000000,0.000000,0.000000,0
575,11.500000,2,gripper_l_finger1,-0.460000,0.690000,0.000000,-0.460000,0.690000,-0.000000,-0.460000,0.690000,-0.000000,0.000000,0.000000,0.000000,0
575,11.500000,3,gripper_l_finger2,-0.460000,0.690000,0.000000,-0.460000,0.690000,-0.000000,-0.460000,0.690000,-0.000000,0.000000,0.000000,0.000000,0
575,11.500000,4,gripper_r_palm,0.460000,0.710000,0.000000,0.460000,0.710000,-0.000000,0.460000,0.710000,-0.000000,0.000000,0.000000,0.000000,0
575,11.500000,5,gripper_r_finger1,0.460000,0.690000,0.000000,0.460000,0.690000,-0.000000,0.460000,0.690000,-0.000000,0.000000,0.000000,0.000000,0
575,11.500000,6,gripper_r_finger2,0.460000,0.690000,0.000000,0.460000,0.690000,-0.000000,0.460000,0.690000,-0.000000,0.000000,0.000000,0.000000,0
576,11.520000,1,gripper_l_palm,-0.460000,0.710000,0.000000,-0.460000,0.710000,-0.000000,-0.460000,0.710000,-0.000000,0.000000,0.000000,0.000000,0
576,11.520000,2,gripper_l_finger1,-0.460000,0.690000,0.000000,-0.460000,0.690000,-0.000000,-0.460000,0.690000,-0.000000,0.000000,0.000000,0.000000,0
576,11.520000,3,gripper_l_finger2,-0.460000,0.690000,0.000000,-0.460000,0.690000,-0.000000,-0.460000,0.690000,-0.000000,0.000000,0.000000,0.000000,0
576,11.520000,4,gripper_r_palm,0.460000,0.710000,0.000000,0.460000,0.710000,-0.000000,0.460000,0.710000,-0.000000,0.000000,0.000000,0.000000,0
576,11.520000,5,gripper_r_finger1,0.460000,0.690000,0.000000,0.460000,0.690000,-0.000000,0.460000,0.690000,-0.000000,0.000000,0.000000,0.000000,0
576,11.520000,6,gripper_r_finger2,0.460000,0.690000,0.000000,0.460000,0.690000,-0.000000,0.460000,0.690000,-0.000000,0.000000,0.000000,0.000000,0
577,11.540000,1,gripper_l_palm,-0.460000,0.710000,0.000000,-0.460000,0.710000,-0.000000,-0.460000,0.710000,-0.000000,0.000000,0.000000,0.000000,0
577,11.540000,2,gripper_l_finger1,-0.460000,0.690000,0.000000,-0.460000,0.690000,-0.000000,-0.460000,0.690000,-0.000000,0.000000,0.000000,0.000000,0
577,11.540000,3,gripper_l_finger2,-0.460000,0.690000,0.000000,-0.460000,0.690000,-0.000000,-0.460000,0.690000,-0.000000,0.000000,0.000000,0.000000,0
577,11.540000,4,gripper_r_palm,0.460000,0.710000,0.000000,0.460000,0.710000,-0.000000,0.460000,0.710000,-0.000000,0.000000,0.000000,0.000000,0
577,11.540000,5,gripper_r_finger1,0.460000,0.690000,0.000000,0.460000,0.690000,-0.000000,0.460000,0.690000,-0.000000,0.000000,0.000000,0.000000,0
577,11.540000,6,gripper_r_finger2,0.460000,0.690000,0.000000,0.460000,0.690000,-0.000000,0.460000,0.690000,-0.000000,0.000000,0.000000,0.000000,0
578,11.560000,1,gripper_l_palm,-0.460000,0.710000,0.000000,-0.460000,0.710000,-0.000000,-0.460000,0.710000,-0.000000,0.000000,0.000000,0.000000,0
578,11.560000,2,gripper_l_finger1,-0.460000,0.690000,0.000000,-0.460000,0.690000,-0.000000,-0.460000,0.690000,-0.000000,0.000000,0.000000,0.000000,0
578,11.560000,3,gripper_l_finger2,-0.460000,0.690000,0.000000,-0.460000,0.690000,-0.000000,-0.460000,0.690000,-0.000000,0.000000,0.000000,0.000000,0
578,11.560000,4,gripper_r_palm,0.460000,0.710000,0.000000,0.460000,0.710000,-0.000000,0.460000,0.710000,-0.000000,0.000000,0.000000,0.000000,0
578,11.560000,5,gripper_r_finger1,0.460000,0.690000,0.000000,0.460000,0.690000,-0.000000,0.460000,0.690000,-0.000000,0.000000,0.000000,0.000000,0
578,11.560000,6,gripper_r_finger2,0.460000,0.690000,0.000000,0.460000,0.690000,-0.000000,0.460000,0.690000,-0.000000,0.000000,0.000000,0.000000,0
579,11.580000,1,gripper_l_palm,-0.460000,0.710000,0.000000,-0.460000,0.710000,-0.000000,-0.460000,0.710000,-0.000000,0.000000,0.000000,0.000000,0
579,11.580000,2,gripper_l_finger1,-0.460000,0.690000,0.000000,-0.460000,0.690000,-0.000000,-0.460000,0.690000,-0.000000,0.000000,0.000000,0.000000,0
579,11.580000,3,gripper_l_finger2,-0.460000,0.690000,0.000000,-0.460000,0.690000,-0.000000,-0.460000,0.690000,-0.000000,0.000000,0.000000,0.000000,0
579,11.580000,4,gripper_r_palm,0.460000,0.710000,0.000000,0.460000,0.710000,-0.000000,0.460000,0.710000,-0.000000,0.000000,0.000000,0.000000,0
579,11.580000,5,gripper_r_finger1,0.460000,0.690000,0.000000,0.460000,0.690000,-0.000000,0.460000,0.690000,-0.000000,0.000000,0.000000,0.000000,0
579,11.580000,6,gripper_r_finger2,0.460000,0.690000,0.000000,0.460000,0.690000,-0.000000,0.460000,0.690000,-0.000000,0.000000,0.000000,0.000000,0
580,11.600000,1,gripper_l_palm,-0.460000,0.710000,0.000000,-0.460000,0.710000,-0.000000,-0.460000,0.710000,-0.000000,0.000000,0.000000,0.000000,0
580,11.600000,2,gripper_l_finger1,-0.460000,0.690000,0.000000,-0.460000,0.690000,-0.000000,-0.460000,0.690000,-0.000000,0.000000,0.000000,0.000000,0
580,11.600000,3,gripper_l_finger2,-0.460000,0.690000,0.000000,-0.460000,0.690000,-0.000000,-0.460000,0.690000,-0.000000,0.000000,0.000000,0.000000,0
580,11.600000,4,gripper_r_palm,0.460000,0.710000,0.000000,0.460000,0.710000,-0.000000,0.460000,0.710000,-0.000000,0.000000,0.000000,0.000000,0
580,11.600000,5,gripper_r_finger1,0.460000,0.690000,0.000000,0.460000,0.690000,-0.000000,0.460000,0.690000,-0.000000,0.000000,0.000000,0.000000,0
580,11.600000,6,gripper_r_finger2,0.460000,0.690000,0.000000,0.460000,0.690000,-0.000000,0.460000,0.690000,-0.000000,0.000000,0.000000,0.000000,0
581,11.620000,1,gripper_l_palm,-0.460000,0.710000,0.000000,-0.460000,0.710000,-0.000000,-0.460000,0.710000,-0.000000,0.000000,0.000000,0.000000,0
581,11.620000,2,gripper_l_finger1,-0.460000,0.690000,0.000000,-0.460000,0.690000,-0.000000,-0.460000,0.690000,-0.000000,0.000000,0.000000,0.000000,0
581,11.620000,3,gripper_l_finger2,-0.460000,0.690000,0.000000,-0.460000,0.690000,-0.000000,-0.460000,0.690000,-0.000000,0.000000,0.000000,0.000000,0
581,11.620000,4,gripper_r_palm,0.460000,0.710000,0.000000,0.460000,0.710000,-0.000000,0.460000,0.710000,-0.000000,0.000000,0.000000,0.000000,0
581,11.620000,5,gripper_r_finger1,0.460000,0.690000,0.000000,0.460000,0.690000,-0.000000,0.460000,0.690000,-0.000000,0.000000,0.000000,0.000000,0
581,11.620000,6,gripper_r_finger2,0.460000,0.690000,0.000000,0.460000,0.690000,-0.000000,0.460000,0.690000,-0.000000,0.000000,0.000000,0.000000,0
582,11.640000,1,gripper_l_palm,-0.460000,0.710000,0.000000,-0.460000,0.710000,-0.000000,-0.460000,0.710000,-0.000000,0.000000,0.000000,0.000000,0
582,11.640000,2,gripper_l_finger1,-0.460000,0.690000,0.000000,-0.460000,0.690000,-0.000000,-0.460000,0.690000,-0.000000,0.000000,0.000000,0.000000,0
582,11.640000,3,gripper_l_finger2,-0.460000,0.690000,0.000000,-0.460000,0.690000,-0.000000,-0.460000,0.690000,-0.000000,0.000000,0.000000,0.000000,0
582,11.640000,4,gripper_r_palm,0.460000,0.710000,0.000000,0.460000,0.710000,-0.000000,0.460000,0.710000,-0.000000,0.000000,0.000000,0.000000,0
582,11.640000,5,gripper_r_finger1,0.460000,0.690000,0.000000,0.460000,0.690000,-0.000000,0.460000,0.690000,-0.000000,0.000000,0.000000,0.000000,0
582,11.640000,6,gripper_r_finger2,0.460000,0.690000,0.000000,0.460000,0.690000,-0.000000,0.460000,0.690000,-0.000000,0.000000,0.000000,0.000000,0
583,11.660000,1,gripper_l_palm,-0.460000,0.710000,0.000000,-0.460000,0.710000,-0.000000,-0.460000,0.710000,-0.000000,0.000000,0.000000,0.000000,0
583,11.660000,2,gripper_l_finger1,-0.460000,0.690000,0.000000,-0.460000,0.690000,-0.000000,-0.460000,0.690000,-0.000000,0.000000,0.000000,0.000000,0
583,11.660000,3,gripper_l_finger2,-0.460000,0.690000,0.000000,-0.460000,0.690000,-0.000000,-0.460000,0.690000,-0.000000,0.000000,0.000000,0.000000,0
583,11.660000,4,gripper_r_palm,0.460000,0.710000,0.000000,0.460000,0.710000,-0.000000,0.460000,0.710000,-0.000000,0.000000,0.000000,0.000000,0
583,11.660000,5,gripper_r_finger1,0.460000,0.690000,0.000000,0.460000,0.690000,-0.000000,0.460000,0.690000,-0.000000,0.000000,0.000000,0.000000,0
583,11.660000,6,gripper_r_finger2,0.460000,0.690000,0.000000,0.460000,0.690000,-0.000000,0.460000,0.690000,-0.000000,0.000000,0.000000,0.000000,0
584,11.680000,1,gripper_l_palm,-0.460000,0.710000,0.000000,-0.460000,0.710000,-0.000000,-0.460000,0.710000,-0.000000,0.000000,0.000000,0.000000,0
584,11.680000,2,gripper_l_finger1,-0.460000,0.690000,0.000000,-0.460000,0.690000,-0.000000,-0.460000,0.690000,-0.000000,0.000000,0.000000,0.000000,0
584,11.680000,3,gripper_l_finger2,-0.460000,0.690000,0.000000,-0.460000,0.690000,-0.000000,-0.460000,0.690000,-0.000000,0.000000,0.000000,0.000000,0
584,11.680000,4,gripper_r_palm,0.460000,0.710000,0.000000,0.460000,0.710000,-0.000000,0.460000,0.710000,-0.000000,0.000000,0.000000,0.000000,0
584,11.680000,5,gripper_r_finger1,0.460000,0.690000,0.000000,0.460000,0.690000,-0.000000,0.460000,0.690000,-0.000000,0.000000,0.000000,0.000000,0
584,11.680000,6,gripper_r_finger2,0.460000,0.690000,0.000000,0.460000,0.690000,-0.000000,0.460000,0.690000,-0.000000,0.000000,0.000000,0.000000,0
585,11.700000,1,gripper_l_palm,-0.460000,0.710000,0.000000,-0.460000,0.710000,-0.000000,-0.460000,0.710000,-0.000000,0.000000,0.000000,0.000000,0
585,11.700000,2,gripper_l_finger1,-0.460000,0.690000,0.000000,-0.460000,0.690000,-0.000000,-0.460000,0.690000,-0.000000,0.000000,0.000000,0.000000,0
585,11.700000,3,gripper_l_finger2,-0.460000,0.690000,0.000000,-0.460000,0.690000,-0.000000,-0.460000,0.690000,-0.000000,0.000000,0.000000,0.000000,0
585,11.700000,4,gripper_r_palm,0.460000,0.710000,0.000000,0.460000,0.710000,-0.000000,0.460000,0.710000,-0.000000,0.000000,0.000000,0.000000,0
585,11.700000,5,gripper_r_finger1,0.460000,0.690000,0.000000,0.460000,0.690000,-0.000000,0.460000,0.690000,-0.000000,0.000000,0.000000,0.000000,0
585,11.700000,6,gripper_r_finger2,0.460000,0.690000,0.000000,0.460000,0.690000,-0.000000,0.460000,0.690000,-0.000000,0.000000,0.000000,0.000000,0
586,11.720000,1,gripper_l_palm,-0.460000,0.710000,0.000000,-0.460000,0.710000,-0.000000,-0.460000,0.710000,-0.000000,0.000000,0.000000,0.000000,0
586,11.720000,2,gripper_l_finger1,-0.460000,0.690000,0.000000,-0.460000,0.690000,-0.000000,-0.460000,0.690000,-0.000000,0.000000,0.000000,0.000000,0
586,11.720000,3,gripper_l_finger2,-0.460000,0.690000,0.000000,-0.460000,0.690000,-0.000000,-0.460000,0.690000,-0.000000,0.000000,0.000000,0.000000,0
586,11.720000,4,gripper_r_palm,0.460000,0.710000,0.000000,0.460000,0.710000,-0.000000,0.460000,0.710000,-0.000000,0.000000,0.000000,0.000000,0
586,11.720000,5,gripper_r_finger1,0.460000,0.690000,0.000000,0.460000,0.690000,-0.000000,0.460000,0.690000,-0.000000,0.000000,0.000000,0.000000,0
586,11.720000,6,gripper_r_finger2,0.460000,0.690000,0.000000,0.460000,0.690000,-0.000000,0.460000,0.690000,-0.000000,0.000000,0.000000,0.000000,0
587,11.740000,1,gripper_l_palm,-0.460000,0.710000,0.000000,-0.460000,0.710000,-0.000000,-0.460000,0.710000,-0.000000,0.000000,0.000000,0.000000,0
587,11.740000,2,gripper_l_finger1,-0.460000,0.690000,0.000000,-0.460000,0.690000,-0.000000,-0.460000,0.690000,-0.000000,0.000000,0.000000,0.000000,0
587,11.740000,3,gripper_l_finger2,-0.460000,0.690000,0.000000,-0.460000,0.690000,-0.000000,-0.460000,0.690000,-0.000000,0.000000,0.000000,0.000000,0
587,11.740000,4,gripper_r_palm,0.460000,0.710000,0.000000,0.460000,0.710000,-0.000000,0.460000,0.710000,-0.000000,0.000000,0.000000,0.000000,0
587,11.740000,5,gripper_r_finger1,0.460000,0.690000,0.000000,0.460000,0.690000,-0.000000,0.460000,0.690000,-0.000000,0.000000,0.000000,0.000000,0
587,11.740000,6,gripper_r_finger2,0.460000,0.690000,0.000000,0.460000,0.690000,-0.000000,0.460000,0.690000,-0.000000,0.000000,0.000000,0.000000,0
588,11.760000,1,gripper_l_palm,-0.460000,0.710000,0.000000,-0.460000,0.710000,-0.000000,-0.460000,0.710000,-0.000000,0.000000,0.000000,0.000000,0
588,11.760000,2,gripper_l_finger1,-0.460000,0.690000,0.000000,-0.460000,0.690000,-0.000000,-0.460000,0.690000,-0.000000,0.000000,0.000000,0.000000,0
588,11.760000,3,gripper_l_finger2,-0.460000,0.690000,0.000000,-0.460000,0.690000,-0.000000,-0.460000,0.690000,-0.000000,0.000000,0.000000,0.000000,0
588,11.760000,4,gripper_r_palm,0.460000,0.710000,0.000000,0.460000,0.710000,-0.000000,0.460000,0.710000,-0.000000,0.000000,0.000000,0.000000,0
588,11.760000,5,gripper_r_finger1,0.460000,0.690000,0.000000,0.460000,0.690000,-0.000000,0.460000,0.690000,-0.000000,0.000000,0.000000,0.000000,0
588,11.760000,6,gripper_r_finger2,0.460000,0.690000,0.000000,0.460000,0.690000,-0.000000,0.460000,0.690000,-0.000000,0.000000,0.000000,0.000000,0
589,11.780000,1,gripper_l_palm,-0.460000,0.710000,0.000000,-0.460000,0.710000,-0.000000,-0.460000,0.710000,-0.000000,0.000000,0.000000,0.000000,0
589,11.780000,2,gripper_l_finger1,-0.460000,0.690000,0.000000,-0.460000,0.690000,-0.000000,-0.460000,0.690000,-0.000000,0.000000,0.000000,0.000000,0
589,11.780000,3,gripper_l_finger2,-0.460000,0.690000,0.000000,-0.460000,0.690000,-0.000000,-0.460000,0.690000,-0.000000,0.000000,0.000000,0.000000,0
589,11.780000,4,gripper_r_palm,0.460000,0.710000,0.000000,0.460000,0.710000,-0.000000,0.460000,0.710000,-0.000000,0.000000,0.000000,0.000000,0
589,11.780000,5,gripper_r_finger1,0.460000,0.690000,0.000000,0.460000,0.690000,-0.000000,0.460000,0.690000,-0.000000,0.000000,0.000000,0.000000,0
589,11.780000,6,gripper_r_finger2,0.460000,0.690000,0.000000,0.460000,0.690000,-0.000000,0.460000,0.690000,-0.000000,0.000000,0.000000,0.000000,0
590,11.800000,1,gripper_l_palm,-0.460000,0.710000,0.000000,-0.460000,0.710000,-0.000000,-0.460000,0.710000,-0.000000,0.000000,0.000000,0.000000,0
590,11.800000,2,gripper_l_finger1,-0.460000,0.690000,0.000000,-0.460000,0.690000,-0.000000,-0.460000,0.690000,-0.000000,0.000000,0.000000,0.000000,0
590,11.800000,3,gripper_l_finger2,-0.460000,0.690000,0.000000,-0.460000,0.690000,-0.000000,-0.460000,0.690000,-0.000000,0.000000,0.000000,0.000000,0
590,11.800000,4,gripper_r_palm,0.460000,0.710000,0.000000,0.460000,0.710000,-0.000000,0.460000,0.710000,-0.000000,0.000000,0.000000,0.000000,0
590,11.800000,5,gripper_r_finger1,0.460000,0.690000,0.000000,0.460000,0.690000,-0.000000,0.460000,0.690000,-0.000000,0.000000,0.000000,0.000000,0
590,11.800000,6,gripper_r_finger2,0.460000,0.690000,0.000000,0.460000,0.690000,-0.000000,0.460000,0.690000,-0.000000,0.000000,0.000000,0.000000,0
591,11.820000,1,gripper_l_palm,-0.460000,0.710000,0.000000,-0.460000,0.710000,-0.000000,-0.460000,0.710000,-0.000000,0.000000,0.000000,0.000000,0
591,11.820000,2,gripper_l_finger1,-0.460000,0.690000,0.000000,-0.460000,0.690000,-0.000000,-0.460000,0.690000