macro_frame,sim_time_mjc,sim_time_xpbd,t1_utc,t1w_utc,t2_utc,t3_utc,t_force_utc,t4_utc,t_step_utc,t1_next_utc,dt_t1_t1w,dt_t1w_t2,dt_t2_t3,dt_t3_tforce,dt_tforce_t4,dt_t4_tstep,dt_tstep_t1next,dt_t1_t1next,cycle_order_ok,paired,note
0,0.000000,0.000000,1781247002.171984911,1781247002.913261175,1781247002.913696527,1781247003.000037193,1781247003.000043154,1781247003.001016855,1781247003.001036644,1781247003.003511906,0.741276,0.000435,0.086341,0.000006,0.000974,0.000020,0.002475,0.831527,1,1,
1,0.020000,0.020000,1781247003.003511906,1781247003.013287067,1781247003.013613462,1781247003.113008499,1781247003.113016367,1781247003.114503860,1781247003.114524603,1781247003.116716862,0.009775,0.000326,0.099395,0.000008,0.001487,0.000021,0.002192,0.113205,1,1,
2,0.040000,0.040000,1781247003.116716862,1781247003.130311251,1781247003.130749941,1781247003.246867180,1781247003.246874332,1781247003.247504473,1781247003.247522593,1781247003.249986410,0.013594,0.000439,0.116117,0.000007,0.000630,0.000018,0.002464,0.133270,1,1,
3,0.060000,0.060000,1781247003.249986410,1781247003.263547897,1781247003.263945818,1781247003.381417274,1781247003.381424665,1781247003.382484436,1781247003.382501602,1781247003.384793520,0.013561,0.000398,0.117471,0.000007,0.001060,0.000017,0.002292,0.134807,1,1,
4,0.080000,0.080000,1781247003.384793520,1781247003.397032738,1781247003.397456408,1781247003.516603470,1781247003.516610622,1781247003.518871784,1781247003.518889666,1781247003.522310972,0.012239,0.000424,0.119147,0.000007,0.002261,0.000018,0.003421,0.137517,1,1,
5,0.100000,0.100000,1781247003.522310972,1781247003.530413389,1781247003.531018734,1781247003.644837141,1781247003.644844532,1781247003.646367073,1781247003.646385431,1781247003.648583651,0.008102,0.000605,0.113818,0.000007,0.001523,0.000018,0.002198,0.126273,1,1,
6,0.120000,0.120000,1781247003.648583651,1781247003.663915634,1781247003.664572001,1781247003.782467842,1781247003.782474995,1781247003.783832550,1781247003.783851624,1781247003.787345409,0.015332,0.000656,0.117896,0.000007,0.001358,0.000019,0.003494,0.138762,1,1,
7,0.140000,0.140000,1781247003.787345409,1781247003.797224045,1781247003.797717333,1781247003.911216736,1781247003.911224365,1781247003.912442923,1781247003.912454605,1781247003.914311647,0.009879,0.000493,0.113499,0.000008,0.001219,0.000012,0.001857,0.126966,1,1,
8,0.160000,0.160000,1781247003.914311647,1781247003.930759430,1781247003.931279659,1781247004.044160604,1781247004.044168711,1781247004.045575142,1781247004.045586586,1781247004.048042297,0.016448,0.000520,0.112881,0.000008,0.001406,0.000011,0.002456,0.133731,1,1,
9,0.180000,0.180000,1781247004.048042297,1781247004.064170837,1781247004.064712048,1781247004.178499699,1781247004.178506613,1781247004.179653883,1781247004.179672480,1781247004.183239698,0.016129,0.000541,0.113788,0.000007,0.001147,0.000019,0.003567,0.135197,1,1,
10,0.200000,0.200000,1781247004.183239698,1781247004.197576523,1781247004.198157310,1781247004.311062336,1781247004.311069489,1781247004.313232183,1781247004.313252211,1781247004.316590786,0.014337,0.000581,0.112905,0.000007,0.002163,0.000020,0.003339,0.133351,1,1,
11,0.220000,0.220000,1781247004.316590786,1781247004.331059456,1781247004.331666231,1781247004.444298506,1781247004.444306135,1781247004.446452618,1781247004.446469784,1781247004.449962854,0.014469,0.000607,0.112632,0.000008,0.002146,0.000017,0.003493,0.133372,1,1,
12,0.240000,0.240000,1781247004.449962854,1781247004.464576721,1781247004.465478420,1781247004.583282709,1781247004.583290100,1781247004.584395170,1781247004.584414721,1781247004.588006735,0.014614,0.000902,0.117804,0.000007,0.001105,0.000020,0.003592,0.138044,1,1,
13,0.260000,0.260000,1781247004.588006735,1781247004.597975016,1781247004.598624229,1781247004.712177515,1781247004.712185383,1781247004.714286327,1781247004.714297771,1781247004.716264963,0.009968,0.000649,0.113553,0.000008,0.002101,0.000011,0.001967,0.128258,1,1,
14,0.280000,0.280000,1781247004.716264963,1781247004.731372595,1781247004.732075930,1781247004.846410990,1781247004.846418619,1781247004.848339796,1781247004.848358393,1781247004.850472450,0.015108,0.000703,0.114335,0.000008,0.001921,0.000019,0.002114,0.134207,1,1,
15,0.300000,0.300000,1781247004.850472450,1781247004.864837170,1781247004.865548611,1781247004.979298353,1781247004.979305983,1781247004.980935574,1781247004.980947256,1781247004.982877493,0.014365,0.000711,0.113750,0.000008,0.001630,0.000012,0.001930,0.132405,1,1,
16,0.320000,0.320000,1781247004.982877493,1781247004.998278856,1781247004.999023199,1781247005.112050772,1781247005.112058163,1781247005.113341331,1781247005.113359213,1781247005.115548611,0.015401,0.000744,0.113028,0.000007,0.001283,0.000018,0.002189,0.132671,1,1,
17,0.340000,0.340000,1781247005.115548611,1781247005.131859303,1781247005.132616997,1781247005.248763800,1781247005.248773575,1781247005.249141216,1781247005.249159098,1781247005.252006292,0.016311,0.000758,0.116147,0.000010,0.000368,0.000018,0.002847,0.136458,1,1,
18,0.360000,0.360000,1781247005.252006292,1781247005.265128136,1781247005.265937328,1781247005.378714800,1781247005.378721476,1781247005.380360126,1781247005.380378962,1781247005.382575035,0.013122,0.000809,0.112777,0.000007,0.001639,0.000019,0.002196,0.130569,1,1,
19,0.380000,0.380000,1781247005.382575035,1781247005.398636580,1781247005.399464846,1781247005.512663603,1781247005.512670994,1781247005.513009310,1781247005.513020277,1781247005.514886141,0.016062,0.000828,0.113199,0.000007,0.000338,0.000011,0.001866,0.132311,1,1,
20,0.400000,0.400000,1781247005.514886141,1781247005.515237570,1781247005.516064882,1781247005.628988504,1781247005.628995180,1781247005.629564762,1781247005.629583836,1781247005.631812811,0.000351,0.000827,0.112924,0.000007,0.000570,0.000019,0.002229,0.116927,1,1,
21,0.420000,0.420000,1781247005.631812811,1781247005.632107973,1781247005.633025885,1781247005.746133566,1781247005.746140718,1781247005.746533632,1781247005.746551752,1781247005.749067783,0.000295,0.000918,0.113108,0.000007,0.000393,0.000018,0.002516,0.117255,1,1,
22,0.440000,0.440000,1781247005.749067783,1781247005.765782833,1781247005.766738415,1781247005.885701656,1781247005.885708570,1781247005.887674332,1781247005.887686729,1781247005.889618397,0.016715,0.000956,0.118963,0.000007,0.001966,0.000012,0.001932,0.140551,1,1,
23,0.460000,0.460000,1781247005.889618397,1781247005.899227619,1781247005.900562525,1781247006.014313936,1781247006.014320850,1781247006.014711380,1781247006.014729977,1781247006.017266035,0.009609,0.001335,0.113751,0.000007,0.000391,0.000019,0.002536,0.127648,1,1,
24,0.480000,0.480000,1781247006.017266035,1781247006.032518625,1781247006.033882618,1781247006.152325630,1781247006.152333736,1781247006.153887033,1781247006.153907776,1781247006.157480001,0.015253,0.001364,0.118443,0.000008,0.001553,0.000021,0.003572,0.140214,1,1,
25,0.500000,0.500000,1781247006.157480001,1781247006.166069269,1781247006.167095900,1781247006.280162096,1781247006.280169010,1781247006.282499313,1781247006.282518625,1781247006.285624266,0.008589,0.001027,0.113066,0.000007,0.002330,0.000019,0.003106,0.128144,1,1,
26,0.520000,0.520000,1781247006.285624266,1781247006.299361229,1781247006.300424099,1781247006.413197279,1781247006.413205147,1781247006.414453268,1781247006.414466143,1781247006.416319847,0.013737,0.001063,0.112773,0.000008,0.001248,0.000013,0.001854,0.130696,1,1,
27,0.540000,0.540000,1781247006.416319847,1781247006.432745457,1781247006.433845520,1781247006.546689034,1781247006.546695948,1781247006.548531771,1781247006.548549652,1781247006.552167892,0.016426,0.001100,0.112844,0.000007,0.001836,0.000018,0.003618,0.135848,1,1,
28,0.560000,0.560000,1781247006.552167892,1781247006.566191435,1781247006.567291737,1781247006.680345535,1781247006.680353880,1781247006.681556463,1781247006.681567669,1781247006.683367729,0.014024,0.001100,0.113054,0.000008,0.001203,0.000011,0.001800,0.131200,1,1,
29,0.580000,0.580000,1781247006.683367729,1781247006.699858427,1781247006.701093197,1781247006.813496351,1781247006.813503265,1781247006.815635443,1781247006.815647602,1781247006.817537546,0.016491,0.001235,0.112403,0.000007,0.002132,0.000012,0.001890,0.134170,1,1,
30,0.600000,0.600000,1781247006.817537546,1781247006.833308220,1781247006.834487200,1781247006.948796749,1781247006.948803663,1781247006.950962543,1781247006.950975180,1781247006.952831745,0.015771,0.001179,0.114310,0.000007,0.002159,0.000013,0.001857,0.135294,1,1,
31,0.620000,0.620000,1781247006.952831745,1781247006.966533899,1781247006.967687368,1781247007.079939127,1781247007.079946995,1781247007.080353022,1781247007.080370188,1781247007.083146334,0.013702,0.001153,0.112252,0.000008,0.000406,0.000017,0.002776,0.130315,1,1,
32,0.640000,0.640000,1781247007.083146334,1781247007.083206892,1781247007.084877253,1781247007.198633194,1781247007.198641062,1781247007.200570345,1781247007.200589418,1781247007.204129219,0.000061,0.001670,0.113756,0.000008,0.001929,0.000019,0.003540,0.120983,1,1,
33,0.660000,0.660000,1781247007.204129219,1781247007.217083216,1781247007.218776464,1781247007.334587812,1781247007.334595442,1781247007.335244894,1781247007.335266829,1781247007.338015318,0.012954,0.001693,0.115811,0.000008,0.000649,0.000022,0.002748,0.133886,1,1,
34,0.680000,0.680000,1781247007.338015318,1781247007.350273371,1781247007.351548195,1781247007.464379072,1781247007.464386702,1781247007.466155052,1781247007.466166258,1781247007.468111038,0.012258,0.001275,0.112831,0.000008,0.001768,0.000011,0.001945,0.130096,1,1,
35,0.700000,0.700000,1781247007.468111038,1781247007.483821869,1781247007.485191345,1781247007.598039865,1781247007.598047018,1781247007.599501848,1781247007.599520922,1781247007.601570129,0.015711,0.001369,0.112849,0.000007,0.001455,0.000019,0.002049,0.133459,1,1,
36,0.720000,0.720000,1781247007.601570129,1781247007.617157698,1781247007.618792295,1781247007.732505083,1781247007.732512474,1781247007.733248234,1781247007.733265877,1781247007.736809731,0.015588,0.001635,0.113713,0.000007,0.000736,0.000018,0.003544,0.135240,1,1,
37,0.740000,0.740000,1781247007.736809731,1781247007.750773907,1781247007.752200127,1781247007.865743160,1781247007.865750551,1781247007.866357088,1781247007.866375446,1781247007.868492842,0.013964,0.001426,0.113543,0.000007,0.000607,0.000018,0.002117,0.131683,1,1,
38,0.760000,0.760000,1781247007.868492842,1781247007.884186268,1781247007.885938644,1781247008.008986950,1781247008.008993864,1781247008.010177374,1781247008.010190487,1781247008.042798519,0.015693,0.001752,0.123048,0.000007,0.001184,0.000013,0.032608,0.174306,1,1,
39,0.780000,0.780000,1781247008.042798519,1781247008.050777435,1781247008.052226305,1781247008.165688038,1781247008.165694952,1781247008.167879343,1781247008.167890549,1781247008.169765472,0.007979,0.001449,0.113462,0.000007,0.002184,0.000011,0.001875,0.126967,1,1,
40,0.800000,0.800000,1781247008.169765472,1781247008.184370756,1781247008.185826778,1781247008.303791046,1781247008.303798199,1781247008.304420710,1781247008.304432869,1781247008.306318283,0.014605,0.001456,0.117964,0.000007,0.000623,0.000012,0.001885,0.136553,1,1,
41,0.820000,0.820000,1781247008.306318283,1781247008.317585230,1781247008.319021940,1781247008.432239294,1781247008.432246685,1781247008.433478117,1781247008.433496475,1781247008.435633183,0.011267,0.001437,0.113217,0.000007,0.001231,0.000018,0.002137,0.129315,1,1,
42,0.840000,0.840000,1781247008.435633183,1781247008.451150656,1781247008.452635288,1781247008.572365522,1781247008.572372675,1781247008.574740410,1781247008.574752092,1781247008.576569319,0.015517,0.001485,0.119730,0.000007,0.002368,0.000012,0.001817,0.140936,1,1,
43,0.860000,0.860000,1781247008.576569319,1781247008.584371567,1781247008.585910320,1781247008.698395967,1781247008.698403120,1781247008.699440241,1781247008.699459076,1781247008.702267408,0.007802,0.001539,0.112486,0.000007,0.001037,0.000019,0.002808,0.125698,1,1,
44,0.880000,0.880000,1781247008.702267408,1781247008.718039036,1781247008.719844341,1781247008.833236694,1781247008.833244085,1781247008.834887028,1781247008.834905386,1781247008.837236643,0.015772,0.001805,0.113392,0.000007,0.001643,0.000018,0.002331,0.134969,1,1,
45,0.900000,0.900000,1781247008.837236643,1781247008.851353645,1781247008.852926970,1781247008.967388630,1781247008.967396021,1781247008.969244480,1781247008.969259024,1781247008.971263409,0.014117,0.001573,0.114462,0.000007,0.001848,0.000015,0.002004,0.134027,1,1,
46,0.920000,0.920000,1781247008.971263409,1781247008.985172987,1781247008.987274647,1781247009.101067781,1781247009.101074696,1781247009.102803230,1781247009.102826834,1781247009.104758978,0.013910,0.002102,0.113793,0.000007,0.001729,0.000024,0.001932,0.133496,1,1,
47,0.940000,0.940000,1781247009.104758978,1781247009.118293047,1781247009.119934559,1781247009.234421492,1781247009.234428883,1781247009.236408949,1781247009.236420631,1781247009.238379240,0.013534,0.001642,0.114487,0.000007,0.001980,0.000012,0.001959,0.133620,1,1,
48,0.960000,0.960000,1781247009.238379240,1781247009.251760483,1781247009.253475904,1781247009.367575884,1781247009.367583275,1781247009.369706392,1781247009.369724751,1781247009.372323513,0.013381,0.001715,0.114100,0.000007,0.002123,0.000018,0.002599,0.133944,1,1,
49,0.980000,0.980000,1781247009.372323513,1781247009.385371923,1781247009.387059212,1781247009.500315666,1781247009.500322819,1781247009.502148628,1781247009.502166271,1781247009.504660845,0.013048,0.001687,0.113256,0.000007,0.001826,0.000018,0.002495,0.132337,1,1,
50,1.000000,1.000000,1781247009.504660845,1781247009.518596888,1781247009.520352840,1781247009.634400606,1781247009.634408474,1781247009.634957314,1781247009.634977579,1781247009.637513638,0.013936,0.001756,0.114048,0.000008,0.000549,0.000020,0.002536,0.132853,1,1,
51,1.020000,1.019999,1781247009.637513638,1781247009.652123451,1781247009.653879881,1781247009.767474890,1781247009.767482519,1781247009.768611431,1781247009.768623352,1781247009.770697832,0.014610,0.001756,0.113595,0.000008,0.001129,0.000012,0.002074,0.133184,1,1,
52,1.040000,1.039999,1781247009.770697832,1781247009.785567045,1781247009.787363768,1781247009.902392149,1781247009.902399778,1781247009.903640747,1781247009.903659821,1781247009.905779600,0.014869,0.001797,0.115028,0.000008,0.001241,0.000019,0.002120,0.135082,1,1,
53,1.060000,1.059999,1781247009.905779600,1781247009.919012785,1781247009.920812845,1781247010.034461021,1781247010.034467936,1781247010.035475731,1781247010.035493851,1781247010.038681507,0.013233,0.001800,0.113648,0.000007,0.001008,0.000018,0.003188,0.132902,1,1,
54,1.080000,1.079999,1781247010.038681507,1781247010.052429676,1781247010.054327965,1781247010.169573784,1781247010.169581175,1781247010.170478106,1781247010.170496941,1781247010.173042536,0.013748,0.001898,0.115246,0.000007,0.000897,0.000019,0.002546,0.134361,1,1,
55,1.100000,1.099999,1781247010.173042536,1781247010.185835600,1781247010.187707663,1781247010.301620960,1781247010.301628590,1781247010.302406549,1781247010.302425146,1781247010.305107355,0.012793,0.001872,0.113913,0.000008,0.000778,0.000019,0.002682,0.132065,1,1,
56,1.120000,1.119999,1781247010.305107355,1781247010.319471598,1781247010.321446419,1781247010.436507940,1781247010.436515093,1781247010.438349962,1781247010.438362360,1781247010.440442801,0.014364,0.001975,0.115062,0.000007,0.001835,0.000012,0.002080,0.135335,1,1,
57,1.140000,1.139999,1781247010.440442801,1781247010.452755690,1781247010.454705954,1781247010.567713022,1781247010.567720413,1781247010.568715096,1781247010.568726778,1781247010.570657015,0.012313,0.001950,0.113007,0.000007,0.000995,0.000012,0.001930,0.130214,1,1,
58,1.160000,1.159999,1781247010.570657015,1781247010.586138487,1781247010.588098288,1781247010.701079607,1781247010.701086998,1781247010.701624632,1781247010.701635599,1781247010.703528404,0.015481,0.001960,0.112981,0.000007,0.000538,0.000011,0.001893,0.132871,1,1,
59,1.180000,1.179999,1781247010.703528404,1781247010.719712019,1781247010.721670151,1781247010.834757090,1781247010.834764004,1781247010.836205482,1781247010.836217165,1781247010.838229656,0.016184,0.001958,0.113087,0.000007,0.001441,0.000012,0.002012,0.134701,1,1,
60,1.200000,1.199999,1781247010.838229656,1781247010.853029490,1781247010.855006933,1781247010.968303442,1781247010.968310595,1781247010.969913483,1781247010.969941616,1781247010.972835064,0.014800,0.001977,0.113297,0.000007,0.001603,0.000028,0.002893,0.134605,1,1,
61,1.220000,1.219999,1781247010.972835064,1781247010.986481190,1781247010.988482237,1781247011.101889849,1781247011.101897240,1781247011.102601528,1781247011.102619886,1781247011.105758905,0.013646,0.002001,0.113408,0.000007,0.000704,0.000018,0.003139,0.132924,1,1,
62,1.240000,1.239999,1781247011.105758905,1781247011.119983196,1781247011.122025967,1781247011.235879421,1781247011.235887527,1781247011.238374233,1781247011.238395691,1781247011.242074013,0.014224,0.002043,0.113853,0.000008,0.002487,0.000021,0.003678,0.136315,1,1,
63,1.260000,1.259999,1781247011.242074013,1781247011.253476858,1781247011.255522490,1781247011.368221283,1781247011.368229151,1781247011.368473291,1781247011.368485451,1781247011.370475054,0.011403,0.002046,0.112699,0.000008,0.000244,0.000012,0.001990,0.128401,1,1,
64,1.280000,1.279999,1781247011.370475054,1781247011.386842251,1781247011.388915300,1781247011.501761436,1781247011.501769066,1781247011.504273415,1781247011.504291773,1781247011.507087469,0.016367,0.002073,0.112846,0.000008,0.002504,0.000018,0.002796,0.136612,1,1,
65,1.300000,1.299999,1781247011.507087469,1781247011.520409822,1781247011.522561073,1781247011.637636185,1781247011.637642384,1781247011.639820099,1781247011.639839172,1781247011.643371105,0.013322,0.002151,0.115075,0.000006,0.002178,0.000019,0.003532,0.136284,1,1,
66,1.320000,1.319999,1781247011.643371105,1781247011.653760910,1781247011.655922651,1781247011.769334555,1781247011.769342184,1781247011.770793438,1781247011.770807505,1781247011.773187160,0.010390,0.002162,0.113412,0.000008,0.001451,0.000014,0.002380,0.129816,1,1,
67,1.340000,1.339999,1781247011.773187160,1781247011.787353516,1781247011.789543152,1781247011.902352810,1781247011.902360916,1781247011.904197693,1781247011.904210329,1781247011.906336308,0.014166,0.002190,0.112810,0.000008,0.001837,0.000013,0.002126,0.133149,1,1,
68,1.360000,1.359999,1781247011.906336308,1781247011.920861483,1781247011.923169136,1781247012.036473513,1781247012.036481380,1781247012.037593842,1781247012.037613153,1781247012.041199684,0.014525,0.002308,0.113304,0.000008,0.001112,0.000019,0.003587,0.134863,1,1,
69,1.380000,1.379999,1781247012.041199684,1781247012.054022074,1781247012.056236982,1781247012.169826031,1781247012.169833660,1781247012.171496391,1781247012.171509266,1781247012.173562050,0.012822,0.002215,0.113589,0.000008,0.001663,0.000013,0.002053,0.132362,1,1,
70,1.400000,1.399999,1781247012.173562050,1781247012.187526464,1781247012.189794064,1781247012.303642035,1781247012.303649426,1781247012.305966377,1781247012.305984735,1781247012.308578014,0.013964,0.002268,0.113848,0.000007,0.002317,0.000018,0.002593,0.135016,1,1,
71,1.420000,1.419999,1781247012.308578014,1781247012.321207285,1781247012.323482990,1781247012.437122345,1781247012.437130451,1781247012.439254761,1781247012.439268112,1781247012.441299200,0.012629,0.002276,0.113639,0.000008,0.002124,0.000013,0.002031,0.132721,1,1,
72,1.440000,1.439999,1781247012.441299200,1781247012.454618692,1781247012.456996202,1781247012.570722342,1781247012.570729971,1781247012.571352243,1781247012.571369886,1781247012.574559450,0.013319,0.002378,0.113726,0.000008,0.000622,0.000018,0.003190,0.133260,1,1,
73,1.460000,1.459999,1781247012.574559450,1781247012.587891340,1781247012.590246201,1781247012.703506708,1781247012.703514576,1781247012.705743313,1781247012.705755234,1781247012.707643509,0.013332,0.002355,0.113261,0.000008,0.002229,0.000012,0.001888,0.133084,1,1,
74,1.480000,1.479999,1781247012.707643509,1781247012.721248150,1781247012.723646879,1781247012.836613417,1781247012.836622000,1781247012.837089539,1781247012.837100744,1781247012.839228630,0.013605,0.002399,0.112967,0.000009,0.000468,0.000011,0.002128,0.131585,1,1,
75,1.500000,1.499999,1781247012.839228630,1781247012.854717255,1781247012.857159376,1781247012.970875740,1781247012.970883608,1781247012.972716570,1781247012.972736359,1781247012.974813461,0.015489,0.002442,0.113716,0.000008,0.001833,0.000020,0.002077,0.135585,1,1,
76,1.520000,1.519999,1781247012.974813461,1781247012.988181829,1781247012.990618706,1781247013.104466200,1781247013.104473829,1781247013.105381012,1781247013.105399370,1781247013.108669758,0.013368,0.002437,0.113847,0.000008,0.000907,0.000018,0.003270,0.133856,1,1,
77,1.540000,1.539999,1781247013.108669758,1781247013.121546030,1781247013.124032974,1781247013.238174200,1781247013.238181829,1781247013.239282608,1781247013.239301205,1781247013.242880106,0.012876,0.002487,0.114141,0.000008,0.001101,0.000019,0.003579,0.134210,1,1,
78,1.560000,1.559999,1781247013.242880106,1781247013.255101681,1781247013.257583618,1781247013.371245146,1781247013.371251822,1781247013.372041464,1781247013.372061968,1781247013.374511242,0.012222,0.002482,0.113662,0.000007,0.000790,0.000021,0.002449,0.131631,1,1,
79,1.580000,1.579999,1781247013.374511242,1781247013.388776541,1781247013.392312765,1781247013.508053303,1781247013.508061409,1781247013.510350227,1781247013.510370493,1781247013.513955832,0.014265,0.003536,0.115741,0.000008,0.002289,0.000020,0.003585,0.139445,1,1,
80,1.600000,1.599999,1781247013.513955832,1781247013.522060871,1781247013.524588585,1781247013.636826038,1781247013.636834383,1781247013.637475014,1781247013.637495279,1781247013.640918016,0.008105,0.002528,0.112237,0.000008,0.000641,0.000020,0.003423,0.126962,1,1,
81,1.620000,1.619999,1781247013.640918016,1781247013.655563354,1781247013.659133196,1781247013.772509336,1781247013.772516251,1781247013.774481058,1781247013.774498701,1781247013.776689053,0.014645,0.003570,0.113376,0.000007,0.001965,0.000018,0.002190,0.135771,1,1,
82,1.640000,1.639999,1781247013.776689053,1781247013.788778305,1781247013.791399956,1781247013.904596806,1781247013.904604435,1781247013.906243801,1781247013.906256676,1781247013.908191919,0.012089,0.002622,0.113197,0.000008,0.001639,0.000013,0.001935,0.131503,1,1,
83,1.660000,1.659999,1781247013.908191919,1781247013.922470331,1781247013.925199032,1781247014.038539410,1781247014.038547039,1781247014.038948059,1781247014.038966179,1781247014.041389465,0.014278,0.002729,0.113340,0.000008,0.000401,0.000018,0.002423,0.133198,1,1,
84,1.680000,1.679999,1781247014.041389465,1781247014.055690765,1781247014.059431791,1781247014.175451040,1781247014.175458193,1781247014.176498175,1781247014.176517010,1781247014.178629160,0.014301,0.003741,0.116019,0.000007,0.001040,0.000019,0.002112,0.137240,1,1,
85,1.700000,1.699999,1781247014.178629160,1781247014.189287186,1781247014.192032337,1781247014.305684566,1781247014.305691957,1781247014.307889700,1781247014.307902098,1781247014.309896946,0.010658,0.002745,0.113652,0.000007,0.002198,0.000012,0.001995,0.131268,1,1,
86,1.720000,1.719999,1781247014.309896946,1781247014.322540998,1781247014.325271368,1781247014.439038515,1781247014.439045906,1781247014.441316605,1781247014.441336870,1781247014.443562031,0.012644,0.002730,0.113767,0.000007,0.002271,0.000020,0.002225,0.133665,1,1,
87,1.740000,1.739999,1781247014.443562031,1781247014.456024408,1781247014.458775759,1781247014.571965933,1781247014.571973324,1781247014.573888063,1781247014.573904991,1781247014.575795412,0.012462,0.002751,0.113190,0.000007,0.001915,0.000017,0.001890,0.132233,1,1,
88,1.760000,1.759999,1781247014.575795412,1781247014.589499474,1781247014.592248678,1781247014.705089569,1781247014.705097198,1781247014.705447435,1781247014.705465317,1781247014.708189249,0.013704,0.002749,0.112841,0.000008,0.000350,0.000018,0.002724,0.132394,1,1,
89,1.780000,1.779999,1781247014.708189249,1781247014.722954750,1781247014.725761652,1781247014.838357925,1781247014.838366032,1781247014.839569092,1781247014.839587212,1781247014.842225313,0.014766,0.002807,0.112596,0.000008,0.001203,0.000018,0.002638,0.134036,1,1,
90,1.800000,1.799999,1781247014.842225313,1781247014.856542349,1781247014.859371424,1781247014.974653721,1781247014.974660873,1781247014.977540255,1781247014.977556229,1781247014.979666471,0.014317,0.002829,0.115282,0.000007,0.002879,0.000016,0.002110,0.137441,1,1,
91,1.820000,1.819999,1781247014.979666471,1781247014.989892721,1781247014.992765665,1781247015.106502056,1781247015.106509924,1781247015.107672215,1781247015.107684135,1781247015.109655142,0.010226,0.002873,0.113736,0.000008,0.001162,0.000012,0.001971,0.129989,1,1,
92,1.840000,1.839999,1781247015.109655142,1781247015.123246193,1781247015.126177073,1781247015.239243031,1781247015.239250660,1781247015.240206957,1781247015.240225315,1781247015.243093729,0.013591,0.002931,0.113066,0.000008,0.000956,0.000018,0.002868,0.133439,1,1,
93,1.860000,1.859999,1781247015.243093729,1781247015.256759405,1781247015.260004759,1781247015.374138355,1781247015.374145508,1781247015.374796391,1781247015.374814987,1781247015.376956463,0.013666,0.003245,0.114134,0.000007,0.000651,0.000019,0.002141,0.133863,1,1,
94,1.880000,1.879999,1781247015.376956463,1781247015.390156031,1781247015.393135548,1781247015.507508278,1781247015.507515430,1781247015.508275747,1781247015.508293629,1781247015.510420322,0.013200,0.002980,0.114373,0.000007,0.000760,0.000018,0.002127,0.133464,1,1,
95,1.900000,1.899999,1781247015.510420322,1781247015.523575783,1781247015.526532412,1781247015.639134169,1781247015.639141083,1781247015.639590979,1781247015.639609098,1781247015.642165184,0.013155,0.002957,0.112602,0.000007,0.000450,0.000018,0.002556,0.131745,1,1,
96,1.920000,1.919999,1781247015.642165184,1781247015.657088518,1781247015.661342621,1781247015.777458191,1781247015.777465105,1781247015.779081821,1781247015.779096365,1781247015.780940056,0.014923,0.004254,0.116116,0.000007,0.001617,0.000015,0.001844,0.138775,1,1,
97,1.940000,1.939999,1781247015.780940056,1781247015.790415287,1781247015.793466806,1781247015.909044981,1781247015.909052372,1781247015.910517454,1781247015.910536528,1781247015.914031267,0.009475,0.003052,0.115578,0.000007,0.001465,0.000019,0.003495,0.133091,1,1,
98,1.960000,1.959999,1781247015.914031267,1781247015.923972130,1781247015.927054167,1781247016.043227434,1781247016.043234587,1781247016.045602322,1781247016.045614481,1781247016.047628880,0.009941,0.003082,0.116173,0.000007,0.002368,0.000012,0.002014,0.133598,1,1,
99,1.980000,1.979999,1781247016.047628880,1781247016.057258844,1781247016.060372114,1781247016.177577972,1781247016.177585840,1781247016.180001259,1781247016.180012465,1781247016.182036161,0.009630,0.003113,0.117206,0.000008,0.002415,0.000011,0.002024,0.134407,1,1,
100,2.000000,1.999999,1781247016.182036161,1781247016.190754414,1781247016.193896532,1781247016.311555386,1781247016.311562300,1781247016.312275171,1781247016.312294245,1781247016.315031528,0.008718,0.003142,0.117659,0.000007,0.000713,0.000019,0.002737,0.132995,1,1,
101,2.020000,2.019999,1781247016.315031528,1781247016.324342489,1781247016.327515602,1781247016.442652702,1781247016.442658186,1781247016.443223000,1781247016.443241835,1781247016.446025610,0.009311,0.003173,0.115137,0.000005,0.000565,0.000019,0.002784,0.130994,1,1,
102,2.040000,2.039999,1781247016.446025610,1781247016.457627058,1781247016.460826159,1781247016.574676037,1781247016.574684143,1781247016.575066090,1781247016.575083733,1781247016.578655005,0.011601,0.003199,0.113850,0.000008,0.000382,0.000018,0.003571,0.132629,1,1,
103,2.060000,2.059999,1781247016.578655005,1781247016.591119289,1781247016.594302177,1781247016.708242178,1781247016.708249092,1781247016.708891869,1781247016.708918333,1781247016.710960865,0.012464,0.003183,0.113940,0.000007,0.000643,0.000026,0.002043,0.132306,1,1,
104,2.080000,2.079999,1781247016.710960865,1781247016.724641323,1781247016.727888346,1781247016.841481209,1781247016.841488838,1781247016.842055798,1781247016.842072487,1781247016.845625401,0.013680,0.003247,0.113593,0.000008,0.000567,0.000017,0.003553,0.134665,1,1,
105,2.100000,2.099999,1781247016.845625401,1781247016.858266115,1781247016.861552954,1781247016.976014614,1781247016.976021528,1781247016.977030516,1781247016.977048874,1781247016.980009079,0.012641,0.003287,0.114462,0.000007,0.001009,0.000018,0.002960,0.134384,1,1,
106,2.120000,2.119999,1781247016.980009079,1781247016.991616011,1781247016.994952202,1781247017.112146616,1781247017.112153530,1781247017.113453150,1781247017.113463879,1781247017.115376711,0.011607,0.003336,0.117194,0.000007,0.001300,0.000011,0.001913,0.135368,1,1,
107,2.140000,2.139999,1781247017.115376711,1781247017.124837875,1781247017.128148556,1781247017.242831707,1781247017.242838860,1781247017.245175362,1781247017.245196581,1781247017.247579098,0.009461,0.003311,0.114683,0.000007,0.002337,0.000021,0.002383,0.132202,1,1,
108,2.160000,2.159999,1781247017.247579098,1781247017.258462429,1781247017.261781216,1781247017.375130892,1781247017.375138521,1781247017.375824928,1781247017.375844240,1781247017.378242731,0.010883,0.003319,0.113350,0.000008,0.000686,0.000019,0.002398,0.130664,1,1,
109,2.180000,2.179999,1781247017.378242731,1781247017.391889572,1781247017.395732880,1781247017.513325930,1781247017.513333082,1781247017.513958931,1781247017.513978004,1781247017.517467499,0.013647,0.003843,0.117593,0.000007,0.000626,0.000019,0.003489,0.139225,1,1,
110,2.200000,2.199999,1781247017.517467499,1781247017.525129557,1781247017.529171228,1781247017.643293619,1781247017.643302441,1781247017.644960880,1781247017.644979954,1781247017.648607016,0.007662,0.004042,0.114122,0.000009,0.001658,0.000019,0.003627,0.131140,1,1,
111,2.220000,2.219999,1781247017.648607016,1781247017.658684254,1781247017.663497686,1781247017.779923916,1781247017.779931545,1781247017.780445814,1781247017.780457973,1781247017.782544136,0.010077,0.004813,0.116426,0.000008,0.000514,0.000012,0.002086,0.133937,1,1,
112,2.240000,2.239999,1781247017.782544136,1781247017.792009830,1781247017.795474291,1781247017.909726620,1781247017.909733772,1781247017.910887718,1781247017.910906315,1781247017.914610863,0.009466,0.003464,0.114252,0.000007,0.001154,0.000019,0.003705,0.132067,1,1,
113,2.260000,2.259999,1781247017.914610863,1781247017.925584555,1781247017.929104805,1781247018.042960882,1781247018.042968512,1781247018.044820547,1781247018.044847965,1781247018.046826839,0.010974,0.003520,0.113856,0.000008,0.001852,0.000027,0.001979,0.132216,1,1,
114,2.280000,2.279999,1781247018.046826839,1781247018.059226513,1781247018.062728882,1781247018.177583694,1781247018.177591324,1781247018.179900885,1781247018.179914713,1781247018.181910276,0.012400,0.003502,0.114855,0.000008,0.002310,0.000014,0.001996,0.135083,1,1,
115,2.300000,2.299999,1781247018.181910276,1781247018.192622185,1781247018.197110891,1781247018.311743259,1781247018.311750412,1781247018.312523365,1781247018.312542915,1781247018.316233158,0.010712,0.004489,0.114632,0.000007,0.000773,0.000020,0.003690,0.134323,1,1,
116,2.320000,2.319999,1781247018.316233158,1781247018.325899363,1781247018.329509258,1781247018.442982197,1781247018.442989349,1781247018.443574190,1781247018.443591595,1781247018.446206093,0.009666,0.003610,0.113473,0.000007,0.000585,0.000017,0.002614,0.129973,1,1,
117,2.340000,2.339999,1781247018.446206093,1781247018.459392309,1781247018.462986708,1781247018.577111721,1781247018.577119350,1781247018.578350782,1781247018.578369141,1781247018.581071138,0.013186,0.003594,0.114125,0.000008,0.001231,0.000018,0.002702,0.134865,1,1,
118,2.360000,2.359999,1781247018.581071138,1781247018.592790127,1781247018.597969294,1781247018.711947203,1781247018.711955309,1781247018.712980986,1781247018.712993860,1781247018.715034485,0.011719,0.005179,0.113978,0.000008,0.001026,0.000013,0.002041,0.133963,1,1,
119,2.380000,2.379999,1781247018.715034485,1781247018.726360083,1781247018.729984760,1781247018.843230724,1781247018.843238831,1781247018.844420671,1781247018.844432831,1781247018.846625566,0.011326,0.003625,0.113246,0.000008,0.001182,0.000012,0.002193,0.131591,1,1,
120,2.400000,2.399999,1781247018.846625566,1781247018.859823704,1781247018.863507748,1781247018.977210045,1781247018.977218628,1781247018.978058338,1781247018.978072405,1781247018.981566429,0.013198,0.003684,0.113702,0.000009,0.000840,0.000014,0.003494,0.134941,1,1,
121,2.420000,2.419999,1781247018.981566429,1781247018.993136883,1781247018.996782780,1781247019.110408306,1781247019.110416174,1781247019.112051964,1781247019.112071276,1781247019.114305258,0.011570,0.003646,0.113626,0.000008,0.001636,0.000019,0.002234,0.132739,1,1,
122,2.440000,2.439999,1781247019.114305258,1781247019.126507998,1781247019.130230188,1781247019.243649960,1781247019.243658066,1781247019.245339870,1781247019.245358706,1781247019.247539282,0.012203,0.003722,0.113420,0.000008,0.001682,0.000019,0.002181,0.133234,1,1,
123,2.460000,2.459999,1781247019.247539282,1781247019.260240555,1781247019.264013767,1781247019.377581835,1781247019.377589703,1781247019.379522800,1781247019.379535675,1781247019.381535769,0.012701,0.003773,0.113568,0.000008,0.001933,0.000013,0.002000,0.133996,1,1,
124,2.480000,2.479999,1781247019.381535769,1781247019.393450022,1781247019.397275686,1781247019.511043549,1781247019.511050940,1781247019.512590170,1781247019.512601852,1781247019.514576435,0.011914,0.003826,0.113768,0.000007,0.001539,0.000012,0.001975,0.133041,1,1,
125,2.500000,2.499999,1781247019.514576435,1781247019.526830912,1781247019.530652046,1781247019.645316601,1781247019.645324230,1781247019.646109104,1781247019.646130085,1781247019.648113489,0.012254,0.003821,0.114665,0.000008,0.000785,0.000021,0.001983,0.133537,1,1,
126,2.520000,2.519999,1781247019.648113489,1781247019.660376787,1781247019.664452553,1781247019.778042316,1781247019.778049707,1781247019.778431654,1781247019.778450251,1781247019.781972647,0.012263,0.004076,0.113590,0.000007,0.000382,0.000019,0.003522,0.133859,1,1,
127,2.540000,2.539999,1781247019.781972647,1781247019.793745756,1781247019.798030615,1781247019.914287806,1781247019.914294720,1781247019.916625738,1781247019.916646242,1781247019.920171738,0.011773,0.004285,0.116257,0.000007,0.002331,0.000021,0.003525,0.138199,1,1,
128,2.560000,2.559999,1781247019.920171738,1781247019.927200794,1781247019.931114197,1781247020.048950434,1781247020.048957586,1781247020.050877094,1781247020.050895452,1781247020.054391146,0.007029,0.003913,0.117836,0.000007,0.001920,0.000018,0.003496,0.134219,1,1,
129,2.580000,2.579999,1781247020.054391146,1781247020.060617924,1781247020.066051722,1781247020.180623770,1781247020.180630922,1781247020.181542873,1781247020.181562185,1781247020.184111834,0.006227,0.005434,0.114572,0.000007,0.000912,0.000019,0.002550,0.129721,1,1,
130,2.600000,2.599999,1781247020.184111834,1781247020.194162130,1781247020.198164701,1781247020.312111855,1781247020.312119246,1781247020.312883615,1781247020.312896729,1781247020.314916372,0.010050,0.004003,0.113947,0.000007,0.000764,0.000013,0.002020,0.130805,1,1,
131,2.620000,2.619999,1781247020.314916372,1781247020.327485800,1781247020.331455231,1781247020.445495129,1781247020.445502520,1781247020.447829008,1781247020.447849035,1781247020.451374769,0.012569,0.003969,0.114040,0.000007,0.002326,0.000020,0.003526,0.136458,1,1,
132,2.640000,2.639999,1781247020.451374769,1781247020.461104631,1781247020.465075970,1781247020.578530550,1781247020.578537941,1781247020.580123186,1781247020.580143213,1781247020.583760023,0.009730,0.003971,0.113455,0.000007,0.001585,0.000020,0.003617,0.132385,1,1,
133,2.660000,2.659999,1781247020.583760023,1781247020.594408751,1781247020.598878860,1781247020.714470625,1781247020.714478016,1781247020.715063095,1781247020.715075254,1781247020.717024803,0.010649,0.004470,0.115592,0.000007,0.000585,0.000012,0.001950,0.133265,1,1,
134,2.680000,2.679999,1781247020.717024803,1781247020.727930784,1781247020.732022762,1781247020.847005367,1781247020.847012520,1781247020.848466635,1781247020.848478317,1781247020.850572824,0.010906,0.004092,0.114983,0.000007,0.001454,0.000012,0.002095,0.133548,1,1,
135,2.700000,2.699999,1781247020.850572824,1781247020.861192226,1781247020.865376711,1781247020.980865240,1781247020.980872393,1781247020.981840611,1781247020.981852055,1781247020.983837128,0.010619,0.004184,0.115489,0.000007,0.000968,0.000011,0.001985,0.133264,1,1,
136,2.720000,2.719999,1781247020.983837128,1781247020.994720459,1781247020.998883486,1781247021.113325119,1781247021.113332510,1781247021.113556623,1781247021.113568544,1781247021.115468264,0.010883,0.004163,0.114442,0.000007,0.000224,0.000012,0.001900,0.131631,1,1,
137,2.740000,2.739999,1781247021.115468264,1781247021.128124952,1781247021.132293463,1781247021.247595310,1781247021.247602701,1781247021.250048876,1781247021.250066519,1781247021.252229691,0.012657,0.004169,0.115302,0.000007,0.002446,0.000018,0.002163,0.136761,1,1,
138,2.760000,2.759999,1781247021.252229691,1781247021.261654615,1781247021.266299963,1781247021.380473137,1781247021.380480766,1781247021.381989956,1781247021.382009029,1781247021.384377003,0.009425,0.004645,0.114173,0.000008,0.001509,0.000019,0.002368,0.132147,1,1,
139,2.780000,2.779999,1781247021.384377003,1781247021.395205736,1781247021.399384260,1781247021.513868809,1781247021.513876677,1781247021.514203548,1781247021.514222383,1781247021.516600132,0.010829,0.004179,0.114485,0.000008,0.000327,0.000019,0.002378,0.132223,1,1,
140,2.800000,2.799999,1781247021.516600132,1781247021.528440475,1781247021.532706499,1781247021.647703648,1781247021.647711515,1781247021.648469925,1781247021.648488760,1781247021.651160002,0.011840,0.004266,0.114997,0.000008,0.000758,0.000019,0.002671,0.134560,1,1,
141,2.820000,2.819999,1781247021.651160002,1781247021.662185431,1781247021.666510820,1781247021.781733990,1781247021.781742334,1781247021.782502890,1781247021.782516956,1781247021.784485579,0.011025,0.004325,0.115223,0.000008,0.000761,0.000014,0.001969,0.133326,1,1,
142,2.840000,2.839999,1781247021.784485579,1781247021.795503616,1781247021.799847126,1781247021.914239645,1781247021.914247990,1781247021.914978027,1781247021.914993763,1781247021.917207241,0.011018,0.004344,0.114393,0.000008,0.000730,0.000016,0.002213,0.132722,1,1,
143,2.860000,2.859999,1781247021.917207241,1781247021.928818226,1781247021.934844732,1781247022.051421165,1781247022.051428318,1781247022.052487373,1781247022.052504539,1781247022.055262804,0.011611,0.006027,0.116576,0.000007,0.001059,0.000017,0.002758,0.138056,1,1,
144,2.880000,2.879999,1781247022.055262804,1781247022.062351704,1781247022.066895962,1781247022.182470322,1781247022.182478189,1781247022.184824228,1781247022.184849977,1781247022.186745644,0.007089,0.004544,0.115574,0.000008,0.002346,0.000026,0.001896,0.131483,1,1,
145,2.900000,2.899999,1781247022.186745644,1781247022.195665836,1781247022.200062752,1781247022.314442635,1781247022.314450026,1781247022.315315723,1781247022.315333366,1781247022.318840265,0.008920,0.004397,0.114380,0.000007,0.000866,0.000018,0.003507,0.132095,1,1,
146,2.920000,2.919999,1781247022.318840265,1781247022.329325914,1781247022.333723307,1781247022.447850943,1781247022.447859287,1781247022.449027300,1781247022.449044466,1781247022.451462984,0.010486,0.004397,0.114128,0.000008,0.001168,0.000017,0.002419,0.132623,1,1,
147,2.940000,2.939999,1781247022.451462984,1781247022.462766886,1781247022.467162132,1781247022.581025124,1781247022.581032276,1781247022.583119392,1781247022.583139658,1781247022.586703539,0.011304,0.004395,0.113863,0.000007,0.002087,0.000020,0.003564,0.135241,1,1,
148,2.960000,2.959999,1781247022.586703539,1781247022.596287012,1781247022.600747347,1781247022.715354443,1781247022.715362549,1781247022.716271400,1781247022.716289997,1781247022.719903946,0.009583,0.004460,0.114607,0.000008,0.000909,0.000019,0.003614,0.133200,1,1,
149,2.980000,2.979999,1781247022.719903946,1781247022.729579210,1781247022.734124660,1781247022.848893642,1781247022.848901272,1781247022.850310564,1781247022.850331545,1781247022.852611065,0.009675,0.004545,0.114769,0.000008,0.001409,0.000021,0.002280,0.132707,1,1,
150,3.000000,2.999999,1781247022.852611065,1781247022.862981558,1781247022.867478132,1781247022.981300831,1781247022.981308937,1781247022.981825352,1781247022.981839895,1781247022.984024525,0.010370,0.004497,0.113823,0.000008,0.000516,0.000015,0.002185,0.131413,1,1,
151,3.020000,3.019999,1781247022.984024525,1781247022.996270418,1781247023.000826359,1781247023.114643097,1781247023.114650726,1781247023.116214514,1781247023.116234303,1781247023.119733572,0.012246,0.004556,0.113817,0.000008,0.001564,0.000020,0.003499,0.135709,1,1,
152,3.040000,3.039999,1781247023.119733572,1781247023.130056143,1781247023.134630680,1781247023.248502493,1781247023.248510361,1781247023.248895407,1781247023.248915911,1781247023.252066612,0.010323,0.004575,0.113872,0.000008,0.000385,0.000021,0.003151,0.132333,1,1,
153,3.060000,3.059999,1781247023.252066612,1781247023.263483286,1781247023.268063784,1781247023.382626057,1781247023.382634401,1781247023.382957935,1781247023.382978201,1781247023.385403395,0.011417,0.004580,0.114562,0.000008,0.000324,0.000020,0.002425,0.133337,1,1,
154,3.080000,3.079999,1781247023.385403395,1781247023.397038221,1781247023.401670694,1781247023.515773773,1781247023.515781879,1781247023.518049240,1781247023.518060684,1781247023.519990921,0.011635,0.004632,0.114103,0.000008,0.002267,0.000011,0.001930,0.134588,1,1,
155,3.100000,3.099999,1781247023.519990921,1781247023.530332565,1781247023.535100460,1781247023.651243210,1781247023.651250839,1781247023.652858734,1781247023.652877808,1781247023.655276299,0.010342,0.004768,0.116143,0.000008,0.001608,0.000019,0.002398,0.135285,1,1,
156,3.120000,3.119999,1781247023.655276299,1781247023.663511038,1781247023.669640541,1781247023.785590172,1781247023.785598040,1781247023.787790298,1781247023.787805080,1781247023.790628910,0.008235,0.006130,0.115950,0.000008,0.002192,0.000015,0.002824,0.135353,1,1,
157,3.140000,3.139999,1781247023.790628910,1781247023.796898365,1781247023.801672459,1781247023.916080713,1781247023.916089296,1781247023.918400764,1781247023.918411732,1781247023.920294046,0.006269,0.004774,0.114408,0.000009,0.002311,0.000011,0.001882,0.129665,1,1,
158,3.160000,3.159999,1781247023.920294046,1781247023.930495024,1781247023.935271978,1781247024.050128698,1781247024.050136328,1781247024.051961184,1781247024.051982164,1781247024.055506468,0.010201,0.004777,0.114857,0.000008,0.001825,0.000021,0.003524,0.135212,1,1,
159,3.180000,3.179999,1781247024.055506468,1781247024.064002991,1781247024.069728613,1781247024.184204340,1781247024.184211731,1781247024.186534166,1781247024.186552525,1781247024.188626766,0.008497,0.005726,0.114476,0.000007,0.002322,0.000018,0.002074,0.133120,1,1,
160,3.200000,3.199999,1781247024.188626766,1781247024.197347641,1781247024.202191353,1781247024.316758156,1781247024.316766500,1781247024.317817926,1781247024.317837715,1781247024.320385695,0.008721,0.004844,0.114567,0.000008,0.001051,0.000020,0.002548,0.131759,1,1,
161,3.220000,3.219999,1781247024.320385695,1781247024.330745697,1781247024.335604191,1781247024.449877977,1781247024.449886322,1781247024.451197624,1781247024.451220036,1781247024.453439236,0.010360,0.004858,0.114274,0.000008,0.001311,0.000022,0.002219,0.133054,1,1,
162,3.240000,3.239999,1781247024.453439236,1781247024.464310646,1781247024.469169617,1781247024.584070921,1781247024.584078312,1781247024.586329460,1781247024.586347103,1781247024.588561058,0.010871,0.004859,0.114901,0.000007,0.002251,0.000018,0.002214,0.135122,1,1,
163,3.260000,3.259999,1781247024.588561058,1781247024.597693920,1781247024.602602005,1781247024.717642546,1781247024.717649460,1781247024.718300581,1781247024.718320131,1781247024.721877337,0.009133,0.004908,0.115041,0.000007,0.000651,0.000020,0.003557,0.133316,1,1,
164,3.280000,3.279999,1781247024.721877337,1781247024.731371403,1781247024.736510992,1781247024.852119446,1781247024.852126360,1781247024.854350328,1781247024.854361773,1781247024.856257439,0.009494,0.005140,0.115608,0.000007,0.002224,0.000011,0.001896,0.134380,1,1,
165,3.300000,3.299999,1781247024.856257439,1781247024.931409597,1781247024.936315298,1781247025.052077055,1781247025.052084208,1781247025.053707123,1781247025.053719997,1781247025.055635452,0.075152,0.004906,0.115762,0.000007,0.001623,0.000013,0.001915,0.199378,1,1,
166,3.320000,3.319999,1781247025.055635452,1781247025.064788580,1781247025.069707632,1781247025.188544750,1781247025.188552618,1781247025.191104650,1781247025.191123009,1781247025.193546057,0.009153,0.004919,0.118837,0.000008,0.002552,0.000018,0.002423,0.137911,1,1,
167,3.340000,3.339999,1781247025.193546057,1781247025.198274612,1781247025.205191374,1781247025.320832729,1781247025.320840359,1781247025.323082685,1781247025.323100567,1781247025.326528549,0.004729,0.006917,0.115641,0.000008,0.002242,0.000018,0.003428,0.132982,1,1,
168,3.360000,3.359999,1781247025.326528549,1781247025.331521749,1781247025.336546898,1781247025.450912476,1781247025.450920343,1781247025.451648951,1781247025.451664686,1781247025.455256462,0.004993,0.005025,0.114366,0.000008,0.000729,0.000016,0.003592,0.128728,1,1,
169,3.380000,3.379999,1781247025.455256462,1781247025.465070248,1781247025.470126867,1781247025.584187031,1781247025.584195375,1781247025.584700823,1781247025.584721565,1781247025.587736130,0.009814,0.005057,0.114060,0.000008,0.000505,0.000021,0.003015,0.132480,1,1,
170,3.400000,3.399999,1781247025.587736130,1781247025.598524094,1781247025.603698492,1781247025.718107700,1781247025.718114853,1781247025.719657898,1781247025.719677448,1781247025.721676588,0.010788,0.005174,0.114409,0.000007,0.001543,0.000020,0.001999,0.133940,1,1,
171,3.420000,3.419999,1781247025.721676588,1781247025.731938124,1781247025.737045527,1781247025.854513168,1781247025.854520798,1781247025.855690956,1781247025.855721951,1781247025.859323025,0.010262,0.005107,0.117468,0.000008,0.001170,0.000031,0.003601,0.137646,1,1,
172,3.440000,3.439999,1781247025.859323025,1781247025.865470648,1781247025.871180534,1781247025.987013102,1781247025.987020731,1781247025.988764524,1781247025.988787174,1781247025.992278099,0.006148,0.005710,0.115833,0.000008,0.001744,0.000023,0.003491,0.132955,1,1,
173,3.460000,3.459999,1781247025.992278099,1781247025.998758554,1781247026.005113602,1781247026.122683048,1781247026.122690201,1781247026.123331785,1781247026.123351097,1781247026.126892805,0.006480,0.006355,0.117569,0.000007,0.000642,0.000019,0.003542,0.134615,1,1,
174,3.480000,3.479999,1781247026.126892805,1781247026.132228613,1781247026.138542175,1781247026.255036354,1781247026.255044460,1781247026.256396532,1781247026.256414413,1781247026.259930134,0.005336,0.006314,0.116494,0.000008,0.001352,0.000018,0.003516,0.133037,1,1,
175,3.500000,3.499999,1781247026.259930134,1781247026.265612602,1781247026.270925283,1781247026.385860205,1781247026.385868073,1781247026.386895895,1781247026.386907339,1781247026.389144659,0.005682,0.005313,0.114935,0.000008,0.001028,0.000011,0.002237,0.129215,1,1,
176,3.520000,3.519999,1781247026.389144659,1781247026.399206161,1781247026.404531717,1781247026.519130707,1781247026.519138098,1781247026.519960880,1781247026.519972801,1781247026.521869898,0.010062,0.005326,0.114599,0.000007,0.000823,0.000012,0.001897,0.132725,1,1,
177,3.540000,3.539999,1781247026.521869898,1781247026.532476425,1781247026.537765265,1781247026.651811123,1781247026.651818275,1781247026.653221846,1781247026.653237343,1781247026.655395985,0.010607,0.005289,0.114046,0.000007,0.001404,0.000015,0.002159,0.133526,1,1,
178,3.560000,3.559999,1781247026.655395985,1781247026.666275501,1781247026.671626329,1781247026.785763741,1781247026.785775661,1781247026.786085844,1781247026.786098003,1781247026.788082600,0.010880,0.005351,0.114137,0.000012,0.000310,0.000012,0.001985,0.132687,1,1,
179,3.580000,3.579999,1781247026.788082600,1781247026.799494028,1781247026.804876566,1781247026.918935537,1781247026.918943644,1781247026.920294285,1781247026.920312881,1781247026.922455072,0.011411,0.005383,0.114059,0.000008,0.001351,0.000019,0.002142,0.134372,1,1,
180,3.600000,3.599999,1781247026.922455072,1781247026.932947159,1781247026.938333273,1781247027.053073406,1781247027.053081274,1781247027.055517673,1781247027.055536270,1781247027.057749271,0.010492,0.005386,0.114740,0.000008,0.002436,0.000019,0.002213,0.135294,1,1,
181,3.620000,3.619999,1781247027.057749271,1781247027.066283703,1781247027.071668625,1781247027.186147690,1781247027.186155319,1781247027.187361479,1781247027.187379122,1781247027.190961361,0.008534,0.005385,0.114479,0.000008,0.001206,0.000018,0.003582,0.133212,1,1,
182,3.640000,3.639999,1781247027.190961361,1781247027.200048447,1781247027.205452919,1781247027.319491863,1781247027.319499493,1781247027.321585894,1781247027.321604252,1781247027.323661089,0.009087,0.005404,0.114039,0.000008,0.002086,0.000018,0.002057,0.132700,1,1,
183,3.660000,3.659999,1781247027.323661089,1781247027.333158493,1781247027.338583708,1781247027.452316523,1781247027.452324152,1781247027.454108238,1781247027.454128265,1781247027.456389189,0.009497,0.005425,0.113733,0.000008,0.001784,0.000020,0.002261,0.132728,1,1,
184,3.680000,3.679999,1781247027.456389189,1781247027.466674805,1781247027.472153902,1781247027.586056232,1781247027.586064339,1781247027.587927818,1781247027.587939739,1781247027.589794636,0.010286,0.005479,0.113902,0.000008,0.001863,0.000012,0.001855,0.133405,1,1,
185,3.700000,3.699999,1781247027.589794636,1781247027.600119352,1781247027.605755329,1781247027.719509840,1781247027.719517231,1781247027.719971418,1781247027.719989538,1781247027.722840548,0.010325,0.005636,0.113755,0.000007,0.000454,0.000018,0.002851,0.133046,1,1,
186,3.720000,3.719999,1781247027.722840548,1781247027.733546972,1781247027.740652800,1781247027.857465744,1781247027.857472658,1781247027.858038187,1781247027.858056784,1781247027.861018896,0.010706,0.007106,0.116813,0.000007,0.000566,0.000019,0.002962,0.138178,1,1,
187,3.740000,3.739999,1781247027.861018896,1781247027.866999388,1781247027.872559547,1781247027.987123489,1781247027.987131596,1781247027.988789558,1781247027.988809824,1781247027.991263390,0.005980,0.005560,0.114564,0.000008,0.001658,0.000020,0.002454,0.130244,1,1,
188,3.760000,3.759999,1781247027.991263390,1781247028.000448227,1781247028.008327723,1781247028.129528046,1781247028.129535437,1781247028.131267786,1781247028.131286621,1781247028.133988619,0.009185,0.007879,0.121200,0.000007,0.001732,0.000019,0.002702,0.142725,1,1,
189,3.780000,3.779999,1781247028.133988619,1781247028.150566578,1781247028.156933784,1781247028.275166273,1781247028.275173664,1781247028.276691675,1781247028.276703835,1781247028.278580427,0.016578,0.006367,0.118232,0.000007,0.001518,0.000012,0.001877,0.144592,1,1,
190,3.800000,3.799999,1781247028.278580427,1781247028.284056902,1781247028.290350437,1781247028.404722452,1781247028.404730797,1781247028.406964540,1781247028.406975985,1781247028.408899069,0.005476,0.006294,0.114372,0.000008,0.002234,0.000011,0.001923,0.130319,1,1,
191,3.820000,3.819999,1781247028.408899069,1781247028.417396069,1781247028.423106670,1781247028.537033558,1781247028.537040949,1781247028.539105892,1781247028.539124012,1781247028.541487694,0.008497,0.005711,0.113927,0.000007,0.002065,0.000018,0.002364,0.132589,1,1,
192,3.840000,3.839999,1781247028.541487694,1781247028.550910234,1781247028.556611776,1781247028.670464516,1781247028.670471668,1781247028.671756268,1781247028.671779394,1781247028.674229860,0.009423,0.005702,0.113853,0.000007,0.001285,0.000023,0.002450,0.132742,1,1,
193,3.860000,3.859999,1781247028.674229860,1781247028.684474468,1781247028.690182686,1781247028.829045773,1781247028.829053879,1781247028.830404520,1781247028.830423832,1781247028.833973408,0.010245,0.005708,0.138863,0.000008,0.001351,0.000019,0.003550,0.159744,1,1,
194,3.880000,3.879999,1781247028.833973408,1781247028.834424257,1781247028.842481375,1781247028.960504532,1781247028.960511446,1781247028.961539030,1781247028.961558342,1781247028.964092255,0.000451,0.008057,0.118023,0.000007,0.001028,0.000019,0.002534,0.130119,1,1,
195,3.900000,3.899999,1781247028.964092255,1781247028.967991352,1781247028.973815918,1781247029.088921785,1781247029.088930130,1781247029.089603186,1781247029.089622259,1781247029.092102289,0.003899,0.005825,0.115106,0.000008,0.000673,0.000019,0.002480,0.128010,1,1,
196,3.920000,3.919999,1781247029.092102289,1781247029.101340771,1781247029.107938290,1781247029.222898245,1781247029.222905636,1781247029.223345041,1781247029.223357201,1781247029.225202799,0.009238,0.006598,0.114960,0.000007,0.000439,0.000012,0.001846,0.133101,1,1,
197,3.940000,3.939999,1781247029.225202799,1781247029.234722853,1781247029.240563631,1781247029.354901075,1781247029.354908228,1781247029.356679201,1781247029.356693745,1781247029.358680487,0.009520,0.005841,0.114337,0.000007,0.001771,0.000015,0.001987,0.133478,1,1,
198,3.960000,3.959999,1781247029.358680487,1781247029.368216276,1781247029.374134302,1781247029.489150763,1781247029.489159107,1781247029.490456820,1781247029.490470409,1781247029.492441416,0.009536,0.005918,0.115016,0.000008,0.001298,0.000014,0.001971,0.133761,1,1,
199,3.980000,3.979999,1781247029.492441416,1781247029.501700878,1781247029.507610559,1781247029.621424913,1781247029.621432781,1781247029.623001814,1781247029.623019457,1781247029.625832558,0.009259,0.005910,0.113814,0.000008,0.001569,0.000018,0.002813,0.133391,1,1,
200,4.000000,3.999999,1781247029.625832558,1781247029.635060549,1781247029.641156912,1781247029.755838156,1781247029.755845785,1781247029.758399963,1781247029.758418798,1781247029.762132406,0.009228,0.006096,0.114681,0.000008,0.002554,0.000019,0.003714,0.136300,1,1,
201,4.020000,4.019999,1781247029.762132406,1781247029.768498421,1781247029.774491310,1781247029.889339209,1781247029.889346838,1781247029.889922142,1781247029.889940739,1781247029.892503977,0.006366,0.005993,0.114848,0.000008,0.000575,0.000019,0.002563,0.130372,1,1,
202,4.040000,4.039999,1781247029.892503977,1781247029.902056694,1781247029.908069849,1781247030.023421288,1781247030.023426056,1781247030.023710728,1781247030.023723125,1781247030.025741100,0.009553,0.006013,0.115351,0.000005,0.000285,0.000012,0.002018,0.133237,1,1,
203,4.060000,4.059999,1781247030.025741100,1781247030.035377741,1781247030.041439056,1781247030.156527519,1781247030.156535387,1781247030.157939196,1781247030.157957315,1781247030.160339594,0.009637,0.006061,0.115088,0.000008,0.001404,0.000018,0.002382,0.134598,1,1,
204,4.080000,4.079999,1781247030.160339594,1781247030.168942928,1781247030.175007820,1781247030.288991928,1781247030.288999319,1781247030.290987492,1781247030.291001558,1781247030.293026209,0.008603,0.006065,0.113984,0.000007,0.001988,0.000014,0.002025,0.132687,1,1,
205,4.100000,4.099999,1781247030.293026209,1781247030.302278042,1781247030.308395624,1781247030.422002792,1781247030.422010183,1781247030.424533367,1781247030.424552441,1781247030.426552534,0.009252,0.006118,0.113607,0.000007,0.002523,0.000019,0.002000,0.133526,1,1,
206,4.120000,4.119999,1781247030.426552534,1781247030.519422531,1781247030.525684118,1781247030.640894890,1781247030.640902281,1781247030.641883135,1781247030.641901016,1781247030.644302607,0.092870,0.006262,0.115211,0.000007,0.000981,0.000018,0.002402,0.217750,1,1,
207,4.140000,4.139999,1781247030.644302607,1781247030.652739525,1781247030.658976793,1781247030.774265528,1781247030.774272680,1781247030.774665356,1781247030.774683952,1781247030.777784586,0.008437,0.006237,0.115289,0.000007,0.000393,0.000019,0.003101,0.133482,1,1,
208,4.160000,4.159999,1781247030.777784586,1781247030.786092520,1781247030.792217255,1781247030.906530142,1781247030.906538010,1781247030.908994675,1781247030.909013748,1781247030.912516117,0.008308,0.006125,0.114313,0.000008,0.002457,0.000019,0.003502,0.134732,1,1,
209,4.180000,4.179999,1781247030.912516117,1781247030.919574022,1781247030.925802708,1781247031.039981127,1781247031.039989710,1781247031.040910244,1781247031.040928602,1781247031.044029236,0.007058,0.006229,0.114178,0.000009,0.000921,0.000018,0.003101,0.131513,1,1,
210,4.200000,4.199999,1781247031.044029236,1781247031.053156137,1781247031.059362411,1781247031.174181223,1781247031.174189568,1781247031.176326513,1781247031.176339626,1781247031.178298712,0.009127,0.006206,0.114819,0.000008,0.002137,0.000013,0.001959,0.134269,1,1,
211,4.220000,4.219999,1781247031.178298712,1781247031.186514378,1781247031.192928791,1781247031.307734251,1781247031.307741404,1781247031.309711695,1781247031.309729815,1781247031.311665058,0.008216,0.006414,0.114805,0.000007,0.001970,0.000018,0.001935,0.133366,1,1,
212,4.240000,4.239999,1781247031.311665058,1781247031.320039988,1781247031.326259375,1781247031.441768885,1781247031.441779375,1781247031.442753315,1781247031.442779064,1781247031.445144415,0.008375,0.006219,0.115510,0.000010,0.000974,0.000026,0.002365,0.133479,1,1,
213,4.260000,4.259999,1781247031.445144415,1781247031.453325748,1781247031.459722281,1781247031.579417706,1781247031.579424143,1781247031.581505299,1781247031.581523180,1781247031.584688663,0.008181,0.006397,0.119695,0.000006,0.002081,0.000018,0.003165,0.139544,1,1,
214,4.280000,4.279999,1781247031.584688663,1781247031.586683989,1781247031.593290567,1781247031.711905956,1781247031.711913586,1781247031.713055372,1781247031.713066816,1781247031.714991331,0.001995,0.006607,0.118615,0.000008,0.001142,0.000011,0.001925,0.130303,1,1,
215,4.300000,4.299999,1781247031.714991331,1781247031.720052004,1781247031.726506948,1781247031.849552631,1781247031.849559546,1781247031.850518942,1781247031.850537300,1781247031.854072809,0.005061,0.006455,0.123046,0.000007,0.000959,0.000018,0.003536,0.139081,1,1,
216,4.320000,4.319999,1781247031.854072809,1781247031.870322466,1781247031.876832008,1781247031.992142439,1781247031.992149591,1781247031.992725134,1781247031.992736578,1781247031.994625807,0.016250,0.006510,0.115310,0.000007,0.000576,0.000011,0.001889,0.140553,1,1,
217,4.340000,4.339999,1781247031.994625807,1781247032.003753901,1781247032.010144711,1781247032.124434233,1781247032.124441385,1781247032.125379562,1781247032.125392199,1781247032.127340794,0.009128,0.006391,0.114290,0.000007,0.000938,0.000013,0.001949,0.132715,1,1,
218,4.360000,4.359999,1781247032.127340794,1781247032.137099266,1781247032.143598318,1781247032.259099960,1781247032.259108067,1781247032.260188818,1781247032.260208130,1781247032.263718843,0.009758,0.006499,0.115502,0.000008,0.001081,0.000019,0.003511,0.136378,1,1,
219,4.380000,4.379999,1781247032.263718843,1781247032.270615339,1781247032.277074337,1781247032.392677546,1781247032.392686129,1781247032.394173145,1781247032.394191504,1781247032.397683620,0.006896,0.006459,0.115603,0.000009,0.001487,0.000018,0.003492,0.133965,1,1,
220,4.400000,4.399999,1781247032.397683620,1781247032.404050350,1781247032.410570860,1781247032.525644779,1781247032.525652409,1781247032.526837587,1781247032.526849747,1781247032.528768063,0.006367,0.006521,0.115074,0.000008,0.001185,0.000012,0.001918,0.131084,1,1,
221,4.420000,4.419999,1781247032.528768063,1781247032.537517786,1781247032.544194698,1781247032.658844948,1781247032.658852816,1781247032.659106970,1781247032.659118652,1781247032.660999775,0.008750,0.006677,0.114650,0.000008,0.000254,0.000012,0.001881,0.132232,1,1,
222,4.440000,4.439999,1781247032.660999775,1781247032.671090126,1781247032.677646160,1781247032.792227268,1781247032.792235851,1781247032.793334246,1781247032.793354511,1781247032.795739174,0.010090,0.006556,0.114581,0.000009,0.001098,0.000020,0.002385,0.134739,1,1,
223,4.460000,4.459999,1781247032.795739174,1781247032.804490328,1781247032.811102152,1781247032.926252842,1781247032.926260233,1781247032.926570892,1781247032.926582575,1781247032.928520203,0.008751,0.006612,0.115151,0.000007,0.000311,0.000012,0.001938,0.132781,1,1,
224,4.480000,4.479999,1781247032.928520203,1781247032.937979460,1781247032.944711208,1781247033.059681654,1781247033.059690237,1781247033.061903954,1781247033.061922312,1781247033.063791037,0.009459,0.006732,0.114970,0.000009,0.002214,0.000018,0.001869,0.135271,1,1,
225,4.500000,4.499999,1781247033.063791037,1781247033.071341991,1781247033.078463793,1781247033.196580410,1781247033.196588278,1781247033.197872400,1781247033.197890282,1781247033.201351166,0.007551,0.007122,0.118117,0.000008,0.001284,0.000018,0.003461,0.137560,1,1,
226,4.520000,4.519999,1781247033.201351166,1781247033.204622030,1781247033.211344481,1781247033.327168941,1781247033.327176094,1781247033.328411102,1781247033.328423500,1781247033.330298662,0.003271,0.006722,0.115824,0.000007,0.001235,0.000012,0.001875,0.128947,1,1,
227,4.540000,4.539999,1781247033.330298662,1781247033.338219404,1781247033.344934940,1781247033.459897757,1781247033.459906340,1781247033.461093903,1781247033.461107492,1781247033.463160038,0.007921,0.006716,0.114963,0.000009,0.001188,0.000014,0.002053,0.132861,1,1,
228,4.560000,4.559999,1781247033.463160038,1781247033.471500874,1781247033.478209496,1781247033.592823505,1781247033.592830896,1781247033.593851805,1781247033.593870163,1781247033.596289396,0.008341,0.006709,0.114614,0.000007,0.001021,0.000018,0.002419,0.133129,1,1,
229,4.580000,4.579999,1781247033.596289396,1781247033.605027676,1781247033.611761570,1781247033.725906134,1781247033.725913763,1781247033.726650476,1781247033.726665020,1781247033.728796244,0.008738,0.006734,0.114145,0.000008,0.000737,0.000015,0.002131,0.132507,1,1,
230,4.600000,4.599999,1781247033.728796244,1781247033.738375425,1781247033.745214701,1781247033.859269857,1781247033.859277725,1781247033.859968424,1781247033.859982491,1781247033.861918449,0.009579,0.006839,0.114055,0.000008,0.000691,0.000014,0.001936,0.133122,1,1,
231,4.620000,4.619999,1781247033.861918449,1781247033.871917486,1781247033.878744364,1781247033.993838549,1781247033.993845940,1781247033.995295525,1781247033.995307446,1781247033.997136831,0.009999,0.006827,0.115094,0.000007,0.001450,0.000012,0.001829,0.135218,1,1,
232,4.640000,4.639999,1781247033.997136831,1781247034.005281210,1781247034.012122154,1781247034.126392365,1781247034.126400471,1781247034.128764153,1781247034.128788233,1781247034.132200241,0.008144,0.006841,0.114270,0.000008,0.002364,0.000024,0.003412,0.135063,1,1,
233,4.660000,4.659999,1781247034.132200241,1781247034.138730764,1781247034.145606518,1781247034.260218620,1781247034.260226965,1781247034.260535717,1781247034.260548115,1781247034.262498379,0.006531,0.006876,0.114612,0.000008,0.000309,0.000012,0.001950,0.130298,1,1,
234,4.680000,4.679999,1781247034.262498379,1781247034.272173405,1781247034.279133081,1781247034.394647360,1781247034.394655704,1781247034.396272898,1781247034.396291494,1781247034.399842978,0.009675,0.006960,0.115514,0.000008,0.001617,0.000019,0.003551,0.137345,1,1,
235,4.700000,4.699999,1781247034.399842978,1781247034.405671835,1781247034.412692785,1781247034.528074265,1781247034.528082132,1781247034.528877258,1781247034.528897285,1781247034.532421827,0.005829,0.007021,0.115381,0.000008,0.000795,0.000020,0.003525,0.132579,1,1,
236,4.720000,4.719999,1781247034.532421827,1781247034.539327145,1781247034.546308756,1781247034.660968781,1781247034.660976648,1781247034.662634134,1781247034.662652493,1781247034.664706469,0.006905,0.006982,0.114660,0.000008,0.001657,0.000018,0.002054,0.132285,1,1,
237,4.740000,4.739999,1781247034.664706469,1781247034.672522545,1781247034.679529905,1781247034.794719219,1781247034.794726610,1781247034.795639515,1781247034.795653105,1781247034.797677994,0.007816,0.007007,0.115189,0.000007,0.000913,0.000014,0.002025,0.132972,1,1,
238,4.760000,4.759999,1781247034.797677994,1781247034.806186199,1781247034.813269615,1781247034.927982092,1781247034.927989960,1781247034.929856777,1781247034.929875135,1781247034.932884455,0.008508,0.007083,0.114712,0.000008,0.001867,0.000018,0.003009,0.135206,1,1,
239,4.780000,4.779999,1781247034.932884455,1781247034.939398050,1781247034.946448565,1781247035.061963558,1781247035.061971188,1781247035.062647820,1781247035.062659025,1781247035.064685583,0.006514,0.007051,0.115515,0.000008,0.000677,0.000011,0.002027,0.131801,1,1,
240,4.800000,4.799999,1781247035.064685583,1781247035.072937727,1781247035.080075502,1781247035.196062565,1781247035.196070671,1781247035.198582411,1781247035.198601246,1781247035.202258110,0.008252,0.007138,0.115987,0.000008,0.002512,0.000019,0.003657,0.137573,1,1,
241,4.820000,4.819999,1781247035.202258110,1781247035.206461191,1781247035.213651657,1781247035.329039097,1781247035.329046488,1781247035.329519033,1781247035.329538107,1781247035.331725836,0.004203,0.007190,0.115387,0.000007,0.000473,0.000019,0.002188,0.129468,1,1,
242,4.840000,4.839999,1781247035.331725836,1781247035.340029716,1781247035.347826481,1781247035.463283062,1781247035.463291168,1781247035.464012384,1781247035.464024067,1781247035.465917110,0.008304,0.007797,0.115457,0.000008,0.000721,0.000012,0.001893,0.134191,1,1,
243,4.860000,4.859999,1781247035.465917110,1781247035.473383427,1781247035.481104136,1781247035.596649885,1781247035.596657991,1781247035.599034309,1781247035.599052429,1781247035.601507425,0.007466,0.007721,0.115546,0.000008,0.002376,0.000018,0.002455,0.135590,1,1,
244,4.880000,4.879999,1781247035.601507425,1781247035.606738806,1781247035.613937378,1781247035.728703499,1781247035.728711605,1781247035.731064796,1781247035.731083155,1781247035.734567881,0.005231,0.007199,0.114766,0.000008,0.002353,0.000018,0.003485,0.133060,1,1,
245,4.900000,4.899999,1781247035.734567881,1781247035.740286112,1781247035.747457981,1781247035.861954927,1781247035.861962795,1781247035.863421679,1781247035.863440752,1781247035.865542650,0.005718,0.007172,0.114497,0.000008,0.001459,0.000019,0.002102,0.130975,1,1,
246,4.920000,4.919999,1781247035.865542650,1781247035.873719454,1781247035.881127596,1781247035.996711016,1781247035.996718884,1781247035.999132395,1781247035.999143600,1781247036.000992775,0.008177,0.007408,0.115583,0.000008,0.002414,0.000011,0.001849,0.135450,1,1,
247,4.940000,4.939999,1781247036.000992775,1781247036.007022142,1781247036.014467239,1781247036.129753828,1781247036.129763126,1781247036.131764412,1781247036.131779909,1781247036.133646250,0.006029,0.007445,0.115287,0.000009,0.002001,0.000015,0.001866,0.132653,1,1,
248,4.960000,4.959999,1781247036.133646250,1781247036.140628576,1781247036.148039103,1781247036.266185760,1781247036.266193151,1781247036.266550064,1781247036.266568184,1781247036.270034313,0.006982,0.007411,0.118147,0.000007,0.000357,0.000018,0.003466,0.136388,1,1,
249,4.980000,4.979999,1781247036.270034313,1781247036.273840904,1781247036.281182289,1781247036.396455765,1781247036.396465063,1781247036.397558928,1781247036.397578716,1781247036.401124239,0.003807,0.007341,0.115273,0.000009,0.001094,0.000020,0.003546,0.131090,1,1,
250,5.000000,5.000000,1781247036.401124239,1781247036.407410145,1781247036.415104151,1781247036.532492399,1781247036.532500029,1781247036.534316540,1781247036.534334421,1781247036.536581993,0.006286,0.007694,0.117388,0.000008,0.001817,0.000018,0.002248,0.135458,1,1,
251,5.020000,5.020000,1781247036.536581993,1781247036.540767670,1781247036.548219919,1781247036.663340330,1781247036.663348198,1781247036.665427923,1781247036.665446758,1781247036.668967485,0.004186,0.007452,0.115120,0.000008,0.002080,0.000019,0.003521,0.132385,1,1,
252,5.040000,5.040000,1781247036.668967485,1781247036.674456835,1781247036.681880474,1781247036.796690464,1781247036.796698093,1781247036.798639774,1781247036.798651218,1781247036.800500154,0.005489,0.007424,0.114810,0.000008,0.001942,0.000011,0.001849,0.131533,1,1,
253,5.060000,5.060000,1781247036.800500154,1781247036.807643414,1781247036.815052271,1781247036.930258751,1781247036.930266142,1781247036.932150602,1781247036.932168484,1781247036.934672594,0.007143,0.007409,0.115206,0.000007,0.001884,0.000018,0.002504,0.134172,1,1,
254,5.080000,5.080000,1781247036.934672594,1781247036.941060066,1781247036.948844910,1781247037.063550711,1781247037.063558102,1781247037.066046000,1781247037.066063643,1781247037.068882704,0.006387,0.007785,0.114706,0.000007,0.002488,0.000018,0.002819,0.134210,1,1,
255,5.100000,5.100000,1781247037.068882704,1781247037.074501276,1781247037.081997156,1781247037.196557760,1781247037.196565866,1781247037.199129343,1781247037.199146986,1781247037.201440811,0.005619,0.007496,0.114561,0.000008,0.002563,0.000018,0.002294,0.132558,1,1,
256,5.120000,5.120000,1781247037.201440811,1781247037.208146334,1781247037.215683937,1781247037.330224991,1781247037.330233335,1781247037.331709146,1781247037.331721067,1781247037.333682775,0.006706,0.007538,0.114541,0.000008,0.001476,0.000012,0.001962,0.132242,1,1,
257,5.140000,5.140000,1781247037.333682775,1781247037.341418743,1781247037.349008560,1781247037.463822126,1781247037.463829994,1781247037.465624571,1781247037.465648413,1781247037.467710733,0.007736,0.007590,0.114814,0.000008,0.001795,0.000024,0.002062,0.134028,1,1,
258,5.160000,5.160000,1781247037.467710733,1781247037.474936247,1781247037.482585192,1781247037.597810984,1781247037.597819090,1781247037.598624468,1781247037.598643780,1781247037.602094173,0.007226,0.007649,0.115226,0.000008,0.000805,0.000019,0.003450,0.134383,1,1,
259,5.180000,5.180000,1781247037.602094173,1781247037.608376503,1781247037.615975857,1781247037.730248928,1781247037.730257750,1781247037.732002020,1781247037.732015371,1781247037.733992100,0.006282,0.007599,0.114273,0.000009,0.001744,0.000013,0.001977,0.131898,1,1,
260,5.200000,5.200000,1781247037.733992100,1781247037.741913795,1781247037.749947786,1781247037.864719152,1781247037.864727020,1781247037.866864204,1781247037.866883278,1781247037.868736267,0.007922,0.008034,0.114771,0.000008,0.002137,0.000019,0.001853,0.134744,1,1,
261,5.220000,5.220000,1781247037.868736267,1781247037.875305653,1781247037.883055449,1781247037.997935057,1781247037.997943401,1781247037.999501467,1781247037.999520540,1781247038.001614571,0.006569,0.007750,0.114880,0.000008,0.001558,0.000019,0.002094,0.132878,1,1,
262,5.240000,5.240000,1781247038.001614571,1781247038.008627653,1781247038.016379595,1781247038.131590605,1781247038.131598234,1781247038.132201433,1781247038.132222176,1781247038.135689497,0.007013,0.007752,0.115211,0.000008,0.000603,0.000021,0.003467,0.134075,1,1,
263,5.260000,5.260000,1781247038.135689497,1781247038.142237902,1781247038.150044680,1781247038.265086174,1781247038.265093803,1781247038.266909838,1781247038.266923666,1781247038.268842220,0.006548,0.007807,0.115041,0.000008,0.001816,0.000014,0.001919,0.133153,1,1,
264,5.280000,5.280000,1781247038.268842220,1781247038.275486469,1781247038.286644459,1781247038.404026270,1781247038.404033422,1781247038.404323578,1781247038.404334545,1781247038.406271696,0.006644,0.011158,0.117382,0.000007,0.000290,0.000011,0.001937,0.137429,1,1,
265,5.300000,5.300000,1781247038.406271696,1781247038.408992767,1781247038.416834831,1781247038.533968210,1781247038.533978701,1781247038.534702063,1781247038.534714222,1781247038.536647797,0.002721,0.007842,0.117133,0.000010,0.000723,0.000012,0.001934,0.130376,1,1,
266,5.320000,5.320000,1781247038.536647797,1781247038.542415380,1781247038.550893545,1781247038.667217493,1781247038.667224884,1781247038.668938160,1781247038.668956757,1781247038.672561646,0.005768,0.008478,0.116324,0.000007,0.001713,0.000019,0.003605,0.135914,1,1,
267,5.340000,5.340000,1781247038.672561646,1781247038.675796509,1781247038.683642626,1781247038.798476696,1781247038.798483610,1781247038.800269127,1781247038.800287008,1781247038.803707838,0.003235,0.007846,0.114834,0.000007,0.001786,0.000018,0.003421,0.131146,1,1,
268,5.360000,5.360000,1781247038.803707838,1781247038.809306383,1781247038.817221403,1781247038.931764126,1781247038.931773663,1781247038.933991432,1781247038.934011221,1781247038.936908007,0.005599,0.007915,0.114543,0.000010,0.002218,0.000020,0.002897,0.133200,1,1,
269,5.380000,5.380000,1781247038.936908007,1781247038.942774534,1781247038.950624704,1781247039.064640999,1781247039.064648390,1781247039.065590620,1781247039.065609455,1781247039.068147898,0.005867,0.007850,0.114016,0.000007,0.000942,0.000019,0.002538,0.131240,1,1,
270,5.400000,5.400000,1781247039.068147898,1781247039.076254606,1781247039.084304094,1781247039.198759794,1781247039.198767424,1781247039.199850559,1781247039.199869156,1781247039.203357458,0.008107,0.008049,0.114456,0.000008,0.001083,0.000019,0.003488,0.135210,1,1,
271,5.420000,5.420000,1781247039.203357458,1781247039.209779024,1781247039.218639135,1781247039.333339214,1781247039.333346367,1781247039.333808661,1781247039.333828926,1781247039.337331533,0.006422,0.008860,0.114700,0.000007,0.000462,0.000020,0.003503,0.133974,1,1,
272,5.440000,5.440000,1781247039.337331533,1781247039.343036652,1781247039.351556301,1781247039.466397285,1781247039.466404438,1781247039.467570066,1781247039.467581511,1781247039.469496250,0.005705,0.008520,0.114841,0.000007,0.001166,0.000011,0.001915,0.132165,1,1,
273,5.460000,5.460000,1781247039.469496250,1781247039.476605654,1781247039.484797001,1781247039.600321531,1781247039.600328684,1781247039.601067305,1781247039.601078510,1781247039.603009701,0.007109,0.008191,0.115525,0.000007,0.000739,0.000011,0.001931,0.133513,1,1,
274,5.480000,5.480000,1781247039.603009701,1781247039.610153675,1781247039.618570089,1781247039.733662605,1781247039.733669996,1781247039.734458685,1781247039.734476805,1781247039.737920523,0.007144,0.008416,0.115093,0.000007,0.000789,0.000018,0.003444,0.134911,1,1,
275,5.500000,5.500000,1781247039.737920523,1781247039.743420601,1781247039.751545191,1781247039.867051363,1781247039.867058992,1781247039.868174314,1781247039.868192911,1781247039.870468855,0.005500,0.008125,0.115506,0.000008,0.001115,0.000019,0.002276,0.132548,1,1,
276,5.520000,5.520000,1781247039.870468855,1781247039.876987696,1781247039.885114431,1781247040.001198292,1781247040.001206636,1781247040.002667665,1781247040.002678156,1781247040.004559755,0.006519,0.008127,0.116084,0.000008,0.001461,0.000010,0.001882,0.134091,1,1,
277,5.540000,5.540000,1781247040.004559755,1781247040.010347843,1781247040.018537760,1781247040.133088589,1781247040.133095980,1781247040.135265112,1781247040.135284662,1781247040.138727665,0.005788,0.008190,0.114551,0.000007,0.002169,0.000020,0.003443,0.134168,1,1,
278,5.560000,5.560000,1781247040.138727665,1781247040.143693209,1781247040.152242899,1781247040.267318726,1781247040.267326832,1781247040.267896414,1781247040.267915487,1781247040.271372557,0.004966,0.008550,0.115076,0.000008,0.000570,0.000019,0.003457,0.132645,1,1,
279,5.580000,5.580000,1781247040.271372557,1781247040.277329445,1781247040.288772583,1781247040.404005051,1781247040.404012918,1781247040.406347752,1781247040.406365871,1781247040.409752369,0.005957,0.011443,0.115232,0.000008,0.002335,0.000018,0.003386,0.138380,1,1,
280,5.600000,5.600000,1781247040.409752369,1781247040.410550833,1781247040.418768644,1781247040.533273458,1781247040.533281565,1781247040.535378695,1781247040.535396814,1781247040.538876772,0.000798,0.008218,0.114505,0.000008,0.002097,0.000018,0.003480,0.129124,1,1,
281,5.620000,5.620000,1781247040.538876772,1781247040.544039249,1781247040.552665710,1781247040.667299032,1781247040.667307854,1781247040.668145895,1781247040.668163776,1781247040.670522451,0.005162,0.008626,0.114633,0.000009,0.000838,0.000018,0.002359,0.131646,1,1,
282,5.640000,5.640000,1781247040.670522451,1781247040.677423477,1781247040.685837030,1781247040.800932169,1781247040.800939798,1781247040.801410913,1781247040.801421881,1781247040.803308487,0.006901,0.008414,0.115095,0.000008,0.000471,0.000011,0.001887,0.132786,1,1,
283,5.660000,5.660000,1781247040.803308487,1781247040.811112881,1781247040.819793940,1781247040.935007572,1781247040.935014725,1781247040.935977936,1781247040.935989141,1781247040.937916756,0.007804,0.008681,0.115214,0.000007,0.000963,0.000011,0.001928,0.134608,1,1,
284,5.680000,5.680000,1781247040.937916756,1781247040.944314957,1781247040.952939749,1781247041.067193270,1781247041.067200422,1781247041.067635059,1781247041.067654848,1781247041.070624352,0.006398,0.008625,0.114254,0.000007,0.000435,0.000020,0.002970,0.132708,1,1,
285,5.700000,5.700000,1781247041.070624352,1781247041.077764034,1781247041.086147070,1781247041.200965405,1781247041.200972795,1781247041.202943087,1781247041.202961683,1781247041.206321239,0.007140,0.008383,0.114818,0.000007,0.001970,0.000019,0.003360,0.135697,1,1,
286,5.720000,5.720000,1781247041.206321239,1781247041.211201429,1781247041.221504211,1781247041.334939480,1781247041.334947348,1781247041.335216999,1781247041.335228682,1781247041.337148428,0.004880,0.010303,0.113435,0.000008,0.000270,0.000012,0.001920,0.130827,1,1,
287,5.740000,5.740000,1781247041.337148428,1781247041.344614744,1781247041.352975368,1781247041.467267275,1781247041.467275381,1781247041.469558477,1781247041.469578028,1781247041.472190380,0.007466,0.008361,0.114292,0.000008,0.002283,0.000020,0.002612,0.135042,1,1,
288,5.760000,5.760000,1781247041.472190380,1781247041.478041649,1781247041.486437798,1781247041.599732637,1781247041.599740505,1781247041.600397587,1781247041.600415230,1781247041.603869915,0.005851,0.008396,0.113295,0.000008,0.000657,0.000018,0.003455,0.131680,1,1,
289,5.780000,5.780000,1781247041.603869915,1781247041.611613035,1781247041.620092392,1781247041.734233618,1781247041.734240770,1781247041.735478878,1781247041.735490561,1781247041.737342358,0.007743,0.008479,0.114141,0.000007,0.001238,0.000012,0.001852,0.133472,1,1,
290,5.800000,5.800000,1781247041.737342358,1781247041.745171785,1781247041.753703117,1781247041.867267132,1781247041.867275238,1781247041.868593454,1781247041.868605137,1781247041.870529175,0.007829,0.008531,0.113564,0.000008,0.001318,0.000012,0.001924,0.133187,1,1,
291,5.820000,5.820000,1781247041.870529175,1781247041.879477739,1781247041.888038635,1781247042.002011299,1781247042.002019882,1781247042.004016876,1781247042.004034519,1781247042.006979942,0.008949,0.008561,0.113973,0.000009,0.001997,0.000018,0.002945,0.136451,1,1,
292,5.840000,5.840000,1781247042.006979942,1781247042.012088299,1781247042.020536661,1781247042.134187222,1781247042.134195566,1781247042.136248112,1781247042.136259556,1781247042.138155937,0.005108,0.008448,0.113651,0.000008,0.002053,0.000011,0.001896,0.131176,1,1,
293,5.860000,5.860000,1781247042.138155937,1781247042.145497084,1781247042.155816078,1781247042.271126986,1781247042.271134138,1781247042.273257494,1781247042.273268700,1781247042.275103092,0.007341,0.010319,0.115311,0.000007,0.002123,0.000011,0.001834,0.136947,1,1,
294,5.880000,5.880000,1781247042.275103092,1781247042.278803110,1781247042.287834883,1781247042.402445316,1781247042.402453184,1781247042.403980255,1781247042.403991461,1781247042.405878544,0.003700,0.009032,0.114610,0.000008,0.001527,0.000011,0.001887,0.130775,1,1,
295,5.900000,5.900000,1781247042.405878544,1781247042.412158251,1781247042.421160460,1781247042.535102129,1781247042.535109043,1781247042.537082911,1781247042.537096500,1781247042.538988590,0.006280,0.009002,0.113942,0.000007,0.001974,0.000014,0.001892,0.133110,1,1,
296,5.920000,5.920000,1781247042.538988590,1781247042.545772791,1781247042.554573536,1781247042.672472000,1781247042.672478914,1781247042.673138380,1781247042.673157215,1781247042.676709175,0.006784,0.008801,0.117898,0.000007,0.000659,0.000019,0.003552,0.137721,1,1,
297,5.940000,5.940000,1781247042.676709175,1781247042.679249763,1781247042.687955379,1781247042.803188324,1781247042.803195953,1781247042.805204630,1781247042.805216074,1781247042.807108402,0.002541,0.008706,0.115233,0.000008,0.002009,0.000011,0.001892,0.130399,1,1,
298,5.960000,5.960000,1781247042.807108402,1781247042.812545300,1781247042.821313143,1781247042.936096907,1781247042.936104298,1781247042.937180758,1781247042.937198639,1781247042.940669298,0.005437,0.008768,0.114784,0.000007,0.001076,0.000018,0.003471,0.133561,1,1,
299,5.980000,5.980000,1781247042.940669298,1781247042.946164370,1781247042.954897881,1781247043.100463867,1781247043.100475311,1781247043.101626158,1781247043.101646423,1781247043.104702473,0.005495,0.008734,0.145566,0.000011,0.001151,0.000020,0.003056,0.164033,1,1,
300,6.000000,6.000000,1781247043.104702473,1781247043.112729073,1781247043.121966362,1781247043.236337423,1781247043.236345053,1781247043.236942530,1781247043.236953974,1781247043.238858700,0.008027,0.009237,0.114371,0.000008,0.000597,0.000011,0.001905,0.134156,1,1,
301,6.020000,6.020000,1781247043.238858700,1781247043.246309042,1781247043.255274534,1781247043.370114803,1781247043.370122433,1781247043.371019363,1781247043.371030807,1781247043.373009682,0.007450,0.008965,0.114840,0.000008,0.000897,0.000011,0.001979,0.134151,1,1,
302,6.040000,6.040000,1781247043.373009682,1781247043.379745483,1781247043.388653755,1781247043.503349304,1781247043.503357410,1781247043.504315376,1781247043.504326344,1781247043.506329536,0.006736,0.008908,0.114696,0.000008,0.000958,0.000011,0.002003,0.133320,1,1,
303,6.060000,6.060000,1781247043.506329536,1781247043.513378859,1781247043.522336721,1781247043.638082027,1781247043.638087273,1781247043.638889313,1781247043.638908148,1781247043.642486334,0.007049,0.008958,0.115745,0.000005,0.000802,0.000019,0.003578,0.136157,1,1,
304,6.080000,6.080000,1781247043.642486334,1781247043.646553993,1781247043.655482531,1781247043.770496368,1781247043.770503759,1781247043.772011518,1781247043.772029161,1781247043.774513960,0.004068,0.008929,0.115014,0.000007,0.001508,0.000018,0.002485,0.132028,1,1,
305,6.100000,6.100000,1781247043.774513960,1781247043.780142307,1781247043.789174557,1781247043.904553652,1781247043.904561758,1781247043.906978369,1781247043.906990290,1781247043.909001112,0.005628,0.009032,0.115379,0.000008,0.002417,0.000012,0.002011,0.134487,1,1,
306,6.120000,6.120000,1781247043.909001112,1781247043.913483381,1781247043.922473907,1781247044.036890507,1781247044.036898613,1781247044.038847208,1781247044.038865089,1781247044.042428970,0.004482,0.008991,0.114417,0.000008,0.001949,0.000018,0.003564,0.133428,1,1,
307,6.140000,6.140000,1781247044.042428970,1781247044.047111988,1781247044.056062937,1781247044.170692682,1781247044.170700550,1781247044.171150684,1781247044.171169996,1781247044.174798250,0.004683,0.008951,0.114630,0.000008,0.000450,0.000019,0.003628,0.132369,1,1,
308,6.160000,6.160000,1781247044.174798250,1781247044.180295229,1781247044.189405203,1781247044.304449320,1781247044.304456949,1781247044.305969000,1781247044.305987835,1781247044.309607744,0.005497,0.009110,0.115044,0.000008,0.001512,0.000019,0.003620,0.134809,1,1,
309,6.180000,6.180000,1781247044.309607744,1781247044.313981771,1781247044.323534489,1781247044.438153982,1781247044.438162327,1781247044.440610886,1781247044.440629244,1781247044.444211245,0.004374,0.009553,0.114619,0.000008,0.002449,0.000018,0.003582,0.134604,1,1,
310,6.200000,6.200000,1781247044.444211245,1781247044.447351217,1781247044.456426144,1781247044.570945501,1781247044.570953846,1781247044.572255135,1781247044.572265625,1781247044.574190140,0.003140,0.009075,0.114519,0.000008,0.001301,0.000010,0.001925,0.129979,1,1,
311,6.220000,6.220000,1781247044.574190140,1781247044.580597401,1781247044.589764595,1781247044.703742504,1781247044.703750134,1781247044.704646349,1781247044.704664946,1781247044.706758976,0.006407,0.009167,0.113978,0.000008,0.000896,0.000019,0.002094,0.132569,1,1,
312,6.240000,6.240000,1781247044.706758976,1781247044.714173555,1781247044.723304987,1781247044.837739468,1781247044.837748051,1781247044.839434147,1781247044.839456558,1781247044.842114210,0.007415,0.009131,0.114434,0.000009,0.001686,0.000022,0.002658,0.135355,1,1,
313,6.260000,6.260000,1781247044.842114210,1781247044.847573042,1781247044.856785297,1781247044.973086119,1781247044.973093033,1781247044.975373268,1781247044.975391150,1781247044.978975058,0.005459,0.009212,0.116301,0.000007,0.002280,0.000018,0.003584,0.136861,1,1,
314,6.280000,6.280000,1781247044.978975058,1781247044.981124640,1781247044.990391254,1781247045.105258703,1781247045.105266333,1781247045.107190609,1781247045.107203007,1781247045.109243393,0.002150,0.009267,0.114867,0.000008,0.001924,0.000012,0.002040,0.130268,1,1,
315,6.300000,6.300000,1781247045.109243393,1781247045.114485979,1781247045.123714209,1781247045.238272905,1781247045.238280296,1781247045.240422487,1781247045.240434170,1781247045.242528439,0.005243,0.009228,0.114559,0.000007,0.002142,0.000012,0.002094,0.133285,1,1,
316,6.320000,6.320000,1781247045.242528439,1781247045.247800827,1781247045.257056236,1781247045.371362209,1781247045.371370316,1781247045.372907639,1781247045.372927427,1781247045.376505375,0.005272,0.009255,0.114306,0.000008,0.001537,0.000020,0.003578,0.133977,1,1,
317,6.340000,6.340000,1781247045.376505375,1781247045.381278038,1781247045.390543938,1781247045.504423857,1781247045.504432440,1781247045.505043030,1781247045.505061388,1781247045.508662939,0.004773,0.009266,0.113880,0.000009,0.000611,0.000018,0.003602,0.132158,1,1,
318,6.360000,6.360000,1781247045.508662939,1781247045.514761209,1781247045.524073362,1781247045.638149261,1781247045.638157368,1781247045.639337301,1781247045.639355898,1781247045.641654015,0.006098,0.009312,0.114076,0.000008,0.001180,0.000019,0.002298,0.132991,1,1,
319,6.380000,6.380000,1781247045.641654015,1781247045.648145199,1781247045.657932281,1781247045.771693707,1781247045.771701813,1781247045.773347139,1781247045.773365259,1781247045.775562286,0.006491,0.009787,0.113761,0.000008,0.001645,0.000018,0.002197,0.133908,1,1,
320,6.400000,6.400000,1781247045.775562286,1781247045.781679630,1781247045.790993452,1781247045.905149698,1781247045.905156851,1781247045.906592607,1781247045.906604528,1781247045.908524036,0.006117,0.009314,0.114156,0.000007,0.001436,0.000012,0.001920,0.132962,1,1,
321,6.420000,6.420000,1781247045.908524036,1781247045.915224314,1781247045.924750805,1781247046.039878368,1781247046.039886475,1781247046.040429592,1781247046.040440559,1781247046.042378426,0.006700,0.009526,0.115128,0.000008,0.000543,0.000011,0.001938,0.133854,1,1,
322,6.440000,6.440000,1781247046.042378426,1781247046.048545122,1781247046.058001757,1781247046.172309875,1781247046.172317982,1781247046.174369574,1781247046.174384356,1781247046.177533388,0.006167,0.009457,0.114308,0.000008,0.002052,0.000015,0.003149,0.135155,1,1,
323,6.460000,6.460000,1781247046.177533388,1781247046.182044744,1781247046.191539526,1781247046.305560112,1781247046.305567265,1781247046.306370258,1781247046.306382179,1781247046.308360338,0.004511,0.009495,0.114021,0.000007,0.000803,0.000012,0.001978,0.130827,1,1,
324,6.480000,6.480000,1781247046.308360338,1781247046.315433502,1781247046.324923992,1781247046.439161062,1781247046.439168215,1781247046.440069437,1781247046.440087080,1781247046.443211555,0.007073,0.009490,0.114237,0.000007,0.000901,0.000018,0.003124,0.134851,1,1,
325,6.500000,6.500000,1781247046.443211555,1781247046.449104071,1781247046.458675385,1781247046.572757006,1781247046.572764635,1781247046.574918747,1781247046.574929714,1781247046.577027559,0.005893,0.009571,0.114082,0.000008,0.002154,0.000011,0.002098,0.133816,1,1,
326,6.520000,6.520000,1781247046.577027559,1781247046.582245111,1781247046.591857910,1781247046.705883741,1781247046.705891371,1781247046.707031727,1781247046.707051277,1781247046.710630417,0.005218,0.009613,0.114026,0.000008,0.001140,0.000020,0.003579,0.133603,1,1,
327,6.540000,6.540000,1781247046.710630417,1781247046.715797901,1781247046.725391388,1781247046.839465618,1781247046.839473248,1781247046.840302944,1781247046.840321541,1781247046.842651367,0.005167,0.009593,0.114074,0.000008,0.000830,0.000019,0.002330,0.132021,1,1,
328,6.560000,6.560000,1781247046.842651367,1781247046.849134684,1781247046.858794689,1781247046.973119020,1781247046.973126650,1781247046.975289822,1781247046.975302458,1781247046.977307081,0.006483,0.009660,0.114324,0.000008,0.002163,0.000013,0.002005,0.134656,1,1,
329,6.580000,6.580000,1781247046.977307081,1781247046.982719183,1781247046.992551565,1781247047.107518911,1781247047.107527494,1781247047.108404398,1781247047.108423471,1781247047.112229586,0.005412,0.009832,0.114967,0.000009,0.000877,0.000019,0.003806,0.134923,1,1,
330,6.600000,6.600000,1781247047.112229586,1781247047.116211891,1781247047.126083136,1781247047.240496635,1781247047.240504265,1781247047.242459536,1781247047.242470980,1781247047.244392872,0.003982,0.009871,0.114413,0.000008,0.001955,0.000011,0.001922,0.132163,1,1,
331,6.620000,6.620000,1781247047.244392872,1781247047.249670506,1781247047.259694099,1781247047.374388695,1781247047.374395847,1781247047.374845266,1781247047.374857187,1781247047.376817465,0.005278,0.010024,0.114695,0.000007,0.000449,0.000012,0.001960,0.132425,1,1,
332,6.640000,6.640000,1781247047.376817465,1781247047.383074284,1781247047.392839193,1781247047.506906509,1781247047.506914616,1781247047.507271767,1781247047.507289886,1781247047.510905504,0.006257,0.009765,0.114067,0.000008,0.000357,0.000018,0.003616,0.134088,1,1,
333,6.660000,6.660000,1781247047.510905504,1781247047.516442060,1781247047.526211977,1781247047.639609337,1781247047.639617205,1781247047.642055273,1781247047.642074108,1781247047.644445658,0.005537,0.009770,0.113397,0.000008,0.002438,0.000019,0.002372,0.133540,1,1,
334,6.680000,6.680000,1781247047.644445658,1781247047.649981260,1781247047.659768343,1781247047.773569107,1781247047.773577213,1781247047.775056601,1781247047.775069475,1781247047.777069330,0.005536,0.009787,0.113801,0.000008,0.001479,0.000013,0.002000,0.132624,1,1,
335,6.700000,6.700000,1781247047.777069330,1781247047.783340454,1781247047.793147564,1781247047.907123089,1781247047.907129765,1781247047.907550573,1781247047.907561779,1781247047.909492731,0.006271,0.009807,0.113976,0.000007,0.000421,0.000011,0.001931,0.132423,1,1,
336,6.720000,6.720000,1781247047.909492731,1781247047.916721344,1781247047.926552057,1781247048.040518045,1781247048.040525913,1781247048.042603970,1781247048.042623043,1781247048.045040846,0.007229,0.009831,0.113966,0.000008,0.002078,0.000019,0.002418,0.135548,1,1,
337,6.740000,6.740000,1781247048.045040846,1781247048.050345898,1781247048.060329437,1781247048.175187826,1781247048.175196171,1781247048.177415609,1781247048.177434206,1781247048.180144787,0.005305,0.009984,0.114858,0.000008,0.002219,0.000019,0.002711,0.135104,1,1,
338,6.760000,6.760000,1781247048.180144787,1781247048.183954000,1781247048.194724321,1781247048.310943604,1781247048.310950994,1781247048.311298370,1781247048.311308861,1781247048.313214064,0.003809,0.010770,0.116219,0.000007,0.000347,0.000010,0.001905,0.133069,1,1,
339,6.780000,6.780000,1781247048.313214064,1781247048.317157269,1781247048.327260494,1781247048.441013813,1781247048.441021681,1781247048.442972422,1781247048.442990065,1781247048.446027994,0.003943,0.010103,0.113753,0.000008,0.001951,0.000018,0.003038,0.132814,1,1,
340,6.800000,6.800000,1781247048.446027994,1781247048.450502634,1781247048.460502386,1781247048.574298382,1781247048.574306011,1781247048.575231552,1781247048.575242519,1781247048.577187538,0.004475,0.010000,0.113796,0.000008,0.000926,0.000011,0.001945,0.131160,1,1,
341,6.820000,6.820000,1781247048.577187538,1781247048.584141731,1781247048.594178200,1781247048.708688021,1781247048.708696365,1781247048.711027861,1781247048.711046219,1781247048.714467764,0.006954,0.010036,0.114510,0.000008,0.002331,0.000018,0.003422,0.137280,1,1,
342,6.840000,6.840000,1781247048.714467764,1781247048.717324257,1781247048.727482557,1781247048.842101574,1781247048.842109442,1781247048.844190836,1781247048.844202042,1781247048.846147776,0.002856,0.010158,0.114619,0.000008,0.002081,0.000011,0.001946,0.131680,1,1,
343,6.860000,6.860000,1781247048.846147776,1781247048.850955963,1781247048.861098051,1781247048.974967957,1781247048.974975824,1781247048.977353811,1781247048.977372169,1781247048.980620146,0.004808,0.010142,0.113870,0.000008,0.002378,0.000018,0.003248,0.134472,1,1,
344,6.880000,6.880000,1781247048.980620146,1781247048.984306335,1781247048.994369030,1781247049.108458281,1781247049.108466387,1781247049.109640598,1781247049.109659910,1781247049.113390446,0.003686,0.010063,0.114089,0.000008,0.001174,0.000019,0.003731,0.132770,1,1,
345,6.900000,6.900000,1781247049.113390446,1781247049.117881536,1781247049.128060102,1781247049.242498636,1781247049.242506742,1781247049.243066311,1781247049.243087292,1781247049.246738195,0.004491,0.010179,0.114439,0.000008,0.000560,0.000021,0.003651,0.133348,1,1,
346,6.920000,6.920000,1781247049.246738195,1781247049.251301527,1781247049.261478662,1781247049.375210524,1781247049.375218153,1781247049.376883030,1781247049.376901627,1781247049.380539894,0.004563,0.010177,0.113732,0.000008,0.001665,0.000019,0.003638,0.133802,1,1,
347,6.940000,6.940000,1781247049.380539894,1781247049.384637117,1781247049.394815207,1781247049.508754730,1781247049.508761883,1781247049.509343147,1781247049.509354353,1781247049.511386871,0.004097,0.010178,0.113940,0.000007,0.000581,0.000011,0.002033,0.130847,1,1,
348,6.960000,6.960000,1781247049.511386871,1781247049.518008232,1781247049.528309107,1781247049.642500877,1781247049.642508030,1781247049.643153667,1781247049.643165588,1781247049.645092964,0.006621,0.010301,0.114192,0.000007,0.000646,0.000012,0.001927,0.133706,1,1,
349,6.980000,6.980000,1781247049.645092964,1781247049.651655674,1781247049.661984682,1781247049.777002573,1781247049.777009964,1781247049.778095722,1781247049.778113604,1781247049.780452967,0.006563,0.010329,0.115018,0.000007,0.001086,0.000018,0.002339,0.135360,1,1,
350,7.000000,7.000000,1781247049.780452967,1781247049.785085201,1781247049.795488834,1781247049.908668041,1781247049.908675671,1781247049.909248590,1781247049.909267902,1781247049.912949324,0.004632,0.010404,0.113179,0.000008,0.000573,0.000019,0.003681,0.132496,1,1,
351,7.020000,7.020000,1781247049.912949324,1781247049.918452978,1781247049.928879261,1781247050.042698860,1781247050.042707443,1781247050.044003248,1781247050.044014931,1781247050.045991182,0.005504,0.010426,0.113820,0.000009,0.001296,0.000012,0.001976,0.133042,1,1,
352,7.040000,7.040000,1781247050.045991182,1781247050.051974773,1781247050.062480211,1781247050.178131104,1781247050.178138971,1781247050.180145979,1781247050.180163383,1781247050.183741808,0.005984,0.010505,0.115651,0.000008,0.002007,0.000017,0.003578,0.137751,1,1,
353,7.060000,7.060000,1781247050.183741808,1781247050.185449839,1781247050.195906639,1781247050.309664965,1781247050.309673071,1781247050.310671806,1781247050.310684919,1781247050.312698841,0.001708,0.010457,0.113758,0.000008,0.000999,0.000013,0.002014,0.128957,1,1,
354,7.080000,7.080000,1781247050.312698841,1781247050.318802118,1781247050.329603910,1781247050.443647861,1781247050.443656206,1781247050.444068670,1781247050.444082022,1781247050.445975304,0.006103,0.010802,0.114044,0.000008,0.000412,0.000013,0.001893,0.133276,1,1,
355,7.100000,7.100000,1781247050.445975304,1781247050.445968866,1781247050.456508875,1781247050.569286585,1781247050.569294453,1781247050.571295023,1781247050.571314335,1781247050.573682070,-0.000006,0.010540,0.112778,0.000008,0.002001,0.000019,0.002368,0.127707,0,1,cycle_order
356,7.120000,7.120000,1781247050.573682070,1781247050.585782051,1781247050.596232414,1781247050.709467173,1781247050.709475279,1781247050.710634947,1781247050.710653543,1781247050.714297056,0.012100,0.010450,0.113235,0.000008,0.001160,0.000019,0.003644,0.140615,1,1,
357,7.140000,7.140000,1781247050.714297056,1781247050.719123602,1781247050.730584383,1781247050.845255136,1781247050.845262289,1781247050.847372770,1781247050.847384930,1781247050.849311113,0.004827,0.011461,0.114671,0.000007,0.002110,0.000012,0.001926,0.135014,1,1,
358,7.160000,7.160000,1781247050.849311113,1781247050.852522612,1781247050.866399527,1781247050.980355740,1781247050.980362892,1781247050.981631517,1781247050.981650114,1781247050.983937740,0.003211,0.013877,0.113956,0.000007,0.001269,0.000019,0.002288,0.134627,1,1,
359,7.180000,7.180000,1781247050.983937740,1781247050.985931635,1781247050.996872425,1781247051.110457420,1781247051.110464334,1781247051.111071587,1781247051.111090183,1781247051.113902569,0.001994,0.010941,0.113585,0.000007,0.000607,0.000019,0.002812,0.129965,1,1,
360,7.200000,7.200000,1781247051.113902569,1781247051.119382620,1781247051.130078316,1781247051.243896484,1781247051.243904352,1781247051.246023417,1781247051.246041298,1781247051.248572350,0.005480,0.010696,0.113818,0.000008,0.002119,0.000018,0.002531,0.134670,1,1,
361,7.220000,7.220000,1781247051.248572350,1781247051.253088474,1781247051.263701677,1781247051.376923084,1781247051.376930714,1781247051.379228830,1781247051.379246950,1781247051.382132053,0.004516,0.010613,0.113221,0.000008,0.002298,0.000018,0.002885,0.133560,1,1,
362,7.240000,7.240000,1781247051.382132053,1781247051.386247635,1781247051.396849871,1781247051.510399818,1781247051.510407448,1781247051.511048794,1781247051.511067390,1781247051.514716387,0.004116,0.010602,0.113550,0.000008,0.000641,0.000019,0.003649,0.132584,1,1,
363,7.260000,7.260000,1781247051.514716387,1781247051.519681931,1781247051.530354500,1781247051.642945528,1781247051.642953157,1781247051.645067453,1781247051.645085812,1781247051.648717880,0.004966,0.010673,0.112591,0.000008,0.002114,0.000018,0.003632,0.134001,1,1,
364,7.280000,7.280000,1781247051.648717880,1781247051.653197765,1781247051.663810492,1781247051.777122259,1781247051.777130842,1781247051.777588129,1781247051.777606964,1781247051.781249046,0.004480,0.010613,0.113312,0.000009,0.000457,0.000019,0.003642,0.132531,1,1,
365,7.300000,7.300000,1781247051.781249046,1781247051.786745787,1781247051.797999144,1781247051.911586761,1781247051.911594868,1781247051.912388563,1781247051.912407398,1781247051.915065289,0.005497,0.011253,0.113588,0.000008,0.000794,0.000019,0.002658,0.133816,1,1,
366,7.320000,7.320000,1781247051.915065289,1781247051.920135021,1781247051.930887461,1781247052.043654919,1781247052.043663263,1781247052.045089960,1781247052.045101643,1781247052.047040224,0.005070,0.010752,0.112767,0.000008,0.001427,0.000012,0.001939,0.131975,1,1,
367,7.340000,7.340000,1781247052.047040224,1781247052.053517103,1781247052.064372063,1781247052.178225994,1781247052.178233862,1781247052.179075956,1781247052.179095030,1781247052.182115316,0.006477,0.010855,0.113854,0.000008,0.000842,0.000019,0.003020,0.135075,1,1,
368,7.360000,7.360000,1781247052.182115316,1781247052.187041283,1781247052.200185776,1781247052.314954758,1781247052.314961910,1781247052.316565275,1781247052.316576481,1781247052.318495035,0.004926,0.013144,0.114769,0.000007,0.001603,0.000011,0.001919,0.136380,1,1,
369,7.380000,7.380000,1781247052.318495035,1781247052.320357561,1781247052.331409931,1781247052.445522785,1781247052.445530653,1781247052.446232557,1781247052.446250200,1781247052.449934483,0.001863,0.011052,0.114113,0.000008,0.000702,0.000018,0.003684,0.131439,1,1,
370,7.400000,7.400000,1781247052.449934483,1781247052.453895569,1781247052.464850903,1781247052.577350855,1781247052.577359200,1781247052.578439951,1781247052.578452110,1781247052.580526590,0.003961,0.010955,0.112500,0.000008,0.001081,0.000012,0.002074,0.130592,1,1,
371,7.420000,7.420000,1781247052.580526590,1781247052.587258816,1781247052.598682165,1781247052.710987568,1781247052.710994720,1781247052.712734938,1781247052.712752819,1781247052.714867115,0.006732,0.011423,0.112305,0.000007,0.001740,0.000018,0.002114,0.134341,1,1,
372,7.440000,7.440000,1781247052.714867115,1781247052.720666647,1781247052.731663704,1781247052.843868256,1781247052.843875647,1781247052.845485926,1781247052.845503807,1781247052.848728418,0.005800,0.010997,0.112205,0.000007,0.001610,0.000018,0.003225,0.133861,1,1,
373,7.460000,7.460000,1781247052.848728418,1781247052.854269266,1781247052.865157604,1781247052.977935791,1781247052.977944374,1781247052.979989529,1781247052.980000257,1781247052.982009172,0.005541,0.010888,0.112778,0.000009,0.002045,0.000011,0.002009,0.133281,1,1,
374,7.480000,7.480000,1781247052.982009172,1781247052.987528563,1781247052.998474598,1781247053.110939741,1781247053.110948086,1781247053.111438036,1781247053.111457825,1781247053.115048647,0.005519,0.010946,0.112465,0.000008,0.000490,0.000020,0.003591,0.133039,1,1,
375,7.500000,7.500000,1781247053.115048647,1781247053.121132612,1781247053.132097483,1781247053.245020866,1781247053.245029211,1781247053.245574951,1781247053.245593309,1781247053.249214411,0.006084,0.010965,0.112923,0.000008,0.000546,0.000018,0.003621,0.134166,1,1,
376,7.520000,7.520000,1781247053.249214411,1781247053.254575968,1781247053.268350601,1781247053.382705450,1781247053.382713318,1781247053.385250807,1781247053.385268927,1781247053.388667583,0.005362,0.013775,0.114355,0.000008,0.002537,0.000018,0.003399,0.139453,1,1,
377,7.540000,7.540000,1781247053.388667583,1781247053.404702902,1781247053.416234016,1781247053.529176474,1781247053.529184103,1781247053.531524897,1781247053.531542540,1781247053.535117865,0.016035,0.011531,0.112942,0.000008,0.002341,0.000018,0.003575,0.146450,1,1,
378,7.560000,7.560000,1781247053.535117865,1781247053.538215876,1781247053.549290895,1781247053.662082195,1781247053.662090063,1781247053.663495779,1781247053.663513184,1781247053.665721655,0.003098,0.011075,0.112791,0.000008,0.001406,0.000017,0.002208,0.130604,1,1,
379,7.580000,7.580000,1781247053.665721655,1781247053.671491146,1781247053.682608843,1781247053.795306444,1781247053.795314074,1781247053.796534777,1781247053.796551943,1781247053.800143719,0.005769,0.011118,0.112698,0.000008,0.001221,0.000017,0.003592,0.134422,1,1,
380,7.600000,7.600000,1781247053.800143719,1781247053.804955721,1781247053.816064358,1781247053.929259777,1781247053.929266930,1781247053.931188822,1781247053.931206226,1781247053.934889317,0.004812,0.011109,0.113195,0.000007,0.001922,0.000017,0.003683,0.134746,1,1,
381,7.620000,7.620000,1781247053.934889317,1781247053.938337803,1781247053.949512005,1781247054.061490059,1781247054.061497688,1781247054.062712431,1781247054.062723875,1781247054.064642191,0.003448,0.011174,0.111978,0.000008,0.001215,0.000011,0.001918,0.129753,1,1,
382,7.640000,7.640000,1781247054.064642191,1781247054.071869850,1781247054.083033085,1781247054.195407867,1781247054.195415258,1781247054.196027040,1781247054.196045637,1781247054.198972702,0.007228,0.011163,0.112375,0.000007,0.000612,0.000019,0.002927,0.134331,1,1,
383,7.660000,7.660000,1781247054.198972702,1781247054.205248833,1781247054.217019081,1781247054.333595037,1781247054.333602905,1781247054.334377289,1781247054.334395170,1781247054.337095976,0.006276,0.011770,0.116576,0.000008,0.000774,0.000018,0.002701,0.138123,1,1,
384,7.680000,7.680000,1781247054.337095976,1781247054.338682652,1781247054.349927187,1781247054.464088917,1781247054.464096308,1781247054.466423273,1781247054.466433287,1781247054.468295336,0.001587,0.011245,0.114162,0.000007,0.002327,0.000010,0.001862,0.131199,1,1,
385,7.700000,7.700000,1781247054.468295336,1781247054.472194910,1781247054.483463049,1781247054.595788479,1781247054.595796585,1781247054.597373247,1781247054.597383738,1781247054.599307775,0.003900,0.011268,0.112325,0.000008,0.001577,0.000010,0.001924,0.131012,1,1,
386,7.720000,7.720000,1781247054.599307775,1781247054.605520964,1781247054.616832733,1781247054.729247093,1781247054.729254246,1781247054.730872869,1781247054.730884552,1781247054.732877731,0.006213,0.011312,0.112414,0.000007,0.001619,0.000012,0.001993,0.133570,1,1,
387,7.740000,7.740000,1781247054.732877731,1781247054.739159346,1781247054.750458002,1781247054.862965584,1781247054.862973928,1781247054.864017725,1781247054.864035606,1781247054.866452694,0.006282,0.011299,0.112508,0.000008,0.001044,0.000018,0.002417,0.133575,1,1,
388,7.760000,7.760000,1781247054.866452694,1781247054.872466326,1781247054.883808374,1781247054.996527433,1781247054.996535063,1781247054.998063087,1781247054.998080730,1781247055.001056910,0.006014,0.011342,0.112719,0.000008,0.001528,0.000018,0.002976,0.134604,1,1,
389,7.780000,7.780000,1781247055.001056910,1781247055.006068468,1781247055.017472506,1781247055.132262468,1781247055.132271767,1781247055.133432865,1781247055.133454323,1781247055.137294531,0.005012,0.011404,0.114790,0.000009,0.001161,0.000021,0.003840,0.136238,1,1,
390,7.800000,7.800000,1781247055.137294531,1781247055.139519453,1781247055.151115179,1781247055.264843225,1781247055.264851809,1781247055.265315056,1781247055.265334129,1781247055.268936634,0.002225,0.011596,0.113728,0.000009,0.000463,0.000019,0.003603,0.131642,1,1,
391,7.820000,7.820000,1781247055.268936634,1781247055.272793531,1781247055.284237385,1781247055.397435904,1781247055.397443295,1781247055.399644136,1781247055.399665356,1781247055.403313875,0.003857,0.011444,0.113199,0.000007,0.002201,0.000021,0.003649,0.134377,1,1,
392,7.840000,7.840000,1781247055.403313875,1781247055.406393766,1781247055.418112516,1781247055.532359600,1781247055.532367468,1781247055.533190250,1781247055.533208609,1781247055.536833048,0.003080,0.011719,0.114247,0.000008,0.000823,0.000018,0.003624,0.133519,1,1,
393,7.860000,7.860000,1781247055.536833048,1781247055.539666891,1781247055.551130533,1781247055.664367199,1781247055.664374590,1781247055.666763306,1781247055.666785002,1781247055.669923544,0.002834,0.011464,0.113237,0.000007,0.002389,0.000022,0.003139,0.133090,1,1,
394,7.880000,7.880000,1781247055.669923544,1781247055.673182249,1781247055.684700489,1781247055.797604084,1781247055.797612190,1781247055.799801111,1781247055.799819231,1781247055.803453445,0.003259,0.011518,0.112904,0.000008,0.002189,0.000018,0.003634,0.133530,1,1,
395,7.900000,7.900000,1781247055.803453445,1781247055.806549549,1781247055.818199158,1781247055.931284428,1781247055.931291819,1781247055.933417797,1781247055.933436155,1781247055.936235189,0.003096,0.011650,0.113085,0.000007,0.002126,0.000018,0.002799,0.132782,1,1,
396,7.920000,7.920000,1781247055.936235189,1781247055.940158367,1781247055.951773405,1781247056.066281796,1781247056.066289425,1781247056.067976475,1781247056.067994833,1781247056.070456505,0.003923,0.011615,0.114508,0.000008,0.001687,0.000018,0.002462,0.134221,1,1,
397,7.940000,7.940000,1781247056.070456505,1781247056.073440790,1781247056.088164568,1781247056.203293324,1781247056.203300714,1781247056.204507113,1781247056.204524517,1781247056.207687378,0.002984,0.014724,0.115129,0.000007,0.001206,0.000017,0.003163,0.137231,1,1,
398,7.960000,7.960000,1781247056.207687378,1781247056.223656893,1781247056.238633156,1781247056.352660179,1781247056.352667332,1781247056.353154898,1781247056.353173494,1781247056.356808424,0.015970,0.014976,0.114027,0.000007,0.000488,0.000019,0.003635,0.149121,1,1,
399,7.980000,7.980000,1781247056.356808424,1781247056.356957674,1781247056.368726254,1781247056.482541323,1781247056.482550383,1781247056.484332323,1781247056.484345436,1781247056.486338854,0.000149,0.011769,0.113815,0.000009,0.001782,0.000013,0.001993,0.129530,1,1,
400,8.000000,8.000000,1781247056.486338854,1781247056.490479469,1781247056.502406836,1781247056.615919828,1781247056.615927696,1781247056.617015839,1781247056.617027521,1781247056.618987322,0.004141,0.011927,0.113513,0.000008,0.001088,0.000012,0.001960,0.132648,1,1,
401,8.020000,8.020000,1781247056.618987322,1781247056.624041557,1781247056.635902166,1781247056.749335766,1781247056.749344826,1781247056.751432180,1781247056.751450300,1781247056.754597425,0.005054,0.011861,0.113434,0.000009,0.002087,0.000018,0.003147,0.135610,1,1,
402,8.040000,8.040000,1781247056.754597425,1781247056.757348776,1781247056.769222736,1781247056.882561684,1781247056.882569551,1781247056.884468317,1781247056.884487152,1781247056.888169527,0.002751,0.011874,0.113339,0.000008,0.001899,0.000019,0.003682,0.133572,1,1,
403,8.060000,8.060000,1781247056.888169527,1781247056.890826464,1781247056.902613163,1781247057.015463352,1781247057.015471458,1781247057.017076492,1781247057.017090797,1781247057.019163370,0.002657,0.011787,0.112850,0.000008,0.001605,0.000014,0.002073,0.130994,1,1,
404,8.080000,8.080000,1781247057.019163370,1781247057.024158239,1781247057.036129951,1781247057.149139404,1781247057.149145842,1781247057.151290655,1781247057.151309729,1781247057.153630733,0.004995,0.011972,0.113009,0.000006,0.002145,0.000019,0.002321,0.134467,1,1,
405,8.100000,8.100000,1781247057.153630733,1781247057.157734156,1781247057.169664860,1781247057.283898115,1781247057.283906698,1781247057.286229610,1781247057.286247730,1781247057.289622307,0.004103,0.011931,0.114233,0.000009,0.002323,0.000018,0.003375,0.135992,1,1,
406,8.120000,8.120000,1781247057.289622307,1781247057.291204453,1781247057.303918123,1781247057.456546783,1781247057.456554890,1781247057.457847595,1781247057.457860708,1781247057.460043669,0.001582,0.012714,0.152629,0.000008,0.001293,0.000013,0.002183,0.170421,1,1,
407,8.140000,8.140000,1781247057.460043669,1781247057.474649668,1781247057.487023354,1781247057.602469206,1781247057.602476835,1781247057.604207039,1781247057.604225397,1781247057.606548786,0.014606,0.012374,0.115446,0.000008,0.001730,0.000018,0.002323,0.146505,1,1,
408,8.160000,8.160000,1781247057.606548786,1781247057.608158112,1781247057.620790482,1781247057.737004995,1781247057.737012148,1781247057.737581730,1781247057.737600803,1781247057.740454674,0.001609,0.012632,0.116215,0.000007,0.000570,0.000019,0.002854,0.133906,1,1,
409,8.180000,8.180000,1781247057.740454674,1781247057.741514683,1781247057.754646778,1781247057.873560905,1781247057.873568773,1781247057.874130249,1781247057.874148369,1781247057.877054453,0.001060,0.013132,0.118914,0.000008,0.000561,0.000018,0.002906,0.136600,1,1,
410,8.200000,8.200000,1781247057.877054453,1781247057.891895533,1781247057.904454231,1781247058.023067713,1781247058.023074627,1781247058.024109125,1781247058.024120331,1781247058.027414083,0.014841,0.012559,0.118613,0.000007,0.001034,0.000011,0.003294,0.150360,1,1,
411,8.220000,8.220000,1781247058.027414083,1781247058.041804790,1781247058.054100275,1781247058.167898893,1781247058.167906046,1781247058.169341803,1781247058.169353008,1781247058.171484232,0.014391,0.012295,0.113799,0.000007,0.001436,0.000011,0.002131,0.144070,1,1,
412,8.240000,8.240000,1781247058.171484232,1781247058.175353050,1781247058.189913273,1781247058.309093714,1781247058.309101343,1781247058.310708761,1781247058.310728788,1781247058.314408541,0.003869,0.014560,0.119180,0.000008,0.001607,0.000020,0.003680,0.142924,1,1,
413,8.260000,8.260000,1781247058.314408541,1781247058.325306654,1781247058.337898731,1781247058.456176758,1781247058.456185102,1781247058.458444834,1781247058.458463192,1781247058.460712194,0.010898,0.012592,0.118278,0.000008,0.002260,0.000018,0.002249,0.146304,1,1,
414,8.280000,8.280000,1781247058.460712194,1781247058.475604296,1781247058.487950563,1781247058.604373693,1781247058.604381084,1781247058.606364727,1781247058.606377363,1781247058.608432293,0.014892,0.012346,0.116423,0.000007,0.001984,0.000013,0.002055,0.147720,1,1,
415,8.300000,8.300000,1781247058.608432293,1781247058.609169483,1781247058.621873617,1781247058.736758709,1781247058.736765862,1781247058.737407446,1781247058.737425804,1781247058.740215540,0.000737,0.012704,0.114885,0.000007,0.000642,0.000018,0.002790,0.131783,1,1,
416,8.320000,8.320000,1781247058.740215540,1781247058.742301702,1781247058.754802942,1781247058.879152298,1781247058.879159451,1781247058.879480600,1781247058.879493475,1781247058.881604671,0.002086,0.012501,0.124349,0.000007,0.000321,0.000013,0.002111,0.141389,1,1,
417,8.340000,8.340000,1781247058.881604671,1781247058.892402887,1781247058.906119347,1781247059.019409418,1781247059.019417048,1781247059.020569563,1781247059.020580769,1781247059.022582531,0.010798,0.013716,0.113290,0.000008,0.001153,0.000011,0.002002,0.140978,1,1,
418,8.360000,8.360000,1781247059.022582531,1781247059.026072025,1781247059.038544416,1781247059.151015282,1781247059.151022673,1781247059.151849270,1781247059.151868343,1781247059.155453920,0.003489,0.012472,0.112471,0.000007,0.000827,0.000019,0.003586,0.132871,1,1,
419,8.380000,8.380000,1781247059.155453920,1781247059.159327984,1781247059.171704054,1781247059.284221411,1781247059.284229040,1781247059.284706593,1781247059.284725666,1781247059.288372517,0.003874,0.012376,0.112517,0.000008,0.000478,0.000019,0.003647,0.132919,1,1,
420,8.400000,8.400000,1781247059.288372517,1781247059.292744637,1781247059.306592464,1781247059.421979189,1781247059.421986341,1781247059.423676014,1781247059.423695326,1781247059.426174879,0.004372,0.013848,0.115387,0.000007,0.001690,0.000019,0.002480,0.137802,1,1,
421,8.420000,8.420000,1781247059.426174879,1781247059.426259518,1781247059.442240000,1781247059.555858135,1781247059.555865765,1781247059.557934523,1781247059.557945251,1781247059.559954166,0.000085,0.015980,0.113618,0.000008,0.002069,0.000011,0.002009,0.133779,1,1,
422,8.440000,8.440000,1781247059.559954166,1781247059.576339245,1781247059.588754654,1781247059.702641249,1781247059.702648640,1781247059.703884840,1781247059.703902721,1781247059.706343174,0.016385,0.012415,0.113887,0.000007,0.001236,0.000018,0.002440,0.146389,1,1,
423,8.460000,8.460000,1781247059.706343174,1781247059.709892511,1781247059.722608805,1781247059.835941076,1781247059.835948706,1781247059.837013006,1781247059.837030888,1781247059.839517355,0.003549,0.012716,0.113332,0.000008,0.001064,0.000018,0.002486,0.133174,1,1,
424,8.480000,8.480000,1781247059.839517355,1781247059.843346357,1781247059.856581450,1781247059.970349550,1781247059.970356703,1781247059.972640753,1781247059.972652435,1781247059.974535465,0.003829,0.013235,0.113768,0.000007,0.002284,0.000012,0.001883,0.135018,1,1,
425,8.500000,8.500000,1781247059.974535465,1781247059.993764162,1781247060.006279945,1781247060.121802092,1781247060.121809483,1781247060.123361826,1781247060.123373508,1781247060.125392914,0.019229,0.012516,0.115522,0.000007,0.001552,0.000012,0.002019,0.150857,1,1,
426,8.520000,8.520000,1781247060.125392914,1781247060.126659870,1781247060.141103506,1781247060.254272938,1781247060.254281521,1781247060.254690409,1781247060.254708290,1781247060.257753611,0.001267,0.014444,0.113169,0.000009,0.000409,0.000018,0.003045,0.132361,1,1,
427,8.540000,8.540000,1781247060.257753611,1781247060.260139942,1781247060.272696257,1781247060.385628939,1781247060.385636568,1781247060.386204720,1781247060.386216402,1781247060.388211012,0.002386,0.012556,0.112933,0.000008,0.000568,0.000012,0.001995,0.130457,1,1,
428,8.560000,8.560000,1781247060.388211012,1781247060.393697739,1781247060.406331062,1781247060.518555403,1781247060.518562794,1781247060.519035816,1781247060.519049883,1781247060.521047354,0.005487,0.012633,0.112224,0.000007,0.000473,0.000014,0.001997,0.132836,1,1,
429,8.580000,8.580000,1781247060.521047354,1781247060.527310848,1781247060.539949894,1781247060.652680159,1781247060.652688265,1781247060.653752327,1781247060.653763771,1781247060.655734539,0.006263,0.012639,0.112730,0.000008,0.001064,0.000011,0.001971,0.134687,1,1,
430,8.600000,8.600000,1781247060.655734539,1781247060.660654545,1781247060.674797297,1781247060.788697243,1781247060.788706541,1781247060.790487528,1781247060.790507317,1781247060.792619467,0.004920,0.014143,0.113900,0.000009,0.001781,0.000020,0.002112,0.136885,1,1,
431,8.620000,8.620000,1781247060.792619467,1781247060.793987989,1781247060.806786299,1781247060.921118259,1781247060.921126127,1781247060.922818422,1781247060.922837257,1781247060.925104141,0.001369,0.012798,0.114332,0.000008,0.001692,0.000019,0.002267,0.132485,1,1,
432,8.640000,8.640000,1781247060.925104141,1781247060.927519321,1781247060.940204144,1781247061.052362442,1781247061.052371025,1781247061.054429293,1781247061.054448128,1781247061.057106495,0.002415,0.012685,0.112158,0.000009,0.002058,0.000019,0.002658,0.132002,1,1,
433,8.660000,8.660000,1781247061.057106495,1781247061.060983896,1781247061.073627949,1781247061.186160564,1781247061.186169147,1781247061.187252045,1781247061.187264442,1781247061.189300060,0.003877,0.012644,0.112533,0.000009,0.001083,0.000012,0.002036,0.132194,1,1,
434,8.680000,8.680000,1781247061.189300060,1781247061.194305897,1781247061.207047701,1781247061.320510864,1781247061.320518970,1781247061.322258711,1781247061.322277546,1781247061.324637175,0.005006,0.012742,0.113463,0.000008,0.001740,0.000019,0.002360,0.135337,1,1,
435,8.700000,8.700000,1781247061.324637175,1781247061.327767134,1781247061.344766378,1781247061.457504749,1781247061.457512140,1781247061.457856655,1781247061.457875252,1781247061.460869789,0.003130,0.016999,0.112738,0.000007,0.000345,0.000019,0.002995,0.136233,1,1,
436,8.720000,8.720000,1781247061.460869789,1781247061.461185455,1781247061.474264145,1781247061.588865995,1781247061.588873625,1781247061.589309216,1781247061.589327574,1781247061.593007803,0.000316,0.013079,0.114602,0.000008,0.000436,0.000018,0.003680,0.132138,1,1,
437,8.740000,8.740000,1781247061.593007803,1781247061.594640970,1781247061.607434988,1781247061.720294476,1781247061.720301151,1781247061.720618963,1781247061.720629930,1781247061.722683430,0.001633,0.012794,0.112859,0.000007,0.000318,0.000011,0.002053,0.129676,1,1,
438,8.760000,8.760000,1781247061.722683430,1781247061.728110790,1781247061.741084337,1781247061.856063604,1781247061.856070757,1781247061.858350992,1781247061.858370543,1781247061.860669851,0.005427,0.012974,0.114979,0.000007,0.002280,0.000020,0.002299,0.137986,1,1,
439,8.780000,8.780000,1781247061.860669851,1781247061.861523151,1781247061.874517918,1781247061.987749577,1781247061.987756729,1781247061.988358259,1781247061.988376856,1781247061.991118670,0.000853,0.012995,0.113232,0.000007,0.000602,0.000019,0.002742,0.130449,1,1,
440,8.800000,8.800000,1781247061.991118670,1781247061.995181322,1781247062.009221315,1781247062.122111559,1781247062.122120142,1781247062.124241829,1781247062.124262571,1781247062.127938747,0.004063,0.014040,0.112890,0.000009,0.002122,0.000021,0.003676,0.136820,1,1,
441,8.820000,8.820000,1781247062.127938747,1781247062.128506660,1781247062.144466400,1781247062.256799459,1781247062.256807089,1781247062.258417368,1781247062.258437157,1781247062.260750771,0.000568,0.015960,0.112333,0.000008,0.001610,0.000020,0.002314,0.132812,1,1,
442,8.840000,8.840000,1781247062.260750771,1781247062.261971235,1781247062.275410891,1781247062.387637615,1781247062.387645006,1781247062.388820171,1781247062.388839483,1781247062.392489910,0.001220,0.013440,0.112227,0.000007,0.001175,0.000019,0.003650,0.131739,1,1,
443,8.860000,8.860000,1781247062.392489910,1781247062.395328999,1781247062.408452749,1781247062.521888018,1781247062.521895409,1781247062.522548914,1781247062.522560835,1781247062.524557352,0.002839,0.013124,0.113435,0.000007,0.000654,0.000012,0.001997,0.132067,1,1,
444,8.880000,8.880000,1781247062.524557352,1781247062.528732300,1781247062.541868687,1781247062.653638363,1781247062.653645754,1781247062.655540705,1781247062.655551910,1781247062.657581568,0.004175,0.013136,0.111770,0.000007,0.001895,0.000011,0.002030,0.133024,1,1,
445,8.900000,8.900000,1781247062.657581568,1781247062.679179192,1781247062.693311214,1781247062.806754827,1781247062.806762457,1781247062.807226896,1781247062.807246685,1781247062.809586525,0.021598,0.014132,0.113444,0.000008,0.000464,0.000020,0.002340,0.152005,1,1,
446,8.920000,8.920000,1781247062.809586525,1781247062.812371016,1781247062.826299429,1781247062.942681074,1781247062.942688942,1781247062.944851398,1781247062.944871187,1781247062.948623657,0.002784,0.013928,0.116382,0.000008,0.002162,0.000020,0.003752,0.139037,1,1,
447,8.940000,8.940000,1781247062.948623657,1781247062.962483644,1781247062.976686478,1781247063.089386940,1781247063.089395285,1781247063.090994358,1781247063.091012716,1781247063.093445778,0.013860,0.014203,0.112700,0.000008,0.001599,0.000018,0.002433,0.144822,1,1,
448,8.960000,8.960000,1781247063.093445778,1781247063.096021414,1781247063.110106945,1781247063.235190630,1781247063.235198021,1781247063.235821486,1781247063.235835075,1781247063.237790108,0.002576,0.014086,0.125084,0.000007,0.000623,0.000014,0.001955,0.144344,1,1,
449,8.980000,8.980000,1781247063.237790108,1781247063.246190071,1781247063.259768486,1781247063.375041962,1781247063.375049114,1781247063.375903845,1781247063.375921965,1781247063.379525185,0.008400,0.013578,0.115273,0.000007,0.000855,0.000018,0.003603,0.141735,1,1,
450,9.000000,9.000000,1781247063.379525185,1781247063.396158695,1781247063.409978628,1781247063.533978701,1781247063.533986330,1781247063.536636829,1781247063.536656141,1781247063.540323496,0.016634,0.013820,0.124000,0.000008,0.002650,0.000019,0.003667,0.160798,1,1,
451,9.020000,9.020000,1781247063.540323496,1781247063.546231270,1781247063.560297251,1781247063.676730871,1781247063.676738501,1781247063.679012299,1781247063.679029942,1781247063.681940794,0.005908,0.014066,0.116434,0.000008,0.002274,0.000018,0.002911,0.141617,1,1,
452,9.040000,9.040000,1781247063.681940794,1781247063.696362495,1781247063.709764957,1781247063.831001282,1781247063.831016541,1781247063.832924128,1781247063.832937717,1781247063.835005760,0.014422,0.013402,0.121236,0.000015,0.001908,0.000014,0.002068,0.153065,1,1,
453,9.060000,9.060000,1781247063.835005760,1781247063.846670151,1781247063.860452890,1781247063.974131346,1781247063.974138737,1781247063.974963427,1781247063.974981546,1781247063.977697611,0.011664,0.013783,0.113678,0.000007,0.000825,0.000018,0.002716,0.142692,1,1,
454,9.080000,9.080000,1781247063.977697611,1781247063.980113268,1781247063.993592739,1781247064.105063438,1781247064.105071068,1781247064.105471373,1781247064.105489731,1781247064.109102011,0.002416,0.013479,0.111471,0.000008,0.000400,0.000018,0.003612,0.131404,1,1,
455,9.100000,9.100000,1781247064.109102011,1781247064.113409996,1781247064.126912355,1781247064.238652229,1781247064.238658905,1781247064.241164207,1781247064.241181850,1781247064.244482279,0.004308,0.013502,0.111740,0.000007,0.002505,0.000018,0.003300,0.135380,1,1,
456,9.120000,9.120000,1781247064.244482279,1781247064.246817827,1781247064.260291338,1781247064.371597290,1781247064.371605396,1781247064.373940945,1781247064.373952150,1781247064.375908375,0.002336,0.013474,0.111306,0.000008,0.002336,0.000011,0.001956,0.131426,1,1,
457,9.140000,9.140000,1781247064.375908375,1781247064.380370617,1781247064.393810272,1781247064.505089521,1781247064.505097389,1781247064.505720854,1781247064.505732775,1781247064.507695913,0.004462,0.013440,0.111279,0.000008,0.000623,0.000012,0.001963,0.131788,1,1,
458,9.160000,9.160000,1781247064.507695913,1781247064.513701916,1781247064.527153254,1781247064.638346672,1781247064.638354778,1781247064.640424013,1781247064.640435934,1781247064.642345428,0.006006,0.013451,0.111193,0.000008,0.002069,0.000012,0.001909,0.134650,1,1,
459,9.180000,9.180000,1781247064.642345428,1781247064.647207022,1781247064.660679817,1781247064.772051573,1781247064.772059441,1781247064.772575378,1781247064.772593737,1781247064.775749445,0.004862,0.013473,0.111372,0.000008,0.000516,0.000018,0.003156,0.133404,1,1,
460,9.200000,9.200000,1781247064.775749445,1781247064.780629396,1781247064.794104338,1781247064.905925751,1781247064.905933380,1781247064.907672882,1781247064.907691479,1781247064.911364555,0.004880,0.013475,0.111821,0.000008,0.001740,0.000019,0.003673,0.135615,1,1,
461,9.220000,9.220000,1781247064.911364555,1781247064.914182663,1781247064.927900791,1781247065.041283131,1781247065.041290283,1781247065.043137789,1781247065.043155670,1781247065.046732903,0.002818,0.013718,0.113382,0.000007,0.001848,0.000018,0.003577,0.135368,1,1,
462,9.240000,9.240000,1781247065.046732903,1781247065.047487497,1781247065.061300039,1781247065.174443245,1781247065.174450636,1781247065.175745964,1781247065.175763369,1781247065.177989721,0.000755,0.013813,0.113143,0.000007,0.001295,0.000017,0.002226,0.131257,1,1,
463,9.260000,9.260000,1781247065.177989721,1781247065.180857658,1781247065.195003748,1781247065.307588816,1781247065.307596684,1781247065.308827400,1781247065.308845997,1781247065.312458038,0.002868,0.014146,0.112585,0.000008,0.001231,0.000019,0.003612,0.134468,1,1,
464,9.280000,9.280000,1781247065.312458038,1781247065.314436674,1781247065.328241110,1781247065.439851284,1781247065.439859152,1781247065.441304922,1781247065.441323757,1781247065.445075750,0.001979,0.013804,0.111610,0.000008,0.001446,0.000019,0.003752,0.132618,1,1,
465,9.300000,9.300000,1781247065.445075750,1781247065.447927237,1781247065.461655617,1781247065.573009014,1781247065.573016644,1781247065.573472977,1781247065.573492289,1781247065.577147484,0.002851,0.013728,0.111353,0.000008,0.000456,0.000019,0.003655,0.132072,1,1,
466,9.320000,9.320000,1781247065.577147484,1781247065.581199884,1781247065.594995260,1781247065.708869934,1781247065.708877325,1781247065.710584164,1781247065.710602283,1781247065.713765860,0.004052,0.013795,0.113875,0.000007,0.001707,0.000018,0.003164,0.136618,1,1,
467,9.340000,9.340000,1781247065.713765860,1781247065.714545012,1781247065.728240013,1781247065.839686632,1781247065.839695454,1781247065.841324329,1781247065.841342926,1781247065.844965458,0.000779,0.013695,0.111447,0.000009,0.001629,0.000019,0.003623,0.131200,1,1,
468,9.360000,9.360000,1781247065.844965458,1781247065.848201752,1781247065.861954212,1781247065.974072218,1781247065.974080801,1781247065.976324320,1781247065.976335526,1781247065.978331327,0.003236,0.013752,0.112118,0.000009,0.002244,0.000011,0.001996,0.133366,1,1,
469,9.380000,9.380000,1781247065.978331327,1781247065.981604099,1781247065.995594025,1781247066.110684633,1781247066.110692501,1781247066.113118887,1781247066.113137960,1781247066.116727352,0.003273,0.013990,0.115091,0.000008,0.002426,0.000019,0.003589,0.138396,1,1,
470,9.400000,9.400000,1781247066.116727352,1781247066.131720304,1781247066.145673513,1781247066.258115768,1781247066.258122921,1781247066.259302139,1781247066.259319544,1781247066.262940407,0.014993,0.013953,0.112442,0.000007,0.001179,0.000017,0.003621,0.146213,1,1,
471,9.420000,9.420000,1781247066.262940407,1781247066.265177011,1781247066.279057503,1781247066.391188145,1781247066.391196012,1781247066.391967535,1781247066.391985893,1781247066.395668030,0.002237,0.013880,0.112131,0.000008,0.000772,0.000018,0.003682,0.132728,1,1,
472,9.440000,9.440000,1781247066.395668030,1781247066.398687840,1781247066.412722349,1781247066.525306940,1781247066.525314569,1781247066.527163982,1781247066.527181625,1781247066.530838251,0.003020,0.014035,0.112585,0.000008,0.001849,0.000018,0.003657,0.135170,1,1,
473,9.460000,9.460000,1781247066.530838251,1781247066.532266378,1781247066.546233416,1781247066.658765793,1781247066.658777237,1781247066.660837889,1781247066.660849810,1781247066.662833929,0.001428,0.013967,0.112532,0.000011,0.002061,0.000012,0.001984,0.131996,1,1,
474,9.480000,9.480000,1781247066.662833929,1781247066.665513515,1781247066.679557323,1781247066.791761875,1781247066.791772604,1781247066.793644905,1781247066.793655872,1781247066.795596123,0.002680,0.014044,0.112205,0.000011,0.001872,0.000011,0.001940,0.132762,1,1,
475,9.500000,9.500000,1781247066.795596123,1781247066.799057245,1781247066.813045979,1781247066.926303387,1781247066.926311255,1781247066.926812887,1781247066.926832914,1781247066.929323673,0.003461,0.013989,0.113257,0.000008,0.000502,0.000020,0.002491,0.133728,1,1,
476,9.520000,9.520000,1781247066.929323673,1781247066.932343483,1781247066.949848652,1781247067.064319372,1781247067.064326763,1781247067.066888094,1781247067.066906452,1781247067.070694923,0.003020,0.017505,0.114471,0.000007,0.002561,0.000018,0.003788,0.141371,1,1,
477,9.540000,9.540000,1781247067.070694923,1781247067.082510948,1781247067.097451687,1781247067.213511705,1781247067.213518858,1781247067.215449810,1781247067.215467691,1781247067.218283415,0.011816,0.014941,0.116060,0.000007,0.001931,0.000018,0.002816,0.147588,1,1,
478,9.560000,9.560000,1781247067.218283415,1781247067.232621193,1781247067.247009039,1781247067.360224724,1781247067.360231638,1781247067.360618830,1781247067.360630035,1781247067.362553596,0.014338,0.014388,0.113216,0.000007,0.000387,0.000011,0.001924,0.144270,1,1,
479,9.580000,9.580000,1781247067.362553596,1781247067.366008282,1781247067.380331278,1781247067.493299723,1781247067.493307114,1781247067.493683338,1781247067.493694544,1781247067.495581388,0.003455,0.014323,0.112968,0.000007,0.000376,0.000011,0.001887,0.133028,1,1,
480,9.600000,9.600000,1781247067.495581388,1781247067.499687433,1781247067.513955355,1781247067.627567530,1781247067.627574682,1781247067.628160477,1781247067.628171682,1781247067.630048513,0.004106,0.014268,0.113612,0.000007,0.000586,0.000011,0.001877,0.134467,1,1,
481,9.620000,9.620000,1781247067.630048513,1781247067.632809877,1781247067.647293329,1781247067.760587931,1781247067.760594845,1781247067.761186600,1781247067.761197329,1781247067.763143778,0.002761,0.014483,0.113295,0.000007,0.000592,0.000011,0.001946,0.133095,1,1,
482,9.640000,9.640000,1781247067.763143778,1781247067.766383886,1781247067.780809879,1781247067.893614531,1781247067.893621683,1781247067.893912554,1781247067.893923998,1781247067.896037817,0.003240,0.014426,0.112805,0.000007,0.000291,0.000011,0.002114,0.132894,1,1,
483,9.660000,9.660000,1781247067.896037817,1781247067.900073767,1781247067.914683819,1781247068.029156208,1781247068.029163599,1781247068.030712605,1781247068.030732393,1781247068.034355879,0.004036,0.014610,0.114472,0.000007,0.001549,0.000020,0.003623,0.138318,1,1,
484,9.680000,9.680000,1781247068.034355879,1781247068.050056934,1781247068.064487934,1781247068.182218790,1781247068.182225466,1781247068.184166431,1781247068.184185028,1781247068.188019037,0.015701,0.014431,0.117731,0.000007,0.001941,0.000019,0.003834,0.153663,1,1,
485,9.700000,9.700000,1781247068.188019037,1781247068.200261116,1781247068.215039015,1781247068.327389956,1781247068.327397346,1781247068.328254223,1781247068.328271866,1781247068.331635714,0.012242,0.014778,0.112351,0.000007,0.000857,0.000018,0.003364,0.143617,1,1,
486,9.720000,9.720000,1781247068.331635714,1781247068.333498955,1781247068.347925901,1781247068.459481716,1781247068.459488869,1781247068.460280895,1781247068.460299492,1781247068.463907242,0.001863,0.014427,0.111556,0.000007,0.000792,0.000019,0.003608,0.132272,1,1,
487,9.740000,9.740000,1781247068.463907242,1781247068.467129946,1781247068.481612206,1781247068.593563795,1781247068.593572378,1781247068.595589399,1781247068.595601082,1781247068.597622633,0.003223,0.014482,0.111952,0.000009,0.002017,0.000012,0.002022,0.133715,1,1,
488,9.760000,9.760000,1781247068.597622633,1781247068.600301266,1781247068.614817858,1781247068.726344347,1781247068.726351500,1781247068.726612568,1781247068.726624012,1781247068.728614092,0.002679,0.014517,0.111526,0.000007,0.000261,0.000011,0.001990,0.130991,1,1,
489,9.780000,9.780000,1781247068.728614092,1781247068.734025240,1781247068.748658895,1781247068.890255690,1781247068.890264273,1781247068.892257214,1781247068.892269135,1781247068.894159317,0.005411,0.014634,0.141597,0.000009,0.001993,0.000012,0.001890,0.165545,1,1,
490,9.800000,9.800000,1781247068.894159317,1781247068.900610447,1781247068.915367842,1781247069.025634527,1781247069.025643110,1781247069.026612997,1781247069.026631594,1781247069.028863907,0.006451,0.014757,0.110267,0.000009,0.000970,0.000019,0.002232,0.134705,1,1,
491,9.820000,9.819999,1781247069.028863907,1781247069.034314156,1781247069.048895836,1781247069.159652233,1781247069.159659863,1781247069.160194874,1781247069.160206318,1781247069.162145138,0.005450,0.014582,0.110756,0.000008,0.000535,0.000011,0.001939,0.133281,1,1,
492,9.840000,9.839999,1781247069.162145138,1781247069.167563200,1781247069.182342768,1781247069.293058872,1781247069.293066740,1781247069.293962955,1781247069.293974638,1781247069.295946121,0.005418,0.014780,0.110716,0.000008,0.000896,0.000012,0.001971,0.133801,1,1,
493,9.860000,9.859999,1781247069.295946121,1781247069.301202536,1781247069.315816879,1781247069.425825596,1781247069.425833941,1781247069.428321838,1781247069.428340197,1781247069.431023598,0.005256,0.014614,0.110009,0.000008,0.002488,0.000018,0.002683,0.135077,1,1,
494,9.880000,9.879999,1781247069.431023598,1781247069.434471369,1781247069.449259281,1781247069.560686588,1781247069.560693264,1781247069.562953234,1781247069.562964678,1781247069.564984798,0.003448,0.014788,0.111427,0.000007,0.002260,0.000011,0.002020,0.133961,1,1,
495,9.900000,9.899999,1781247069.564984798,1781247069.634879589,1781247069.649469376,1781247069.763703108,1781247069.763710499,1781247069.765831232,1781247069.765850782,1781247069.769549131,0.069895,0.014590,0.114234,0.000007,0.002121,0.000020,0.003698,0.204564,1,1,
496,9.920000,9.919999,1781247069.769549131,1781247069.785124779,1781247069.800354004,1781247069.914146662,1781247069.914153576,1781247069.915647745,1781247069.915662289,1781247069.917727470,0.015576,0.015229,0.113793,0.000007,0.001494,0.000015,0.002065,0.148178,1,1,
497,9.940000,9.939999,1781247069.917727470,1781247069.918269873,1781247069.933984756,1781247070.046689749,1781247070.046697140,1781247070.048537254,1781247070.048549175,1781247070.050470352,0.000542,0.015715,0.112705,0.000007,0.001840,0.000012,0.001921,0.132743,1,1,
498,9.960000,9.959999,1781247070.050470352,1781247070.051439285,1781247070.066843748,1781247070.180143833,1781247070.180150986,1781247070.182033777,1781247070.182054758,1781247070.185645103,0.000969,0.015404,0.113300,0.000007,0.001883,0.000021,0.003590,0.135175,1,1,
499,9.980000,9.979999,1781247070.185645103,1781247070.201878071,1781247070.222025394,1781247070.338392258,1781247070.338400602,1781247070.339614868,1781247070.339626312,1781247070.341664076,0.016233,0.020147,0.116367,0.000008,0.001214,0.000011,0.002038,0.156019,1,1,
500,10.000000,9.999999,1781247070.341664076,1781247070.351896286,1781247070.366734266,1781247070.478496075,1781247070.478502989,1781247070.479948521,1781247070.479967594,1781247070.483632803,0.010232,0.014838,0.111762,0.000007,0.001446,0.000019,0.003665,0.141969,1,1,
501,10.020000,10.019999,1781247070.483632803,1781247070.485387802,1781247070.500217438,1781247070.611719847,1781247070.611726761,1781247070.613451242,1781247070.613464355,1781247070.615425825,0.001755,0.014830,0.111502,0.000007,0.001724,0.000013,0.001961,0.131793,1,1,
502,10.040000,10.039999,1781247070.615425825,1781247070.618688345,1781247070.633653879,1781247070.745145082,1781247070.745151758,1781247070.747362375,1781247070.747381210,1781247070.749594212,0.003263,0.014966,0.111491,0.000007,0.002211,0.000019,0.002213,0.134168,1,1,
503,10.060000,10.059999,1781247070.749594212,1781247070.785864115,1781247070.801295519,1781247070.913138628,1781247070.913147211,1781247070.913623095,1781247070.913634062,1781247070.915639877,0.036270,0.015431,0.111843,0.000009,0.000476,0.000011,0.002006,0.166046,1,1,
504,10.080000,10.079999,1781247070.915639877,1781247070.919018269,1781247070.934002161,1781247071.045565605,1781247071.045573473,1781247071.047888756,1781247071.047899961,1781247071.050000906,0.003378,0.014984,0.111563,0.000008,0.002315,0.000011,0.002101,0.134361,1,1,
505,10.100000,10.099999,1781247071.050000906,1781247071.052497625,1781247071.067397356,1781247071.180512428,1781247071.180518866,1781247071.182328224,1781247071.182347059,1781247071.186068296,0.002497,0.014900,0.113115,0.000006,0.001809,0.000019,0.003721,0.136067,1,1,
506,10.120000,10.119999,1781247071.186068296,1781247071.202619076,1781247071.221202135,1781247071.333350897,1781247071.333358765,1781247071.335155487,1781247071.335167408,1781247071.337360859,0.016551,0.018583,0.112149,0.000008,0.001797,0.000012,0.002193,0.151293,1,1,
507,10.140000,10.139999,1781247071.337360859,1781247071.352728367,1781247071.367793083,1781247071.478777647,1781247071.478784800,1781247071.480803251,1781247071.480829000,1781247071.482819796,0.015368,0.015065,0.110985,0.000007,0.002018,0.000026,0.001991,0.145459,1,1,
508,10.160000,10.159999,1781247071.482819796,1781247071.486186504,1781247071.501418352,1781247071.622536182,1781247071.622545958,1781247071.623676062,1781247071.623687983,1781247071.625649214,0.003367,0.015232,0.121118,0.000010,0.001130,0.000012,0.001961,0.142829,1,1,
509,10.180000,10.179999,1781247071.625649214,1781247071.636388540,1781247071.654204607,1781247071.768126011,1781247071.768132925,1781247071.770574093,1781247071.770594835,1781247071.774337769,0.010739,0.017816,0.113921,0.000007,0.002441,0.000021,0.003743,0.148689,1,1,
510,10.200000,10.199999,1781247071.774337769,1781247071.786817551,1781247071.801960707,1781247071.922139406,1781247071.922146797,1781247071.924099922,1781247071.924111843,1781247071.926072359,0.012480,0.015143,0.120179,0.000007,0.001953,0.000012,0.001961,0.151735,1,1,
511,10.220000,10.219999,1781247071.926072359,1781247071.987007380,1781247072.002551794,1781247072.115483284,1781247072.115489960,1781247072.117740870,1781247072.117759705,1781247072.121389389,0.060935,0.015544,0.112931,0.000007,0.002251,0.000019,0.003630,0.195317,1,1,
512,10.240000,10.239999,1781247072.121389389,1781247072.153529167,1781247072.169179916,1781247072.281294584,1781247072.281301737,1781247072.283563614,1781247072.283581495,1781247072.287230253,0.032140,0.015651,0.112115,0.000007,0.002262,0.000018,0.003649,0.165841,1,1,
513,10.260000,10.259999,1781247072.287230253,1781247072.288147688,1781247072.303844452,1781247072.416312695,1781247072.416319847,1781247072.417738676,1781247072.417753696,1781247072.420924187,0.000917,0.015697,0.112468,0.000007,0.001419,0.000015,0.003170,0.133694,1,1,
514,10.280000,10.279999,1781247072.420924187,1781247072.436873436,1781247072.452290535,1781247072.563593626,1781247072.563600540,1781247072.564214468,1781247072.564225674,1781247072.566245794,0.015949,0.015417,0.111303,0.000007,0.000614,0.000011,0.002020,0.145322,1,1,
515,10.300000,10.299999,1781247072.566245794,1781247072.570373058,1781247072.585686207,1781247072.697144985,1781247072.697151899,1781247072.698019266,1781247072.698035002,1781247072.701050043,0.004127,0.015313,0.111459,0.000007,0.000867,0.000016,0.003015,0.134804,1,1,
516,10.320000,10.319999,1781247072.701050043,1781247072.737449646,1781247072.752598047,1781247072.864653111,1781247072.864661455,1781247072.865355492,1781247072.865366697,1781247072.867306232,0.036400,0.015148,0.112055,0.000008,0.000694,0.000011,0.001940,0.166256,1,1,
517,10.340000,10.339999,1781247072.867306232,1781247072.870610237,1781247072.886005878,1781247072.998104572,1781247072.998111725,1781247072.998793364,1781247072.998812437,1781247073.002454042,0.003304,0.015396,0.112099,0.000007,0.000682,0.000019,0.003642,0.135148,1,1,
518,10.360000,10.359999,1781247073.002454042,1781247073.004203320,1781247073.019615650,1781247073.131103754,1781247073.131112337,1781247073.132406712,1781247073.132425308,1781247073.135249615,0.001749,0.015412,0.111488,0.000009,0.001294,0.000019,0.002824,0.132796,1,1,
519,10.380000,10.379999,1781247073.135249615,1781247073.137470722,1781247073.152982235,1781247073.265127420,1781247073.265134573,1781247073.265743732,1781247073.265754223,1781247073.267861366,0.002221,0.015512,0.112145,0.000007,0.000609,0.000010,0.002107,0.132612,1,1,
520,10.400000,10.399999,1781247073.267861366,1781247073.271063566,1781247073.286511898,1781247073.398905516,1781247073.398912430,1781247073.400760174,1781247073.400785923,1781247073.404497147,0.003202,0.015448,0.112394,0.000007,0.001848,0.000026,0.003711,0.136636,1,1,
521,10.420000,10.419999,1781247073.404497147,1781247073.404411554,1781247073.420767784,1781247073.535249233,1781247073.535256386,1781247073.536064863,1781247073.536083221,1781247073.538922548,-0.000086,0.016356,0.114481,0.000007,0.000808,0.000018,0.002839,0.134425,0,1,cycle_order
522,10.440000,10.439999,1781247073.538922548,1781247073.554572344,1781247073.570214033,1781247073.681623220,1781247073.681631088,1781247073.683589935,1781247073.683608055,1781247073.685697079,0.015650,0.015642,0.111409,0.000008,0.001959,0.000018,0.002089,0.146775,1,1,
523,10.460000,10.459999,1781247073.685697079,1781247073.688041449,1781247073.703804493,1781247073.814337254,1781247073.814344168,1781247073.815324068,1781247073.815342665,1781247073.818068027,0.002344,0.015763,0.110533,0.000007,0.000980,0.000019,0.002725,0.132371,1,1,
524,10.480000,10.479999,1781247073.818068027,1781247073.821548939,1781247073.837307930,1781247073.946953058,1781247073.946961880,1781247073.949245691,1781247073.949264288,1781247073.951547623,0.003481,0.015759,0.109645,0.000009,0.002284,0.000019,0.002283,0.133480,1,1,
525,10.500000,10.499999,1781247073.951547623,1781247073.954764843,1781247073.970465899,1781247074.080430508,1781247074.080438852,1781247074.081332684,1781247074.081351280,1781247074.083818674,0.003217,0.015701,0.109965,0.000008,0.000894,0.000019,0.002467,0.132271,1,1,
526,10.520000,10.519999,1781247074.083818674,1781247074.088535070,1781247074.104855299,1781247074.218053341,1781247074.218060493,1781247074.219889641,1781247074.219908237,1781247074.223418474,0.004716,0.016320,0.113198,0.000007,0.001829,0.000019,0.003510,0.139600,1,1,
527,10.540000,10.539999,1781247074.223418474,1781247074.238400698,1781247074.254117489,1781247074.363755941,1781247074.363764048,1781247074.365654230,1781247074.365664959,1781247074.367646933,0.014982,0.015717,0.109638,0.000008,0.001890,0.000011,0.001982,0.144228,1,1,
528,10.560000,10.559999,1781247074.367646933,1781247074.371797562,1781247074.387473106,1781247074.499316454,1781247074.499323606,1781247074.499998093,1781247074.500016689,1781247074.503632069,0.004151,0.015676,0.111843,0.000007,0.000674,0.000019,0.003615,0.135985,1,1,
529,10.580000,10.579999,1781247074.503632069,1781247074.505244970,1781247074.520942688,1781247074.631017208,1781247074.631025076,1781247074.633210897,1781247074.633222103,1781247074.635379553,0.001613,0.015698,0.110075,0.000008,0.002186,0.000011,0.002157,0.131747,1,1,
530,10.600000,10.599999,1781247074.635379553,1781247074.638692856,1781247074.654716730,1781247074.764780521,1781247074.764788628,1781247074.766663313,1781247074.766674995,1781247074.768812180,0.003313,0.016024,0.110064,0.000008,0.001875,0.000012,0.002137,0.133433,1,1,
531,10.620000,10.619999,1781247074.768812180,1781247074.772152662,1781247074.787987232,1781247074.897516012,1781247074.897524118,1781247074.898941278,1781247074.898959637,1781247074.902548552,0.003340,0.015835,0.109529,0.000008,0.001417,0.000018,0.003589,0.133736,1,1,
532,10.640000,10.639999,1781247074.902548552,1781247074.905573606,1781247074.921540260,1781247075.031846762,1781247075.031855106,1781247075.033125401,1781247075.033143282,1781247075.036789417,0.003025,0.015967,0.110307,0.000008,0.001270,0.000018,0.003646,0.134241,1,1,
533,10.660000,10.659999,1781247075.036789417,1781247075.039191246,1781247075.054982901,1781247075.166372538,1781247075.166380405,1781247075.167910099,1781247075.167928934,1781247075.171924591,0.002402,0.015792,0.111390,0.000008,0.001530,0.000019,0.003996,0.135135,1,1,
534,10.680000,10.679999,1781247075.171924591,1781247075.173564672,1781247075.190112114,1781247075.302465677,1781247075.302473068,1781247075.302942753,1781247075.302961349,1781247075.305983305,0.001640,0.016547,0.112354,0.000007,0.000470,0.000019,0.003022,0.134059,1,1,
535,10.700000,10.699999,1781247075.305983305,1781247075.305922270,1781247075.321920872,1781247075.433840275,1781247075.433847189,1781247075.434352875,1781247075.434364080,1781247075.436518908,-0.000061,0.015999,0.111919,0.000007,0.000506,0.000011,0.002155,0.130536,0,1,cycle_order
536,10.720000,10.719999,1781247075.436518908,1781247075.439203739,1781247075.455209732,1781247075.567365408,1781247075.567373514,1781247075.568272114,1781247075.568290710,1781247075.571002007,0.002685,0.016006,0.112156,0.000008,0.000899,0.000019,0.002711,0.134483,1,1,
537,10.740000,10.739999,1781247075.571002007,1781247075.572817564,1781247075.588876724,1781247075.700252771,1781247075.700260401,1781247075.702666521,1781247075.702684879,1781247075.704760790,0.001816,0.016059,0.111376,0.000008,0.002406,0.000018,0.002076,0.133759,1,1,
538,10.760000,10.759999,1781247075.704760790,1781247075.706212759,1781247075.722206831,1781247075.833305836,1781247075.833313465,1781247075.834499836,1781247075.834519625,1781247075.837180853,0.001452,0.015994,0.111099,0.000008,0.001186,0.000020,0.002661,0.132420,1,1,
539,10.780000,10.779999,1781247075.837180853,1781247075.839596510,1781247075.855877399,1781247075.969572544,1781247075.969579935,1781247075.970381260,1781247075.970394373,1781247075.972384930,0.002416,0.016281,0.113695,0.000007,0.000801,0.000013,0.001991,0.135204,1,1,
540,10.800000,10.799999,1781247075.972384930,1781247075.973089933,1781247075.989220142,1781247076.101564646,1781247076.101572037,1781247076.101941347,1781247076.101952314,1781247076.103941441,0.000705,0.016130,0.112345,0.000007,0.000369,0.000011,0.001989,0.131557,1,1,
541,10.820000,10.819999,1781247076.103941441,1781247076.106501818,1781247076.122544050,1781247076.233909130,1781247076.233916759,1781247076.235397816,1781247076.235409737,1781247076.237421989,0.002560,0.016042,0.111365,0.000008,0.001481,0.000012,0.002012,0.133481,1,1,
542,10.840000,10.839999,1781247076.237421989,1781247076.240022182,1781247076.256243467,1781247076.366664171,1781247076.366672277,1781247076.368228436,1781247076.368239880,1781247076.370239496,0.002600,0.016221,0.110421,0.000008,0.001556,0.000011,0.002000,0.132818,1,1,
543,10.860000,10.859999,1781247076.370239496,1781247076.373467684,1781247076.389561415,1781247076.500593662,1781247076.500601292,1781247076.501326561,1781247076.501344681,1781247076.505024672,0.003228,0.016094,0.111032,0.000008,0.000725,0.000018,0.003680,0.134785,1,1,
544,10.880000,10.879999,1781247076.505024672,1781247076.507104397,1781247076.523220062,1781247076.635018587,1781247076.635025740,1781247076.637004375,1781247076.637017965,1781247076.639107227,0.002080,0.016116,0.111799,0.000007,0.001979,0.000014,0.002089,0.134083,1,1,
545,10.900000,10.899999,1781247076.639107227,1781247076.640306473,1781247076.656774044,1781247076.767839432,1781247076.767846823,1781247076.768480778,1781247076.768492222,1781247076.770422697,0.001199,0.016468,0.111065,0.000007,0.000634,0.000011,0.001930,0.131315,1,1,
546,10.920000,10.919999,1781247076.770422697,1781247076.773758888,1781247076.789975405,1781247076.900640965,1781247076.900647879,1781247076.902346134,1781247076.902364731,1781247076.905024767,0.003336,0.016217,0.110666,0.000007,0.001698,0.000019,0.002660,0.134602,1,1,
547,10.940000,10.939999,1781247076.905024767,1781247076.907203913,1781247076.923337221,1781247077.034281254,1781247077.034289360,1781247077.035154104,1781247077.035171509,1781247077.038778543,0.002179,0.016133,0.110944,0.000008,0.000865,0.000017,0.003607,0.133754,1,1,
548,10.960000,10.959999,1781247077.038778543,1781247077.040659904,1781247077.056919813,1781247077.167247534,1781247077.167254925,1781247077.167529821,1781247077.167541742,1781247077.169531584,0.001881,0.016260,0.110328,0.000007,0.000275,0.000012,0.001990,0.130753,1,1,
549,10.980000,10.979999,1781247077.169531584,1781247077.174318075,1781247077.190710068,1781247077.300107718,1781247077.300115824,1781247077.302192926,1781247077.302210808,1781247077.305031538,0.004786,0.016392,0.109398,0.000008,0.002077,0.000018,0.002821,0.135500,1,1,
550,11.000000,10.999999,1781247077.305031538,1781247077.307568550,1781247077.323797464,1781247077.433085918,1781247077.433093548,1781247077.434418678,1781247077.434437990,1781247077.436914921,0.002537,0.016229,0.109288,0.000008,0.001325,0.000019,0.002477,0.131883,1,1,
551,11.020000,11.019999,1781247077.436914921,1781247077.440895081,1781247077.457351685,1781247077.567463875,1781247077.567471981,1781247077.568619967,1781247077.568633080,1781247077.570707560,0.003980,0.016457,0.110112,0.000008,0.001148,0.000013,0.002074,0.133793,1,1,
552,11.040000,11.039999,1781247077.570707560,1781247077.574427128,1781247077.596894503,1781247077.717937708,1781247077.717945814,1781247077.718911171,1781247077.718929291,1781247077.721340656,0.003720,0.022467,0.121043,0.000008,0.000965,0.000018,0.002411,0.150633,1,1,
553,11.060000,11.059999,1781247077.721340656,1781247077.724755049,1781247077.741761684,1781247077.852366447,1781247077.852373838,1781247077.854253769,1781247077.854271412,1781247077.856551886,0.003414,0.017007,0.110605,0.000007,0.001880,0.000018,0.002280,0.135211,1,1,
554,11.080000,11.079999,1781247077.856551886,1781247077.858190060,1781247077.875063658,1781247077.985411644,1781247077.985420227,1781247077.986577511,1781247077.986590862,1781247077.988641024,0.001638,0.016874,0.110348,0.000009,0.001157,0.000013,0.002050,0.132089,1,1,
555,11.100000,11.099999,1781247077.988641024,1781247077.991518259,1781247078.008207560,1781247078.126520872,1781247078.126528263,1781247078.126898527,1781247078.126919985,1781247078.129094124,0.002877,0.016689,0.118313,0.000007,0.000370,0.000021,0.002174,0.140453,1,1,
556,11.120000,11.119999,1781247078.129094124,1781247078.141604185,1781247078.158669472,1781247078.275334597,1781247078.275342941,1781247078.277438641,1781247078.277459860,1781247078.280395269,0.012510,0.017065,0.116665,0.000008,0.002096,0.000021,0.002935,0.151301,1,1,
557,11.140000,11.139999,1781247078.280395269,1781247078.291808367,1781247078.309431076,1781247078.421936035,1781247078.421944380,1781247078.422904253,1781247078.422926664,1781247078.425603390,0.011413,0.017623,0.112505,0.000008,0.000960,0.000022,0.002677,0.145208,1,1,
558,11.160000,11.159999,1781247078.425603390,1781247078.441987753,1781247078.463868141,1781247078.578735113,1781247078.578742981,1781247078.579659939,1781247078.579680681,1781247078.582949877,0.016384,0.021880,0.114867,0.000008,0.000917,0.000021,0.003269,0.157346,1,1,
559,11.180000,11.179999,1781247078.582949877,1781247078.592150211,1781247078.609320164,1781247078.726507664,1781247078.726514578,1781247078.726942301,1781247078.726962328,1781247078.729560852,0.009200,0.017170,0.117188,0.000007,0.000428,0.000020,0.002599,0.146611,1,1,
560,11.200000,11.199999,1781247078.729560852,1781247078.742130518,1781247078.760735512,1781247078.872969151,1781247078.872976542,1781247078.875260592,1781247078.875274420,1781247078.877532721,0.012570,0.018605,0.112234,0.000007,0.002284,0.000014,0.002258,0.147972,1,1,
561,11.220000,11.219999,1781247078.877532721,1781247078.892282009,1781247078.909431219,1781247079.021590710,1781247079.021597862,1781247079.023017406,1781247079.023034334,1781247079.026487350,0.014749,0.017149,0.112159,0.000007,0.001420,0.000017,0.003453,0.148955,1,1,
562,11.240000,11.239999,1781247079.026487350,1781247079.042342901,1781247079.059218168,1781247079.171026945,1781247079.171034336,1781247079.171300173,1781247079.171312332,1781247079.173292398,0.015856,0.016875,0.111809,0.000007,0.000266,0.000012,0.001980,0.146805,1,1,
563,11.260000,11.259999,1781247079.173292398,1781247079.175619841,1781247079.192844868,1781247079.304257631,1781247079.304264784,1781247079.306210279,1781247079.306251526,1781247079.308348656,0.002327,0.017225,0.111413,0.000007,0.001945,0.000041,0.002097,0.135056,1,1,
564,11.280000,11.279999,1781247079.308348656,1781247079.309032440,1781247079.325942755,1781247079.436869144,1781247079.436876059,1781247079.438695192,1781247079.438715696,1781247079.442326546,0.000684,0.016910,0.110926,0.000007,0.001819,0.000021,0.003611,0.133978,1,1,
565,11.300000,11.299999,1781247079.442326546,1781247079.442663670,1781247079.459398746,1781247079.570302010,1781247079.570309401,1781247079.571563005,1781247079.571581125,1781247079.575202465,0.000337,0.016735,0.110903,0.000007,0.001254,0.000018,0.003621,0.132876,1,1,
566,11.320000,11.319999,1781247079.575202465,1781247079.576192617,1781247079.593069553,1781247079.704985142,1781247079.704992533,1781247079.705631018,1781247079.705648899,1781247079.709255695,0.000990,0.016877,0.111916,0.000007,0.000638,0.000018,0.003607,0.134053,1,1,
567,11.340000,11.339999,1781247079.709255695,1781247079.709529638,1781247079.726468563,1781247079.837891579,1781247079.837899446,1781247079.840042353,1781247079.840054274,1781247079.841986656,0.000274,0.016939,0.111423,0.000008,0.002143,0.000012,0.001932,0.132731,1,1,
568,11.360000,11.359999,1781247079.841986656,1781247079.843185425,1781247079.860262632,1781247079.971725464,1781247079.971733332,1781247079.973159313,1781247079.973178148,1781247079.976559877,0.001199,0.017077,0.111463,0.000008,0.001426,0.000019,0.003382,0.134573,1,1,
569,11.380000,11.379999,1781247079.976559877,1781247079.993192911,1781247080.010310650,1781247080.121419430,1781247080.121427774,1781247080.123227358,1781247080.123238087,1781247080.125159979,0.016633,0.017118,0.111109,0.000008,0.001800,0.000011,0.001922,0.148600,1,1,
570,11.400000,11.399999,1781247080.125159979,1781247080.126516819,1781247080.143522978,1781247080.254671097,1781247080.254678965,1781247080.256421328,1781247080.256440163,1781247080.260154009,0.001357,0.017006,0.111148,0.000008,0.001742,0.000019,0.003714,0.134994,1,1,
571,11.420000,11.419999,1781247080.260154009,1781247080.276824474,1781247080.293886662,1781247080.404183388,1781247080.404191971,1781247080.406034231,1781247080.406052113,1781247080.408472061,0.016670,0.017062,0.110297,0.000009,0.001842,0.000018,0.002420,0.148318,1,1,
572,11.440000,11.439999,1781247080.408472061,1781247080.410215139,1781247080.427222729,1781247080.538709164,1781247080.538717031,1781247080.539528131,1781247080.539545536,1781247080.541865826,0.001743,0.017008,0.111486,0.000008,0.000811,0.000017,0.002320,0.133394,1,1,
573,11.460000,11.459999,1781247080.541865826,1781247080.543470621,1781247080.560574055,1781247080.671895504,1781247080.671903849,1781247080.672532797,1781247080.672551394,1781247080.676301241,0.001605,0.017103,0.111321,0.000008,0.000629,0.000019,0.003750,0.134435,1,1,
574,11.480000,11.479999,1781247080.676301241,1781247080.677141666,1781247080.694316387,1781247080.804898262,1781247080.804905891,1781247080.806498051,1781247080.806515932,1781247080.809647799,0.000840,0.017175,0.110582,0.000008,0.001592,0.000018,0.003132,0.133347,1,1,
575,11.500000,11.499999,1781247080.809647799,1781247080.810417175,1781247080.827607870,1781247080.937576294,1781247080.937584162,1781247080.938298225,1781247080.938316345,1781247080.941942692,0.000769,0.017191,0.109968,0.000008,0.000714,0.000018,0.003626,0.132295,1,1,
576,11.520000,11.519999,1781247080.941942692,1781247080.944057226,1781247080.961341381,1781247081.070305347,1781247081.070314169,1781247081.072625399,1781247081.072643042,1781247081.075749159,0.002115,0.017284,0.108964,0.000009,0.002311,0.000018,0.003106,0.133806,1,1,
577,11.540000,11.539999,1781247081.075749159,1781247081.077325583,1781247081.094642162,1781247081.205582142,1781247081.205589533,1781247081.206841230,1781247081.206860065,1781247081.209360123,0.001576,0.017317,0.110940,0.000007,0.001252,0.000019,0.002500,0.133611,1,1,
578,11.560000,11.559999,1781247081.209360123,1781247081.210763454,1781247081.228036880,1781247081.337291956,1781247081.337299824,1781247081.337943792,1781247081.337961435,1781247081.341562271,0.001403,0.017273,0.109255,0.000008,0.000644,0.000018,0.003601,0.132202,1,1,
579,11.580000,11.579999,1781247081.341562271,1781247081.344122887,1781247081.361594439,1781247081.471393585,1781247081.471401930,1781247081.473202705,1781247081.473221540,1781247081.476768255,0.002561,0.017472,0.109799,0.000008,0.001801,0.000019,0.003547,0.135206,1,1,
580,11.600000,11.599999,1781247081.476768255,1781247081.477623463,1781247081.495025396,1781247081.604920149,1781247081.604927540,1781247081.607080460,1781247081.607097387,1781247081.610069036,0.000855,0.017402,0.109895,0.000007,0.002153,0.000017,0.002972,0.133301,1,1,
581,11.620000,11.619999,1781247081.610069036,1781247081.611279964,1781247081.628667831,1781247081.738374233,1781247081.738382578,1781247081.739541292,1781247081.739560127,1781247081.741706133,0.001211,0.017388,0.109706,0.000008,0.001159,0.000019,0.002146,0.131637,1,1,
582,11.640000,11.639999,1781247081.741706133,1781247081.744514704,1781247081.761970520,1781247081.871939421,1781247081.871947050,1781247081.874106884,1781247081.874124765,1781247081.877808809,0.002809,0.017456,0.109969,0.000008,0.002160,0.000018,0.003684,0.136103,1,1,
583,11.660000,11.659999,1781247081.877808809,1781247081.878143072,1781247081.895660639,1781247082.006911039,1781247082.006918669,1781247082.008706093,1781247082.008723736,1781247082.012398243,0.000334,0.017518,0.111250,0.000008,0.001787,0.000018,0.003675,0.134589,1,1,
584,11.680000,11.679999,1781247082.012398243,1781247082.028141499,1781247082.045974970,1781247082.156393051,1781247082.156400442,1781247082.158603668,1781247082.158620834,1781247082.160706043,0.015743,0.017833,0.110418,0.000007,0.002203,0.000017,0.002085,0.148308,1,1,
585,11.700000,11.699999,1781247082.160706043,1781247082.161381006,1781247082.178913116,1781247082.289409876,1781247082.289416790,1781247082.289833784,1781247082.289851427,1781247082.292309523,0.000675,0.017532,0.110497,0.000007,0.000417,0.000018,0.002458,0.131603,1,1,
586,11.720000,11.719999,1781247082.292309523,1781247082.295152426,1781247082.312654734,1781247082.423417568,1781247082.423424959,1781247082.424237967,1781247082.424255848,1781247082.427910089,0.002843,0.017502,0.110763,0.000007,0.000813,0.000018,0.003654,0.135601,1,1,
587,11.740000,11.739999,1781247082.427910089,1781247082.428367853,1781247082.446226120,1781247082.556547642,1781247082.556554794,1781247082.556879520,1781247082.556898594,1781247082.559858799,0.000458,0.017858,0.110322,0.000007,0.000325,0.000019,0.002960,0.131949,1,1,
588,11.760000,11.759999,1781247082.559858799,1781247082.561853886,1781247082.583637953,1781247082.693749905,1781247082.693757772,1781247082.695142746,1781247082.695154905,1781247082.697195053,0.001995,0.021784,0.110112,0.000008,0.001385,0.000012,0.002040,0.137336,1,1,
589,11.780000,11.779999,1781247082.697195053,1781247082.712086439,1781247082.729651690,1781247082.840071440,1781247082.840079069,1781247082.840914965,1781247082.840933084,1781247082.843913078,0.014891,0.017565,0.110420,0.000008,0.000836,0.000018,0.002980,0.146718,1,1,
590,11.800000,11.799999,1781247082.843913078,1781247082.845376253,1781247082.862866163,1781247082.974129200,1781247082.974136591,1781247082.976118326,1781247082.976135969,1781247082.978753328,0.001463,0.017490,0.111263,0.000007,0.001982,0.000018,0.002617,0.134840,1,1,
591,11.820000,11.819999,1781247082.978753328,1781247082.978832722,1781247082.997836351,1781247083.107718229,1781247083.107726574,1781247083.109804869,1781247083.109823227,1781247083.112881660,0.000079,0.019004,0.109882,0.000008,0.002078,0.000018,0.003058,0.134128,1,1,
592,11.840000,11.839999,1781247083.112881660,1781247083.113038063,1781247083.136905432,1781247083.246167898,1781247083.246174812,1781247083.247988462,1781247083.248005867,1781247083.251743793,0.000156,0.023867,0.109262,0.000007,0.001814,0.000017,0.003738,0.138862,1,1,
593,11.860000,11.859999,1781247083.251743793,1781247083.262488365,1781247083.281508446,1781247083.390245676,1781247083.390252829,1781247083.391444683,1781247083.391462803,1781247083.395083666,0.010745,0.019020,0.108737,0.000007,0.001192,0.000018,0.003621,0.143340,1,1,
594,11.880000,11.879999,1781247083.395083666,1781247083.395796537,1781247083.413762808,1781247083.523585796,1781247083.523593426,1781247083.524265051,1781247083.524283409,1781247083.527884960,0.000713,0.017966,0.109823,0.000008,0.000672,0.000018,0.003602,0.132801,1,1,
595,11.900000,11.899999,1781247083.527884960,1781247083.529213667,1781247083.547676325,1781247083.656557322,1781247083.656564236,1781247083.657501698,1781247083.657521486,1781247083.660330057,0.001329,0.018463,0.108881,0.000007,0.000937,0.000020,0.002809,0.132445,1,1,
596,11.920000,11.919999,1781247083.660330057,1781247083.662774324,1781247083.680799961,1781247083.790586472,1781247083.790594339,1781247083.791379452,1781247083.791398764,1781247083.794118881,0.002444,0.018026,0.109787,0.000008,0.000785,0.000019,0.002720,0.133789,1,1,
597,11.940000,11.939999,1781247083.794118881,1781247083.796197653,1781247083.814059496,1781247083.924098730,1781247083.924107552,1781247083.926641464,1781247083.926660538,1781247083.929905415,0.002079,0.017862,0.110039,0.000009,0.002534,0.000019,0.003245,0.135787,1,1,
598,11.960000,11.959999,1781247083.929905415,1781247083.946341276,1781247083.964477301,1781247084.077095270,1781247084.077102900,1781247084.079105139,1781247084.079123020,1781247084.082860947,0.016436,0.018136,0.112618,0.000008,0.002002,0.000018,0.003738,0.152956,1,1,
599,11.980000,11.979999,1781247084.082860947,1781247084.096581459,1781247084.114898682,1781247084.227651119,1781247084.227658749,1781247084.228690863,1781247084.228708982,,0.013721,0.018317,0.112752,0.000008,0.001032,0.000018,,,1,1,
