macro_frame,sim_time_mjc,sim_time_xpbd,t1_utc,t1w_utc,t2_utc,t3_utc,t_force_utc,t4_utc,t_step_utc,t1_next_utc,dt_t1_t1w,dt_t1w_t2,dt_t2_t3,dt_t3_tforce,dt_tforce_t4,dt_t4_tstep,dt_tstep_t1next,dt_t1_t1next,cycle_order_ok,paired,note
0,0.000000,0.000000,1781247300.440411329,1781247301.241489172,1781247301.241817951,1781247301.319979668,1781247301.319985628,1781247301.322596550,1781247301.322619915,1781247301.326196671,0.801078,0.000329,0.078162,0.000006,0.002611,0.000023,0.003577,0.885785,1,1,
1,0.020000,0.020000,1781247301.326196671,1781247301.342849016,1781247301.343310833,1781247301.445095778,1781247301.445102930,1781247301.445814371,1781247301.445836306,1781247301.449353695,0.016652,0.000462,0.101785,0.000007,0.000711,0.000022,0.003517,0.123157,1,1,
2,0.040000,0.040000,1781247301.449353695,1781247301.458248615,1781247301.458608150,1781247301.573903322,1781247301.573909283,1781247301.575144529,1781247301.575155735,1781247301.577297688,0.008895,0.000360,0.115295,0.000006,0.001235,0.000011,0.002142,0.127944,1,1,
3,0.060000,0.060000,1781247301.577297688,1781247301.591634989,1781247301.592019081,1781247301.706022501,1781247301.706029892,1781247301.708034277,1781247301.708047152,1781247301.709995508,0.014337,0.000384,0.114003,0.000007,0.002004,0.000013,0.001948,0.132698,1,1,
4,0.080000,0.080000,1781247301.709995508,1781247301.725090265,1781247301.725505114,1781247301.840248346,1781247301.840254307,1781247301.841272354,1781247301.841285229,1781247301.843123198,0.015095,0.000415,0.114743,0.000006,0.001018,0.000013,0.001838,0.133128,1,1,
5,0.100000,0.100000,1781247301.843123198,1781247301.858605862,1781247301.859052658,1781247301.974020004,1781247301.974027157,1781247301.975274801,1781247301.975296259,1781247301.978638172,0.015483,0.000447,0.114967,0.000007,0.001248,0.000021,0.003342,0.135515,1,1,
6,0.120000,0.120000,1781247301.978638172,1781247301.993470192,1781247301.993965387,1781247302.107645273,1781247302.107651472,1781247302.109748363,1781247302.109767437,1781247302.113162756,0.014832,0.000495,0.113680,0.000006,0.002097,0.000019,0.003395,0.134525,1,1,
7,0.140000,0.140000,1781247302.113162756,1781247302.125460386,1781247302.125958681,1781247302.240058184,1781247302.240066051,1781247302.241020918,1781247302.241034269,1781247302.242877483,0.012298,0.000498,0.114100,0.000008,0.000955,0.000013,0.001843,0.129715,1,1,
8,0.160000,0.160000,1781247302.242877483,1781247302.258901358,1781247302.259421587,1781247302.374301195,1781247302.374306917,1781247302.376085043,1781247302.376100302,1781247302.378105640,0.016024,0.000520,0.114880,0.000006,0.001778,0.000015,0.002005,0.135228,1,1,
9,0.180000,0.180000,1781247302.378105640,1781247302.392354965,1781247302.392911673,1781247302.507346153,1781247302.507353783,1781247302.509400845,1781247302.509412766,1781247302.511257887,0.014249,0.000557,0.114434,0.000008,0.002047,0.000012,0.001845,0.133152,1,1,
10,0.200000,0.200000,1781247302.511257887,1781247302.525812149,1781247302.526383162,1781247302.640041113,1781247302.640047550,1781247302.641876221,1781247302.641895533,1781247302.645452023,0.014554,0.000571,0.113658,0.000006,0.001829,0.000019,0.003556,0.134194,1,1,
11,0.220000,0.220000,1781247302.645452023,1781247302.659196615,1781247302.659823179,1781247302.773457766,1781247302.773465157,1781247302.774801493,1781247302.774818659,1781247302.777722597,0.013745,0.000627,0.113635,0.000007,0.001336,0.000017,0.002904,0.132271,1,1,
12,0.240000,0.240000,1781247302.777722597,1781247302.794035912,1781247302.794969320,1781247302.910499811,1781247302.910505772,1781247302.912757158,1781247302.912780523,1781247302.916271687,0.016313,0.000933,0.115530,0.000006,0.002251,0.000023,0.003491,0.138549,1,1,
13,0.260000,0.260000,1781247302.916271687,1781247302.926091433,1781247302.926749229,1781247303.040169001,1781247303.040177107,1781247303.042014360,1781247303.042033434,1781247303.045314074,0.009820,0.000658,0.113420,0.000008,0.001837,0.000019,0.003281,0.129042,1,1,
14,0.280000,0.280000,1781247303.045314074,1781247303.059485912,1781247303.060186386,1781247303.175223112,1781247303.175229073,1781247303.175768614,1781247303.175791502,1781247303.179291964,0.014172,0.000700,0.115037,0.000006,0.000540,0.000023,0.003500,0.133978,1,1,
15,0.300000,0.300000,1781247303.179291964,1781247303.194285393,1781247303.195007324,1781247303.309849739,1781247303.309857130,1781247303.310518980,1781247303.310536146,1781247303.312691689,0.014993,0.000722,0.114842,0.000007,0.000662,0.000017,0.002156,0.133400,1,1,
16,0.320000,0.320000,1781247303.312691689,1781247303.326402187,1781247303.327148914,1781247303.442532301,1781247303.442538261,1781247303.443468332,1781247303.443480492,1781247303.445434809,0.013710,0.000747,0.115383,0.000006,0.000930,0.000012,0.001954,0.132743,1,1,
17,0.340000,0.340000,1781247303.445434809,1781247303.510286808,1781247303.511058569,1781247303.626435995,1781247303.626442909,1781247303.628091812,1781247303.628111839,1781247303.631656170,0.064852,0.000772,0.115377,0.000007,0.001649,0.000020,0.003544,0.186221,1,1,
18,0.360000,0.360000,1781247303.631656170,1781247303.643317461,1781247303.644136667,1781247303.759116888,1781247303.759122610,1781247303.759856701,1781247303.759876013,1781247303.763260841,0.011661,0.000819,0.114980,0.000006,0.000734,0.000019,0.003385,0.131605,1,1,
19,0.380000,0.380000,1781247303.763260841,1781247303.776793242,1781247303.777635098,1781247303.891646385,1781247303.891653299,1781247303.892804384,1781247303.892827749,1781247303.895302057,0.013532,0.000842,0.114011,0.000007,0.001151,0.000023,0.002474,0.132041,1,1,
20,0.400000,0.400000,1781247303.895302057,1781247303.910288095,1781247303.911147833,1781247304.024315596,1781247304.024322033,1781247304.025268316,1781247304.025286436,1781247304.027904272,0.014986,0.000860,0.113168,0.000006,0.000946,0.000018,0.002618,0.132602,1,1,
21,0.420000,0.420000,1781247304.027904272,1781247304.043940544,1781247304.044818401,1781247304.160397530,1781247304.160405159,1781247304.162813425,1781247304.162831783,1781247304.166278362,0.016036,0.000878,0.115579,0.000008,0.002408,0.000018,0.003447,0.138374,1,1,
22,0.440000,0.440000,1781247304.166278362,1781247304.177185535,1781247304.178118706,1781247304.292822361,1781247304.292829037,1781247304.293696404,1781247304.293711424,1781247304.295714855,0.010907,0.000933,0.114704,0.000007,0.000867,0.000015,0.002003,0.129436,1,1,
23,0.460000,0.460000,1781247304.295714855,1781247304.310553551,1781247304.311504841,1781247304.425070286,1781247304.425077915,1781247304.425983667,1781247304.425995350,1781247304.427855968,0.014839,0.000951,0.113565,0.000008,0.000906,0.000012,0.001861,0.132141,1,1,
24,0.480000,0.480000,1781247304.427855968,1781247304.460979939,1781247304.461935759,1781247304.576993227,1781247304.576999187,1781247304.578754663,1781247304.578778505,1781247304.581240416,0.033124,0.000956,0.115057,0.000006,0.001755,0.000024,0.002462,0.153384,1,1,
25,0.500000,0.500000,1781247304.581240416,1781247304.594145775,1781247304.595156908,1781247304.709884405,1781247304.709891796,1781247304.711143255,1781247304.711162329,1781247304.713466167,0.012905,0.001011,0.114727,0.000007,0.001251,0.000019,0.002304,0.132226,1,1,
26,0.520000,0.520000,1781247304.713466167,1781247304.727618456,1781247304.728631258,1781247304.843130112,1781247304.843136549,1781247304.843507767,1781247304.843525648,1781247304.846998930,0.014152,0.001013,0.114499,0.000006,0.000371,0.000018,0.003473,0.133533,1,1,
27,0.540000,0.540000,1781247304.846998930,1781247304.861022949,1781247304.862102032,1781247304.976500273,1781247304.976507902,1781247304.976855993,1781247304.976874828,1781247304.980381966,0.014024,0.001079,0.114398,0.000008,0.000348,0.000019,0.003507,0.133383,1,1,
28,0.560000,0.560000,1781247304.980381966,1781247304.994517326,1781247304.995763302,1781247305.110274315,1781247305.110280752,1781247305.111941814,1781247305.111961842,1781247305.115405560,0.014135,0.001246,0.114511,0.000006,0.001661,0.000020,0.003444,0.135024,1,1,
29,0.580000,0.580000,1781247305.115405560,1781247305.127958775,1781247305.129087210,1781247305.243986607,1781247305.243993759,1781247305.244309664,1781247305.244328022,1781247305.247102022,0.012553,0.001128,0.114899,0.000007,0.000316,0.000018,0.002774,0.131696,1,1,
30,0.600000,0.600000,1781247305.247102022,1781247305.261367798,1781247305.262529373,1781247305.376559019,1781247305.376565933,1781247305.377529144,1781247305.377547264,1781247305.380054235,0.014266,0.001162,0.114030,0.000007,0.000963,0.000018,0.002507,0.132952,1,1,
31,0.620000,0.620000,1781247305.380054235,1781247305.394837856,1781247305.396020889,1781247305.511136532,1781247305.511144400,1781247305.511614323,1781247305.511634350,1781247305.514296770,0.014784,0.001183,0.115116,0.000008,0.000470,0.000020,0.002662,0.134243,1,1,
32,0.640000,0.640000,1781247305.514296770,1781247305.528288841,1781247305.529501200,1781247305.645181417,1781247305.645187616,1781247305.645490646,1781247305.645503283,1781247305.647396564,0.013992,0.001212,0.115680,0.000006,0.000303,0.000013,0.001893,0.133100,1,1,
33,0.660000,0.660000,1781247305.647396564,1781247305.661677122,1781247305.662885904,1781247305.779195786,1781247305.779202700,1781247305.779819012,1781247305.779843092,1781247305.781710625,0.014281,0.001209,0.116310,0.000007,0.000616,0.000024,0.001868,0.134314,1,1,
34,0.680000,0.680000,1781247305.781710625,1781247305.795143366,1781247305.796422243,1781247305.910518885,1781247305.910525799,1781247305.911514521,1781247305.911526918,1781247305.913387537,0.013433,0.001279,0.114097,0.000007,0.000989,0.000012,0.001861,0.131677,1,1,
35,0.700000,0.700000,1781247305.913387537,1781247305.928583145,1781247305.929869652,1781247306.044942856,1781247306.044950724,1781247306.046835184,1781247306.046860695,1781247306.048950672,0.015196,0.001287,0.115073,0.000008,0.001884,0.000026,0.002090,0.135563,1,1,
36,0.720000,0.720000,1781247306.048950672,1781247306.062343836,1781247306.063904047,1781247306.178725958,1781247306.178731203,1781247306.179278374,1781247306.179297686,1781247306.182732582,0.013393,0.001560,0.114822,0.000005,0.000547,0.000019,0.003435,0.133782,1,1,
37,0.740000,0.740000,1781247306.182732582,1781247306.195432186,1781247306.196767092,1781247306.311194181,1781247306.311202288,1781247306.312148333,1781247306.312160492,1781247306.314154387,0.012700,0.001335,0.114427,0.000008,0.000946,0.000012,0.001994,0.131422,1,1,
38,0.760000,0.760000,1781247306.314154387,1781247306.328884840,1781247306.330257893,1781247306.444475174,1781247306.444481373,1781247306.447057009,1781247306.447069883,1781247306.448879957,0.014730,0.001373,0.114217,0.000006,0.002576,0.000013,0.001810,0.134726,1,1,
39,0.780000,0.780000,1781247306.448879957,1781247306.462368965,1781247306.463760376,1781247306.577339649,1781247306.577346563,1781247306.579519272,1781247306.579538345,1781247306.581547737,0.013489,0.001391,0.113579,0.000007,0.002173,0.000019,0.002009,0.132668,1,1,
40,0.800000,0.800000,1781247306.581547737,1781247306.597030878,1781247306.598554134,1781247306.712808371,1781247306.712814331,1781247306.713911057,1781247306.713929892,1781247306.717024326,0.015483,0.001523,0.114254,0.000006,0.001097,0.000019,0.003094,0.135477,1,1,
41,0.820000,0.820000,1781247306.717024326,1781247306.729190350,1781247306.730676651,1781247306.845125914,1781247306.845133066,1781247306.846364498,1781247306.846384287,1781247306.848599911,0.012166,0.001486,0.114449,0.000007,0.001231,0.000020,0.002216,0.131576,1,1,
42,0.840000,0.840000,1781247306.848599911,1781247306.862608910,1781247306.864100456,1781247306.978781223,1781247306.978787661,1781247306.980290890,1781247306.980309248,1781247306.983754635,0.014009,0.001492,0.114681,0.000006,0.001503,0.000018,0.003445,0.135155,1,1,
43,0.860000,0.860000,1781247306.983754635,1781247306.996423244,1781247306.998343706,1781247307.112848043,1781247307.112854958,1781247307.115182877,1781247307.115200996,1781247307.118661165,0.012669,0.001920,0.114504,0.000007,0.002328,0.000018,0.003460,0.134907,1,1,
44,0.880000,0.880000,1781247307.118661165,1781247307.129588366,1781247307.131727934,1781247307.248742580,1781247307.248748541,1781247307.249336004,1781247307.249355555,1781247307.251957417,0.010927,0.002140,0.117015,0.000006,0.000587,0.000020,0.002602,0.133296,1,1,
45,0.900000,0.900000,1781247307.251957417,1781247307.263039351,1781247307.264604092,1781247307.378773689,1781247307.378780365,1781247307.379518509,1781247307.379529953,1781247307.381748676,0.011082,0.001565,0.114170,0.000007,0.000738,0.000011,0.002219,0.129791,1,1,
46,0.920000,0.920000,1781247307.381748676,1781247307.396473646,1781247307.398113966,1781247307.513528824,1781247307.513534784,1781247307.514670134,1781247307.514683247,1781247307.516576767,0.014725,0.001640,0.115415,0.000006,0.001135,0.000013,0.001894,0.134828,1,1,
47,0.940000,0.940000,1781247307.516576767,1781247307.529937267,1781247307.531602621,1781247307.646363735,1781247307.646370649,1781247307.648302794,1781247307.648322582,1781247307.651940107,0.013361,0.001665,0.114761,0.000007,0.001932,0.000020,0.003618,0.135363,1,1,
48,0.960000,0.960000,1781247307.651940107,1781247307.663423300,1781247307.665734768,1781247307.783061743,1781247307.783067703,1781247307.783337116,1781247307.783356905,1781247307.785949707,0.011483,0.002311,0.117327,0.000006,0.000269,0.000020,0.002593,0.134010,1,1,
49,0.980000,0.980000,1781247307.785949707,1781247307.798130274,1781247307.799805641,1781247307.913706779,1781247307.913714170,1781247307.916076660,1781247307.916098118,1781247307.919611692,0.012181,0.001675,0.113901,0.000007,0.002362,0.000021,0.003514,0.133662,1,1,
50,1.000000,1.000000,1781247307.919611692,1781247307.930226088,1781247307.931950092,1781247308.046353579,1781247308.046359777,1781247308.047198534,1781247308.047211409,1781247308.049207449,0.010614,0.001724,0.114403,0.000006,0.000839,0.000013,0.001996,0.129596,1,1,
51,1.020000,1.019999,1781247308.049207449,1781247308.064979553,1781247308.067404985,1781247308.183368921,1781247308.183376551,1781247308.183831692,1781247308.183851242,1781247308.187367678,0.015772,0.002425,0.115964,0.000008,0.000455,0.000020,0.003516,0.138160,1,1,
52,1.040000,1.039999,1781247308.187367678,1781247308.197093010,1781247308.198874474,1781247308.314232111,1781247308.314237833,1781247308.315928221,1781247308.315940380,1781247308.317848921,0.009725,0.001781,0.115358,0.000006,0.001690,0.000012,0.001909,0.130481,1,1,
53,1.060000,1.059999,1781247308.317848921,1781247308.414516449,1781247308.416363001,1781247308.530986786,1781247308.530994892,1781247308.533684731,1781247308.533704519,1781247308.537211657,0.096668,0.001847,0.114624,0.000008,0.002690,0.000020,0.003507,0.219363,1,1,
54,1.080000,1.079999,1781247308.537211657,1781247308.547429800,1781247308.549245358,1781247308.664043427,1781247308.664048910,1781247308.664952040,1781247308.664969683,1781247308.667875051,0.010218,0.001816,0.114798,0.000005,0.000903,0.000018,0.002905,0.130663,1,1,
55,1.100000,1.099999,1781247308.667875051,1781247308.680798531,1781247308.682625771,1781247308.796588182,1781247308.796595812,1781247308.798009396,1781247308.798023462,1781247308.800201178,0.012923,0.001827,0.113962,0.000008,0.001414,0.000014,0.002178,0.132326,1,1,
56,1.120000,1.119999,1781247308.800201178,1781247308.814252853,1781247308.816127777,1781247308.930864811,1781247308.930870771,1781247308.932903528,1781247308.932921886,1781247308.936323166,0.014052,0.001875,0.114737,0.000006,0.002033,0.000018,0.003401,0.136122,1,1,
57,1.140000,1.139999,1781247308.936323166,1781247308.947773218,1781247308.949641705,1781247309.058853865,1781247309.058861256,1781247309.061019659,1781247309.061030865,1781247309.062978983,0.011450,0.001868,0.109212,0.000007,0.002158,0.000011,0.001948,0.126656,1,1,
58,1.160000,1.159999,1781247309.062978983,1781247309.064408064,1781247309.066324234,1781247309.175180197,1781247309.175186396,1781247309.176719904,1781247309.176738262,1781247309.179778576,0.001429,0.001916,0.108856,0.000006,0.001534,0.000018,0.003040,0.116800,1,1,
59,1.180000,1.179999,1781247309.179778576,1781247309.181144238,1781247309.183073521,1781247309.291481495,1781247309.291489363,1781247309.292586565,1781247309.292603970,1781247309.296051264,0.001366,0.001929,0.108408,0.000008,0.001097,0.000017,0.003447,0.116273,1,1,
60,1.200000,1.199999,1781247309.296051264,1781247309.298009157,1781247309.299960613,1781247309.409064531,1781247309.409070730,1781247309.410272360,1781247309.410290003,1781247309.413508654,0.001958,0.001951,0.109104,0.000006,0.001202,0.000018,0.003219,0.117457,1,1,
61,1.220000,1.219999,1781247309.413508654,1781247309.414940357,1781247309.417080164,1781247309.525490999,1781247309.525498629,1781247309.527323484,1781247309.527341843,1781247309.529588699,0.001432,0.002140,0.108411,0.000008,0.001825,0.000018,0.002247,0.116080,1,1,
62,1.240000,1.239999,1781247309.529588699,1781247309.532664537,1781247309.534823656,1781247309.651405096,1781247309.651412010,1781247309.652654409,1781247309.652666330,1781247309.654685974,0.003076,0.002159,0.116581,0.000007,0.001242,0.000012,0.002020,0.125097,1,1,
63,1.260000,1.259999,1781247309.654685974,1781247309.665131330,1781247309.667273283,1781247309.780745983,1781247309.780752897,1781247309.782562494,1781247309.782574415,1781247309.784452200,0.010445,0.002142,0.113473,0.000007,0.001810,0.000012,0.001878,0.129766,1,1,
64,1.280000,1.279999,1781247309.784452200,1781247309.798357248,1781247309.800451040,1781247309.914342403,1781247309.914348602,1781247309.916301012,1781247309.916320086,1781247309.919798613,0.013905,0.002094,0.113891,0.000006,0.001952,0.000019,0.003479,0.135346,1,1,
65,1.300000,1.299999,1781247309.919798613,1781247309.932138681,1781247309.935153723,1781247310.053347349,1781247310.053354979,1781247310.054040909,1781247310.054061174,1781247310.056967258,0.012340,0.003015,0.118194,0.000008,0.000686,0.000020,0.002906,0.137169,1,1,
66,1.320000,1.319999,1781247310.056967258,1781247310.065264702,1781247310.067399263,1781247310.181109667,1781247310.181115627,1781247310.181756020,1781247310.181792498,1781247310.183760405,0.008297,0.002135,0.113710,0.000006,0.000640,0.000036,0.001968,0.126793,1,1,
67,1.340000,1.339999,1781247310.183760405,1781247310.198816299,1781247310.201030254,1781247310.314160109,1781247310.314168215,1781247310.315361023,1781247310.315372944,1781247310.317527056,0.015056,0.002214,0.113130,0.000008,0.001193,0.000012,0.002154,0.133767,1,1,
68,1.360000,1.359999,1781247310.317527056,1781247310.332205296,1781247310.334406853,1781247310.448128223,1781247310.448134184,1781247310.448315620,1781247310.448327780,1781247310.450253963,0.014678,0.002202,0.113721,0.000006,0.000181,0.000012,0.001926,0.132727,1,1,
69,1.380000,1.379999,1781247310.450253963,1781247310.465570450,1781247310.467843771,1781247310.581536770,1781247310.581543684,1781247310.582473755,1781247310.582485199,1781247310.585014582,0.015316,0.002273,0.113693,0.000007,0.000930,0.000011,0.002529,0.134761,1,1,
70,1.400000,1.399999,1781247310.585014582,1781247310.599049568,1781247310.601346970,1781247310.715118408,1781247310.715123892,1781247310.715557098,1781247310.715575457,1781247310.719082594,0.014035,0.002297,0.113771,0.000005,0.000433,0.000018,0.003507,0.134068,1,1,
71,1.420000,1.419999,1781247310.719082594,1781247310.732633591,1781247310.734910011,1781247310.848559618,1781247310.848567247,1781247310.850299597,1781247310.850319147,1781247310.853832483,0.013551,0.002276,0.113650,0.000008,0.001732,0.000020,0.003513,0.134750,1,1,
72,1.440000,1.439999,1781247310.853832483,1781247310.866017818,1781247310.868645191,1781247310.984475851,1781247310.984481573,1781247310.984982014,1781247310.985000610,1781247310.988462925,0.012185,0.002627,0.115831,0.000006,0.000500,0.000019,0.003462,0.134630,1,1,
73,1.460000,1.459999,1781247310.988462925,1781247310.999355078,1781247311.001685858,1781247311.115289450,1781247311.115297794,1781247311.116142988,1781247311.116162062,1781247311.118528605,0.010892,0.002331,0.113604,0.000008,0.000845,0.000019,0.002367,0.130066,1,1,
74,1.480000,1.479999,1781247311.118528605,1781247311.133050203,1781247311.135425806,1781247311.249316692,1781247311.249322176,1781247311.250272989,1781247311.250292540,1781247311.252502203,0.014522,0.002376,0.113891,0.000005,0.000951,0.000020,0.002210,0.133974,1,1,
75,1.500000,1.499999,1781247311.252502203,1781247311.266261816,1781247311.268690348,1781247311.383192062,1781247311.383199215,1781247311.384778261,1781247311.384791136,1781247311.386719465,0.013760,0.002429,0.114502,0.000007,0.001579,0.000013,0.001928,0.134217,1,1,
76,1.520000,1.519999,1781247311.386719465,1781247311.399828672,1781247311.403251410,1781247311.518772364,1781247311.518778801,1781247311.520330667,1781247311.520349503,1781247311.523851633,0.013109,0.003423,0.115521,0.000006,0.001552,0.000019,0.003502,0.137132,1,1,
77,1.540000,1.539999,1781247311.523851633,1781247311.533235788,1781247311.535718203,1781247311.649371386,1781247311.649379015,1781247311.651187181,1781247311.651205778,1781247311.653466940,0.009384,0.002482,0.113653,0.000008,0.001808,0.000019,0.002261,0.129615,1,1,
78,1.560000,1.559999,1781247311.653466940,1781247311.666660309,1781247311.669181347,1781247311.783271074,1781247311.783277512,1781247311.784395933,1781247311.784414530,1781247311.786568880,0.013193,0.002521,0.114090,0.000006,0.001118,0.000019,0.002154,0.133102,1,1,
79,1.580000,1.579999,1781247311.786568880,1781247311.883868694,1781247311.886708021,1781247312.001203537,1781247312.001211166,1781247312.001468182,1781247312.001479864,1781247312.003367662,0.097300,0.002839,0.114496,0.000008,0.000257,0.000012,0.001888,0.216799,1,1,
80,1.600000,1.599999,1781247312.003367662,1781247312.016862392,1781247312.019448042,1781247312.133791685,1781247312.133799314,1781247312.136252403,1781247312.136271477,1781247312.139686823,0.013495,0.002586,0.114344,0.000008,0.002453,0.000019,0.003415,0.136319,1,1,
81,1.620000,1.619999,1781247312.139686823,1781247312.150367975,1781247312.152952433,1781247312.266326189,1781247312.266334057,1781247312.268417120,1781247312.268435717,1781247312.271901608,0.010681,0.002584,0.113374,0.000008,0.002083,0.000019,0.003466,0.132215,1,1,
82,1.640000,1.639999,1781247312.271901608,1781247312.283802032,1781247312.286422729,1781247312.400906563,1781247312.400914192,1781247312.403016090,1781247312.403034925,1781247312.406438351,0.011900,0.002621,0.114484,0.000008,0.002102,0.000019,0.003403,0.134537,1,1,
83,1.660000,1.659999,1781247312.406438351,1781247312.417298317,1781247312.419921875,1781247312.533472300,1781247312.533479691,1781247312.534748316,1781247312.534760714,1781247312.536674261,0.010860,0.002624,0.113550,0.000007,0.001269,0.000012,0.001914,0.130236,1,1,
84,1.680000,1.679999,1781247312.536674261,1781247312.550921202,1781247312.553544760,1781247312.667600632,1781247312.667607069,1781247312.668006897,1781247312.668024063,1781247312.671439648,0.014247,0.002624,0.114056,0.000006,0.000400,0.000017,0.003416,0.134765,1,1,
85,1.700000,1.699999,1781247312.671439648,1781247312.684127569,1781247312.686779499,1781247312.801278830,1781247312.801286459,1781247312.802566290,1781247312.802578688,1781247312.804587841,0.012688,0.002652,0.114499,0.000008,0.001280,0.000012,0.002009,0.133148,1,1,
86,1.720000,1.719999,1781247312.804587841,1781247312.817517757,1781247312.820245981,1781247312.935165882,1781247312.935171843,1781247312.935810804,1781247312.935824633,1781247312.937888145,0.012930,0.002728,0.114920,0.000006,0.000639,0.000014,0.002064,0.133300,1,1,
87,1.740000,1.739999,1781247312.937888145,1781247312.951037645,1781247312.953788757,1781247313.068804502,1781247313.068812132,1781247313.069861889,1781247313.069875002,1781247313.071759939,0.013149,0.002751,0.115016,0.000008,0.001050,0.000013,0.001885,0.133872,1,1,
88,1.760000,1.759999,1781247313.071759939,1781247313.084430218,1781247313.087220669,1781247313.202167749,1781247313.202173471,1781247313.203454018,1781247313.203466654,1781247313.205276012,0.012670,0.002790,0.114947,0.000006,0.001281,0.000013,0.001809,0.133516,1,1,
89,1.780000,1.779999,1781247313.205276012,1781247313.217930555,1781247313.220918417,1781247313.335096836,1781247313.335104704,1781247313.335512400,1781247313.335524797,1781247313.337605953,0.012655,0.002988,0.114178,0.000008,0.000408,0.000012,0.002081,0.132330,1,1,
90,1.800000,1.799999,1781247313.337605953,1781247313.351296425,1781247313.354211330,1781247313.468283653,1781247313.468289852,1781247313.469743729,1781247313.469754934,1781247313.471707582,0.013690,0.002915,0.114072,0.000006,0.001454,0.000011,0.001953,0.134102,1,1,
91,1.820000,1.819999,1781247313.471707582,1781247313.484863043,1781247313.487890482,1781247313.601859808,1781247313.601867676,1781247313.602929592,1781247313.602941513,1781247313.605118990,0.013155,0.003027,0.113969,0.000008,0.001062,0.000012,0.002177,0.133411,1,1,
92,1.840000,1.839999,1781247313.605118990,1781247313.618261576,1781247313.621164799,1781247313.735610723,1781247313.735616446,1781247313.736871719,1781247313.736890078,1781247313.739277601,0.013143,0.002903,0.114446,0.000006,0.001255,0.000018,0.002388,0.134159,1,1,
93,1.860000,1.859999,1781247313.739277601,1781247313.751684189,1781247313.754616022,1781247313.868814945,1781247313.868822813,1781247313.871060371,1781247313.871079683,1781247313.873380899,0.012407,0.002932,0.114199,0.000008,0.002238,0.000019,0.002301,0.134103,1,1,
94,1.880000,1.879999,1781247313.873380899,1781247313.885074854,1781247313.888039112,1781247314.004141092,1781247314.004147053,1781247314.005737066,1781247314.005749702,1781247314.007695913,0.011694,0.002964,0.116102,0.000006,0.001590,0.000013,0.001946,0.134315,1,1,
95,1.900000,1.899999,1781247314.007695913,1781247314.018621445,1781247314.021630526,1781247314.142445564,1781247314.142452240,1781247314.143790007,1781247314.143802643,1781247314.145966053,0.010926,0.003009,0.120815,0.000007,0.001338,0.000013,0.002163,0.138270,1,1,
96,1.920000,1.919999,1781247314.145966053,1781247314.151960850,1781247314.155078411,1781247314.270431042,1781247314.270437002,1781247314.272505522,1781247314.272522926,1781247314.275047779,0.005995,0.003118,0.115353,0.000006,0.002069,0.000017,0.002525,0.129082,1,1,
97,1.940000,1.939999,1781247314.275047779,1781247314.285614729,1781247314.288727283,1781247314.405749798,1781247314.405756712,1781247314.407183647,1781247314.407194376,1781247314.409058332,0.010567,0.003113,0.117023,0.000007,0.001427,0.000011,0.001864,0.134011,1,1,
98,1.960000,1.959999,1781247314.409058332,1781247314.418932676,1781247314.422006845,1781247314.535622358,1781247314.535627842,1781247314.537745714,1781247314.537765265,1781247314.541292191,0.009874,0.003074,0.113616,0.000005,0.002118,0.000020,0.003527,0.132234,1,1,
99,1.980000,1.979999,1781247314.541292191,1781247314.552330971,1781247314.555393219,1781247314.669834614,1781247314.669842005,1781247314.671525478,1781247314.671545029,1781247314.674782515,0.011039,0.003062,0.114441,0.000007,0.001683,0.000020,0.003237,0.133490,1,1,
100,2.000000,1.999999,1781247314.674782515,1781247314.685749769,1781247314.688899279,1781247314.805210352,1781247314.805216312,1781247314.805519819,1781247314.805531740,1781247314.807550907,0.010967,0.003150,0.116311,0.000006,0.000304,0.000012,0.002019,0.132768,1,1,
101,2.020000,2.019999,1781247314.807550907,1781247314.819133997,1781247314.822296858,1781247314.936984062,1781247314.936991215,1781247314.939406395,1781247314.939425230,1781247314.942863464,0.011583,0.003163,0.114687,0.000007,0.002415,0.000019,0.003438,0.135313,1,1,
102,2.040000,2.039999,1781247314.942863464,1781247314.952801704,1781247314.956558228,1781247315.071039677,1781247315.071045399,1781247315.071511030,1781247315.071523428,1781247315.073449135,0.009938,0.003757,0.114481,0.000006,0.000466,0.000012,0.001926,0.130586,1,1,
103,2.060000,2.059999,1781247315.073449135,1781247315.086129904,1781247315.089350224,1781247315.204302788,1781247315.204310894,1781247315.206158161,1781247315.206169605,1781247315.208115816,0.012681,0.003220,0.114953,0.000008,0.001847,0.000011,0.001946,0.134667,1,1,
104,2.080000,2.079999,1781247315.208115816,1781247315.219537497,1781247315.222840071,1781247315.338027239,1781247315.338033438,1781247315.338458538,1781247315.338477135,1781247315.341087341,0.011422,0.003303,0.115187,0.000006,0.000425,0.000019,0.002610,0.132972,1,1,
105,2.100000,2.099999,1781247315.341087341,1781247315.352964640,1781247315.356200457,1781247315.471159220,1781247315.471167803,1781247315.471740246,1781247315.471760988,1781247315.475275517,0.011877,0.003236,0.114959,0.000009,0.000572,0.000021,0.003515,0.134188,1,1,
106,2.120000,2.119999,1781247315.475275517,1781247315.486787081,1781247315.490743399,1781247315.605920792,1781247315.605926991,1781247315.606640816,1781247315.606652975,1781247315.608649015,0.011512,0.003956,0.115177,0.000006,0.000714,0.000012,0.001996,0.133373,1,1,
107,2.140000,2.139999,1781247315.608649015,1781247315.619828939,1781247315.623173714,1781247315.738980055,1781247315.738987684,1781247315.741217852,1781247315.741229057,1781247315.743177652,0.011180,0.003345,0.115806,0.000008,0.002230,0.000011,0.001949,0.134529,1,1,
108,2.160000,2.159999,1781247315.743177652,1781247315.753274679,1781247315.756630182,1781247315.871321201,1781247315.871328354,1781247315.872904301,1781247315.872918606,1781247315.874898911,0.010097,0.003356,0.114691,0.000007,0.001576,0.000014,0.001980,0.131721,1,1,
109,2.180000,2.179999,1781247315.874898911,1781247315.887024641,1781247315.890592575,1781247316.006139994,1781247316.006147385,1781247316.008535624,1781247316.008553743,1781247316.011113644,0.012126,0.003568,0.115547,0.000007,0.002388,0.000018,0.002560,0.136215,1,1,
110,2.200000,2.199999,1781247316.011113644,1781247316.020160437,1781247316.023583651,1781247316.144648552,1781247316.144655704,1781247316.145932436,1781247316.145952702,1781247316.149578571,0.009047,0.003423,0.121065,0.000007,0.001277,0.000020,0.003626,0.138465,1,1,
111,2.220000,2.219999,1781247316.149578571,1781247316.153933048,1781247316.158781528,1781247316.289299488,1781247316.289306879,1781247316.290403128,1781247316.290421247,1781247316.292604208,0.004354,0.004848,0.130518,0.000007,0.001096,0.000018,0.002183,0.143026,1,1,
112,2.240000,2.239999,1781247316.292604208,1781247316.305118799,1781247316.308672190,1781247316.426387310,1781247316.426392794,1781247316.427870989,1781247316.427889109,1781247316.431287527,0.012515,0.003553,0.117715,0.000005,0.001478,0.000018,0.003398,0.138683,1,1,
113,2.260000,2.259999,1781247316.431287527,1781247316.437202692,1781247316.440674067,1781247316.555612326,1781247316.555620193,1781247316.557535648,1781247316.557553053,1781247316.559579372,0.005915,0.003471,0.114938,0.000008,0.001915,0.000017,0.002026,0.128292,1,1,
114,2.280000,2.279999,1781247316.559579372,1781247316.570973158,1781247316.574495316,1781247316.689456701,1781247316.689463139,1781247316.691762686,1781247316.691785097,1781247316.695208311,0.011394,0.003522,0.114961,0.000006,0.002300,0.000022,0.003423,0.135629,1,1,
115,2.300000,2.299999,1781247316.695208311,1781247316.704118252,1781247316.707642078,1781247316.822470665,1781247316.822479010,1781247316.824023247,1781247316.824041843,1781247316.826302767,0.008910,0.003524,0.114829,0.000008,0.001544,0.000019,0.002261,0.131094,1,1,
116,2.320000,2.319999,1781247316.826302767,1781247316.837502718,1781247316.841075420,1781247316.955981731,1781247316.955987930,1781247316.958352566,1781247316.958371162,1781247316.960623503,0.011200,0.003573,0.114906,0.000006,0.002365,0.000019,0.002252,0.134321,1,1,
117,2.340000,2.339999,1781247316.960623503,1781247316.971113920,1781247316.974844456,1781247317.090055227,1781247317.090062141,1781247317.092304468,1781247317.092317104,1781247317.094317675,0.010490,0.003731,0.115211,0.000007,0.002242,0.000013,0.002001,0.133694,1,1,
118,2.360000,2.359999,1781247317.094317675,1781247317.104634285,1781247317.108335733,1781247317.223704815,1781247317.223710775,1781247317.224060297,1781247317.224079609,1781247317.227543354,0.010317,0.003701,0.115369,0.000006,0.000350,0.000019,0.003464,0.133226,1,1,
119,2.380000,2.379999,1781247317.227543354,1781247317.238039017,1781247317.241790771,1781247317.361323357,1781247317.361329556,1781247317.361609459,1781247317.361620426,1781247317.363508463,0.010496,0.003752,0.119533,0.000006,0.000280,0.000011,0.001888,0.135965,1,1,
120,2.400000,2.399999,1781247317.363508463,1781247317.371198177,1781247317.374964714,1781247317.489590645,1781247317.489597082,1781247317.491050482,1781247317.491061687,1781247317.492990971,0.007690,0.003767,0.114626,0.000006,0.001453,0.000011,0.001929,0.129483,1,1,
121,2.420000,2.419999,1781247317.492990971,1781247317.504818201,1781247317.508490086,1781247317.622794151,1781247317.622801781,1781247317.624316931,1781247317.624328613,1781247317.626173496,0.011827,0.003672,0.114304,0.000008,0.001515,0.000012,0.001845,0.133183,1,1,
122,2.440000,2.439999,1781247317.626173496,1781247317.638335228,1781247317.642065525,1781247317.761970520,1781247317.761975765,1781247317.764048338,1781247317.764069080,1781247317.767523289,0.012162,0.003730,0.119905,0.000005,0.002073,0.000021,0.003454,0.141350,1,1,
123,2.460000,2.459999,1781247317.767523289,1781247317.771608114,1781247317.775353909,1781247317.890197277,1781247317.890205860,1781247317.892683506,1781247317.892702579,1781247317.895164728,0.004085,0.003746,0.114843,0.000009,0.002478,0.000019,0.002462,0.127641,1,1,
124,2.480000,2.479999,1781247317.895164728,1781247317.905074835,1781247317.908891439,1781247318.024036646,1781247318.024042845,1781247318.024402618,1781247318.024414778,1781247318.026335001,0.009910,0.003817,0.115145,0.000006,0.000360,0.000012,0.001920,0.131170,1,1,
125,2.500000,2.499999,1781247318.026335001,1781247318.038812399,1781247318.043546915,1781247318.166949749,1781247318.166957140,1781247318.169229746,1781247318.169248343,1781247318.172133207,0.012477,0.004735,0.123403,0.000007,0.002273,0.000019,0.002885,0.145798,1,1,
126,2.520000,2.519999,1781247318.172133207,1781247318.172088385,1781247318.176175117,1781247318.296618223,1781247318.296624184,1781247318.297044992,1781247318.297063112,1781247318.299358130,-0.000045,0.004087,0.120443,0.000006,0.000421,0.000018,0.002295,0.127225,0,1,cycle_order
127,2.540000,2.539999,1781247318.299358130,1781247318.305396080,1781247318.309380770,1781247318.426292419,1781247318.426299334,1781247318.427029610,1781247318.427048445,1781247318.430480957,0.006038,0.003985,0.116912,0.000007,0.000730,0.000019,0.003433,0.131123,1,1,
128,2.560000,2.559999,1781247318.430480957,1781247318.438766956,1781247318.442737818,1781247318.557326078,1781247318.557332516,1781247318.557922840,1781247318.557941198,1781247318.560418606,0.008286,0.003971,0.114588,0.000006,0.000590,0.000018,0.002477,0.129938,1,1,
129,2.580000,2.579999,1781247318.560418606,1781247318.573583126,1781247318.577537537,1781247318.692925930,1781247318.692934752,1781247318.693788767,1781247318.693807364,1781247318.696051121,0.013165,0.003954,0.115388,0.000009,0.000854,0.000019,0.002244,0.135633,1,1,
130,2.600000,2.599999,1781247318.696051121,1781247318.705732107,1781247318.709719896,1781247318.825383902,1781247318.825390339,1781247318.826413870,1781247318.826425314,1781247318.828325987,0.009681,0.003988,0.115664,0.000006,0.001024,0.000011,0.001901,0.132275,1,1,
131,2.620000,2.619999,1781247318.828325987,1781247318.839136362,1781247318.843186378,1781247318.958394051,1781247318.958402634,1781247318.960134745,1781247318.960146427,1781247318.962022305,0.010810,0.004050,0.115208,0.000009,0.001732,0.000012,0.001876,0.133696,1,1,
132,2.640000,2.639999,1781247318.962022305,1781247318.972685575,1781247318.976692677,1781247319.104266405,1781247319.104274273,1781247319.105880737,1781247319.105900526,1781247319.109714746,0.010663,0.004007,0.127574,0.000008,0.001606,0.000020,0.003814,0.147692,1,1,
133,2.660000,2.659999,1781247319.109714746,1781247319.122975349,1781247319.128232241,1781247319.245857000,1781247319.245863914,1781247319.247326612,1781247319.247344494,1781247319.249528170,0.013261,0.005257,0.117625,0.000007,0.001463,0.000018,0.002184,0.139813,1,1,
134,2.680000,2.679999,1781247319.249528170,1781247319.256330967,1781247319.260457754,1781247319.377184868,1781247319.377190590,1781247319.377869368,1781247319.377888680,1781247319.380276680,0.006803,0.004127,0.116727,0.000006,0.000679,0.000019,0.002388,0.130749,1,1,
135,2.700000,2.699999,1781247319.380276680,1781247319.389621735,1781247319.393848181,1781247319.509472609,1781247319.509480000,1781247319.510632515,1781247319.510644674,1781247319.512470961,0.009345,0.004226,0.115624,0.000007,0.001153,0.000012,0.001826,0.132194,1,1,
136,2.720000,2.719999,1781247319.512470961,1781247319.524281263,1781247319.528403759,1781247319.644144535,1781247319.644150972,1781247319.646088362,1781247319.646100521,1781247319.647996664,0.011810,0.004122,0.115741,0.000006,0.001937,0.000012,0.001896,0.135526,1,1,
137,2.740000,2.739999,1781247319.647996664,1781247319.656456470,1781247319.660648108,1781247319.776743412,1781247319.776750565,1781247319.779197693,1781247319.779216528,1781247319.782627583,0.008460,0.004192,0.116095,0.000007,0.002447,0.000019,0.003411,0.134631,1,1,
138,2.760000,2.759999,1781247319.782627583,1781247319.789876699,1781247319.794063807,1781247319.910863638,1781247319.910869837,1781247319.912211895,1781247319.912225485,1781247319.914313316,0.007249,0.004187,0.116800,0.000006,0.001342,0.000014,0.002088,0.131686,1,1,
139,2.780000,2.779999,1781247319.914313316,1781247319.923393250,1781247319.927697659,1781247320.042913198,1781247320.042921543,1781247320.043560743,1781247320.043578625,1781247320.046133995,0.009080,0.004304,0.115216,0.000008,0.000639,0.000018,0.002555,0.131821,1,1,
140,2.800000,2.799999,1781247320.046133995,1781247320.056986809,1781247320.061254978,1781247320.177289009,1781247320.177295685,1781247320.178207397,1781247320.178226948,1781247320.180522203,0.010853,0.004268,0.116034,0.000007,0.000912,0.000020,0.002295,0.134388,1,1,
141,2.820000,2.819999,1781247320.180522203,1781247320.190244436,1781247320.194534302,1781247320.310028553,1781247320.310036421,1781247320.311237574,1781247320.311250210,1781247320.313277483,0.009722,0.004290,0.115494,0.000008,0.001201,0.000013,0.002027,0.132755,1,1,
142,2.840000,2.839999,1781247320.313277483,1781247320.323944092,1781247320.328293800,1781247320.444701672,1781247320.444707394,1781247320.446185112,1781247320.446203709,1781247320.449036837,0.010667,0.004350,0.116408,0.000006,0.001478,0.000019,0.002833,0.135759,1,1,
143,2.860000,2.859999,1781247320.449036837,1781247320.457232237,1781247320.461716413,1781247320.578061581,1781247320.578068733,1781247320.578533411,1781247320.578552246,1781247320.582023144,0.008195,0.004484,0.116345,0.000007,0.000465,0.000019,0.003471,0.132986,1,1,
144,2.880000,2.879999,1781247320.582023144,1781247320.590589762,1781247320.595010757,1781247320.711676598,1781247320.711682558,1781247320.712091208,1781247320.712103367,1781247320.713969231,0.008567,0.004421,0.116666,0.000006,0.000409,0.000012,0.001866,0.131946,1,1,
145,2.900000,2.899999,1781247320.713969231,1781247320.725260496,1781247320.729637146,1781247320.844717503,1781247320.844725132,1781247320.846585751,1781247320.846604824,1781247320.850091696,0.011291,0.004377,0.115080,0.000008,0.001861,0.000019,0.003487,0.136122,1,1,
146,2.920000,2.919999,1781247320.850091696,1781247320.857475042,1781247320.862193584,1781247320.978791237,1781247320.978797674,1781247320.979793549,1781247320.979813099,1781247320.982185125,0.007383,0.004719,0.116598,0.000006,0.000996,0.000020,0.002372,0.132093,1,1,
147,2.940000,2.939999,1781247320.982185125,1781247320.990987778,1781247320.995376825,1781247321.117696047,1781247321.117703199,1781247321.118640661,1781247321.118659258,1781247321.122252226,0.008803,0.004389,0.122319,0.000007,0.000937,0.000019,0.003593,0.140067,1,1,
148,2.960000,2.959999,1781247321.122252226,1781247321.125563145,1781247321.130066633,1781247321.245915890,1781247321.245921850,1781247321.246785164,1781247321.246804237,1781247321.250205994,0.003311,0.004503,0.115849,0.000006,0.000863,0.000019,0.003402,0.127954,1,1,
149,2.980000,2.979999,1781247321.250205994,1781247321.257859468,1781247321.262694359,1781247321.379195452,1781247321.379203320,1781247321.381630898,1781247321.381643057,1781247321.383577585,0.007653,0.004835,0.116501,0.000008,0.002428,0.000012,0.001935,0.133372,1,1,
150,3.000000,2.999999,1781247321.383577585,1781247321.391242743,1781247321.395887852,1781247321.512047052,1781247321.512053728,1781247321.512693405,1781247321.512711287,1781247321.514845610,0.007665,0.004645,0.116159,0.000007,0.000640,0.000018,0.002134,0.131268,1,1,
151,3.020000,3.019999,1781247321.514845610,1781247321.524756193,1781247321.529312849,1781247321.644635677,1781247321.644644260,1781247321.646643400,1781247321.646663427,1781247321.649225235,0.009911,0.004557,0.115323,0.000009,0.001999,0.000020,0.002562,0.134380,1,1,
152,3.040000,3.039999,1781247321.649225235,1781247321.659481525,1781247321.664175987,1781247321.780375719,1781247321.780383587,1781247321.782154799,1781247321.782165527,1781247321.784054279,0.010256,0.004694,0.116200,0.000008,0.001771,0.000011,0.001889,0.134829,1,1,
153,3.060000,3.059999,1781247321.784054279,1781247321.792835474,1781247321.797508240,1781247321.913384199,1781247321.913391829,1781247321.915564775,1781247321.915575743,1781247321.917497635,0.008781,0.004673,0.115876,0.000008,0.002173,0.000011,0.001922,0.133443,1,1,
154,3.080000,3.079999,1781247321.917497635,1781247321.924957275,1781247321.929669142,1781247322.045476437,1781247322.045482159,1781247322.046912670,1781247322.046923161,1781247322.048776150,0.007460,0.004712,0.115807,0.000006,0.001431,0.000010,0.001853,0.131279,1,1,
155,3.100000,3.099999,1781247322.048776150,1781247322.058410406,1781247322.063063383,1781247322.178487778,1781247322.178494930,1781247322.179036617,1781247322.179047585,1781247322.180938482,0.009634,0.004653,0.115424,0.000007,0.000542,0.000011,0.001891,0.132162,1,1,
156,3.120000,3.119999,1781247322.180938482,1781247322.191920996,1781247322.196664095,1781247322.312592983,1781247322.312599659,1781247322.313060760,1781247322.313072920,1781247322.315404892,0.010983,0.004743,0.115929,0.000007,0.000461,0.000012,0.002332,0.134466,1,1,
157,3.140000,3.139999,1781247322.315404892,1781247322.325279236,1781247322.329958677,1781247322.444908142,1781247322.444916487,1781247322.446403265,1781247322.446421146,1781247322.448630571,0.009874,0.004679,0.114949,0.000008,0.001487,0.000018,0.002209,0.133226,1,1,
158,3.160000,3.159999,1781247322.448630571,1781247322.458951712,1781247322.463721991,1781247322.579638004,1781247322.579644203,1781247322.580981016,1781247322.580995083,1781247322.583464146,0.010321,0.004770,0.115916,0.000006,0.001337,0.000014,0.002469,0.134834,1,1,
159,3.180000,3.179999,1781247322.583464146,1781247322.592184067,1781247322.597804308,1781247322.714882612,1781247322.714890242,1781247322.716856480,1781247322.716880560,1781247322.719899178,0.008720,0.005620,0.117078,0.000008,0.001966,0.000024,0.003019,0.136435,1,1,
160,3.200000,3.199999,1781247322.719899178,1781247322.725784063,1781247322.730543137,1781247322.849456072,1781247322.849462509,1781247322.850711107,1781247322.850729704,1781247322.853211403,0.005885,0.004759,0.118913,0.000006,0.001249,0.000019,0.002482,0.133312,1,1,
161,3.220000,3.219999,1781247322.853211403,1781247322.859166622,1781247322.864208460,1781247322.979958296,1781247322.979964972,1781247322.981252193,1781247322.981267929,1781247322.983175278,0.005955,0.005042,0.115750,0.000007,0.001287,0.000016,0.001907,0.129964,1,1,
162,3.240000,3.239999,1781247322.983175278,1781247322.992481232,1781247322.997476339,1781247323.113667250,1781247323.113673925,1781247323.116107225,1781247323.116120338,1781247323.118087530,0.009306,0.004995,0.116191,0.000007,0.002433,0.000013,0.001967,0.134912,1,1,
163,3.260000,3.259999,1781247323.118087530,1781247323.126034260,1781247323.132498503,1781247323.249164820,1781247323.249172449,1781247323.249493361,1781247323.249511003,1781247323.252041578,0.007947,0.006464,0.116666,0.000008,0.000321,0.000018,0.002531,0.133954,1,1,
164,3.280000,3.279999,1781247323.252041578,1781247323.259381294,1781247323.264279366,1781247323.381077766,1781247323.381083727,1781247323.381519318,1781247323.381539345,1781247323.384019613,0.007340,0.004898,0.116798,0.000006,0.000436,0.000020,0.002480,0.131978,1,1,
165,3.300000,3.299999,1781247323.384019613,1781247323.392840624,1781247323.397825718,1781247323.513333082,1781247323.513339996,1781247323.514007568,1781247323.514025688,1781247323.517441034,0.008821,0.004985,0.115507,0.000007,0.000668,0.000018,0.003415,0.133421,1,1,
166,3.320000,3.319999,1781247323.517441034,1781247323.526341438,1781247323.531473875,1781247323.647406101,1781247323.647413015,1781247323.649621487,1781247323.649640560,1781247323.651759386,0.008900,0.005132,0.115932,0.000007,0.002208,0.000019,0.002119,0.134318,1,1,
167,3.340000,3.339999,1781247323.651759386,1781247323.659814835,1781247323.664855242,1781247323.779921770,1781247323.779929399,1781247323.780495882,1781247323.780507326,1781247323.782439232,0.008055,0.005040,0.115067,0.000008,0.000566,0.000011,0.001932,0.130680,1,1,
168,3.360000,3.359999,1781247323.782439232,1781247323.793409586,1781247323.800433874,1781247323.915874004,1781247323.915879488,1781247323.917113543,1781247323.917132378,1781247323.919893742,0.010970,0.007024,0.115440,0.000005,0.001234,0.000019,0.002761,0.137455,1,1,
169,3.380000,3.379999,1781247323.919893742,1781247323.926865578,1781247323.932055712,1781247324.049714327,1781247324.049721956,1781247324.051366091,1781247324.051384687,1781247324.053473473,0.006972,0.005190,0.117659,0.000008,0.001644,0.000019,0.002089,0.133580,1,1,
170,3.400000,3.399999,1781247324.053473473,1781247324.060286283,1781247324.065388203,1781247324.182298899,1781247324.182305098,1781247324.183713436,1781247324.183732271,1781247324.187204361,0.006813,0.005102,0.116911,0.000006,0.001408,0.000019,0.003472,0.133731,1,1,
171,3.420000,3.419999,1781247324.187204361,1781247324.193539381,1781247324.198710680,1781247324.316407919,1781247324.316415071,1781247324.317924976,1781247324.317943811,1781247324.320871353,0.006335,0.005171,0.117697,0.000007,0.001510,0.000019,0.002928,0.133667,1,1,
172,3.440000,3.439999,1781247324.320871353,1781247324.327080727,1781247324.332276583,1781247324.459855795,1781247324.459861517,1781247324.462355852,1781247324.462375879,1781247324.464382648,0.006209,0.005196,0.127579,0.000006,0.002494,0.000020,0.002007,0.143511,1,1,
173,3.460000,3.459999,1781247324.464382648,1781247324.477144003,1781247324.482319832,1781247324.598309040,1781247324.598317146,1781247324.600581169,1781247324.600592852,1781247324.602657557,0.012761,0.005176,0.115989,0.000008,0.002264,0.000012,0.002065,0.138275,1,1,
174,3.480000,3.479999,1781247324.602657557,1781247324.610603333,1781247324.615869284,1781247324.732084274,1781247324.732090950,1781247324.734390736,1781247324.734401703,1781247324.736216307,0.007946,0.005266,0.116215,0.000007,0.002300,0.000011,0.001815,0.133559,1,1,
175,3.500000,3.499999,1781247324.736216307,1781247324.745432854,1781247324.750716925,1781247324.866748095,1781247324.866755724,1781247324.868890762,1781247324.868903875,1781247324.870790958,0.009217,0.005284,0.116031,0.000008,0.002135,0.000013,0.001887,0.134575,1,1,
176,3.520000,3.519999,1781247324.870790958,1781247324.878894567,1781247324.884293556,1781247325.001749754,1781247325.001755953,1781247325.002594709,1781247325.002614498,1781247325.006163359,0.008104,0.005399,0.117456,0.000006,0.000839,0.000020,0.003549,0.135372,1,1,
177,3.540000,3.539999,1781247325.006163359,1781247325.010942936,1781247325.018485308,1781247325.136893511,1781247325.136900425,1781247325.138437033,1781247325.138454676,1781247325.142017603,0.004780,0.007542,0.118408,0.000007,0.001537,0.000018,0.003563,0.135854,1,1,
178,3.560000,3.559999,1781247325.142017603,1781247325.144418001,1781247325.149787426,1781247325.275229216,1781247325.275235653,1781247325.276148796,1781247325.276166916,1781247325.278924227,0.002400,0.005369,0.125442,0.000006,0.000913,0.000018,0.002757,0.136907,1,1,
179,3.580000,3.579999,1781247325.278924227,1781247325.295912266,1781247325.302989721,1781247325.418920994,1781247325.418928623,1781247325.421092749,1781247325.421104670,1781247325.423080921,0.016988,0.007077,0.115931,0.000008,0.002164,0.000012,0.001976,0.144157,1,1,
180,3.600000,3.599999,1781247325.423080921,1781247325.428115129,1781247325.433553696,1781247325.549628019,1781247325.549633980,1781247325.551851273,1781247325.551871300,1781247325.553737402,0.005034,0.005439,0.116074,0.000006,0.002217,0.000020,0.001866,0.130656,1,1,
181,3.620000,3.619999,1781247325.553737402,1781247325.561382771,1781247325.566721678,1781247325.681364536,1781247325.681373119,1781247325.683208942,1781247325.683220387,1781247325.685046673,0.007645,0.005339,0.114643,0.000009,0.001836,0.000011,0.001826,0.131309,1,1,
182,3.640000,3.639999,1781247325.685046673,1781247325.694787741,1781247325.700316906,1781247325.817133665,1781247325.817141294,1781247325.819027662,1781247325.819045782,1781247325.822609186,0.009741,0.005529,0.116817,0.000008,0.001886,0.000018,0.003563,0.137563,1,1,
183,3.660000,3.659999,1781247325.822609186,1781247325.829645872,1781247325.837309837,1781247325.953334332,1781247325.953341484,1781247325.954485416,1781247325.954503059,1781247325.956563473,0.007037,0.007664,0.116024,0.000007,0.001144,0.000018,0.002060,0.133954,1,1,
184,3.680000,3.679999,1781247325.956563473,1781247325.961642981,1781247325.967151165,1781247326.083467245,1781247326.083475113,1781247326.084402323,1781247326.084422827,1781247326.087949991,0.005080,0.005508,0.116316,0.000008,0.000927,0.000021,0.003527,0.131387,1,1,
185,3.700000,3.699999,1781247326.087949991,1781247326.095170021,1781247326.102103472,1781247326.219375849,1781247326.219383478,1781247326.220833302,1781247326.220851898,1781247326.223256826,0.007220,0.006933,0.117272,0.000008,0.001450,0.000019,0.002405,0.135307,1,1,
186,3.720000,3.719999,1781247326.223256826,1781247326.228469849,1781247326.234234095,1781247326.350484848,1781247326.350492716,1781247326.351984501,1781247326.352002144,1781247326.355410576,0.005213,0.005764,0.116251,0.000008,0.001492,0.000018,0.003408,0.132154,1,1,
187,3.740000,3.739999,1781247326.355410576,1781247326.362026453,1781247326.367746592,1781247326.482807636,1781247326.482815504,1781247326.485339642,1781247326.485351086,1781247326.487239361,0.006616,0.005720,0.115061,0.000008,0.002524,0.000011,0.001888,0.131829,1,1,
188,3.760000,3.759999,1781247326.487239361,1781247326.495400190,1781247326.501029491,1781247326.616296768,1781247326.616302252,1781247326.616578102,1781247326.616590738,1781247326.618532658,0.008161,0.005629,0.115267,0.000005,0.000276,0.000013,0.001942,0.131293,1,1,
189,3.780000,3.779999,1781247326.618532658,1781247326.630380869,1781247326.636020422,1781247326.752292871,1781247326.752300024,1781247326.754472494,1781247326.754489660,1781247326.757984877,0.011848,0.005640,0.116272,0.000007,0.002172,0.000017,0.003495,0.139452,1,1,
190,3.800000,3.799999,1781247326.757984877,1781247326.762279272,1781247326.768059969,1781247326.884006262,1781247326.884011984,1781247326.885687590,1781247326.885705948,1781247326.889249325,0.004294,0.005781,0.115946,0.000006,0.001676,0.000018,0.003543,0.131264,1,1,
191,3.820000,3.819999,1781247326.889249325,1781247326.895822525,1781247326.902267218,1781247327.017277241,1781247327.017285824,1781247327.019143820,1781247327.019379854,1781247327.021565676,0.006573,0.006445,0.115010,0.000009,0.001858,0.000236,0.002186,0.132316,1,1,
192,3.840000,3.839999,1781247327.021565676,1781247327.029179096,1781247327.034947157,1781247327.150815010,1781247327.150821686,1781247327.151283741,1781247327.151302338,1781247327.153978348,0.007613,0.005768,0.115868,0.000007,0.000462,0.000019,0.002676,0.132413,1,1,
193,3.860000,3.859999,1781247327.153978348,1781247327.162660599,1781247327.168419838,1781247327.283765554,1781247327.283776522,1781247327.285365105,1781247327.285377026,1781247327.287236691,0.008682,0.005759,0.115346,0.000011,0.001589,0.000012,0.001860,0.133258,1,1,
194,3.880000,3.879999,1781247327.287236691,1781247327.296299934,1781247327.302053452,1781247327.418074846,1781247327.418080568,1781247327.420432806,1781247327.420467615,1781247327.422366858,0.009063,0.005754,0.116021,0.000006,0.002352,0.000035,0.001899,0.135130,1,1,
195,3.900000,3.899999,1781247327.422366858,1781247327.429525137,1781247327.435372829,1781247327.551694155,1781247327.551701784,1781247327.553053856,1781247327.553072453,1781247327.555445433,0.007158,0.005848,0.116321,0.000008,0.001352,0.000019,0.002373,0.133079,1,1,
196,3.920000,3.919999,1781247327.555445433,1781247327.563109875,1781247327.569189072,1781247327.686333656,1781247327.686339617,1781247327.687865019,1781247327.687883615,1781247327.691290855,0.007664,0.006079,0.117145,0.000006,0.001525,0.000019,0.003407,0.135845,1,1,
197,3.940000,3.939999,1781247327.691290855,1781247327.696354389,1781247327.702225208,1781247327.817148685,1781247327.817156315,1781247327.817962646,1781247327.817982435,1781247327.821418285,0.005064,0.005871,0.114923,0.000008,0.000806,0.000020,0.003436,0.130127,1,1,
198,3.960000,3.959999,1781247327.821418285,1781247327.829879761,1781247327.835828543,1781247327.951806784,1781247327.951812506,1781247327.953877926,1781247327.953888655,1781247327.955857038,0.008461,0.005949,0.115978,0.000006,0.002065,0.000011,0.001968,0.134439,1,1,
199,3.980000,3.979999,1781247327.955857038,1781247327.963251829,1781247327.969176531,1781247328.084396601,1781247328.084403992,1781247328.086174488,1781247328.086185694,1781247328.088191748,0.007395,0.005925,0.115220,0.000007,0.001770,0.000011,0.002006,0.132335,1,1,
200,4.000000,3.999999,1781247328.088191748,1781247328.097092628,1781247328.105366945,1781247328.224391460,1781247328.224398136,1781247328.226222992,1781247328.226243019,1781247328.229716539,0.008901,0.008274,0.119025,0.000007,0.001825,0.000020,0.003474,0.141525,1,1,
201,4.020000,4.019999,1781247328.229716539,1781247328.230096102,1781247328.236118078,1781247328.351498604,1781247328.351506472,1781247328.353980780,1781247328.353995085,1781247328.355998516,0.000380,0.006022,0.115381,0.000008,0.002474,0.000014,0.002003,0.126282,1,1,
202,4.040000,4.039999,1781247328.355998516,1781247328.363709688,1781247328.369775295,1781247328.485665083,1781247328.485671282,1781247328.487194300,1781247328.487204790,1781247328.489040852,0.007711,0.006066,0.115890,0.000006,0.001523,0.000010,0.001836,0.133042,1,1,
203,4.060000,4.059999,1781247328.489040852,1781247328.497015953,1781247328.503071785,1781247328.618739605,1781247328.618747711,1781247328.621149778,1781247328.621160984,1781247328.623016596,0.007975,0.006056,0.115668,0.000008,0.002402,0.000011,0.001856,0.133976,1,1,
204,4.080000,4.079999,1781247328.623016596,1781247328.714229822,1781247328.720597982,1781247328.838788509,1781247328.838794947,1781247328.840697527,1781247328.840718508,1781247328.844374895,0.091213,0.006368,0.118191,0.000006,0.001903,0.000021,0.003656,0.221358,1,1,
205,4.100000,4.099999,1781247328.844374895,1781247328.847467422,1781247328.853708267,1781247328.970725298,1781247328.970732689,1781247328.971496820,1781247328.971508741,1781247328.973567009,0.003093,0.006241,0.117017,0.000007,0.000764,0.000012,0.002058,0.129192,1,1,
206,4.120000,4.119999,1781247328.973567009,1781247328.982220650,1781247328.988886833,1781247329.106147289,1781247329.106153488,1781247329.106696367,1781247329.106713772,1781247329.110101938,0.008654,0.006666,0.117260,0.000006,0.000543,0.000017,0.003388,0.136535,1,1,
207,4.140000,4.139999,1781247329.110101938,1781247329.114247084,1781247329.120403767,1781247329.236507177,1781247329.236515284,1781247329.237606049,1781247329.237625599,1781247329.241077662,0.004145,0.006157,0.116103,0.000008,0.001091,0.000020,0.003452,0.130976,1,1,
208,4.160000,4.159999,1781247329.241077662,1781247329.247663021,1781247329.253907919,1781247329.369791985,1781247329.369798899,1781247329.370920181,1781247329.370934486,1781247329.372960806,0.006585,0.006245,0.115884,0.000007,0.001121,0.000014,0.002026,0.131883,1,1,
209,4.180000,4.179999,1781247329.372960806,1781247329.381254435,1781247329.387429714,1781247329.502550364,1781247329.502557278,1781247329.504649401,1781247329.504667759,1781247329.508069992,0.008294,0.006175,0.115121,0.000007,0.002092,0.000018,0.003402,0.135109,1,1,
210,4.200000,4.199999,1781247329.508069992,1781247329.514536142,1781247329.520868063,1781247329.636544943,1781247329.636550665,1781247329.636946917,1781247329.636966228,1781247329.640416861,0.006466,0.006332,0.115677,0.000006,0.000396,0.000019,0.003451,0.132347,1,1,
211,4.220000,4.219999,1781247329.640416861,1781247329.647971630,1781247329.654276371,1781247329.769228458,1781247329.769236565,1781247329.771671772,1781247329.771690607,1781247329.774108887,0.007555,0.006305,0.114952,0.000008,0.002435,0.000019,0.002418,0.133692,1,1,
212,4.240000,4.239999,1781247329.774108887,1781247329.781454086,1781247329.788565874,1781247329.904216051,1781247329.904222012,1781247329.905208349,1781247329.905219316,1781247329.907131195,0.007345,0.007112,0.115650,0.000006,0.000986,0.000011,0.001912,0.133022,1,1,
213,4.260000,4.259999,1781247329.907131195,1781247329.914884329,1781247329.921246767,1781247330.037888527,1781247330.037895203,1781247330.039148092,1781247330.039167404,1781247330.042614937,0.007753,0.006362,0.116642,0.000007,0.001253,0.000019,0.003448,0.135484,1,1,
214,4.280000,4.279999,1781247330.042614937,1781247330.048338175,1781247330.054671526,1781247330.170003653,1781247330.170009851,1781247330.170690775,1781247330.170709848,1781247330.173151255,0.005723,0.006333,0.115332,0.000006,0.000681,0.000019,0.002441,0.130536,1,1,
215,4.300000,4.299999,1781247330.173151255,1781247330.181840181,1781247330.188230038,1781247330.303890228,1781247330.303898335,1781247330.305280924,1781247330.305300951,1781247330.307681084,0.008689,0.006390,0.115660,0.000008,0.001383,0.000020,0.002380,0.134530,1,1,
216,4.320000,4.319999,1781247330.307681084,1781247330.315196753,1781247330.321704865,1781247330.437542200,1781247330.437549591,1781247330.439027548,1781247330.439045668,1781247330.441344023,0.007516,0.006508,0.115837,0.000007,0.001478,0.000018,0.002298,0.133663,1,1,
217,4.340000,4.339999,1781247330.441344023,1781247330.448724270,1781247330.455171108,1781247330.570334911,1781247330.570342302,1781247330.570604563,1781247330.570617676,1781247330.572597027,0.007380,0.006447,0.115164,0.000007,0.000262,0.000013,0.001979,0.131253,1,1,
218,4.360000,4.359999,1781247330.572597027,1781247330.582350254,1781247330.588994741,1781247330.705003262,1781247330.705009222,1781247330.705201149,1781247330.705212831,1781247330.707113743,0.009753,0.006644,0.116009,0.000006,0.000192,0.000012,0.001901,0.134517,1,1,
219,4.380000,4.379999,1781247330.707113743,1781247330.715523005,1781247330.722047806,1781247330.837294102,1781247330.837302923,1781247330.839176416,1781247330.839195490,1781247330.842652082,0.008409,0.006525,0.115246,0.000009,0.001873,0.000019,0.003457,0.135538,1,1,
220,4.400000,4.399999,1781247330.842652082,1781247330.849021435,1781247330.855617285,1781247330.971272945,1781247330.971279383,1781247330.973079920,1781247330.973098516,1781247330.976475716,0.006369,0.006596,0.115656,0.000006,0.001801,0.000019,0.003377,0.133824,1,1,
221,4.420000,4.419999,1781247330.976475716,1781247330.982403517,1781247330.988970041,1781247331.103963375,1781247331.103971243,1781247331.105839252,1781247331.105862379,1781247331.107706070,0.005928,0.006567,0.114993,0.000008,0.001868,0.000023,0.001844,0.131230,1,1,
222,4.440000,4.439999,1781247331.107706070,1781247331.117138863,1781247331.123893023,1781247331.243300676,1781247331.243306398,1781247331.244626284,1781247331.244637966,1781247331.246513367,0.009433,0.006754,0.119408,0.000006,0.001320,0.000012,0.001875,0.138807,1,1,
223,4.460000,4.459999,1781247331.246513367,1781247331.249510050,1781247331.256238699,1781247331.371648550,1781247331.371656418,1781247331.373528004,1781247331.373546124,1781247331.376711607,0.002997,0.006729,0.115410,0.000008,0.001872,0.000018,0.003165,0.130198,1,1,
224,4.480000,4.479999,1781247331.376711607,1781247331.382745028,1781247331.389478207,1781247331.505152702,1781247331.505159140,1781247331.507372379,1781247331.507390261,1781247331.510785818,0.006033,0.006733,0.115674,0.000006,0.002213,0.000018,0.003396,0.134074,1,1,
225,4.500000,4.499999,1781247331.510785818,1781247331.516422749,1781247331.523079395,1781247331.638077974,1781247331.638085842,1781247331.638574600,1781247331.638586998,1781247331.640513420,0.005637,0.006657,0.114999,0.000008,0.000489,0.000012,0.001926,0.129728,1,1,
226,4.520000,4.519999,1781247331.640513420,1781247331.649702072,1781247331.656438351,1781247331.772096395,1781247331.772102594,1781247331.773545980,1781247331.773564100,1781247331.776936769,0.009189,0.006736,0.115658,0.000006,0.001443,0.000018,0.003373,0.136423,1,1,
227,4.540000,4.539999,1781247331.776936769,1781247331.783440828,1781247331.791553736,1781247331.905804396,1781247331.905811310,1781247331.907971621,1781247331.907989979,1781247331.910315990,0.006504,0.008113,0.114251,0.000007,0.002160,0.000018,0.002326,0.133379,1,1,
228,4.560000,4.559999,1781247331.910315990,1781247331.916754484,1781247331.923897028,1781247332.042510509,1781247332.042516708,1781247332.044537544,1781247332.044554949,1781247332.048125505,0.006438,0.007143,0.118613,0.000006,0.002021,0.000017,0.003571,0.137810,1,1,
229,4.580000,4.579999,1781247332.048125505,1781247332.050183058,1781247332.056979179,1781247332.172486305,1781247332.172494888,1781247332.173427105,1781247332.173446655,1781247332.175318003,0.002058,0.006796,0.115507,0.000009,0.000932,0.000020,0.001871,0.127192,1,1,
230,4.600000,4.599999,1781247332.175318003,1781247332.183464289,1781247332.190308332,1781247332.306051016,1781247332.306059122,1781247332.307952881,1781247332.307972193,1781247332.311378956,0.008146,0.006844,0.115743,0.000008,0.001894,0.000019,0.003407,0.136061,1,1,
231,4.620000,4.619999,1781247332.311378956,1781247332.317087173,1781247332.323859692,1781247332.439444065,1781247332.439451456,1781247332.440912724,1781247332.440931320,1781247332.444322586,0.005708,0.006773,0.115584,0.000007,0.001461,0.000019,0.003391,0.132944,1,1,
232,4.640000,4.639999,1781247332.444322586,1781247332.450351477,1781247332.457219124,1781247332.572495461,1781247332.572501659,1781247332.574868441,1781247332.574887753,1781247332.578285933,0.006029,0.006868,0.115276,0.000006,0.002367,0.000019,0.003398,0.133963,1,1,
233,4.660000,4.659999,1781247332.578285933,1781247332.583972931,1781247332.590871096,1781247332.706097126,1781247332.706104517,1781247332.708161592,1781247332.708179235,1781247332.710470438,0.005687,0.006898,0.115226,0.000007,0.002057,0.000018,0.002291,0.132185,1,1,
234,4.680000,4.679999,1781247332.710470438,1781247332.717221022,1781247332.724138975,1781247332.839618444,1781247332.839625359,1781247332.840087414,1781247332.840109348,1781247332.842532158,0.006751,0.006918,0.115479,0.000007,0.000462,0.000022,0.002423,0.132062,1,1,
235,4.700000,4.699999,1781247332.842532158,1781247332.850673676,1781247332.857643366,1781247332.973114967,1781247332.973123312,1781247332.975480795,1781247332.975498915,1781247332.978083849,0.008142,0.006970,0.115472,0.000008,0.002357,0.000018,0.002585,0.135552,1,1,
236,4.720000,4.719999,1781247332.978083849,1781247332.984277010,1781247332.991249323,1781247333.106396914,1781247333.106403112,1781247333.108237982,1781247333.108250618,1781247333.110158920,0.006193,0.006972,0.115148,0.000006,0.001835,0.000013,0.001908,0.132075,1,1,
237,4.740000,4.739999,1781247333.110158920,1781247333.117477179,1781247333.124661207,1781247333.240089893,1781247333.240097523,1781247333.241487980,1781247333.241507769,1781247333.244971752,0.007318,0.007184,0.115429,0.000008,0.001390,0.000020,0.003464,0.134813,1,1,
238,4.760000,4.759999,1781247333.244971752,1781247333.251327753,1781247333.258305073,1781247333.373440742,1781247333.373447418,1781247333.375686169,1781247333.375696898,1781247333.377538204,0.006356,0.006977,0.115136,0.000007,0.002239,0.000011,0.001841,0.132566,1,1,
239,4.780000,4.779999,1781247333.377538204,1781247333.384441376,1781247333.391475677,1781247333.507666826,1781247333.507674456,1781247333.509394884,1781247333.509413481,1781247333.511605263,0.006903,0.007034,0.116191,0.000008,0.001720,0.000019,0.002192,0.134067,1,1,
240,4.800000,4.799999,1781247333.511605263,1781247333.517855167,1781247333.524928570,1781247333.640239477,1781247333.640244961,1781247333.640868425,1781247333.640886307,1781247333.644302130,0.006250,0.007073,0.115311,0.000005,0.000623,0.000018,0.003416,0.132697,1,1,
241,4.820000,4.819999,1781247333.644302130,1781247333.651427269,1781247333.658457994,1781247333.772980213,1781247333.772987604,1781247333.774282217,1781247333.774294615,1781247333.776105165,0.007125,0.007031,0.114522,0.000007,0.001295,0.000012,0.001811,0.131803,1,1,
242,4.840000,4.839999,1781247333.776105165,1781247333.784741640,1781247333.792018414,1781247333.908103943,1781247333.908109426,1781247333.908725739,1781247333.908736706,1781247333.910593271,0.008636,0.007277,0.116086,0.000005,0.000616,0.000011,0.001857,0.134488,1,1,
243,4.860000,4.859999,1781247333.910593271,1781247333.918160915,1781247333.925384521,1781247334.042623281,1781247334.042630434,1781247334.044880152,1781247334.044898033,1781247334.048343897,0.007568,0.007224,0.117239,0.000007,0.002250,0.000018,0.003446,0.137751,1,1,
244,4.880000,4.879999,1781247334.048343897,1781247334.053108454,1781247334.060263395,1781247334.175122023,1781247334.175127983,1781247334.177556276,1781247334.177574396,1781247334.181034088,0.004765,0.007155,0.114859,0.000006,0.002428,0.000018,0.003460,0.132690,1,1,
245,4.900000,4.899999,1781247334.181034088,1781247334.185294628,1781247334.192724705,1781247334.308444977,1781247334.308452606,1781247334.310424089,1781247334.310443163,1781247334.313889503,0.004261,0.007430,0.115720,0.000008,0.001971,0.000019,0.003446,0.132855,1,1,
246,4.920000,4.919999,1781247334.313889503,1781247334.318747044,1781247334.325966358,1781247334.441341639,1781247334.441347361,1781247334.441820383,1781247334.441837788,1781247334.445252180,0.004858,0.007219,0.115375,0.000006,0.000473,0.000017,0.003414,0.131363,1,1,
247,4.940000,4.939999,1781247334.445252180,1781247334.452062607,1781247334.459357977,1781247334.575268269,1781247334.575276613,1781247334.576108694,1781247334.576120138,1781247334.577968359,0.006810,0.007295,0.115910,0.000008,0.000832,0.000011,0.001848,0.132716,1,1,
248,4.960000,4.959999,1781247334.577968359,1781247334.585307360,1781247334.592580557,1781247334.707894325,1781247334.707900763,1781247334.710240841,1781247334.710253477,1781247334.712224722,0.007339,0.007273,0.115314,0.000006,0.002340,0.000013,0.001971,0.134256,1,1,
249,4.980000,4.979999,1781247334.712224722,1781247334.718880415,1781247334.726268768,1781247334.842003107,1781247334.842010736,1781247334.843983412,1781247334.843995571,1781247334.845992088,0.006656,0.007388,0.115734,0.000008,0.001973,0.000012,0.001997,0.133767,1,1,
250,5.000000,5.000000,1781247334.845992088,1781247334.853527784,1781247334.860917091,1781247334.976553440,1781247334.976559639,1781247334.978297710,1781247334.978315353,1781247334.981755495,0.007536,0.007389,0.115636,0.000006,0.001738,0.000018,0.003440,0.135763,1,1,
251,5.020000,5.020000,1781247334.981755495,1781247334.985732317,1781247334.993121624,1781247335.108457804,1781247335.108466148,1781247335.110512495,1781247335.110531807,1781247335.113070488,0.003977,0.007389,0.115336,0.000008,0.002046,0.000019,0.002539,0.131315,1,1,
252,5.040000,5.040000,1781247335.113070488,1781247335.119420052,1781247335.126883268,1781247335.242078781,1781247335.242085218,1781247335.242471457,1781247335.242484331,1781247335.244331598,0.006350,0.007463,0.115196,0.000006,0.000386,0.000013,0.001847,0.131261,1,1,
253,5.060000,5.060000,1781247335.244331598,1781247335.252695560,1781247335.260097742,1781247335.375293732,1781247335.375301123,1781247335.377240181,1781247335.377251625,1781247335.379221439,0.008364,0.007402,0.115196,0.000007,0.001939,0.000011,0.001970,0.134890,1,1,
254,5.080000,5.080000,1781247335.379221439,1781247335.386034489,1781247335.393523216,1781247335.510390759,1781247335.510396719,1781247335.512160540,1781247335.512172699,1781247335.514028072,0.006813,0.007489,0.116868,0.000006,0.001764,0.000012,0.001855,0.134807,1,1,
255,5.100000,5.100000,1781247335.514028072,1781247335.519537449,1781247335.527044773,1781247335.644435644,1781247335.644442558,1781247335.644840717,1781247335.644864321,1781247335.647463083,0.005509,0.007507,0.117391,0.000007,0.000398,0.000024,0.002599,0.133435,1,1,
256,5.120000,5.120000,1781247335.647463083,1781247335.653023243,1781247335.660903692,1781247335.776811838,1781247335.776817322,1781247335.779014587,1781247335.779031992,1781247335.782417059,0.005560,0.007880,0.115908,0.000005,0.002197,0.000017,0.003385,0.134954,1,1,
257,5.140000,5.140000,1781247335.782417059,1781247335.786400080,1781247335.797081947,1781247335.911937714,1781247335.911945820,1781247335.913673401,1781247335.913693428,1781247335.916285992,0.003983,0.010682,0.114856,0.000008,0.001728,0.000020,0.002593,0.133869,1,1,
258,5.160000,5.160000,1781247335.916285992,1781247335.919922352,1781247335.928162098,1781247336.043671370,1781247336.043678761,1781247336.044841766,1781247336.044859171,1781247336.048233032,0.003636,0.008240,0.115509,0.000007,0.001163,0.000017,0.003374,0.131947,1,1,
259,5.180000,5.180000,1781247336.048233032,1781247336.053456783,1781247336.062398434,1781247336.178278685,1781247336.178285837,1781247336.178738356,1781247336.178760052,1781247336.181725979,0.005224,0.008942,0.115880,0.000007,0.000453,0.000022,0.002966,0.133493,1,1,
260,5.200000,5.200000,1781247336.181725979,1781247336.186702967,1781247336.194429398,1781247336.310606241,1781247336.310612440,1781247336.311032057,1781247336.311049461,1781247336.314476252,0.004977,0.007726,0.116177,0.000006,0.000420,0.000017,0.003427,0.132750,1,1,
261,5.220000,5.220000,1781247336.314476252,1781247336.320245028,1781247336.328081131,1781247336.443148613,1781247336.443156481,1781247336.444750547,1781247336.444768667,1781247336.446712971,0.005769,0.007836,0.115067,0.000008,0.001594,0.000018,0.001944,0.132237,1,1,
262,5.240000,5.240000,1781247336.446712971,1781247336.453657150,1781247336.464440584,1781247336.582268715,1781247336.582274199,1781247336.583786249,1781247336.583808661,1781247336.587357521,0.006944,0.010783,0.117828,0.000005,0.001512,0.000022,0.003549,0.140645,1,1,
263,5.260000,5.260000,1781247336.587357521,1781247336.603776455,1781247336.611544847,1781247336.727687836,1781247336.727696180,1781247336.729763508,1781247336.729779720,1781247336.732002974,0.016419,0.007768,0.116143,0.000008,0.002067,0.000016,0.002223,0.144645,1,1,
264,5.280000,5.280000,1781247336.732002974,1781247336.737486839,1781247336.746267080,1781247336.862620115,1781247336.862626314,1781247336.863698959,1781247336.863712072,1781247336.865694761,0.005484,0.008780,0.116353,0.000006,0.001073,0.000013,0.001983,0.133692,1,1,
265,5.300000,5.300000,1781247336.865694761,1781247336.870780468,1781247336.878990173,1781247336.994987726,1781247336.994995117,1781247336.997415066,1781247336.997426033,1781247336.999400377,0.005086,0.008210,0.115998,0.000007,0.002420,0.000011,0.001974,0.133706,1,1,
266,5.320000,5.320000,1781247336.999400377,1781247337.005327940,1781247337.013161659,1781247337.128875732,1781247337.128881931,1781247337.130362034,1781247337.130381346,1781247337.133836985,0.005928,0.007834,0.115714,0.000006,0.001480,0.000019,0.003456,0.134437,1,1,
267,5.340000,5.340000,1781247337.133836985,1781247337.138675928,1781247337.146574736,1781247337.262355804,1781247337.262363672,1781247337.263946295,1781247337.263964176,1781247337.266424417,0.004839,0.007899,0.115781,0.000008,0.001583,0.000018,0.002460,0.132587,1,1,
268,5.360000,5.360000,1781247337.266424417,1781247337.270894766,1781247337.278823853,1781247337.394668818,1781247337.394675493,1781247337.396637201,1781247337.396656036,1781247337.400174379,0.004470,0.007929,0.115845,0.000007,0.001962,0.000019,0.003518,0.133750,1,1,
269,5.380000,5.380000,1781247337.400174379,1781247337.404576302,1781247337.412682772,1781247337.529438257,1781247337.529445410,1781247337.529981852,1781247337.529994011,1781247337.531964064,0.004402,0.008106,0.116755,0.000007,0.000536,0.000012,0.001970,0.131790,1,1,
270,5.400000,5.400000,1781247337.531964064,1781247337.537993193,1781247337.545976639,1781247337.662451267,1781247337.662456989,1781247337.663666725,1781247337.663686037,1781247337.665714025,0.006029,0.007983,0.116475,0.000006,0.001210,0.000019,0.002028,0.133750,1,1,
271,5.420000,5.420000,1781247337.665714025,1781247337.671345711,1781247337.679352760,1781247337.795177937,1781247337.795184851,1781247337.797183275,1781247337.797194242,1781247337.799163342,0.005632,0.008007,0.115825,0.000007,0.001998,0.000011,0.001969,0.133449,1,1,
272,5.440000,5.440000,1781247337.799163342,1781247337.804726124,1781247337.812742472,1781247337.928680420,1781247337.928686857,1781247337.930052280,1781247337.930064678,1781247337.932036400,0.005563,0.008016,0.115938,0.000006,0.001365,0.000012,0.001972,0.132873,1,1,
273,5.460000,5.460000,1781247337.932036400,1781247337.938244820,1781247337.946284771,1781247338.061941147,1781247338.061948299,1781247338.064222097,1781247338.064233065,1781247338.066130161,0.006208,0.008040,0.115656,0.000007,0.002274,0.000011,0.001897,0.134094,1,1,
274,5.480000,5.480000,1781247338.066130161,1781247338.071598530,1781247338.080178261,1781247338.196456909,1781247338.196463108,1781247338.197882175,1781247338.197893858,1781247338.199750900,0.005468,0.008580,0.116279,0.000006,0.001419,0.000012,0.001857,0.133621,1,1,
275,5.500000,5.500000,1781247338.199750900,1781247338.206373692,1781247338.214781523,1781247338.330105782,1781247338.330113888,1781247338.331085682,1781247338.331103325,1781247338.334514856,0.006623,0.008408,0.115324,0.000008,0.000972,0.000018,0.003412,0.134764,1,1,
276,5.520000,5.520000,1781247338.334514856,1781247338.338485956,1781247338.346598387,1781247338.461970806,1781247338.461976290,1781247338.464017391,1781247338.464035273,1781247338.467434645,0.003971,0.008112,0.115372,0.000005,0.002041,0.000018,0.003399,0.132920,1,1,
277,5.540000,5.540000,1781247338.467434645,1781247338.472042322,1781247338.480178118,1781247338.594998837,1781247338.595006943,1781247338.596599817,1781247338.596611023,1781247338.598444462,0.004608,0.008136,0.114821,0.000008,0.001593,0.000011,0.001833,0.131010,1,1,
278,5.560000,5.560000,1781247338.598444462,1781247338.606563091,1781247338.614744425,1781247338.730705738,1781247338.730711222,1781247338.731630802,1781247338.731649637,1781247338.734174728,0.008119,0.008181,0.115961,0.000005,0.000920,0.000019,0.002525,0.135730,1,1,
279,5.580000,5.580000,1781247338.734174728,1781247338.738919497,1781247338.747071981,1781247338.862572193,1781247338.862580538,1781247338.862935305,1781247338.862954140,1781247338.866403580,0.004745,0.008152,0.115500,0.000008,0.000355,0.000019,0.003449,0.132229,1,1,
280,5.600000,5.600000,1781247338.866403580,1781247338.872537851,1781247338.880779505,1781247338.996605635,1781247338.996612787,1781247338.997343063,1781247338.997354031,1781247338.999224901,0.006134,0.008242,0.115826,0.000007,0.000730,0.000011,0.001871,0.132821,1,1,
281,5.620000,5.620000,1781247338.999224901,1781247339.005841494,1781247339.014066219,1781247339.129706860,1781247339.129714966,1781247339.130344152,1781247339.130356312,1781247339.132182837,0.006617,0.008225,0.115641,0.000008,0.000629,0.000012,0.001827,0.132958,1,1,
282,5.640000,5.640000,1781247339.132182837,1781247339.139101744,1781247339.147441149,1781247339.263078928,1781247339.263084888,1781247339.263481379,1781247339.263499737,1781247339.266909122,0.006919,0.008339,0.115638,0.000006,0.000396,0.000018,0.003409,0.134726,1,1,
283,5.660000,5.660000,1781247339.266909122,1781247339.272601843,1781247339.280929804,1781247339.396313667,1781247339.396321297,1781247339.397855282,1781247339.397866964,1781247339.399860620,0.005693,0.008328,0.115384,0.000008,0.001534,0.000012,0.001994,0.132951,1,1,
284,5.680000,5.680000,1781247339.399860620,1781247339.406094313,1781247339.414414406,1781247339.529945850,1781247339.529951811,1781247339.531505108,1781247339.531515598,1781247339.533416271,0.006234,0.008320,0.115531,0.000006,0.001553,0.000010,0.001901,0.133556,1,1,
285,5.700000,5.700000,1781247339.533416271,1781247339.539458752,1781247339.547842264,1781247339.662696362,1781247339.662703991,1781247339.663876295,1781247339.663887262,1781247339.665812731,0.006042,0.008384,0.114854,0.000008,0.001172,0.000011,0.001925,0.132396,1,1,
286,5.720000,5.720000,1781247339.665812731,1781247339.672937870,1781247339.681454182,1781247339.796683311,1781247339.796689987,1781247339.797609806,1781247339.797621250,1781247339.799556494,0.007125,0.008516,0.115229,0.000007,0.000920,0.000011,0.001935,0.133744,1,1,
287,5.740000,5.740000,1781247339.799556494,1781247339.806332111,1781247339.814741135,1781247339.930422544,1781247339.930429697,1781247339.932508469,1781247339.932519913,1781247339.934424400,0.006776,0.008409,0.115681,0.000007,0.002079,0.000011,0.001904,0.134868,1,1,
288,5.760000,5.760000,1781247339.934424400,1781247339.939842224,1781247339.948517084,1781247340.064181566,1781247340.064187050,1781247340.064609051,1781247340.064626694,1781247340.067080498,0.005418,0.008675,0.115664,0.000005,0.000422,0.000018,0.002454,0.132656,1,1,
289,5.780000,5.780000,1781247340.067080498,1781247340.073282719,1781247340.082032919,1781247340.198621750,1781247340.198629141,1781247340.199286699,1781247340.199299574,1781247340.201306581,0.006202,0.008750,0.116589,0.000007,0.000658,0.000013,0.002007,0.134226,1,1,
290,5.800000,5.800000,1781247340.201306581,1781247340.206622839,1781247340.215167046,1781247340.330777168,1781247340.330783129,1781247340.331069469,1781247340.331087589,1781247340.334503651,0.005316,0.008544,0.115610,0.000006,0.000286,0.000018,0.003416,0.133197,1,1,
291,5.820000,5.820000,1781247340.334503651,1781247340.340125084,1781247340.348667145,1781247340.464030504,1781247340.464038610,1781247340.465984106,1781247340.466001511,1781247340.469392300,0.005621,0.008542,0.115363,0.000008,0.001945,0.000017,0.003391,0.134889,1,1,
292,5.840000,5.840000,1781247340.469392300,1781247340.473550081,1781247340.482085466,1781247340.597795010,1781247340.597801447,1781247340.600080967,1781247340.600098372,1781247340.603507280,0.004158,0.008535,0.115710,0.000006,0.002280,0.000017,0.003409,0.134115,1,1,
293,5.860000,5.860000,1781247340.603507280,1781247340.607042313,1781247340.617318630,1781247340.734091759,1781247340.734099150,1781247340.736016750,1781247340.736036539,1781247340.738590956,0.003535,0.010276,0.116773,0.000007,0.001918,0.000020,0.002554,0.135084,1,1,
294,5.880000,5.880000,1781247340.738590956,1781247340.741673946,1781247340.750497341,1781247340.866648436,1781247340.866655827,1781247340.867066622,1781247340.867078543,1781247340.869030952,0.003083,0.008823,0.116151,0.000007,0.000411,0.000012,0.001952,0.130440,1,1,
295,5.900000,5.900000,1781247340.869030952,1781247340.873952150,1781247340.882993221,1781247340.998839140,1781247340.998846292,1781247341.001224518,1781247341.001243591,1781247341.004735231,0.004921,0.009041,0.115846,0.000007,0.002378,0.000019,0.003492,0.135704,1,1,
296,5.920000,5.920000,1781247341.004735231,1781247341.007418871,1781247341.017966747,1781247341.133844137,1781247341.133849859,1781247341.135732412,1781247341.135749817,1781247341.139216661,0.002684,0.010548,0.115877,0.000006,0.001883,0.000017,0.003467,0.134481,1,1,
297,5.940000,5.940000,1781247341.139216661,1781247341.140915632,1781247341.149750233,1781247341.265111446,1781247341.265119314,1781247341.266091585,1781247341.266109467,1781247341.269103050,0.001699,0.008835,0.115361,0.000008,0.000972,0.000018,0.002994,0.129886,1,1,
298,5.960000,5.960000,1781247341.269103050,1781247341.274465799,1781247341.283262014,1781247341.399089098,1781247341.399096251,1781247341.400420427,1781247341.400431871,1781247341.402241945,0.005363,0.008796,0.115827,0.000007,0.001324,0.000011,0.001810,0.133139,1,1,
299,5.980000,5.980000,1781247341.402241945,1781247341.407644749,1781247341.416410923,1781247341.531891346,1781247341.531898737,1781247341.533367634,1781247341.533387184,1781247341.536739349,0.005403,0.008766,0.115480,0.000007,0.001469,0.000020,0.003352,0.134497,1,1,
300,6.000000,6.000000,1781247341.536739349,1781247341.541221619,1781247341.550082922,1781247341.666341305,1781247341.666347504,1781247341.666518927,1781247341.666530132,1781247341.668424845,0.004482,0.008861,0.116258,0.000006,0.000171,0.000011,0.001895,0.131685,1,1,
301,6.020000,6.020000,1781247341.668424845,1781247341.674755812,1781247341.683910370,1781247341.800095558,1781247341.800102472,1781247341.801921844,1781247341.801936388,1781247341.803950787,0.006331,0.009155,0.116185,0.000007,0.001819,0.000015,0.002014,0.135526,1,1,
302,6.040000,6.040000,1781247341.803950787,1781247341.809188128,1781247341.818261862,1781247341.935151339,1781247341.935157299,1781247341.935418367,1781247341.935436964,1781247341.938557625,0.005237,0.009074,0.116889,0.000006,0.000261,0.000019,0.003121,0.134607,1,1,
303,6.060000,6.060000,1781247341.938557625,1781247341.942589283,1781247341.951447248,1781247342.067208529,1781247342.067216635,1781247342.068147659,1781247342.068158388,1781247342.070178747,0.004032,0.008858,0.115761,0.000008,0.000931,0.000011,0.002020,0.131621,1,1,
304,6.080000,6.080000,1781247342.070178747,1781247342.075055838,1781247342.084359884,1781247342.200476170,1781247342.200481892,1781247342.201151848,1781247342.201169491,1781247342.204014778,0.004877,0.009304,0.116116,0.000006,0.000670,0.000018,0.002845,0.133836,1,1,
305,6.100000,6.100000,1781247342.204014778,1781247342.208328962,1781247342.217261553,1781247342.332803488,1781247342.332811117,1781247342.333633184,1781247342.333650827,1781247342.337223053,0.004314,0.008933,0.115542,0.000008,0.000822,0.000018,0.003572,0.133208,1,1,
306,6.120000,6.120000,1781247342.337223053,1781247342.341767073,1781247342.350672245,1781247342.466060400,1781247342.466066360,1781247342.466542006,1781247342.466559887,1781247342.470070601,0.004544,0.008905,0.115388,0.000006,0.000476,0.000018,0.003511,0.132848,1,1,
307,6.140000,6.140000,1781247342.470070601,1781247342.475356340,1781247342.484412909,1781247342.599740267,1781247342.599748135,1781247342.601721287,1781247342.601739883,1781247342.603922129,0.005286,0.009057,0.115327,0.000008,0.001973,0.000019,0.002182,0.133852,1,1,
308,6.160000,6.160000,1781247342.603922129,1781247342.608613729,1781247342.617586613,1781247342.732866287,1781247342.732872248,1781247342.734190941,1781247342.734208345,1781247342.736468077,0.004692,0.008973,0.115280,0.000006,0.001319,0.000017,0.002260,0.132546,1,1,
309,6.180000,6.180000,1781247342.736468077,1781247342.742086887,1781247342.751151562,1781247342.866541862,1781247342.866549253,1781247342.869091511,1781247342.869104862,1781247342.871092081,0.005619,0.009065,0.115390,0.000007,0.002542,0.000013,0.001987,0.134624,1,1,
310,6.200000,6.200000,1781247342.871092081,1781247342.875532389,1781247342.884740114,1781247343.001762152,1781247343.001768589,1781247343.002196550,1781247343.002207994,1781247343.004218102,0.004440,0.009208,0.117022,0.000006,0.000428,0.000011,0.002010,0.133126,1,1,
311,6.220000,6.220000,1781247343.004218102,1781247343.008981228,1781247343.018092632,1781247343.132976532,1781247343.132984877,1781247343.135034800,1781247343.135053396,1781247343.137542963,0.004763,0.009111,0.114884,0.000008,0.002050,0.000019,0.002490,0.133325,1,1,
312,6.240000,6.240000,1781247343.137542963,1781247343.142483950,1781247343.151887894,1781247343.270601034,1781247343.270606756,1781247343.270890713,1781247343.270908833,1781247343.273925066,0.004941,0.009404,0.118713,0.000006,0.000284,0.000018,0.003016,0.136382,1,1,
313,6.260000,6.260000,1781247343.273925066,1781247343.275790453,1781247343.288404703,1781247343.403710127,1781247343.403717995,1781247343.405354500,1781247343.405373335,1781247343.409059286,0.001865,0.012614,0.115305,0.000008,0.001637,0.000019,0.003686,0.135134,1,1,
314,6.280000,6.280000,1781247343.409059286,1781247343.409296274,1781247343.418675423,1781247343.534203053,1781247343.534209013,1781247343.536423922,1781247343.536442518,1781247343.540033102,0.000237,0.009379,0.115528,0.000006,0.002215,0.000019,0.003591,0.130974,1,1,
315,6.300000,6.300000,1781247343.540033102,1781247343.542752266,1781247343.552034378,1781247343.667041063,1781247343.667048693,1781247343.668441534,1781247343.668453932,1781247343.670373678,0.002719,0.009282,0.115007,0.000008,0.001393,0.000012,0.001920,0.130341,1,1,
316,6.320000,6.320000,1781247343.670373678,1781247343.676188231,1781247343.685405493,1781247343.800650597,1781247343.800656080,1781247343.802496195,1781247343.802514076,1781247343.805792809,0.005815,0.009217,0.115245,0.000005,0.001840,0.000018,0.003279,0.135419,1,1,
317,6.340000,6.340000,1781247343.805792809,1781247343.809702158,1781247343.818936348,1781247343.933496237,1781247343.933503628,1781247343.935613155,1781247343.935631514,1781247343.939271688,0.003909,0.009234,0.114560,0.000007,0.002110,0.000018,0.003640,0.133479,1,1,
318,6.360000,6.360000,1781247343.939271688,1781247343.944385767,1781247343.953725338,1781247344.070490360,1781247344.070496082,1781247344.072723389,1781247344.072741747,1781247344.075305462,0.005114,0.009340,0.116765,0.000006,0.002227,0.000018,0.002564,0.136034,1,1,
319,6.380000,6.380000,1781247344.075305462,1781247344.077306509,1781247344.086963415,1781247344.202549934,1781247344.202557087,1781247344.204933405,1781247344.204951763,1781247344.207534790,0.002001,0.009657,0.115587,0.000007,0.002376,0.000018,0.002583,0.132229,1,1,
320,6.400000,6.400000,1781247344.207534790,1781247344.211247921,1781247344.220950842,1781247344.338081121,1781247344.338087082,1781247344.340204477,1781247344.340223312,1781247344.343086958,0.003713,0.009703,0.117130,0.000006,0.002117,0.000019,0.002864,0.135552,1,1,
321,6.420000,6.420000,1781247344.343086958,1781247344.343334436,1781247344.352839947,1781247344.468335867,1781247344.468343496,1781247344.470703363,1781247344.470716238,1781247344.472629547,0.000247,0.009506,0.115496,0.000008,0.002360,0.000013,0.001913,0.129543,1,1,
322,6.440000,6.440000,1781247344.472629547,1781247344.476845264,1781247344.488060951,1781247344.602969646,1781247344.602976322,1781247344.604219198,1781247344.604236603,1781247344.606637239,0.004216,0.011216,0.114909,0.000007,0.001243,0.000017,0.002401,0.134008,1,1,
323,6.460000,6.460000,1781247344.606637239,1781247344.610353708,1781247344.619837046,1781247344.734004021,1781247344.734012127,1781247344.735732555,1781247344.735744953,1781247344.737628698,0.003716,0.009483,0.114167,0.000008,0.001720,0.000012,0.001884,0.130991,1,1,
324,6.480000,6.480000,1781247344.737628698,1781247344.743791103,1781247344.753230810,1781247344.868165731,1781247344.868171930,1781247344.868855238,1781247344.868873358,1781247344.872459412,0.006162,0.009440,0.114935,0.000006,0.000683,0.000018,0.003586,0.134831,1,1,
325,6.500000,6.500000,1781247344.872459412,1781247344.877160549,1781247344.886720657,1781247345.001517534,1781247345.001524687,1781247345.003682375,1781247345.003700018,1781247345.007235765,0.004701,0.009560,0.114797,0.000007,0.002158,0.000018,0.003536,0.134776,1,1,
326,6.520000,6.520000,1781247345.007235765,1781247345.010640621,1781247345.020314693,1781247345.136209011,1781247345.136214733,1781247345.136591911,1781247345.136610270,1781247345.139796734,0.003405,0.009674,0.115894,0.000006,0.000377,0.000018,0.003186,0.132561,1,1,
327,6.540000,6.540000,1781247345.139796734,1781247345.144276142,1781247345.153828382,1781247345.269059896,1781247345.269067526,1781247345.270957708,1781247345.270976543,1781247345.274606228,0.004479,0.009552,0.115232,0.000008,0.001890,0.000019,0.003630,0.134809,1,1,
328,6.560000,6.560000,1781247345.274606228,1781247345.277557850,1781247345.287205935,1781247345.402608871,1781247345.402614832,1781247345.403873682,1781247345.403901339,1781247345.405990601,0.002952,0.009648,0.115403,0.000006,0.001259,0.000028,0.002089,0.131384,1,1,
329,6.580000,6.580000,1781247345.405990601,1781247345.411046982,1781247345.420681953,1781247345.535506487,1781247345.535514116,1781247345.535728693,1781247345.535739183,1781247345.537678003,0.005056,0.009635,0.114825,0.000008,0.000215,0.000010,0.001939,0.131687,1,1,
330,6.600000,6.600000,1781247345.537678003,1781247345.544346571,1781247345.554063797,1781247345.669158936,1781247345.669164896,1781247345.671307564,1781247345.671325922,1781247345.675091743,0.006669,0.009717,0.115095,0.000006,0.002143,0.000018,0.003766,0.137414,1,1,
331,6.620000,6.620000,1781247345.675091743,1781247345.679043531,1781247345.688750267,1781247345.803713083,1781247345.803720713,1781247345.804368734,1781247345.804385900,1781247345.808032990,0.003952,0.009707,0.114963,0.000008,0.000648,0.000017,0.003647,0.132941,1,1,
332,6.640000,6.640000,1781247345.808032990,1781247345.811270237,1781247345.821033001,1781247345.937132359,1781247345.937138081,1781247345.939125299,1781247345.939142466,1781247345.941915274,0.003237,0.009763,0.116099,0.000006,0.001987,0.000017,0.002773,0.133882,1,1,
333,6.660000,6.660000,1781247345.941915274,1781247345.944689035,1781247345.954664469,1781247346.069393158,1781247346.069401264,1781247346.072003603,1781247346.072016954,1781247346.074041843,0.002774,0.009975,0.114729,0.000008,0.002602,0.000013,0.002025,0.132127,1,1,
334,6.680000,6.680000,1781247346.074041843,1781247346.078256130,1781247346.088257074,1781247346.204283476,1781247346.204289198,1781247346.206245661,1781247346.206264734,1781247346.210061073,0.004214,0.010001,0.116026,0.000006,0.001956,0.000019,0.003796,0.136019,1,1,
335,6.700000,6.700000,1781247346.210061073,1781247346.211806774,1781247346.221721649,1781247346.336842060,1781247346.336849689,1781247346.339194298,1781247346.339212894,1781247346.342758894,0.001746,0.009915,0.115120,0.000008,0.002345,0.000019,0.003546,0.132698,1,1,
336,6.720000,6.720000,1781247346.342758894,1781247346.345208168,1781247346.356221676,1781247346.471575499,1781247346.471581936,1781247346.474133253,1781247346.474152088,1781247346.477624178,0.002449,0.011014,0.115354,0.000006,0.002551,0.000019,0.003472,0.134865,1,1,
337,6.740000,6.740000,1781247346.477624178,1781247346.478478670,1781247346.488451481,1781247346.603146076,1781247346.603154182,1781247346.604803085,1781247346.604828835,1781247346.606916666,0.000854,0.009973,0.114695,0.000008,0.001649,0.000026,0.002088,0.129292,1,1,
338,6.760000,6.760000,1781247346.606916666,1781247346.612212658,1781247346.622210979,1781247346.737730742,1781247346.737737656,1781247346.740183830,1781247346.740205050,1781247346.742637157,0.005296,0.009998,0.115520,0.000007,0.002446,0.000021,0.002432,0.135720,1,1,
339,6.780000,6.780000,1781247346.742637157,1781247346.745338440,1781247346.755573511,1781247346.870907545,1781247346.870915174,1781247346.872974634,1781247346.872985363,1781247346.874937534,0.002701,0.010235,0.115334,0.000008,0.002059,0.000011,0.001952,0.132300,1,1,
340,6.800000,6.800000,1781247346.874937534,1781247346.878865480,1781247346.889250755,1781247347.006058455,1781247347.006064653,1781247347.006828070,1781247347.006846666,1781247347.010533571,0.003928,0.010385,0.116808,0.000006,0.000763,0.000019,0.003687,0.135596,1,1,
341,6.820000,6.820000,1781247347.010533571,1781247347.012272358,1781247347.022306204,1781247347.137802839,1781247347.137810230,1781247347.139053583,1781247347.139065266,1781247347.141074657,0.001739,0.010034,0.115497,0.000007,0.001243,0.000012,0.002009,0.130541,1,1,
342,6.840000,6.840000,1781247347.141074657,1781247347.145726442,1781247347.155931950,1781247347.271458864,1781247347.271464586,1781247347.271975994,1781247347.271994591,1781247347.275695562,0.004652,0.010206,0.115527,0.000006,0.000511,0.000019,0.003701,0.134621,1,1,
343,6.860000,6.860000,1781247347.275695562,1781247347.279323339,1781247347.289498568,1781247347.405744076,1781247347.405751467,1781247347.406221151,1781247347.406239748,1781247347.409077168,0.003628,0.010175,0.116246,0.000007,0.000470,0.000019,0.002837,0.133382,1,1,
344,6.880000,6.880000,1781247347.409077168,1781247347.412688017,1781247347.423531771,1781247347.538260698,1781247347.538267851,1781247347.538965225,1781247347.538982391,1781247347.542542696,0.003611,0.010844,0.114729,0.000007,0.000697,0.000017,0.003560,0.133466,1,1,
345,6.900000,6.900000,1781247347.542542696,1781247347.546188354,1781247347.556509018,1781247347.673581839,1781247347.673589706,1781247347.675006151,1781247347.675025225,1781247347.677532911,0.003646,0.010321,0.117073,0.000008,0.001416,0.000019,0.002508,0.134990,1,1,
346,6.920000,6.920000,1781247347.677532911,1781247347.680742979,1781247347.691175222,1781247347.805301189,1781247347.805307627,1781247347.806547165,1781247347.806559563,1781247347.808526039,0.003210,0.010432,0.114126,0.000006,0.001240,0.000012,0.001966,0.130993,1,1,
347,6.940000,6.940000,1781247347.808526039,1781247347.813020945,1781247347.823196173,1781247347.937080860,1781247347.937087774,1781247347.938007593,1781247347.938025475,1781247347.940404177,0.004495,0.010175,0.113885,0.000007,0.000920,0.000018,0.002379,0.131878,1,1,
348,6.960000,6.960000,1781247347.940404177,1781247347.946271181,1781247347.956429005,1781247348.070971966,1781247348.070977688,1781247348.071443796,1781247348.071461439,1781247348.074107409,0.005867,0.010158,0.114543,0.000006,0.000466,0.000018,0.002646,0.133703,1,1,
349,6.980000,6.980000,1781247348.074107409,1781247348.079766512,1781247348.090134621,1781247348.208177567,1781247348.208186150,1781247348.210485458,1781247348.210504770,1781247348.214241028,0.005659,0.010368,0.118043,0.000009,0.002299,0.000019,0.003736,0.140134,1,1,
350,7.000000,7.000000,1781247348.214241028,1781247348.214498520,1781247348.224980593,1781247348.340516090,1781247348.340521574,1781247348.342138529,1781247348.342157125,1781247348.344537973,0.000257,0.010482,0.115535,0.000005,0.001617,0.000019,0.002381,0.130297,1,1,
351,7.020000,7.020000,1781247348.344537973,1781247348.346660614,1781247348.356985569,1781247348.471623421,1781247348.471631050,1781247348.473699331,1781247348.473717690,1781247348.477350712,0.002123,0.010325,0.114638,0.000008,0.002068,0.000018,0.003633,0.132813,1,1,
352,7.040000,7.040000,1781247348.477350712,1781247348.480218172,1781247348.490622520,1781247348.604521513,1781247348.604527473,1781247348.605973005,1781247348.605991364,1781247348.609577894,0.002867,0.010404,0.113899,0.000006,0.001446,0.000018,0.003587,0.132227,1,1,
353,7.060000,7.060000,1781247348.609577894,1781247348.613561153,1781247348.624172211,1781247348.739075661,1781247348.739084482,1781247348.740730047,1781247348.740741491,1781247348.742888927,0.003983,0.010611,0.114903,0.000009,0.001646,0.000011,0.002147,0.133311,1,1,
354,7.080000,7.080000,1781247348.742888927,1781247348.747206688,1781247348.758190155,1781247348.873115540,1781247348.873122215,1781247348.874161482,1781247348.874180794,1781247348.876527786,0.004318,0.010983,0.114925,0.000007,0.001039,0.000019,0.002347,0.133639,1,1,
355,7.100000,7.100000,1781247348.876527786,1781247348.880516291,1781247348.890930414,1781247349.004848719,1781247349.004856110,1781247349.005728245,1781247349.005747557,1781247349.009435415,0.003989,0.010414,0.113918,0.000007,0.000872,0.000019,0.003688,0.132908,1,1,
356,7.120000,7.120000,1781247349.009435415,1781247349.014114141,1781247349.024988413,1781247349.139305830,1781247349.139311314,1781247349.140971184,1781247349.140981913,1781247349.142982244,0.004679,0.010874,0.114317,0.000005,0.001660,0.000011,0.002000,0.133547,1,1,
357,7.140000,7.140000,1781247349.142982244,1781247349.147320747,1781247349.157995701,1781247349.271385908,1781247349.271394014,1781247349.273268461,1781247349.273279428,1781247349.275329590,0.004339,0.010675,0.113390,0.000008,0.001874,0.000011,0.002050,0.132347,1,1,
358,7.160000,7.160000,1781247349.275329590,1781247349.282596350,1781247349.293263674,1781247349.413516521,1781247349.413523436,1781247349.414872646,1781247349.414891958,1781247349.417479515,0.007267,0.010667,0.120253,0.000007,0.001349,0.000019,0.002588,0.142150,1,1,
359,7.180000,7.180000,1781247349.417479515,1781247349.430973530,1781247349.441667080,1781247349.555945396,1781247349.555953264,1781247349.556373835,1781247349.556393385,1781247349.559063196,0.013494,0.010694,0.114278,0.000008,0.000421,0.000020,0.002670,0.141584,1,1,
360,7.200000,7.200000,1781247349.559063196,1781247349.564404726,1781247349.576290131,1781247349.690348148,1781247349.690355062,1781247349.692212820,1781247349.692224026,1781247349.694175720,0.005342,0.011885,0.114058,0.000007,0.001858,0.000011,0.001952,0.135113,1,1,
361,7.220000,7.220000,1781247349.694175720,1781247349.699084282,1781247349.709682226,1781247349.824004173,1781247349.824011803,1781247349.825775862,1781247349.825787306,1781247349.827719927,0.004909,0.010598,0.114322,0.000008,0.001764,0.000011,0.001933,0.133544,1,1,
362,7.240000,7.240000,1781247349.827719927,1781247349.831194401,1781247349.842169285,1781247349.957268953,1781247349.957275629,1781247349.957611084,1781247349.957630157,1781247349.960334063,0.003474,0.010975,0.115100,0.000007,0.000335,0.000019,0.002704,0.132614,1,1,
363,7.260000,7.260000,1781247349.960334063,1781247349.965638876,1781247349.977161884,1781247350.091920376,1781247350.091927528,1781247350.092428207,1781247350.092446804,1781247350.095179796,0.005305,0.011523,0.114758,0.000007,0.000501,0.000019,0.002733,0.134846,1,1,
364,7.280000,7.280000,1781247350.095179796,1781247350.098191977,1781247350.109228849,1781247350.224152803,1781247350.224158525,1781247350.225995302,1781247350.226008415,1781247350.228078604,0.003012,0.011037,0.114924,0.000006,0.001837,0.000013,0.002070,0.132899,1,1,
365,7.300000,7.300000,1781247350.228078604,1781247350.231566668,1781247350.242286444,1781247350.356788397,1781247350.356797457,1781247350.358809233,1781247350.358829021,1781247350.361384630,0.003488,0.010720,0.114502,0.000009,0.002012,0.000020,0.002556,0.133306,1,1,
366,7.320000,7.320000,1781247350.361384630,1781247350.365202665,1781247350.376216650,1781247350.491109610,1781247350.491115570,1781247350.492555857,1781247350.492568016,1781247350.494518518,0.003818,0.011014,0.114893,0.000006,0.001440,0.000012,0.001951,0.133134,1,1,
367,7.340000,7.340000,1781247350.494518518,1781247350.498551846,1781247350.509476423,1781247350.624109507,1781247350.624117136,1781247350.624541044,1781247350.624559402,1781247350.626689911,0.004033,0.010925,0.114633,0.000008,0.000424,0.000018,0.002131,0.132171,1,1,
368,7.360000,7.360000,1781247350.626689911,1781247350.631831408,1781247350.642800570,1781247350.757814646,1781247350.757820606,1781247350.758353233,1781247350.758364916,1781247350.760350704,0.005141,0.010969,0.115014,0.000006,0.000533,0.000012,0.001986,0.133661,1,1,
369,7.380000,7.380000,1781247350.760350704,1781247350.765365601,1781247350.776421547,1781247350.890928745,1781247350.890936375,1781247350.892346382,1781247350.892364502,1781247350.896125555,0.005015,0.011056,0.114507,0.000008,0.001410,0.000018,0.003761,0.135775,1,1,
370,7.400000,7.400000,1781247350.896125555,1781247350.898762465,1781247350.909697533,1781247351.024787903,1781247351.024794817,1781247351.026196957,1781247351.026217461,1781247351.029912472,0.002637,0.010935,0.115090,0.000007,0.001402,0.000021,0.003695,0.133787,1,1,
371,7.420000,7.420000,1781247351.029912472,1781247351.032416582,1781247351.043341160,1781247351.157299280,1781247351.157306910,1781247351.159353018,1781247351.159370661,1781247351.162992239,0.002504,0.010925,0.113958,0.000008,0.002046,0.000018,0.003622,0.133080,1,1,
372,7.440000,7.440000,1781247351.162992239,1781247351.165666819,1781247351.176540136,1781247351.290530920,1781247351.290537119,1781247351.292026043,1781247351.292036057,1781247351.294063091,0.002675,0.010873,0.113991,0.000006,0.001489,0.000010,0.002027,0.131071,1,1,
373,7.460000,7.460000,1781247351.294063091,1781247351.299391270,1781247351.310384274,1781247351.425550222,1781247351.425557137,1781247351.427752495,1781247351.427792311,1781247351.429858208,0.005328,0.010993,0.115166,0.000007,0.002195,0.000040,0.002066,0.135795,1,1,
374,7.480000,7.480000,1781247351.429858208,1781247351.432656288,1781247351.443669319,1781247351.558972597,1781247351.558978796,1781247351.560324669,1781247351.560343266,1781247351.562668800,0.002798,0.011013,0.115303,0.000006,0.001346,0.000019,0.002326,0.132811,1,1,
375,7.500000,7.500000,1781247351.562668800,1781247351.567187548,1781247351.578491926,1781247351.693761349,1781247351.693767786,1781247351.694253206,1781247351.694271564,1781247351.698069572,0.004519,0.011304,0.115269,0.000006,0.000485,0.000018,0.003798,0.135401,1,1,
376,7.520000,7.520000,1781247351.698069572,1781247351.699402571,1781247351.710518837,1781247351.824790239,1781247351.824798822,1781247351.826250792,1781247351.826268911,1781247351.830018044,0.001333,0.011116,0.114271,0.000009,0.001452,0.000018,0.003749,0.131948,1,1,
377,7.540000,7.540000,1781247351.830018044,1781247351.832861662,1781247351.845272541,1781247351.959157228,1781247351.959164381,1781247351.959487200,1781247351.959504604,1781247351.962245226,0.002844,0.012411,0.113885,0.000007,0.000323,0.000017,0.002741,0.132227,1,1,
378,7.560000,7.560000,1781247351.962245226,1781247351.966314316,1781247351.977363110,1781247352.091521502,1781247352.091528177,1781247352.093256474,1781247352.093268633,1781247352.095306396,0.004069,0.011049,0.114158,0.000007,0.001728,0.000012,0.002038,0.133061,1,1,
379,7.580000,7.580000,1781247352.095306396,1781247352.099806786,1781247352.111042261,1781247352.225303411,1781247352.225312471,1781247352.227805138,1781247352.227823019,1781247352.230931520,0.004500,0.011235,0.114261,0.000009,0.002493,0.000018,0.003109,0.135625,1,1,
380,7.600000,7.600000,1781247352.230931520,1781247352.233245850,1781247352.244462490,1781247352.359008789,1781247352.359015226,1781247352.361119270,1781247352.361137390,1781247352.364794970,0.002314,0.011217,0.114546,0.000006,0.002104,0.000018,0.003658,0.133863,1,1,
381,7.620000,7.620000,1781247352.364794970,1781247352.366913319,1781247352.378159285,1781247352.493202209,1781247352.493209362,1781247352.494011641,1781247352.494029522,1781247352.496486425,0.002118,0.011246,0.115043,0.000007,0.000802,0.000018,0.002457,0.131691,1,1,
382,7.640000,7.640000,1781247352.496486425,1781247352.500292301,1781247352.511576176,1781247352.625443935,1781247352.625449657,1781247352.626367092,1781247352.626385212,1781247352.629070759,0.003806,0.011284,0.113868,0.000006,0.000917,0.000018,0.002686,0.132584,1,1,
383,7.660000,7.660000,1781247352.629070759,1781247352.633560896,1781247352.644781590,1781247352.758215904,1781247352.758223772,1781247352.760358572,1781247352.760377169,1781247352.763119936,0.004490,0.011221,0.113434,0.000008,0.002135,0.000019,0.002743,0.134049,1,1,
384,7.680000,7.680000,1781247352.763119936,1781247352.767154694,1781247352.778471947,1781247352.893082380,1781247352.893088341,1781247352.895121813,1781247352.895140409,1781247352.898848057,0.004035,0.011317,0.114610,0.000006,0.002033,0.000019,0.003708,0.135728,1,1,
385,7.700000,7.700000,1781247352.898848057,1781247352.900494576,1781247352.911823511,1781247353.025869608,1781247353.025876760,1781247353.027402163,1781247353.027419806,1781247353.030097961,0.001647,0.011329,0.114046,0.000007,0.001525,0.000018,0.002678,0.131250,1,1,
386,7.720000,7.720000,1781247353.030097961,1781247353.034024239,1781247353.048765659,1781247353.162997007,1781247353.163002729,1781247353.165336132,1781247353.165353775,1781247353.167738199,0.003926,0.014741,0.114231,0.000006,0.002333,0.000018,0.002384,0.137640,1,1,
387,7.740000,7.740000,1781247353.167738199,1781247353.184185743,1781247353.197189569,1781247353.310393095,1781247353.310400486,1781247353.312002897,1781247353.312014580,1781247353.313985348,0.016448,0.013004,0.113204,0.000007,0.001602,0.000012,0.001971,0.146247,1,1,
388,7.760000,7.760000,1781247353.313985348,1781247353.317553997,1781247353.328991652,1781247353.443933964,1781247353.443940163,1781247353.445310354,1781247353.445328712,1781247353.447669268,0.003569,0.011438,0.114942,0.000006,0.001370,0.000018,0.002341,0.133684,1,1,
389,7.780000,7.780000,1781247353.447669268,1781247353.450942755,1781247353.462823629,1781247353.579486609,1781247353.579494953,1781247353.580052137,1781247353.580070972,1781247353.583827734,0.003273,0.011881,0.116663,0.000008,0.000557,0.000019,0.003757,0.136158,1,1,
390,7.800000,7.800000,1781247353.583827734,1781247353.584536076,1781247353.597446203,1781247353.719763279,1781247353.719773531,1781247353.720577478,1781247353.720589638,1781247353.722540140,0.000708,0.012910,0.122317,0.000010,0.000804,0.000012,0.001951,0.138712,1,1,
391,7.820000,7.820000,1781247353.722540140,1781247353.735710382,1781247353.747317076,1781247353.862637043,1781247353.862643719,1781247353.863935232,1781247353.863945961,1781247353.865949154,0.013170,0.011607,0.115320,0.000007,0.001292,0.000011,0.002003,0.143409,1,1,
392,7.840000,7.840000,1781247353.865949154,1781247353.867941618,1781247353.879749060,1781247353.995145798,1781247353.995151758,1781247353.995838165,1781247353.995848894,1781247353.998035908,0.001992,0.011807,0.115397,0.000006,0.000686,0.000011,0.002187,0.132087,1,1,
393,7.860000,7.860000,1781247353.998035908,1781247354.001254082,1781247354.012989283,1781247354.128591776,1781247354.128599882,1781247354.131153107,1781247354.131171942,1781247354.134972334,0.003218,0.011735,0.115602,0.000008,0.002553,0.000019,0.003800,0.136936,1,1,
394,7.880000,7.880000,1781247354.134972334,1781247354.151823282,1781247354.167411089,1781247354.301079988,1781247354.301086903,1781247354.301566124,1781247354.301591396,1781247354.305084467,0.016851,0.015588,0.133669,0.000007,0.000479,0.000025,0.003493,0.170112,1,1,
395,7.900000,7.900000,1781247354.305084467,1781247354.318391323,1781247354.330985069,1781247354.447454214,1781247354.447461367,1781247354.449334621,1781247354.449352503,1781247354.451591969,0.013307,0.012594,0.116469,0.000007,0.001873,0.000018,0.002239,0.146508,1,1,
396,7.920000,7.920000,1781247354.451591969,1781247354.451791286,1781247354.463867903,1781247354.580116510,1781247354.580122471,1781247354.580991983,1781247354.581005812,1781247354.583050013,0.000199,0.012077,0.116249,0.000006,0.000870,0.000014,0.002044,0.131458,1,1,
397,7.940000,7.940000,1781247354.583050013,1781247354.586473465,1781247354.598291159,1781247354.713579416,1781247354.713586569,1781247354.715500355,1781247354.715511322,1781247354.717627764,0.003423,0.011818,0.115288,0.000007,0.001914,0.000011,0.002116,0.134578,1,1,
398,7.960000,7.960000,1781247354.717627764,1781247354.718504429,1781247354.730563641,1781247354.846403122,1781247354.846411467,1781247354.847003937,1781247354.847018480,1781247354.849050045,0.000877,0.012059,0.115839,0.000008,0.000592,0.000015,0.002032,0.131422,1,1,
399,7.980000,7.980000,1781247354.849050045,1781247354.851912260,1781247354.863830566,1781247354.979182005,1781247354.979189157,1781247354.981133223,1781247354.981150866,1781247354.983559608,0.002862,0.011918,0.115351,0.000007,0.001944,0.000018,0.002409,0.134510,1,1,
400,8.000000,8.000000,1781247354.983559608,1781247354.985438347,1781247354.997355223,1781247355.112321854,1781247355.112327576,1781247355.112804651,1781247355.112823486,1781247355.115405798,0.001879,0.011917,0.114967,0.000006,0.000477,0.000019,0.002582,0.131846,1,1,
401,8.020000,8.020000,1781247355.115405798,1781247355.119051933,1781247355.130867958,1781247355.245261669,1781247355.245269299,1781247355.247025490,1781247355.247042656,1781247355.249653578,0.003646,0.011816,0.114394,0.000008,0.001756,0.000017,0.002611,0.134248,1,1,
402,8.040000,8.040000,1781247355.249653578,1781247355.253603220,1781247355.265716553,1781247355.380707264,1781247355.380712986,1781247355.381154299,1781247355.381175756,1781247355.384874344,0.003950,0.012113,0.114991,0.000006,0.000441,0.000021,0.003699,0.135221,1,1,
403,8.060000,8.060000,1781247355.384874344,1781247355.385749817,1781247355.399201870,1781247355.518997431,1781247355.519004822,1781247355.519426107,1781247355.519445658,1781247355.522161722,0.000875,0.013452,0.119796,0.000007,0.000421,0.000020,0.002716,0.137287,1,1,
404,8.080000,8.080000,1781247355.522161722,1781247355.537201166,1781247355.549692869,1781247355.669842243,1781247355.669850349,1781247355.670578957,1781247355.670593739,1781247355.673326254,0.015039,0.012492,0.120149,0.000008,0.000729,0.000015,0.002733,0.151165,1,1,
405,8.100000,8.100000,1781247355.673326254,1781247355.686143160,1781247355.698271275,1781247355.812234402,1781247355.812241554,1781247355.812838316,1781247355.812857151,1781247355.816507816,0.012817,0.012128,0.113963,0.000007,0.000597,0.000019,0.003651,0.143182,1,1,
406,8.120000,8.120000,1781247355.816507816,1781247355.819397211,1781247355.831482172,1781247355.947098017,1781247355.947105885,1781247355.947497368,1781247355.947509527,1781247355.949579000,0.002889,0.012085,0.115616,0.000008,0.000391,0.000012,0.002069,0.133071,1,1,
407,8.140000,8.140000,1781247355.949579000,1781247355.953071117,1781247355.965305805,1781247356.079697371,1781247356.079704523,1781247356.081549168,1781247356.081561327,1781247356.083504677,0.003492,0.012235,0.114392,0.000007,0.001845,0.000012,0.001943,0.133926,1,1,
408,8.160000,8.160000,1781247356.083504677,1781247356.086326361,1781247356.098392010,1781247356.213572025,1781247356.213578224,1781247356.213896036,1781247356.213914394,1781247356.217624426,0.002822,0.012066,0.115180,0.000006,0.000318,0.000018,0.003710,0.134120,1,1,
409,8.180000,8.180000,1781247356.217624426,1781247356.219798803,1781247356.232768774,1781247356.364136934,1781247356.364144087,1781247356.366264343,1781247356.366284370,1781247356.369738579,0.002174,0.012970,0.131368,0.000007,0.002120,0.000020,0.003454,0.152114,1,1,
410,8.200000,8.200000,1781247356.369738579,1781247356.370009422,1781247356.382360220,1781247356.497432232,1781247356.497438192,1781247356.499195337,1781247356.499214172,1781247356.501577616,0.000271,0.012351,0.115072,0.000006,0.001757,0.000019,0.002363,0.131839,1,1,
411,8.220000,8.220000,1781247356.501577616,1781247356.503393650,1781247356.515510321,1781247356.630030155,1781247356.630037308,1781247356.631358147,1781247356.631377220,1781247356.635082245,0.001816,0.012117,0.114520,0.000007,0.001321,0.000019,0.003705,0.133505,1,1,
412,8.240000,8.240000,1781247356.635082245,1781247356.636790752,1781247356.648987055,1781247356.764029980,1781247356.764037371,1781247356.765550375,1781247356.765568256,1781247356.767798424,0.001709,0.012196,0.115043,0.000007,0.001513,0.000018,0.002230,0.132716,1,1,
413,8.260000,8.260000,1781247356.767798424,1781247356.770342588,1781247356.782735109,1781247356.896933317,1781247356.896941662,1781247356.899053335,1781247356.899073601,1781247356.902090549,0.002544,0.012393,0.114198,0.000008,0.002112,0.000020,0.003017,0.134292,1,1,
414,8.280000,8.280000,1781247356.902090549,1781247356.903688431,1781247356.915930271,1781247357.030809164,1781247357.030816793,1781247357.031375170,1781247357.031393528,1781247357.033761978,0.001598,0.012242,0.114879,0.000008,0.000558,0.000018,0.002368,0.131671,1,1,
415,8.300000,8.300000,1781247357.033761978,1781247357.037165403,1781247357.049460411,1781247357.164208889,1781247357.164215803,1781247357.164632082,1781247357.164651155,1781247357.168408394,0.003403,0.012295,0.114748,0.000007,0.000416,0.000019,0.003757,0.134646,1,1,
416,8.320000,8.320000,1781247357.168408394,1781247357.170819521,1781247357.183159590,1781247357.301566124,1781247357.301572084,1781247357.302450180,1781247357.302461624,1781247357.304470062,0.002411,0.012340,0.118407,0.000006,0.000878,0.000011,0.002008,0.136062,1,1,
417,8.340000,8.340000,1781247357.304470062,1781247357.320751429,1781247357.333011866,1781247357.447478294,1781247357.447485685,1781247357.447938442,1781247357.447957039,1781247357.451637506,0.016281,0.012260,0.114466,0.000007,0.000453,0.000019,0.003680,0.147167,1,1,
418,8.360000,8.360000,1781247357.451637506,1781247357.454176426,1781247357.466550350,1781247357.580724955,1781247357.580732346,1781247357.581182957,1781247357.581202030,1781247357.585108280,0.002539,0.012374,0.114175,0.000007,0.000451,0.000019,0.003906,0.133471,1,1,
419,8.380000,8.380000,1781247357.585108280,1781247357.587916136,1781247357.606475592,1781247357.767147541,1781247357.767154455,1781247357.768387556,1781247357.768406630,1781247357.772135973,0.002808,0.018559,0.160672,0.000007,0.001233,0.000019,0.003729,0.187028,1,1,
420,8.400000,8.400000,1781247357.772135973,1781247357.787807465,1781247357.800237417,1781247357.914397717,1781247357.914403677,1781247357.916942358,1781247357.916960716,1781247357.919353962,0.015671,0.012430,0.114160,0.000006,0.002539,0.000018,0.002393,0.147218,1,1,
421,8.420000,8.420000,1781247357.919353962,1781247357.921193123,1781247357.933651209,1781247358.048572063,1781247358.048579931,1781247358.050673962,1781247358.050685406,1781247358.052619934,0.001839,0.012458,0.114921,0.000008,0.002094,0.000011,0.001935,0.133266,1,1,
422,8.440000,8.440000,1781247358.052619934,1781247358.054690123,1781247358.072304010,1781247358.186442614,1781247358.186448574,1781247358.187313318,1781247358.187331915,1781247358.190557003,0.002070,0.017614,0.114139,0.000006,0.000865,0.000019,0.003225,0.137937,1,1,
423,8.460000,8.460000,1781247358.190557003,1781247358.204989433,1781247358.220016241,1781247358.332650661,1781247358.332658529,1781247358.334056854,1781247358.334075928,1781247358.337683439,0.014432,0.015027,0.112634,0.000008,0.001398,0.000019,0.003608,0.147126,1,1,
424,8.480000,8.480000,1781247358.337683439,1781247358.338262558,1781247358.350862265,1781247358.463736296,1781247358.463743210,1781247358.464810848,1781247358.464822054,1781247358.466885328,0.000579,0.012600,0.112874,0.000007,0.001068,0.000011,0.002063,0.129202,1,1,
425,8.500000,8.500000,1781247358.466885328,1781247358.471570253,1781247358.484038591,1781247358.596937656,1781247358.596946001,1781247358.599409580,1781247358.599426985,1781247358.601876259,0.004685,0.012468,0.112899,0.000008,0.002464,0.000017,0.002449,0.134991,1,1,
426,8.520000,8.520000,1781247358.601876259,1781247358.605163097,1781247358.620101929,1781247358.733526707,1781247358.733532429,1781247358.733807325,1781247358.733824968,1781247358.736921072,0.003287,0.014939,0.113425,0.000006,0.000275,0.000018,0.003096,0.135045,1,1,
427,8.540000,8.540000,1781247358.736921072,1781247358.738492250,1781247358.751100779,1781247358.866240740,1781247358.866248131,1781247358.867303848,1781247358.867322445,1781247358.870221853,0.001571,0.012609,0.115140,0.000007,0.001056,0.000019,0.002899,0.133301,1,1,
428,8.560000,8.560000,1781247358.870221853,1781247358.872224331,1781247358.885285616,1781247359.001178980,1781247359.001184702,1781247359.002443075,1781247359.002452850,1781247359.004371405,0.002002,0.013061,0.115893,0.000006,0.001258,0.000010,0.001919,0.134150,1,1,
429,8.580000,8.580000,1781247359.004371405,1781247359.005208492,1781247359.018197536,1781247359.132833242,1781247359.132840872,1781247359.134226084,1781247359.134244680,1781247359.137124300,0.000837,0.012989,0.114636,0.000008,0.001385,0.000019,0.002880,0.132753,1,1,
430,8.600000,8.600000,1781247359.137124300,1781247359.138823986,1781247359.152220726,1781247359.266884804,1781247359.266891956,1781247359.268202782,1781247359.268222094,1781247359.271206856,0.001700,0.013397,0.114664,0.000007,0.001311,0.000019,0.002985,0.134083,1,1,
431,8.620000,8.620000,1781247359.271206856,1781247359.272233963,1781247359.285068512,1781247359.403482199,1781247359.403489351,1781247359.405606031,1781247359.405624628,1781247359.407702923,0.001027,0.012835,0.118414,0.000007,0.002117,0.000019,0.002078,0.136496,1,1,
432,8.640000,8.640000,1781247359.407702923,1781247359.422792196,1781247359.435758352,1781247359.550173998,1781247359.550180197,1781247359.552115679,1781247359.552135468,1781247359.555762291,0.015089,0.012966,0.114416,0.000006,0.001935,0.000020,0.003627,0.148059,1,1,
433,8.660000,8.660000,1781247359.555762291,1781247359.555962324,1781247359.569060326,1781247359.684328079,1781247359.684335709,1781247359.686150551,1781247359.686169624,1781247359.688539743,0.000200,0.013098,0.115268,0.000008,0.001815,0.000019,0.002370,0.132777,1,1,
434,8.680000,8.680000,1781247359.688539743,1781247359.690544367,1781247359.703538418,1781247359.818121672,1781247359.818127394,1781247359.818562746,1781247359.818581343,1781247359.820748806,0.002005,0.012994,0.114583,0.000006,0.000435,0.000019,0.002167,0.132209,1,1,
435,8.700000,8.700000,1781247359.820748806,1781247359.822987318,1781247359.835955381,1781247359.950374126,1781247359.950381517,1781247359.950936556,1781247359.950954199,1781247359.954660654,0.002239,0.012968,0.114419,0.000007,0.000555,0.000018,0.003706,0.133912,1,1,
436,8.720000,8.720000,1781247359.954660654,1781247359.956244469,1781247359.969293594,1781247360.084542036,1781247360.084547043,1781247360.085644722,1781247360.085663795,1781247360.088754654,0.001584,0.013049,0.115248,0.000005,0.001098,0.000019,0.003091,0.134094,1,1,
437,8.740000,8.740000,1781247360.088754654,1781247360.089699268,1781247360.102669239,1781247360.216950893,1781247360.216958523,1781247360.217201710,1781247360.217213631,1781247360.219178438,0.000945,0.012970,0.114282,0.000008,0.000243,0.000012,0.001965,0.130424,1,1,
438,8.760000,8.760000,1781247360.219178438,1781247360.223150730,1781247360.236215353,1781247360.351237297,1781247360.351243258,1781247360.352234602,1781247360.352254152,1781247360.354617596,0.003972,0.013065,0.115022,0.000006,0.000991,0.000020,0.002363,0.135439,1,1,
439,8.780000,8.780000,1781247360.354617596,1781247360.356626511,1781247360.369700193,1781247360.482990026,1781247360.482998371,1781247360.483547688,1781247360.483557940,1781247360.485476255,0.002009,0.013074,0.113290,0.000008,0.000549,0.000010,0.001918,0.130859,1,1,
440,8.800000,8.800000,1781247360.485476255,1781247360.491244316,1781247360.504513264,1781247360.619310141,1781247360.619316816,1781247360.620637655,1781247360.620651245,1781247360.622636795,0.005768,0.013269,0.114797,0.000007,0.001321,0.000014,0.001986,0.137161,1,1,
441,8.820000,8.820000,1781247360.622636795,1781247360.623243570,1781247360.636376143,1781247360.750467539,1781247360.750475407,1781247360.752789736,1781247360.752803326,1781247360.754935265,0.000607,0.013133,0.114091,0.000008,0.002314,0.000014,0.002132,0.132298,1,1,
442,8.840000,8.840000,1781247360.754935265,1781247360.756898165,1781247360.769967556,1781247360.883622646,1781247360.883629322,1781247360.884325743,1781247360.884336948,1781247360.886379957,0.001963,0.013069,0.113655,0.000007,0.000696,0.000011,0.002043,0.131445,1,1,
443,8.860000,8.860000,1781247360.886379957,1781247360.890434027,1781247360.903623819,1781247361.017690420,1781247361.017698050,1781247361.020037651,1781247361.020049572,1781247361.022057295,0.004054,0.013190,0.114067,0.000008,0.002340,0.000012,0.002008,0.135677,1,1,
444,8.880000,8.880000,1781247361.022057295,1781247361.023765087,1781247361.037453651,1781247361.152693272,1781247361.152698994,1781247361.153975725,1781247361.153986216,1781247361.156001329,0.001708,0.013689,0.115240,0.000006,0.001277,0.000010,0.002015,0.133944,1,1,
445,8.900000,8.900000,1781247361.156001329,1781247361.157136440,1781247361.170592785,1781247361.284939051,1781247361.284946442,1781247361.287490845,1781247361.287509203,1781247361.290220261,0.001135,0.013456,0.114346,0.000007,0.002544,0.000018,0.002711,0.134219,1,1,
446,8.920000,8.920000,1781247361.290220261,1781247361.290607929,1781247361.304497480,1781247361.419993877,1781247361.419999838,1781247361.422404289,1781247361.422421932,1781247361.426063538,0.000388,0.013890,0.115496,0.000006,0.002404,0.000018,0.003642,0.135843,1,1,
447,8.940000,8.940000,1781247361.426063538,1781247361.440768242,1781247361.454057932,1781247361.568438292,1781247361.568445683,1781247361.568881512,1781247361.568892956,1781247361.570839405,0.014705,0.013290,0.114380,0.000007,0.000436,0.000011,0.001946,0.144776,1,1,
448,8.960000,8.960000,1781247361.570839405,1781247361.574110985,1781247361.587510586,1781247361.702505112,1781247361.702511549,1781247361.703496218,1781247361.703515530,1781247361.706171751,0.003272,0.013400,0.114995,0.000006,0.000985,0.000019,0.002656,0.135332,1,1,
449,8.980000,8.980000,1781247361.706171751,1781247361.707677364,1781247361.721087933,1781247361.836629152,1781247361.836637259,1781247361.838484049,1781247361.838498116,1781247361.840585709,0.001506,0.013411,0.115541,0.000008,0.001847,0.000014,0.002088,0.134414,1,1,
450,9.000000,9.000000,1781247361.840585709,1781247361.840952635,1781247361.855592012,1781247361.970409155,1781247361.970415592,1781247361.972789526,1781247361.972810745,1781247361.976536274,0.000367,0.014639,0.114817,0.000006,0.002374,0.000021,0.003726,0.135951,1,1,
451,9.020000,9.020000,1781247361.976536274,1781247361.991234541,1781247362.005879641,1781247362.121007681,1781247362.121014833,1781247362.122591019,1781247362.122602940,1781247362.124575853,0.014698,0.014645,0.115128,0.000007,0.001576,0.000012,0.001973,0.148040,1,1,
452,9.040000,9.040000,1781247362.124575853,1781247362.124657631,1781247362.138170004,1781247362.253306389,1781247362.253312349,1781247362.254027843,1781247362.254046202,1781247362.257675171,0.000082,0.013512,0.115136,0.000006,0.000715,0.000018,0.003629,0.133099,1,1,
453,9.060000,9.060000,1781247362.257675171,1781247362.258219719,1781247362.271603107,1781247362.385108948,1781247362.385116577,1781247362.386203766,1781247362.386221886,1781247362.389888763,0.000545,0.013383,0.113506,0.000008,0.001087,0.000018,0.003667,0.132214,1,1,
454,9.080000,9.080000,1781247362.389888763,1781247362.391532660,1781247362.405018330,1781247362.518591404,1781247362.518597364,1781247362.520154476,1781247362.520166159,1781247362.522180080,0.001644,0.013486,0.113573,0.000006,0.001557,0.000012,0.002014,0.132291,1,1,
455,9.100000,9.100000,1781247362.522180080,1781247362.525028706,1781247362.538800478,1781247362.671675920,1781247362.671683550,1781247362.673763514,1781247362.673786640,1781247362.676881552,0.002849,0.013772,0.132875,0.000008,0.002080,0.000023,0.003095,0.154701,1,1,
456,9.120000,9.120000,1781247362.676881552,1781247362.691791773,1781247362.705302954,1781247362.820453405,1781247362.820459843,1781247362.822552681,1781247362.822563410,1781247362.824642897,0.014910,0.013511,0.115150,0.000006,0.002093,0.000011,0.002079,0.147761,1,1,
457,9.140000,9.140000,1781247362.824642897,1781247362.825122118,1781247362.840720654,1781247362.955318928,1781247362.955326319,1781247362.956043243,1781247362.956062317,1781247362.959725618,0.000479,0.015599,0.114598,0.000007,0.000717,0.000019,0.003663,0.135083,1,1,
458,9.160000,9.160000,1781247362.959725618,1781247362.975527287,1781247362.993445396,1781247363.108307600,1781247363.108313560,1781247363.110362530,1781247363.110382318,1781247363.112522602,0.015802,0.017918,0.114862,0.000006,0.002049,0.000020,0.002140,0.152797,1,1,
459,9.180000,9.180000,1781247363.112522602,1781247363.125465155,1781247363.139345407,1781247363.252786160,1781247363.252793550,1781247363.253520489,1781247363.253537655,1781247363.256237984,0.012943,0.013880,0.113441,0.000007,0.000727,0.000017,0.002700,0.143715,1,1,
460,9.200000,9.200000,1781247363.256237984,1781247363.258958578,1781247363.273061037,1781247363.390380383,1781247363.390386343,1781247363.392427921,1781247363.392440081,1781247363.394386768,0.002721,0.014102,0.117319,0.000006,0.002042,0.000012,0.001947,0.138149,1,1,
461,9.220000,9.220000,1781247363.394386768,1781247363.409248829,1781247363.423316956,1781247363.536624432,1781247363.536633492,1781247363.537224054,1781247363.537234545,1781247363.539263487,0.014862,0.014068,0.113307,0.000009,0.000591,0.000010,0.002029,0.144877,1,1,
462,9.240000,9.240000,1781247363.539263487,1781247363.542545080,1781247363.556430101,1781247363.668677092,1781247363.668684483,1781247363.669106245,1781247363.669124842,1781247363.672687531,0.003282,0.013885,0.112247,0.000007,0.000422,0.000019,0.003563,0.133424,1,1,
463,9.260000,9.260000,1781247363.672687531,1781247363.676105261,1781247363.689743280,1781247363.811095476,1781247363.811103344,1781247363.812355042,1781247363.812375069,1781247363.815570831,0.003418,0.013638,0.121352,0.000008,0.001252,0.000020,0.003196,0.142883,1,1,
464,9.280000,9.280000,1781247363.815570831,1781247363.826019287,1781247363.839864969,1781247363.953499079,1781247363.953505993,1781247363.954899311,1781247363.954917192,1781247363.957335711,0.010448,0.013846,0.113634,0.000007,0.001393,0.000018,0.002419,0.141765,1,1,
465,9.300000,9.300000,1781247363.957335711,1781247363.959530830,1781247363.973561764,1781247364.088948250,1781247364.088955641,1781247364.090028286,1781247364.090048313,1781247364.093163490,0.002195,0.014031,0.115386,0.000007,0.001073,0.000020,0.003115,0.135828,1,1,
466,9.320000,9.320000,1781247364.093163490,1781247364.109807730,1781247364.127198935,1781247364.241022348,1781247364.241028786,1781247364.242437601,1781247364.242456436,1781247364.244784355,0.016644,0.017391,0.113823,0.000006,0.001409,0.000019,0.002328,0.151621,1,1,
467,9.340000,9.340000,1781247364.244784355,1781247364.260951281,1781247364.274668455,1781247364.387964964,1781247364.387972116,1781247364.390173197,1781247364.390191555,1781247364.393878698,0.016167,0.013717,0.113297,0.000007,0.002201,0.000018,0.003687,0.149094,1,1,
468,9.360000,9.360000,1781247364.393878698,1781247364.409919977,1781247364.424939871,1781247364.537962675,1781247364.537969112,1781247364.539155483,1781247364.539173603,1781247364.541501522,0.016041,0.015020,0.113023,0.000006,0.001186,0.000018,0.002328,0.147623,1,1,
469,9.380000,9.380000,1781247364.541501522,1781247364.543282270,1781247364.557173967,1781247364.669632673,1781247364.669640541,1781247364.670320272,1781247364.670330763,1781247364.672400475,0.001781,0.013892,0.112459,0.000008,0.000680,0.000010,0.002070,0.130899,1,1,
470,9.400000,9.400000,1781247364.672400475,1781247364.676828146,1781247364.690824986,1781247364.804336548,1781247364.804342747,1781247364.805353880,1781247364.805372000,1781247364.809030056,0.004428,0.013997,0.113512,0.000006,0.001011,0.000018,0.003658,0.136630,1,1,
471,9.420000,9.420000,1781247364.809030056,1781247364.810351610,1781247364.824456930,1781247364.938157082,1781247364.938164234,1781247364.938671112,1781247364.938681602,1781247364.940627098,0.001322,0.014105,0.113700,0.000007,0.000507,0.000010,0.001945,0.131597,1,1,
472,9.440000,9.440000,1781247364.940627098,1781247364.943584919,1781247364.957640409,1781247365.070989609,1781247365.070995092,1781247365.072184324,1781247365.072196007,1781247365.074166059,0.002958,0.014055,0.113349,0.000005,0.001189,0.000012,0.001970,0.133539,1,1,
473,9.460000,9.460000,1781247365.074166059,1781247365.076981306,1781247365.091089010,1781247365.204938650,1781247365.204945564,1781247365.207446337,1781247365.207463741,1781247365.211015940,0.002815,0.014108,0.113850,0.000007,0.002501,0.000017,0.003552,0.136850,1,1,
474,9.480000,9.480000,1781247365.211015940,1781247365.227325201,1781247365.242941856,1781247365.357084751,1781247365.357091188,1781247365.357409239,1781247365.357428789,1781247365.361088753,0.016309,0.015617,0.114143,0.000006,0.000318,0.000020,0.003660,0.150073,1,1,
475,9.500000,9.500000,1781247365.361088753,1781247365.377351522,1781247365.391619682,1781247365.505339146,1781247365.505347013,1781247365.506541014,1781247365.506560326,1781247365.510002851,0.016263,0.014268,0.113719,0.000008,0.001194,0.000019,0.003443,0.148914,1,1,
476,9.520000,9.520000,1781247365.510002851,1781247365.512053728,1781247365.526034594,1781247365.634721756,1781247365.634728193,1781247365.636851311,1781247365.636862278,1781247365.638801336,0.002051,0.013981,0.108687,0.000006,0.002123,0.000011,0.001939,0.128798,1,1,
477,9.540000,9.540000,1781247365.638801336,1781247365.644379616,1781247365.658651352,1781247365.766655207,1781247365.766663074,1781247365.767606258,1781247365.767623901,1781247365.771151781,0.005578,0.014272,0.108004,0.000008,0.000943,0.000018,0.003528,0.132350,1,1,
478,9.560000,9.560000,1781247365.771151781,1781247365.777849197,1781247365.794216156,1781247365.902522326,1781247365.902529001,1781247365.902882338,1781247365.902900457,1781247365.905455351,0.006697,0.016367,0.108306,0.000007,0.000353,0.000018,0.002555,0.134304,1,1,
479,9.580000,9.580000,1781247365.905455351,1781247365.912332058,1781247365.926778316,1781247366.034577608,1781247366.034584761,1781247366.035030365,1781247366.035048723,1781247366.037595749,0.006877,0.014446,0.107799,0.000007,0.000446,0.000018,0.002547,0.132140,1,1,
480,9.600000,9.600000,1781247366.037595749,1781247366.044702291,1781247366.059751511,1781247366.167165995,1781247366.167172432,1781247366.168807745,1781247366.168818474,1781247366.170748472,0.007107,0.015049,0.107414,0.000006,0.001635,0.000011,0.001930,0.133153,1,1,
481,9.620000,9.620000,1781247366.170748472,1781247366.178205013,1781247366.192529678,1781247366.301169395,1781247366.301176310,1781247366.301800013,1781247366.301819086,1781247366.305416346,0.007457,0.014325,0.108640,0.000007,0.000624,0.000019,0.003597,0.134668,1,1,
482,9.640000,9.640000,1781247366.305416346,1781247366.311588287,1781247366.325791121,1781247366.433152199,1781247366.433158159,1781247366.434569120,1781247366.434581518,1781247366.436503887,0.006172,0.014203,0.107361,0.000006,0.001411,0.000012,0.001922,0.131088,1,1,
483,9.660000,9.660000,1781247366.436503887,1781247366.445049763,1781247366.459419727,1781247366.566799164,1781247366.566806555,1781247366.568418503,1781247366.568431377,1781247366.570431709,0.008546,0.014370,0.107379,0.000007,0.001612,0.000013,0.002000,0.133928,1,1,
484,9.680000,9.680000,1781247366.570431709,1781247366.578432322,1781247366.592915058,1781247366.700225115,1781247366.700231791,1781247366.700961590,1781247366.700972795,1781247366.702960730,0.008001,0.014483,0.107310,0.000007,0.000730,0.000011,0.001988,0.132529,1,1,
485,9.700000,9.700000,1781247366.702960730,1781247366.711863995,1781247366.726309776,1781247366.833257198,1781247366.833265781,1781247366.834689856,1781247366.834708214,1781247366.838323355,0.008903,0.014446,0.106947,0.000009,0.001424,0.000018,0.003615,0.135363,1,1,
486,9.720000,9.720000,1781247366.838323355,1781247366.845396996,1781247366.860217571,1781247366.968048573,1781247366.968054771,1781247366.968302011,1781247366.968312740,1781247366.970259905,0.007074,0.014821,0.107831,0.000006,0.000247,0.000011,0.001947,0.131937,1,1,
487,9.740000,9.740000,1781247366.970259905,1781247366.978767157,1781247366.993290186,1781247367.100197315,1781247367.100204945,1781247367.101980925,1781247367.101992369,1781247367.103926182,0.008507,0.014523,0.106907,0.000008,0.001776,0.000011,0.001934,0.133666,1,1,
488,9.760000,9.760000,1781247367.103926182,1781247367.112266541,1781247367.126830339,1781247367.234377623,1781247367.234383821,1781247367.236788988,1781247367.236807108,1781247367.240105867,0.008340,0.014564,0.107547,0.000006,0.002405,0.000018,0.003299,0.136180,1,1,
489,9.780000,9.780000,1781247367.240105867,1781247367.245472670,1781247367.291041374,1781247367.396787405,1781247367.396794319,1781247367.399207354,1781247367.399227858,1781247367.402902365,0.005367,0.045569,0.105746,0.000007,0.002413,0.000021,0.003675,0.162796,1,1,
490,9.800000,9.800000,1781247367.402902365,1781247367.412552595,1781247367.427037716,1781247367.532659769,1781247367.532666206,1781247367.535005331,1781247367.535022497,1781247367.537586212,0.009650,0.014485,0.105622,0.000006,0.002339,0.000017,0.002564,0.134684,1,1,
491,9.820000,9.819999,1781247367.537586212,1781247367.545854807,1781247367.560447693,1781247367.666435957,1781247367.666442871,1781247367.668652296,1781247367.668664217,1781247367.670776367,0.008269,0.014593,0.105988,0.000007,0.002209,0.000012,0.002112,0.133190,1,1,
492,9.840000,9.839999,1781247367.670776367,1781247367.679466963,1781247367.694042206,1781247367.799483061,1781247367.799491882,1781247367.800180674,1781247367.800198317,1781247367.803898573,0.008691,0.014575,0.105441,0.000009,0.000689,0.000018,0.003700,0.133122,1,1,
493,9.860000,9.859999,1781247367.803898573,1781247367.812810421,1781247367.827360868,1781247367.933090210,1781247367.933098316,1781247367.934607506,1781247367.934622288,1781247367.936800241,0.008912,0.014550,0.105729,0.000008,0.001509,0.000015,0.002178,0.132902,1,1,
494,9.880000,9.879999,1781247367.936800241,1781247367.946252823,1781247367.963192940,1781247368.068845749,1781247368.068851471,1781247368.070389271,1781247368.070400238,1781247368.072365046,0.009453,0.016940,0.105653,0.000006,0.001538,0.000011,0.001965,0.135565,1,1,
495,9.900000,9.899999,1781247368.072365046,1781247368.080758095,1781247368.095592499,1781247368.207599163,1781247368.207606792,1781247368.208808661,1781247368.208828449,1781247368.212493420,0.008393,0.014834,0.112007,0.000008,0.001202,0.000020,0.003665,0.140128,1,1,
496,9.920000,9.919999,1781247368.212493420,1781247368.213155270,1781247368.227977514,1781247368.339469671,1781247368.339476109,1781247368.341660500,1781247368.341678143,1781247368.345300198,0.000662,0.014822,0.111492,0.000006,0.002184,0.000018,0.003622,0.132807,1,1,
497,9.940000,9.939999,1781247368.345300198,1781247368.346429348,1781247368.361251354,1781247368.472137451,1781247368.472145081,1781247368.473163605,1781247368.473181725,1781247368.476792574,0.001129,0.014822,0.110886,0.000008,0.001019,0.000018,0.003611,0.131492,1,1,
498,9.960000,9.959999,1781247368.476792574,1781247368.479913712,1781247368.494476080,1781247368.606338739,1781247368.606344700,1781247368.608360052,1781247368.608383179,1781247368.612220526,0.003121,0.014562,0.111863,0.000006,0.002015,0.000023,0.003837,0.135428,1,1,
499,9.980000,9.979999,1781247368.612220526,1781247368.613353252,1781247368.628035307,1781247368.739271641,1781247368.739279985,1781247368.739626408,1781247368.739645720,1781247368.743258953,0.001133,0.014682,0.111236,0.000008,0.000346,0.000019,0.003613,0.131038,1,1,
500,10.000000,9.999999,1781247368.743258953,1781247368.746721745,1781247368.762339115,1781247368.873369455,1781247368.873375416,1781247368.875102043,1781247368.875113487,1781247368.877232552,0.003463,0.015617,0.111030,0.000006,0.001727,0.000011,0.002119,0.133974,1,1,
501,10.020000,10.019999,1781247368.877232552,1781247368.880127430,1781247368.895119905,1781247369.006084204,1781247369.006091356,1781247369.006428480,1781247369.006439447,1781247369.008346319,0.002895,0.014992,0.110964,0.000007,0.000337,0.000011,0.001907,0.131114,1,1,
502,10.040000,10.039999,1781247369.008346319,1781247369.013691425,1781247369.029383659,1781247369.143062115,1781247369.143068075,1781247369.144438982,1781247369.144450903,1781247369.146423817,0.005345,0.015692,0.113678,0.000006,0.001371,0.000012,0.001973,0.138077,1,1,
503,10.060000,10.059999,1781247369.146423817,1781247369.147256136,1781247369.162169695,1781247369.274653196,1781247369.274660826,1781247369.276500225,1781247369.276511431,1781247369.278488398,0.000832,0.014914,0.112484,0.000008,0.001839,0.000011,0.001977,0.132065,1,1,
504,10.080000,10.079999,1781247369.278488398,1781247369.280514956,1781247369.295415640,1781247369.407885313,1781247369.407891750,1781247369.408390760,1781247369.408401489,1781247369.410351276,0.002027,0.014901,0.112470,0.000006,0.000499,0.000011,0.001950,0.131863,1,1,
505,10.100000,10.099999,1781247369.410351276,1781247369.414018154,1781247369.429116726,1781247369.541431189,1781247369.541438818,1781247369.543034315,1781247369.543054342,1781247369.546567678,0.003667,0.015099,0.112314,0.000008,0.001595,0.000020,0.003513,0.136216,1,1,
506,10.120000,10.119999,1781247369.546567678,1781247369.548720360,1781247369.563754082,1781247369.675740957,1781247369.675746918,1781247369.677285433,1781247369.677299023,1781247369.679266453,0.002153,0.015034,0.111987,0.000006,0.001539,0.000014,0.001967,0.132699,1,1,
507,10.140000,10.139999,1781247369.679266453,1781247369.682264090,1781247369.699105978,1781247369.810329676,1781247369.810339689,1781247369.810934067,1781247369.810955048,1781247369.814840317,0.002998,0.016842,0.111224,0.000010,0.000594,0.000021,0.003885,0.135574,1,1,
508,10.160000,10.159999,1781247369.814840317,1781247369.831044436,1781247369.846155405,1781247369.958232641,1781247369.958239794,1781247369.960186005,1781247369.960205078,1781247369.963865757,0.016204,0.015111,0.112077,0.000007,0.001946,0.000019,0.003661,0.149025,1,1,
509,10.180000,10.179999,1781247369.963865757,1781247369.964485884,1781247369.979554892,1781247370.090690136,1781247370.090698481,1781247370.092586756,1781247370.092598438,1781247370.094663382,0.000620,0.015069,0.111135,0.000008,0.001888,0.000012,0.002065,0.130798,1,1,
510,10.200000,10.199999,1781247370.094663382,1781247370.098047018,1781247370.113450527,1781247370.225179434,1781247370.225186348,1781247370.225674152,1781247370.225692749,1781247370.228963852,0.003384,0.015404,0.111729,0.000007,0.000488,0.000019,0.003271,0.134300,1,1,
511,10.220000,10.219999,1781247370.228963852,1781247370.231189728,1781247370.246334553,1781247370.357537985,1781247370.357545376,1781247370.358354807,1781247370.358365774,1781247370.360401630,0.002226,0.015145,0.111203,0.000007,0.000809,0.000011,0.002036,0.131438,1,1,
512,10.240000,10.239999,1781247370.360401630,1781247370.364766836,1781247370.379878283,1781247370.493518114,1781247370.493524790,1781247370.494586468,1781247370.494605541,1781247370.497243881,0.004365,0.015111,0.113640,0.000007,0.001062,0.000019,0.002638,0.136842,1,1,
513,10.260000,10.259999,1781247370.497243881,1781247370.499198198,1781247370.514521122,1781247370.626680136,1781247370.626687050,1781247370.628242731,1781247370.628253937,1781247370.630244493,0.001954,0.015323,0.112159,0.000007,0.001556,0.000011,0.001991,0.133001,1,1,
514,10.280000,10.279999,1781247370.630244493,1781247370.631540298,1781247370.646816730,1781247370.761239290,1781247370.761245489,1781247370.763483286,1781247370.763501406,1781247370.767107725,0.001296,0.015276,0.114423,0.000006,0.002238,0.000018,0.003606,0.136863,1,1,
515,10.300000,10.299999,1781247370.767107725,1781247370.781808376,1781247370.796977758,1781247370.910259247,1781247370.910266876,1781247370.910805941,1781247370.910819769,1781247370.912863970,0.014701,0.015169,0.113281,0.000008,0.000539,0.000014,0.002044,0.145756,1,1,
516,10.320000,10.319999,1781247370.912863970,1781247370.915096283,1781247370.931620598,1781247371.044205666,1781247371.044211626,1781247371.045552492,1781247371.045571804,1781247371.049328089,0.002232,0.016524,0.112585,0.000006,0.001341,0.000019,0.003756,0.136464,1,1,
517,10.340000,10.339999,1781247371.049328089,1781247371.065301180,1781247371.080677986,1781247371.193408251,1781247371.193415880,1781247371.193780899,1781247371.193799496,1781247371.197387457,0.015973,0.015377,0.112730,0.000008,0.000365,0.000019,0.003588,0.148059,1,1,
518,10.360000,10.359999,1781247371.197387457,1781247371.198595285,1781247371.213925600,1781247371.326411247,1781247371.326417446,1781247371.326746702,1781247371.326764345,1781247371.329884052,0.001208,0.015330,0.112486,0.000006,0.000329,0.000018,0.003120,0.132497,1,1,
519,10.380000,10.379999,1781247371.329884052,1781247371.332205772,1781247371.347696543,1781247371.459675789,1781247371.459684849,1781247371.460229874,1781247371.460247517,1781247371.463846207,0.002322,0.015491,0.111979,0.000009,0.000545,0.000018,0.003599,0.133962,1,1,
520,10.400000,10.399999,1781247371.463846207,1781247371.465603590,1781247371.481540680,1781247371.595333576,1781247371.595340490,1781247371.596900463,1781247371.596920252,1781247371.599461794,0.001757,0.015937,0.113793,0.000007,0.001560,0.000020,0.002542,0.135616,1,1,
521,10.420000,10.419999,1781247371.599461794,1781247371.615974903,1781247371.632183552,1781247371.744580030,1781247371.744588375,1781247371.745161533,1781247371.745180607,1781247371.747835398,0.016513,0.016209,0.112396,0.000008,0.000573,0.000019,0.002655,0.148374,1,1,
522,10.440000,10.439999,1781247371.747835398,1781247371.749173164,1781247371.768101692,1781247371.880526543,1781247371.880532503,1781247371.882979631,1781247371.882999897,1781247371.886667490,0.001338,0.018929,0.112425,0.000006,0.002447,0.000020,0.003668,0.138832,1,1,
523,10.460000,10.459999,1781247371.886667490,1781247371.899556398,1781247371.917834520,1781247372.029249430,1781247372.029258490,1781247372.031471729,1781247372.031489849,1781247372.035063505,0.012889,0.018278,0.111415,0.000009,0.002213,0.000018,0.003574,0.148396,1,1,
524,10.480000,10.479999,1781247372.035063505,1781247372.049673319,1781247372.065426588,1781247372.191684723,1781247372.191690683,1781247372.194170952,1781247372.194192410,1781247372.197989225,0.014610,0.015753,0.126258,0.000006,0.002480,0.000021,0.003797,0.162926,1,1,
525,10.500000,10.499999,1781247372.197989225,1781247372.199700117,1781247372.218419552,1781247372.328019619,1781247372.328027725,1781247372.330121994,1781247372.330140352,1781247372.333048582,0.001711,0.018719,0.109600,0.000008,0.002094,0.000018,0.002908,0.135059,1,1,
526,10.520000,10.519999,1781247372.333048582,1781247372.333202124,1781247372.348698616,1781247372.458667040,1781247372.458673239,1781247372.459317684,1781247372.459335327,1781247372.462747812,0.000154,0.015496,0.109968,0.000006,0.000644,0.000018,0.003412,0.129699,1,1,
527,10.540000,10.539999,1781247372.462747812,1781247372.466599941,1781247372.482330799,1781247372.593595028,1781247372.593601942,1781247372.595021963,1781247372.595040560,1781247372.597546101,0.003852,0.015731,0.111264,0.000007,0.001420,0.000019,0.002506,0.134798,1,1,
528,10.560000,10.559999,1781247372.597546101,1781247372.601151943,1781247372.620559216,1781247372.732033968,1781247372.732039928,1781247372.733840942,1781247372.733853340,1781247372.735988617,0.003606,0.019407,0.111475,0.000006,0.001801,0.000012,0.002135,0.138443,1,1,
529,10.580000,10.579999,1781247372.735988617,1781247372.751889706,1781247372.768462181,1781247372.880028963,1781247372.880036592,1781247372.881568432,1781247372.881581545,1781247372.883604527,0.015901,0.016572,0.111567,0.000008,0.001532,0.000013,0.002023,0.147616,1,1,
530,10.600000,10.599999,1781247372.883604527,1781247372.883702755,1781247372.899723768,1781247373.012149334,1781247373.012155056,1781247373.012519598,1781247373.012531042,1781247373.014554262,0.000098,0.016021,0.112426,0.000006,0.000365,0.000011,0.002023,0.130950,1,1,
531,10.620000,10.619999,1781247373.014554262,1781247373.016975403,1781247373.032783508,1781247373.144464016,1781247373.144472122,1781247373.145807505,1781247373.145827293,1781247373.148311377,0.002421,0.015808,0.111681,0.000008,0.001335,0.000020,0.002484,0.133757,1,1,
532,10.640000,10.639999,1781247373.148311377,1781247373.150359631,1781247373.166211843,1781247373.278423548,1781247373.278429747,1781247373.280378342,1781247373.280398369,1781247373.284099102,0.002048,0.015852,0.112212,0.000006,0.001949,0.000020,0.003701,0.135788,1,1,
533,10.660000,10.659999,1781247373.284099102,1781247373.285240889,1781247373.301002264,1781247373.412529707,1781247373.412537813,1781247373.414665222,1781247373.414683819,1781247373.417346001,0.001142,0.015761,0.111527,0.000008,0.002127,0.000019,0.002662,0.133247,1,1,
534,10.680000,10.679999,1781247373.417346001,1781247373.418430090,1781247373.434858799,1781247373.547927856,1781247373.547934055,1781247373.549818277,1781247373.549830198,1781247373.551906824,0.001084,0.016429,0.113069,0.000006,0.001884,0.000012,0.002077,0.134561,1,1,
535,10.700000,10.699999,1781247373.551906824,1781247373.567436218,1781247373.583894014,1781247373.696894169,1781247373.696901798,1781247373.699184179,1781247373.699201345,1781247373.702762604,0.015529,0.016458,0.113000,0.000008,0.002282,0.000017,0.003561,0.150856,1,1,
536,10.720000,10.719999,1781247373.702762604,1781247373.717643499,1781247373.734026194,1781247373.846871376,1781247373.846877098,1781247373.848614454,1781247373.848626137,1781247373.850628376,0.014881,0.016383,0.112845,0.000006,0.001737,0.000012,0.002002,0.147866,1,1,
537,10.740000,10.739999,1781247373.850628376,1781247373.851041794,1781247373.867064714,1781247373.978923559,1781247373.978931904,1781247373.980046988,1781247373.980058193,1781247373.982086182,0.000413,0.016023,0.111859,0.000008,0.001115,0.000011,0.002028,0.131458,1,1,
538,10.760000,10.759999,1781247373.982086182,1781247373.984398842,1781247374.000415325,1781247374.115185976,1781247374.115194082,1781247374.117622614,1781247374.117636442,1781247374.119625330,0.002313,0.016016,0.114771,0.000008,0.002429,0.000014,0.001989,0.137539,1,1,
539,10.780000,10.779999,1781247374.119625330,1781247374.134524822,1781247374.150639057,1781247374.262790918,1781247374.262799025,1781247374.264363527,1781247374.264381886,1781247374.267159700,0.014899,0.016114,0.112152,0.000008,0.001565,0.000018,0.002778,0.147534,1,1,
540,10.800000,10.799999,1781247374.267159700,1781247374.268049002,1781247374.284150839,1781247374.398349762,1781247374.398356199,1781247374.400476933,1781247374.400494576,1781247374.403160334,0.000889,0.016102,0.114199,0.000006,0.002121,0.000018,0.002666,0.136001,1,1,
541,10.820000,10.819999,1781247374.403160334,1781247374.418109894,1781247374.434020758,1781247374.545556068,1781247374.545564413,1781247374.547050714,1781247374.547069073,1781247374.549534321,0.014950,0.015911,0.111535,0.000008,0.001486,0.000018,0.002465,0.146374,1,1,
542,10.840000,10.839999,1781247374.549534321,1781247374.551535130,1781247374.567754984,1781247374.681535721,1781247374.681542158,1781247374.681829691,1781247374.681843519,1781247374.683786869,0.002001,0.016220,0.113781,0.000006,0.000288,0.000014,0.001943,0.134253,1,1,
543,10.860000,10.859999,1781247374.683786869,1781247374.684784651,1781247374.701115370,1781247374.813871861,1781247374.813879967,1781247374.815256119,1781247374.815275669,1781247374.817391634,0.000998,0.016331,0.112756,0.000008,0.001376,0.000020,0.002116,0.133605,1,1,
544,10.880000,10.879999,1781247374.817391634,1781247374.818453312,1781247374.834937572,1781247374.947987318,1781247374.947993279,1781247374.948410034,1781247374.948422432,1781247374.950569153,0.001062,0.016484,0.113050,0.000006,0.000417,0.000012,0.002147,0.133178,1,1,
545,10.900000,10.899999,1781247374.950569153,1781247374.951712370,1781247374.968013048,1781247375.078608751,1781247375.078616619,1781247375.079550266,1781247375.079561710,1781247375.081563711,0.001143,0.016301,0.110596,0.000008,0.000934,0.000011,0.002002,0.130995,1,1,
546,10.920000,10.919999,1781247375.081563711,1781247375.085168123,1781247375.101485491,1781247375.212975979,1781247375.212981939,1781247375.215311766,1781247375.215330601,1781247375.218945026,0.003604,0.016317,0.111490,0.000006,0.002330,0.000019,0.003614,0.137381,1,1,
547,10.940000,10.939999,1781247375.218945026,1781247375.235371590,1781247375.251790285,1781247375.364833117,1781247375.364841461,1781247375.365319967,1781247375.365330935,1781247375.367311478,0.016427,0.016419,0.113043,0.000008,0.000479,0.000011,0.001981,0.148366,1,1,
548,10.960000,10.959999,1781247375.367311478,1781247375.368968725,1781247375.385336399,1781247375.497151852,1781247375.497157574,1781247375.498610258,1781247375.498624563,1781247375.500565290,0.001657,0.016368,0.111815,0.000006,0.001453,0.000014,0.001941,0.133254,1,1,
549,10.980000,10.979999,1781247375.500565290,1781247375.502387524,1781247375.519023418,1781247375.630558491,1781247375.630565405,1781247375.632544518,1781247375.632563353,1781247375.634782314,0.001822,0.016636,0.111535,0.000007,0.001979,0.000019,0.002219,0.134217,1,1,
550,11.000000,10.999999,1781247375.634782314,1781247375.635744095,1781247375.652198076,1781247375.765256166,1781247375.765262365,1781247375.766695738,1781247375.766707182,1781247375.768743992,0.000962,0.016454,0.113058,0.000006,0.001433,0.000011,0.002037,0.133962,1,1,
551,11.020000,11.019999,1781247375.768743992,1781247375.769296646,1781247375.785871029,1781247375.899341822,1781247375.899349689,1781247375.900593996,1781247375.900615215,1781247375.904291153,0.000553,0.016574,0.113471,0.000008,0.001244,0.000021,0.003676,0.135547,1,1,
552,11.040000,11.039999,1781247375.904291153,1781247375.919843912,1781247375.936423540,1781247376.049090147,1781247376.049096346,1781247376.051340103,1781247376.051351309,1781247376.053302050,0.015553,0.016580,0.112667,0.000006,0.002244,0.000011,0.001951,0.149011,1,1,
553,11.060000,11.059999,1781247376.053302050,1781247376.070644617,1781247376.086993933,1781247376.197950125,1781247376.197957993,1781247376.199107885,1781247376.199118853,1781247376.201166391,0.017343,0.016349,0.110956,0.000008,0.001150,0.000011,0.002048,0.147864,1,1,
554,11.080000,11.079999,1781247376.201166391,1781247376.202920437,1781247376.220106602,1781247376.335422516,1781247376.335429907,1781247376.337323427,1781247376.337344170,1781247376.340626240,0.001754,0.017186,0.115316,0.000007,0.001894,0.000021,0.003282,0.139460,1,1,
555,11.100000,11.099999,1781247376.340626240,1781247376.353571892,1781247376.370359659,1781247376.481244087,1781247376.481252909,1781247376.482802629,1781247376.482816219,1781247376.484918356,0.012946,0.016788,0.110884,0.000009,0.001550,0.000014,0.002102,0.144292,1,1,
556,11.120000,11.119999,1781247376.484918356,1781247376.486456871,1781247376.503681421,1781247376.615634918,1781247376.615643501,1781247376.616756916,1781247376.616771936,1781247376.618888378,0.001539,0.017225,0.111953,0.000009,0.001113,0.000015,0.002116,0.133970,1,1,
557,11.140000,11.139999,1781247376.618888378,1781247376.619875669,1781247376.636765957,1781247376.747731447,1781247376.747739553,1781247376.749193668,1781247376.749204874,1781247376.751202106,0.000987,0.016890,0.110965,0.000008,0.001454,0.000011,0.001997,0.132314,1,1,
558,11.160000,11.159999,1781247376.751202106,1781247376.753537893,1781247376.772691488,1781247376.884087086,1781247376.884093761,1781247376.886213779,1781247376.886232376,1781247376.889832735,0.002336,0.019154,0.111396,0.000007,0.002120,0.000019,0.003600,0.138631,1,1,
559,11.180000,11.179999,1781247376.889832735,1781247376.903653622,1781247376.920340061,1781247377.032100677,1781247377.032109737,1781247377.033142090,1781247377.033153534,1781247377.035172462,0.013821,0.016686,0.111761,0.000009,0.001032,0.000011,0.002019,0.145340,1,1,
560,11.200000,11.199999,1781247377.035172462,1781247377.037077904,1781247377.053715229,1781247377.165702820,1781247377.165709972,1781247377.167638063,1781247377.167656898,1781247377.171215773,0.001905,0.016637,0.111988,0.000007,0.001928,0.000019,0.003559,0.136043,1,1,
561,11.220000,11.219999,1781247377.171215773,1781247377.187116623,1781247377.204487324,1781247377.316163540,1781247377.316172600,1781247377.316521406,1781247377.316539764,1781247377.320168257,0.015901,0.017371,0.111676,0.000009,0.000349,0.000018,0.003628,0.148952,1,1,
562,11.240000,11.239999,1781247377.320168257,1781247377.320525408,1781247377.337337971,1781247377.448459625,1781247377.448465586,1781247377.449022770,1781247377.449040413,1781247377.452050447,0.000357,0.016813,0.111122,0.000006,0.000557,0.000018,0.003010,0.131882,1,1,
563,11.260000,11.259999,1781247377.452050447,1781247377.453979969,1781247377.471319437,1781247377.583299637,1781247377.583308458,1781247377.585471153,1781247377.585490227,1781247377.587669134,0.001930,0.017339,0.111980,0.000009,0.002163,0.000019,0.002179,0.135619,1,1,
564,11.280000,11.279999,1781247377.587669134,1781247377.604329586,1781247377.623136759,1781247377.735109329,1781247377.735115290,1781247377.735569000,1781247377.735587120,1781247377.739414454,0.016660,0.018807,0.111973,0.000006,0.000454,0.000018,0.003827,0.151745,1,1,
565,11.300000,11.299999,1781247377.739414454,1781247377.754498243,1781247377.773294449,1781247377.890689850,1781247377.890697479,1781247377.891392708,1781247377.891412973,1781247377.894074917,0.015084,0.018796,0.117395,0.000008,0.000695,0.000020,0.002662,0.154660,1,1,
566,11.320000,11.319999,1781247377.894074917,1781247377.904309988,1781247377.922305584,1781247378.053516626,1781247378.053522348,1781247378.054936171,1781247378.054954767,1781247378.058634996,0.010235,0.017996,0.131211,0.000006,0.001414,0.000019,0.003680,0.164560,1,1,
567,11.340000,11.339999,1781247378.058634996,1781247378.071060419,1781247378.088288546,1781247378.202322483,1781247378.202330351,1781247378.203171492,1781247378.203192234,1781247378.206945896,0.012425,0.017228,0.114034,0.000008,0.000841,0.000021,0.003754,0.148311,1,1,
568,11.360000,11.359999,1781247378.206945896,1781247378.221590281,1781247378.240589857,1781247378.359132528,1781247378.359138489,1781247378.360103846,1781247378.360124350,1781247378.363539457,0.014644,0.019000,0.118543,0.000006,0.000965,0.000021,0.003415,0.156594,1,1,
569,11.380000,11.379999,1781247378.363539457,1781247378.371493816,1781247378.391209364,1781247378.502812862,1781247378.502819777,1781247378.505047321,1781247378.505066156,1781247378.508690357,0.007954,0.019716,0.111603,0.000007,0.002228,0.000019,0.003624,0.145151,1,1,
570,11.400000,11.399999,1781247378.508690357,1781247378.521520853,1781247378.538553715,1781247378.650774479,1781247378.650780916,1781247378.652279139,1781247378.652290821,1781247378.654280424,0.012830,0.017033,0.112221,0.000006,0.001498,0.000012,0.001990,0.145590,1,1,
571,11.420000,11.419999,1781247378.654280424,1781247378.654702902,1781247378.671809435,1781247378.783724070,1781247378.783731699,1781247378.785868645,1781247378.785886049,1781247378.787896633,0.000422,0.017107,0.111915,0.000008,0.002137,0.000017,0.002011,0.133616,1,1,
572,11.440000,11.439999,1781247378.787896633,1781247378.789734125,1781247378.806928873,1781247378.920144081,1781247378.920150042,1781247378.922070503,1781247378.922089100,1781247378.925645113,0.001837,0.017195,0.113215,0.000006,0.001920,0.000019,0.003556,0.137748,1,1,
573,11.460000,11.459999,1781247378.925645113,1781247378.938502550,1781247378.957386494,1781247379.068905115,1781247379.068913698,1781247379.070029020,1781247379.070047379,1781247379.073471069,0.012857,0.018884,0.111519,0.000009,0.001115,0.000018,0.003424,0.147826,1,1,
574,11.480000,11.479999,1781247379.073471069,1781247379.089854240,1781247379.107069254,1781247379.217855692,1781247379.217864275,1781247379.218625784,1781247379.218645573,1781247379.222309589,0.016383,0.017215,0.110786,0.000009,0.000762,0.000020,0.003664,0.148839,1,1,
575,11.500000,11.499999,1781247379.222309589,1781247379.238806963,1781247379.257858992,1781247379.370385408,1781247379.370393038,1781247379.372313261,1781247379.372331858,1781247379.376019716,0.016497,0.019052,0.112526,0.000008,0.001920,0.000019,0.003688,0.153710,1,1,
576,11.520000,11.519999,1781247379.376019716,1781247379.388839245,1781247379.405982971,1781247379.516264439,1781247379.516270638,1781247379.516957045,1781247379.516974926,1781247379.520707846,0.012820,0.017144,0.110281,0.000006,0.000686,0.000018,0.003733,0.144688,1,1,
577,11.540000,11.539999,1781247379.520707846,1781247379.523443937,1781247379.541237831,1781247379.651790380,1781247379.651797771,1781247379.652136564,1781247379.652154684,1781247379.655012131,0.002736,0.017794,0.110553,0.000007,0.000339,0.000018,0.002857,0.134304,1,1,
578,11.560000,11.559999,1781247379.655012131,1781247379.655593872,1781247379.672913074,1781247379.783133268,1781247379.783138990,1781247379.785502672,1781247379.785522461,1781247379.787874460,0.000582,0.017319,0.110220,0.000006,0.002364,0.000020,0.002352,0.132862,1,1,
579,11.580000,11.579999,1781247379.787874460,1781247379.789253712,1781247379.806553602,1781247379.916674852,1781247379.916682720,1781247379.918693542,1781247379.918709040,1781247379.922499180,0.001379,0.017300,0.110121,0.000008,0.002011,0.000015,0.003790,0.134625,1,1,
580,11.600000,11.599999,1781247379.922499180,1781247379.923901081,1781247379.941308975,1781247380.052355289,1781247380.052362204,1781247380.054348707,1781247380.054370642,1781247380.057982922,0.001402,0.017408,0.111046,0.000007,0.001987,0.000022,0.003612,0.135484,1,1,
581,11.620000,11.619999,1781247380.057982922,1781247380.072702169,1781247380.090173721,1781247380.200262308,1781247380.200270653,1781247380.201463699,1781247380.201475143,1781247380.203510761,0.014719,0.017472,0.110089,0.000008,0.001193,0.000011,0.002036,0.145528,1,1,
582,11.640000,11.639999,1781247380.203510761,1781247380.206174374,1781247380.223563671,1781247380.334387302,1781247380.334393740,1781247380.336182117,1781247380.336201906,1781247380.338531494,0.002664,0.017389,0.110824,0.000006,0.001788,0.000020,0.002330,0.135021,1,1,
583,11.660000,11.659999,1781247380.338531494,1781247380.339494228,1781247380.356746674,1781247380.466550350,1781247380.466557741,1781247380.468742609,1781247380.468753815,1781247380.470838308,0.000963,0.017252,0.109804,0.000007,0.002185,0.000011,0.002084,0.132307,1,1,
584,11.680000,11.679999,1781247380.470838308,1781247380.473049164,1781247380.490449905,1781247380.600580931,1781247380.600587368,1781247380.603019238,1781247380.603032589,1781247380.605043888,0.002211,0.017401,0.110131,0.000006,0.002432,0.000013,0.002011,0.134206,1,1,
585,11.700000,11.699999,1781247380.605043888,1781247380.606492758,1781247380.623890638,1781247380.734290123,1781247380.734298468,1781247380.736499548,1781247380.736518383,1781247380.738828182,0.001449,0.017398,0.110399,0.000008,0.002201,0.000019,0.002310,0.133784,1,1,
586,11.720000,11.719999,1781247380.738828182,1781247380.740082264,1781247380.757608175,1781247380.868537426,1781247380.868543625,1781247380.870725870,1781247380.870737553,1781247380.872680664,0.001254,0.017526,0.110929,0.000006,0.002182,0.000012,0.001943,0.133852,1,1,
587,11.740000,11.739999,1781247380.872680664,1781247380.873266220,1781247380.890697479,1781247381.001176357,1781247381.001183748,1781247381.001660585,1781247381.001679897,1781247381.004883289,0.000586,0.017431,0.110479,0.000007,0.000477,0.000019,0.003203,0.132203,1,1,
588,11.760000,11.759999,1781247381.004883289,1781247381.006736994,1781247381.024361610,1781247381.135046005,1781247381.135052204,1781247381.137030602,1781247381.137042522,1781247381.139005423,0.001854,0.017625,0.110684,0.000006,0.001978,0.000012,0.001963,0.134122,1,1,
589,11.780000,11.779999,1781247381.139005423,1781247381.140089512,1781247381.157756090,1781247381.268591166,1781247381.268599510,1781247381.270830870,1781247381.270849466,1781247381.274451494,0.001084,0.017667,0.110835,0.000008,0.002231,0.000019,0.003602,0.135446,1,1,
590,11.800000,11.799999,1781247381.274451494,1781247381.290385008,1781247381.307966948,1781247381.418613195,1781247381.418620825,1781247381.419831991,1781247381.419852495,1781247381.422386169,0.015934,0.017582,0.110646,0.000008,0.001211,0.000021,0.002534,0.147935,1,1,
591,11.820000,11.819999,1781247381.422386169,1781247381.425153255,1781247381.442763090,1781247381.552863598,1781247381.552870989,1781247381.554836988,1781247381.554860353,1781247381.556916237,0.002767,0.017610,0.110101,0.000007,0.001966,0.000023,0.002056,0.134530,1,1,
592,11.840000,11.839999,1781247381.556916237,1781247381.558441162,1781247381.576105356,1781247381.686188459,1781247381.686197519,1781247381.687927723,1781247381.687941313,1781247381.690008879,0.001525,0.017664,0.110083,0.000009,0.001730,0.000014,0.002068,0.133093,1,1,
593,11.860000,11.859999,1781247381.690008879,1781247381.690593004,1781247381.708196640,1781247381.818226099,1781247381.818234205,1781247381.820393801,1781247381.820411682,1781247381.822612286,0.000584,0.017604,0.110029,0.000008,0.002160,0.000018,0.002201,0.132603,1,1,
594,11.880000,11.879999,1781247381.822612286,1781247381.824144363,1781247381.841791391,1781247381.950730562,1781247381.950737000,1781247381.951010227,1781247381.951028109,1781247381.954687119,0.001532,0.017647,0.108939,0.000006,0.000273,0.000018,0.003659,0.132075,1,1,
595,11.900000,11.899999,1781247381.954687119,1781247381.957590103,1781247381.975319147,1781247382.085029840,1781247382.085038424,1781247382.087173700,1781247382.087193489,1781247382.090080023,0.002903,0.017729,0.109711,0.000009,0.002135,0.000020,0.002887,0.135393,1,1,
596,11.920000,11.919999,1781247382.090080023,1781247382.092257738,1781247382.110049486,1781247382.220271826,1781247382.220278740,1781247382.221703768,1781247382.221722603,1781247382.225366354,0.002178,0.017792,0.110222,0.000007,0.001425,0.000019,0.003644,0.135286,1,1,
597,11.940000,11.939999,1781247382.225366354,1781247382.241271496,1781247382.259013653,1781247382.368973970,1781247382.368982315,1781247382.371228218,1781247382.371239662,1781247382.373332262,0.015905,0.017742,0.109960,0.000008,0.002246,0.000011,0.002093,0.147966,1,1,
598,11.960000,11.959999,1781247382.373332262,1781247382.374606848,1781247382.392405033,1781247382.502755404,1781247382.502762556,1781247382.504477501,1781247382.504488707,1781247382.506515741,0.001275,0.017798,0.110350,0.000007,0.001715,0.000011,0.002027,0.133183,1,1,
599,11.980000,11.979999,1781247382.506515741,1781247382.508078337,1781247382.525968075,1781247382.636045456,1781247382.636052847,1781247382.638581991,1781247382.638601065,,0.001563,0.017890,0.110077,0.000007,0.002529,0.000019,,,1,1,
